[2025-09-29T15:33:22.650+0000] {processor.py:161} INFO - Started process (PID=333) to work on /home/airflow/.local/lib/python3.12/site-packages/airflow/example_dags/example_local_kubernetes_executor.py
[2025-09-29T15:33:22.652+0000] {processor.py:830} INFO - Processing file /home/airflow/.local/lib/python3.12/site-packages/airflow/example_dags/example_local_kubernetes_executor.py for tasks to queue
[2025-09-29T15:33:22.657+0000] {logging_mixin.py:188} INFO - [2025-09-29T15:33:22.656+0000] {dagbag.py:545} INFO - Filling up the DagBag from /home/airflow/.local/lib/python3.12/site-packages/airflow/example_dags/example_local_kubernetes_executor.py
[2025-09-29T15:33:22.683+0000] {processor.py:840} INFO - DAG(s) 'example_local_kubernetes_executor' retrieved from /home/airflow/.local/lib/python3.12/site-packages/airflow/example_dags/example_local_kubernetes_executor.py
[2025-09-29T15:33:22.827+0000] {logging_mixin.py:188} INFO - [2025-09-29T15:33:22.826+0000] {dag.py:3089} INFO - Sync 1 DAGs
[2025-09-29T15:33:22.861+0000] {logging_mixin.py:188} INFO - [2025-09-29T15:33:22.860+0000] {dag.py:3947} INFO - Setting next_dagrun for example_local_kubernetes_executor to None, run_after=None
[2025-09-29T15:33:23.160+0000] {processor.py:183} INFO - Processing /home/airflow/.local/lib/python3.12/site-packages/airflow/example_dags/example_local_kubernetes_executor.py took 0.524 seconds
[2025-09-29T15:33:57.043+0000] {processor.py:161} INFO - Started process (PID=608) to work on /home/airflow/.local/lib/python3.12/site-packages/airflow/example_dags/example_local_kubernetes_executor.py
[2025-09-29T15:33:57.048+0000] {processor.py:830} INFO - Processing file /home/airflow/.local/lib/python3.12/site-packages/airflow/example_dags/example_local_kubernetes_executor.py for tasks to queue
[2025-09-29T15:33:57.055+0000] {logging_mixin.py:188} INFO - [2025-09-29T15:33:57.054+0000] {dagbag.py:545} INFO - Filling up the DagBag from /home/airflow/.local/lib/python3.12/site-packages/airflow/example_dags/example_local_kubernetes_executor.py
[2025-09-29T15:33:57.086+0000] {processor.py:840} INFO - DAG(s) 'example_local_kubernetes_executor' retrieved from /home/airflow/.local/lib/python3.12/site-packages/airflow/example_dags/example_local_kubernetes_executor.py
[2025-09-29T15:33:57.433+0000] {logging_mixin.py:188} INFO - [2025-09-29T15:33:57.433+0000] {dag.py:3089} INFO - Sync 1 DAGs
[2025-09-29T15:33:57.461+0000] {logging_mixin.py:188} INFO - [2025-09-29T15:33:57.460+0000] {dag.py:3947} INFO - Setting next_dagrun for example_local_kubernetes_executor to None, run_after=None
[2025-09-29T15:33:57.514+0000] {processor.py:183} INFO - Processing /home/airflow/.local/lib/python3.12/site-packages/airflow/example_dags/example_local_kubernetes_executor.py took 0.505 seconds
[2025-09-29T15:34:27.680+0000] {processor.py:161} INFO - Started process (PID=881) to work on /home/airflow/.local/lib/python3.12/site-packages/airflow/example_dags/example_local_kubernetes_executor.py
[2025-09-29T15:34:27.684+0000] {processor.py:830} INFO - Processing file /home/airflow/.local/lib/python3.12/site-packages/airflow/example_dags/example_local_kubernetes_executor.py for tasks to queue
[2025-09-29T15:34:27.688+0000] {logging_mixin.py:188} INFO - [2025-09-29T15:34:27.687+0000] {dagbag.py:545} INFO - Filling up the DagBag from /home/airflow/.local/lib/python3.12/site-packages/airflow/example_dags/example_local_kubernetes_executor.py
[2025-09-29T15:34:27.707+0000] {processor.py:840} INFO - DAG(s) 'example_local_kubernetes_executor' retrieved from /home/airflow/.local/lib/python3.12/site-packages/airflow/example_dags/example_local_kubernetes_executor.py
[2025-09-29T15:34:27.792+0000] {logging_mixin.py:188} INFO - [2025-09-29T15:34:27.792+0000] {dag.py:3089} INFO - Sync 1 DAGs
[2025-09-29T15:34:27.826+0000] {logging_mixin.py:188} INFO - [2025-09-29T15:34:27.825+0000] {dag.py:3947} INFO - Setting next_dagrun for example_local_kubernetes_executor to None, run_after=None
[2025-09-29T15:34:27.874+0000] {processor.py:183} INFO - Processing /home/airflow/.local/lib/python3.12/site-packages/airflow/example_dags/example_local_kubernetes_executor.py took 0.213 seconds
[2025-09-29T15:34:58.854+0000] {processor.py:161} INFO - Started process (PID=1143) to work on /home/airflow/.local/lib/python3.12/site-packages/airflow/example_dags/example_local_kubernetes_executor.py
[2025-09-29T15:34:58.858+0000] {processor.py:830} INFO - Processing file /home/airflow/.local/lib/python3.12/site-packages/airflow/example_dags/example_local_kubernetes_executor.py for tasks to queue
[2025-09-29T15:34:58.862+0000] {logging_mixin.py:188} INFO - [2025-09-29T15:34:58.862+0000] {dagbag.py:545} INFO - Filling up the DagBag from /home/airflow/.local/lib/python3.12/site-packages/airflow/example_dags/example_local_kubernetes_executor.py
[2025-09-29T15:34:58.880+0000] {processor.py:840} INFO - DAG(s) 'example_local_kubernetes_executor' retrieved from /home/airflow/.local/lib/python3.12/site-packages/airflow/example_dags/example_local_kubernetes_executor.py
[2025-09-29T15:34:58.962+0000] {logging_mixin.py:188} INFO - [2025-09-29T15:34:58.961+0000] {dag.py:3089} INFO - Sync 1 DAGs
[2025-09-29T15:34:58.997+0000] {logging_mixin.py:188} INFO - [2025-09-29T15:34:58.996+0000] {dag.py:3947} INFO - Setting next_dagrun for example_local_kubernetes_executor to None, run_after=None
[2025-09-29T15:34:59.049+0000] {processor.py:183} INFO - Processing /home/airflow/.local/lib/python3.12/site-packages/airflow/example_dags/example_local_kubernetes_executor.py took 0.208 seconds
[2025-09-29T15:35:30.719+0000] {processor.py:161} INFO - Started process (PID=1404) to work on /home/airflow/.local/lib/python3.12/site-packages/airflow/example_dags/example_local_kubernetes_executor.py
[2025-09-29T15:35:30.722+0000] {processor.py:830} INFO - Processing file /home/airflow/.local/lib/python3.12/site-packages/airflow/example_dags/example_local_kubernetes_executor.py for tasks to queue
[2025-09-29T15:35:30.727+0000] {logging_mixin.py:188} INFO - [2025-09-29T15:35:30.726+0000] {dagbag.py:545} INFO - Filling up the DagBag from /home/airflow/.local/lib/python3.12/site-packages/airflow/example_dags/example_local_kubernetes_executor.py
[2025-09-29T15:35:30.748+0000] {processor.py:840} INFO - DAG(s) 'example_local_kubernetes_executor' retrieved from /home/airflow/.local/lib/python3.12/site-packages/airflow/example_dags/example_local_kubernetes_executor.py
[2025-09-29T15:35:30.846+0000] {logging_mixin.py:188} INFO - [2025-09-29T15:35:30.845+0000] {dag.py:3089} INFO - Sync 1 DAGs
[2025-09-29T15:35:30.881+0000] {logging_mixin.py:188} INFO - [2025-09-29T15:35:30.880+0000] {dag.py:3947} INFO - Setting next_dagrun for example_local_kubernetes_executor to None, run_after=None
[2025-09-29T15:35:30.931+0000] {processor.py:183} INFO - Processing /home/airflow/.local/lib/python3.12/site-packages/airflow/example_dags/example_local_kubernetes_executor.py took 0.228 seconds
[2025-09-29T15:36:02.132+0000] {processor.py:161} INFO - Started process (PID=1666) to work on /home/airflow/.local/lib/python3.12/site-packages/airflow/example_dags/example_local_kubernetes_executor.py
[2025-09-29T15:36:02.135+0000] {processor.py:830} INFO - Processing file /home/airflow/.local/lib/python3.12/site-packages/airflow/example_dags/example_local_kubernetes_executor.py for tasks to queue
[2025-09-29T15:36:02.139+0000] {logging_mixin.py:188} INFO - [2025-09-29T15:36:02.138+0000] {dagbag.py:545} INFO - Filling up the DagBag from /home/airflow/.local/lib/python3.12/site-packages/airflow/example_dags/example_local_kubernetes_executor.py
[2025-09-29T15:36:02.158+0000] {processor.py:840} INFO - DAG(s) 'example_local_kubernetes_executor' retrieved from /home/airflow/.local/lib/python3.12/site-packages/airflow/example_dags/example_local_kubernetes_executor.py
[2025-09-29T15:36:02.260+0000] {logging_mixin.py:188} INFO - [2025-09-29T15:36:02.260+0000] {dag.py:3089} INFO - Sync 1 DAGs
[2025-09-29T15:36:02.293+0000] {logging_mixin.py:188} INFO - [2025-09-29T15:36:02.293+0000] {dag.py:3947} INFO - Setting next_dagrun for example_local_kubernetes_executor to None, run_after=None
[2025-09-29T15:36:02.342+0000] {processor.py:183} INFO - Processing /home/airflow/.local/lib/python3.12/site-packages/airflow/example_dags/example_local_kubernetes_executor.py took 0.225 seconds
[2025-09-29T15:36:32.547+0000] {processor.py:161} INFO - Started process (PID=1927) to work on /home/airflow/.local/lib/python3.12/site-packages/airflow/example_dags/example_local_kubernetes_executor.py
[2025-09-29T15:36:32.550+0000] {processor.py:830} INFO - Processing file /home/airflow/.local/lib/python3.12/site-packages/airflow/example_dags/example_local_kubernetes_executor.py for tasks to queue
[2025-09-29T15:36:32.554+0000] {logging_mixin.py:188} INFO - [2025-09-29T15:36:32.553+0000] {dagbag.py:545} INFO - Filling up the DagBag from /home/airflow/.local/lib/python3.12/site-packages/airflow/example_dags/example_local_kubernetes_executor.py
[2025-09-29T15:36:32.571+0000] {processor.py:840} INFO - DAG(s) 'example_local_kubernetes_executor' retrieved from /home/airflow/.local/lib/python3.12/site-packages/airflow/example_dags/example_local_kubernetes_executor.py
[2025-09-29T15:36:32.668+0000] {logging_mixin.py:188} INFO - [2025-09-29T15:36:32.667+0000] {dag.py:3089} INFO - Sync 1 DAGs
[2025-09-29T15:36:32.702+0000] {logging_mixin.py:188} INFO - [2025-09-29T15:36:32.701+0000] {dag.py:3947} INFO - Setting next_dagrun for example_local_kubernetes_executor to None, run_after=None
[2025-09-29T15:36:32.757+0000] {processor.py:183} INFO - Processing /home/airflow/.local/lib/python3.12/site-packages/airflow/example_dags/example_local_kubernetes_executor.py took 0.224 seconds
[2025-09-29T15:37:03.258+0000] {processor.py:161} INFO - Started process (PID=2184) to work on /home/airflow/.local/lib/python3.12/site-packages/airflow/example_dags/example_local_kubernetes_executor.py
[2025-09-29T15:37:03.261+0000] {processor.py:830} INFO - Processing file /home/airflow/.local/lib/python3.12/site-packages/airflow/example_dags/example_local_kubernetes_executor.py for tasks to queue
[2025-09-29T15:37:03.265+0000] {logging_mixin.py:188} INFO - [2025-09-29T15:37:03.265+0000] {dagbag.py:545} INFO - Filling up the DagBag from /home/airflow/.local/lib/python3.12/site-packages/airflow/example_dags/example_local_kubernetes_executor.py
[2025-09-29T15:37:03.284+0000] {processor.py:840} INFO - DAG(s) 'example_local_kubernetes_executor' retrieved from /home/airflow/.local/lib/python3.12/site-packages/airflow/example_dags/example_local_kubernetes_executor.py
[2025-09-29T15:37:03.374+0000] {logging_mixin.py:188} INFO - [2025-09-29T15:37:03.373+0000] {dag.py:3089} INFO - Sync 1 DAGs
[2025-09-29T15:37:03.412+0000] {logging_mixin.py:188} INFO - [2025-09-29T15:37:03.411+0000] {dag.py:3947} INFO - Setting next_dagrun for example_local_kubernetes_executor to None, run_after=None
[2025-09-29T15:37:03.462+0000] {processor.py:183} INFO - Processing /home/airflow/.local/lib/python3.12/site-packages/airflow/example_dags/example_local_kubernetes_executor.py took 0.219 seconds
[2025-09-29T15:37:33.946+0000] {processor.py:161} INFO - Started process (PID=2446) to work on /home/airflow/.local/lib/python3.12/site-packages/airflow/example_dags/example_local_kubernetes_executor.py
[2025-09-29T15:37:33.949+0000] {processor.py:830} INFO - Processing file /home/airflow/.local/lib/python3.12/site-packages/airflow/example_dags/example_local_kubernetes_executor.py for tasks to queue
[2025-09-29T15:37:33.954+0000] {logging_mixin.py:188} INFO - [2025-09-29T15:37:33.953+0000] {dagbag.py:545} INFO - Filling up the DagBag from /home/airflow/.local/lib/python3.12/site-packages/airflow/example_dags/example_local_kubernetes_executor.py
[2025-09-29T15:37:33.973+0000] {processor.py:840} INFO - DAG(s) 'example_local_kubernetes_executor' retrieved from /home/airflow/.local/lib/python3.12/site-packages/airflow/example_dags/example_local_kubernetes_executor.py
[2025-09-29T15:37:34.063+0000] {logging_mixin.py:188} INFO - [2025-09-29T15:37:34.063+0000] {dag.py:3089} INFO - Sync 1 DAGs
[2025-09-29T15:37:34.096+0000] {logging_mixin.py:188} INFO - [2025-09-29T15:37:34.096+0000] {dag.py:3947} INFO - Setting next_dagrun for example_local_kubernetes_executor to None, run_after=None
[2025-09-29T15:37:34.155+0000] {processor.py:183} INFO - Processing /home/airflow/.local/lib/python3.12/site-packages/airflow/example_dags/example_local_kubernetes_executor.py took 0.223 seconds
[2025-09-29T15:38:04.988+0000] {processor.py:161} INFO - Started process (PID=2708) to work on /home/airflow/.local/lib/python3.12/site-packages/airflow/example_dags/example_local_kubernetes_executor.py
[2025-09-29T15:38:04.991+0000] {processor.py:830} INFO - Processing file /home/airflow/.local/lib/python3.12/site-packages/airflow/example_dags/example_local_kubernetes_executor.py for tasks to queue
[2025-09-29T15:38:04.996+0000] {logging_mixin.py:188} INFO - [2025-09-29T15:38:04.995+0000] {dagbag.py:545} INFO - Filling up the DagBag from /home/airflow/.local/lib/python3.12/site-packages/airflow/example_dags/example_local_kubernetes_executor.py
[2025-09-29T15:38:05.015+0000] {processor.py:840} INFO - DAG(s) 'example_local_kubernetes_executor' retrieved from /home/airflow/.local/lib/python3.12/site-packages/airflow/example_dags/example_local_kubernetes_executor.py
[2025-09-29T15:38:05.107+0000] {logging_mixin.py:188} INFO - [2025-09-29T15:38:05.106+0000] {dag.py:3089} INFO - Sync 1 DAGs
[2025-09-29T15:38:05.141+0000] {logging_mixin.py:188} INFO - [2025-09-29T15:38:05.141+0000] {dag.py:3947} INFO - Setting next_dagrun for example_local_kubernetes_executor to None, run_after=None
[2025-09-29T15:38:05.196+0000] {processor.py:183} INFO - Processing /home/airflow/.local/lib/python3.12/site-packages/airflow/example_dags/example_local_kubernetes_executor.py took 0.223 seconds
[2025-09-29T15:38:35.742+0000] {processor.py:161} INFO - Started process (PID=2970) to work on /home/airflow/.local/lib/python3.12/site-packages/airflow/example_dags/example_local_kubernetes_executor.py
[2025-09-29T15:38:35.744+0000] {processor.py:830} INFO - Processing file /home/airflow/.local/lib/python3.12/site-packages/airflow/example_dags/example_local_kubernetes_executor.py for tasks to queue
[2025-09-29T15:38:35.749+0000] {logging_mixin.py:188} INFO - [2025-09-29T15:38:35.748+0000] {dagbag.py:545} INFO - Filling up the DagBag from /home/airflow/.local/lib/python3.12/site-packages/airflow/example_dags/example_local_kubernetes_executor.py
[2025-09-29T15:38:35.772+0000] {processor.py:840} INFO - DAG(s) 'example_local_kubernetes_executor' retrieved from /home/airflow/.local/lib/python3.12/site-packages/airflow/example_dags/example_local_kubernetes_executor.py
[2025-09-29T15:38:35.882+0000] {logging_mixin.py:188} INFO - [2025-09-29T15:38:35.881+0000] {dag.py:3089} INFO - Sync 1 DAGs
[2025-09-29T15:38:35.915+0000] {logging_mixin.py:188} INFO - [2025-09-29T15:38:35.914+0000] {dag.py:3947} INFO - Setting next_dagrun for example_local_kubernetes_executor to None, run_after=None
[2025-09-29T15:38:35.977+0000] {processor.py:183} INFO - Processing /home/airflow/.local/lib/python3.12/site-packages/airflow/example_dags/example_local_kubernetes_executor.py took 0.251 seconds
[2025-09-29T15:39:06.142+0000] {processor.py:161} INFO - Started process (PID=3232) to work on /home/airflow/.local/lib/python3.12/site-packages/airflow/example_dags/example_local_kubernetes_executor.py
[2025-09-29T15:39:06.145+0000] {processor.py:830} INFO - Processing file /home/airflow/.local/lib/python3.12/site-packages/airflow/example_dags/example_local_kubernetes_executor.py for tasks to queue
[2025-09-29T15:39:06.149+0000] {logging_mixin.py:188} INFO - [2025-09-29T15:39:06.148+0000] {dagbag.py:545} INFO - Filling up the DagBag from /home/airflow/.local/lib/python3.12/site-packages/airflow/example_dags/example_local_kubernetes_executor.py
[2025-09-29T15:39:06.170+0000] {processor.py:840} INFO - DAG(s) 'example_local_kubernetes_executor' retrieved from /home/airflow/.local/lib/python3.12/site-packages/airflow/example_dags/example_local_kubernetes_executor.py
[2025-09-29T15:39:06.258+0000] {logging_mixin.py:188} INFO - [2025-09-29T15:39:06.257+0000] {dag.py:3089} INFO - Sync 1 DAGs
[2025-09-29T15:39:06.290+0000] {logging_mixin.py:188} INFO - [2025-09-29T15:39:06.290+0000] {dag.py:3947} INFO - Setting next_dagrun for example_local_kubernetes_executor to None, run_after=None
[2025-09-29T15:39:06.338+0000] {processor.py:183} INFO - Processing /home/airflow/.local/lib/python3.12/site-packages/airflow/example_dags/example_local_kubernetes_executor.py took 0.213 seconds
[2025-09-29T15:39:36.560+0000] {processor.py:161} INFO - Started process (PID=3494) to work on /home/airflow/.local/lib/python3.12/site-packages/airflow/example_dags/example_local_kubernetes_executor.py
[2025-09-29T15:39:36.563+0000] {processor.py:830} INFO - Processing file /home/airflow/.local/lib/python3.12/site-packages/airflow/example_dags/example_local_kubernetes_executor.py for tasks to queue
[2025-09-29T15:39:36.568+0000] {logging_mixin.py:188} INFO - [2025-09-29T15:39:36.567+0000] {dagbag.py:545} INFO - Filling up the DagBag from /home/airflow/.local/lib/python3.12/site-packages/airflow/example_dags/example_local_kubernetes_executor.py
[2025-09-29T15:39:36.593+0000] {processor.py:840} INFO - DAG(s) 'example_local_kubernetes_executor' retrieved from /home/airflow/.local/lib/python3.12/site-packages/airflow/example_dags/example_local_kubernetes_executor.py
[2025-09-29T15:39:36.690+0000] {logging_mixin.py:188} INFO - [2025-09-29T15:39:36.689+0000] {dag.py:3089} INFO - Sync 1 DAGs
[2025-09-29T15:39:36.733+0000] {logging_mixin.py:188} INFO - [2025-09-29T15:39:36.732+0000] {dag.py:3947} INFO - Setting next_dagrun for example_local_kubernetes_executor to None, run_after=None
[2025-09-29T15:39:36.784+0000] {processor.py:183} INFO - Processing /home/airflow/.local/lib/python3.12/site-packages/airflow/example_dags/example_local_kubernetes_executor.py took 0.240 seconds
[2025-09-29T15:40:07.602+0000] {processor.py:161} INFO - Started process (PID=3756) to work on /home/airflow/.local/lib/python3.12/site-packages/airflow/example_dags/example_local_kubernetes_executor.py
[2025-09-29T15:40:07.606+0000] {processor.py:830} INFO - Processing file /home/airflow/.local/lib/python3.12/site-packages/airflow/example_dags/example_local_kubernetes_executor.py for tasks to queue
[2025-09-29T15:40:07.611+0000] {logging_mixin.py:188} INFO - [2025-09-29T15:40:07.610+0000] {dagbag.py:545} INFO - Filling up the DagBag from /home/airflow/.local/lib/python3.12/site-packages/airflow/example_dags/example_local_kubernetes_executor.py
[2025-09-29T15:40:07.632+0000] {processor.py:840} INFO - DAG(s) 'example_local_kubernetes_executor' retrieved from /home/airflow/.local/lib/python3.12/site-packages/airflow/example_dags/example_local_kubernetes_executor.py
[2025-09-29T15:40:07.714+0000] {logging_mixin.py:188} INFO - [2025-09-29T15:40:07.714+0000] {dag.py:3089} INFO - Sync 1 DAGs
[2025-09-29T15:40:07.744+0000] {logging_mixin.py:188} INFO - [2025-09-29T15:40:07.743+0000] {dag.py:3947} INFO - Setting next_dagrun for example_local_kubernetes_executor to None, run_after=None
[2025-09-29T15:40:07.791+0000] {processor.py:183} INFO - Processing /home/airflow/.local/lib/python3.12/site-packages/airflow/example_dags/example_local_kubernetes_executor.py took 0.204 seconds
[2025-09-29T15:40:38.067+0000] {processor.py:161} INFO - Started process (PID=4018) to work on /home/airflow/.local/lib/python3.12/site-packages/airflow/example_dags/example_local_kubernetes_executor.py
[2025-09-29T15:40:38.070+0000] {processor.py:830} INFO - Processing file /home/airflow/.local/lib/python3.12/site-packages/airflow/example_dags/example_local_kubernetes_executor.py for tasks to queue
[2025-09-29T15:40:38.074+0000] {logging_mixin.py:188} INFO - [2025-09-29T15:40:38.073+0000] {dagbag.py:545} INFO - Filling up the DagBag from /home/airflow/.local/lib/python3.12/site-packages/airflow/example_dags/example_local_kubernetes_executor.py
[2025-09-29T15:40:38.093+0000] {processor.py:840} INFO - DAG(s) 'example_local_kubernetes_executor' retrieved from /home/airflow/.local/lib/python3.12/site-packages/airflow/example_dags/example_local_kubernetes_executor.py
[2025-09-29T15:40:38.185+0000] {logging_mixin.py:188} INFO - [2025-09-29T15:40:38.184+0000] {dag.py:3089} INFO - Sync 1 DAGs
[2025-09-29T15:40:38.217+0000] {logging_mixin.py:188} INFO - [2025-09-29T15:40:38.217+0000] {dag.py:3947} INFO - Setting next_dagrun for example_local_kubernetes_executor to None, run_after=None
[2025-09-29T15:40:38.268+0000] {processor.py:183} INFO - Processing /home/airflow/.local/lib/python3.12/site-packages/airflow/example_dags/example_local_kubernetes_executor.py took 0.216 seconds
[2025-09-29T15:41:08.831+0000] {processor.py:161} INFO - Started process (PID=4279) to work on /home/airflow/.local/lib/python3.12/site-packages/airflow/example_dags/example_local_kubernetes_executor.py
[2025-09-29T15:41:08.834+0000] {processor.py:830} INFO - Processing file /home/airflow/.local/lib/python3.12/site-packages/airflow/example_dags/example_local_kubernetes_executor.py for tasks to queue
[2025-09-29T15:41:08.838+0000] {logging_mixin.py:188} INFO - [2025-09-29T15:41:08.837+0000] {dagbag.py:545} INFO - Filling up the DagBag from /home/airflow/.local/lib/python3.12/site-packages/airflow/example_dags/example_local_kubernetes_executor.py
[2025-09-29T15:41:08.857+0000] {processor.py:840} INFO - DAG(s) 'example_local_kubernetes_executor' retrieved from /home/airflow/.local/lib/python3.12/site-packages/airflow/example_dags/example_local_kubernetes_executor.py
[2025-09-29T15:41:08.948+0000] {logging_mixin.py:188} INFO - [2025-09-29T15:41:08.948+0000] {dag.py:3089} INFO - Sync 1 DAGs
[2025-09-29T15:41:08.981+0000] {logging_mixin.py:188} INFO - [2025-09-29T15:41:08.980+0000] {dag.py:3947} INFO - Setting next_dagrun for example_local_kubernetes_executor to None, run_after=None
[2025-09-29T15:41:09.032+0000] {processor.py:183} INFO - Processing /home/airflow/.local/lib/python3.12/site-packages/airflow/example_dags/example_local_kubernetes_executor.py took 0.213 seconds
[2025-09-29T15:41:39.235+0000] {processor.py:161} INFO - Started process (PID=4541) to work on /home/airflow/.local/lib/python3.12/site-packages/airflow/example_dags/example_local_kubernetes_executor.py
[2025-09-29T15:41:39.239+0000] {processor.py:830} INFO - Processing file /home/airflow/.local/lib/python3.12/site-packages/airflow/example_dags/example_local_kubernetes_executor.py for tasks to queue
[2025-09-29T15:41:39.244+0000] {logging_mixin.py:188} INFO - [2025-09-29T15:41:39.243+0000] {dagbag.py:545} INFO - Filling up the DagBag from /home/airflow/.local/lib/python3.12/site-packages/airflow/example_dags/example_local_kubernetes_executor.py
[2025-09-29T15:41:39.274+0000] {processor.py:840} INFO - DAG(s) 'example_local_kubernetes_executor' retrieved from /home/airflow/.local/lib/python3.12/site-packages/airflow/example_dags/example_local_kubernetes_executor.py
[2025-09-29T15:41:39.377+0000] {logging_mixin.py:188} INFO - [2025-09-29T15:41:39.377+0000] {dag.py:3089} INFO - Sync 1 DAGs
[2025-09-29T15:41:39.416+0000] {logging_mixin.py:188} INFO - [2025-09-29T15:41:39.416+0000] {dag.py:3947} INFO - Setting next_dagrun for example_local_kubernetes_executor to None, run_after=None
[2025-09-29T15:41:39.535+0000] {processor.py:183} INFO - Processing /home/airflow/.local/lib/python3.12/site-packages/airflow/example_dags/example_local_kubernetes_executor.py took 0.319 seconds
[2025-09-29T15:42:09.642+0000] {processor.py:161} INFO - Started process (PID=4800) to work on /home/airflow/.local/lib/python3.12/site-packages/airflow/example_dags/example_local_kubernetes_executor.py
[2025-09-29T15:42:09.645+0000] {processor.py:830} INFO - Processing file /home/airflow/.local/lib/python3.12/site-packages/airflow/example_dags/example_local_kubernetes_executor.py for tasks to queue
[2025-09-29T15:42:09.650+0000] {logging_mixin.py:188} INFO - [2025-09-29T15:42:09.649+0000] {dagbag.py:545} INFO - Filling up the DagBag from /home/airflow/.local/lib/python3.12/site-packages/airflow/example_dags/example_local_kubernetes_executor.py
[2025-09-29T15:42:09.672+0000] {processor.py:840} INFO - DAG(s) 'example_local_kubernetes_executor' retrieved from /home/airflow/.local/lib/python3.12/site-packages/airflow/example_dags/example_local_kubernetes_executor.py
[2025-09-29T15:42:09.769+0000] {logging_mixin.py:188} INFO - [2025-09-29T15:42:09.768+0000] {dag.py:3089} INFO - Sync 1 DAGs
[2025-09-29T15:42:09.812+0000] {logging_mixin.py:188} INFO - [2025-09-29T15:42:09.812+0000] {dag.py:3947} INFO - Setting next_dagrun for example_local_kubernetes_executor to None, run_after=None
[2025-09-29T15:42:09.879+0000] {processor.py:183} INFO - Processing /home/airflow/.local/lib/python3.12/site-packages/airflow/example_dags/example_local_kubernetes_executor.py took 0.255 seconds
[2025-09-29T15:42:40.481+0000] {processor.py:161} INFO - Started process (PID=5065) to work on /home/airflow/.local/lib/python3.12/site-packages/airflow/example_dags/example_local_kubernetes_executor.py
[2025-09-29T15:42:40.483+0000] {processor.py:830} INFO - Processing file /home/airflow/.local/lib/python3.12/site-packages/airflow/example_dags/example_local_kubernetes_executor.py for tasks to queue
[2025-09-29T15:42:40.487+0000] {logging_mixin.py:188} INFO - [2025-09-29T15:42:40.486+0000] {dagbag.py:545} INFO - Filling up the DagBag from /home/airflow/.local/lib/python3.12/site-packages/airflow/example_dags/example_local_kubernetes_executor.py
[2025-09-29T15:42:40.505+0000] {processor.py:840} INFO - DAG(s) 'example_local_kubernetes_executor' retrieved from /home/airflow/.local/lib/python3.12/site-packages/airflow/example_dags/example_local_kubernetes_executor.py
[2025-09-29T15:42:40.587+0000] {logging_mixin.py:188} INFO - [2025-09-29T15:42:40.587+0000] {dag.py:3089} INFO - Sync 1 DAGs
[2025-09-29T15:42:40.617+0000] {logging_mixin.py:188} INFO - [2025-09-29T15:42:40.617+0000] {dag.py:3947} INFO - Setting next_dagrun for example_local_kubernetes_executor to None, run_after=None
[2025-09-29T15:42:40.664+0000] {processor.py:183} INFO - Processing /home/airflow/.local/lib/python3.12/site-packages/airflow/example_dags/example_local_kubernetes_executor.py took 0.196 seconds
[2025-09-29T15:43:10.958+0000] {processor.py:161} INFO - Started process (PID=5327) to work on /home/airflow/.local/lib/python3.12/site-packages/airflow/example_dags/example_local_kubernetes_executor.py
[2025-09-29T15:43:10.961+0000] {processor.py:830} INFO - Processing file /home/airflow/.local/lib/python3.12/site-packages/airflow/example_dags/example_local_kubernetes_executor.py for tasks to queue
[2025-09-29T15:43:10.965+0000] {logging_mixin.py:188} INFO - [2025-09-29T15:43:10.964+0000] {dagbag.py:545} INFO - Filling up the DagBag from /home/airflow/.local/lib/python3.12/site-packages/airflow/example_dags/example_local_kubernetes_executor.py
[2025-09-29T15:43:10.983+0000] {processor.py:840} INFO - DAG(s) 'example_local_kubernetes_executor' retrieved from /home/airflow/.local/lib/python3.12/site-packages/airflow/example_dags/example_local_kubernetes_executor.py
[2025-09-29T15:43:11.068+0000] {logging_mixin.py:188} INFO - [2025-09-29T15:43:11.068+0000] {dag.py:3089} INFO - Sync 1 DAGs
[2025-09-29T15:43:11.098+0000] {logging_mixin.py:188} INFO - [2025-09-29T15:43:11.097+0000] {dag.py:3947} INFO - Setting next_dagrun for example_local_kubernetes_executor to None, run_after=None
[2025-09-29T15:43:11.145+0000] {processor.py:183} INFO - Processing /home/airflow/.local/lib/python3.12/site-packages/airflow/example_dags/example_local_kubernetes_executor.py took 0.200 seconds
[2025-09-29T15:43:41.532+0000] {processor.py:161} INFO - Started process (PID=5589) to work on /home/airflow/.local/lib/python3.12/site-packages/airflow/example_dags/example_local_kubernetes_executor.py
[2025-09-29T15:43:41.535+0000] {processor.py:830} INFO - Processing file /home/airflow/.local/lib/python3.12/site-packages/airflow/example_dags/example_local_kubernetes_executor.py for tasks to queue
[2025-09-29T15:43:41.540+0000] {logging_mixin.py:188} INFO - [2025-09-29T15:43:41.539+0000] {dagbag.py:545} INFO - Filling up the DagBag from /home/airflow/.local/lib/python3.12/site-packages/airflow/example_dags/example_local_kubernetes_executor.py
[2025-09-29T15:43:41.559+0000] {processor.py:840} INFO - DAG(s) 'example_local_kubernetes_executor' retrieved from /home/airflow/.local/lib/python3.12/site-packages/airflow/example_dags/example_local_kubernetes_executor.py
[2025-09-29T15:43:41.649+0000] {logging_mixin.py:188} INFO - [2025-09-29T15:43:41.648+0000] {dag.py:3089} INFO - Sync 1 DAGs
[2025-09-29T15:43:41.689+0000] {logging_mixin.py:188} INFO - [2025-09-29T15:43:41.688+0000] {dag.py:3947} INFO - Setting next_dagrun for example_local_kubernetes_executor to None, run_after=None
[2025-09-29T15:43:41.776+0000] {processor.py:183} INFO - Processing /home/airflow/.local/lib/python3.12/site-packages/airflow/example_dags/example_local_kubernetes_executor.py took 0.258 seconds
[2025-09-29T15:44:12.539+0000] {processor.py:161} INFO - Started process (PID=5851) to work on /home/airflow/.local/lib/python3.12/site-packages/airflow/example_dags/example_local_kubernetes_executor.py
[2025-09-29T15:44:12.540+0000] {processor.py:830} INFO - Processing file /home/airflow/.local/lib/python3.12/site-packages/airflow/example_dags/example_local_kubernetes_executor.py for tasks to queue
[2025-09-29T15:44:12.545+0000] {logging_mixin.py:188} INFO - [2025-09-29T15:44:12.544+0000] {dagbag.py:545} INFO - Filling up the DagBag from /home/airflow/.local/lib/python3.12/site-packages/airflow/example_dags/example_local_kubernetes_executor.py
[2025-09-29T15:44:12.564+0000] {processor.py:840} INFO - DAG(s) 'example_local_kubernetes_executor' retrieved from /home/airflow/.local/lib/python3.12/site-packages/airflow/example_dags/example_local_kubernetes_executor.py
[2025-09-29T15:44:12.646+0000] {logging_mixin.py:188} INFO - [2025-09-29T15:44:12.646+0000] {dag.py:3089} INFO - Sync 1 DAGs
[2025-09-29T15:44:12.675+0000] {logging_mixin.py:188} INFO - [2025-09-29T15:44:12.675+0000] {dag.py:3947} INFO - Setting next_dagrun for example_local_kubernetes_executor to None, run_after=None
[2025-09-29T15:44:12.721+0000] {processor.py:183} INFO - Processing /home/airflow/.local/lib/python3.12/site-packages/airflow/example_dags/example_local_kubernetes_executor.py took 0.198 seconds
[2025-09-29T15:44:43.027+0000] {processor.py:161} INFO - Started process (PID=6113) to work on /home/airflow/.local/lib/python3.12/site-packages/airflow/example_dags/example_local_kubernetes_executor.py
[2025-09-29T15:44:43.030+0000] {processor.py:830} INFO - Processing file /home/airflow/.local/lib/python3.12/site-packages/airflow/example_dags/example_local_kubernetes_executor.py for tasks to queue
[2025-09-29T15:44:43.035+0000] {logging_mixin.py:188} INFO - [2025-09-29T15:44:43.034+0000] {dagbag.py:545} INFO - Filling up the DagBag from /home/airflow/.local/lib/python3.12/site-packages/airflow/example_dags/example_local_kubernetes_executor.py
[2025-09-29T15:44:43.054+0000] {processor.py:840} INFO - DAG(s) 'example_local_kubernetes_executor' retrieved from /home/airflow/.local/lib/python3.12/site-packages/airflow/example_dags/example_local_kubernetes_executor.py
[2025-09-29T15:44:43.144+0000] {logging_mixin.py:188} INFO - [2025-09-29T15:44:43.143+0000] {dag.py:3089} INFO - Sync 1 DAGs
[2025-09-29T15:44:43.180+0000] {logging_mixin.py:188} INFO - [2025-09-29T15:44:43.180+0000] {dag.py:3947} INFO - Setting next_dagrun for example_local_kubernetes_executor to None, run_after=None
[2025-09-29T15:44:43.235+0000] {processor.py:183} INFO - Processing /home/airflow/.local/lib/python3.12/site-packages/airflow/example_dags/example_local_kubernetes_executor.py took 0.223 seconds
[2025-09-29T15:45:13.479+0000] {processor.py:161} INFO - Started process (PID=6375) to work on /home/airflow/.local/lib/python3.12/site-packages/airflow/example_dags/example_local_kubernetes_executor.py
[2025-09-29T15:45:13.482+0000] {processor.py:830} INFO - Processing file /home/airflow/.local/lib/python3.12/site-packages/airflow/example_dags/example_local_kubernetes_executor.py for tasks to queue
[2025-09-29T15:45:13.487+0000] {logging_mixin.py:188} INFO - [2025-09-29T15:45:13.486+0000] {dagbag.py:545} INFO - Filling up the DagBag from /home/airflow/.local/lib/python3.12/site-packages/airflow/example_dags/example_local_kubernetes_executor.py
[2025-09-29T15:45:13.507+0000] {processor.py:840} INFO - DAG(s) 'example_local_kubernetes_executor' retrieved from /home/airflow/.local/lib/python3.12/site-packages/airflow/example_dags/example_local_kubernetes_executor.py
[2025-09-29T15:45:13.597+0000] {logging_mixin.py:188} INFO - [2025-09-29T15:45:13.597+0000] {dag.py:3089} INFO - Sync 1 DAGs
[2025-09-29T15:45:13.629+0000] {logging_mixin.py:188} INFO - [2025-09-29T15:45:13.628+0000] {dag.py:3947} INFO - Setting next_dagrun for example_local_kubernetes_executor to None, run_after=None
[2025-09-29T15:45:13.677+0000] {processor.py:183} INFO - Processing /home/airflow/.local/lib/python3.12/site-packages/airflow/example_dags/example_local_kubernetes_executor.py took 0.213 seconds
[2025-09-29T15:45:44.076+0000] {processor.py:161} INFO - Started process (PID=6637) to work on /home/airflow/.local/lib/python3.12/site-packages/airflow/example_dags/example_local_kubernetes_executor.py
[2025-09-29T15:45:44.078+0000] {processor.py:830} INFO - Processing file /home/airflow/.local/lib/python3.12/site-packages/airflow/example_dags/example_local_kubernetes_executor.py for tasks to queue
[2025-09-29T15:45:44.082+0000] {logging_mixin.py:188} INFO - [2025-09-29T15:45:44.081+0000] {dagbag.py:545} INFO - Filling up the DagBag from /home/airflow/.local/lib/python3.12/site-packages/airflow/example_dags/example_local_kubernetes_executor.py
[2025-09-29T15:45:44.101+0000] {processor.py:840} INFO - DAG(s) 'example_local_kubernetes_executor' retrieved from /home/airflow/.local/lib/python3.12/site-packages/airflow/example_dags/example_local_kubernetes_executor.py
[2025-09-29T15:45:44.184+0000] {logging_mixin.py:188} INFO - [2025-09-29T15:45:44.184+0000] {dag.py:3089} INFO - Sync 1 DAGs
[2025-09-29T15:45:44.214+0000] {logging_mixin.py:188} INFO - [2025-09-29T15:45:44.213+0000] {dag.py:3947} INFO - Setting next_dagrun for example_local_kubernetes_executor to None, run_after=None
[2025-09-29T15:45:44.265+0000] {processor.py:183} INFO - Processing /home/airflow/.local/lib/python3.12/site-packages/airflow/example_dags/example_local_kubernetes_executor.py took 0.204 seconds
[2025-09-29T15:46:14.889+0000] {processor.py:161} INFO - Started process (PID=6899) to work on /home/airflow/.local/lib/python3.12/site-packages/airflow/example_dags/example_local_kubernetes_executor.py
[2025-09-29T15:46:14.892+0000] {processor.py:830} INFO - Processing file /home/airflow/.local/lib/python3.12/site-packages/airflow/example_dags/example_local_kubernetes_executor.py for tasks to queue
[2025-09-29T15:46:14.899+0000] {logging_mixin.py:188} INFO - [2025-09-29T15:46:14.897+0000] {dagbag.py:545} INFO - Filling up the DagBag from /home/airflow/.local/lib/python3.12/site-packages/airflow/example_dags/example_local_kubernetes_executor.py
[2025-09-29T15:46:14.925+0000] {processor.py:840} INFO - DAG(s) 'example_local_kubernetes_executor' retrieved from /home/airflow/.local/lib/python3.12/site-packages/airflow/example_dags/example_local_kubernetes_executor.py
[2025-09-29T15:46:15.045+0000] {logging_mixin.py:188} INFO - [2025-09-29T15:46:15.044+0000] {dag.py:3089} INFO - Sync 1 DAGs
[2025-09-29T15:46:15.094+0000] {logging_mixin.py:188} INFO - [2025-09-29T15:46:15.093+0000] {dag.py:3947} INFO - Setting next_dagrun for example_local_kubernetes_executor to None, run_after=None
[2025-09-29T15:46:15.164+0000] {processor.py:183} INFO - Processing /home/airflow/.local/lib/python3.12/site-packages/airflow/example_dags/example_local_kubernetes_executor.py took 0.293 seconds
[2025-09-29T15:46:45.418+0000] {processor.py:161} INFO - Started process (PID=7161) to work on /home/airflow/.local/lib/python3.12/site-packages/airflow/example_dags/example_local_kubernetes_executor.py
[2025-09-29T15:46:45.420+0000] {processor.py:830} INFO - Processing file /home/airflow/.local/lib/python3.12/site-packages/airflow/example_dags/example_local_kubernetes_executor.py for tasks to queue
[2025-09-29T15:46:45.424+0000] {logging_mixin.py:188} INFO - [2025-09-29T15:46:45.423+0000] {dagbag.py:545} INFO - Filling up the DagBag from /home/airflow/.local/lib/python3.12/site-packages/airflow/example_dags/example_local_kubernetes_executor.py
[2025-09-29T15:46:45.442+0000] {processor.py:840} INFO - DAG(s) 'example_local_kubernetes_executor' retrieved from /home/airflow/.local/lib/python3.12/site-packages/airflow/example_dags/example_local_kubernetes_executor.py
[2025-09-29T15:46:45.534+0000] {logging_mixin.py:188} INFO - [2025-09-29T15:46:45.534+0000] {dag.py:3089} INFO - Sync 1 DAGs
[2025-09-29T15:46:45.564+0000] {logging_mixin.py:188} INFO - [2025-09-29T15:46:45.563+0000] {dag.py:3947} INFO - Setting next_dagrun for example_local_kubernetes_executor to None, run_after=None
[2025-09-29T15:46:45.610+0000] {processor.py:183} INFO - Processing /home/airflow/.local/lib/python3.12/site-packages/airflow/example_dags/example_local_kubernetes_executor.py took 0.206 seconds
[2025-09-29T15:47:15.976+0000] {processor.py:161} INFO - Started process (PID=7423) to work on /home/airflow/.local/lib/python3.12/site-packages/airflow/example_dags/example_local_kubernetes_executor.py
[2025-09-29T15:47:15.980+0000] {processor.py:830} INFO - Processing file /home/airflow/.local/lib/python3.12/site-packages/airflow/example_dags/example_local_kubernetes_executor.py for tasks to queue
[2025-09-29T15:47:15.986+0000] {logging_mixin.py:188} INFO - [2025-09-29T15:47:15.984+0000] {dagbag.py:545} INFO - Filling up the DagBag from /home/airflow/.local/lib/python3.12/site-packages/airflow/example_dags/example_local_kubernetes_executor.py
[2025-09-29T15:47:16.008+0000] {processor.py:840} INFO - DAG(s) 'example_local_kubernetes_executor' retrieved from /home/airflow/.local/lib/python3.12/site-packages/airflow/example_dags/example_local_kubernetes_executor.py
[2025-09-29T15:47:16.111+0000] {logging_mixin.py:188} INFO - [2025-09-29T15:47:16.110+0000] {dag.py:3089} INFO - Sync 1 DAGs
[2025-09-29T15:47:16.144+0000] {logging_mixin.py:188} INFO - [2025-09-29T15:47:16.143+0000] {dag.py:3947} INFO - Setting next_dagrun for example_local_kubernetes_executor to None, run_after=None
[2025-09-29T15:47:16.195+0000] {processor.py:183} INFO - Processing /home/airflow/.local/lib/python3.12/site-packages/airflow/example_dags/example_local_kubernetes_executor.py took 0.237 seconds
[2025-09-29T15:47:46.864+0000] {processor.py:161} INFO - Started process (PID=7685) to work on /home/airflow/.local/lib/python3.12/site-packages/airflow/example_dags/example_local_kubernetes_executor.py
[2025-09-29T15:47:46.866+0000] {processor.py:830} INFO - Processing file /home/airflow/.local/lib/python3.12/site-packages/airflow/example_dags/example_local_kubernetes_executor.py for tasks to queue
[2025-09-29T15:47:46.870+0000] {logging_mixin.py:188} INFO - [2025-09-29T15:47:46.869+0000] {dagbag.py:545} INFO - Filling up the DagBag from /home/airflow/.local/lib/python3.12/site-packages/airflow/example_dags/example_local_kubernetes_executor.py
[2025-09-29T15:47:46.889+0000] {processor.py:840} INFO - DAG(s) 'example_local_kubernetes_executor' retrieved from /home/airflow/.local/lib/python3.12/site-packages/airflow/example_dags/example_local_kubernetes_executor.py
[2025-09-29T15:47:46.971+0000] {logging_mixin.py:188} INFO - [2025-09-29T15:47:46.970+0000] {dag.py:3089} INFO - Sync 1 DAGs
[2025-09-29T15:47:47.005+0000] {logging_mixin.py:188} INFO - [2025-09-29T15:47:47.004+0000] {dag.py:3947} INFO - Setting next_dagrun for example_local_kubernetes_executor to None, run_after=None
[2025-09-29T15:47:47.057+0000] {processor.py:183} INFO - Processing /home/airflow/.local/lib/python3.12/site-packages/airflow/example_dags/example_local_kubernetes_executor.py took 0.207 seconds
[2025-09-29T15:48:17.182+0000] {processor.py:161} INFO - Started process (PID=7947) to work on /home/airflow/.local/lib/python3.12/site-packages/airflow/example_dags/example_local_kubernetes_executor.py
[2025-09-29T15:48:17.185+0000] {processor.py:830} INFO - Processing file /home/airflow/.local/lib/python3.12/site-packages/airflow/example_dags/example_local_kubernetes_executor.py for tasks to queue
[2025-09-29T15:48:17.191+0000] {logging_mixin.py:188} INFO - [2025-09-29T15:48:17.189+0000] {dagbag.py:545} INFO - Filling up the DagBag from /home/airflow/.local/lib/python3.12/site-packages/airflow/example_dags/example_local_kubernetes_executor.py
[2025-09-29T15:48:17.211+0000] {processor.py:840} INFO - DAG(s) 'example_local_kubernetes_executor' retrieved from /home/airflow/.local/lib/python3.12/site-packages/airflow/example_dags/example_local_kubernetes_executor.py
[2025-09-29T15:48:17.300+0000] {logging_mixin.py:188} INFO - [2025-09-29T15:48:17.299+0000] {dag.py:3089} INFO - Sync 1 DAGs
[2025-09-29T15:48:17.332+0000] {logging_mixin.py:188} INFO - [2025-09-29T15:48:17.331+0000] {dag.py:3947} INFO - Setting next_dagrun for example_local_kubernetes_executor to None, run_after=None
[2025-09-29T15:48:17.398+0000] {processor.py:183} INFO - Processing /home/airflow/.local/lib/python3.12/site-packages/airflow/example_dags/example_local_kubernetes_executor.py took 0.232 seconds
[2025-09-29T15:48:48.059+0000] {processor.py:161} INFO - Started process (PID=8209) to work on /home/airflow/.local/lib/python3.12/site-packages/airflow/example_dags/example_local_kubernetes_executor.py
[2025-09-29T15:48:48.067+0000] {processor.py:830} INFO - Processing file /home/airflow/.local/lib/python3.12/site-packages/airflow/example_dags/example_local_kubernetes_executor.py for tasks to queue
[2025-09-29T15:48:48.072+0000] {logging_mixin.py:188} INFO - [2025-09-29T15:48:48.071+0000] {dagbag.py:545} INFO - Filling up the DagBag from /home/airflow/.local/lib/python3.12/site-packages/airflow/example_dags/example_local_kubernetes_executor.py
[2025-09-29T15:48:48.093+0000] {processor.py:840} INFO - DAG(s) 'example_local_kubernetes_executor' retrieved from /home/airflow/.local/lib/python3.12/site-packages/airflow/example_dags/example_local_kubernetes_executor.py
[2025-09-29T15:48:48.179+0000] {logging_mixin.py:188} INFO - [2025-09-29T15:48:48.178+0000] {dag.py:3089} INFO - Sync 1 DAGs
[2025-09-29T15:48:48.209+0000] {logging_mixin.py:188} INFO - [2025-09-29T15:48:48.209+0000] {dag.py:3947} INFO - Setting next_dagrun for example_local_kubernetes_executor to None, run_after=None
[2025-09-29T15:48:48.262+0000] {processor.py:183} INFO - Processing /home/airflow/.local/lib/python3.12/site-packages/airflow/example_dags/example_local_kubernetes_executor.py took 0.217 seconds
[2025-09-29T15:49:18.517+0000] {processor.py:161} INFO - Started process (PID=8471) to work on /home/airflow/.local/lib/python3.12/site-packages/airflow/example_dags/example_local_kubernetes_executor.py
[2025-09-29T15:49:18.520+0000] {processor.py:830} INFO - Processing file /home/airflow/.local/lib/python3.12/site-packages/airflow/example_dags/example_local_kubernetes_executor.py for tasks to queue
[2025-09-29T15:49:18.524+0000] {logging_mixin.py:188} INFO - [2025-09-29T15:49:18.523+0000] {dagbag.py:545} INFO - Filling up the DagBag from /home/airflow/.local/lib/python3.12/site-packages/airflow/example_dags/example_local_kubernetes_executor.py
[2025-09-29T15:49:18.543+0000] {processor.py:840} INFO - DAG(s) 'example_local_kubernetes_executor' retrieved from /home/airflow/.local/lib/python3.12/site-packages/airflow/example_dags/example_local_kubernetes_executor.py
[2025-09-29T15:49:18.628+0000] {logging_mixin.py:188} INFO - [2025-09-29T15:49:18.628+0000] {dag.py:3089} INFO - Sync 1 DAGs
[2025-09-29T15:49:18.657+0000] {logging_mixin.py:188} INFO - [2025-09-29T15:49:18.657+0000] {dag.py:3947} INFO - Setting next_dagrun for example_local_kubernetes_executor to None, run_after=None
[2025-09-29T15:49:18.701+0000] {processor.py:183} INFO - Processing /home/airflow/.local/lib/python3.12/site-packages/airflow/example_dags/example_local_kubernetes_executor.py took 0.199 seconds
[2025-09-29T15:49:50.582+0000] {processor.py:161} INFO - Started process (PID=8733) to work on /home/airflow/.local/lib/python3.12/site-packages/airflow/example_dags/example_local_kubernetes_executor.py
[2025-09-29T15:49:50.585+0000] {processor.py:830} INFO - Processing file /home/airflow/.local/lib/python3.12/site-packages/airflow/example_dags/example_local_kubernetes_executor.py for tasks to queue
[2025-09-29T15:49:50.589+0000] {logging_mixin.py:188} INFO - [2025-09-29T15:49:50.589+0000] {dagbag.py:545} INFO - Filling up the DagBag from /home/airflow/.local/lib/python3.12/site-packages/airflow/example_dags/example_local_kubernetes_executor.py
[2025-09-29T15:49:50.610+0000] {processor.py:840} INFO - DAG(s) 'example_local_kubernetes_executor' retrieved from /home/airflow/.local/lib/python3.12/site-packages/airflow/example_dags/example_local_kubernetes_executor.py
[2025-09-29T15:49:50.697+0000] {logging_mixin.py:188} INFO - [2025-09-29T15:49:50.696+0000] {dag.py:3089} INFO - Sync 1 DAGs
[2025-09-29T15:49:50.728+0000] {logging_mixin.py:188} INFO - [2025-09-29T15:49:50.728+0000] {dag.py:3947} INFO - Setting next_dagrun for example_local_kubernetes_executor to None, run_after=None
[2025-09-29T15:49:50.781+0000] {processor.py:183} INFO - Processing /home/airflow/.local/lib/python3.12/site-packages/airflow/example_dags/example_local_kubernetes_executor.py took 0.215 seconds
[2025-09-29T15:50:21.799+0000] {processor.py:161} INFO - Started process (PID=8995) to work on /home/airflow/.local/lib/python3.12/site-packages/airflow/example_dags/example_local_kubernetes_executor.py
[2025-09-29T15:50:21.802+0000] {processor.py:830} INFO - Processing file /home/airflow/.local/lib/python3.12/site-packages/airflow/example_dags/example_local_kubernetes_executor.py for tasks to queue
[2025-09-29T15:50:21.807+0000] {logging_mixin.py:188} INFO - [2025-09-29T15:50:21.806+0000] {dagbag.py:545} INFO - Filling up the DagBag from /home/airflow/.local/lib/python3.12/site-packages/airflow/example_dags/example_local_kubernetes_executor.py
[2025-09-29T15:50:21.826+0000] {processor.py:840} INFO - DAG(s) 'example_local_kubernetes_executor' retrieved from /home/airflow/.local/lib/python3.12/site-packages/airflow/example_dags/example_local_kubernetes_executor.py
[2025-09-29T15:50:21.913+0000] {logging_mixin.py:188} INFO - [2025-09-29T15:50:21.913+0000] {dag.py:3089} INFO - Sync 1 DAGs
[2025-09-29T15:50:21.944+0000] {logging_mixin.py:188} INFO - [2025-09-29T15:50:21.944+0000] {dag.py:3947} INFO - Setting next_dagrun for example_local_kubernetes_executor to None, run_after=None
[2025-09-29T15:50:21.992+0000] {processor.py:183} INFO - Processing /home/airflow/.local/lib/python3.12/site-packages/airflow/example_dags/example_local_kubernetes_executor.py took 0.207 seconds
[2025-09-29T15:50:52.843+0000] {processor.py:161} INFO - Started process (PID=9257) to work on /home/airflow/.local/lib/python3.12/site-packages/airflow/example_dags/example_local_kubernetes_executor.py
[2025-09-29T15:50:52.846+0000] {processor.py:830} INFO - Processing file /home/airflow/.local/lib/python3.12/site-packages/airflow/example_dags/example_local_kubernetes_executor.py for tasks to queue
[2025-09-29T15:50:52.851+0000] {logging_mixin.py:188} INFO - [2025-09-29T15:50:52.850+0000] {dagbag.py:545} INFO - Filling up the DagBag from /home/airflow/.local/lib/python3.12/site-packages/airflow/example_dags/example_local_kubernetes_executor.py
[2025-09-29T15:50:52.870+0000] {processor.py:840} INFO - DAG(s) 'example_local_kubernetes_executor' retrieved from /home/airflow/.local/lib/python3.12/site-packages/airflow/example_dags/example_local_kubernetes_executor.py
[2025-09-29T15:50:52.956+0000] {logging_mixin.py:188} INFO - [2025-09-29T15:50:52.956+0000] {dag.py:3089} INFO - Sync 1 DAGs
[2025-09-29T15:50:52.987+0000] {logging_mixin.py:188} INFO - [2025-09-29T15:50:52.986+0000] {dag.py:3947} INFO - Setting next_dagrun for example_local_kubernetes_executor to None, run_after=None
[2025-09-29T15:50:53.033+0000] {processor.py:183} INFO - Processing /home/airflow/.local/lib/python3.12/site-packages/airflow/example_dags/example_local_kubernetes_executor.py took 0.205 seconds
[2025-09-29T15:51:23.308+0000] {processor.py:161} INFO - Started process (PID=9518) to work on /home/airflow/.local/lib/python3.12/site-packages/airflow/example_dags/example_local_kubernetes_executor.py
[2025-09-29T15:51:23.311+0000] {processor.py:830} INFO - Processing file /home/airflow/.local/lib/python3.12/site-packages/airflow/example_dags/example_local_kubernetes_executor.py for tasks to queue
[2025-09-29T15:51:23.315+0000] {logging_mixin.py:188} INFO - [2025-09-29T15:51:23.314+0000] {dagbag.py:545} INFO - Filling up the DagBag from /home/airflow/.local/lib/python3.12/site-packages/airflow/example_dags/example_local_kubernetes_executor.py
[2025-09-29T15:51:23.336+0000] {processor.py:840} INFO - DAG(s) 'example_local_kubernetes_executor' retrieved from /home/airflow/.local/lib/python3.12/site-packages/airflow/example_dags/example_local_kubernetes_executor.py
[2025-09-29T15:51:23.441+0000] {logging_mixin.py:188} INFO - [2025-09-29T15:51:23.440+0000] {dag.py:3089} INFO - Sync 1 DAGs
[2025-09-29T15:51:23.480+0000] {logging_mixin.py:188} INFO - [2025-09-29T15:51:23.479+0000] {dag.py:3947} INFO - Setting next_dagrun for example_local_kubernetes_executor to None, run_after=None
[2025-09-29T15:51:23.531+0000] {processor.py:183} INFO - Processing /home/airflow/.local/lib/python3.12/site-packages/airflow/example_dags/example_local_kubernetes_executor.py took 0.238 seconds
[2025-09-29T15:51:53.922+0000] {processor.py:161} INFO - Started process (PID=9770) to work on /home/airflow/.local/lib/python3.12/site-packages/airflow/example_dags/example_local_kubernetes_executor.py
[2025-09-29T15:51:53.924+0000] {processor.py:830} INFO - Processing file /home/airflow/.local/lib/python3.12/site-packages/airflow/example_dags/example_local_kubernetes_executor.py for tasks to queue
[2025-09-29T15:51:53.929+0000] {logging_mixin.py:188} INFO - [2025-09-29T15:51:53.928+0000] {dagbag.py:545} INFO - Filling up the DagBag from /home/airflow/.local/lib/python3.12/site-packages/airflow/example_dags/example_local_kubernetes_executor.py
[2025-09-29T15:51:53.948+0000] {processor.py:840} INFO - DAG(s) 'example_local_kubernetes_executor' retrieved from /home/airflow/.local/lib/python3.12/site-packages/airflow/example_dags/example_local_kubernetes_executor.py
[2025-09-29T15:51:54.033+0000] {logging_mixin.py:188} INFO - [2025-09-29T15:51:54.032+0000] {dag.py:3089} INFO - Sync 1 DAGs
[2025-09-29T15:51:54.061+0000] {logging_mixin.py:188} INFO - [2025-09-29T15:51:54.061+0000] {dag.py:3947} INFO - Setting next_dagrun for example_local_kubernetes_executor to None, run_after=None
[2025-09-29T15:51:54.113+0000] {processor.py:183} INFO - Processing /home/airflow/.local/lib/python3.12/site-packages/airflow/example_dags/example_local_kubernetes_executor.py took 0.205 seconds
[2025-09-29T15:52:25.212+0000] {processor.py:161} INFO - Started process (PID=10032) to work on /home/airflow/.local/lib/python3.12/site-packages/airflow/example_dags/example_local_kubernetes_executor.py
[2025-09-29T15:52:25.214+0000] {processor.py:830} INFO - Processing file /home/airflow/.local/lib/python3.12/site-packages/airflow/example_dags/example_local_kubernetes_executor.py for tasks to queue
[2025-09-29T15:52:25.219+0000] {logging_mixin.py:188} INFO - [2025-09-29T15:52:25.218+0000] {dagbag.py:545} INFO - Filling up the DagBag from /home/airflow/.local/lib/python3.12/site-packages/airflow/example_dags/example_local_kubernetes_executor.py
[2025-09-29T15:52:25.237+0000] {processor.py:840} INFO - DAG(s) 'example_local_kubernetes_executor' retrieved from /home/airflow/.local/lib/python3.12/site-packages/airflow/example_dags/example_local_kubernetes_executor.py
[2025-09-29T15:52:25.322+0000] {logging_mixin.py:188} INFO - [2025-09-29T15:52:25.322+0000] {dag.py:3089} INFO - Sync 1 DAGs
[2025-09-29T15:52:25.352+0000] {logging_mixin.py:188} INFO - [2025-09-29T15:52:25.352+0000] {dag.py:3947} INFO - Setting next_dagrun for example_local_kubernetes_executor to None, run_after=None
[2025-09-29T15:52:25.400+0000] {processor.py:183} INFO - Processing /home/airflow/.local/lib/python3.12/site-packages/airflow/example_dags/example_local_kubernetes_executor.py took 0.203 seconds
[2025-09-29T15:52:55.937+0000] {processor.py:161} INFO - Started process (PID=10294) to work on /home/airflow/.local/lib/python3.12/site-packages/airflow/example_dags/example_local_kubernetes_executor.py
[2025-09-29T15:52:55.941+0000] {processor.py:830} INFO - Processing file /home/airflow/.local/lib/python3.12/site-packages/airflow/example_dags/example_local_kubernetes_executor.py for tasks to queue
[2025-09-29T15:52:55.946+0000] {logging_mixin.py:188} INFO - [2025-09-29T15:52:55.945+0000] {dagbag.py:545} INFO - Filling up the DagBag from /home/airflow/.local/lib/python3.12/site-packages/airflow/example_dags/example_local_kubernetes_executor.py
[2025-09-29T15:52:55.966+0000] {processor.py:840} INFO - DAG(s) 'example_local_kubernetes_executor' retrieved from /home/airflow/.local/lib/python3.12/site-packages/airflow/example_dags/example_local_kubernetes_executor.py
[2025-09-29T15:52:56.062+0000] {logging_mixin.py:188} INFO - [2025-09-29T15:52:56.061+0000] {dag.py:3089} INFO - Sync 1 DAGs
[2025-09-29T15:52:56.098+0000] {logging_mixin.py:188} INFO - [2025-09-29T15:52:56.098+0000] {dag.py:3947} INFO - Setting next_dagrun for example_local_kubernetes_executor to None, run_after=None
[2025-09-29T15:52:56.154+0000] {processor.py:183} INFO - Processing /home/airflow/.local/lib/python3.12/site-packages/airflow/example_dags/example_local_kubernetes_executor.py took 0.234 seconds
[2025-09-29T15:53:26.437+0000] {processor.py:161} INFO - Started process (PID=10551) to work on /home/airflow/.local/lib/python3.12/site-packages/airflow/example_dags/example_local_kubernetes_executor.py
[2025-09-29T15:53:26.439+0000] {processor.py:830} INFO - Processing file /home/airflow/.local/lib/python3.12/site-packages/airflow/example_dags/example_local_kubernetes_executor.py for tasks to queue
[2025-09-29T15:53:26.443+0000] {logging_mixin.py:188} INFO - [2025-09-29T15:53:26.443+0000] {dagbag.py:545} INFO - Filling up the DagBag from /home/airflow/.local/lib/python3.12/site-packages/airflow/example_dags/example_local_kubernetes_executor.py
[2025-09-29T15:53:26.463+0000] {processor.py:840} INFO - DAG(s) 'example_local_kubernetes_executor' retrieved from /home/airflow/.local/lib/python3.12/site-packages/airflow/example_dags/example_local_kubernetes_executor.py
[2025-09-29T15:53:26.550+0000] {logging_mixin.py:188} INFO - [2025-09-29T15:53:26.549+0000] {dag.py:3089} INFO - Sync 1 DAGs
[2025-09-29T15:53:26.579+0000] {logging_mixin.py:188} INFO - [2025-09-29T15:53:26.579+0000] {dag.py:3947} INFO - Setting next_dagrun for example_local_kubernetes_executor to None, run_after=None
[2025-09-29T15:53:26.625+0000] {processor.py:183} INFO - Processing /home/airflow/.local/lib/python3.12/site-packages/airflow/example_dags/example_local_kubernetes_executor.py took 0.202 seconds
[2025-09-29T15:53:57.712+0000] {processor.py:161} INFO - Started process (PID=10813) to work on /home/airflow/.local/lib/python3.12/site-packages/airflow/example_dags/example_local_kubernetes_executor.py
[2025-09-29T15:53:57.716+0000] {processor.py:830} INFO - Processing file /home/airflow/.local/lib/python3.12/site-packages/airflow/example_dags/example_local_kubernetes_executor.py for tasks to queue
[2025-09-29T15:53:57.726+0000] {logging_mixin.py:188} INFO - [2025-09-29T15:53:57.724+0000] {dagbag.py:545} INFO - Filling up the DagBag from /home/airflow/.local/lib/python3.12/site-packages/airflow/example_dags/example_local_kubernetes_executor.py
[2025-09-29T15:53:57.751+0000] {processor.py:840} INFO - DAG(s) 'example_local_kubernetes_executor' retrieved from /home/airflow/.local/lib/python3.12/site-packages/airflow/example_dags/example_local_kubernetes_executor.py
[2025-09-29T15:53:58.229+0000] {logging_mixin.py:188} INFO - [2025-09-29T15:53:58.229+0000] {dag.py:3089} INFO - Sync 1 DAGs
[2025-09-29T15:53:58.255+0000] {logging_mixin.py:188} INFO - [2025-09-29T15:53:58.254+0000] {dag.py:3947} INFO - Setting next_dagrun for example_local_kubernetes_executor to None, run_after=None
[2025-09-29T15:53:58.298+0000] {processor.py:183} INFO - Processing /home/airflow/.local/lib/python3.12/site-packages/airflow/example_dags/example_local_kubernetes_executor.py took 0.623 seconds
[2025-09-29T15:54:28.716+0000] {processor.py:161} INFO - Started process (PID=11077) to work on /home/airflow/.local/lib/python3.12/site-packages/airflow/example_dags/example_local_kubernetes_executor.py
[2025-09-29T15:54:28.719+0000] {processor.py:830} INFO - Processing file /home/airflow/.local/lib/python3.12/site-packages/airflow/example_dags/example_local_kubernetes_executor.py for tasks to queue
[2025-09-29T15:54:28.724+0000] {logging_mixin.py:188} INFO - [2025-09-29T15:54:28.723+0000] {dagbag.py:545} INFO - Filling up the DagBag from /home/airflow/.local/lib/python3.12/site-packages/airflow/example_dags/example_local_kubernetes_executor.py
[2025-09-29T15:54:28.741+0000] {processor.py:840} INFO - DAG(s) 'example_local_kubernetes_executor' retrieved from /home/airflow/.local/lib/python3.12/site-packages/airflow/example_dags/example_local_kubernetes_executor.py
[2025-09-29T15:54:28.825+0000] {logging_mixin.py:188} INFO - [2025-09-29T15:54:28.825+0000] {dag.py:3089} INFO - Sync 1 DAGs
[2025-09-29T15:54:28.853+0000] {logging_mixin.py:188} INFO - [2025-09-29T15:54:28.852+0000] {dag.py:3947} INFO - Setting next_dagrun for example_local_kubernetes_executor to None, run_after=None
[2025-09-29T15:54:28.898+0000] {processor.py:183} INFO - Processing /home/airflow/.local/lib/python3.12/site-packages/airflow/example_dags/example_local_kubernetes_executor.py took 0.196 seconds
[2025-09-29T15:54:59.815+0000] {processor.py:161} INFO - Started process (PID=11339) to work on /home/airflow/.local/lib/python3.12/site-packages/airflow/example_dags/example_local_kubernetes_executor.py
[2025-09-29T15:54:59.818+0000] {processor.py:830} INFO - Processing file /home/airflow/.local/lib/python3.12/site-packages/airflow/example_dags/example_local_kubernetes_executor.py for tasks to queue
[2025-09-29T15:54:59.823+0000] {logging_mixin.py:188} INFO - [2025-09-29T15:54:59.822+0000] {dagbag.py:545} INFO - Filling up the DagBag from /home/airflow/.local/lib/python3.12/site-packages/airflow/example_dags/example_local_kubernetes_executor.py
[2025-09-29T15:54:59.843+0000] {processor.py:840} INFO - DAG(s) 'example_local_kubernetes_executor' retrieved from /home/airflow/.local/lib/python3.12/site-packages/airflow/example_dags/example_local_kubernetes_executor.py
[2025-09-29T15:54:59.937+0000] {logging_mixin.py:188} INFO - [2025-09-29T15:54:59.937+0000] {dag.py:3089} INFO - Sync 1 DAGs
[2025-09-29T15:54:59.967+0000] {logging_mixin.py:188} INFO - [2025-09-29T15:54:59.967+0000] {dag.py:3947} INFO - Setting next_dagrun for example_local_kubernetes_executor to None, run_after=None
[2025-09-29T15:55:00.016+0000] {processor.py:183} INFO - Processing /home/airflow/.local/lib/python3.12/site-packages/airflow/example_dags/example_local_kubernetes_executor.py took 0.215 seconds
[2025-09-29T15:55:30.171+0000] {processor.py:161} INFO - Started process (PID=11601) to work on /home/airflow/.local/lib/python3.12/site-packages/airflow/example_dags/example_local_kubernetes_executor.py
[2025-09-29T15:55:30.175+0000] {processor.py:830} INFO - Processing file /home/airflow/.local/lib/python3.12/site-packages/airflow/example_dags/example_local_kubernetes_executor.py for tasks to queue
[2025-09-29T15:55:30.179+0000] {logging_mixin.py:188} INFO - [2025-09-29T15:55:30.178+0000] {dagbag.py:545} INFO - Filling up the DagBag from /home/airflow/.local/lib/python3.12/site-packages/airflow/example_dags/example_local_kubernetes_executor.py
[2025-09-29T15:55:30.198+0000] {processor.py:840} INFO - DAG(s) 'example_local_kubernetes_executor' retrieved from /home/airflow/.local/lib/python3.12/site-packages/airflow/example_dags/example_local_kubernetes_executor.py
[2025-09-29T15:55:30.281+0000] {logging_mixin.py:188} INFO - [2025-09-29T15:55:30.280+0000] {dag.py:3089} INFO - Sync 1 DAGs
[2025-09-29T15:55:30.311+0000] {logging_mixin.py:188} INFO - [2025-09-29T15:55:30.310+0000] {dag.py:3947} INFO - Setting next_dagrun for example_local_kubernetes_executor to None, run_after=None
[2025-09-29T15:55:30.361+0000] {processor.py:183} INFO - Processing /home/airflow/.local/lib/python3.12/site-packages/airflow/example_dags/example_local_kubernetes_executor.py took 0.209 seconds
[2025-09-29T15:56:00.648+0000] {processor.py:161} INFO - Started process (PID=11863) to work on /home/airflow/.local/lib/python3.12/site-packages/airflow/example_dags/example_local_kubernetes_executor.py
[2025-09-29T15:56:00.651+0000] {processor.py:830} INFO - Processing file /home/airflow/.local/lib/python3.12/site-packages/airflow/example_dags/example_local_kubernetes_executor.py for tasks to queue
[2025-09-29T15:56:00.655+0000] {logging_mixin.py:188} INFO - [2025-09-29T15:56:00.654+0000] {dagbag.py:545} INFO - Filling up the DagBag from /home/airflow/.local/lib/python3.12/site-packages/airflow/example_dags/example_local_kubernetes_executor.py
[2025-09-29T15:56:00.672+0000] {processor.py:840} INFO - DAG(s) 'example_local_kubernetes_executor' retrieved from /home/airflow/.local/lib/python3.12/site-packages/airflow/example_dags/example_local_kubernetes_executor.py
[2025-09-29T15:56:00.760+0000] {logging_mixin.py:188} INFO - [2025-09-29T15:56:00.760+0000] {dag.py:3089} INFO - Sync 1 DAGs
[2025-09-29T15:56:00.790+0000] {logging_mixin.py:188} INFO - [2025-09-29T15:56:00.789+0000] {dag.py:3947} INFO - Setting next_dagrun for example_local_kubernetes_executor to None, run_after=None
[2025-09-29T15:56:00.840+0000] {processor.py:183} INFO - Processing /home/airflow/.local/lib/python3.12/site-packages/airflow/example_dags/example_local_kubernetes_executor.py took 0.208 seconds
[2025-09-29T15:56:31.352+0000] {processor.py:161} INFO - Started process (PID=12125) to work on /home/airflow/.local/lib/python3.12/site-packages/airflow/example_dags/example_local_kubernetes_executor.py
[2025-09-29T15:56:31.355+0000] {processor.py:830} INFO - Processing file /home/airflow/.local/lib/python3.12/site-packages/airflow/example_dags/example_local_kubernetes_executor.py for tasks to queue
[2025-09-29T15:56:31.359+0000] {logging_mixin.py:188} INFO - [2025-09-29T15:56:31.358+0000] {dagbag.py:545} INFO - Filling up the DagBag from /home/airflow/.local/lib/python3.12/site-packages/airflow/example_dags/example_local_kubernetes_executor.py
[2025-09-29T15:56:31.380+0000] {processor.py:840} INFO - DAG(s) 'example_local_kubernetes_executor' retrieved from /home/airflow/.local/lib/python3.12/site-packages/airflow/example_dags/example_local_kubernetes_executor.py
[2025-09-29T15:56:31.466+0000] {logging_mixin.py:188} INFO - [2025-09-29T15:56:31.465+0000] {dag.py:3089} INFO - Sync 1 DAGs
[2025-09-29T15:56:31.497+0000] {logging_mixin.py:188} INFO - [2025-09-29T15:56:31.497+0000] {dag.py:3947} INFO - Setting next_dagrun for example_local_kubernetes_executor to None, run_after=None
[2025-09-29T15:56:31.549+0000] {processor.py:183} INFO - Processing /home/airflow/.local/lib/python3.12/site-packages/airflow/example_dags/example_local_kubernetes_executor.py took 0.213 seconds
[2025-09-29T15:57:01.735+0000] {processor.py:161} INFO - Started process (PID=12387) to work on /home/airflow/.local/lib/python3.12/site-packages/airflow/example_dags/example_local_kubernetes_executor.py
[2025-09-29T15:57:01.738+0000] {processor.py:830} INFO - Processing file /home/airflow/.local/lib/python3.12/site-packages/airflow/example_dags/example_local_kubernetes_executor.py for tasks to queue
[2025-09-29T15:57:01.742+0000] {logging_mixin.py:188} INFO - [2025-09-29T15:57:01.741+0000] {dagbag.py:545} INFO - Filling up the DagBag from /home/airflow/.local/lib/python3.12/site-packages/airflow/example_dags/example_local_kubernetes_executor.py
[2025-09-29T15:57:01.760+0000] {processor.py:840} INFO - DAG(s) 'example_local_kubernetes_executor' retrieved from /home/airflow/.local/lib/python3.12/site-packages/airflow/example_dags/example_local_kubernetes_executor.py
[2025-09-29T15:57:01.844+0000] {logging_mixin.py:188} INFO - [2025-09-29T15:57:01.844+0000] {dag.py:3089} INFO - Sync 1 DAGs
[2025-09-29T15:57:01.873+0000] {logging_mixin.py:188} INFO - [2025-09-29T15:57:01.873+0000] {dag.py:3947} INFO - Setting next_dagrun for example_local_kubernetes_executor to None, run_after=None
[2025-09-29T15:57:01.920+0000] {processor.py:183} INFO - Processing /home/airflow/.local/lib/python3.12/site-packages/airflow/example_dags/example_local_kubernetes_executor.py took 0.200 seconds
[2025-09-29T15:57:32.843+0000] {processor.py:161} INFO - Started process (PID=12649) to work on /home/airflow/.local/lib/python3.12/site-packages/airflow/example_dags/example_local_kubernetes_executor.py
[2025-09-29T15:57:32.844+0000] {processor.py:830} INFO - Processing file /home/airflow/.local/lib/python3.12/site-packages/airflow/example_dags/example_local_kubernetes_executor.py for tasks to queue
[2025-09-29T15:57:32.849+0000] {logging_mixin.py:188} INFO - [2025-09-29T15:57:32.848+0000] {dagbag.py:545} INFO - Filling up the DagBag from /home/airflow/.local/lib/python3.12/site-packages/airflow/example_dags/example_local_kubernetes_executor.py
[2025-09-29T15:57:32.866+0000] {processor.py:840} INFO - DAG(s) 'example_local_kubernetes_executor' retrieved from /home/airflow/.local/lib/python3.12/site-packages/airflow/example_dags/example_local_kubernetes_executor.py
[2025-09-29T15:57:32.950+0000] {logging_mixin.py:188} INFO - [2025-09-29T15:57:32.949+0000] {dag.py:3089} INFO - Sync 1 DAGs
[2025-09-29T15:57:32.979+0000] {logging_mixin.py:188} INFO - [2025-09-29T15:57:32.979+0000] {dag.py:3947} INFO - Setting next_dagrun for example_local_kubernetes_executor to None, run_after=None
[2025-09-29T15:57:33.022+0000] {processor.py:183} INFO - Processing /home/airflow/.local/lib/python3.12/site-packages/airflow/example_dags/example_local_kubernetes_executor.py took 0.193 seconds
[2025-09-29T15:58:03.550+0000] {processor.py:161} INFO - Started process (PID=12911) to work on /home/airflow/.local/lib/python3.12/site-packages/airflow/example_dags/example_local_kubernetes_executor.py
[2025-09-29T15:58:03.552+0000] {processor.py:830} INFO - Processing file /home/airflow/.local/lib/python3.12/site-packages/airflow/example_dags/example_local_kubernetes_executor.py for tasks to queue
[2025-09-29T15:58:03.556+0000] {logging_mixin.py:188} INFO - [2025-09-29T15:58:03.556+0000] {dagbag.py:545} INFO - Filling up the DagBag from /home/airflow/.local/lib/python3.12/site-packages/airflow/example_dags/example_local_kubernetes_executor.py
[2025-09-29T15:58:03.575+0000] {processor.py:840} INFO - DAG(s) 'example_local_kubernetes_executor' retrieved from /home/airflow/.local/lib/python3.12/site-packages/airflow/example_dags/example_local_kubernetes_executor.py
[2025-09-29T15:58:03.657+0000] {logging_mixin.py:188} INFO - [2025-09-29T15:58:03.657+0000] {dag.py:3089} INFO - Sync 1 DAGs
[2025-09-29T15:58:03.686+0000] {logging_mixin.py:188} INFO - [2025-09-29T15:58:03.685+0000] {dag.py:3947} INFO - Setting next_dagrun for example_local_kubernetes_executor to None, run_after=None
[2025-09-29T15:58:03.734+0000] {processor.py:183} INFO - Processing /home/airflow/.local/lib/python3.12/site-packages/airflow/example_dags/example_local_kubernetes_executor.py took 0.199 seconds
[2025-09-29T15:58:34.161+0000] {processor.py:161} INFO - Started process (PID=13167) to work on /home/airflow/.local/lib/python3.12/site-packages/airflow/example_dags/example_local_kubernetes_executor.py
[2025-09-29T15:58:34.164+0000] {processor.py:830} INFO - Processing file /home/airflow/.local/lib/python3.12/site-packages/airflow/example_dags/example_local_kubernetes_executor.py for tasks to queue
[2025-09-29T15:58:34.168+0000] {logging_mixin.py:188} INFO - [2025-09-29T15:58:34.167+0000] {dagbag.py:545} INFO - Filling up the DagBag from /home/airflow/.local/lib/python3.12/site-packages/airflow/example_dags/example_local_kubernetes_executor.py
[2025-09-29T15:58:34.185+0000] {processor.py:840} INFO - DAG(s) 'example_local_kubernetes_executor' retrieved from /home/airflow/.local/lib/python3.12/site-packages/airflow/example_dags/example_local_kubernetes_executor.py
[2025-09-29T15:58:34.266+0000] {logging_mixin.py:188} INFO - [2025-09-29T15:58:34.265+0000] {dag.py:3089} INFO - Sync 1 DAGs
[2025-09-29T15:58:34.294+0000] {logging_mixin.py:188} INFO - [2025-09-29T15:58:34.293+0000] {dag.py:3947} INFO - Setting next_dagrun for example_local_kubernetes_executor to None, run_after=None
[2025-09-29T15:58:34.342+0000] {processor.py:183} INFO - Processing /home/airflow/.local/lib/python3.12/site-packages/airflow/example_dags/example_local_kubernetes_executor.py took 0.194 seconds
[2025-09-29T15:59:05.059+0000] {processor.py:161} INFO - Started process (PID=13429) to work on /home/airflow/.local/lib/python3.12/site-packages/airflow/example_dags/example_local_kubernetes_executor.py
[2025-09-29T15:59:05.062+0000] {processor.py:830} INFO - Processing file /home/airflow/.local/lib/python3.12/site-packages/airflow/example_dags/example_local_kubernetes_executor.py for tasks to queue
[2025-09-29T15:59:05.066+0000] {logging_mixin.py:188} INFO - [2025-09-29T15:59:05.066+0000] {dagbag.py:545} INFO - Filling up the DagBag from /home/airflow/.local/lib/python3.12/site-packages/airflow/example_dags/example_local_kubernetes_executor.py
[2025-09-29T15:59:05.085+0000] {processor.py:840} INFO - DAG(s) 'example_local_kubernetes_executor' retrieved from /home/airflow/.local/lib/python3.12/site-packages/airflow/example_dags/example_local_kubernetes_executor.py
[2025-09-29T15:59:05.171+0000] {logging_mixin.py:188} INFO - [2025-09-29T15:59:05.171+0000] {dag.py:3089} INFO - Sync 1 DAGs
[2025-09-29T15:59:05.201+0000] {logging_mixin.py:188} INFO - [2025-09-29T15:59:05.200+0000] {dag.py:3947} INFO - Setting next_dagrun for example_local_kubernetes_executor to None, run_after=None
[2025-09-29T15:59:05.248+0000] {processor.py:183} INFO - Processing /home/airflow/.local/lib/python3.12/site-packages/airflow/example_dags/example_local_kubernetes_executor.py took 0.204 seconds
[2025-09-29T15:59:35.838+0000] {processor.py:161} INFO - Started process (PID=13691) to work on /home/airflow/.local/lib/python3.12/site-packages/airflow/example_dags/example_local_kubernetes_executor.py
[2025-09-29T15:59:35.840+0000] {processor.py:830} INFO - Processing file /home/airflow/.local/lib/python3.12/site-packages/airflow/example_dags/example_local_kubernetes_executor.py for tasks to queue
[2025-09-29T15:59:35.845+0000] {logging_mixin.py:188} INFO - [2025-09-29T15:59:35.844+0000] {dagbag.py:545} INFO - Filling up the DagBag from /home/airflow/.local/lib/python3.12/site-packages/airflow/example_dags/example_local_kubernetes_executor.py
[2025-09-29T15:59:35.862+0000] {processor.py:840} INFO - DAG(s) 'example_local_kubernetes_executor' retrieved from /home/airflow/.local/lib/python3.12/site-packages/airflow/example_dags/example_local_kubernetes_executor.py
[2025-09-29T15:59:35.945+0000] {logging_mixin.py:188} INFO - [2025-09-29T15:59:35.944+0000] {dag.py:3089} INFO - Sync 1 DAGs
[2025-09-29T15:59:35.972+0000] {logging_mixin.py:188} INFO - [2025-09-29T15:59:35.972+0000] {dag.py:3947} INFO - Setting next_dagrun for example_local_kubernetes_executor to None, run_after=None
[2025-09-29T15:59:36.017+0000] {processor.py:183} INFO - Processing /home/airflow/.local/lib/python3.12/site-packages/airflow/example_dags/example_local_kubernetes_executor.py took 0.194 seconds
[2025-09-29T16:00:04.815+0000] {processor.py:161} INFO - Started process (PID=13953) to work on /home/airflow/.local/lib/python3.12/site-packages/airflow/example_dags/example_local_kubernetes_executor.py
[2025-09-29T16:00:04.818+0000] {processor.py:830} INFO - Processing file /home/airflow/.local/lib/python3.12/site-packages/airflow/example_dags/example_local_kubernetes_executor.py for tasks to queue
[2025-09-29T16:00:04.822+0000] {logging_mixin.py:188} INFO - [2025-09-29T16:00:04.822+0000] {dagbag.py:545} INFO - Filling up the DagBag from /home/airflow/.local/lib/python3.12/site-packages/airflow/example_dags/example_local_kubernetes_executor.py
[2025-09-29T16:00:04.843+0000] {processor.py:840} INFO - DAG(s) 'example_local_kubernetes_executor' retrieved from /home/airflow/.local/lib/python3.12/site-packages/airflow/example_dags/example_local_kubernetes_executor.py
[2025-09-29T16:00:04.930+0000] {logging_mixin.py:188} INFO - [2025-09-29T16:00:04.929+0000] {dag.py:3089} INFO - Sync 1 DAGs
[2025-09-29T16:00:04.958+0000] {logging_mixin.py:188} INFO - [2025-09-29T16:00:04.957+0000] {dag.py:3947} INFO - Setting next_dagrun for example_local_kubernetes_executor to None, run_after=None
[2025-09-29T16:00:05.003+0000] {processor.py:183} INFO - Processing /home/airflow/.local/lib/python3.12/site-packages/airflow/example_dags/example_local_kubernetes_executor.py took 0.204 seconds
[2025-09-29T16:00:35.730+0000] {processor.py:161} INFO - Started process (PID=14208) to work on /home/airflow/.local/lib/python3.12/site-packages/airflow/example_dags/example_local_kubernetes_executor.py
[2025-09-29T16:00:35.733+0000] {processor.py:830} INFO - Processing file /home/airflow/.local/lib/python3.12/site-packages/airflow/example_dags/example_local_kubernetes_executor.py for tasks to queue
[2025-09-29T16:00:35.737+0000] {logging_mixin.py:188} INFO - [2025-09-29T16:00:35.736+0000] {dagbag.py:545} INFO - Filling up the DagBag from /home/airflow/.local/lib/python3.12/site-packages/airflow/example_dags/example_local_kubernetes_executor.py
[2025-09-29T16:00:35.754+0000] {processor.py:840} INFO - DAG(s) 'example_local_kubernetes_executor' retrieved from /home/airflow/.local/lib/python3.12/site-packages/airflow/example_dags/example_local_kubernetes_executor.py
[2025-09-29T16:00:35.852+0000] {logging_mixin.py:188} INFO - [2025-09-29T16:00:35.851+0000] {dag.py:3089} INFO - Sync 1 DAGs
[2025-09-29T16:00:35.881+0000] {logging_mixin.py:188} INFO - [2025-09-29T16:00:35.880+0000] {dag.py:3947} INFO - Setting next_dagrun for example_local_kubernetes_executor to None, run_after=None
[2025-09-29T16:00:35.929+0000] {processor.py:183} INFO - Processing /home/airflow/.local/lib/python3.12/site-packages/airflow/example_dags/example_local_kubernetes_executor.py took 0.214 seconds
[2025-09-29T16:01:06.870+0000] {processor.py:161} INFO - Started process (PID=14475) to work on /home/airflow/.local/lib/python3.12/site-packages/airflow/example_dags/example_local_kubernetes_executor.py
[2025-09-29T16:01:06.873+0000] {processor.py:830} INFO - Processing file /home/airflow/.local/lib/python3.12/site-packages/airflow/example_dags/example_local_kubernetes_executor.py for tasks to queue
[2025-09-29T16:01:06.878+0000] {logging_mixin.py:188} INFO - [2025-09-29T16:01:06.877+0000] {dagbag.py:545} INFO - Filling up the DagBag from /home/airflow/.local/lib/python3.12/site-packages/airflow/example_dags/example_local_kubernetes_executor.py
[2025-09-29T16:01:06.897+0000] {processor.py:840} INFO - DAG(s) 'example_local_kubernetes_executor' retrieved from /home/airflow/.local/lib/python3.12/site-packages/airflow/example_dags/example_local_kubernetes_executor.py
[2025-09-29T16:01:06.988+0000] {logging_mixin.py:188} INFO - [2025-09-29T16:01:06.988+0000] {dag.py:3089} INFO - Sync 1 DAGs
[2025-09-29T16:01:07.018+0000] {logging_mixin.py:188} INFO - [2025-09-29T16:01:07.017+0000] {dag.py:3947} INFO - Setting next_dagrun for example_local_kubernetes_executor to None, run_after=None
[2025-09-29T16:01:07.069+0000] {processor.py:183} INFO - Processing /home/airflow/.local/lib/python3.12/site-packages/airflow/example_dags/example_local_kubernetes_executor.py took 0.213 seconds
[2025-09-29T16:01:37.577+0000] {processor.py:161} INFO - Started process (PID=14737) to work on /home/airflow/.local/lib/python3.12/site-packages/airflow/example_dags/example_local_kubernetes_executor.py
[2025-09-29T16:01:37.580+0000] {processor.py:830} INFO - Processing file /home/airflow/.local/lib/python3.12/site-packages/airflow/example_dags/example_local_kubernetes_executor.py for tasks to queue
[2025-09-29T16:01:37.584+0000] {logging_mixin.py:188} INFO - [2025-09-29T16:01:37.583+0000] {dagbag.py:545} INFO - Filling up the DagBag from /home/airflow/.local/lib/python3.12/site-packages/airflow/example_dags/example_local_kubernetes_executor.py
[2025-09-29T16:01:37.602+0000] {processor.py:840} INFO - DAG(s) 'example_local_kubernetes_executor' retrieved from /home/airflow/.local/lib/python3.12/site-packages/airflow/example_dags/example_local_kubernetes_executor.py
[2025-09-29T16:01:37.687+0000] {logging_mixin.py:188} INFO - [2025-09-29T16:01:37.687+0000] {dag.py:3089} INFO - Sync 1 DAGs
[2025-09-29T16:01:37.719+0000] {logging_mixin.py:188} INFO - [2025-09-29T16:01:37.718+0000] {dag.py:3947} INFO - Setting next_dagrun for example_local_kubernetes_executor to None, run_after=None
[2025-09-29T16:01:37.773+0000] {processor.py:183} INFO - Processing /home/airflow/.local/lib/python3.12/site-packages/airflow/example_dags/example_local_kubernetes_executor.py took 0.211 seconds
[2025-09-29T16:02:08.454+0000] {processor.py:161} INFO - Started process (PID=14999) to work on /home/airflow/.local/lib/python3.12/site-packages/airflow/example_dags/example_local_kubernetes_executor.py
[2025-09-29T16:02:08.457+0000] {processor.py:830} INFO - Processing file /home/airflow/.local/lib/python3.12/site-packages/airflow/example_dags/example_local_kubernetes_executor.py for tasks to queue
[2025-09-29T16:02:08.461+0000] {logging_mixin.py:188} INFO - [2025-09-29T16:02:08.461+0000] {dagbag.py:545} INFO - Filling up the DagBag from /home/airflow/.local/lib/python3.12/site-packages/airflow/example_dags/example_local_kubernetes_executor.py
[2025-09-29T16:02:08.480+0000] {processor.py:840} INFO - DAG(s) 'example_local_kubernetes_executor' retrieved from /home/airflow/.local/lib/python3.12/site-packages/airflow/example_dags/example_local_kubernetes_executor.py
[2025-09-29T16:02:08.574+0000] {logging_mixin.py:188} INFO - [2025-09-29T16:02:08.573+0000] {dag.py:3089} INFO - Sync 1 DAGs
[2025-09-29T16:02:08.604+0000] {logging_mixin.py:188} INFO - [2025-09-29T16:02:08.604+0000] {dag.py:3947} INFO - Setting next_dagrun for example_local_kubernetes_executor to None, run_after=None
[2025-09-29T16:02:08.659+0000] {processor.py:183} INFO - Processing /home/airflow/.local/lib/python3.12/site-packages/airflow/example_dags/example_local_kubernetes_executor.py took 0.222 seconds
[2025-09-29T16:02:39.286+0000] {processor.py:161} INFO - Started process (PID=15261) to work on /home/airflow/.local/lib/python3.12/site-packages/airflow/example_dags/example_local_kubernetes_executor.py
[2025-09-29T16:02:39.289+0000] {processor.py:830} INFO - Processing file /home/airflow/.local/lib/python3.12/site-packages/airflow/example_dags/example_local_kubernetes_executor.py for tasks to queue
[2025-09-29T16:02:39.294+0000] {logging_mixin.py:188} INFO - [2025-09-29T16:02:39.293+0000] {dagbag.py:545} INFO - Filling up the DagBag from /home/airflow/.local/lib/python3.12/site-packages/airflow/example_dags/example_local_kubernetes_executor.py
[2025-09-29T16:02:39.317+0000] {processor.py:840} INFO - DAG(s) 'example_local_kubernetes_executor' retrieved from /home/airflow/.local/lib/python3.12/site-packages/airflow/example_dags/example_local_kubernetes_executor.py
[2025-09-29T16:02:39.417+0000] {logging_mixin.py:188} INFO - [2025-09-29T16:02:39.417+0000] {dag.py:3089} INFO - Sync 1 DAGs
[2025-09-29T16:02:39.446+0000] {logging_mixin.py:188} INFO - [2025-09-29T16:02:39.445+0000] {dag.py:3947} INFO - Setting next_dagrun for example_local_kubernetes_executor to None, run_after=None
[2025-09-29T16:02:39.497+0000] {processor.py:183} INFO - Processing /home/airflow/.local/lib/python3.12/site-packages/airflow/example_dags/example_local_kubernetes_executor.py took 0.228 seconds
[2025-09-29T16:03:09.656+0000] {processor.py:161} INFO - Started process (PID=15523) to work on /home/airflow/.local/lib/python3.12/site-packages/airflow/example_dags/example_local_kubernetes_executor.py
[2025-09-29T16:03:09.659+0000] {processor.py:830} INFO - Processing file /home/airflow/.local/lib/python3.12/site-packages/airflow/example_dags/example_local_kubernetes_executor.py for tasks to queue
[2025-09-29T16:03:09.664+0000] {logging_mixin.py:188} INFO - [2025-09-29T16:03:09.663+0000] {dagbag.py:545} INFO - Filling up the DagBag from /home/airflow/.local/lib/python3.12/site-packages/airflow/example_dags/example_local_kubernetes_executor.py
[2025-09-29T16:03:09.683+0000] {processor.py:840} INFO - DAG(s) 'example_local_kubernetes_executor' retrieved from /home/airflow/.local/lib/python3.12/site-packages/airflow/example_dags/example_local_kubernetes_executor.py
[2025-09-29T16:03:09.771+0000] {logging_mixin.py:188} INFO - [2025-09-29T16:03:09.770+0000] {dag.py:3089} INFO - Sync 1 DAGs
[2025-09-29T16:03:09.799+0000] {logging_mixin.py:188} INFO - [2025-09-29T16:03:09.798+0000] {dag.py:3947} INFO - Setting next_dagrun for example_local_kubernetes_executor to None, run_after=None
[2025-09-29T16:03:09.849+0000] {processor.py:183} INFO - Processing /home/airflow/.local/lib/python3.12/site-packages/airflow/example_dags/example_local_kubernetes_executor.py took 0.212 seconds
[2025-09-29T16:03:40.426+0000] {processor.py:161} INFO - Started process (PID=15785) to work on /home/airflow/.local/lib/python3.12/site-packages/airflow/example_dags/example_local_kubernetes_executor.py
[2025-09-29T16:03:40.428+0000] {processor.py:830} INFO - Processing file /home/airflow/.local/lib/python3.12/site-packages/airflow/example_dags/example_local_kubernetes_executor.py for tasks to queue
[2025-09-29T16:03:40.433+0000] {logging_mixin.py:188} INFO - [2025-09-29T16:03:40.432+0000] {dagbag.py:545} INFO - Filling up the DagBag from /home/airflow/.local/lib/python3.12/site-packages/airflow/example_dags/example_local_kubernetes_executor.py
[2025-09-29T16:03:40.451+0000] {processor.py:840} INFO - DAG(s) 'example_local_kubernetes_executor' retrieved from /home/airflow/.local/lib/python3.12/site-packages/airflow/example_dags/example_local_kubernetes_executor.py
[2025-09-29T16:03:40.544+0000] {logging_mixin.py:188} INFO - [2025-09-29T16:03:40.544+0000] {dag.py:3089} INFO - Sync 1 DAGs
[2025-09-29T16:03:40.574+0000] {logging_mixin.py:188} INFO - [2025-09-29T16:03:40.574+0000] {dag.py:3947} INFO - Setting next_dagrun for example_local_kubernetes_executor to None, run_after=None
[2025-09-29T16:03:40.621+0000] {processor.py:183} INFO - Processing /home/airflow/.local/lib/python3.12/site-packages/airflow/example_dags/example_local_kubernetes_executor.py took 0.210 seconds
[2025-09-29T16:04:10.854+0000] {processor.py:161} INFO - Started process (PID=16047) to work on /home/airflow/.local/lib/python3.12/site-packages/airflow/example_dags/example_local_kubernetes_executor.py
[2025-09-29T16:04:10.857+0000] {processor.py:830} INFO - Processing file /home/airflow/.local/lib/python3.12/site-packages/airflow/example_dags/example_local_kubernetes_executor.py for tasks to queue
[2025-09-29T16:04:10.861+0000] {logging_mixin.py:188} INFO - [2025-09-29T16:04:10.861+0000] {dagbag.py:545} INFO - Filling up the DagBag from /home/airflow/.local/lib/python3.12/site-packages/airflow/example_dags/example_local_kubernetes_executor.py
[2025-09-29T16:04:10.884+0000] {processor.py:840} INFO - DAG(s) 'example_local_kubernetes_executor' retrieved from /home/airflow/.local/lib/python3.12/site-packages/airflow/example_dags/example_local_kubernetes_executor.py
[2025-09-29T16:04:10.970+0000] {logging_mixin.py:188} INFO - [2025-09-29T16:04:10.969+0000] {dag.py:3089} INFO - Sync 1 DAGs
[2025-09-29T16:04:10.998+0000] {logging_mixin.py:188} INFO - [2025-09-29T16:04:10.997+0000] {dag.py:3947} INFO - Setting next_dagrun for example_local_kubernetes_executor to None, run_after=None
[2025-09-29T16:04:11.040+0000] {processor.py:183} INFO - Processing /home/airflow/.local/lib/python3.12/site-packages/airflow/example_dags/example_local_kubernetes_executor.py took 0.200 seconds
[2025-09-29T16:04:41.509+0000] {processor.py:161} INFO - Started process (PID=16309) to work on /home/airflow/.local/lib/python3.12/site-packages/airflow/example_dags/example_local_kubernetes_executor.py
[2025-09-29T16:04:41.511+0000] {processor.py:830} INFO - Processing file /home/airflow/.local/lib/python3.12/site-packages/airflow/example_dags/example_local_kubernetes_executor.py for tasks to queue
[2025-09-29T16:04:41.517+0000] {logging_mixin.py:188} INFO - [2025-09-29T16:04:41.516+0000] {dagbag.py:545} INFO - Filling up the DagBag from /home/airflow/.local/lib/python3.12/site-packages/airflow/example_dags/example_local_kubernetes_executor.py
[2025-09-29T16:04:41.551+0000] {processor.py:840} INFO - DAG(s) 'example_local_kubernetes_executor' retrieved from /home/airflow/.local/lib/python3.12/site-packages/airflow/example_dags/example_local_kubernetes_executor.py
[2025-09-29T16:04:41.641+0000] {logging_mixin.py:188} INFO - [2025-09-29T16:04:41.640+0000] {dag.py:3089} INFO - Sync 1 DAGs
[2025-09-29T16:04:41.672+0000] {logging_mixin.py:188} INFO - [2025-09-29T16:04:41.671+0000] {dag.py:3947} INFO - Setting next_dagrun for example_local_kubernetes_executor to None, run_after=None
[2025-09-29T16:04:41.720+0000] {processor.py:183} INFO - Processing /home/airflow/.local/lib/python3.12/site-packages/airflow/example_dags/example_local_kubernetes_executor.py took 0.227 seconds
[2025-09-29T16:05:12.123+0000] {processor.py:161} INFO - Started process (PID=16571) to work on /home/airflow/.local/lib/python3.12/site-packages/airflow/example_dags/example_local_kubernetes_executor.py
[2025-09-29T16:05:12.126+0000] {processor.py:830} INFO - Processing file /home/airflow/.local/lib/python3.12/site-packages/airflow/example_dags/example_local_kubernetes_executor.py for tasks to queue
[2025-09-29T16:05:12.130+0000] {logging_mixin.py:188} INFO - [2025-09-29T16:05:12.129+0000] {dagbag.py:545} INFO - Filling up the DagBag from /home/airflow/.local/lib/python3.12/site-packages/airflow/example_dags/example_local_kubernetes_executor.py
[2025-09-29T16:05:12.147+0000] {processor.py:840} INFO - DAG(s) 'example_local_kubernetes_executor' retrieved from /home/airflow/.local/lib/python3.12/site-packages/airflow/example_dags/example_local_kubernetes_executor.py
[2025-09-29T16:05:12.236+0000] {logging_mixin.py:188} INFO - [2025-09-29T16:05:12.235+0000] {dag.py:3089} INFO - Sync 1 DAGs
[2025-09-29T16:05:12.267+0000] {logging_mixin.py:188} INFO - [2025-09-29T16:05:12.267+0000] {dag.py:3947} INFO - Setting next_dagrun for example_local_kubernetes_executor to None, run_after=None
[2025-09-29T16:05:12.316+0000] {processor.py:183} INFO - Processing /home/airflow/.local/lib/python3.12/site-packages/airflow/example_dags/example_local_kubernetes_executor.py took 0.208 seconds
[2025-09-29T16:05:42.591+0000] {processor.py:161} INFO - Started process (PID=16833) to work on /home/airflow/.local/lib/python3.12/site-packages/airflow/example_dags/example_local_kubernetes_executor.py
[2025-09-29T16:05:42.593+0000] {processor.py:830} INFO - Processing file /home/airflow/.local/lib/python3.12/site-packages/airflow/example_dags/example_local_kubernetes_executor.py for tasks to queue
[2025-09-29T16:05:42.597+0000] {logging_mixin.py:188} INFO - [2025-09-29T16:05:42.596+0000] {dagbag.py:545} INFO - Filling up the DagBag from /home/airflow/.local/lib/python3.12/site-packages/airflow/example_dags/example_local_kubernetes_executor.py
[2025-09-29T16:05:42.614+0000] {processor.py:840} INFO - DAG(s) 'example_local_kubernetes_executor' retrieved from /home/airflow/.local/lib/python3.12/site-packages/airflow/example_dags/example_local_kubernetes_executor.py
[2025-09-29T16:05:42.698+0000] {logging_mixin.py:188} INFO - [2025-09-29T16:05:42.698+0000] {dag.py:3089} INFO - Sync 1 DAGs
[2025-09-29T16:05:42.726+0000] {logging_mixin.py:188} INFO - [2025-09-29T16:05:42.726+0000] {dag.py:3947} INFO - Setting next_dagrun for example_local_kubernetes_executor to None, run_after=None
[2025-09-29T16:05:42.773+0000] {processor.py:183} INFO - Processing /home/airflow/.local/lib/python3.12/site-packages/airflow/example_dags/example_local_kubernetes_executor.py took 0.197 seconds
[2025-09-29T16:06:13.401+0000] {processor.py:161} INFO - Started process (PID=17095) to work on /home/airflow/.local/lib/python3.12/site-packages/airflow/example_dags/example_local_kubernetes_executor.py
[2025-09-29T16:06:13.404+0000] {processor.py:830} INFO - Processing file /home/airflow/.local/lib/python3.12/site-packages/airflow/example_dags/example_local_kubernetes_executor.py for tasks to queue
[2025-09-29T16:06:13.408+0000] {logging_mixin.py:188} INFO - [2025-09-29T16:06:13.408+0000] {dagbag.py:545} INFO - Filling up the DagBag from /home/airflow/.local/lib/python3.12/site-packages/airflow/example_dags/example_local_kubernetes_executor.py
[2025-09-29T16:06:13.427+0000] {processor.py:840} INFO - DAG(s) 'example_local_kubernetes_executor' retrieved from /home/airflow/.local/lib/python3.12/site-packages/airflow/example_dags/example_local_kubernetes_executor.py
[2025-09-29T16:06:13.516+0000] {logging_mixin.py:188} INFO - [2025-09-29T16:06:13.515+0000] {dag.py:3089} INFO - Sync 1 DAGs
[2025-09-29T16:06:13.544+0000] {logging_mixin.py:188} INFO - [2025-09-29T16:06:13.544+0000] {dag.py:3947} INFO - Setting next_dagrun for example_local_kubernetes_executor to None, run_after=None
[2025-09-29T16:06:13.589+0000] {processor.py:183} INFO - Processing /home/airflow/.local/lib/python3.12/site-packages/airflow/example_dags/example_local_kubernetes_executor.py took 0.203 seconds
[2025-09-29T16:06:44.162+0000] {processor.py:161} INFO - Started process (PID=17357) to work on /home/airflow/.local/lib/python3.12/site-packages/airflow/example_dags/example_local_kubernetes_executor.py
[2025-09-29T16:06:44.163+0000] {processor.py:830} INFO - Processing file /home/airflow/.local/lib/python3.12/site-packages/airflow/example_dags/example_local_kubernetes_executor.py for tasks to queue
[2025-09-29T16:06:44.167+0000] {logging_mixin.py:188} INFO - [2025-09-29T16:06:44.167+0000] {dagbag.py:545} INFO - Filling up the DagBag from /home/airflow/.local/lib/python3.12/site-packages/airflow/example_dags/example_local_kubernetes_executor.py
[2025-09-29T16:06:44.185+0000] {processor.py:840} INFO - DAG(s) 'example_local_kubernetes_executor' retrieved from /home/airflow/.local/lib/python3.12/site-packages/airflow/example_dags/example_local_kubernetes_executor.py
[2025-09-29T16:06:44.281+0000] {logging_mixin.py:188} INFO - [2025-09-29T16:06:44.281+0000] {dag.py:3089} INFO - Sync 1 DAGs
[2025-09-29T16:06:44.310+0000] {logging_mixin.py:188} INFO - [2025-09-29T16:06:44.309+0000] {dag.py:3947} INFO - Setting next_dagrun for example_local_kubernetes_executor to None, run_after=None
[2025-09-29T16:06:44.354+0000] {processor.py:183} INFO - Processing /home/airflow/.local/lib/python3.12/site-packages/airflow/example_dags/example_local_kubernetes_executor.py took 0.207 seconds
[2025-09-29T16:07:14.923+0000] {processor.py:161} INFO - Started process (PID=17621) to work on /home/airflow/.local/lib/python3.12/site-packages/airflow/example_dags/example_local_kubernetes_executor.py
[2025-09-29T16:07:14.926+0000] {processor.py:830} INFO - Processing file /home/airflow/.local/lib/python3.12/site-packages/airflow/example_dags/example_local_kubernetes_executor.py for tasks to queue
[2025-09-29T16:07:14.931+0000] {logging_mixin.py:188} INFO - [2025-09-29T16:07:14.930+0000] {dagbag.py:545} INFO - Filling up the DagBag from /home/airflow/.local/lib/python3.12/site-packages/airflow/example_dags/example_local_kubernetes_executor.py
[2025-09-29T16:07:14.949+0000] {processor.py:840} INFO - DAG(s) 'example_local_kubernetes_executor' retrieved from /home/airflow/.local/lib/python3.12/site-packages/airflow/example_dags/example_local_kubernetes_executor.py
[2025-09-29T16:07:15.043+0000] {logging_mixin.py:188} INFO - [2025-09-29T16:07:15.043+0000] {dag.py:3089} INFO - Sync 1 DAGs
[2025-09-29T16:07:15.078+0000] {logging_mixin.py:188} INFO - [2025-09-29T16:07:15.077+0000] {dag.py:3947} INFO - Setting next_dagrun for example_local_kubernetes_executor to None, run_after=None
[2025-09-29T16:07:15.135+0000] {processor.py:183} INFO - Processing /home/airflow/.local/lib/python3.12/site-packages/airflow/example_dags/example_local_kubernetes_executor.py took 0.230 seconds
[2025-09-29T16:07:45.468+0000] {processor.py:161} INFO - Started process (PID=17883) to work on /home/airflow/.local/lib/python3.12/site-packages/airflow/example_dags/example_local_kubernetes_executor.py
[2025-09-29T16:07:45.471+0000] {processor.py:830} INFO - Processing file /home/airflow/.local/lib/python3.12/site-packages/airflow/example_dags/example_local_kubernetes_executor.py for tasks to queue
[2025-09-29T16:07:45.475+0000] {logging_mixin.py:188} INFO - [2025-09-29T16:07:45.475+0000] {dagbag.py:545} INFO - Filling up the DagBag from /home/airflow/.local/lib/python3.12/site-packages/airflow/example_dags/example_local_kubernetes_executor.py
[2025-09-29T16:07:45.494+0000] {processor.py:840} INFO - DAG(s) 'example_local_kubernetes_executor' retrieved from /home/airflow/.local/lib/python3.12/site-packages/airflow/example_dags/example_local_kubernetes_executor.py
[2025-09-29T16:07:45.578+0000] {logging_mixin.py:188} INFO - [2025-09-29T16:07:45.577+0000] {dag.py:3089} INFO - Sync 1 DAGs
[2025-09-29T16:07:45.610+0000] {logging_mixin.py:188} INFO - [2025-09-29T16:07:45.609+0000] {dag.py:3947} INFO - Setting next_dagrun for example_local_kubernetes_executor to None, run_after=None
[2025-09-29T16:07:45.663+0000] {processor.py:183} INFO - Processing /home/airflow/.local/lib/python3.12/site-packages/airflow/example_dags/example_local_kubernetes_executor.py took 0.210 seconds
[2025-09-29T16:08:16.567+0000] {processor.py:161} INFO - Started process (PID=18143) to work on /home/airflow/.local/lib/python3.12/site-packages/airflow/example_dags/example_local_kubernetes_executor.py
[2025-09-29T16:08:16.569+0000] {processor.py:830} INFO - Processing file /home/airflow/.local/lib/python3.12/site-packages/airflow/example_dags/example_local_kubernetes_executor.py for tasks to queue
[2025-09-29T16:08:16.574+0000] {logging_mixin.py:188} INFO - [2025-09-29T16:08:16.573+0000] {dagbag.py:545} INFO - Filling up the DagBag from /home/airflow/.local/lib/python3.12/site-packages/airflow/example_dags/example_local_kubernetes_executor.py
[2025-09-29T16:08:16.592+0000] {processor.py:840} INFO - DAG(s) 'example_local_kubernetes_executor' retrieved from /home/airflow/.local/lib/python3.12/site-packages/airflow/example_dags/example_local_kubernetes_executor.py
[2025-09-29T16:08:16.681+0000] {logging_mixin.py:188} INFO - [2025-09-29T16:08:16.680+0000] {dag.py:3089} INFO - Sync 1 DAGs
[2025-09-29T16:08:16.711+0000] {logging_mixin.py:188} INFO - [2025-09-29T16:08:16.711+0000] {dag.py:3947} INFO - Setting next_dagrun for example_local_kubernetes_executor to None, run_after=None
[2025-09-29T16:08:16.768+0000] {processor.py:183} INFO - Processing /home/airflow/.local/lib/python3.12/site-packages/airflow/example_dags/example_local_kubernetes_executor.py took 0.216 seconds
[2025-09-29T16:08:48.347+0000] {processor.py:161} INFO - Started process (PID=18407) to work on /home/airflow/.local/lib/python3.12/site-packages/airflow/example_dags/example_local_kubernetes_executor.py
[2025-09-29T16:08:48.350+0000] {processor.py:830} INFO - Processing file /home/airflow/.local/lib/python3.12/site-packages/airflow/example_dags/example_local_kubernetes_executor.py for tasks to queue
[2025-09-29T16:08:48.355+0000] {logging_mixin.py:188} INFO - [2025-09-29T16:08:48.354+0000] {dagbag.py:545} INFO - Filling up the DagBag from /home/airflow/.local/lib/python3.12/site-packages/airflow/example_dags/example_local_kubernetes_executor.py
[2025-09-29T16:08:48.373+0000] {processor.py:840} INFO - DAG(s) 'example_local_kubernetes_executor' retrieved from /home/airflow/.local/lib/python3.12/site-packages/airflow/example_dags/example_local_kubernetes_executor.py
[2025-09-29T16:08:48.484+0000] {logging_mixin.py:188} INFO - [2025-09-29T16:08:48.484+0000] {dag.py:3089} INFO - Sync 1 DAGs
[2025-09-29T16:08:48.520+0000] {logging_mixin.py:188} INFO - [2025-09-29T16:08:48.519+0000] {dag.py:3947} INFO - Setting next_dagrun for example_local_kubernetes_executor to None, run_after=None
[2025-09-29T16:08:48.571+0000] {processor.py:183} INFO - Processing /home/airflow/.local/lib/python3.12/site-packages/airflow/example_dags/example_local_kubernetes_executor.py took 0.238 seconds
[2025-09-29T16:09:19.101+0000] {processor.py:161} INFO - Started process (PID=18668) to work on /home/airflow/.local/lib/python3.12/site-packages/airflow/example_dags/example_local_kubernetes_executor.py
[2025-09-29T16:09:19.104+0000] {processor.py:830} INFO - Processing file /home/airflow/.local/lib/python3.12/site-packages/airflow/example_dags/example_local_kubernetes_executor.py for tasks to queue
[2025-09-29T16:09:19.108+0000] {logging_mixin.py:188} INFO - [2025-09-29T16:09:19.108+0000] {dagbag.py:545} INFO - Filling up the DagBag from /home/airflow/.local/lib/python3.12/site-packages/airflow/example_dags/example_local_kubernetes_executor.py
[2025-09-29T16:09:19.128+0000] {processor.py:840} INFO - DAG(s) 'example_local_kubernetes_executor' retrieved from /home/airflow/.local/lib/python3.12/site-packages/airflow/example_dags/example_local_kubernetes_executor.py
[2025-09-29T16:09:19.215+0000] {logging_mixin.py:188} INFO - [2025-09-29T16:09:19.214+0000] {dag.py:3089} INFO - Sync 1 DAGs
[2025-09-29T16:09:19.245+0000] {logging_mixin.py:188} INFO - [2025-09-29T16:09:19.245+0000] {dag.py:3947} INFO - Setting next_dagrun for example_local_kubernetes_executor to None, run_after=None
[2025-09-29T16:09:19.295+0000] {processor.py:183} INFO - Processing /home/airflow/.local/lib/python3.12/site-packages/airflow/example_dags/example_local_kubernetes_executor.py took 0.209 seconds
[2025-09-29T16:09:49.757+0000] {processor.py:161} INFO - Started process (PID=18928) to work on /home/airflow/.local/lib/python3.12/site-packages/airflow/example_dags/example_local_kubernetes_executor.py
[2025-09-29T16:09:49.760+0000] {processor.py:830} INFO - Processing file /home/airflow/.local/lib/python3.12/site-packages/airflow/example_dags/example_local_kubernetes_executor.py for tasks to queue
[2025-09-29T16:09:49.764+0000] {logging_mixin.py:188} INFO - [2025-09-29T16:09:49.763+0000] {dagbag.py:545} INFO - Filling up the DagBag from /home/airflow/.local/lib/python3.12/site-packages/airflow/example_dags/example_local_kubernetes_executor.py
[2025-09-29T16:09:49.781+0000] {processor.py:840} INFO - DAG(s) 'example_local_kubernetes_executor' retrieved from /home/airflow/.local/lib/python3.12/site-packages/airflow/example_dags/example_local_kubernetes_executor.py
[2025-09-29T16:09:49.863+0000] {logging_mixin.py:188} INFO - [2025-09-29T16:09:49.862+0000] {dag.py:3089} INFO - Sync 1 DAGs
[2025-09-29T16:09:49.895+0000] {logging_mixin.py:188} INFO - [2025-09-29T16:09:49.894+0000] {dag.py:3947} INFO - Setting next_dagrun for example_local_kubernetes_executor to None, run_after=None
[2025-09-29T16:09:49.948+0000] {processor.py:183} INFO - Processing /home/airflow/.local/lib/python3.12/site-packages/airflow/example_dags/example_local_kubernetes_executor.py took 0.206 seconds
[2025-09-29T16:10:20.321+0000] {processor.py:161} INFO - Started process (PID=19190) to work on /home/airflow/.local/lib/python3.12/site-packages/airflow/example_dags/example_local_kubernetes_executor.py
[2025-09-29T16:10:20.324+0000] {processor.py:830} INFO - Processing file /home/airflow/.local/lib/python3.12/site-packages/airflow/example_dags/example_local_kubernetes_executor.py for tasks to queue
[2025-09-29T16:10:20.328+0000] {logging_mixin.py:188} INFO - [2025-09-29T16:10:20.327+0000] {dagbag.py:545} INFO - Filling up the DagBag from /home/airflow/.local/lib/python3.12/site-packages/airflow/example_dags/example_local_kubernetes_executor.py
[2025-09-29T16:10:20.348+0000] {processor.py:840} INFO - DAG(s) 'example_local_kubernetes_executor' retrieved from /home/airflow/.local/lib/python3.12/site-packages/airflow/example_dags/example_local_kubernetes_executor.py
[2025-09-29T16:10:20.430+0000] {logging_mixin.py:188} INFO - [2025-09-29T16:10:20.430+0000] {dag.py:3089} INFO - Sync 1 DAGs
[2025-09-29T16:10:20.458+0000] {logging_mixin.py:188} INFO - [2025-09-29T16:10:20.457+0000] {dag.py:3947} INFO - Setting next_dagrun for example_local_kubernetes_executor to None, run_after=None
[2025-09-29T16:10:20.509+0000] {processor.py:183} INFO - Processing /home/airflow/.local/lib/python3.12/site-packages/airflow/example_dags/example_local_kubernetes_executor.py took 0.202 seconds
[2025-09-29T16:10:51.033+0000] {processor.py:161} INFO - Started process (PID=19450) to work on /home/airflow/.local/lib/python3.12/site-packages/airflow/example_dags/example_local_kubernetes_executor.py
[2025-09-29T16:10:51.036+0000] {processor.py:830} INFO - Processing file /home/airflow/.local/lib/python3.12/site-packages/airflow/example_dags/example_local_kubernetes_executor.py for tasks to queue
[2025-09-29T16:10:51.039+0000] {logging_mixin.py:188} INFO - [2025-09-29T16:10:51.038+0000] {dagbag.py:545} INFO - Filling up the DagBag from /home/airflow/.local/lib/python3.12/site-packages/airflow/example_dags/example_local_kubernetes_executor.py
[2025-09-29T16:10:51.060+0000] {processor.py:840} INFO - DAG(s) 'example_local_kubernetes_executor' retrieved from /home/airflow/.local/lib/python3.12/site-packages/airflow/example_dags/example_local_kubernetes_executor.py
[2025-09-29T16:10:51.147+0000] {logging_mixin.py:188} INFO - [2025-09-29T16:10:51.147+0000] {dag.py:3089} INFO - Sync 1 DAGs
[2025-09-29T16:10:51.175+0000] {logging_mixin.py:188} INFO - [2025-09-29T16:10:51.174+0000] {dag.py:3947} INFO - Setting next_dagrun for example_local_kubernetes_executor to None, run_after=None
[2025-09-29T16:10:51.230+0000] {processor.py:183} INFO - Processing /home/airflow/.local/lib/python3.12/site-packages/airflow/example_dags/example_local_kubernetes_executor.py took 0.214 seconds
[2025-09-29T16:11:21.617+0000] {processor.py:161} INFO - Started process (PID=19712) to work on /home/airflow/.local/lib/python3.12/site-packages/airflow/example_dags/example_local_kubernetes_executor.py
[2025-09-29T16:11:21.621+0000] {processor.py:830} INFO - Processing file /home/airflow/.local/lib/python3.12/site-packages/airflow/example_dags/example_local_kubernetes_executor.py for tasks to queue
[2025-09-29T16:11:21.625+0000] {logging_mixin.py:188} INFO - [2025-09-29T16:11:21.622+0000] {dagbag.py:545} INFO - Filling up the DagBag from /home/airflow/.local/lib/python3.12/site-packages/airflow/example_dags/example_local_kubernetes_executor.py
[2025-09-29T16:11:21.647+0000] {processor.py:840} INFO - DAG(s) 'example_local_kubernetes_executor' retrieved from /home/airflow/.local/lib/python3.12/site-packages/airflow/example_dags/example_local_kubernetes_executor.py
[2025-09-29T16:11:21.755+0000] {logging_mixin.py:188} INFO - [2025-09-29T16:11:21.754+0000] {dag.py:3089} INFO - Sync 1 DAGs
[2025-09-29T16:11:21.784+0000] {logging_mixin.py:188} INFO - [2025-09-29T16:11:21.784+0000] {dag.py:3947} INFO - Setting next_dagrun for example_local_kubernetes_executor to None, run_after=None
[2025-09-29T16:11:21.832+0000] {processor.py:183} INFO - Processing /home/airflow/.local/lib/python3.12/site-packages/airflow/example_dags/example_local_kubernetes_executor.py took 0.235 seconds
[2025-09-29T16:11:52.361+0000] {processor.py:161} INFO - Started process (PID=19973) to work on /home/airflow/.local/lib/python3.12/site-packages/airflow/example_dags/example_local_kubernetes_executor.py
[2025-09-29T16:11:52.364+0000] {processor.py:830} INFO - Processing file /home/airflow/.local/lib/python3.12/site-packages/airflow/example_dags/example_local_kubernetes_executor.py for tasks to queue
[2025-09-29T16:11:52.367+0000] {logging_mixin.py:188} INFO - [2025-09-29T16:11:52.366+0000] {dagbag.py:545} INFO - Filling up the DagBag from /home/airflow/.local/lib/python3.12/site-packages/airflow/example_dags/example_local_kubernetes_executor.py
[2025-09-29T16:11:52.392+0000] {processor.py:840} INFO - DAG(s) 'example_local_kubernetes_executor' retrieved from /home/airflow/.local/lib/python3.12/site-packages/airflow/example_dags/example_local_kubernetes_executor.py
[2025-09-29T16:11:52.484+0000] {logging_mixin.py:188} INFO - [2025-09-29T16:11:52.484+0000] {dag.py:3089} INFO - Sync 1 DAGs
[2025-09-29T16:11:52.524+0000] {logging_mixin.py:188} INFO - [2025-09-29T16:11:52.524+0000] {dag.py:3947} INFO - Setting next_dagrun for example_local_kubernetes_executor to None, run_after=None
[2025-09-29T16:11:52.580+0000] {processor.py:183} INFO - Processing /home/airflow/.local/lib/python3.12/site-packages/airflow/example_dags/example_local_kubernetes_executor.py took 0.235 seconds
[2025-09-29T16:12:22.728+0000] {processor.py:161} INFO - Started process (PID=20234) to work on /home/airflow/.local/lib/python3.12/site-packages/airflow/example_dags/example_local_kubernetes_executor.py
[2025-09-29T16:12:22.731+0000] {processor.py:830} INFO - Processing file /home/airflow/.local/lib/python3.12/site-packages/airflow/example_dags/example_local_kubernetes_executor.py for tasks to queue
[2025-09-29T16:12:22.733+0000] {logging_mixin.py:188} INFO - [2025-09-29T16:12:22.732+0000] {dagbag.py:545} INFO - Filling up the DagBag from /home/airflow/.local/lib/python3.12/site-packages/airflow/example_dags/example_local_kubernetes_executor.py
[2025-09-29T16:12:22.753+0000] {processor.py:840} INFO - DAG(s) 'example_local_kubernetes_executor' retrieved from /home/airflow/.local/lib/python3.12/site-packages/airflow/example_dags/example_local_kubernetes_executor.py
[2025-09-29T16:12:22.836+0000] {logging_mixin.py:188} INFO - [2025-09-29T16:12:22.835+0000] {dag.py:3089} INFO - Sync 1 DAGs
[2025-09-29T16:12:22.863+0000] {logging_mixin.py:188} INFO - [2025-09-29T16:12:22.863+0000] {dag.py:3947} INFO - Setting next_dagrun for example_local_kubernetes_executor to None, run_after=None
[2025-09-29T16:12:22.909+0000] {processor.py:183} INFO - Processing /home/airflow/.local/lib/python3.12/site-packages/airflow/example_dags/example_local_kubernetes_executor.py took 0.198 seconds
[2025-09-29T16:12:53.466+0000] {processor.py:161} INFO - Started process (PID=20495) to work on /home/airflow/.local/lib/python3.12/site-packages/airflow/example_dags/example_local_kubernetes_executor.py
[2025-09-29T16:12:53.469+0000] {processor.py:830} INFO - Processing file /home/airflow/.local/lib/python3.12/site-packages/airflow/example_dags/example_local_kubernetes_executor.py for tasks to queue
[2025-09-29T16:12:53.473+0000] {logging_mixin.py:188} INFO - [2025-09-29T16:12:53.471+0000] {dagbag.py:545} INFO - Filling up the DagBag from /home/airflow/.local/lib/python3.12/site-packages/airflow/example_dags/example_local_kubernetes_executor.py
[2025-09-29T16:12:53.499+0000] {processor.py:840} INFO - DAG(s) 'example_local_kubernetes_executor' retrieved from /home/airflow/.local/lib/python3.12/site-packages/airflow/example_dags/example_local_kubernetes_executor.py
[2025-09-29T16:12:53.606+0000] {logging_mixin.py:188} INFO - [2025-09-29T16:12:53.605+0000] {dag.py:3089} INFO - Sync 1 DAGs
[2025-09-29T16:12:53.649+0000] {logging_mixin.py:188} INFO - [2025-09-29T16:12:53.648+0000] {dag.py:3947} INFO - Setting next_dagrun for example_local_kubernetes_executor to None, run_after=None
[2025-09-29T16:12:53.715+0000] {processor.py:183} INFO - Processing /home/airflow/.local/lib/python3.12/site-packages/airflow/example_dags/example_local_kubernetes_executor.py took 0.268 seconds
[2025-09-29T16:13:24.586+0000] {processor.py:161} INFO - Started process (PID=20756) to work on /home/airflow/.local/lib/python3.12/site-packages/airflow/example_dags/example_local_kubernetes_executor.py
[2025-09-29T16:13:24.589+0000] {processor.py:830} INFO - Processing file /home/airflow/.local/lib/python3.12/site-packages/airflow/example_dags/example_local_kubernetes_executor.py for tasks to queue
[2025-09-29T16:13:24.592+0000] {logging_mixin.py:188} INFO - [2025-09-29T16:13:24.591+0000] {dagbag.py:545} INFO - Filling up the DagBag from /home/airflow/.local/lib/python3.12/site-packages/airflow/example_dags/example_local_kubernetes_executor.py
[2025-09-29T16:13:24.613+0000] {processor.py:840} INFO - DAG(s) 'example_local_kubernetes_executor' retrieved from /home/airflow/.local/lib/python3.12/site-packages/airflow/example_dags/example_local_kubernetes_executor.py
[2025-09-29T16:13:24.706+0000] {logging_mixin.py:188} INFO - [2025-09-29T16:13:24.706+0000] {dag.py:3089} INFO - Sync 1 DAGs
[2025-09-29T16:13:24.738+0000] {logging_mixin.py:188} INFO - [2025-09-29T16:13:24.737+0000] {dag.py:3947} INFO - Setting next_dagrun for example_local_kubernetes_executor to None, run_after=None
[2025-09-29T16:13:24.791+0000] {processor.py:183} INFO - Processing /home/airflow/.local/lib/python3.12/site-packages/airflow/example_dags/example_local_kubernetes_executor.py took 0.221 seconds
[2025-09-29T16:13:55.063+0000] {processor.py:161} INFO - Started process (PID=21017) to work on /home/airflow/.local/lib/python3.12/site-packages/airflow/example_dags/example_local_kubernetes_executor.py
[2025-09-29T16:13:55.065+0000] {processor.py:830} INFO - Processing file /home/airflow/.local/lib/python3.12/site-packages/airflow/example_dags/example_local_kubernetes_executor.py for tasks to queue
[2025-09-29T16:13:55.067+0000] {logging_mixin.py:188} INFO - [2025-09-29T16:13:55.067+0000] {dagbag.py:545} INFO - Filling up the DagBag from /home/airflow/.local/lib/python3.12/site-packages/airflow/example_dags/example_local_kubernetes_executor.py
[2025-09-29T16:13:55.086+0000] {processor.py:840} INFO - DAG(s) 'example_local_kubernetes_executor' retrieved from /home/airflow/.local/lib/python3.12/site-packages/airflow/example_dags/example_local_kubernetes_executor.py
[2025-09-29T16:13:55.172+0000] {logging_mixin.py:188} INFO - [2025-09-29T16:13:55.171+0000] {dag.py:3089} INFO - Sync 1 DAGs
[2025-09-29T16:13:55.201+0000] {logging_mixin.py:188} INFO - [2025-09-29T16:13:55.200+0000] {dag.py:3947} INFO - Setting next_dagrun for example_local_kubernetes_executor to None, run_after=None
[2025-09-29T16:13:55.252+0000] {processor.py:183} INFO - Processing /home/airflow/.local/lib/python3.12/site-packages/airflow/example_dags/example_local_kubernetes_executor.py took 0.204 seconds
[2025-09-29T16:14:25.752+0000] {processor.py:161} INFO - Started process (PID=21278) to work on /home/airflow/.local/lib/python3.12/site-packages/airflow/example_dags/example_local_kubernetes_executor.py
[2025-09-29T16:14:25.755+0000] {processor.py:830} INFO - Processing file /home/airflow/.local/lib/python3.12/site-packages/airflow/example_dags/example_local_kubernetes_executor.py for tasks to queue
[2025-09-29T16:14:25.757+0000] {logging_mixin.py:188} INFO - [2025-09-29T16:14:25.756+0000] {dagbag.py:545} INFO - Filling up the DagBag from /home/airflow/.local/lib/python3.12/site-packages/airflow/example_dags/example_local_kubernetes_executor.py
[2025-09-29T16:14:25.779+0000] {processor.py:840} INFO - DAG(s) 'example_local_kubernetes_executor' retrieved from /home/airflow/.local/lib/python3.12/site-packages/airflow/example_dags/example_local_kubernetes_executor.py
[2025-09-29T16:14:25.874+0000] {logging_mixin.py:188} INFO - [2025-09-29T16:14:25.873+0000] {dag.py:3089} INFO - Sync 1 DAGs
[2025-09-29T16:14:25.904+0000] {logging_mixin.py:188} INFO - [2025-09-29T16:14:25.904+0000] {dag.py:3947} INFO - Setting next_dagrun for example_local_kubernetes_executor to None, run_after=None
[2025-09-29T16:14:25.952+0000] {processor.py:183} INFO - Processing /home/airflow/.local/lib/python3.12/site-packages/airflow/example_dags/example_local_kubernetes_executor.py took 0.215 seconds
[2025-09-29T16:14:57.086+0000] {processor.py:161} INFO - Started process (PID=21539) to work on /home/airflow/.local/lib/python3.12/site-packages/airflow/example_dags/example_local_kubernetes_executor.py
[2025-09-29T16:14:57.089+0000] {processor.py:830} INFO - Processing file /home/airflow/.local/lib/python3.12/site-packages/airflow/example_dags/example_local_kubernetes_executor.py for tasks to queue
[2025-09-29T16:14:57.092+0000] {logging_mixin.py:188} INFO - [2025-09-29T16:14:57.091+0000] {dagbag.py:545} INFO - Filling up the DagBag from /home/airflow/.local/lib/python3.12/site-packages/airflow/example_dags/example_local_kubernetes_executor.py
[2025-09-29T16:14:57.126+0000] {processor.py:840} INFO - DAG(s) 'example_local_kubernetes_executor' retrieved from /home/airflow/.local/lib/python3.12/site-packages/airflow/example_dags/example_local_kubernetes_executor.py
[2025-09-29T16:14:57.266+0000] {logging_mixin.py:188} INFO - [2025-09-29T16:14:57.265+0000] {dag.py:3089} INFO - Sync 1 DAGs
[2025-09-29T16:14:57.345+0000] {logging_mixin.py:188} INFO - [2025-09-29T16:14:57.344+0000] {dag.py:3947} INFO - Setting next_dagrun for example_local_kubernetes_executor to None, run_after=None
[2025-09-29T16:14:57.482+0000] {processor.py:183} INFO - Processing /home/airflow/.local/lib/python3.12/site-packages/airflow/example_dags/example_local_kubernetes_executor.py took 0.421 seconds
[2025-09-29T16:15:28.468+0000] {processor.py:161} INFO - Started process (PID=21800) to work on /home/airflow/.local/lib/python3.12/site-packages/airflow/example_dags/example_local_kubernetes_executor.py
[2025-09-29T16:15:28.484+0000] {processor.py:830} INFO - Processing file /home/airflow/.local/lib/python3.12/site-packages/airflow/example_dags/example_local_kubernetes_executor.py for tasks to queue
[2025-09-29T16:15:28.487+0000] {logging_mixin.py:188} INFO - [2025-09-29T16:15:28.486+0000] {dagbag.py:545} INFO - Filling up the DagBag from /home/airflow/.local/lib/python3.12/site-packages/airflow/example_dags/example_local_kubernetes_executor.py
[2025-09-29T16:15:28.508+0000] {processor.py:840} INFO - DAG(s) 'example_local_kubernetes_executor' retrieved from /home/airflow/.local/lib/python3.12/site-packages/airflow/example_dags/example_local_kubernetes_executor.py
[2025-09-29T16:15:28.593+0000] {logging_mixin.py:188} INFO - [2025-09-29T16:15:28.593+0000] {dag.py:3089} INFO - Sync 1 DAGs
[2025-09-29T16:15:28.625+0000] {logging_mixin.py:188} INFO - [2025-09-29T16:15:28.624+0000] {dag.py:3947} INFO - Setting next_dagrun for example_local_kubernetes_executor to None, run_after=None
[2025-09-29T16:15:28.682+0000] {processor.py:183} INFO - Processing /home/airflow/.local/lib/python3.12/site-packages/airflow/example_dags/example_local_kubernetes_executor.py took 0.229 seconds
[2025-09-29T16:15:59.133+0000] {processor.py:161} INFO - Started process (PID=22061) to work on /home/airflow/.local/lib/python3.12/site-packages/airflow/example_dags/example_local_kubernetes_executor.py
[2025-09-29T16:15:59.137+0000] {processor.py:830} INFO - Processing file /home/airflow/.local/lib/python3.12/site-packages/airflow/example_dags/example_local_kubernetes_executor.py for tasks to queue
[2025-09-29T16:15:59.139+0000] {logging_mixin.py:188} INFO - [2025-09-29T16:15:59.139+0000] {dagbag.py:545} INFO - Filling up the DagBag from /home/airflow/.local/lib/python3.12/site-packages/airflow/example_dags/example_local_kubernetes_executor.py
[2025-09-29T16:15:59.159+0000] {processor.py:840} INFO - DAG(s) 'example_local_kubernetes_executor' retrieved from /home/airflow/.local/lib/python3.12/site-packages/airflow/example_dags/example_local_kubernetes_executor.py
[2025-09-29T16:15:59.251+0000] {logging_mixin.py:188} INFO - [2025-09-29T16:15:59.250+0000] {dag.py:3089} INFO - Sync 1 DAGs
[2025-09-29T16:15:59.285+0000] {logging_mixin.py:188} INFO - [2025-09-29T16:15:59.284+0000] {dag.py:3947} INFO - Setting next_dagrun for example_local_kubernetes_executor to None, run_after=None
[2025-09-29T16:15:59.347+0000] {processor.py:183} INFO - Processing /home/airflow/.local/lib/python3.12/site-packages/airflow/example_dags/example_local_kubernetes_executor.py took 0.230 seconds
[2025-09-29T16:16:29.722+0000] {processor.py:161} INFO - Started process (PID=22322) to work on /home/airflow/.local/lib/python3.12/site-packages/airflow/example_dags/example_local_kubernetes_executor.py
[2025-09-29T16:16:29.725+0000] {processor.py:830} INFO - Processing file /home/airflow/.local/lib/python3.12/site-packages/airflow/example_dags/example_local_kubernetes_executor.py for tasks to queue
[2025-09-29T16:16:29.727+0000] {logging_mixin.py:188} INFO - [2025-09-29T16:16:29.726+0000] {dagbag.py:545} INFO - Filling up the DagBag from /home/airflow/.local/lib/python3.12/site-packages/airflow/example_dags/example_local_kubernetes_executor.py
[2025-09-29T16:16:29.745+0000] {processor.py:840} INFO - DAG(s) 'example_local_kubernetes_executor' retrieved from /home/airflow/.local/lib/python3.12/site-packages/airflow/example_dags/example_local_kubernetes_executor.py
[2025-09-29T16:16:29.834+0000] {logging_mixin.py:188} INFO - [2025-09-29T16:16:29.833+0000] {dag.py:3089} INFO - Sync 1 DAGs
[2025-09-29T16:16:29.867+0000] {logging_mixin.py:188} INFO - [2025-09-29T16:16:29.866+0000] {dag.py:3947} INFO - Setting next_dagrun for example_local_kubernetes_executor to None, run_after=None
[2025-09-29T16:16:29.927+0000] {processor.py:183} INFO - Processing /home/airflow/.local/lib/python3.12/site-packages/airflow/example_dags/example_local_kubernetes_executor.py took 0.219 seconds
[2025-09-29T16:17:00.370+0000] {processor.py:161} INFO - Started process (PID=22583) to work on /home/airflow/.local/lib/python3.12/site-packages/airflow/example_dags/example_local_kubernetes_executor.py
[2025-09-29T16:17:00.374+0000] {processor.py:830} INFO - Processing file /home/airflow/.local/lib/python3.12/site-packages/airflow/example_dags/example_local_kubernetes_executor.py for tasks to queue
[2025-09-29T16:17:00.378+0000] {logging_mixin.py:188} INFO - [2025-09-29T16:17:00.376+0000] {dagbag.py:545} INFO - Filling up the DagBag from /home/airflow/.local/lib/python3.12/site-packages/airflow/example_dags/example_local_kubernetes_executor.py
[2025-09-29T16:17:00.412+0000] {processor.py:840} INFO - DAG(s) 'example_local_kubernetes_executor' retrieved from /home/airflow/.local/lib/python3.12/site-packages/airflow/example_dags/example_local_kubernetes_executor.py
[2025-09-29T16:17:00.529+0000] {logging_mixin.py:188} INFO - [2025-09-29T16:17:00.528+0000] {dag.py:3089} INFO - Sync 1 DAGs
[2025-09-29T16:17:00.566+0000] {logging_mixin.py:188} INFO - [2025-09-29T16:17:00.566+0000] {dag.py:3947} INFO - Setting next_dagrun for example_local_kubernetes_executor to None, run_after=None
[2025-09-29T16:17:00.630+0000] {processor.py:183} INFO - Processing /home/airflow/.local/lib/python3.12/site-packages/airflow/example_dags/example_local_kubernetes_executor.py took 0.282 seconds
[2025-09-29T16:17:31.395+0000] {processor.py:161} INFO - Started process (PID=22844) to work on /home/airflow/.local/lib/python3.12/site-packages/airflow/example_dags/example_local_kubernetes_executor.py
[2025-09-29T16:17:31.398+0000] {processor.py:830} INFO - Processing file /home/airflow/.local/lib/python3.12/site-packages/airflow/example_dags/example_local_kubernetes_executor.py for tasks to queue
[2025-09-29T16:17:31.400+0000] {logging_mixin.py:188} INFO - [2025-09-29T16:17:31.399+0000] {dagbag.py:545} INFO - Filling up the DagBag from /home/airflow/.local/lib/python3.12/site-packages/airflow/example_dags/example_local_kubernetes_executor.py
[2025-09-29T16:17:31.419+0000] {processor.py:840} INFO - DAG(s) 'example_local_kubernetes_executor' retrieved from /home/airflow/.local/lib/python3.12/site-packages/airflow/example_dags/example_local_kubernetes_executor.py
[2025-09-29T16:17:31.516+0000] {logging_mixin.py:188} INFO - [2025-09-29T16:17:31.516+0000] {dag.py:3089} INFO - Sync 1 DAGs
[2025-09-29T16:17:31.548+0000] {logging_mixin.py:188} INFO - [2025-09-29T16:17:31.548+0000] {dag.py:3947} INFO - Setting next_dagrun for example_local_kubernetes_executor to None, run_after=None
[2025-09-29T16:17:31.601+0000] {processor.py:183} INFO - Processing /home/airflow/.local/lib/python3.12/site-packages/airflow/example_dags/example_local_kubernetes_executor.py took 0.226 seconds
[2025-09-29T16:18:01.841+0000] {processor.py:161} INFO - Started process (PID=23105) to work on /home/airflow/.local/lib/python3.12/site-packages/airflow/example_dags/example_local_kubernetes_executor.py
[2025-09-29T16:18:01.843+0000] {processor.py:830} INFO - Processing file /home/airflow/.local/lib/python3.12/site-packages/airflow/example_dags/example_local_kubernetes_executor.py for tasks to queue
[2025-09-29T16:18:01.845+0000] {logging_mixin.py:188} INFO - [2025-09-29T16:18:01.844+0000] {dagbag.py:545} INFO - Filling up the DagBag from /home/airflow/.local/lib/python3.12/site-packages/airflow/example_dags/example_local_kubernetes_executor.py
[2025-09-29T16:18:01.863+0000] {processor.py:840} INFO - DAG(s) 'example_local_kubernetes_executor' retrieved from /home/airflow/.local/lib/python3.12/site-packages/airflow/example_dags/example_local_kubernetes_executor.py
[2025-09-29T16:18:02.015+0000] {logging_mixin.py:188} INFO - [2025-09-29T16:18:02.015+0000] {dag.py:3089} INFO - Sync 1 DAGs
[2025-09-29T16:18:02.056+0000] {logging_mixin.py:188} INFO - [2025-09-29T16:18:02.056+0000] {dag.py:3947} INFO - Setting next_dagrun for example_local_kubernetes_executor to None, run_after=None
[2025-09-29T16:18:02.103+0000] {processor.py:183} INFO - Processing /home/airflow/.local/lib/python3.12/site-packages/airflow/example_dags/example_local_kubernetes_executor.py took 0.278 seconds
[2025-09-29T16:18:32.234+0000] {processor.py:161} INFO - Started process (PID=23366) to work on /home/airflow/.local/lib/python3.12/site-packages/airflow/example_dags/example_local_kubernetes_executor.py
[2025-09-29T16:18:32.237+0000] {processor.py:830} INFO - Processing file /home/airflow/.local/lib/python3.12/site-packages/airflow/example_dags/example_local_kubernetes_executor.py for tasks to queue
[2025-09-29T16:18:32.239+0000] {logging_mixin.py:188} INFO - [2025-09-29T16:18:32.238+0000] {dagbag.py:545} INFO - Filling up the DagBag from /home/airflow/.local/lib/python3.12/site-packages/airflow/example_dags/example_local_kubernetes_executor.py
[2025-09-29T16:18:32.256+0000] {processor.py:840} INFO - DAG(s) 'example_local_kubernetes_executor' retrieved from /home/airflow/.local/lib/python3.12/site-packages/airflow/example_dags/example_local_kubernetes_executor.py
[2025-09-29T16:18:32.356+0000] {logging_mixin.py:188} INFO - [2025-09-29T16:18:32.356+0000] {dag.py:3089} INFO - Sync 1 DAGs
[2025-09-29T16:18:32.386+0000] {logging_mixin.py:188} INFO - [2025-09-29T16:18:32.385+0000] {dag.py:3947} INFO - Setting next_dagrun for example_local_kubernetes_executor to None, run_after=None
[2025-09-29T16:18:32.436+0000] {processor.py:183} INFO - Processing /home/airflow/.local/lib/python3.12/site-packages/airflow/example_dags/example_local_kubernetes_executor.py took 0.217 seconds
[2025-09-29T16:19:02.938+0000] {processor.py:161} INFO - Started process (PID=23627) to work on /home/airflow/.local/lib/python3.12/site-packages/airflow/example_dags/example_local_kubernetes_executor.py
[2025-09-29T16:19:02.940+0000] {processor.py:830} INFO - Processing file /home/airflow/.local/lib/python3.12/site-packages/airflow/example_dags/example_local_kubernetes_executor.py for tasks to queue
[2025-09-29T16:19:02.942+0000] {logging_mixin.py:188} INFO - [2025-09-29T16:19:02.941+0000] {dagbag.py:545} INFO - Filling up the DagBag from /home/airflow/.local/lib/python3.12/site-packages/airflow/example_dags/example_local_kubernetes_executor.py
[2025-09-29T16:19:02.962+0000] {processor.py:840} INFO - DAG(s) 'example_local_kubernetes_executor' retrieved from /home/airflow/.local/lib/python3.12/site-packages/airflow/example_dags/example_local_kubernetes_executor.py
[2025-09-29T16:19:03.058+0000] {logging_mixin.py:188} INFO - [2025-09-29T16:19:03.057+0000] {dag.py:3089} INFO - Sync 1 DAGs
[2025-09-29T16:19:03.089+0000] {logging_mixin.py:188} INFO - [2025-09-29T16:19:03.089+0000] {dag.py:3947} INFO - Setting next_dagrun for example_local_kubernetes_executor to None, run_after=None
[2025-09-29T16:19:03.136+0000] {processor.py:183} INFO - Processing /home/airflow/.local/lib/python3.12/site-packages/airflow/example_dags/example_local_kubernetes_executor.py took 0.214 seconds
[2025-09-29T16:19:33.257+0000] {processor.py:161} INFO - Started process (PID=23888) to work on /home/airflow/.local/lib/python3.12/site-packages/airflow/example_dags/example_local_kubernetes_executor.py
[2025-09-29T16:19:33.260+0000] {processor.py:830} INFO - Processing file /home/airflow/.local/lib/python3.12/site-packages/airflow/example_dags/example_local_kubernetes_executor.py for tasks to queue
[2025-09-29T16:19:33.261+0000] {logging_mixin.py:188} INFO - [2025-09-29T16:19:33.260+0000] {dagbag.py:545} INFO - Filling up the DagBag from /home/airflow/.local/lib/python3.12/site-packages/airflow/example_dags/example_local_kubernetes_executor.py
[2025-09-29T16:19:33.278+0000] {processor.py:840} INFO - DAG(s) 'example_local_kubernetes_executor' retrieved from /home/airflow/.local/lib/python3.12/site-packages/airflow/example_dags/example_local_kubernetes_executor.py
[2025-09-29T16:19:33.366+0000] {logging_mixin.py:188} INFO - [2025-09-29T16:19:33.366+0000] {dag.py:3089} INFO - Sync 1 DAGs
[2025-09-29T16:19:33.400+0000] {logging_mixin.py:188} INFO - [2025-09-29T16:19:33.399+0000] {dag.py:3947} INFO - Setting next_dagrun for example_local_kubernetes_executor to None, run_after=None
[2025-09-29T16:19:33.450+0000] {processor.py:183} INFO - Processing /home/airflow/.local/lib/python3.12/site-packages/airflow/example_dags/example_local_kubernetes_executor.py took 0.208 seconds
[2025-09-29T16:20:03.837+0000] {processor.py:161} INFO - Started process (PID=24149) to work on /home/airflow/.local/lib/python3.12/site-packages/airflow/example_dags/example_local_kubernetes_executor.py
[2025-09-29T16:20:03.840+0000] {processor.py:830} INFO - Processing file /home/airflow/.local/lib/python3.12/site-packages/airflow/example_dags/example_local_kubernetes_executor.py for tasks to queue
[2025-09-29T16:20:03.842+0000] {logging_mixin.py:188} INFO - [2025-09-29T16:20:03.841+0000] {dagbag.py:545} INFO - Filling up the DagBag from /home/airflow/.local/lib/python3.12/site-packages/airflow/example_dags/example_local_kubernetes_executor.py
[2025-09-29T16:20:03.858+0000] {processor.py:840} INFO - DAG(s) 'example_local_kubernetes_executor' retrieved from /home/airflow/.local/lib/python3.12/site-packages/airflow/example_dags/example_local_kubernetes_executor.py
[2025-09-29T16:20:03.948+0000] {logging_mixin.py:188} INFO - [2025-09-29T16:20:03.948+0000] {dag.py:3089} INFO - Sync 1 DAGs
[2025-09-29T16:20:03.981+0000] {logging_mixin.py:188} INFO - [2025-09-29T16:20:03.981+0000] {dag.py:3947} INFO - Setting next_dagrun for example_local_kubernetes_executor to None, run_after=None
[2025-09-29T16:20:04.025+0000] {processor.py:183} INFO - Processing /home/airflow/.local/lib/python3.12/site-packages/airflow/example_dags/example_local_kubernetes_executor.py took 0.204 seconds
[2025-09-29T16:20:34.397+0000] {processor.py:161} INFO - Started process (PID=24410) to work on /home/airflow/.local/lib/python3.12/site-packages/airflow/example_dags/example_local_kubernetes_executor.py
[2025-09-29T16:20:34.400+0000] {processor.py:830} INFO - Processing file /home/airflow/.local/lib/python3.12/site-packages/airflow/example_dags/example_local_kubernetes_executor.py for tasks to queue
[2025-09-29T16:20:34.402+0000] {logging_mixin.py:188} INFO - [2025-09-29T16:20:34.401+0000] {dagbag.py:545} INFO - Filling up the DagBag from /home/airflow/.local/lib/python3.12/site-packages/airflow/example_dags/example_local_kubernetes_executor.py
[2025-09-29T16:20:34.418+0000] {processor.py:840} INFO - DAG(s) 'example_local_kubernetes_executor' retrieved from /home/airflow/.local/lib/python3.12/site-packages/airflow/example_dags/example_local_kubernetes_executor.py
[2025-09-29T16:20:34.507+0000] {logging_mixin.py:188} INFO - [2025-09-29T16:20:34.506+0000] {dag.py:3089} INFO - Sync 1 DAGs
[2025-09-29T16:20:34.540+0000] {logging_mixin.py:188} INFO - [2025-09-29T16:20:34.539+0000] {dag.py:3947} INFO - Setting next_dagrun for example_local_kubernetes_executor to None, run_after=None
[2025-09-29T16:20:34.591+0000] {processor.py:183} INFO - Processing /home/airflow/.local/lib/python3.12/site-packages/airflow/example_dags/example_local_kubernetes_executor.py took 0.208 seconds
[2025-09-29T16:21:04.955+0000] {processor.py:161} INFO - Started process (PID=24671) to work on /home/airflow/.local/lib/python3.12/site-packages/airflow/example_dags/example_local_kubernetes_executor.py
[2025-09-29T16:21:04.958+0000] {processor.py:830} INFO - Processing file /home/airflow/.local/lib/python3.12/site-packages/airflow/example_dags/example_local_kubernetes_executor.py for tasks to queue
[2025-09-29T16:21:04.960+0000] {logging_mixin.py:188} INFO - [2025-09-29T16:21:04.959+0000] {dagbag.py:545} INFO - Filling up the DagBag from /home/airflow/.local/lib/python3.12/site-packages/airflow/example_dags/example_local_kubernetes_executor.py
[2025-09-29T16:21:04.978+0000] {processor.py:840} INFO - DAG(s) 'example_local_kubernetes_executor' retrieved from /home/airflow/.local/lib/python3.12/site-packages/airflow/example_dags/example_local_kubernetes_executor.py
[2025-09-29T16:21:05.066+0000] {logging_mixin.py:188} INFO - [2025-09-29T16:21:05.066+0000] {dag.py:3089} INFO - Sync 1 DAGs
[2025-09-29T16:21:05.098+0000] {logging_mixin.py:188} INFO - [2025-09-29T16:21:05.098+0000] {dag.py:3947} INFO - Setting next_dagrun for example_local_kubernetes_executor to None, run_after=None
[2025-09-29T16:21:05.145+0000] {processor.py:183} INFO - Processing /home/airflow/.local/lib/python3.12/site-packages/airflow/example_dags/example_local_kubernetes_executor.py took 0.205 seconds
[2025-09-29T16:21:35.766+0000] {processor.py:161} INFO - Started process (PID=24932) to work on /home/airflow/.local/lib/python3.12/site-packages/airflow/example_dags/example_local_kubernetes_executor.py
[2025-09-29T16:21:35.769+0000] {processor.py:830} INFO - Processing file /home/airflow/.local/lib/python3.12/site-packages/airflow/example_dags/example_local_kubernetes_executor.py for tasks to queue
[2025-09-29T16:21:35.772+0000] {logging_mixin.py:188} INFO - [2025-09-29T16:21:35.771+0000] {dagbag.py:545} INFO - Filling up the DagBag from /home/airflow/.local/lib/python3.12/site-packages/airflow/example_dags/example_local_kubernetes_executor.py
[2025-09-29T16:21:35.789+0000] {processor.py:840} INFO - DAG(s) 'example_local_kubernetes_executor' retrieved from /home/airflow/.local/lib/python3.12/site-packages/airflow/example_dags/example_local_kubernetes_executor.py
[2025-09-29T16:21:35.887+0000] {logging_mixin.py:188} INFO - [2025-09-29T16:21:35.886+0000] {dag.py:3089} INFO - Sync 1 DAGs
[2025-09-29T16:21:35.921+0000] {logging_mixin.py:188} INFO - [2025-09-29T16:21:35.920+0000] {dag.py:3947} INFO - Setting next_dagrun for example_local_kubernetes_executor to None, run_after=None
[2025-09-29T16:21:35.968+0000] {processor.py:183} INFO - Processing /home/airflow/.local/lib/python3.12/site-packages/airflow/example_dags/example_local_kubernetes_executor.py took 0.216 seconds
[2025-09-29T16:22:06.374+0000] {processor.py:161} INFO - Started process (PID=25193) to work on /home/airflow/.local/lib/python3.12/site-packages/airflow/example_dags/example_local_kubernetes_executor.py
[2025-09-29T16:22:06.390+0000] {processor.py:830} INFO - Processing file /home/airflow/.local/lib/python3.12/site-packages/airflow/example_dags/example_local_kubernetes_executor.py for tasks to queue
[2025-09-29T16:22:06.392+0000] {logging_mixin.py:188} INFO - [2025-09-29T16:22:06.391+0000] {dagbag.py:545} INFO - Filling up the DagBag from /home/airflow/.local/lib/python3.12/site-packages/airflow/example_dags/example_local_kubernetes_executor.py
[2025-09-29T16:22:06.408+0000] {processor.py:840} INFO - DAG(s) 'example_local_kubernetes_executor' retrieved from /home/airflow/.local/lib/python3.12/site-packages/airflow/example_dags/example_local_kubernetes_executor.py
[2025-09-29T16:22:06.491+0000] {logging_mixin.py:188} INFO - [2025-09-29T16:22:06.491+0000] {dag.py:3089} INFO - Sync 1 DAGs
[2025-09-29T16:22:06.523+0000] {logging_mixin.py:188} INFO - [2025-09-29T16:22:06.522+0000] {dag.py:3947} INFO - Setting next_dagrun for example_local_kubernetes_executor to None, run_after=None
[2025-09-29T16:22:06.570+0000] {processor.py:183} INFO - Processing /home/airflow/.local/lib/python3.12/site-packages/airflow/example_dags/example_local_kubernetes_executor.py took 0.211 seconds
[2025-09-29T16:22:36.788+0000] {processor.py:161} INFO - Started process (PID=25454) to work on /home/airflow/.local/lib/python3.12/site-packages/airflow/example_dags/example_local_kubernetes_executor.py
[2025-09-29T16:22:36.791+0000] {processor.py:830} INFO - Processing file /home/airflow/.local/lib/python3.12/site-packages/airflow/example_dags/example_local_kubernetes_executor.py for tasks to queue
[2025-09-29T16:22:36.792+0000] {logging_mixin.py:188} INFO - [2025-09-29T16:22:36.792+0000] {dagbag.py:545} INFO - Filling up the DagBag from /home/airflow/.local/lib/python3.12/site-packages/airflow/example_dags/example_local_kubernetes_executor.py
[2025-09-29T16:22:36.808+0000] {processor.py:840} INFO - DAG(s) 'example_local_kubernetes_executor' retrieved from /home/airflow/.local/lib/python3.12/site-packages/airflow/example_dags/example_local_kubernetes_executor.py
[2025-09-29T16:22:36.894+0000] {logging_mixin.py:188} INFO - [2025-09-29T16:22:36.893+0000] {dag.py:3089} INFO - Sync 1 DAGs
[2025-09-29T16:22:36.921+0000] {logging_mixin.py:188} INFO - [2025-09-29T16:22:36.920+0000] {dag.py:3947} INFO - Setting next_dagrun for example_local_kubernetes_executor to None, run_after=None
[2025-09-29T16:22:36.965+0000] {processor.py:183} INFO - Processing /home/airflow/.local/lib/python3.12/site-packages/airflow/example_dags/example_local_kubernetes_executor.py took 0.192 seconds
[2025-09-29T16:23:07.365+0000] {processor.py:161} INFO - Started process (PID=25713) to work on /home/airflow/.local/lib/python3.12/site-packages/airflow/example_dags/example_local_kubernetes_executor.py
[2025-09-29T16:23:07.369+0000] {processor.py:830} INFO - Processing file /home/airflow/.local/lib/python3.12/site-packages/airflow/example_dags/example_local_kubernetes_executor.py for tasks to queue
[2025-09-29T16:23:07.371+0000] {logging_mixin.py:188} INFO - [2025-09-29T16:23:07.370+0000] {dagbag.py:545} INFO - Filling up the DagBag from /home/airflow/.local/lib/python3.12/site-packages/airflow/example_dags/example_local_kubernetes_executor.py
[2025-09-29T16:23:07.393+0000] {processor.py:840} INFO - DAG(s) 'example_local_kubernetes_executor' retrieved from /home/airflow/.local/lib/python3.12/site-packages/airflow/example_dags/example_local_kubernetes_executor.py
[2025-09-29T16:23:07.522+0000] {logging_mixin.py:188} INFO - [2025-09-29T16:23:07.522+0000] {dag.py:3089} INFO - Sync 1 DAGs
[2025-09-29T16:23:07.568+0000] {logging_mixin.py:188} INFO - [2025-09-29T16:23:07.567+0000] {dag.py:3947} INFO - Setting next_dagrun for example_local_kubernetes_executor to None, run_after=None
[2025-09-29T16:23:07.639+0000] {processor.py:183} INFO - Processing /home/airflow/.local/lib/python3.12/site-packages/airflow/example_dags/example_local_kubernetes_executor.py took 0.299 seconds
[2025-09-29T16:23:38.306+0000] {processor.py:161} INFO - Started process (PID=25970) to work on /home/airflow/.local/lib/python3.12/site-packages/airflow/example_dags/example_local_kubernetes_executor.py
[2025-09-29T16:23:38.310+0000] {processor.py:830} INFO - Processing file /home/airflow/.local/lib/python3.12/site-packages/airflow/example_dags/example_local_kubernetes_executor.py for tasks to queue
[2025-09-29T16:23:38.313+0000] {logging_mixin.py:188} INFO - [2025-09-29T16:23:38.312+0000] {dagbag.py:545} INFO - Filling up the DagBag from /home/airflow/.local/lib/python3.12/site-packages/airflow/example_dags/example_local_kubernetes_executor.py
[2025-09-29T16:23:38.343+0000] {processor.py:840} INFO - DAG(s) 'example_local_kubernetes_executor' retrieved from /home/airflow/.local/lib/python3.12/site-packages/airflow/example_dags/example_local_kubernetes_executor.py
[2025-09-29T16:23:38.517+0000] {logging_mixin.py:188} INFO - [2025-09-29T16:23:38.514+0000] {dag.py:3089} INFO - Sync 1 DAGs
[2025-09-29T16:23:38.580+0000] {logging_mixin.py:188} INFO - [2025-09-29T16:23:38.577+0000] {dag.py:3947} INFO - Setting next_dagrun for example_local_kubernetes_executor to None, run_after=None
[2025-09-29T16:23:38.697+0000] {processor.py:183} INFO - Processing /home/airflow/.local/lib/python3.12/site-packages/airflow/example_dags/example_local_kubernetes_executor.py took 0.413 seconds
[2025-09-29T16:24:09.142+0000] {processor.py:161} INFO - Started process (PID=26231) to work on /home/airflow/.local/lib/python3.12/site-packages/airflow/example_dags/example_local_kubernetes_executor.py
[2025-09-29T16:24:09.146+0000] {processor.py:830} INFO - Processing file /home/airflow/.local/lib/python3.12/site-packages/airflow/example_dags/example_local_kubernetes_executor.py for tasks to queue
[2025-09-29T16:24:09.148+0000] {logging_mixin.py:188} INFO - [2025-09-29T16:24:09.147+0000] {dagbag.py:545} INFO - Filling up the DagBag from /home/airflow/.local/lib/python3.12/site-packages/airflow/example_dags/example_local_kubernetes_executor.py
[2025-09-29T16:24:09.171+0000] {processor.py:840} INFO - DAG(s) 'example_local_kubernetes_executor' retrieved from /home/airflow/.local/lib/python3.12/site-packages/airflow/example_dags/example_local_kubernetes_executor.py
[2025-09-29T16:24:09.265+0000] {logging_mixin.py:188} INFO - [2025-09-29T16:24:09.264+0000] {dag.py:3089} INFO - Sync 1 DAGs
[2025-09-29T16:24:09.300+0000] {logging_mixin.py:188} INFO - [2025-09-29T16:24:09.299+0000] {dag.py:3947} INFO - Setting next_dagrun for example_local_kubernetes_executor to None, run_after=None
[2025-09-29T16:24:09.365+0000] {processor.py:183} INFO - Processing /home/airflow/.local/lib/python3.12/site-packages/airflow/example_dags/example_local_kubernetes_executor.py took 0.245 seconds
[2025-09-29T16:24:40.230+0000] {processor.py:161} INFO - Started process (PID=26492) to work on /home/airflow/.local/lib/python3.12/site-packages/airflow/example_dags/example_local_kubernetes_executor.py
[2025-09-29T16:24:40.233+0000] {processor.py:830} INFO - Processing file /home/airflow/.local/lib/python3.12/site-packages/airflow/example_dags/example_local_kubernetes_executor.py for tasks to queue
[2025-09-29T16:24:40.235+0000] {logging_mixin.py:188} INFO - [2025-09-29T16:24:40.234+0000] {dagbag.py:545} INFO - Filling up the DagBag from /home/airflow/.local/lib/python3.12/site-packages/airflow/example_dags/example_local_kubernetes_executor.py
[2025-09-29T16:24:40.257+0000] {processor.py:840} INFO - DAG(s) 'example_local_kubernetes_executor' retrieved from /home/airflow/.local/lib/python3.12/site-packages/airflow/example_dags/example_local_kubernetes_executor.py
[2025-09-29T16:24:40.495+0000] {logging_mixin.py:188} INFO - [2025-09-29T16:24:40.491+0000] {dag.py:3089} INFO - Sync 1 DAGs
[2025-09-29T16:24:40.548+0000] {logging_mixin.py:188} INFO - [2025-09-29T16:24:40.547+0000] {dag.py:3947} INFO - Setting next_dagrun for example_local_kubernetes_executor to None, run_after=None
[2025-09-29T16:24:40.615+0000] {processor.py:183} INFO - Processing /home/airflow/.local/lib/python3.12/site-packages/airflow/example_dags/example_local_kubernetes_executor.py took 0.407 seconds
[2025-09-29T16:25:11.199+0000] {processor.py:161} INFO - Started process (PID=26753) to work on /home/airflow/.local/lib/python3.12/site-packages/airflow/example_dags/example_local_kubernetes_executor.py
[2025-09-29T16:25:11.202+0000] {processor.py:830} INFO - Processing file /home/airflow/.local/lib/python3.12/site-packages/airflow/example_dags/example_local_kubernetes_executor.py for tasks to queue
[2025-09-29T16:25:11.204+0000] {logging_mixin.py:188} INFO - [2025-09-29T16:25:11.203+0000] {dagbag.py:545} INFO - Filling up the DagBag from /home/airflow/.local/lib/python3.12/site-packages/airflow/example_dags/example_local_kubernetes_executor.py
[2025-09-29T16:25:11.220+0000] {processor.py:840} INFO - DAG(s) 'example_local_kubernetes_executor' retrieved from /home/airflow/.local/lib/python3.12/site-packages/airflow/example_dags/example_local_kubernetes_executor.py
[2025-09-29T16:25:11.310+0000] {logging_mixin.py:188} INFO - [2025-09-29T16:25:11.310+0000] {dag.py:3089} INFO - Sync 1 DAGs
[2025-09-29T16:25:11.338+0000] {logging_mixin.py:188} INFO - [2025-09-29T16:25:11.337+0000] {dag.py:3947} INFO - Setting next_dagrun for example_local_kubernetes_executor to None, run_after=None
[2025-09-29T16:25:11.387+0000] {processor.py:183} INFO - Processing /home/airflow/.local/lib/python3.12/site-packages/airflow/example_dags/example_local_kubernetes_executor.py took 0.202 seconds
[2025-09-29T16:25:41.483+0000] {processor.py:161} INFO - Started process (PID=27014) to work on /home/airflow/.local/lib/python3.12/site-packages/airflow/example_dags/example_local_kubernetes_executor.py
[2025-09-29T16:25:41.486+0000] {processor.py:830} INFO - Processing file /home/airflow/.local/lib/python3.12/site-packages/airflow/example_dags/example_local_kubernetes_executor.py for tasks to queue
[2025-09-29T16:25:41.488+0000] {logging_mixin.py:188} INFO - [2025-09-29T16:25:41.487+0000] {dagbag.py:545} INFO - Filling up the DagBag from /home/airflow/.local/lib/python3.12/site-packages/airflow/example_dags/example_local_kubernetes_executor.py
[2025-09-29T16:25:41.505+0000] {processor.py:840} INFO - DAG(s) 'example_local_kubernetes_executor' retrieved from /home/airflow/.local/lib/python3.12/site-packages/airflow/example_dags/example_local_kubernetes_executor.py
[2025-09-29T16:25:40.702+0000] {logging_mixin.py:188} INFO - [2025-09-29T16:25:40.701+0000] {dag.py:3089} INFO - Sync 1 DAGs
[2025-09-29T16:25:40.734+0000] {logging_mixin.py:188} INFO - [2025-09-29T16:25:40.733+0000] {dag.py:3947} INFO - Setting next_dagrun for example_local_kubernetes_executor to None, run_after=None
[2025-09-29T16:25:40.784+0000] {processor.py:183} INFO - Processing /home/airflow/.local/lib/python3.12/site-packages/airflow/example_dags/example_local_kubernetes_executor.py took 0.211 seconds
[2025-09-29T16:26:11.958+0000] {processor.py:161} INFO - Started process (PID=27273) to work on /home/airflow/.local/lib/python3.12/site-packages/airflow/example_dags/example_local_kubernetes_executor.py
[2025-09-29T16:26:11.962+0000] {processor.py:830} INFO - Processing file /home/airflow/.local/lib/python3.12/site-packages/airflow/example_dags/example_local_kubernetes_executor.py for tasks to queue
[2025-09-29T16:26:11.965+0000] {logging_mixin.py:188} INFO - [2025-09-29T16:26:11.964+0000] {dagbag.py:545} INFO - Filling up the DagBag from /home/airflow/.local/lib/python3.12/site-packages/airflow/example_dags/example_local_kubernetes_executor.py
[2025-09-29T16:26:11.988+0000] {processor.py:840} INFO - DAG(s) 'example_local_kubernetes_executor' retrieved from /home/airflow/.local/lib/python3.12/site-packages/airflow/example_dags/example_local_kubernetes_executor.py
[2025-09-29T16:26:12.111+0000] {logging_mixin.py:188} INFO - [2025-09-29T16:26:12.110+0000] {dag.py:3089} INFO - Sync 1 DAGs
[2025-09-29T16:26:12.151+0000] {logging_mixin.py:188} INFO - [2025-09-29T16:26:12.151+0000] {dag.py:3947} INFO - Setting next_dagrun for example_local_kubernetes_executor to None, run_after=None
[2025-09-29T16:26:12.204+0000] {processor.py:183} INFO - Processing /home/airflow/.local/lib/python3.12/site-packages/airflow/example_dags/example_local_kubernetes_executor.py took 0.271 seconds
[2025-09-29T16:26:42.692+0000] {processor.py:161} INFO - Started process (PID=27534) to work on /home/airflow/.local/lib/python3.12/site-packages/airflow/example_dags/example_local_kubernetes_executor.py
[2025-09-29T16:26:42.695+0000] {processor.py:830} INFO - Processing file /home/airflow/.local/lib/python3.12/site-packages/airflow/example_dags/example_local_kubernetes_executor.py for tasks to queue
[2025-09-29T16:26:42.697+0000] {logging_mixin.py:188} INFO - [2025-09-29T16:26:42.696+0000] {dagbag.py:545} INFO - Filling up the DagBag from /home/airflow/.local/lib/python3.12/site-packages/airflow/example_dags/example_local_kubernetes_executor.py
[2025-09-29T16:26:42.718+0000] {processor.py:840} INFO - DAG(s) 'example_local_kubernetes_executor' retrieved from /home/airflow/.local/lib/python3.12/site-packages/airflow/example_dags/example_local_kubernetes_executor.py
[2025-09-29T16:26:42.820+0000] {logging_mixin.py:188} INFO - [2025-09-29T16:26:42.820+0000] {dag.py:3089} INFO - Sync 1 DAGs
[2025-09-29T16:26:42.854+0000] {logging_mixin.py:188} INFO - [2025-09-29T16:26:42.854+0000] {dag.py:3947} INFO - Setting next_dagrun for example_local_kubernetes_executor to None, run_after=None
[2025-09-29T16:26:42.905+0000] {processor.py:183} INFO - Processing /home/airflow/.local/lib/python3.12/site-packages/airflow/example_dags/example_local_kubernetes_executor.py took 0.231 seconds
[2025-09-29T16:27:13.742+0000] {processor.py:161} INFO - Started process (PID=27795) to work on /home/airflow/.local/lib/python3.12/site-packages/airflow/example_dags/example_local_kubernetes_executor.py
[2025-09-29T16:27:13.744+0000] {processor.py:830} INFO - Processing file /home/airflow/.local/lib/python3.12/site-packages/airflow/example_dags/example_local_kubernetes_executor.py for tasks to queue
[2025-09-29T16:27:13.746+0000] {logging_mixin.py:188} INFO - [2025-09-29T16:27:13.745+0000] {dagbag.py:545} INFO - Filling up the DagBag from /home/airflow/.local/lib/python3.12/site-packages/airflow/example_dags/example_local_kubernetes_executor.py
[2025-09-29T16:27:13.766+0000] {processor.py:840} INFO - DAG(s) 'example_local_kubernetes_executor' retrieved from /home/airflow/.local/lib/python3.12/site-packages/airflow/example_dags/example_local_kubernetes_executor.py
[2025-09-29T16:27:13.858+0000] {logging_mixin.py:188} INFO - [2025-09-29T16:27:13.857+0000] {dag.py:3089} INFO - Sync 1 DAGs
[2025-09-29T16:27:13.887+0000] {logging_mixin.py:188} INFO - [2025-09-29T16:27:13.886+0000] {dag.py:3947} INFO - Setting next_dagrun for example_local_kubernetes_executor to None, run_after=None
[2025-09-29T16:27:13.933+0000] {processor.py:183} INFO - Processing /home/airflow/.local/lib/python3.12/site-packages/airflow/example_dags/example_local_kubernetes_executor.py took 0.208 seconds
[2025-09-29T16:27:44.599+0000] {processor.py:161} INFO - Started process (PID=28056) to work on /home/airflow/.local/lib/python3.12/site-packages/airflow/example_dags/example_local_kubernetes_executor.py
[2025-09-29T16:27:44.602+0000] {processor.py:830} INFO - Processing file /home/airflow/.local/lib/python3.12/site-packages/airflow/example_dags/example_local_kubernetes_executor.py for tasks to queue
[2025-09-29T16:27:44.604+0000] {logging_mixin.py:188} INFO - [2025-09-29T16:27:44.603+0000] {dagbag.py:545} INFO - Filling up the DagBag from /home/airflow/.local/lib/python3.12/site-packages/airflow/example_dags/example_local_kubernetes_executor.py
[2025-09-29T16:27:44.623+0000] {processor.py:840} INFO - DAG(s) 'example_local_kubernetes_executor' retrieved from /home/airflow/.local/lib/python3.12/site-packages/airflow/example_dags/example_local_kubernetes_executor.py
[2025-09-29T16:27:44.718+0000] {logging_mixin.py:188} INFO - [2025-09-29T16:27:44.718+0000] {dag.py:3089} INFO - Sync 1 DAGs
[2025-09-29T16:27:44.748+0000] {logging_mixin.py:188} INFO - [2025-09-29T16:27:44.747+0000] {dag.py:3947} INFO - Setting next_dagrun for example_local_kubernetes_executor to None, run_after=None
[2025-09-29T16:27:44.794+0000] {processor.py:183} INFO - Processing /home/airflow/.local/lib/python3.12/site-packages/airflow/example_dags/example_local_kubernetes_executor.py took 0.212 seconds
[2025-09-29T16:28:15.134+0000] {processor.py:161} INFO - Started process (PID=28317) to work on /home/airflow/.local/lib/python3.12/site-packages/airflow/example_dags/example_local_kubernetes_executor.py
[2025-09-29T16:28:15.137+0000] {processor.py:830} INFO - Processing file /home/airflow/.local/lib/python3.12/site-packages/airflow/example_dags/example_local_kubernetes_executor.py for tasks to queue
[2025-09-29T16:28:15.139+0000] {logging_mixin.py:188} INFO - [2025-09-29T16:28:15.138+0000] {dagbag.py:545} INFO - Filling up the DagBag from /home/airflow/.local/lib/python3.12/site-packages/airflow/example_dags/example_local_kubernetes_executor.py
[2025-09-29T16:28:15.157+0000] {processor.py:840} INFO - DAG(s) 'example_local_kubernetes_executor' retrieved from /home/airflow/.local/lib/python3.12/site-packages/airflow/example_dags/example_local_kubernetes_executor.py
[2025-09-29T16:28:15.250+0000] {logging_mixin.py:188} INFO - [2025-09-29T16:28:15.250+0000] {dag.py:3089} INFO - Sync 1 DAGs
[2025-09-29T16:28:15.282+0000] {logging_mixin.py:188} INFO - [2025-09-29T16:28:15.281+0000] {dag.py:3947} INFO - Setting next_dagrun for example_local_kubernetes_executor to None, run_after=None
[2025-09-29T16:28:15.338+0000] {processor.py:183} INFO - Processing /home/airflow/.local/lib/python3.12/site-packages/airflow/example_dags/example_local_kubernetes_executor.py took 0.220 seconds
[2025-09-29T16:28:46.185+0000] {processor.py:161} INFO - Started process (PID=28578) to work on /home/airflow/.local/lib/python3.12/site-packages/airflow/example_dags/example_local_kubernetes_executor.py
[2025-09-29T16:28:46.188+0000] {processor.py:830} INFO - Processing file /home/airflow/.local/lib/python3.12/site-packages/airflow/example_dags/example_local_kubernetes_executor.py for tasks to queue
[2025-09-29T16:28:46.190+0000] {logging_mixin.py:188} INFO - [2025-09-29T16:28:46.189+0000] {dagbag.py:545} INFO - Filling up the DagBag from /home/airflow/.local/lib/python3.12/site-packages/airflow/example_dags/example_local_kubernetes_executor.py
[2025-09-29T16:28:46.207+0000] {processor.py:840} INFO - DAG(s) 'example_local_kubernetes_executor' retrieved from /home/airflow/.local/lib/python3.12/site-packages/airflow/example_dags/example_local_kubernetes_executor.py
[2025-09-29T16:28:46.297+0000] {logging_mixin.py:188} INFO - [2025-09-29T16:28:46.296+0000] {dag.py:3089} INFO - Sync 1 DAGs
[2025-09-29T16:28:46.325+0000] {logging_mixin.py:188} INFO - [2025-09-29T16:28:46.324+0000] {dag.py:3947} INFO - Setting next_dagrun for example_local_kubernetes_executor to None, run_after=None
[2025-09-29T16:28:46.370+0000] {processor.py:183} INFO - Processing /home/airflow/.local/lib/python3.12/site-packages/airflow/example_dags/example_local_kubernetes_executor.py took 0.200 seconds
[2025-09-29T16:29:17.144+0000] {processor.py:161} INFO - Started process (PID=28839) to work on /home/airflow/.local/lib/python3.12/site-packages/airflow/example_dags/example_local_kubernetes_executor.py
[2025-09-29T16:29:17.146+0000] {processor.py:830} INFO - Processing file /home/airflow/.local/lib/python3.12/site-packages/airflow/example_dags/example_local_kubernetes_executor.py for tasks to queue
[2025-09-29T16:29:17.148+0000] {logging_mixin.py:188} INFO - [2025-09-29T16:29:17.147+0000] {dagbag.py:545} INFO - Filling up the DagBag from /home/airflow/.local/lib/python3.12/site-packages/airflow/example_dags/example_local_kubernetes_executor.py
[2025-09-29T16:29:17.168+0000] {processor.py:840} INFO - DAG(s) 'example_local_kubernetes_executor' retrieved from /home/airflow/.local/lib/python3.12/site-packages/airflow/example_dags/example_local_kubernetes_executor.py
[2025-09-29T16:29:17.264+0000] {logging_mixin.py:188} INFO - [2025-09-29T16:29:17.263+0000] {dag.py:3089} INFO - Sync 1 DAGs
[2025-09-29T16:29:17.293+0000] {logging_mixin.py:188} INFO - [2025-09-29T16:29:17.293+0000] {dag.py:3947} INFO - Setting next_dagrun for example_local_kubernetes_executor to None, run_after=None
[2025-09-29T16:29:17.344+0000] {processor.py:183} INFO - Processing /home/airflow/.local/lib/python3.12/site-packages/airflow/example_dags/example_local_kubernetes_executor.py took 0.216 seconds
[2025-09-29T16:29:48.190+0000] {processor.py:161} INFO - Started process (PID=29100) to work on /home/airflow/.local/lib/python3.12/site-packages/airflow/example_dags/example_local_kubernetes_executor.py
[2025-09-29T16:29:48.193+0000] {processor.py:830} INFO - Processing file /home/airflow/.local/lib/python3.12/site-packages/airflow/example_dags/example_local_kubernetes_executor.py for tasks to queue
[2025-09-29T16:29:48.195+0000] {logging_mixin.py:188} INFO - [2025-09-29T16:29:48.194+0000] {dagbag.py:545} INFO - Filling up the DagBag from /home/airflow/.local/lib/python3.12/site-packages/airflow/example_dags/example_local_kubernetes_executor.py
[2025-09-29T16:29:48.211+0000] {processor.py:840} INFO - DAG(s) 'example_local_kubernetes_executor' retrieved from /home/airflow/.local/lib/python3.12/site-packages/airflow/example_dags/example_local_kubernetes_executor.py
[2025-09-29T16:29:48.300+0000] {logging_mixin.py:188} INFO - [2025-09-29T16:29:48.299+0000] {dag.py:3089} INFO - Sync 1 DAGs
[2025-09-29T16:29:48.330+0000] {logging_mixin.py:188} INFO - [2025-09-29T16:29:48.329+0000] {dag.py:3947} INFO - Setting next_dagrun for example_local_kubernetes_executor to None, run_after=None
[2025-09-29T16:29:48.376+0000] {processor.py:183} INFO - Processing /home/airflow/.local/lib/python3.12/site-packages/airflow/example_dags/example_local_kubernetes_executor.py took 0.200 seconds
[2025-09-29T16:30:18.879+0000] {processor.py:161} INFO - Started process (PID=29361) to work on /home/airflow/.local/lib/python3.12/site-packages/airflow/example_dags/example_local_kubernetes_executor.py
[2025-09-29T16:30:18.883+0000] {processor.py:830} INFO - Processing file /home/airflow/.local/lib/python3.12/site-packages/airflow/example_dags/example_local_kubernetes_executor.py for tasks to queue
[2025-09-29T16:30:18.885+0000] {logging_mixin.py:188} INFO - [2025-09-29T16:30:18.884+0000] {dagbag.py:545} INFO - Filling up the DagBag from /home/airflow/.local/lib/python3.12/site-packages/airflow/example_dags/example_local_kubernetes_executor.py
[2025-09-29T16:30:18.904+0000] {processor.py:840} INFO - DAG(s) 'example_local_kubernetes_executor' retrieved from /home/airflow/.local/lib/python3.12/site-packages/airflow/example_dags/example_local_kubernetes_executor.py
[2025-09-29T16:30:18.993+0000] {logging_mixin.py:188} INFO - [2025-09-29T16:30:18.993+0000] {dag.py:3089} INFO - Sync 1 DAGs
[2025-09-29T16:30:19.022+0000] {logging_mixin.py:188} INFO - [2025-09-29T16:30:19.021+0000] {dag.py:3947} INFO - Setting next_dagrun for example_local_kubernetes_executor to None, run_after=None
[2025-09-29T16:30:19.072+0000] {processor.py:183} INFO - Processing /home/airflow/.local/lib/python3.12/site-packages/airflow/example_dags/example_local_kubernetes_executor.py took 0.210 seconds
[2025-09-29T16:30:49.433+0000] {processor.py:161} INFO - Started process (PID=29622) to work on /home/airflow/.local/lib/python3.12/site-packages/airflow/example_dags/example_local_kubernetes_executor.py
[2025-09-29T16:30:49.435+0000] {processor.py:830} INFO - Processing file /home/airflow/.local/lib/python3.12/site-packages/airflow/example_dags/example_local_kubernetes_executor.py for tasks to queue
[2025-09-29T16:30:49.437+0000] {logging_mixin.py:188} INFO - [2025-09-29T16:30:49.436+0000] {dagbag.py:545} INFO - Filling up the DagBag from /home/airflow/.local/lib/python3.12/site-packages/airflow/example_dags/example_local_kubernetes_executor.py
[2025-09-29T16:30:49.454+0000] {processor.py:840} INFO - DAG(s) 'example_local_kubernetes_executor' retrieved from /home/airflow/.local/lib/python3.12/site-packages/airflow/example_dags/example_local_kubernetes_executor.py
[2025-09-29T16:30:49.543+0000] {logging_mixin.py:188} INFO - [2025-09-29T16:30:49.542+0000] {dag.py:3089} INFO - Sync 1 DAGs
[2025-09-29T16:30:49.572+0000] {logging_mixin.py:188} INFO - [2025-09-29T16:30:49.571+0000] {dag.py:3947} INFO - Setting next_dagrun for example_local_kubernetes_executor to None, run_after=None
[2025-09-29T16:30:49.630+0000] {processor.py:183} INFO - Processing /home/airflow/.local/lib/python3.12/site-packages/airflow/example_dags/example_local_kubernetes_executor.py took 0.212 seconds
[2025-09-29T16:31:20.431+0000] {processor.py:161} INFO - Started process (PID=29883) to work on /home/airflow/.local/lib/python3.12/site-packages/airflow/example_dags/example_local_kubernetes_executor.py
[2025-09-29T16:31:20.434+0000] {processor.py:830} INFO - Processing file /home/airflow/.local/lib/python3.12/site-packages/airflow/example_dags/example_local_kubernetes_executor.py for tasks to queue
[2025-09-29T16:31:20.436+0000] {logging_mixin.py:188} INFO - [2025-09-29T16:31:20.435+0000] {dagbag.py:545} INFO - Filling up the DagBag from /home/airflow/.local/lib/python3.12/site-packages/airflow/example_dags/example_local_kubernetes_executor.py
[2025-09-29T16:31:20.454+0000] {processor.py:840} INFO - DAG(s) 'example_local_kubernetes_executor' retrieved from /home/airflow/.local/lib/python3.12/site-packages/airflow/example_dags/example_local_kubernetes_executor.py
[2025-09-29T16:31:20.569+0000] {logging_mixin.py:188} INFO - [2025-09-29T16:31:20.569+0000] {dag.py:3089} INFO - Sync 1 DAGs
[2025-09-29T16:31:20.601+0000] {logging_mixin.py:188} INFO - [2025-09-29T16:31:20.600+0000] {dag.py:3947} INFO - Setting next_dagrun for example_local_kubernetes_executor to None, run_after=None
[2025-09-29T16:31:20.651+0000] {processor.py:183} INFO - Processing /home/airflow/.local/lib/python3.12/site-packages/airflow/example_dags/example_local_kubernetes_executor.py took 0.237 seconds
[2025-09-29T16:31:51.301+0000] {processor.py:161} INFO - Started process (PID=30144) to work on /home/airflow/.local/lib/python3.12/site-packages/airflow/example_dags/example_local_kubernetes_executor.py
[2025-09-29T16:31:51.304+0000] {processor.py:830} INFO - Processing file /home/airflow/.local/lib/python3.12/site-packages/airflow/example_dags/example_local_kubernetes_executor.py for tasks to queue
[2025-09-29T16:31:51.306+0000] {logging_mixin.py:188} INFO - [2025-09-29T16:31:51.305+0000] {dagbag.py:545} INFO - Filling up the DagBag from /home/airflow/.local/lib/python3.12/site-packages/airflow/example_dags/example_local_kubernetes_executor.py
[2025-09-29T16:31:51.323+0000] {processor.py:840} INFO - DAG(s) 'example_local_kubernetes_executor' retrieved from /home/airflow/.local/lib/python3.12/site-packages/airflow/example_dags/example_local_kubernetes_executor.py
[2025-09-29T16:31:51.413+0000] {logging_mixin.py:188} INFO - [2025-09-29T16:31:51.413+0000] {dag.py:3089} INFO - Sync 1 DAGs
[2025-09-29T16:31:51.447+0000] {logging_mixin.py:188} INFO - [2025-09-29T16:31:51.446+0000] {dag.py:3947} INFO - Setting next_dagrun for example_local_kubernetes_executor to None, run_after=None
[2025-09-29T16:31:51.494+0000] {processor.py:183} INFO - Processing /home/airflow/.local/lib/python3.12/site-packages/airflow/example_dags/example_local_kubernetes_executor.py took 0.208 seconds
[2025-09-29T16:32:22.312+0000] {processor.py:161} INFO - Started process (PID=30405) to work on /home/airflow/.local/lib/python3.12/site-packages/airflow/example_dags/example_local_kubernetes_executor.py
[2025-09-29T16:32:22.315+0000] {processor.py:830} INFO - Processing file /home/airflow/.local/lib/python3.12/site-packages/airflow/example_dags/example_local_kubernetes_executor.py for tasks to queue
[2025-09-29T16:32:22.317+0000] {logging_mixin.py:188} INFO - [2025-09-29T16:32:22.317+0000] {dagbag.py:545} INFO - Filling up the DagBag from /home/airflow/.local/lib/python3.12/site-packages/airflow/example_dags/example_local_kubernetes_executor.py
[2025-09-29T16:32:22.338+0000] {processor.py:840} INFO - DAG(s) 'example_local_kubernetes_executor' retrieved from /home/airflow/.local/lib/python3.12/site-packages/airflow/example_dags/example_local_kubernetes_executor.py
[2025-09-29T16:32:22.434+0000] {logging_mixin.py:188} INFO - [2025-09-29T16:32:22.434+0000] {dag.py:3089} INFO - Sync 1 DAGs
[2025-09-29T16:32:22.464+0000] {logging_mixin.py:188} INFO - [2025-09-29T16:32:22.463+0000] {dag.py:3947} INFO - Setting next_dagrun for example_local_kubernetes_executor to None, run_after=None
[2025-09-29T16:32:22.515+0000] {processor.py:183} INFO - Processing /home/airflow/.local/lib/python3.12/site-packages/airflow/example_dags/example_local_kubernetes_executor.py took 0.219 seconds
[2025-09-29T16:32:52.765+0000] {processor.py:161} INFO - Started process (PID=30666) to work on /home/airflow/.local/lib/python3.12/site-packages/airflow/example_dags/example_local_kubernetes_executor.py
[2025-09-29T16:32:52.768+0000] {processor.py:830} INFO - Processing file /home/airflow/.local/lib/python3.12/site-packages/airflow/example_dags/example_local_kubernetes_executor.py for tasks to queue
[2025-09-29T16:32:52.770+0000] {logging_mixin.py:188} INFO - [2025-09-29T16:32:52.769+0000] {dagbag.py:545} INFO - Filling up the DagBag from /home/airflow/.local/lib/python3.12/site-packages/airflow/example_dags/example_local_kubernetes_executor.py
[2025-09-29T16:32:52.787+0000] {processor.py:840} INFO - DAG(s) 'example_local_kubernetes_executor' retrieved from /home/airflow/.local/lib/python3.12/site-packages/airflow/example_dags/example_local_kubernetes_executor.py
[2025-09-29T16:32:52.874+0000] {logging_mixin.py:188} INFO - [2025-09-29T16:32:52.873+0000] {dag.py:3089} INFO - Sync 1 DAGs
[2025-09-29T16:32:52.903+0000] {logging_mixin.py:188} INFO - [2025-09-29T16:32:52.903+0000] {dag.py:3947} INFO - Setting next_dagrun for example_local_kubernetes_executor to None, run_after=None
[2025-09-29T16:32:52.953+0000] {processor.py:183} INFO - Processing /home/airflow/.local/lib/python3.12/site-packages/airflow/example_dags/example_local_kubernetes_executor.py took 0.203 seconds
[2025-09-29T16:33:23.888+0000] {processor.py:161} INFO - Started process (PID=30927) to work on /home/airflow/.local/lib/python3.12/site-packages/airflow/example_dags/example_local_kubernetes_executor.py
[2025-09-29T16:33:23.890+0000] {processor.py:830} INFO - Processing file /home/airflow/.local/lib/python3.12/site-packages/airflow/example_dags/example_local_kubernetes_executor.py for tasks to queue
[2025-09-29T16:33:23.892+0000] {logging_mixin.py:188} INFO - [2025-09-29T16:33:23.891+0000] {dagbag.py:545} INFO - Filling up the DagBag from /home/airflow/.local/lib/python3.12/site-packages/airflow/example_dags/example_local_kubernetes_executor.py
[2025-09-29T16:33:23.911+0000] {processor.py:840} INFO - DAG(s) 'example_local_kubernetes_executor' retrieved from /home/airflow/.local/lib/python3.12/site-packages/airflow/example_dags/example_local_kubernetes_executor.py
[2025-09-29T16:33:24.018+0000] {logging_mixin.py:188} INFO - [2025-09-29T16:33:24.018+0000] {dag.py:3089} INFO - Sync 1 DAGs
[2025-09-29T16:33:24.046+0000] {logging_mixin.py:188} INFO - [2025-09-29T16:33:24.046+0000] {dag.py:3947} INFO - Setting next_dagrun for example_local_kubernetes_executor to None, run_after=None
[2025-09-29T16:33:24.096+0000] {processor.py:183} INFO - Processing /home/airflow/.local/lib/python3.12/site-packages/airflow/example_dags/example_local_kubernetes_executor.py took 0.224 seconds
[2025-09-29T16:33:55.241+0000] {processor.py:161} INFO - Started process (PID=31188) to work on /home/airflow/.local/lib/python3.12/site-packages/airflow/example_dags/example_local_kubernetes_executor.py
[2025-09-29T16:33:55.244+0000] {processor.py:830} INFO - Processing file /home/airflow/.local/lib/python3.12/site-packages/airflow/example_dags/example_local_kubernetes_executor.py for tasks to queue
[2025-09-29T16:33:55.246+0000] {logging_mixin.py:188} INFO - [2025-09-29T16:33:55.245+0000] {dagbag.py:545} INFO - Filling up the DagBag from /home/airflow/.local/lib/python3.12/site-packages/airflow/example_dags/example_local_kubernetes_executor.py
[2025-09-29T16:33:55.267+0000] {processor.py:840} INFO - DAG(s) 'example_local_kubernetes_executor' retrieved from /home/airflow/.local/lib/python3.12/site-packages/airflow/example_dags/example_local_kubernetes_executor.py
[2025-09-29T16:33:55.371+0000] {logging_mixin.py:188} INFO - [2025-09-29T16:33:55.370+0000] {dag.py:3089} INFO - Sync 1 DAGs
[2025-09-29T16:33:55.402+0000] {logging_mixin.py:188} INFO - [2025-09-29T16:33:55.402+0000] {dag.py:3947} INFO - Setting next_dagrun for example_local_kubernetes_executor to None, run_after=None
[2025-09-29T16:33:55.451+0000] {processor.py:183} INFO - Processing /home/airflow/.local/lib/python3.12/site-packages/airflow/example_dags/example_local_kubernetes_executor.py took 0.228 seconds
[2025-09-29T16:34:26.925+0000] {processor.py:161} INFO - Started process (PID=31454) to work on /home/airflow/.local/lib/python3.12/site-packages/airflow/example_dags/example_local_kubernetes_executor.py
[2025-09-29T16:34:26.930+0000] {processor.py:830} INFO - Processing file /home/airflow/.local/lib/python3.12/site-packages/airflow/example_dags/example_local_kubernetes_executor.py for tasks to queue
[2025-09-29T16:34:26.933+0000] {logging_mixin.py:188} INFO - [2025-09-29T16:34:26.932+0000] {dagbag.py:545} INFO - Filling up the DagBag from /home/airflow/.local/lib/python3.12/site-packages/airflow/example_dags/example_local_kubernetes_executor.py
[2025-09-29T16:34:26.978+0000] {processor.py:840} INFO - DAG(s) 'example_local_kubernetes_executor' retrieved from /home/airflow/.local/lib/python3.12/site-packages/airflow/example_dags/example_local_kubernetes_executor.py
[2025-09-29T16:34:27.089+0000] {logging_mixin.py:188} INFO - [2025-09-29T16:34:27.089+0000] {dag.py:3089} INFO - Sync 1 DAGs
[2025-09-29T16:34:27.125+0000] {logging_mixin.py:188} INFO - [2025-09-29T16:34:27.124+0000] {dag.py:3947} INFO - Setting next_dagrun for example_local_kubernetes_executor to None, run_after=None
[2025-09-29T16:34:27.189+0000] {processor.py:183} INFO - Processing /home/airflow/.local/lib/python3.12/site-packages/airflow/example_dags/example_local_kubernetes_executor.py took 0.288 seconds
[2025-09-29T16:47:34.091+0000] {processor.py:161} INFO - Started process (PID=332) to work on /home/airflow/.local/lib/python3.12/site-packages/airflow/example_dags/example_local_kubernetes_executor.py
[2025-09-29T16:47:34.095+0000] {processor.py:830} INFO - Processing file /home/airflow/.local/lib/python3.12/site-packages/airflow/example_dags/example_local_kubernetes_executor.py for tasks to queue
[2025-09-29T16:47:34.101+0000] {logging_mixin.py:188} INFO - [2025-09-29T16:47:34.100+0000] {dagbag.py:545} INFO - Filling up the DagBag from /home/airflow/.local/lib/python3.12/site-packages/airflow/example_dags/example_local_kubernetes_executor.py
[2025-09-29T16:47:34.128+0000] {processor.py:840} INFO - DAG(s) 'example_local_kubernetes_executor' retrieved from /home/airflow/.local/lib/python3.12/site-packages/airflow/example_dags/example_local_kubernetes_executor.py
[2025-09-29T16:47:34.167+0000] {logging_mixin.py:188} INFO - [2025-09-29T16:47:34.167+0000] {dag.py:3089} INFO - Sync 1 DAGs
[2025-09-29T16:47:34.206+0000] {logging_mixin.py:188} INFO - [2025-09-29T16:47:34.205+0000] {dag.py:3947} INFO - Setting next_dagrun for example_local_kubernetes_executor to None, run_after=None
[2025-09-29T16:47:34.258+0000] {processor.py:183} INFO - Processing /home/airflow/.local/lib/python3.12/site-packages/airflow/example_dags/example_local_kubernetes_executor.py took 0.184 seconds
[2025-09-29T16:48:11.160+0000] {processor.py:161} INFO - Started process (PID=606) to work on /home/airflow/.local/lib/python3.12/site-packages/airflow/example_dags/example_local_kubernetes_executor.py
[2025-09-29T16:48:11.164+0000] {processor.py:830} INFO - Processing file /home/airflow/.local/lib/python3.12/site-packages/airflow/example_dags/example_local_kubernetes_executor.py for tasks to queue
[2025-09-29T16:48:11.168+0000] {logging_mixin.py:188} INFO - [2025-09-29T16:48:11.168+0000] {dagbag.py:545} INFO - Filling up the DagBag from /home/airflow/.local/lib/python3.12/site-packages/airflow/example_dags/example_local_kubernetes_executor.py
[2025-09-29T16:48:11.188+0000] {processor.py:840} INFO - DAG(s) 'example_local_kubernetes_executor' retrieved from /home/airflow/.local/lib/python3.12/site-packages/airflow/example_dags/example_local_kubernetes_executor.py
[2025-09-29T16:48:11.676+0000] {logging_mixin.py:188} INFO - [2025-09-29T16:48:11.676+0000] {dag.py:3089} INFO - Sync 1 DAGs
[2025-09-29T16:48:11.709+0000] {logging_mixin.py:188} INFO - [2025-09-29T16:48:11.708+0000] {dag.py:3947} INFO - Setting next_dagrun for example_local_kubernetes_executor to None, run_after=None
[2025-09-29T16:48:11.767+0000] {processor.py:183} INFO - Processing /home/airflow/.local/lib/python3.12/site-packages/airflow/example_dags/example_local_kubernetes_executor.py took 0.628 seconds
[2025-09-29T16:48:42.408+0000] {processor.py:161} INFO - Started process (PID=876) to work on /home/airflow/.local/lib/python3.12/site-packages/airflow/example_dags/example_local_kubernetes_executor.py
[2025-09-29T16:48:42.412+0000] {processor.py:830} INFO - Processing file /home/airflow/.local/lib/python3.12/site-packages/airflow/example_dags/example_local_kubernetes_executor.py for tasks to queue
[2025-09-29T16:48:42.416+0000] {logging_mixin.py:188} INFO - [2025-09-29T16:48:42.415+0000] {dagbag.py:545} INFO - Filling up the DagBag from /home/airflow/.local/lib/python3.12/site-packages/airflow/example_dags/example_local_kubernetes_executor.py
[2025-09-29T16:48:42.433+0000] {processor.py:840} INFO - DAG(s) 'example_local_kubernetes_executor' retrieved from /home/airflow/.local/lib/python3.12/site-packages/airflow/example_dags/example_local_kubernetes_executor.py
[2025-09-29T16:48:42.513+0000] {logging_mixin.py:188} INFO - [2025-09-29T16:48:42.513+0000] {dag.py:3089} INFO - Sync 1 DAGs
[2025-09-29T16:48:42.585+0000] {logging_mixin.py:188} INFO - [2025-09-29T16:48:42.585+0000] {dag.py:3947} INFO - Setting next_dagrun for example_local_kubernetes_executor to None, run_after=None
[2025-09-29T16:48:42.697+0000] {processor.py:183} INFO - Processing /home/airflow/.local/lib/python3.12/site-packages/airflow/example_dags/example_local_kubernetes_executor.py took 0.304 seconds
[2025-09-29T16:55:36.895+0000] {processor.py:161} INFO - Started process (PID=350) to work on /home/airflow/.local/lib/python3.12/site-packages/airflow/example_dags/example_local_kubernetes_executor.py
[2025-09-29T16:55:36.898+0000] {processor.py:830} INFO - Processing file /home/airflow/.local/lib/python3.12/site-packages/airflow/example_dags/example_local_kubernetes_executor.py for tasks to queue
[2025-09-29T16:55:36.902+0000] {logging_mixin.py:188} INFO - [2025-09-29T16:55:36.901+0000] {dagbag.py:545} INFO - Filling up the DagBag from /home/airflow/.local/lib/python3.12/site-packages/airflow/example_dags/example_local_kubernetes_executor.py
[2025-09-29T16:55:36.925+0000] {processor.py:840} INFO - DAG(s) 'example_local_kubernetes_executor' retrieved from /home/airflow/.local/lib/python3.12/site-packages/airflow/example_dags/example_local_kubernetes_executor.py
[2025-09-29T16:55:36.960+0000] {logging_mixin.py:188} INFO - [2025-09-29T16:55:36.960+0000] {dag.py:3089} INFO - Sync 1 DAGs
[2025-09-29T16:55:36.990+0000] {logging_mixin.py:188} INFO - [2025-09-29T16:55:36.990+0000] {dag.py:3947} INFO - Setting next_dagrun for example_local_kubernetes_executor to None, run_after=None
[2025-09-29T16:55:37.042+0000] {processor.py:183} INFO - Processing /home/airflow/.local/lib/python3.12/site-packages/airflow/example_dags/example_local_kubernetes_executor.py took 0.160 seconds
[2025-09-29T16:56:14.755+0000] {processor.py:161} INFO - Started process (PID=630) to work on /home/airflow/.local/lib/python3.12/site-packages/airflow/example_dags/example_local_kubernetes_executor.py
[2025-09-29T16:56:14.758+0000] {processor.py:830} INFO - Processing file /home/airflow/.local/lib/python3.12/site-packages/airflow/example_dags/example_local_kubernetes_executor.py for tasks to queue
[2025-09-29T16:56:14.768+0000] {logging_mixin.py:188} INFO - [2025-09-29T16:56:14.763+0000] {dagbag.py:545} INFO - Filling up the DagBag from /home/airflow/.local/lib/python3.12/site-packages/airflow/example_dags/example_local_kubernetes_executor.py
[2025-09-29T16:56:14.800+0000] {processor.py:840} INFO - DAG(s) 'example_local_kubernetes_executor' retrieved from /home/airflow/.local/lib/python3.12/site-packages/airflow/example_dags/example_local_kubernetes_executor.py
[2025-09-29T16:56:15.491+0000] {logging_mixin.py:188} INFO - [2025-09-29T16:56:15.488+0000] {dag.py:3089} INFO - Sync 1 DAGs
[2025-09-29T16:56:15.558+0000] {logging_mixin.py:188} INFO - [2025-09-29T16:56:15.557+0000] {dag.py:3947} INFO - Setting next_dagrun for example_local_kubernetes_executor to None, run_after=None
[2025-09-29T16:56:15.652+0000] {processor.py:183} INFO - Processing /home/airflow/.local/lib/python3.12/site-packages/airflow/example_dags/example_local_kubernetes_executor.py took 0.935 seconds
[2025-09-29T16:56:46.580+0000] {processor.py:161} INFO - Started process (PID=893) to work on /home/airflow/.local/lib/python3.12/site-packages/airflow/example_dags/example_local_kubernetes_executor.py
[2025-09-29T16:56:46.611+0000] {processor.py:830} INFO - Processing file /home/airflow/.local/lib/python3.12/site-packages/airflow/example_dags/example_local_kubernetes_executor.py for tasks to queue
[2025-09-29T16:56:46.615+0000] {logging_mixin.py:188} INFO - [2025-09-29T16:56:46.615+0000] {dagbag.py:545} INFO - Filling up the DagBag from /home/airflow/.local/lib/python3.12/site-packages/airflow/example_dags/example_local_kubernetes_executor.py
[2025-09-29T16:56:46.685+0000] {processor.py:840} INFO - DAG(s) 'example_local_kubernetes_executor' retrieved from /home/airflow/.local/lib/python3.12/site-packages/airflow/example_dags/example_local_kubernetes_executor.py
[2025-09-29T16:56:46.776+0000] {logging_mixin.py:188} INFO - [2025-09-29T16:56:46.775+0000] {dag.py:3089} INFO - Sync 1 DAGs
[2025-09-29T16:56:46.811+0000] {logging_mixin.py:188} INFO - [2025-09-29T16:56:46.811+0000] {dag.py:3947} INFO - Setting next_dagrun for example_local_kubernetes_executor to None, run_after=None
[2025-09-29T16:56:46.989+0000] {processor.py:183} INFO - Processing /home/airflow/.local/lib/python3.12/site-packages/airflow/example_dags/example_local_kubernetes_executor.py took 0.422 seconds
[2025-09-29T16:57:21.612+0000] {processor.py:161} INFO - Started process (PID=1166) to work on /home/airflow/.local/lib/python3.12/site-packages/airflow/example_dags/example_local_kubernetes_executor.py
[2025-09-29T16:57:21.616+0000] {processor.py:830} INFO - Processing file /home/airflow/.local/lib/python3.12/site-packages/airflow/example_dags/example_local_kubernetes_executor.py for tasks to queue
[2025-09-29T16:57:21.622+0000] {logging_mixin.py:188} INFO - [2025-09-29T16:57:21.621+0000] {dagbag.py:545} INFO - Filling up the DagBag from /home/airflow/.local/lib/python3.12/site-packages/airflow/example_dags/example_local_kubernetes_executor.py
[2025-09-29T16:57:21.652+0000] {processor.py:840} INFO - DAG(s) 'example_local_kubernetes_executor' retrieved from /home/airflow/.local/lib/python3.12/site-packages/airflow/example_dags/example_local_kubernetes_executor.py
[2025-09-29T16:57:21.772+0000] {logging_mixin.py:188} INFO - [2025-09-29T16:57:21.771+0000] {dag.py:3089} INFO - Sync 1 DAGs
[2025-09-29T16:57:21.806+0000] {logging_mixin.py:188} INFO - [2025-09-29T16:57:21.805+0000] {dag.py:3947} INFO - Setting next_dagrun for example_local_kubernetes_executor to None, run_after=None
[2025-09-29T16:57:21.862+0000] {processor.py:183} INFO - Processing /home/airflow/.local/lib/python3.12/site-packages/airflow/example_dags/example_local_kubernetes_executor.py took 0.269 seconds
[2025-09-29T16:57:53.110+0000] {processor.py:161} INFO - Started process (PID=1431) to work on /home/airflow/.local/lib/python3.12/site-packages/airflow/example_dags/example_local_kubernetes_executor.py
[2025-09-29T16:57:53.113+0000] {processor.py:830} INFO - Processing file /home/airflow/.local/lib/python3.12/site-packages/airflow/example_dags/example_local_kubernetes_executor.py for tasks to queue
[2025-09-29T16:57:53.120+0000] {logging_mixin.py:188} INFO - [2025-09-29T16:57:53.118+0000] {dagbag.py:545} INFO - Filling up the DagBag from /home/airflow/.local/lib/python3.12/site-packages/airflow/example_dags/example_local_kubernetes_executor.py
[2025-09-29T16:57:53.144+0000] {processor.py:840} INFO - DAG(s) 'example_local_kubernetes_executor' retrieved from /home/airflow/.local/lib/python3.12/site-packages/airflow/example_dags/example_local_kubernetes_executor.py
[2025-09-29T16:57:53.267+0000] {logging_mixin.py:188} INFO - [2025-09-29T16:57:53.266+0000] {dag.py:3089} INFO - Sync 1 DAGs
[2025-09-29T16:57:53.309+0000] {logging_mixin.py:188} INFO - [2025-09-29T16:57:53.308+0000] {dag.py:3947} INFO - Setting next_dagrun for example_local_kubernetes_executor to None, run_after=None
[2025-09-29T16:57:53.374+0000] {processor.py:183} INFO - Processing /home/airflow/.local/lib/python3.12/site-packages/airflow/example_dags/example_local_kubernetes_executor.py took 0.284 seconds
[2025-09-29T16:58:22.914+0000] {processor.py:161} INFO - Started process (PID=1692) to work on /home/airflow/.local/lib/python3.12/site-packages/airflow/example_dags/example_local_kubernetes_executor.py
[2025-09-29T16:58:22.917+0000] {processor.py:830} INFO - Processing file /home/airflow/.local/lib/python3.12/site-packages/airflow/example_dags/example_local_kubernetes_executor.py for tasks to queue
[2025-09-29T16:58:22.923+0000] {logging_mixin.py:188} INFO - [2025-09-29T16:58:22.922+0000] {dagbag.py:545} INFO - Filling up the DagBag from /home/airflow/.local/lib/python3.12/site-packages/airflow/example_dags/example_local_kubernetes_executor.py
[2025-09-29T16:58:22.949+0000] {processor.py:840} INFO - DAG(s) 'example_local_kubernetes_executor' retrieved from /home/airflow/.local/lib/python3.12/site-packages/airflow/example_dags/example_local_kubernetes_executor.py
[2025-09-29T16:58:22.182+0000] {logging_mixin.py:188} INFO - [2025-09-29T16:58:22.181+0000] {dag.py:3089} INFO - Sync 1 DAGs
[2025-09-29T16:58:22.218+0000] {logging_mixin.py:188} INFO - [2025-09-29T16:58:22.217+0000] {dag.py:3947} INFO - Setting next_dagrun for example_local_kubernetes_executor to None, run_after=None
[2025-09-29T16:58:22.276+0000] {processor.py:183} INFO - Processing /home/airflow/.local/lib/python3.12/site-packages/airflow/example_dags/example_local_kubernetes_executor.py took 0.252 seconds
[2025-09-29T16:58:52.507+0000] {processor.py:161} INFO - Started process (PID=1931) to work on /home/airflow/.local/lib/python3.12/site-packages/airflow/example_dags/example_local_kubernetes_executor.py
[2025-09-29T16:58:52.514+0000] {processor.py:830} INFO - Processing file /home/airflow/.local/lib/python3.12/site-packages/airflow/example_dags/example_local_kubernetes_executor.py for tasks to queue
[2025-09-29T16:58:52.519+0000] {logging_mixin.py:188} INFO - [2025-09-29T16:58:52.518+0000] {dagbag.py:545} INFO - Filling up the DagBag from /home/airflow/.local/lib/python3.12/site-packages/airflow/example_dags/example_local_kubernetes_executor.py
[2025-09-29T16:58:52.538+0000] {processor.py:840} INFO - DAG(s) 'example_local_kubernetes_executor' retrieved from /home/airflow/.local/lib/python3.12/site-packages/airflow/example_dags/example_local_kubernetes_executor.py
[2025-09-29T16:58:52.621+0000] {logging_mixin.py:188} INFO - [2025-09-29T16:58:52.620+0000] {dag.py:3089} INFO - Sync 1 DAGs
[2025-09-29T16:58:52.651+0000] {logging_mixin.py:188} INFO - [2025-09-29T16:58:52.650+0000] {dag.py:3947} INFO - Setting next_dagrun for example_local_kubernetes_executor to None, run_after=None
[2025-09-29T16:58:52.699+0000] {processor.py:183} INFO - Processing /home/airflow/.local/lib/python3.12/site-packages/airflow/example_dags/example_local_kubernetes_executor.py took 0.206 seconds
[2025-09-29T16:59:23.323+0000] {processor.py:161} INFO - Started process (PID=2193) to work on /home/airflow/.local/lib/python3.12/site-packages/airflow/example_dags/example_local_kubernetes_executor.py
[2025-09-29T16:59:23.325+0000] {processor.py:830} INFO - Processing file /home/airflow/.local/lib/python3.12/site-packages/airflow/example_dags/example_local_kubernetes_executor.py for tasks to queue
[2025-09-29T16:59:23.330+0000] {logging_mixin.py:188} INFO - [2025-09-29T16:59:23.329+0000] {dagbag.py:545} INFO - Filling up the DagBag from /home/airflow/.local/lib/python3.12/site-packages/airflow/example_dags/example_local_kubernetes_executor.py
[2025-09-29T16:59:23.348+0000] {processor.py:840} INFO - DAG(s) 'example_local_kubernetes_executor' retrieved from /home/airflow/.local/lib/python3.12/site-packages/airflow/example_dags/example_local_kubernetes_executor.py
[2025-09-29T16:59:23.436+0000] {logging_mixin.py:188} INFO - [2025-09-29T16:59:23.435+0000] {dag.py:3089} INFO - Sync 1 DAGs
[2025-09-29T16:59:23.466+0000] {logging_mixin.py:188} INFO - [2025-09-29T16:59:23.466+0000] {dag.py:3947} INFO - Setting next_dagrun for example_local_kubernetes_executor to None, run_after=None
[2025-09-29T16:59:23.512+0000] {processor.py:183} INFO - Processing /home/airflow/.local/lib/python3.12/site-packages/airflow/example_dags/example_local_kubernetes_executor.py took 0.204 seconds
[2025-09-29T16:59:54.125+0000] {processor.py:161} INFO - Started process (PID=2455) to work on /home/airflow/.local/lib/python3.12/site-packages/airflow/example_dags/example_local_kubernetes_executor.py
[2025-09-29T16:59:54.128+0000] {processor.py:830} INFO - Processing file /home/airflow/.local/lib/python3.12/site-packages/airflow/example_dags/example_local_kubernetes_executor.py for tasks to queue
[2025-09-29T16:59:54.133+0000] {logging_mixin.py:188} INFO - [2025-09-29T16:59:54.132+0000] {dagbag.py:545} INFO - Filling up the DagBag from /home/airflow/.local/lib/python3.12/site-packages/airflow/example_dags/example_local_kubernetes_executor.py
[2025-09-29T16:59:54.151+0000] {processor.py:840} INFO - DAG(s) 'example_local_kubernetes_executor' retrieved from /home/airflow/.local/lib/python3.12/site-packages/airflow/example_dags/example_local_kubernetes_executor.py
[2025-09-29T16:59:54.247+0000] {logging_mixin.py:188} INFO - [2025-09-29T16:59:54.246+0000] {dag.py:3089} INFO - Sync 1 DAGs
[2025-09-29T16:59:54.284+0000] {logging_mixin.py:188} INFO - [2025-09-29T16:59:54.283+0000] {dag.py:3947} INFO - Setting next_dagrun for example_local_kubernetes_executor to None, run_after=None
[2025-09-29T16:59:54.335+0000] {processor.py:183} INFO - Processing /home/airflow/.local/lib/python3.12/site-packages/airflow/example_dags/example_local_kubernetes_executor.py took 0.224 seconds
[2025-09-29T17:00:25.086+0000] {processor.py:161} INFO - Started process (PID=2717) to work on /home/airflow/.local/lib/python3.12/site-packages/airflow/example_dags/example_local_kubernetes_executor.py
[2025-09-29T17:00:25.089+0000] {processor.py:830} INFO - Processing file /home/airflow/.local/lib/python3.12/site-packages/airflow/example_dags/example_local_kubernetes_executor.py for tasks to queue
[2025-09-29T17:00:25.093+0000] {logging_mixin.py:188} INFO - [2025-09-29T17:00:25.092+0000] {dagbag.py:545} INFO - Filling up the DagBag from /home/airflow/.local/lib/python3.12/site-packages/airflow/example_dags/example_local_kubernetes_executor.py
[2025-09-29T17:00:25.111+0000] {processor.py:840} INFO - DAG(s) 'example_local_kubernetes_executor' retrieved from /home/airflow/.local/lib/python3.12/site-packages/airflow/example_dags/example_local_kubernetes_executor.py
[2025-09-29T17:00:25.198+0000] {logging_mixin.py:188} INFO - [2025-09-29T17:00:25.197+0000] {dag.py:3089} INFO - Sync 1 DAGs
[2025-09-29T17:00:25.228+0000] {logging_mixin.py:188} INFO - [2025-09-29T17:00:25.227+0000] {dag.py:3947} INFO - Setting next_dagrun for example_local_kubernetes_executor to None, run_after=None
[2025-09-29T17:00:25.282+0000] {processor.py:183} INFO - Processing /home/airflow/.local/lib/python3.12/site-packages/airflow/example_dags/example_local_kubernetes_executor.py took 0.210 seconds
[2025-09-29T17:00:55.538+0000] {processor.py:161} INFO - Started process (PID=2979) to work on /home/airflow/.local/lib/python3.12/site-packages/airflow/example_dags/example_local_kubernetes_executor.py
[2025-09-29T17:00:55.541+0000] {processor.py:830} INFO - Processing file /home/airflow/.local/lib/python3.12/site-packages/airflow/example_dags/example_local_kubernetes_executor.py for tasks to queue
[2025-09-29T17:00:55.545+0000] {logging_mixin.py:188} INFO - [2025-09-29T17:00:55.544+0000] {dagbag.py:545} INFO - Filling up the DagBag from /home/airflow/.local/lib/python3.12/site-packages/airflow/example_dags/example_local_kubernetes_executor.py
[2025-09-29T17:00:55.564+0000] {processor.py:840} INFO - DAG(s) 'example_local_kubernetes_executor' retrieved from /home/airflow/.local/lib/python3.12/site-packages/airflow/example_dags/example_local_kubernetes_executor.py
[2025-09-29T17:00:55.685+0000] {logging_mixin.py:188} INFO - [2025-09-29T17:00:55.681+0000] {dag.py:3089} INFO - Sync 1 DAGs
[2025-09-29T17:00:55.722+0000] {logging_mixin.py:188} INFO - [2025-09-29T17:00:55.722+0000] {dag.py:3947} INFO - Setting next_dagrun for example_local_kubernetes_executor to None, run_after=None
[2025-09-29T17:00:55.774+0000] {processor.py:183} INFO - Processing /home/airflow/.local/lib/python3.12/site-packages/airflow/example_dags/example_local_kubernetes_executor.py took 0.252 seconds
[2025-09-29T17:01:26.234+0000] {processor.py:161} INFO - Started process (PID=3241) to work on /home/airflow/.local/lib/python3.12/site-packages/airflow/example_dags/example_local_kubernetes_executor.py
[2025-09-29T17:01:26.238+0000] {processor.py:830} INFO - Processing file /home/airflow/.local/lib/python3.12/site-packages/airflow/example_dags/example_local_kubernetes_executor.py for tasks to queue
[2025-09-29T17:01:26.244+0000] {logging_mixin.py:188} INFO - [2025-09-29T17:01:26.243+0000] {dagbag.py:545} INFO - Filling up the DagBag from /home/airflow/.local/lib/python3.12/site-packages/airflow/example_dags/example_local_kubernetes_executor.py
[2025-09-29T17:01:26.267+0000] {processor.py:840} INFO - DAG(s) 'example_local_kubernetes_executor' retrieved from /home/airflow/.local/lib/python3.12/site-packages/airflow/example_dags/example_local_kubernetes_executor.py
[2025-09-29T17:01:26.366+0000] {logging_mixin.py:188} INFO - [2025-09-29T17:01:26.365+0000] {dag.py:3089} INFO - Sync 1 DAGs
[2025-09-29T17:01:26.400+0000] {logging_mixin.py:188} INFO - [2025-09-29T17:01:26.400+0000] {dag.py:3947} INFO - Setting next_dagrun for example_local_kubernetes_executor to None, run_after=None
[2025-09-29T17:01:26.454+0000] {processor.py:183} INFO - Processing /home/airflow/.local/lib/python3.12/site-packages/airflow/example_dags/example_local_kubernetes_executor.py took 0.238 seconds
[2025-09-29T17:01:56.712+0000] {processor.py:161} INFO - Started process (PID=3503) to work on /home/airflow/.local/lib/python3.12/site-packages/airflow/example_dags/example_local_kubernetes_executor.py
[2025-09-29T17:01:56.715+0000] {processor.py:830} INFO - Processing file /home/airflow/.local/lib/python3.12/site-packages/airflow/example_dags/example_local_kubernetes_executor.py for tasks to queue
[2025-09-29T17:01:56.719+0000] {logging_mixin.py:188} INFO - [2025-09-29T17:01:56.718+0000] {dagbag.py:545} INFO - Filling up the DagBag from /home/airflow/.local/lib/python3.12/site-packages/airflow/example_dags/example_local_kubernetes_executor.py
[2025-09-29T17:01:56.738+0000] {processor.py:840} INFO - DAG(s) 'example_local_kubernetes_executor' retrieved from /home/airflow/.local/lib/python3.12/site-packages/airflow/example_dags/example_local_kubernetes_executor.py
[2025-09-29T17:01:56.831+0000] {logging_mixin.py:188} INFO - [2025-09-29T17:01:56.831+0000] {dag.py:3089} INFO - Sync 1 DAGs
[2025-09-29T17:01:56.869+0000] {logging_mixin.py:188} INFO - [2025-09-29T17:01:56.869+0000] {dag.py:3947} INFO - Setting next_dagrun for example_local_kubernetes_executor to None, run_after=None
[2025-09-29T17:01:56.924+0000] {processor.py:183} INFO - Processing /home/airflow/.local/lib/python3.12/site-packages/airflow/example_dags/example_local_kubernetes_executor.py took 0.227 seconds
[2025-09-29T17:02:27.040+0000] {processor.py:161} INFO - Started process (PID=3763) to work on /home/airflow/.local/lib/python3.12/site-packages/airflow/example_dags/example_local_kubernetes_executor.py
[2025-09-29T17:02:27.084+0000] {processor.py:830} INFO - Processing file /home/airflow/.local/lib/python3.12/site-packages/airflow/example_dags/example_local_kubernetes_executor.py for tasks to queue
[2025-09-29T17:02:27.090+0000] {logging_mixin.py:188} INFO - [2025-09-29T17:02:27.089+0000] {dagbag.py:545} INFO - Filling up the DagBag from /home/airflow/.local/lib/python3.12/site-packages/airflow/example_dags/example_local_kubernetes_executor.py
[2025-09-29T17:02:27.112+0000] {processor.py:840} INFO - DAG(s) 'example_local_kubernetes_executor' retrieved from /home/airflow/.local/lib/python3.12/site-packages/airflow/example_dags/example_local_kubernetes_executor.py
[2025-09-29T17:02:27.230+0000] {logging_mixin.py:188} INFO - [2025-09-29T17:02:27.229+0000] {dag.py:3089} INFO - Sync 1 DAGs
[2025-09-29T17:02:27.264+0000] {logging_mixin.py:188} INFO - [2025-09-29T17:02:27.264+0000] {dag.py:3947} INFO - Setting next_dagrun for example_local_kubernetes_executor to None, run_after=None
[2025-09-29T17:02:27.319+0000] {processor.py:183} INFO - Processing /home/airflow/.local/lib/python3.12/site-packages/airflow/example_dags/example_local_kubernetes_executor.py took 0.296 seconds
[2025-09-29T17:02:57.634+0000] {processor.py:161} INFO - Started process (PID=4025) to work on /home/airflow/.local/lib/python3.12/site-packages/airflow/example_dags/example_local_kubernetes_executor.py
[2025-09-29T17:02:57.642+0000] {processor.py:830} INFO - Processing file /home/airflow/.local/lib/python3.12/site-packages/airflow/example_dags/example_local_kubernetes_executor.py for tasks to queue
[2025-09-29T17:02:57.647+0000] {logging_mixin.py:188} INFO - [2025-09-29T17:02:57.646+0000] {dagbag.py:545} INFO - Filling up the DagBag from /home/airflow/.local/lib/python3.12/site-packages/airflow/example_dags/example_local_kubernetes_executor.py
[2025-09-29T17:02:57.666+0000] {processor.py:840} INFO - DAG(s) 'example_local_kubernetes_executor' retrieved from /home/airflow/.local/lib/python3.12/site-packages/airflow/example_dags/example_local_kubernetes_executor.py
[2025-09-29T17:02:57.759+0000] {logging_mixin.py:188} INFO - [2025-09-29T17:02:57.759+0000] {dag.py:3089} INFO - Sync 1 DAGs
[2025-09-29T17:02:57.794+0000] {logging_mixin.py:188} INFO - [2025-09-29T17:02:57.793+0000] {dag.py:3947} INFO - Setting next_dagrun for example_local_kubernetes_executor to None, run_after=None
[2025-09-29T17:02:57.849+0000] {processor.py:183} INFO - Processing /home/airflow/.local/lib/python3.12/site-packages/airflow/example_dags/example_local_kubernetes_executor.py took 0.230 seconds
[2025-09-29T17:03:28.097+0000] {processor.py:161} INFO - Started process (PID=4287) to work on /home/airflow/.local/lib/python3.12/site-packages/airflow/example_dags/example_local_kubernetes_executor.py
[2025-09-29T17:03:28.103+0000] {processor.py:830} INFO - Processing file /home/airflow/.local/lib/python3.12/site-packages/airflow/example_dags/example_local_kubernetes_executor.py for tasks to queue
[2025-09-29T17:03:28.108+0000] {logging_mixin.py:188} INFO - [2025-09-29T17:03:28.107+0000] {dagbag.py:545} INFO - Filling up the DagBag from /home/airflow/.local/lib/python3.12/site-packages/airflow/example_dags/example_local_kubernetes_executor.py
[2025-09-29T17:03:28.134+0000] {processor.py:840} INFO - DAG(s) 'example_local_kubernetes_executor' retrieved from /home/airflow/.local/lib/python3.12/site-packages/airflow/example_dags/example_local_kubernetes_executor.py
[2025-09-29T17:03:28.258+0000] {logging_mixin.py:188} INFO - [2025-09-29T17:03:28.257+0000] {dag.py:3089} INFO - Sync 1 DAGs
[2025-09-29T17:03:28.293+0000] {logging_mixin.py:188} INFO - [2025-09-29T17:03:28.293+0000] {dag.py:3947} INFO - Setting next_dagrun for example_local_kubernetes_executor to None, run_after=None
[2025-09-29T17:03:28.348+0000] {processor.py:183} INFO - Processing /home/airflow/.local/lib/python3.12/site-packages/airflow/example_dags/example_local_kubernetes_executor.py took 0.282 seconds
[2025-09-29T17:03:58.566+0000] {processor.py:161} INFO - Started process (PID=4546) to work on /home/airflow/.local/lib/python3.12/site-packages/airflow/example_dags/example_local_kubernetes_executor.py
[2025-09-29T17:03:58.578+0000] {processor.py:830} INFO - Processing file /home/airflow/.local/lib/python3.12/site-packages/airflow/example_dags/example_local_kubernetes_executor.py for tasks to queue
[2025-09-29T17:03:58.583+0000] {logging_mixin.py:188} INFO - [2025-09-29T17:03:58.582+0000] {dagbag.py:545} INFO - Filling up the DagBag from /home/airflow/.local/lib/python3.12/site-packages/airflow/example_dags/example_local_kubernetes_executor.py
[2025-09-29T17:03:58.601+0000] {processor.py:840} INFO - DAG(s) 'example_local_kubernetes_executor' retrieved from /home/airflow/.local/lib/python3.12/site-packages/airflow/example_dags/example_local_kubernetes_executor.py
[2025-09-29T17:03:58.687+0000] {logging_mixin.py:188} INFO - [2025-09-29T17:03:58.686+0000] {dag.py:3089} INFO - Sync 1 DAGs
[2025-09-29T17:03:58.717+0000] {logging_mixin.py:188} INFO - [2025-09-29T17:03:58.717+0000] {dag.py:3947} INFO - Setting next_dagrun for example_local_kubernetes_executor to None, run_after=None
[2025-09-29T17:03:58.764+0000] {processor.py:183} INFO - Processing /home/airflow/.local/lib/python3.12/site-packages/airflow/example_dags/example_local_kubernetes_executor.py took 0.211 seconds
[2025-09-29T17:04:29.109+0000] {processor.py:161} INFO - Started process (PID=4811) to work on /home/airflow/.local/lib/python3.12/site-packages/airflow/example_dags/example_local_kubernetes_executor.py
[2025-09-29T17:04:29.112+0000] {processor.py:830} INFO - Processing file /home/airflow/.local/lib/python3.12/site-packages/airflow/example_dags/example_local_kubernetes_executor.py for tasks to queue
[2025-09-29T17:04:29.116+0000] {logging_mixin.py:188} INFO - [2025-09-29T17:04:29.115+0000] {dagbag.py:545} INFO - Filling up the DagBag from /home/airflow/.local/lib/python3.12/site-packages/airflow/example_dags/example_local_kubernetes_executor.py
[2025-09-29T17:04:29.139+0000] {processor.py:840} INFO - DAG(s) 'example_local_kubernetes_executor' retrieved from /home/airflow/.local/lib/python3.12/site-packages/airflow/example_dags/example_local_kubernetes_executor.py
[2025-09-29T17:04:29.226+0000] {logging_mixin.py:188} INFO - [2025-09-29T17:04:29.225+0000] {dag.py:3089} INFO - Sync 1 DAGs
[2025-09-29T17:04:29.255+0000] {logging_mixin.py:188} INFO - [2025-09-29T17:04:29.255+0000] {dag.py:3947} INFO - Setting next_dagrun for example_local_kubernetes_executor to None, run_after=None
[2025-09-29T17:04:29.305+0000] {processor.py:183} INFO - Processing /home/airflow/.local/lib/python3.12/site-packages/airflow/example_dags/example_local_kubernetes_executor.py took 0.210 seconds
[2025-09-29T17:04:59.403+0000] {processor.py:161} INFO - Started process (PID=5073) to work on /home/airflow/.local/lib/python3.12/site-packages/airflow/example_dags/example_local_kubernetes_executor.py
[2025-09-29T17:04:59.406+0000] {processor.py:830} INFO - Processing file /home/airflow/.local/lib/python3.12/site-packages/airflow/example_dags/example_local_kubernetes_executor.py for tasks to queue
[2025-09-29T17:04:59.410+0000] {logging_mixin.py:188} INFO - [2025-09-29T17:04:59.409+0000] {dagbag.py:545} INFO - Filling up the DagBag from /home/airflow/.local/lib/python3.12/site-packages/airflow/example_dags/example_local_kubernetes_executor.py
[2025-09-29T17:04:59.429+0000] {processor.py:840} INFO - DAG(s) 'example_local_kubernetes_executor' retrieved from /home/airflow/.local/lib/python3.12/site-packages/airflow/example_dags/example_local_kubernetes_executor.py
[2025-09-29T17:04:59.517+0000] {logging_mixin.py:188} INFO - [2025-09-29T17:04:59.516+0000] {dag.py:3089} INFO - Sync 1 DAGs
[2025-09-29T17:04:59.553+0000] {logging_mixin.py:188} INFO - [2025-09-29T17:04:59.553+0000] {dag.py:3947} INFO - Setting next_dagrun for example_local_kubernetes_executor to None, run_after=None
[2025-09-29T17:04:59.605+0000] {processor.py:183} INFO - Processing /home/airflow/.local/lib/python3.12/site-packages/airflow/example_dags/example_local_kubernetes_executor.py took 0.216 seconds
[2025-09-29T17:05:34.772+0000] {processor.py:161} INFO - Started process (PID=5371) to work on /home/airflow/.local/lib/python3.12/site-packages/airflow/example_dags/example_local_kubernetes_executor.py
[2025-09-29T17:05:34.776+0000] {processor.py:830} INFO - Processing file /home/airflow/.local/lib/python3.12/site-packages/airflow/example_dags/example_local_kubernetes_executor.py for tasks to queue
[2025-09-29T17:05:34.782+0000] {logging_mixin.py:188} INFO - [2025-09-29T17:05:34.781+0000] {dagbag.py:545} INFO - Filling up the DagBag from /home/airflow/.local/lib/python3.12/site-packages/airflow/example_dags/example_local_kubernetes_executor.py
[2025-09-29T17:05:34.805+0000] {processor.py:840} INFO - DAG(s) 'example_local_kubernetes_executor' retrieved from /home/airflow/.local/lib/python3.12/site-packages/airflow/example_dags/example_local_kubernetes_executor.py
[2025-09-29T17:05:34.907+0000] {logging_mixin.py:188} INFO - [2025-09-29T17:05:34.906+0000] {dag.py:3089} INFO - Sync 1 DAGs
[2025-09-29T17:05:34.938+0000] {logging_mixin.py:188} INFO - [2025-09-29T17:05:34.938+0000] {dag.py:3947} INFO - Setting next_dagrun for example_local_kubernetes_executor to None, run_after=None
[2025-09-29T17:05:34.990+0000] {processor.py:183} INFO - Processing /home/airflow/.local/lib/python3.12/site-packages/airflow/example_dags/example_local_kubernetes_executor.py took 0.236 seconds
[2025-09-29T17:06:06.503+0000] {processor.py:161} INFO - Started process (PID=5638) to work on /home/airflow/.local/lib/python3.12/site-packages/airflow/example_dags/example_local_kubernetes_executor.py
[2025-09-29T17:06:06.506+0000] {processor.py:830} INFO - Processing file /home/airflow/.local/lib/python3.12/site-packages/airflow/example_dags/example_local_kubernetes_executor.py for tasks to queue
[2025-09-29T17:06:06.512+0000] {logging_mixin.py:188} INFO - [2025-09-29T17:06:06.510+0000] {dagbag.py:545} INFO - Filling up the DagBag from /home/airflow/.local/lib/python3.12/site-packages/airflow/example_dags/example_local_kubernetes_executor.py
[2025-09-29T17:06:06.534+0000] {processor.py:840} INFO - DAG(s) 'example_local_kubernetes_executor' retrieved from /home/airflow/.local/lib/python3.12/site-packages/airflow/example_dags/example_local_kubernetes_executor.py
[2025-09-29T17:06:06.648+0000] {logging_mixin.py:188} INFO - [2025-09-29T17:06:06.648+0000] {dag.py:3089} INFO - Sync 1 DAGs
[2025-09-29T17:06:06.689+0000] {logging_mixin.py:188} INFO - [2025-09-29T17:06:06.688+0000] {dag.py:3947} INFO - Setting next_dagrun for example_local_kubernetes_executor to None, run_after=None
[2025-09-29T17:06:06.750+0000] {processor.py:183} INFO - Processing /home/airflow/.local/lib/python3.12/site-packages/airflow/example_dags/example_local_kubernetes_executor.py took 0.264 seconds
[2025-09-29T17:06:38.083+0000] {processor.py:161} INFO - Started process (PID=5900) to work on /home/airflow/.local/lib/python3.12/site-packages/airflow/example_dags/example_local_kubernetes_executor.py
[2025-09-29T17:06:38.087+0000] {processor.py:830} INFO - Processing file /home/airflow/.local/lib/python3.12/site-packages/airflow/example_dags/example_local_kubernetes_executor.py for tasks to queue
[2025-09-29T17:06:38.091+0000] {logging_mixin.py:188} INFO - [2025-09-29T17:06:38.091+0000] {dagbag.py:545} INFO - Filling up the DagBag from /home/airflow/.local/lib/python3.12/site-packages/airflow/example_dags/example_local_kubernetes_executor.py
[2025-09-29T17:06:38.112+0000] {processor.py:840} INFO - DAG(s) 'example_local_kubernetes_executor' retrieved from /home/airflow/.local/lib/python3.12/site-packages/airflow/example_dags/example_local_kubernetes_executor.py
[2025-09-29T17:06:38.216+0000] {logging_mixin.py:188} INFO - [2025-09-29T17:06:38.215+0000] {dag.py:3089} INFO - Sync 1 DAGs
[2025-09-29T17:06:38.249+0000] {logging_mixin.py:188} INFO - [2025-09-29T17:06:38.248+0000] {dag.py:3947} INFO - Setting next_dagrun for example_local_kubernetes_executor to None, run_after=None
[2025-09-29T17:06:38.304+0000] {processor.py:183} INFO - Processing /home/airflow/.local/lib/python3.12/site-packages/airflow/example_dags/example_local_kubernetes_executor.py took 0.240 seconds
[2025-09-29T17:07:11.184+0000] {processor.py:161} INFO - Started process (PID=6162) to work on /home/airflow/.local/lib/python3.12/site-packages/airflow/example_dags/example_local_kubernetes_executor.py
[2025-09-29T17:07:11.188+0000] {processor.py:830} INFO - Processing file /home/airflow/.local/lib/python3.12/site-packages/airflow/example_dags/example_local_kubernetes_executor.py for tasks to queue
[2025-09-29T17:07:11.199+0000] {logging_mixin.py:188} INFO - [2025-09-29T17:07:11.196+0000] {dagbag.py:545} INFO - Filling up the DagBag from /home/airflow/.local/lib/python3.12/site-packages/airflow/example_dags/example_local_kubernetes_executor.py
[2025-09-29T17:07:11.237+0000] {processor.py:840} INFO - DAG(s) 'example_local_kubernetes_executor' retrieved from /home/airflow/.local/lib/python3.12/site-packages/airflow/example_dags/example_local_kubernetes_executor.py
[2025-09-29T17:07:11.383+0000] {logging_mixin.py:188} INFO - [2025-09-29T17:07:11.379+0000] {dag.py:3089} INFO - Sync 1 DAGs
[2025-09-29T17:07:11.448+0000] {logging_mixin.py:188} INFO - [2025-09-29T17:07:11.447+0000] {dag.py:3947} INFO - Setting next_dagrun for example_local_kubernetes_executor to None, run_after=None
[2025-09-29T17:07:11.521+0000] {processor.py:183} INFO - Processing /home/airflow/.local/lib/python3.12/site-packages/airflow/example_dags/example_local_kubernetes_executor.py took 0.364 seconds
[2025-09-29T17:07:42.385+0000] {processor.py:161} INFO - Started process (PID=6424) to work on /home/airflow/.local/lib/python3.12/site-packages/airflow/example_dags/example_local_kubernetes_executor.py
[2025-09-29T17:07:42.388+0000] {processor.py:830} INFO - Processing file /home/airflow/.local/lib/python3.12/site-packages/airflow/example_dags/example_local_kubernetes_executor.py for tasks to queue
[2025-09-29T17:07:42.393+0000] {logging_mixin.py:188} INFO - [2025-09-29T17:07:42.392+0000] {dagbag.py:545} INFO - Filling up the DagBag from /home/airflow/.local/lib/python3.12/site-packages/airflow/example_dags/example_local_kubernetes_executor.py
[2025-09-29T17:07:42.413+0000] {processor.py:840} INFO - DAG(s) 'example_local_kubernetes_executor' retrieved from /home/airflow/.local/lib/python3.12/site-packages/airflow/example_dags/example_local_kubernetes_executor.py
[2025-09-29T17:07:42.514+0000] {logging_mixin.py:188} INFO - [2025-09-29T17:07:42.513+0000] {dag.py:3089} INFO - Sync 1 DAGs
[2025-09-29T17:07:42.553+0000] {logging_mixin.py:188} INFO - [2025-09-29T17:07:42.552+0000] {dag.py:3947} INFO - Setting next_dagrun for example_local_kubernetes_executor to None, run_after=None
[2025-09-29T17:07:42.611+0000] {processor.py:183} INFO - Processing /home/airflow/.local/lib/python3.12/site-packages/airflow/example_dags/example_local_kubernetes_executor.py took 0.242 seconds
[2025-09-29T17:08:13.173+0000] {processor.py:161} INFO - Started process (PID=6686) to work on /home/airflow/.local/lib/python3.12/site-packages/airflow/example_dags/example_local_kubernetes_executor.py
[2025-09-29T17:08:13.176+0000] {processor.py:830} INFO - Processing file /home/airflow/.local/lib/python3.12/site-packages/airflow/example_dags/example_local_kubernetes_executor.py for tasks to queue
[2025-09-29T17:08:13.180+0000] {logging_mixin.py:188} INFO - [2025-09-29T17:08:13.180+0000] {dagbag.py:545} INFO - Filling up the DagBag from /home/airflow/.local/lib/python3.12/site-packages/airflow/example_dags/example_local_kubernetes_executor.py
[2025-09-29T17:08:13.202+0000] {processor.py:840} INFO - DAG(s) 'example_local_kubernetes_executor' retrieved from /home/airflow/.local/lib/python3.12/site-packages/airflow/example_dags/example_local_kubernetes_executor.py
[2025-09-29T17:08:13.306+0000] {logging_mixin.py:188} INFO - [2025-09-29T17:08:13.306+0000] {dag.py:3089} INFO - Sync 1 DAGs
[2025-09-29T17:08:13.342+0000] {logging_mixin.py:188} INFO - [2025-09-29T17:08:13.341+0000] {dag.py:3947} INFO - Setting next_dagrun for example_local_kubernetes_executor to None, run_after=None
[2025-09-29T17:08:13.392+0000] {processor.py:183} INFO - Processing /home/airflow/.local/lib/python3.12/site-packages/airflow/example_dags/example_local_kubernetes_executor.py took 0.234 seconds
[2025-09-29T17:08:43.936+0000] {processor.py:161} INFO - Started process (PID=6938) to work on /home/airflow/.local/lib/python3.12/site-packages/airflow/example_dags/example_local_kubernetes_executor.py
[2025-09-29T17:08:43.941+0000] {processor.py:830} INFO - Processing file /home/airflow/.local/lib/python3.12/site-packages/airflow/example_dags/example_local_kubernetes_executor.py for tasks to queue
[2025-09-29T17:08:43.970+0000] {logging_mixin.py:188} INFO - [2025-09-29T17:08:43.960+0000] {dagbag.py:545} INFO - Filling up the DagBag from /home/airflow/.local/lib/python3.12/site-packages/airflow/example_dags/example_local_kubernetes_executor.py
[2025-09-29T17:08:44.021+0000] {processor.py:840} INFO - DAG(s) 'example_local_kubernetes_executor' retrieved from /home/airflow/.local/lib/python3.12/site-packages/airflow/example_dags/example_local_kubernetes_executor.py
[2025-09-29T17:08:44.154+0000] {logging_mixin.py:188} INFO - [2025-09-29T17:08:44.153+0000] {dag.py:3089} INFO - Sync 1 DAGs
[2025-09-29T17:08:44.200+0000] {logging_mixin.py:188} INFO - [2025-09-29T17:08:44.200+0000] {dag.py:3947} INFO - Setting next_dagrun for example_local_kubernetes_executor to None, run_after=None
[2025-09-29T17:08:44.276+0000] {processor.py:183} INFO - Processing /home/airflow/.local/lib/python3.12/site-packages/airflow/example_dags/example_local_kubernetes_executor.py took 0.372 seconds
[2025-09-29T17:09:15.435+0000] {processor.py:161} INFO - Started process (PID=7200) to work on /home/airflow/.local/lib/python3.12/site-packages/airflow/example_dags/example_local_kubernetes_executor.py
[2025-09-29T17:09:15.495+0000] {processor.py:830} INFO - Processing file /home/airflow/.local/lib/python3.12/site-packages/airflow/example_dags/example_local_kubernetes_executor.py for tasks to queue
[2025-09-29T17:09:15.501+0000] {logging_mixin.py:188} INFO - [2025-09-29T17:09:15.501+0000] {dagbag.py:545} INFO - Filling up the DagBag from /home/airflow/.local/lib/python3.12/site-packages/airflow/example_dags/example_local_kubernetes_executor.py
[2025-09-29T17:09:15.617+0000] {processor.py:840} INFO - DAG(s) 'example_local_kubernetes_executor' retrieved from /home/airflow/.local/lib/python3.12/site-packages/airflow/example_dags/example_local_kubernetes_executor.py
[2025-09-29T17:09:15.765+0000] {logging_mixin.py:188} INFO - [2025-09-29T17:09:15.765+0000] {dag.py:3089} INFO - Sync 1 DAGs
[2025-09-29T17:09:15.821+0000] {logging_mixin.py:188} INFO - [2025-09-29T17:09:15.820+0000] {dag.py:3947} INFO - Setting next_dagrun for example_local_kubernetes_executor to None, run_after=None
[2025-09-29T17:09:15.900+0000] {processor.py:183} INFO - Processing /home/airflow/.local/lib/python3.12/site-packages/airflow/example_dags/example_local_kubernetes_executor.py took 0.489 seconds
[2025-09-29T17:09:46.175+0000] {processor.py:161} INFO - Started process (PID=7462) to work on /home/airflow/.local/lib/python3.12/site-packages/airflow/example_dags/example_local_kubernetes_executor.py
[2025-09-29T17:09:46.179+0000] {processor.py:830} INFO - Processing file /home/airflow/.local/lib/python3.12/site-packages/airflow/example_dags/example_local_kubernetes_executor.py for tasks to queue
[2025-09-29T17:09:46.184+0000] {logging_mixin.py:188} INFO - [2025-09-29T17:09:46.183+0000] {dagbag.py:545} INFO - Filling up the DagBag from /home/airflow/.local/lib/python3.12/site-packages/airflow/example_dags/example_local_kubernetes_executor.py
[2025-09-29T17:09:46.208+0000] {processor.py:840} INFO - DAG(s) 'example_local_kubernetes_executor' retrieved from /home/airflow/.local/lib/python3.12/site-packages/airflow/example_dags/example_local_kubernetes_executor.py
[2025-09-29T17:09:46.303+0000] {logging_mixin.py:188} INFO - [2025-09-29T17:09:46.302+0000] {dag.py:3089} INFO - Sync 1 DAGs
[2025-09-29T17:09:46.335+0000] {logging_mixin.py:188} INFO - [2025-09-29T17:09:46.334+0000] {dag.py:3947} INFO - Setting next_dagrun for example_local_kubernetes_executor to None, run_after=None
[2025-09-29T17:09:45.652+0000] {processor.py:183} INFO - Processing /home/airflow/.local/lib/python3.12/site-packages/airflow/example_dags/example_local_kubernetes_executor.py took 0.235 seconds
[2025-09-29T17:10:15.865+0000] {processor.py:161} INFO - Started process (PID=7712) to work on /home/airflow/.local/lib/python3.12/site-packages/airflow/example_dags/example_local_kubernetes_executor.py
[2025-09-29T17:10:15.868+0000] {processor.py:830} INFO - Processing file /home/airflow/.local/lib/python3.12/site-packages/airflow/example_dags/example_local_kubernetes_executor.py for tasks to queue
[2025-09-29T17:10:15.874+0000] {logging_mixin.py:188} INFO - [2025-09-29T17:10:15.873+0000] {dagbag.py:545} INFO - Filling up the DagBag from /home/airflow/.local/lib/python3.12/site-packages/airflow/example_dags/example_local_kubernetes_executor.py
[2025-09-29T17:10:15.898+0000] {processor.py:840} INFO - DAG(s) 'example_local_kubernetes_executor' retrieved from /home/airflow/.local/lib/python3.12/site-packages/airflow/example_dags/example_local_kubernetes_executor.py
[2025-09-29T17:10:15.996+0000] {logging_mixin.py:188} INFO - [2025-09-29T17:10:15.996+0000] {dag.py:3089} INFO - Sync 1 DAGs
[2025-09-29T17:10:16.030+0000] {logging_mixin.py:188} INFO - [2025-09-29T17:10:16.030+0000] {dag.py:3947} INFO - Setting next_dagrun for example_local_kubernetes_executor to None, run_after=None
[2025-09-29T17:10:16.086+0000] {processor.py:183} INFO - Processing /home/airflow/.local/lib/python3.12/site-packages/airflow/example_dags/example_local_kubernetes_executor.py took 0.238 seconds
[2025-09-29T17:10:46.639+0000] {processor.py:161} INFO - Started process (PID=7979) to work on /home/airflow/.local/lib/python3.12/site-packages/airflow/example_dags/example_local_kubernetes_executor.py
[2025-09-29T17:10:46.641+0000] {processor.py:830} INFO - Processing file /home/airflow/.local/lib/python3.12/site-packages/airflow/example_dags/example_local_kubernetes_executor.py for tasks to queue
[2025-09-29T17:10:46.647+0000] {logging_mixin.py:188} INFO - [2025-09-29T17:10:46.646+0000] {dagbag.py:545} INFO - Filling up the DagBag from /home/airflow/.local/lib/python3.12/site-packages/airflow/example_dags/example_local_kubernetes_executor.py
[2025-09-29T17:10:46.677+0000] {processor.py:840} INFO - DAG(s) 'example_local_kubernetes_executor' retrieved from /home/airflow/.local/lib/python3.12/site-packages/airflow/example_dags/example_local_kubernetes_executor.py
[2025-09-29T17:10:46.794+0000] {logging_mixin.py:188} INFO - [2025-09-29T17:10:46.793+0000] {dag.py:3089} INFO - Sync 1 DAGs
[2025-09-29T17:10:46.833+0000] {logging_mixin.py:188} INFO - [2025-09-29T17:10:46.833+0000] {dag.py:3947} INFO - Setting next_dagrun for example_local_kubernetes_executor to None, run_after=None
[2025-09-29T17:10:46.893+0000] {processor.py:183} INFO - Processing /home/airflow/.local/lib/python3.12/site-packages/airflow/example_dags/example_local_kubernetes_executor.py took 0.274 seconds
[2025-09-29T17:11:18.067+0000] {processor.py:161} INFO - Started process (PID=8249) to work on /home/airflow/.local/lib/python3.12/site-packages/airflow/example_dags/example_local_kubernetes_executor.py
[2025-09-29T17:11:18.070+0000] {processor.py:830} INFO - Processing file /home/airflow/.local/lib/python3.12/site-packages/airflow/example_dags/example_local_kubernetes_executor.py for tasks to queue
[2025-09-29T17:11:18.076+0000] {logging_mixin.py:188} INFO - [2025-09-29T17:11:18.075+0000] {dagbag.py:545} INFO - Filling up the DagBag from /home/airflow/.local/lib/python3.12/site-packages/airflow/example_dags/example_local_kubernetes_executor.py
[2025-09-29T17:11:18.098+0000] {processor.py:840} INFO - DAG(s) 'example_local_kubernetes_executor' retrieved from /home/airflow/.local/lib/python3.12/site-packages/airflow/example_dags/example_local_kubernetes_executor.py
[2025-09-29T17:11:18.184+0000] {logging_mixin.py:188} INFO - [2025-09-29T17:11:18.184+0000] {dag.py:3089} INFO - Sync 1 DAGs
[2025-09-29T17:11:18.216+0000] {logging_mixin.py:188} INFO - [2025-09-29T17:11:18.215+0000] {dag.py:3947} INFO - Setting next_dagrun for example_local_kubernetes_executor to None, run_after=None
[2025-09-29T17:11:18.266+0000] {processor.py:183} INFO - Processing /home/airflow/.local/lib/python3.12/site-packages/airflow/example_dags/example_local_kubernetes_executor.py took 0.216 seconds
[2025-09-29T17:11:48.608+0000] {processor.py:161} INFO - Started process (PID=8511) to work on /home/airflow/.local/lib/python3.12/site-packages/airflow/example_dags/example_local_kubernetes_executor.py
[2025-09-29T17:11:48.611+0000] {processor.py:830} INFO - Processing file /home/airflow/.local/lib/python3.12/site-packages/airflow/example_dags/example_local_kubernetes_executor.py for tasks to queue
[2025-09-29T17:11:48.616+0000] {logging_mixin.py:188} INFO - [2025-09-29T17:11:48.615+0000] {dagbag.py:545} INFO - Filling up the DagBag from /home/airflow/.local/lib/python3.12/site-packages/airflow/example_dags/example_local_kubernetes_executor.py
[2025-09-29T17:11:48.641+0000] {processor.py:840} INFO - DAG(s) 'example_local_kubernetes_executor' retrieved from /home/airflow/.local/lib/python3.12/site-packages/airflow/example_dags/example_local_kubernetes_executor.py
[2025-09-29T17:11:48.736+0000] {logging_mixin.py:188} INFO - [2025-09-29T17:11:48.735+0000] {dag.py:3089} INFO - Sync 1 DAGs
[2025-09-29T17:11:48.767+0000] {logging_mixin.py:188} INFO - [2025-09-29T17:11:48.766+0000] {dag.py:3947} INFO - Setting next_dagrun for example_local_kubernetes_executor to None, run_after=None
[2025-09-29T17:11:48.819+0000] {processor.py:183} INFO - Processing /home/airflow/.local/lib/python3.12/site-packages/airflow/example_dags/example_local_kubernetes_executor.py took 0.229 seconds
[2025-09-29T17:12:20.087+0000] {processor.py:161} INFO - Started process (PID=8773) to work on /home/airflow/.local/lib/python3.12/site-packages/airflow/example_dags/example_local_kubernetes_executor.py
[2025-09-29T17:12:20.149+0000] {processor.py:830} INFO - Processing file /home/airflow/.local/lib/python3.12/site-packages/airflow/example_dags/example_local_kubernetes_executor.py for tasks to queue
[2025-09-29T17:12:20.156+0000] {logging_mixin.py:188} INFO - [2025-09-29T17:12:20.155+0000] {dagbag.py:545} INFO - Filling up the DagBag from /home/airflow/.local/lib/python3.12/site-packages/airflow/example_dags/example_local_kubernetes_executor.py
[2025-09-29T17:12:20.179+0000] {processor.py:840} INFO - DAG(s) 'example_local_kubernetes_executor' retrieved from /home/airflow/.local/lib/python3.12/site-packages/airflow/example_dags/example_local_kubernetes_executor.py
[2025-09-29T17:12:20.590+0000] {logging_mixin.py:188} INFO - [2025-09-29T17:12:20.589+0000] {dag.py:3089} INFO - Sync 1 DAGs
[2025-09-29T17:12:20.623+0000] {logging_mixin.py:188} INFO - [2025-09-29T17:12:20.622+0000] {dag.py:3947} INFO - Setting next_dagrun for example_local_kubernetes_executor to None, run_after=None
[2025-09-29T17:12:20.672+0000] {processor.py:183} INFO - Processing /home/airflow/.local/lib/python3.12/site-packages/airflow/example_dags/example_local_kubernetes_executor.py took 0.604 seconds
[2025-09-29T17:12:50.967+0000] {processor.py:161} INFO - Started process (PID=9035) to work on /home/airflow/.local/lib/python3.12/site-packages/airflow/example_dags/example_local_kubernetes_executor.py
[2025-09-29T17:12:50.971+0000] {processor.py:830} INFO - Processing file /home/airflow/.local/lib/python3.12/site-packages/airflow/example_dags/example_local_kubernetes_executor.py for tasks to queue
[2025-09-29T17:12:50.981+0000] {logging_mixin.py:188} INFO - [2025-09-29T17:12:50.979+0000] {dagbag.py:545} INFO - Filling up the DagBag from /home/airflow/.local/lib/python3.12/site-packages/airflow/example_dags/example_local_kubernetes_executor.py
[2025-09-29T17:12:51.017+0000] {processor.py:840} INFO - DAG(s) 'example_local_kubernetes_executor' retrieved from /home/airflow/.local/lib/python3.12/site-packages/airflow/example_dags/example_local_kubernetes_executor.py
[2025-09-29T17:12:51.159+0000] {logging_mixin.py:188} INFO - [2025-09-29T17:12:51.158+0000] {dag.py:3089} INFO - Sync 1 DAGs
[2025-09-29T17:12:51.196+0000] {logging_mixin.py:188} INFO - [2025-09-29T17:12:51.195+0000] {dag.py:3947} INFO - Setting next_dagrun for example_local_kubernetes_executor to None, run_after=None
[2025-09-29T17:12:51.245+0000] {processor.py:183} INFO - Processing /home/airflow/.local/lib/python3.12/site-packages/airflow/example_dags/example_local_kubernetes_executor.py took 0.299 seconds
[2025-09-29T17:13:22.237+0000] {processor.py:161} INFO - Started process (PID=9297) to work on /home/airflow/.local/lib/python3.12/site-packages/airflow/example_dags/example_local_kubernetes_executor.py
[2025-09-29T17:13:22.240+0000] {processor.py:830} INFO - Processing file /home/airflow/.local/lib/python3.12/site-packages/airflow/example_dags/example_local_kubernetes_executor.py for tasks to queue
[2025-09-29T17:13:22.246+0000] {logging_mixin.py:188} INFO - [2025-09-29T17:13:22.245+0000] {dagbag.py:545} INFO - Filling up the DagBag from /home/airflow/.local/lib/python3.12/site-packages/airflow/example_dags/example_local_kubernetes_executor.py
[2025-09-29T17:13:22.272+0000] {processor.py:840} INFO - DAG(s) 'example_local_kubernetes_executor' retrieved from /home/airflow/.local/lib/python3.12/site-packages/airflow/example_dags/example_local_kubernetes_executor.py
[2025-09-29T17:13:22.367+0000] {logging_mixin.py:188} INFO - [2025-09-29T17:13:22.366+0000] {dag.py:3089} INFO - Sync 1 DAGs
[2025-09-29T17:13:22.399+0000] {logging_mixin.py:188} INFO - [2025-09-29T17:13:22.399+0000] {dag.py:3947} INFO - Setting next_dagrun for example_local_kubernetes_executor to None, run_after=None
[2025-09-29T17:13:22.451+0000] {processor.py:183} INFO - Processing /home/airflow/.local/lib/python3.12/site-packages/airflow/example_dags/example_local_kubernetes_executor.py took 0.232 seconds
[2025-09-29T17:13:54.103+0000] {processor.py:161} INFO - Started process (PID=9561) to work on /home/airflow/.local/lib/python3.12/site-packages/airflow/example_dags/example_local_kubernetes_executor.py
[2025-09-29T17:13:54.106+0000] {processor.py:830} INFO - Processing file /home/airflow/.local/lib/python3.12/site-packages/airflow/example_dags/example_local_kubernetes_executor.py for tasks to queue
[2025-09-29T17:13:54.112+0000] {logging_mixin.py:188} INFO - [2025-09-29T17:13:54.111+0000] {dagbag.py:545} INFO - Filling up the DagBag from /home/airflow/.local/lib/python3.12/site-packages/airflow/example_dags/example_local_kubernetes_executor.py
[2025-09-29T17:13:54.136+0000] {processor.py:840} INFO - DAG(s) 'example_local_kubernetes_executor' retrieved from /home/airflow/.local/lib/python3.12/site-packages/airflow/example_dags/example_local_kubernetes_executor.py
[2025-09-29T17:13:54.237+0000] {logging_mixin.py:188} INFO - [2025-09-29T17:13:54.236+0000] {dag.py:3089} INFO - Sync 1 DAGs
[2025-09-29T17:13:54.270+0000] {logging_mixin.py:188} INFO - [2025-09-29T17:13:54.270+0000] {dag.py:3947} INFO - Setting next_dagrun for example_local_kubernetes_executor to None, run_after=None
[2025-09-29T17:13:54.330+0000] {processor.py:183} INFO - Processing /home/airflow/.local/lib/python3.12/site-packages/airflow/example_dags/example_local_kubernetes_executor.py took 0.245 seconds
[2025-09-29T17:14:24.841+0000] {processor.py:161} INFO - Started process (PID=9821) to work on /home/airflow/.local/lib/python3.12/site-packages/airflow/example_dags/example_local_kubernetes_executor.py
[2025-09-29T17:14:24.844+0000] {processor.py:830} INFO - Processing file /home/airflow/.local/lib/python3.12/site-packages/airflow/example_dags/example_local_kubernetes_executor.py for tasks to queue
[2025-09-29T17:14:24.851+0000] {logging_mixin.py:188} INFO - [2025-09-29T17:14:24.850+0000] {dagbag.py:545} INFO - Filling up the DagBag from /home/airflow/.local/lib/python3.12/site-packages/airflow/example_dags/example_local_kubernetes_executor.py
[2025-09-29T17:14:24.876+0000] {processor.py:840} INFO - DAG(s) 'example_local_kubernetes_executor' retrieved from /home/airflow/.local/lib/python3.12/site-packages/airflow/example_dags/example_local_kubernetes_executor.py
[2025-09-29T17:14:24.989+0000] {logging_mixin.py:188} INFO - [2025-09-29T17:14:24.988+0000] {dag.py:3089} INFO - Sync 1 DAGs
[2025-09-29T17:14:25.024+0000] {logging_mixin.py:188} INFO - [2025-09-29T17:14:25.024+0000] {dag.py:3947} INFO - Setting next_dagrun for example_local_kubernetes_executor to None, run_after=None
[2025-09-29T17:14:25.083+0000] {processor.py:183} INFO - Processing /home/airflow/.local/lib/python3.12/site-packages/airflow/example_dags/example_local_kubernetes_executor.py took 0.263 seconds
[2025-09-29T17:14:55.756+0000] {processor.py:161} INFO - Started process (PID=10078) to work on /home/airflow/.local/lib/python3.12/site-packages/airflow/example_dags/example_local_kubernetes_executor.py
[2025-09-29T17:14:55.759+0000] {processor.py:830} INFO - Processing file /home/airflow/.local/lib/python3.12/site-packages/airflow/example_dags/example_local_kubernetes_executor.py for tasks to queue
[2025-09-29T17:14:55.765+0000] {logging_mixin.py:188} INFO - [2025-09-29T17:14:55.764+0000] {dagbag.py:545} INFO - Filling up the DagBag from /home/airflow/.local/lib/python3.12/site-packages/airflow/example_dags/example_local_kubernetes_executor.py
[2025-09-29T17:14:55.793+0000] {processor.py:840} INFO - DAG(s) 'example_local_kubernetes_executor' retrieved from /home/airflow/.local/lib/python3.12/site-packages/airflow/example_dags/example_local_kubernetes_executor.py
[2025-09-29T17:14:55.900+0000] {logging_mixin.py:188} INFO - [2025-09-29T17:14:55.900+0000] {dag.py:3089} INFO - Sync 1 DAGs
[2025-09-29T17:14:55.937+0000] {logging_mixin.py:188} INFO - [2025-09-29T17:14:55.936+0000] {dag.py:3947} INFO - Setting next_dagrun for example_local_kubernetes_executor to None, run_after=None
[2025-09-29T17:14:56.497+0000] {processor.py:183} INFO - Processing /home/airflow/.local/lib/python3.12/site-packages/airflow/example_dags/example_local_kubernetes_executor.py took 0.763 seconds
[2025-09-29T17:15:28.605+0000] {processor.py:161} INFO - Started process (PID=10320) to work on /home/airflow/.local/lib/python3.12/site-packages/airflow/example_dags/example_local_kubernetes_executor.py
[2025-09-29T17:15:28.608+0000] {processor.py:830} INFO - Processing file /home/airflow/.local/lib/python3.12/site-packages/airflow/example_dags/example_local_kubernetes_executor.py for tasks to queue
[2025-09-29T17:15:28.614+0000] {logging_mixin.py:188} INFO - [2025-09-29T17:15:28.613+0000] {dagbag.py:545} INFO - Filling up the DagBag from /home/airflow/.local/lib/python3.12/site-packages/airflow/example_dags/example_local_kubernetes_executor.py
[2025-09-29T17:15:28.640+0000] {processor.py:840} INFO - DAG(s) 'example_local_kubernetes_executor' retrieved from /home/airflow/.local/lib/python3.12/site-packages/airflow/example_dags/example_local_kubernetes_executor.py
[2025-09-29T17:15:28.741+0000] {logging_mixin.py:188} INFO - [2025-09-29T17:15:28.740+0000] {dag.py:3089} INFO - Sync 1 DAGs
[2025-09-29T17:15:28.774+0000] {logging_mixin.py:188} INFO - [2025-09-29T17:15:28.774+0000] {dag.py:3947} INFO - Setting next_dagrun for example_local_kubernetes_executor to None, run_after=None
[2025-09-29T17:15:28.828+0000] {processor.py:183} INFO - Processing /home/airflow/.local/lib/python3.12/site-packages/airflow/example_dags/example_local_kubernetes_executor.py took 0.240 seconds
[2025-09-29T17:15:59.416+0000] {processor.py:161} INFO - Started process (PID=10582) to work on /home/airflow/.local/lib/python3.12/site-packages/airflow/example_dags/example_local_kubernetes_executor.py
[2025-09-29T17:15:59.420+0000] {processor.py:830} INFO - Processing file /home/airflow/.local/lib/python3.12/site-packages/airflow/example_dags/example_local_kubernetes_executor.py for tasks to queue
[2025-09-29T17:15:59.426+0000] {logging_mixin.py:188} INFO - [2025-09-29T17:15:59.425+0000] {dagbag.py:545} INFO - Filling up the DagBag from /home/airflow/.local/lib/python3.12/site-packages/airflow/example_dags/example_local_kubernetes_executor.py
[2025-09-29T17:15:59.452+0000] {processor.py:840} INFO - DAG(s) 'example_local_kubernetes_executor' retrieved from /home/airflow/.local/lib/python3.12/site-packages/airflow/example_dags/example_local_kubernetes_executor.py
[2025-09-29T17:15:59.543+0000] {logging_mixin.py:188} INFO - [2025-09-29T17:15:59.542+0000] {dag.py:3089} INFO - Sync 1 DAGs
[2025-09-29T17:15:59.574+0000] {logging_mixin.py:188} INFO - [2025-09-29T17:15:59.573+0000] {dag.py:3947} INFO - Setting next_dagrun for example_local_kubernetes_executor to None, run_after=None
[2025-09-29T17:15:59.626+0000] {processor.py:183} INFO - Processing /home/airflow/.local/lib/python3.12/site-packages/airflow/example_dags/example_local_kubernetes_executor.py took 0.231 seconds
[2025-09-29T17:16:32.294+0000] {processor.py:161} INFO - Started process (PID=10829) to work on /home/airflow/.local/lib/python3.12/site-packages/airflow/example_dags/example_local_kubernetes_executor.py
[2025-09-29T17:16:32.297+0000] {processor.py:830} INFO - Processing file /home/airflow/.local/lib/python3.12/site-packages/airflow/example_dags/example_local_kubernetes_executor.py for tasks to queue
[2025-09-29T17:16:32.303+0000] {logging_mixin.py:188} INFO - [2025-09-29T17:16:32.302+0000] {dagbag.py:545} INFO - Filling up the DagBag from /home/airflow/.local/lib/python3.12/site-packages/airflow/example_dags/example_local_kubernetes_executor.py
[2025-09-29T17:16:32.326+0000] {processor.py:840} INFO - DAG(s) 'example_local_kubernetes_executor' retrieved from /home/airflow/.local/lib/python3.12/site-packages/airflow/example_dags/example_local_kubernetes_executor.py
[2025-09-29T17:16:32.417+0000] {logging_mixin.py:188} INFO - [2025-09-29T17:16:32.417+0000] {dag.py:3089} INFO - Sync 1 DAGs
[2025-09-29T17:16:32.451+0000] {logging_mixin.py:188} INFO - [2025-09-29T17:16:32.451+0000] {dag.py:3947} INFO - Setting next_dagrun for example_local_kubernetes_executor to None, run_after=None
[2025-09-29T17:16:32.503+0000] {processor.py:183} INFO - Processing /home/airflow/.local/lib/python3.12/site-packages/airflow/example_dags/example_local_kubernetes_executor.py took 0.228 seconds
