[2025-09-29T15:33:24.017+0000] {processor.py:161} INFO - Started process (PID=369) to work on /home/airflow/.local/lib/python3.12/site-packages/airflow/example_dags/example_sensor_decorator.py
[2025-09-29T15:33:24.020+0000] {processor.py:830} INFO - Processing file /home/airflow/.local/lib/python3.12/site-packages/airflow/example_dags/example_sensor_decorator.py for tasks to queue
[2025-09-29T15:33:24.026+0000] {logging_mixin.py:188} INFO - [2025-09-29T15:33:24.025+0000] {dagbag.py:545} INFO - Filling up the DagBag from /home/airflow/.local/lib/python3.12/site-packages/airflow/example_dags/example_sensor_decorator.py
[2025-09-29T15:33:24.053+0000] {processor.py:840} INFO - DAG(s) 'example_sensor_decorator' retrieved from /home/airflow/.local/lib/python3.12/site-packages/airflow/example_dags/example_sensor_decorator.py
[2025-09-29T15:33:24.090+0000] {logging_mixin.py:188} INFO - [2025-09-29T15:33:24.089+0000] {dag.py:3089} INFO - Sync 1 DAGs
[2025-09-29T15:33:24.125+0000] {logging_mixin.py:188} INFO - [2025-09-29T15:33:24.125+0000] {dag.py:3947} INFO - Setting next_dagrun for example_sensor_decorator to None, run_after=None
[2025-09-29T15:33:24.287+0000] {processor.py:183} INFO - Processing /home/airflow/.local/lib/python3.12/site-packages/airflow/example_dags/example_sensor_decorator.py took 0.293 seconds
[2025-09-29T15:33:58.265+0000] {processor.py:161} INFO - Started process (PID=633) to work on /home/airflow/.local/lib/python3.12/site-packages/airflow/example_dags/example_sensor_decorator.py
[2025-09-29T15:33:58.268+0000] {processor.py:830} INFO - Processing file /home/airflow/.local/lib/python3.12/site-packages/airflow/example_dags/example_sensor_decorator.py for tasks to queue
[2025-09-29T15:33:58.274+0000] {logging_mixin.py:188} INFO - [2025-09-29T15:33:58.273+0000] {dagbag.py:545} INFO - Filling up the DagBag from /home/airflow/.local/lib/python3.12/site-packages/airflow/example_dags/example_sensor_decorator.py
[2025-09-29T15:33:57.400+0000] {processor.py:840} INFO - DAG(s) 'example_sensor_decorator' retrieved from /home/airflow/.local/lib/python3.12/site-packages/airflow/example_dags/example_sensor_decorator.py
[2025-09-29T15:33:58.034+0000] {logging_mixin.py:188} INFO - [2025-09-29T15:33:58.034+0000] {dag.py:3089} INFO - Sync 1 DAGs
[2025-09-29T15:33:58.082+0000] {logging_mixin.py:188} INFO - [2025-09-29T15:33:58.082+0000] {dag.py:3947} INFO - Setting next_dagrun for example_sensor_decorator to None, run_after=None
[2025-09-29T15:33:58.140+0000] {processor.py:183} INFO - Processing /home/airflow/.local/lib/python3.12/site-packages/airflow/example_dags/example_sensor_decorator.py took 0.844 seconds
[2025-09-29T15:34:28.279+0000] {processor.py:161} INFO - Started process (PID=894) to work on /home/airflow/.local/lib/python3.12/site-packages/airflow/example_dags/example_sensor_decorator.py
[2025-09-29T15:34:28.281+0000] {processor.py:830} INFO - Processing file /home/airflow/.local/lib/python3.12/site-packages/airflow/example_dags/example_sensor_decorator.py for tasks to queue
[2025-09-29T15:34:28.286+0000] {logging_mixin.py:188} INFO - [2025-09-29T15:34:28.285+0000] {dagbag.py:545} INFO - Filling up the DagBag from /home/airflow/.local/lib/python3.12/site-packages/airflow/example_dags/example_sensor_decorator.py
[2025-09-29T15:34:28.301+0000] {processor.py:840} INFO - DAG(s) 'example_sensor_decorator' retrieved from /home/airflow/.local/lib/python3.12/site-packages/airflow/example_dags/example_sensor_decorator.py
[2025-09-29T15:34:28.356+0000] {logging_mixin.py:188} INFO - [2025-09-29T15:34:28.356+0000] {dag.py:3089} INFO - Sync 1 DAGs
[2025-09-29T15:34:28.387+0000] {logging_mixin.py:188} INFO - [2025-09-29T15:34:28.386+0000] {dag.py:3947} INFO - Setting next_dagrun for example_sensor_decorator to None, run_after=None
[2025-09-29T15:34:28.437+0000] {processor.py:183} INFO - Processing /home/airflow/.local/lib/python3.12/site-packages/airflow/example_dags/example_sensor_decorator.py took 0.173 seconds
[2025-09-29T15:34:59.466+0000] {processor.py:161} INFO - Started process (PID=1158) to work on /home/airflow/.local/lib/python3.12/site-packages/airflow/example_dags/example_sensor_decorator.py
[2025-09-29T15:34:59.468+0000] {processor.py:830} INFO - Processing file /home/airflow/.local/lib/python3.12/site-packages/airflow/example_dags/example_sensor_decorator.py for tasks to queue
[2025-09-29T15:34:59.473+0000] {logging_mixin.py:188} INFO - [2025-09-29T15:34:59.472+0000] {dagbag.py:545} INFO - Filling up the DagBag from /home/airflow/.local/lib/python3.12/site-packages/airflow/example_dags/example_sensor_decorator.py
[2025-09-29T15:34:59.488+0000] {processor.py:840} INFO - DAG(s) 'example_sensor_decorator' retrieved from /home/airflow/.local/lib/python3.12/site-packages/airflow/example_dags/example_sensor_decorator.py
[2025-09-29T15:34:59.547+0000] {logging_mixin.py:188} INFO - [2025-09-29T15:34:59.546+0000] {dag.py:3089} INFO - Sync 1 DAGs
[2025-09-29T15:34:59.576+0000] {logging_mixin.py:188} INFO - [2025-09-29T15:34:59.576+0000] {dag.py:3947} INFO - Setting next_dagrun for example_sensor_decorator to None, run_after=None
[2025-09-29T15:34:59.626+0000] {processor.py:183} INFO - Processing /home/airflow/.local/lib/python3.12/site-packages/airflow/example_dags/example_sensor_decorator.py took 0.177 seconds
[2025-09-29T15:35:31.460+0000] {processor.py:161} INFO - Started process (PID=1429) to work on /home/airflow/.local/lib/python3.12/site-packages/airflow/example_dags/example_sensor_decorator.py
[2025-09-29T15:35:31.463+0000] {processor.py:830} INFO - Processing file /home/airflow/.local/lib/python3.12/site-packages/airflow/example_dags/example_sensor_decorator.py for tasks to queue
[2025-09-29T15:35:31.467+0000] {logging_mixin.py:188} INFO - [2025-09-29T15:35:31.466+0000] {dagbag.py:545} INFO - Filling up the DagBag from /home/airflow/.local/lib/python3.12/site-packages/airflow/example_dags/example_sensor_decorator.py
[2025-09-29T15:35:31.482+0000] {processor.py:840} INFO - DAG(s) 'example_sensor_decorator' retrieved from /home/airflow/.local/lib/python3.12/site-packages/airflow/example_dags/example_sensor_decorator.py
[2025-09-29T15:35:31.540+0000] {logging_mixin.py:188} INFO - [2025-09-29T15:35:31.539+0000] {dag.py:3089} INFO - Sync 1 DAGs
[2025-09-29T15:35:31.570+0000] {logging_mixin.py:188} INFO - [2025-09-29T15:35:31.570+0000] {dag.py:3947} INFO - Setting next_dagrun for example_sensor_decorator to None, run_after=None
[2025-09-29T15:35:31.617+0000] {processor.py:183} INFO - Processing /home/airflow/.local/lib/python3.12/site-packages/airflow/example_dags/example_sensor_decorator.py took 0.177 seconds
[2025-09-29T15:36:02.823+0000] {processor.py:161} INFO - Started process (PID=1691) to work on /home/airflow/.local/lib/python3.12/site-packages/airflow/example_dags/example_sensor_decorator.py
[2025-09-29T15:36:02.825+0000] {processor.py:830} INFO - Processing file /home/airflow/.local/lib/python3.12/site-packages/airflow/example_dags/example_sensor_decorator.py for tasks to queue
[2025-09-29T15:36:02.830+0000] {logging_mixin.py:188} INFO - [2025-09-29T15:36:02.829+0000] {dagbag.py:545} INFO - Filling up the DagBag from /home/airflow/.local/lib/python3.12/site-packages/airflow/example_dags/example_sensor_decorator.py
[2025-09-29T15:36:02.844+0000] {processor.py:840} INFO - DAG(s) 'example_sensor_decorator' retrieved from /home/airflow/.local/lib/python3.12/site-packages/airflow/example_dags/example_sensor_decorator.py
[2025-09-29T15:36:02.898+0000] {logging_mixin.py:188} INFO - [2025-09-29T15:36:02.898+0000] {dag.py:3089} INFO - Sync 1 DAGs
[2025-09-29T15:36:02.928+0000] {logging_mixin.py:188} INFO - [2025-09-29T15:36:02.928+0000] {dag.py:3947} INFO - Setting next_dagrun for example_sensor_decorator to None, run_after=None
[2025-09-29T15:36:02.980+0000] {processor.py:183} INFO - Processing /home/airflow/.local/lib/python3.12/site-packages/airflow/example_dags/example_sensor_decorator.py took 0.172 seconds
[2025-09-29T15:36:34.121+0000] {processor.py:161} INFO - Started process (PID=1955) to work on /home/airflow/.local/lib/python3.12/site-packages/airflow/example_dags/example_sensor_decorator.py
[2025-09-29T15:36:34.124+0000] {processor.py:830} INFO - Processing file /home/airflow/.local/lib/python3.12/site-packages/airflow/example_dags/example_sensor_decorator.py for tasks to queue
[2025-09-29T15:36:34.129+0000] {logging_mixin.py:188} INFO - [2025-09-29T15:36:34.128+0000] {dagbag.py:545} INFO - Filling up the DagBag from /home/airflow/.local/lib/python3.12/site-packages/airflow/example_dags/example_sensor_decorator.py
[2025-09-29T15:36:34.144+0000] {processor.py:840} INFO - DAG(s) 'example_sensor_decorator' retrieved from /home/airflow/.local/lib/python3.12/site-packages/airflow/example_dags/example_sensor_decorator.py
[2025-09-29T15:36:34.201+0000] {logging_mixin.py:188} INFO - [2025-09-29T15:36:34.201+0000] {dag.py:3089} INFO - Sync 1 DAGs
[2025-09-29T15:36:34.233+0000] {logging_mixin.py:188} INFO - [2025-09-29T15:36:34.232+0000] {dag.py:3947} INFO - Setting next_dagrun for example_sensor_decorator to None, run_after=None
[2025-09-29T15:36:34.282+0000] {processor.py:183} INFO - Processing /home/airflow/.local/lib/python3.12/site-packages/airflow/example_dags/example_sensor_decorator.py took 0.174 seconds
[2025-09-29T15:37:04.662+0000] {processor.py:161} INFO - Started process (PID=2215) to work on /home/airflow/.local/lib/python3.12/site-packages/airflow/example_dags/example_sensor_decorator.py
[2025-09-29T15:37:04.665+0000] {processor.py:830} INFO - Processing file /home/airflow/.local/lib/python3.12/site-packages/airflow/example_dags/example_sensor_decorator.py for tasks to queue
[2025-09-29T15:37:04.671+0000] {logging_mixin.py:188} INFO - [2025-09-29T15:37:04.669+0000] {dagbag.py:545} INFO - Filling up the DagBag from /home/airflow/.local/lib/python3.12/site-packages/airflow/example_dags/example_sensor_decorator.py
[2025-09-29T15:37:04.686+0000] {processor.py:840} INFO - DAG(s) 'example_sensor_decorator' retrieved from /home/airflow/.local/lib/python3.12/site-packages/airflow/example_dags/example_sensor_decorator.py
[2025-09-29T15:37:04.743+0000] {logging_mixin.py:188} INFO - [2025-09-29T15:37:04.742+0000] {dag.py:3089} INFO - Sync 1 DAGs
[2025-09-29T15:37:04.774+0000] {logging_mixin.py:188} INFO - [2025-09-29T15:37:04.773+0000] {dag.py:3947} INFO - Setting next_dagrun for example_sensor_decorator to None, run_after=None
[2025-09-29T15:37:04.824+0000] {processor.py:183} INFO - Processing /home/airflow/.local/lib/python3.12/site-packages/airflow/example_dags/example_sensor_decorator.py took 0.178 seconds
[2025-09-29T15:37:35.059+0000] {processor.py:161} INFO - Started process (PID=2473) to work on /home/airflow/.local/lib/python3.12/site-packages/airflow/example_dags/example_sensor_decorator.py
[2025-09-29T15:37:35.061+0000] {processor.py:830} INFO - Processing file /home/airflow/.local/lib/python3.12/site-packages/airflow/example_dags/example_sensor_decorator.py for tasks to queue
[2025-09-29T15:37:35.066+0000] {logging_mixin.py:188} INFO - [2025-09-29T15:37:35.065+0000] {dagbag.py:545} INFO - Filling up the DagBag from /home/airflow/.local/lib/python3.12/site-packages/airflow/example_dags/example_sensor_decorator.py
[2025-09-29T15:37:35.080+0000] {processor.py:840} INFO - DAG(s) 'example_sensor_decorator' retrieved from /home/airflow/.local/lib/python3.12/site-packages/airflow/example_dags/example_sensor_decorator.py
[2025-09-29T15:37:35.137+0000] {logging_mixin.py:188} INFO - [2025-09-29T15:37:35.137+0000] {dag.py:3089} INFO - Sync 1 DAGs
[2025-09-29T15:37:35.168+0000] {logging_mixin.py:188} INFO - [2025-09-29T15:37:35.167+0000] {dag.py:3947} INFO - Setting next_dagrun for example_sensor_decorator to None, run_after=None
[2025-09-29T15:37:35.222+0000] {processor.py:183} INFO - Processing /home/airflow/.local/lib/python3.12/site-packages/airflow/example_dags/example_sensor_decorator.py took 0.180 seconds
[2025-09-29T15:38:06.098+0000] {processor.py:161} INFO - Started process (PID=2735) to work on /home/airflow/.local/lib/python3.12/site-packages/airflow/example_dags/example_sensor_decorator.py
[2025-09-29T15:38:06.101+0000] {processor.py:830} INFO - Processing file /home/airflow/.local/lib/python3.12/site-packages/airflow/example_dags/example_sensor_decorator.py for tasks to queue
[2025-09-29T15:38:06.105+0000] {logging_mixin.py:188} INFO - [2025-09-29T15:38:06.104+0000] {dagbag.py:545} INFO - Filling up the DagBag from /home/airflow/.local/lib/python3.12/site-packages/airflow/example_dags/example_sensor_decorator.py
[2025-09-29T15:38:06.119+0000] {processor.py:840} INFO - DAG(s) 'example_sensor_decorator' retrieved from /home/airflow/.local/lib/python3.12/site-packages/airflow/example_dags/example_sensor_decorator.py
[2025-09-29T15:38:06.176+0000] {logging_mixin.py:188} INFO - [2025-09-29T15:38:06.176+0000] {dag.py:3089} INFO - Sync 1 DAGs
[2025-09-29T15:38:06.207+0000] {logging_mixin.py:188} INFO - [2025-09-29T15:38:06.207+0000] {dag.py:3947} INFO - Setting next_dagrun for example_sensor_decorator to None, run_after=None
[2025-09-29T15:38:06.255+0000] {processor.py:183} INFO - Processing /home/airflow/.local/lib/python3.12/site-packages/airflow/example_dags/example_sensor_decorator.py took 0.171 seconds
[2025-09-29T15:38:36.894+0000] {processor.py:161} INFO - Started process (PID=2997) to work on /home/airflow/.local/lib/python3.12/site-packages/airflow/example_dags/example_sensor_decorator.py
[2025-09-29T15:38:36.897+0000] {processor.py:830} INFO - Processing file /home/airflow/.local/lib/python3.12/site-packages/airflow/example_dags/example_sensor_decorator.py for tasks to queue
[2025-09-29T15:38:36.902+0000] {logging_mixin.py:188} INFO - [2025-09-29T15:38:36.901+0000] {dagbag.py:545} INFO - Filling up the DagBag from /home/airflow/.local/lib/python3.12/site-packages/airflow/example_dags/example_sensor_decorator.py
[2025-09-29T15:38:36.918+0000] {processor.py:840} INFO - DAG(s) 'example_sensor_decorator' retrieved from /home/airflow/.local/lib/python3.12/site-packages/airflow/example_dags/example_sensor_decorator.py
[2025-09-29T15:38:36.978+0000] {logging_mixin.py:188} INFO - [2025-09-29T15:38:36.977+0000] {dag.py:3089} INFO - Sync 1 DAGs
[2025-09-29T15:38:37.007+0000] {logging_mixin.py:188} INFO - [2025-09-29T15:38:37.007+0000] {dag.py:3947} INFO - Setting next_dagrun for example_sensor_decorator to None, run_after=None
[2025-09-29T15:38:37.059+0000] {processor.py:183} INFO - Processing /home/airflow/.local/lib/python3.12/site-packages/airflow/example_dags/example_sensor_decorator.py took 0.181 seconds
[2025-09-29T15:39:07.269+0000] {processor.py:161} INFO - Started process (PID=3259) to work on /home/airflow/.local/lib/python3.12/site-packages/airflow/example_dags/example_sensor_decorator.py
[2025-09-29T15:39:07.272+0000] {processor.py:830} INFO - Processing file /home/airflow/.local/lib/python3.12/site-packages/airflow/example_dags/example_sensor_decorator.py for tasks to queue
[2025-09-29T15:39:07.276+0000] {logging_mixin.py:188} INFO - [2025-09-29T15:39:07.275+0000] {dagbag.py:545} INFO - Filling up the DagBag from /home/airflow/.local/lib/python3.12/site-packages/airflow/example_dags/example_sensor_decorator.py
[2025-09-29T15:39:07.290+0000] {processor.py:840} INFO - DAG(s) 'example_sensor_decorator' retrieved from /home/airflow/.local/lib/python3.12/site-packages/airflow/example_dags/example_sensor_decorator.py
[2025-09-29T15:39:07.345+0000] {logging_mixin.py:188} INFO - [2025-09-29T15:39:07.345+0000] {dag.py:3089} INFO - Sync 1 DAGs
[2025-09-29T15:39:07.375+0000] {logging_mixin.py:188} INFO - [2025-09-29T15:39:07.375+0000] {dag.py:3947} INFO - Setting next_dagrun for example_sensor_decorator to None, run_after=None
[2025-09-29T15:39:07.420+0000] {processor.py:183} INFO - Processing /home/airflow/.local/lib/python3.12/site-packages/airflow/example_dags/example_sensor_decorator.py took 0.166 seconds
[2025-09-29T15:39:37.864+0000] {processor.py:161} INFO - Started process (PID=3521) to work on /home/airflow/.local/lib/python3.12/site-packages/airflow/example_dags/example_sensor_decorator.py
[2025-09-29T15:39:37.868+0000] {processor.py:830} INFO - Processing file /home/airflow/.local/lib/python3.12/site-packages/airflow/example_dags/example_sensor_decorator.py for tasks to queue
[2025-09-29T15:39:37.874+0000] {logging_mixin.py:188} INFO - [2025-09-29T15:39:37.873+0000] {dagbag.py:545} INFO - Filling up the DagBag from /home/airflow/.local/lib/python3.12/site-packages/airflow/example_dags/example_sensor_decorator.py
[2025-09-29T15:39:37.891+0000] {processor.py:840} INFO - DAG(s) 'example_sensor_decorator' retrieved from /home/airflow/.local/lib/python3.12/site-packages/airflow/example_dags/example_sensor_decorator.py
[2025-09-29T15:39:37.956+0000] {logging_mixin.py:188} INFO - [2025-09-29T15:39:37.955+0000] {dag.py:3089} INFO - Sync 1 DAGs
[2025-09-29T15:39:37.994+0000] {logging_mixin.py:188} INFO - [2025-09-29T15:39:37.993+0000] {dag.py:3947} INFO - Setting next_dagrun for example_sensor_decorator to None, run_after=None
[2025-09-29T15:39:38.047+0000] {processor.py:183} INFO - Processing /home/airflow/.local/lib/python3.12/site-packages/airflow/example_dags/example_sensor_decorator.py took 0.199 seconds
[2025-09-29T15:40:08.733+0000] {processor.py:161} INFO - Started process (PID=3783) to work on /home/airflow/.local/lib/python3.12/site-packages/airflow/example_dags/example_sensor_decorator.py
[2025-09-29T15:40:08.736+0000] {processor.py:830} INFO - Processing file /home/airflow/.local/lib/python3.12/site-packages/airflow/example_dags/example_sensor_decorator.py for tasks to queue
[2025-09-29T15:40:08.740+0000] {logging_mixin.py:188} INFO - [2025-09-29T15:40:08.739+0000] {dagbag.py:545} INFO - Filling up the DagBag from /home/airflow/.local/lib/python3.12/site-packages/airflow/example_dags/example_sensor_decorator.py
[2025-09-29T15:40:08.754+0000] {processor.py:840} INFO - DAG(s) 'example_sensor_decorator' retrieved from /home/airflow/.local/lib/python3.12/site-packages/airflow/example_dags/example_sensor_decorator.py
[2025-09-29T15:40:08.811+0000] {logging_mixin.py:188} INFO - [2025-09-29T15:40:08.811+0000] {dag.py:3089} INFO - Sync 1 DAGs
[2025-09-29T15:40:08.841+0000] {logging_mixin.py:188} INFO - [2025-09-29T15:40:08.841+0000] {dag.py:3947} INFO - Setting next_dagrun for example_sensor_decorator to None, run_after=None
[2025-09-29T15:40:08.890+0000] {processor.py:183} INFO - Processing /home/airflow/.local/lib/python3.12/site-packages/airflow/example_dags/example_sensor_decorator.py took 0.171 seconds
[2025-09-29T15:40:39.491+0000] {processor.py:161} INFO - Started process (PID=4045) to work on /home/airflow/.local/lib/python3.12/site-packages/airflow/example_dags/example_sensor_decorator.py
[2025-09-29T15:40:39.494+0000] {processor.py:830} INFO - Processing file /home/airflow/.local/lib/python3.12/site-packages/airflow/example_dags/example_sensor_decorator.py for tasks to queue
[2025-09-29T15:40:39.498+0000] {logging_mixin.py:188} INFO - [2025-09-29T15:40:39.497+0000] {dagbag.py:545} INFO - Filling up the DagBag from /home/airflow/.local/lib/python3.12/site-packages/airflow/example_dags/example_sensor_decorator.py
[2025-09-29T15:40:39.512+0000] {processor.py:840} INFO - DAG(s) 'example_sensor_decorator' retrieved from /home/airflow/.local/lib/python3.12/site-packages/airflow/example_dags/example_sensor_decorator.py
[2025-09-29T15:40:39.578+0000] {logging_mixin.py:188} INFO - [2025-09-29T15:40:39.578+0000] {dag.py:3089} INFO - Sync 1 DAGs
[2025-09-29T15:40:39.609+0000] {logging_mixin.py:188} INFO - [2025-09-29T15:40:39.609+0000] {dag.py:3947} INFO - Setting next_dagrun for example_sensor_decorator to None, run_after=None
[2025-09-29T15:40:39.660+0000] {processor.py:183} INFO - Processing /home/airflow/.local/lib/python3.12/site-packages/airflow/example_dags/example_sensor_decorator.py took 0.184 seconds
[2025-09-29T15:41:10.725+0000] {processor.py:161} INFO - Started process (PID=4305) to work on /home/airflow/.local/lib/python3.12/site-packages/airflow/example_dags/example_sensor_decorator.py
[2025-09-29T15:41:10.729+0000] {processor.py:830} INFO - Processing file /home/airflow/.local/lib/python3.12/site-packages/airflow/example_dags/example_sensor_decorator.py for tasks to queue
[2025-09-29T15:41:10.735+0000] {logging_mixin.py:188} INFO - [2025-09-29T15:41:10.734+0000] {dagbag.py:545} INFO - Filling up the DagBag from /home/airflow/.local/lib/python3.12/site-packages/airflow/example_dags/example_sensor_decorator.py
[2025-09-29T15:41:10.756+0000] {processor.py:840} INFO - DAG(s) 'example_sensor_decorator' retrieved from /home/airflow/.local/lib/python3.12/site-packages/airflow/example_dags/example_sensor_decorator.py
[2025-09-29T15:41:10.824+0000] {logging_mixin.py:188} INFO - [2025-09-29T15:41:10.823+0000] {dag.py:3089} INFO - Sync 1 DAGs
[2025-09-29T15:41:10.859+0000] {logging_mixin.py:188} INFO - [2025-09-29T15:41:10.858+0000] {dag.py:3947} INFO - Setting next_dagrun for example_sensor_decorator to None, run_after=None
[2025-09-29T15:41:10.919+0000] {processor.py:183} INFO - Processing /home/airflow/.local/lib/python3.12/site-packages/airflow/example_dags/example_sensor_decorator.py took 0.211 seconds
[2025-09-29T15:41:42.011+0000] {processor.py:161} INFO - Started process (PID=4567) to work on /home/airflow/.local/lib/python3.12/site-packages/airflow/example_dags/example_sensor_decorator.py
[2025-09-29T15:41:42.015+0000] {processor.py:830} INFO - Processing file /home/airflow/.local/lib/python3.12/site-packages/airflow/example_dags/example_sensor_decorator.py for tasks to queue
[2025-09-29T15:41:42.027+0000] {logging_mixin.py:188} INFO - [2025-09-29T15:41:42.020+0000] {dagbag.py:545} INFO - Filling up the DagBag from /home/airflow/.local/lib/python3.12/site-packages/airflow/example_dags/example_sensor_decorator.py
[2025-09-29T15:41:42.056+0000] {processor.py:840} INFO - DAG(s) 'example_sensor_decorator' retrieved from /home/airflow/.local/lib/python3.12/site-packages/airflow/example_dags/example_sensor_decorator.py
[2025-09-29T15:41:42.115+0000] {logging_mixin.py:188} INFO - [2025-09-29T15:41:42.114+0000] {dag.py:3089} INFO - Sync 1 DAGs
[2025-09-29T15:41:42.202+0000] {logging_mixin.py:188} INFO - [2025-09-29T15:41:42.202+0000] {dag.py:3947} INFO - Setting next_dagrun for example_sensor_decorator to None, run_after=None
[2025-09-29T15:41:42.336+0000] {processor.py:183} INFO - Processing /home/airflow/.local/lib/python3.12/site-packages/airflow/example_dags/example_sensor_decorator.py took 0.356 seconds
[2025-09-29T15:42:12.473+0000] {processor.py:161} INFO - Started process (PID=4823) to work on /home/airflow/.local/lib/python3.12/site-packages/airflow/example_dags/example_sensor_decorator.py
[2025-09-29T15:42:12.476+0000] {processor.py:830} INFO - Processing file /home/airflow/.local/lib/python3.12/site-packages/airflow/example_dags/example_sensor_decorator.py for tasks to queue
[2025-09-29T15:42:12.480+0000] {logging_mixin.py:188} INFO - [2025-09-29T15:42:12.480+0000] {dagbag.py:545} INFO - Filling up the DagBag from /home/airflow/.local/lib/python3.12/site-packages/airflow/example_dags/example_sensor_decorator.py
[2025-09-29T15:42:12.495+0000] {processor.py:840} INFO - DAG(s) 'example_sensor_decorator' retrieved from /home/airflow/.local/lib/python3.12/site-packages/airflow/example_dags/example_sensor_decorator.py
[2025-09-29T15:42:12.551+0000] {logging_mixin.py:188} INFO - [2025-09-29T15:42:12.551+0000] {dag.py:3089} INFO - Sync 1 DAGs
[2025-09-29T15:42:12.582+0000] {logging_mixin.py:188} INFO - [2025-09-29T15:42:12.581+0000] {dag.py:3947} INFO - Setting next_dagrun for example_sensor_decorator to None, run_after=None
[2025-09-29T15:42:12.627+0000] {processor.py:183} INFO - Processing /home/airflow/.local/lib/python3.12/site-packages/airflow/example_dags/example_sensor_decorator.py took 0.168 seconds
[2025-09-29T15:42:42.821+0000] {processor.py:161} INFO - Started process (PID=5085) to work on /home/airflow/.local/lib/python3.12/site-packages/airflow/example_dags/example_sensor_decorator.py
[2025-09-29T15:42:42.823+0000] {processor.py:830} INFO - Processing file /home/airflow/.local/lib/python3.12/site-packages/airflow/example_dags/example_sensor_decorator.py for tasks to queue
[2025-09-29T15:42:42.828+0000] {logging_mixin.py:188} INFO - [2025-09-29T15:42:42.827+0000] {dagbag.py:545} INFO - Filling up the DagBag from /home/airflow/.local/lib/python3.12/site-packages/airflow/example_dags/example_sensor_decorator.py
[2025-09-29T15:42:42.843+0000] {processor.py:840} INFO - DAG(s) 'example_sensor_decorator' retrieved from /home/airflow/.local/lib/python3.12/site-packages/airflow/example_dags/example_sensor_decorator.py
[2025-09-29T15:42:42.899+0000] {logging_mixin.py:188} INFO - [2025-09-29T15:42:42.899+0000] {dag.py:3089} INFO - Sync 1 DAGs
[2025-09-29T15:42:42.928+0000] {logging_mixin.py:188} INFO - [2025-09-29T15:42:42.928+0000] {dag.py:3947} INFO - Setting next_dagrun for example_sensor_decorator to None, run_after=None
[2025-09-29T15:42:42.975+0000] {processor.py:183} INFO - Processing /home/airflow/.local/lib/python3.12/site-packages/airflow/example_dags/example_sensor_decorator.py took 0.168 seconds
[2025-09-29T15:43:13.297+0000] {processor.py:161} INFO - Started process (PID=5347) to work on /home/airflow/.local/lib/python3.12/site-packages/airflow/example_dags/example_sensor_decorator.py
[2025-09-29T15:43:13.299+0000] {processor.py:830} INFO - Processing file /home/airflow/.local/lib/python3.12/site-packages/airflow/example_dags/example_sensor_decorator.py for tasks to queue
[2025-09-29T15:43:13.304+0000] {logging_mixin.py:188} INFO - [2025-09-29T15:43:13.303+0000] {dagbag.py:545} INFO - Filling up the DagBag from /home/airflow/.local/lib/python3.12/site-packages/airflow/example_dags/example_sensor_decorator.py
[2025-09-29T15:43:13.318+0000] {processor.py:840} INFO - DAG(s) 'example_sensor_decorator' retrieved from /home/airflow/.local/lib/python3.12/site-packages/airflow/example_dags/example_sensor_decorator.py
[2025-09-29T15:43:13.373+0000] {logging_mixin.py:188} INFO - [2025-09-29T15:43:13.372+0000] {dag.py:3089} INFO - Sync 1 DAGs
[2025-09-29T15:43:13.402+0000] {logging_mixin.py:188} INFO - [2025-09-29T15:43:13.401+0000] {dag.py:3947} INFO - Setting next_dagrun for example_sensor_decorator to None, run_after=None
[2025-09-29T15:43:13.450+0000] {processor.py:183} INFO - Processing /home/airflow/.local/lib/python3.12/site-packages/airflow/example_dags/example_sensor_decorator.py took 0.167 seconds
[2025-09-29T15:43:44.247+0000] {processor.py:161} INFO - Started process (PID=5609) to work on /home/airflow/.local/lib/python3.12/site-packages/airflow/example_dags/example_sensor_decorator.py
[2025-09-29T15:43:44.250+0000] {processor.py:830} INFO - Processing file /home/airflow/.local/lib/python3.12/site-packages/airflow/example_dags/example_sensor_decorator.py for tasks to queue
[2025-09-29T15:43:44.255+0000] {logging_mixin.py:188} INFO - [2025-09-29T15:43:44.253+0000] {dagbag.py:545} INFO - Filling up the DagBag from /home/airflow/.local/lib/python3.12/site-packages/airflow/example_dags/example_sensor_decorator.py
[2025-09-29T15:43:44.269+0000] {processor.py:840} INFO - DAG(s) 'example_sensor_decorator' retrieved from /home/airflow/.local/lib/python3.12/site-packages/airflow/example_dags/example_sensor_decorator.py
[2025-09-29T15:43:44.330+0000] {logging_mixin.py:188} INFO - [2025-09-29T15:43:44.330+0000] {dag.py:3089} INFO - Sync 1 DAGs
[2025-09-29T15:43:44.364+0000] {logging_mixin.py:188} INFO - [2025-09-29T15:43:44.363+0000] {dag.py:3947} INFO - Setting next_dagrun for example_sensor_decorator to None, run_after=None
[2025-09-29T15:43:44.421+0000] {processor.py:183} INFO - Processing /home/airflow/.local/lib/python3.12/site-packages/airflow/example_dags/example_sensor_decorator.py took 0.188 seconds
[2025-09-29T15:44:14.920+0000] {processor.py:161} INFO - Started process (PID=5871) to work on /home/airflow/.local/lib/python3.12/site-packages/airflow/example_dags/example_sensor_decorator.py
[2025-09-29T15:44:14.921+0000] {processor.py:830} INFO - Processing file /home/airflow/.local/lib/python3.12/site-packages/airflow/example_dags/example_sensor_decorator.py for tasks to queue
[2025-09-29T15:44:14.925+0000] {logging_mixin.py:188} INFO - [2025-09-29T15:44:14.925+0000] {dagbag.py:545} INFO - Filling up the DagBag from /home/airflow/.local/lib/python3.12/site-packages/airflow/example_dags/example_sensor_decorator.py
[2025-09-29T15:44:14.940+0000] {processor.py:840} INFO - DAG(s) 'example_sensor_decorator' retrieved from /home/airflow/.local/lib/python3.12/site-packages/airflow/example_dags/example_sensor_decorator.py
[2025-09-29T15:44:14.995+0000] {logging_mixin.py:188} INFO - [2025-09-29T15:44:14.994+0000] {dag.py:3089} INFO - Sync 1 DAGs
[2025-09-29T15:44:15.025+0000] {logging_mixin.py:188} INFO - [2025-09-29T15:44:15.025+0000] {dag.py:3947} INFO - Setting next_dagrun for example_sensor_decorator to None, run_after=None
[2025-09-29T15:44:15.073+0000] {processor.py:183} INFO - Processing /home/airflow/.local/lib/python3.12/site-packages/airflow/example_dags/example_sensor_decorator.py took 0.167 seconds
[2025-09-29T15:44:45.404+0000] {processor.py:161} INFO - Started process (PID=6133) to work on /home/airflow/.local/lib/python3.12/site-packages/airflow/example_dags/example_sensor_decorator.py
[2025-09-29T15:44:45.407+0000] {processor.py:830} INFO - Processing file /home/airflow/.local/lib/python3.12/site-packages/airflow/example_dags/example_sensor_decorator.py for tasks to queue
[2025-09-29T15:44:45.411+0000] {logging_mixin.py:188} INFO - [2025-09-29T15:44:45.411+0000] {dagbag.py:545} INFO - Filling up the DagBag from /home/airflow/.local/lib/python3.12/site-packages/airflow/example_dags/example_sensor_decorator.py
[2025-09-29T15:44:45.426+0000] {processor.py:840} INFO - DAG(s) 'example_sensor_decorator' retrieved from /home/airflow/.local/lib/python3.12/site-packages/airflow/example_dags/example_sensor_decorator.py
[2025-09-29T15:44:45.481+0000] {logging_mixin.py:188} INFO - [2025-09-29T15:44:45.481+0000] {dag.py:3089} INFO - Sync 1 DAGs
[2025-09-29T15:44:45.512+0000] {logging_mixin.py:188} INFO - [2025-09-29T15:44:45.512+0000] {dag.py:3947} INFO - Setting next_dagrun for example_sensor_decorator to None, run_after=None
[2025-09-29T15:44:45.561+0000] {processor.py:183} INFO - Processing /home/airflow/.local/lib/python3.12/site-packages/airflow/example_dags/example_sensor_decorator.py took 0.170 seconds
[2025-09-29T15:45:16.072+0000] {processor.py:161} INFO - Started process (PID=6395) to work on /home/airflow/.local/lib/python3.12/site-packages/airflow/example_dags/example_sensor_decorator.py
[2025-09-29T15:45:16.074+0000] {processor.py:830} INFO - Processing file /home/airflow/.local/lib/python3.12/site-packages/airflow/example_dags/example_sensor_decorator.py for tasks to queue
[2025-09-29T15:45:16.079+0000] {logging_mixin.py:188} INFO - [2025-09-29T15:45:16.078+0000] {dagbag.py:545} INFO - Filling up the DagBag from /home/airflow/.local/lib/python3.12/site-packages/airflow/example_dags/example_sensor_decorator.py
[2025-09-29T15:45:16.096+0000] {processor.py:840} INFO - DAG(s) 'example_sensor_decorator' retrieved from /home/airflow/.local/lib/python3.12/site-packages/airflow/example_dags/example_sensor_decorator.py
[2025-09-29T15:45:16.153+0000] {logging_mixin.py:188} INFO - [2025-09-29T15:45:16.153+0000] {dag.py:3089} INFO - Sync 1 DAGs
[2025-09-29T15:45:16.185+0000] {logging_mixin.py:188} INFO - [2025-09-29T15:45:16.184+0000] {dag.py:3947} INFO - Setting next_dagrun for example_sensor_decorator to None, run_after=None
[2025-09-29T15:45:16.236+0000] {processor.py:183} INFO - Processing /home/airflow/.local/lib/python3.12/site-packages/airflow/example_dags/example_sensor_decorator.py took 0.178 seconds
[2025-09-29T15:45:46.517+0000] {processor.py:161} INFO - Started process (PID=6657) to work on /home/airflow/.local/lib/python3.12/site-packages/airflow/example_dags/example_sensor_decorator.py
[2025-09-29T15:45:46.520+0000] {processor.py:830} INFO - Processing file /home/airflow/.local/lib/python3.12/site-packages/airflow/example_dags/example_sensor_decorator.py for tasks to queue
[2025-09-29T15:45:46.526+0000] {logging_mixin.py:188} INFO - [2025-09-29T15:45:46.524+0000] {dagbag.py:545} INFO - Filling up the DagBag from /home/airflow/.local/lib/python3.12/site-packages/airflow/example_dags/example_sensor_decorator.py
[2025-09-29T15:45:46.544+0000] {processor.py:840} INFO - DAG(s) 'example_sensor_decorator' retrieved from /home/airflow/.local/lib/python3.12/site-packages/airflow/example_dags/example_sensor_decorator.py
[2025-09-29T15:45:46.602+0000] {logging_mixin.py:188} INFO - [2025-09-29T15:45:46.601+0000] {dag.py:3089} INFO - Sync 1 DAGs
[2025-09-29T15:45:46.634+0000] {logging_mixin.py:188} INFO - [2025-09-29T15:45:46.633+0000] {dag.py:3947} INFO - Setting next_dagrun for example_sensor_decorator to None, run_after=None
[2025-09-29T15:45:46.684+0000] {processor.py:183} INFO - Processing /home/airflow/.local/lib/python3.12/site-packages/airflow/example_dags/example_sensor_decorator.py took 0.184 seconds
[2025-09-29T15:46:17.583+0000] {processor.py:161} INFO - Started process (PID=6919) to work on /home/airflow/.local/lib/python3.12/site-packages/airflow/example_dags/example_sensor_decorator.py
[2025-09-29T15:46:17.585+0000] {processor.py:830} INFO - Processing file /home/airflow/.local/lib/python3.12/site-packages/airflow/example_dags/example_sensor_decorator.py for tasks to queue
[2025-09-29T15:46:17.589+0000] {logging_mixin.py:188} INFO - [2025-09-29T15:46:17.588+0000] {dagbag.py:545} INFO - Filling up the DagBag from /home/airflow/.local/lib/python3.12/site-packages/airflow/example_dags/example_sensor_decorator.py
[2025-09-29T15:46:17.603+0000] {processor.py:840} INFO - DAG(s) 'example_sensor_decorator' retrieved from /home/airflow/.local/lib/python3.12/site-packages/airflow/example_dags/example_sensor_decorator.py
[2025-09-29T15:46:17.655+0000] {logging_mixin.py:188} INFO - [2025-09-29T15:46:17.655+0000] {dag.py:3089} INFO - Sync 1 DAGs
[2025-09-29T15:46:17.685+0000] {logging_mixin.py:188} INFO - [2025-09-29T15:46:17.684+0000] {dag.py:3947} INFO - Setting next_dagrun for example_sensor_decorator to None, run_after=None
[2025-09-29T15:46:17.734+0000] {processor.py:183} INFO - Processing /home/airflow/.local/lib/python3.12/site-packages/airflow/example_dags/example_sensor_decorator.py took 0.164 seconds
[2025-09-29T15:46:48.018+0000] {processor.py:161} INFO - Started process (PID=7181) to work on /home/airflow/.local/lib/python3.12/site-packages/airflow/example_dags/example_sensor_decorator.py
[2025-09-29T15:46:48.021+0000] {processor.py:830} INFO - Processing file /home/airflow/.local/lib/python3.12/site-packages/airflow/example_dags/example_sensor_decorator.py for tasks to queue
[2025-09-29T15:46:48.026+0000] {logging_mixin.py:188} INFO - [2025-09-29T15:46:48.025+0000] {dagbag.py:545} INFO - Filling up the DagBag from /home/airflow/.local/lib/python3.12/site-packages/airflow/example_dags/example_sensor_decorator.py
[2025-09-29T15:46:48.044+0000] {processor.py:840} INFO - DAG(s) 'example_sensor_decorator' retrieved from /home/airflow/.local/lib/python3.12/site-packages/airflow/example_dags/example_sensor_decorator.py
[2025-09-29T15:46:48.101+0000] {logging_mixin.py:188} INFO - [2025-09-29T15:46:48.100+0000] {dag.py:3089} INFO - Sync 1 DAGs
[2025-09-29T15:46:48.132+0000] {logging_mixin.py:188} INFO - [2025-09-29T15:46:48.131+0000] {dag.py:3947} INFO - Setting next_dagrun for example_sensor_decorator to None, run_after=None
[2025-09-29T15:46:48.179+0000] {processor.py:183} INFO - Processing /home/airflow/.local/lib/python3.12/site-packages/airflow/example_dags/example_sensor_decorator.py took 0.176 seconds
[2025-09-29T15:47:19.140+0000] {processor.py:161} INFO - Started process (PID=7443) to work on /home/airflow/.local/lib/python3.12/site-packages/airflow/example_dags/example_sensor_decorator.py
[2025-09-29T15:47:19.144+0000] {processor.py:830} INFO - Processing file /home/airflow/.local/lib/python3.12/site-packages/airflow/example_dags/example_sensor_decorator.py for tasks to queue
[2025-09-29T15:47:19.149+0000] {logging_mixin.py:188} INFO - [2025-09-29T15:47:19.148+0000] {dagbag.py:545} INFO - Filling up the DagBag from /home/airflow/.local/lib/python3.12/site-packages/airflow/example_dags/example_sensor_decorator.py
[2025-09-29T15:47:19.170+0000] {processor.py:840} INFO - DAG(s) 'example_sensor_decorator' retrieved from /home/airflow/.local/lib/python3.12/site-packages/airflow/example_dags/example_sensor_decorator.py
[2025-09-29T15:47:19.240+0000] {logging_mixin.py:188} INFO - [2025-09-29T15:47:19.239+0000] {dag.py:3089} INFO - Sync 1 DAGs
[2025-09-29T15:47:19.278+0000] {logging_mixin.py:188} INFO - [2025-09-29T15:47:19.278+0000] {dag.py:3947} INFO - Setting next_dagrun for example_sensor_decorator to None, run_after=None
[2025-09-29T15:47:19.347+0000] {processor.py:183} INFO - Processing /home/airflow/.local/lib/python3.12/site-packages/airflow/example_dags/example_sensor_decorator.py took 0.223 seconds
[2025-09-29T15:47:49.511+0000] {processor.py:161} INFO - Started process (PID=7705) to work on /home/airflow/.local/lib/python3.12/site-packages/airflow/example_dags/example_sensor_decorator.py
[2025-09-29T15:47:49.513+0000] {processor.py:830} INFO - Processing file /home/airflow/.local/lib/python3.12/site-packages/airflow/example_dags/example_sensor_decorator.py for tasks to queue
[2025-09-29T15:47:49.518+0000] {logging_mixin.py:188} INFO - [2025-09-29T15:47:49.517+0000] {dagbag.py:545} INFO - Filling up the DagBag from /home/airflow/.local/lib/python3.12/site-packages/airflow/example_dags/example_sensor_decorator.py
[2025-09-29T15:47:49.534+0000] {processor.py:840} INFO - DAG(s) 'example_sensor_decorator' retrieved from /home/airflow/.local/lib/python3.12/site-packages/airflow/example_dags/example_sensor_decorator.py
[2025-09-29T15:47:49.597+0000] {logging_mixin.py:188} INFO - [2025-09-29T15:47:49.596+0000] {dag.py:3089} INFO - Sync 1 DAGs
[2025-09-29T15:47:49.626+0000] {logging_mixin.py:188} INFO - [2025-09-29T15:47:49.626+0000] {dag.py:3947} INFO - Setting next_dagrun for example_sensor_decorator to None, run_after=None
[2025-09-29T15:47:49.672+0000] {processor.py:183} INFO - Processing /home/airflow/.local/lib/python3.12/site-packages/airflow/example_dags/example_sensor_decorator.py took 0.176 seconds
[2025-09-29T15:48:19.858+0000] {processor.py:161} INFO - Started process (PID=7967) to work on /home/airflow/.local/lib/python3.12/site-packages/airflow/example_dags/example_sensor_decorator.py
[2025-09-29T15:48:19.861+0000] {processor.py:830} INFO - Processing file /home/airflow/.local/lib/python3.12/site-packages/airflow/example_dags/example_sensor_decorator.py for tasks to queue
[2025-09-29T15:48:19.868+0000] {logging_mixin.py:188} INFO - [2025-09-29T15:48:19.866+0000] {dagbag.py:545} INFO - Filling up the DagBag from /home/airflow/.local/lib/python3.12/site-packages/airflow/example_dags/example_sensor_decorator.py
[2025-09-29T15:48:19.888+0000] {processor.py:840} INFO - DAG(s) 'example_sensor_decorator' retrieved from /home/airflow/.local/lib/python3.12/site-packages/airflow/example_dags/example_sensor_decorator.py
[2025-09-29T15:48:19.952+0000] {logging_mixin.py:188} INFO - [2025-09-29T15:48:19.952+0000] {dag.py:3089} INFO - Sync 1 DAGs
[2025-09-29T15:48:19.985+0000] {logging_mixin.py:188} INFO - [2025-09-29T15:48:19.984+0000] {dag.py:3947} INFO - Setting next_dagrun for example_sensor_decorator to None, run_after=None
[2025-09-29T15:48:20.036+0000] {processor.py:183} INFO - Processing /home/airflow/.local/lib/python3.12/site-packages/airflow/example_dags/example_sensor_decorator.py took 0.196 seconds
[2025-09-29T15:48:50.478+0000] {processor.py:161} INFO - Started process (PID=8229) to work on /home/airflow/.local/lib/python3.12/site-packages/airflow/example_dags/example_sensor_decorator.py
[2025-09-29T15:48:50.481+0000] {processor.py:830} INFO - Processing file /home/airflow/.local/lib/python3.12/site-packages/airflow/example_dags/example_sensor_decorator.py for tasks to queue
[2025-09-29T15:48:50.485+0000] {logging_mixin.py:188} INFO - [2025-09-29T15:48:50.484+0000] {dagbag.py:545} INFO - Filling up the DagBag from /home/airflow/.local/lib/python3.12/site-packages/airflow/example_dags/example_sensor_decorator.py
[2025-09-29T15:48:50.499+0000] {processor.py:840} INFO - DAG(s) 'example_sensor_decorator' retrieved from /home/airflow/.local/lib/python3.12/site-packages/airflow/example_dags/example_sensor_decorator.py
[2025-09-29T15:48:50.554+0000] {logging_mixin.py:188} INFO - [2025-09-29T15:48:50.553+0000] {dag.py:3089} INFO - Sync 1 DAGs
[2025-09-29T15:48:50.584+0000] {logging_mixin.py:188} INFO - [2025-09-29T15:48:50.583+0000] {dag.py:3947} INFO - Setting next_dagrun for example_sensor_decorator to None, run_after=None
[2025-09-29T15:48:50.636+0000] {processor.py:183} INFO - Processing /home/airflow/.local/lib/python3.12/site-packages/airflow/example_dags/example_sensor_decorator.py took 0.172 seconds
[2025-09-29T15:49:21.030+0000] {processor.py:161} INFO - Started process (PID=8491) to work on /home/airflow/.local/lib/python3.12/site-packages/airflow/example_dags/example_sensor_decorator.py
[2025-09-29T15:49:21.032+0000] {processor.py:830} INFO - Processing file /home/airflow/.local/lib/python3.12/site-packages/airflow/example_dags/example_sensor_decorator.py for tasks to queue
[2025-09-29T15:49:21.037+0000] {logging_mixin.py:188} INFO - [2025-09-29T15:49:21.036+0000] {dagbag.py:545} INFO - Filling up the DagBag from /home/airflow/.local/lib/python3.12/site-packages/airflow/example_dags/example_sensor_decorator.py
[2025-09-29T15:49:21.051+0000] {processor.py:840} INFO - DAG(s) 'example_sensor_decorator' retrieved from /home/airflow/.local/lib/python3.12/site-packages/airflow/example_dags/example_sensor_decorator.py
[2025-09-29T15:49:21.104+0000] {logging_mixin.py:188} INFO - [2025-09-29T15:49:21.104+0000] {dag.py:3089} INFO - Sync 1 DAGs
[2025-09-29T15:49:21.134+0000] {logging_mixin.py:188} INFO - [2025-09-29T15:49:21.133+0000] {dag.py:3947} INFO - Setting next_dagrun for example_sensor_decorator to None, run_after=None
[2025-09-29T15:49:21.181+0000] {processor.py:183} INFO - Processing /home/airflow/.local/lib/python3.12/site-packages/airflow/example_dags/example_sensor_decorator.py took 0.165 seconds
[2025-09-29T15:49:52.191+0000] {processor.py:161} INFO - Started process (PID=8753) to work on /home/airflow/.local/lib/python3.12/site-packages/airflow/example_dags/example_sensor_decorator.py
[2025-09-29T15:49:52.193+0000] {processor.py:830} INFO - Processing file /home/airflow/.local/lib/python3.12/site-packages/airflow/example_dags/example_sensor_decorator.py for tasks to queue
[2025-09-29T15:49:52.197+0000] {logging_mixin.py:188} INFO - [2025-09-29T15:49:52.196+0000] {dagbag.py:545} INFO - Filling up the DagBag from /home/airflow/.local/lib/python3.12/site-packages/airflow/example_dags/example_sensor_decorator.py
[2025-09-29T15:49:52.212+0000] {processor.py:840} INFO - DAG(s) 'example_sensor_decorator' retrieved from /home/airflow/.local/lib/python3.12/site-packages/airflow/example_dags/example_sensor_decorator.py
[2025-09-29T15:49:52.268+0000] {logging_mixin.py:188} INFO - [2025-09-29T15:49:52.267+0000] {dag.py:3089} INFO - Sync 1 DAGs
[2025-09-29T15:49:52.298+0000] {logging_mixin.py:188} INFO - [2025-09-29T15:49:52.297+0000] {dag.py:3947} INFO - Setting next_dagrun for example_sensor_decorator to None, run_after=None
[2025-09-29T15:49:52.342+0000] {processor.py:183} INFO - Processing /home/airflow/.local/lib/python3.12/site-packages/airflow/example_dags/example_sensor_decorator.py took 0.165 seconds
[2025-09-29T15:50:23.291+0000] {processor.py:161} INFO - Started process (PID=9015) to work on /home/airflow/.local/lib/python3.12/site-packages/airflow/example_dags/example_sensor_decorator.py
[2025-09-29T15:50:23.294+0000] {processor.py:830} INFO - Processing file /home/airflow/.local/lib/python3.12/site-packages/airflow/example_dags/example_sensor_decorator.py for tasks to queue
[2025-09-29T15:50:23.298+0000] {logging_mixin.py:188} INFO - [2025-09-29T15:50:23.297+0000] {dagbag.py:545} INFO - Filling up the DagBag from /home/airflow/.local/lib/python3.12/site-packages/airflow/example_dags/example_sensor_decorator.py
[2025-09-29T15:50:23.312+0000] {processor.py:840} INFO - DAG(s) 'example_sensor_decorator' retrieved from /home/airflow/.local/lib/python3.12/site-packages/airflow/example_dags/example_sensor_decorator.py
[2025-09-29T15:50:23.370+0000] {logging_mixin.py:188} INFO - [2025-09-29T15:50:23.369+0000] {dag.py:3089} INFO - Sync 1 DAGs
[2025-09-29T15:50:23.400+0000] {logging_mixin.py:188} INFO - [2025-09-29T15:50:23.399+0000] {dag.py:3947} INFO - Setting next_dagrun for example_sensor_decorator to None, run_after=None
[2025-09-29T15:50:23.445+0000] {processor.py:183} INFO - Processing /home/airflow/.local/lib/python3.12/site-packages/airflow/example_dags/example_sensor_decorator.py took 0.167 seconds
[2025-09-29T15:50:54.254+0000] {processor.py:161} INFO - Started process (PID=9277) to work on /home/airflow/.local/lib/python3.12/site-packages/airflow/example_dags/example_sensor_decorator.py
[2025-09-29T15:50:54.256+0000] {processor.py:830} INFO - Processing file /home/airflow/.local/lib/python3.12/site-packages/airflow/example_dags/example_sensor_decorator.py for tasks to queue
[2025-09-29T15:50:54.260+0000] {logging_mixin.py:188} INFO - [2025-09-29T15:50:54.260+0000] {dagbag.py:545} INFO - Filling up the DagBag from /home/airflow/.local/lib/python3.12/site-packages/airflow/example_dags/example_sensor_decorator.py
[2025-09-29T15:50:54.275+0000] {processor.py:840} INFO - DAG(s) 'example_sensor_decorator' retrieved from /home/airflow/.local/lib/python3.12/site-packages/airflow/example_dags/example_sensor_decorator.py
[2025-09-29T15:50:54.330+0000] {logging_mixin.py:188} INFO - [2025-09-29T15:50:54.329+0000] {dag.py:3089} INFO - Sync 1 DAGs
[2025-09-29T15:50:54.359+0000] {logging_mixin.py:188} INFO - [2025-09-29T15:50:54.358+0000] {dag.py:3947} INFO - Setting next_dagrun for example_sensor_decorator to None, run_after=None
[2025-09-29T15:50:54.406+0000] {processor.py:183} INFO - Processing /home/airflow/.local/lib/python3.12/site-packages/airflow/example_dags/example_sensor_decorator.py took 0.166 seconds
[2025-09-29T15:51:25.192+0000] {processor.py:161} INFO - Started process (PID=9539) to work on /home/airflow/.local/lib/python3.12/site-packages/airflow/example_dags/example_sensor_decorator.py
[2025-09-29T15:51:25.195+0000] {processor.py:830} INFO - Processing file /home/airflow/.local/lib/python3.12/site-packages/airflow/example_dags/example_sensor_decorator.py for tasks to queue
[2025-09-29T15:51:25.199+0000] {logging_mixin.py:188} INFO - [2025-09-29T15:51:25.198+0000] {dagbag.py:545} INFO - Filling up the DagBag from /home/airflow/.local/lib/python3.12/site-packages/airflow/example_dags/example_sensor_decorator.py
[2025-09-29T15:51:25.214+0000] {processor.py:840} INFO - DAG(s) 'example_sensor_decorator' retrieved from /home/airflow/.local/lib/python3.12/site-packages/airflow/example_dags/example_sensor_decorator.py
[2025-09-29T15:51:25.269+0000] {logging_mixin.py:188} INFO - [2025-09-29T15:51:25.269+0000] {dag.py:3089} INFO - Sync 1 DAGs
[2025-09-29T15:51:25.299+0000] {logging_mixin.py:188} INFO - [2025-09-29T15:51:25.298+0000] {dag.py:3947} INFO - Setting next_dagrun for example_sensor_decorator to None, run_after=None
[2025-09-29T15:51:25.346+0000] {processor.py:183} INFO - Processing /home/airflow/.local/lib/python3.12/site-packages/airflow/example_dags/example_sensor_decorator.py took 0.169 seconds
[2025-09-29T15:51:55.993+0000] {processor.py:161} INFO - Started process (PID=9803) to work on /home/airflow/.local/lib/python3.12/site-packages/airflow/example_dags/example_sensor_decorator.py
[2025-09-29T15:51:55.997+0000] {processor.py:830} INFO - Processing file /home/airflow/.local/lib/python3.12/site-packages/airflow/example_dags/example_sensor_decorator.py for tasks to queue
[2025-09-29T15:51:56.003+0000] {logging_mixin.py:188} INFO - [2025-09-29T15:51:56.002+0000] {dagbag.py:545} INFO - Filling up the DagBag from /home/airflow/.local/lib/python3.12/site-packages/airflow/example_dags/example_sensor_decorator.py
[2025-09-29T15:51:56.020+0000] {processor.py:840} INFO - DAG(s) 'example_sensor_decorator' retrieved from /home/airflow/.local/lib/python3.12/site-packages/airflow/example_dags/example_sensor_decorator.py
[2025-09-29T15:51:56.129+0000] {logging_mixin.py:188} INFO - [2025-09-29T15:51:56.129+0000] {dag.py:3089} INFO - Sync 1 DAGs
[2025-09-29T15:51:56.202+0000] {logging_mixin.py:188} INFO - [2025-09-29T15:51:56.201+0000] {dag.py:3947} INFO - Setting next_dagrun for example_sensor_decorator to None, run_after=None
[2025-09-29T15:51:56.256+0000] {processor.py:183} INFO - Processing /home/airflow/.local/lib/python3.12/site-packages/airflow/example_dags/example_sensor_decorator.py took 0.278 seconds
[2025-09-29T15:52:27.104+0000] {processor.py:161} INFO - Started process (PID=10062) to work on /home/airflow/.local/lib/python3.12/site-packages/airflow/example_dags/example_sensor_decorator.py
[2025-09-29T15:52:27.107+0000] {processor.py:830} INFO - Processing file /home/airflow/.local/lib/python3.12/site-packages/airflow/example_dags/example_sensor_decorator.py for tasks to queue
[2025-09-29T15:52:27.111+0000] {logging_mixin.py:188} INFO - [2025-09-29T15:52:27.110+0000] {dagbag.py:545} INFO - Filling up the DagBag from /home/airflow/.local/lib/python3.12/site-packages/airflow/example_dags/example_sensor_decorator.py
[2025-09-29T15:52:27.128+0000] {processor.py:840} INFO - DAG(s) 'example_sensor_decorator' retrieved from /home/airflow/.local/lib/python3.12/site-packages/airflow/example_dags/example_sensor_decorator.py
[2025-09-29T15:52:27.195+0000] {logging_mixin.py:188} INFO - [2025-09-29T15:52:27.195+0000] {dag.py:3089} INFO - Sync 1 DAGs
[2025-09-29T15:52:27.232+0000] {logging_mixin.py:188} INFO - [2025-09-29T15:52:27.232+0000] {dag.py:3947} INFO - Setting next_dagrun for example_sensor_decorator to None, run_after=None
[2025-09-29T15:52:27.287+0000] {processor.py:183} INFO - Processing /home/airflow/.local/lib/python3.12/site-packages/airflow/example_dags/example_sensor_decorator.py took 0.197 seconds
[2025-09-29T15:52:57.838+0000] {processor.py:161} INFO - Started process (PID=10319) to work on /home/airflow/.local/lib/python3.12/site-packages/airflow/example_dags/example_sensor_decorator.py
[2025-09-29T15:52:57.840+0000] {processor.py:830} INFO - Processing file /home/airflow/.local/lib/python3.12/site-packages/airflow/example_dags/example_sensor_decorator.py for tasks to queue
[2025-09-29T15:52:57.845+0000] {logging_mixin.py:188} INFO - [2025-09-29T15:52:57.843+0000] {dagbag.py:545} INFO - Filling up the DagBag from /home/airflow/.local/lib/python3.12/site-packages/airflow/example_dags/example_sensor_decorator.py
[2025-09-29T15:52:57.860+0000] {processor.py:840} INFO - DAG(s) 'example_sensor_decorator' retrieved from /home/airflow/.local/lib/python3.12/site-packages/airflow/example_dags/example_sensor_decorator.py
[2025-09-29T15:52:57.921+0000] {logging_mixin.py:188} INFO - [2025-09-29T15:52:57.920+0000] {dag.py:3089} INFO - Sync 1 DAGs
[2025-09-29T15:52:57.951+0000] {logging_mixin.py:188} INFO - [2025-09-29T15:52:57.951+0000] {dag.py:3947} INFO - Setting next_dagrun for example_sensor_decorator to None, run_after=None
[2025-09-29T15:52:58.019+0000] {processor.py:183} INFO - Processing /home/airflow/.local/lib/python3.12/site-packages/airflow/example_dags/example_sensor_decorator.py took 0.197 seconds
[2025-09-29T15:53:28.111+0000] {processor.py:161} INFO - Started process (PID=10578) to work on /home/airflow/.local/lib/python3.12/site-packages/airflow/example_dags/example_sensor_decorator.py
[2025-09-29T15:53:28.116+0000] {processor.py:830} INFO - Processing file /home/airflow/.local/lib/python3.12/site-packages/airflow/example_dags/example_sensor_decorator.py for tasks to queue
[2025-09-29T15:53:28.120+0000] {logging_mixin.py:188} INFO - [2025-09-29T15:53:28.120+0000] {dagbag.py:545} INFO - Filling up the DagBag from /home/airflow/.local/lib/python3.12/site-packages/airflow/example_dags/example_sensor_decorator.py
[2025-09-29T15:53:28.136+0000] {processor.py:840} INFO - DAG(s) 'example_sensor_decorator' retrieved from /home/airflow/.local/lib/python3.12/site-packages/airflow/example_dags/example_sensor_decorator.py
[2025-09-29T15:53:28.192+0000] {logging_mixin.py:188} INFO - [2025-09-29T15:53:28.192+0000] {dag.py:3089} INFO - Sync 1 DAGs
[2025-09-29T15:53:28.223+0000] {logging_mixin.py:188} INFO - [2025-09-29T15:53:28.223+0000] {dag.py:3947} INFO - Setting next_dagrun for example_sensor_decorator to None, run_after=None
[2025-09-29T15:53:28.270+0000] {processor.py:183} INFO - Processing /home/airflow/.local/lib/python3.12/site-packages/airflow/example_dags/example_sensor_decorator.py took 0.174 seconds
[2025-09-29T15:53:59.780+0000] {processor.py:161} INFO - Started process (PID=10838) to work on /home/airflow/.local/lib/python3.12/site-packages/airflow/example_dags/example_sensor_decorator.py
[2025-09-29T15:53:59.783+0000] {processor.py:830} INFO - Processing file /home/airflow/.local/lib/python3.12/site-packages/airflow/example_dags/example_sensor_decorator.py for tasks to queue
[2025-09-29T15:53:59.788+0000] {logging_mixin.py:188} INFO - [2025-09-29T15:53:59.787+0000] {dagbag.py:545} INFO - Filling up the DagBag from /home/airflow/.local/lib/python3.12/site-packages/airflow/example_dags/example_sensor_decorator.py
[2025-09-29T15:53:59.804+0000] {processor.py:840} INFO - DAG(s) 'example_sensor_decorator' retrieved from /home/airflow/.local/lib/python3.12/site-packages/airflow/example_dags/example_sensor_decorator.py
[2025-09-29T15:53:59.861+0000] {logging_mixin.py:188} INFO - [2025-09-29T15:53:59.861+0000] {dag.py:3089} INFO - Sync 1 DAGs
[2025-09-29T15:54:00.244+0000] {logging_mixin.py:188} INFO - [2025-09-29T15:54:00.243+0000] {dag.py:3947} INFO - Setting next_dagrun for example_sensor_decorator to None, run_after=None
[2025-09-29T15:54:00.302+0000] {processor.py:183} INFO - Processing /home/airflow/.local/lib/python3.12/site-packages/airflow/example_dags/example_sensor_decorator.py took 0.537 seconds
[2025-09-29T15:54:31.108+0000] {processor.py:161} INFO - Started process (PID=11100) to work on /home/airflow/.local/lib/python3.12/site-packages/airflow/example_dags/example_sensor_decorator.py
[2025-09-29T15:54:31.111+0000] {processor.py:830} INFO - Processing file /home/airflow/.local/lib/python3.12/site-packages/airflow/example_dags/example_sensor_decorator.py for tasks to queue
[2025-09-29T15:54:31.115+0000] {logging_mixin.py:188} INFO - [2025-09-29T15:54:31.114+0000] {dagbag.py:545} INFO - Filling up the DagBag from /home/airflow/.local/lib/python3.12/site-packages/airflow/example_dags/example_sensor_decorator.py
[2025-09-29T15:54:31.129+0000] {processor.py:840} INFO - DAG(s) 'example_sensor_decorator' retrieved from /home/airflow/.local/lib/python3.12/site-packages/airflow/example_dags/example_sensor_decorator.py
[2025-09-29T15:54:31.182+0000] {logging_mixin.py:188} INFO - [2025-09-29T15:54:31.181+0000] {dag.py:3089} INFO - Sync 1 DAGs
[2025-09-29T15:54:31.210+0000] {logging_mixin.py:188} INFO - [2025-09-29T15:54:31.209+0000] {dag.py:3947} INFO - Setting next_dagrun for example_sensor_decorator to None, run_after=None
[2025-09-29T15:54:31.259+0000] {processor.py:183} INFO - Processing /home/airflow/.local/lib/python3.12/site-packages/airflow/example_dags/example_sensor_decorator.py took 0.167 seconds
[2025-09-29T15:55:01.420+0000] {processor.py:161} INFO - Started process (PID=11362) to work on /home/airflow/.local/lib/python3.12/site-packages/airflow/example_dags/example_sensor_decorator.py
[2025-09-29T15:55:01.423+0000] {processor.py:830} INFO - Processing file /home/airflow/.local/lib/python3.12/site-packages/airflow/example_dags/example_sensor_decorator.py for tasks to queue
[2025-09-29T15:55:01.427+0000] {logging_mixin.py:188} INFO - [2025-09-29T15:55:01.426+0000] {dagbag.py:545} INFO - Filling up the DagBag from /home/airflow/.local/lib/python3.12/site-packages/airflow/example_dags/example_sensor_decorator.py
[2025-09-29T15:55:01.442+0000] {processor.py:840} INFO - DAG(s) 'example_sensor_decorator' retrieved from /home/airflow/.local/lib/python3.12/site-packages/airflow/example_dags/example_sensor_decorator.py
[2025-09-29T15:55:01.494+0000] {logging_mixin.py:188} INFO - [2025-09-29T15:55:01.494+0000] {dag.py:3089} INFO - Sync 1 DAGs
[2025-09-29T15:55:01.522+0000] {logging_mixin.py:188} INFO - [2025-09-29T15:55:01.522+0000] {dag.py:3947} INFO - Setting next_dagrun for example_sensor_decorator to None, run_after=None
[2025-09-29T15:55:01.573+0000] {processor.py:183} INFO - Processing /home/airflow/.local/lib/python3.12/site-packages/airflow/example_dags/example_sensor_decorator.py took 0.169 seconds
[2025-09-29T15:55:31.833+0000] {processor.py:161} INFO - Started process (PID=11624) to work on /home/airflow/.local/lib/python3.12/site-packages/airflow/example_dags/example_sensor_decorator.py
[2025-09-29T15:55:31.836+0000] {processor.py:830} INFO - Processing file /home/airflow/.local/lib/python3.12/site-packages/airflow/example_dags/example_sensor_decorator.py for tasks to queue
[2025-09-29T15:55:31.842+0000] {logging_mixin.py:188} INFO - [2025-09-29T15:55:31.841+0000] {dagbag.py:545} INFO - Filling up the DagBag from /home/airflow/.local/lib/python3.12/site-packages/airflow/example_dags/example_sensor_decorator.py
[2025-09-29T15:55:31.864+0000] {processor.py:840} INFO - DAG(s) 'example_sensor_decorator' retrieved from /home/airflow/.local/lib/python3.12/site-packages/airflow/example_dags/example_sensor_decorator.py
[2025-09-29T15:55:31.933+0000] {logging_mixin.py:188} INFO - [2025-09-29T15:55:31.933+0000] {dag.py:3089} INFO - Sync 1 DAGs
[2025-09-29T15:55:31.972+0000] {logging_mixin.py:188} INFO - [2025-09-29T15:55:31.971+0000] {dag.py:3947} INFO - Setting next_dagrun for example_sensor_decorator to None, run_after=None
[2025-09-29T15:55:32.023+0000] {processor.py:183} INFO - Processing /home/airflow/.local/lib/python3.12/site-packages/airflow/example_dags/example_sensor_decorator.py took 0.213 seconds
[2025-09-29T15:56:02.231+0000] {processor.py:161} INFO - Started process (PID=11886) to work on /home/airflow/.local/lib/python3.12/site-packages/airflow/example_dags/example_sensor_decorator.py
[2025-09-29T15:56:02.234+0000] {processor.py:830} INFO - Processing file /home/airflow/.local/lib/python3.12/site-packages/airflow/example_dags/example_sensor_decorator.py for tasks to queue
[2025-09-29T15:56:02.238+0000] {logging_mixin.py:188} INFO - [2025-09-29T15:56:02.238+0000] {dagbag.py:545} INFO - Filling up the DagBag from /home/airflow/.local/lib/python3.12/site-packages/airflow/example_dags/example_sensor_decorator.py
[2025-09-29T15:56:02.252+0000] {processor.py:840} INFO - DAG(s) 'example_sensor_decorator' retrieved from /home/airflow/.local/lib/python3.12/site-packages/airflow/example_dags/example_sensor_decorator.py
[2025-09-29T15:56:02.304+0000] {logging_mixin.py:188} INFO - [2025-09-29T15:56:02.304+0000] {dag.py:3089} INFO - Sync 1 DAGs
[2025-09-29T15:56:02.337+0000] {logging_mixin.py:188} INFO - [2025-09-29T15:56:02.337+0000] {dag.py:3947} INFO - Setting next_dagrun for example_sensor_decorator to None, run_after=None
[2025-09-29T15:56:02.388+0000] {processor.py:183} INFO - Processing /home/airflow/.local/lib/python3.12/site-packages/airflow/example_dags/example_sensor_decorator.py took 0.173 seconds
[2025-09-29T15:56:32.973+0000] {processor.py:161} INFO - Started process (PID=12148) to work on /home/airflow/.local/lib/python3.12/site-packages/airflow/example_dags/example_sensor_decorator.py
[2025-09-29T15:56:32.975+0000] {processor.py:830} INFO - Processing file /home/airflow/.local/lib/python3.12/site-packages/airflow/example_dags/example_sensor_decorator.py for tasks to queue
[2025-09-29T15:56:32.980+0000] {logging_mixin.py:188} INFO - [2025-09-29T15:56:32.979+0000] {dagbag.py:545} INFO - Filling up the DagBag from /home/airflow/.local/lib/python3.12/site-packages/airflow/example_dags/example_sensor_decorator.py
[2025-09-29T15:56:32.995+0000] {processor.py:840} INFO - DAG(s) 'example_sensor_decorator' retrieved from /home/airflow/.local/lib/python3.12/site-packages/airflow/example_dags/example_sensor_decorator.py
[2025-09-29T15:56:33.053+0000] {logging_mixin.py:188} INFO - [2025-09-29T15:56:33.053+0000] {dag.py:3089} INFO - Sync 1 DAGs
[2025-09-29T15:56:33.086+0000] {logging_mixin.py:188} INFO - [2025-09-29T15:56:33.085+0000] {dag.py:3947} INFO - Setting next_dagrun for example_sensor_decorator to None, run_after=None
[2025-09-29T15:56:33.143+0000] {processor.py:183} INFO - Processing /home/airflow/.local/lib/python3.12/site-packages/airflow/example_dags/example_sensor_decorator.py took 0.187 seconds
[2025-09-29T15:57:03.317+0000] {processor.py:161} INFO - Started process (PID=12410) to work on /home/airflow/.local/lib/python3.12/site-packages/airflow/example_dags/example_sensor_decorator.py
[2025-09-29T15:57:03.318+0000] {processor.py:830} INFO - Processing file /home/airflow/.local/lib/python3.12/site-packages/airflow/example_dags/example_sensor_decorator.py for tasks to queue
[2025-09-29T15:57:03.322+0000] {logging_mixin.py:188} INFO - [2025-09-29T15:57:03.322+0000] {dagbag.py:545} INFO - Filling up the DagBag from /home/airflow/.local/lib/python3.12/site-packages/airflow/example_dags/example_sensor_decorator.py
[2025-09-29T15:57:03.336+0000] {processor.py:840} INFO - DAG(s) 'example_sensor_decorator' retrieved from /home/airflow/.local/lib/python3.12/site-packages/airflow/example_dags/example_sensor_decorator.py
[2025-09-29T15:57:03.394+0000] {logging_mixin.py:188} INFO - [2025-09-29T15:57:03.393+0000] {dag.py:3089} INFO - Sync 1 DAGs
[2025-09-29T15:57:03.424+0000] {logging_mixin.py:188} INFO - [2025-09-29T15:57:03.424+0000] {dag.py:3947} INFO - Setting next_dagrun for example_sensor_decorator to None, run_after=None
[2025-09-29T15:57:03.476+0000] {processor.py:183} INFO - Processing /home/airflow/.local/lib/python3.12/site-packages/airflow/example_dags/example_sensor_decorator.py took 0.175 seconds
[2025-09-29T15:57:33.637+0000] {processor.py:161} INFO - Started process (PID=12672) to work on /home/airflow/.local/lib/python3.12/site-packages/airflow/example_dags/example_sensor_decorator.py
[2025-09-29T15:57:33.640+0000] {processor.py:830} INFO - Processing file /home/airflow/.local/lib/python3.12/site-packages/airflow/example_dags/example_sensor_decorator.py for tasks to queue
[2025-09-29T15:57:33.644+0000] {logging_mixin.py:188} INFO - [2025-09-29T15:57:33.643+0000] {dagbag.py:545} INFO - Filling up the DagBag from /home/airflow/.local/lib/python3.12/site-packages/airflow/example_dags/example_sensor_decorator.py
[2025-09-29T15:57:33.658+0000] {processor.py:840} INFO - DAG(s) 'example_sensor_decorator' retrieved from /home/airflow/.local/lib/python3.12/site-packages/airflow/example_dags/example_sensor_decorator.py
[2025-09-29T15:57:33.717+0000] {logging_mixin.py:188} INFO - [2025-09-29T15:57:33.717+0000] {dag.py:3089} INFO - Sync 1 DAGs
[2025-09-29T15:57:33.749+0000] {logging_mixin.py:188} INFO - [2025-09-29T15:57:33.748+0000] {dag.py:3947} INFO - Setting next_dagrun for example_sensor_decorator to None, run_after=None
[2025-09-29T15:57:33.797+0000] {processor.py:183} INFO - Processing /home/airflow/.local/lib/python3.12/site-packages/airflow/example_dags/example_sensor_decorator.py took 0.177 seconds
[2025-09-29T15:58:04.361+0000] {processor.py:161} INFO - Started process (PID=12934) to work on /home/airflow/.local/lib/python3.12/site-packages/airflow/example_dags/example_sensor_decorator.py
[2025-09-29T15:58:04.364+0000] {processor.py:830} INFO - Processing file /home/airflow/.local/lib/python3.12/site-packages/airflow/example_dags/example_sensor_decorator.py for tasks to queue
[2025-09-29T15:58:04.368+0000] {logging_mixin.py:188} INFO - [2025-09-29T15:58:04.367+0000] {dagbag.py:545} INFO - Filling up the DagBag from /home/airflow/.local/lib/python3.12/site-packages/airflow/example_dags/example_sensor_decorator.py
[2025-09-29T15:58:04.382+0000] {processor.py:840} INFO - DAG(s) 'example_sensor_decorator' retrieved from /home/airflow/.local/lib/python3.12/site-packages/airflow/example_dags/example_sensor_decorator.py
[2025-09-29T15:58:04.436+0000] {logging_mixin.py:188} INFO - [2025-09-29T15:58:04.435+0000] {dag.py:3089} INFO - Sync 1 DAGs
[2025-09-29T15:58:04.464+0000] {logging_mixin.py:188} INFO - [2025-09-29T15:58:04.464+0000] {dag.py:3947} INFO - Setting next_dagrun for example_sensor_decorator to None, run_after=None
[2025-09-29T15:58:04.511+0000] {processor.py:183} INFO - Processing /home/airflow/.local/lib/python3.12/site-packages/airflow/example_dags/example_sensor_decorator.py took 0.164 seconds
[2025-09-29T15:58:35.462+0000] {processor.py:161} INFO - Started process (PID=13196) to work on /home/airflow/.local/lib/python3.12/site-packages/airflow/example_dags/example_sensor_decorator.py
[2025-09-29T15:58:35.464+0000] {processor.py:830} INFO - Processing file /home/airflow/.local/lib/python3.12/site-packages/airflow/example_dags/example_sensor_decorator.py for tasks to queue
[2025-09-29T15:58:35.468+0000] {logging_mixin.py:188} INFO - [2025-09-29T15:58:35.468+0000] {dagbag.py:545} INFO - Filling up the DagBag from /home/airflow/.local/lib/python3.12/site-packages/airflow/example_dags/example_sensor_decorator.py
[2025-09-29T15:58:35.482+0000] {processor.py:840} INFO - DAG(s) 'example_sensor_decorator' retrieved from /home/airflow/.local/lib/python3.12/site-packages/airflow/example_dags/example_sensor_decorator.py
[2025-09-29T15:58:35.535+0000] {logging_mixin.py:188} INFO - [2025-09-29T15:58:35.534+0000] {dag.py:3089} INFO - Sync 1 DAGs
[2025-09-29T15:58:35.564+0000] {logging_mixin.py:188} INFO - [2025-09-29T15:58:35.564+0000] {dag.py:3947} INFO - Setting next_dagrun for example_sensor_decorator to None, run_after=None
[2025-09-29T15:58:35.611+0000] {processor.py:183} INFO - Processing /home/airflow/.local/lib/python3.12/site-packages/airflow/example_dags/example_sensor_decorator.py took 0.164 seconds
[2025-09-29T15:59:06.170+0000] {processor.py:161} INFO - Started process (PID=13458) to work on /home/airflow/.local/lib/python3.12/site-packages/airflow/example_dags/example_sensor_decorator.py
[2025-09-29T15:59:06.173+0000] {processor.py:830} INFO - Processing file /home/airflow/.local/lib/python3.12/site-packages/airflow/example_dags/example_sensor_decorator.py for tasks to queue
[2025-09-29T15:59:06.177+0000] {logging_mixin.py:188} INFO - [2025-09-29T15:59:06.176+0000] {dagbag.py:545} INFO - Filling up the DagBag from /home/airflow/.local/lib/python3.12/site-packages/airflow/example_dags/example_sensor_decorator.py
[2025-09-29T15:59:06.192+0000] {processor.py:840} INFO - DAG(s) 'example_sensor_decorator' retrieved from /home/airflow/.local/lib/python3.12/site-packages/airflow/example_dags/example_sensor_decorator.py
[2025-09-29T15:59:06.251+0000] {logging_mixin.py:188} INFO - [2025-09-29T15:59:06.250+0000] {dag.py:3089} INFO - Sync 1 DAGs
[2025-09-29T15:59:06.285+0000] {logging_mixin.py:188} INFO - [2025-09-29T15:59:06.284+0000] {dag.py:3947} INFO - Setting next_dagrun for example_sensor_decorator to None, run_after=None
[2025-09-29T15:59:06.333+0000] {processor.py:183} INFO - Processing /home/airflow/.local/lib/python3.12/site-packages/airflow/example_dags/example_sensor_decorator.py took 0.178 seconds
[2025-09-29T15:59:36.880+0000] {processor.py:161} INFO - Started process (PID=13716) to work on /home/airflow/.local/lib/python3.12/site-packages/airflow/example_dags/example_sensor_decorator.py
[2025-09-29T15:59:36.883+0000] {processor.py:830} INFO - Processing file /home/airflow/.local/lib/python3.12/site-packages/airflow/example_dags/example_sensor_decorator.py for tasks to queue
[2025-09-29T15:59:36.888+0000] {logging_mixin.py:188} INFO - [2025-09-29T15:59:36.887+0000] {dagbag.py:545} INFO - Filling up the DagBag from /home/airflow/.local/lib/python3.12/site-packages/airflow/example_dags/example_sensor_decorator.py
[2025-09-29T15:59:36.902+0000] {processor.py:840} INFO - DAG(s) 'example_sensor_decorator' retrieved from /home/airflow/.local/lib/python3.12/site-packages/airflow/example_dags/example_sensor_decorator.py
[2025-09-29T15:59:36.955+0000] {logging_mixin.py:188} INFO - [2025-09-29T15:59:36.954+0000] {dag.py:3089} INFO - Sync 1 DAGs
[2025-09-29T15:59:36.983+0000] {logging_mixin.py:188} INFO - [2025-09-29T15:59:36.982+0000] {dag.py:3947} INFO - Setting next_dagrun for example_sensor_decorator to None, run_after=None
[2025-09-29T15:59:37.033+0000] {processor.py:183} INFO - Processing /home/airflow/.local/lib/python3.12/site-packages/airflow/example_dags/example_sensor_decorator.py took 0.166 seconds
[2025-09-29T16:00:07.727+0000] {processor.py:161} INFO - Started process (PID=13982) to work on /home/airflow/.local/lib/python3.12/site-packages/airflow/example_dags/example_sensor_decorator.py
[2025-09-29T16:00:07.730+0000] {processor.py:830} INFO - Processing file /home/airflow/.local/lib/python3.12/site-packages/airflow/example_dags/example_sensor_decorator.py for tasks to queue
[2025-09-29T16:00:07.735+0000] {logging_mixin.py:188} INFO - [2025-09-29T16:00:07.735+0000] {dagbag.py:545} INFO - Filling up the DagBag from /home/airflow/.local/lib/python3.12/site-packages/airflow/example_dags/example_sensor_decorator.py
[2025-09-29T16:00:07.751+0000] {processor.py:840} INFO - DAG(s) 'example_sensor_decorator' retrieved from /home/airflow/.local/lib/python3.12/site-packages/airflow/example_dags/example_sensor_decorator.py
[2025-09-29T16:00:07.807+0000] {logging_mixin.py:188} INFO - [2025-09-29T16:00:07.806+0000] {dag.py:3089} INFO - Sync 1 DAGs
[2025-09-29T16:00:07.841+0000] {logging_mixin.py:188} INFO - [2025-09-29T16:00:07.841+0000] {dag.py:3947} INFO - Setting next_dagrun for example_sensor_decorator to None, run_after=None
[2025-09-29T16:00:07.914+0000] {processor.py:183} INFO - Processing /home/airflow/.local/lib/python3.12/site-packages/airflow/example_dags/example_sensor_decorator.py took 0.204 seconds
[2025-09-29T16:00:38.675+0000] {processor.py:161} INFO - Started process (PID=14238) to work on /home/airflow/.local/lib/python3.12/site-packages/airflow/example_dags/example_sensor_decorator.py
[2025-09-29T16:00:38.678+0000] {processor.py:830} INFO - Processing file /home/airflow/.local/lib/python3.12/site-packages/airflow/example_dags/example_sensor_decorator.py for tasks to queue
[2025-09-29T16:00:38.682+0000] {logging_mixin.py:188} INFO - [2025-09-29T16:00:38.681+0000] {dagbag.py:545} INFO - Filling up the DagBag from /home/airflow/.local/lib/python3.12/site-packages/airflow/example_dags/example_sensor_decorator.py
[2025-09-29T16:00:38.695+0000] {processor.py:840} INFO - DAG(s) 'example_sensor_decorator' retrieved from /home/airflow/.local/lib/python3.12/site-packages/airflow/example_dags/example_sensor_decorator.py
[2025-09-29T16:00:38.751+0000] {logging_mixin.py:188} INFO - [2025-09-29T16:00:38.751+0000] {dag.py:3089} INFO - Sync 1 DAGs
[2025-09-29T16:00:38.781+0000] {logging_mixin.py:188} INFO - [2025-09-29T16:00:38.781+0000] {dag.py:3947} INFO - Setting next_dagrun for example_sensor_decorator to None, run_after=None
[2025-09-29T16:00:38.832+0000] {processor.py:183} INFO - Processing /home/airflow/.local/lib/python3.12/site-packages/airflow/example_dags/example_sensor_decorator.py took 0.171 seconds
[2025-09-29T16:01:09.480+0000] {processor.py:161} INFO - Started process (PID=14500) to work on /home/airflow/.local/lib/python3.12/site-packages/airflow/example_dags/example_sensor_decorator.py
[2025-09-29T16:01:09.483+0000] {processor.py:830} INFO - Processing file /home/airflow/.local/lib/python3.12/site-packages/airflow/example_dags/example_sensor_decorator.py for tasks to queue
[2025-09-29T16:01:09.487+0000] {logging_mixin.py:188} INFO - [2025-09-29T16:01:09.486+0000] {dagbag.py:545} INFO - Filling up the DagBag from /home/airflow/.local/lib/python3.12/site-packages/airflow/example_dags/example_sensor_decorator.py
[2025-09-29T16:01:09.501+0000] {processor.py:840} INFO - DAG(s) 'example_sensor_decorator' retrieved from /home/airflow/.local/lib/python3.12/site-packages/airflow/example_dags/example_sensor_decorator.py
[2025-09-29T16:01:09.556+0000] {logging_mixin.py:188} INFO - [2025-09-29T16:01:09.556+0000] {dag.py:3089} INFO - Sync 1 DAGs
[2025-09-29T16:01:09.584+0000] {logging_mixin.py:188} INFO - [2025-09-29T16:01:09.584+0000] {dag.py:3947} INFO - Setting next_dagrun for example_sensor_decorator to None, run_after=None
[2025-09-29T16:01:09.637+0000] {processor.py:183} INFO - Processing /home/airflow/.local/lib/python3.12/site-packages/airflow/example_dags/example_sensor_decorator.py took 0.172 seconds
[2025-09-29T16:01:40.223+0000] {processor.py:161} INFO - Started process (PID=14762) to work on /home/airflow/.local/lib/python3.12/site-packages/airflow/example_dags/example_sensor_decorator.py
[2025-09-29T16:01:40.226+0000] {processor.py:830} INFO - Processing file /home/airflow/.local/lib/python3.12/site-packages/airflow/example_dags/example_sensor_decorator.py for tasks to queue
[2025-09-29T16:01:40.230+0000] {logging_mixin.py:188} INFO - [2025-09-29T16:01:40.230+0000] {dagbag.py:545} INFO - Filling up the DagBag from /home/airflow/.local/lib/python3.12/site-packages/airflow/example_dags/example_sensor_decorator.py
[2025-09-29T16:01:40.243+0000] {processor.py:840} INFO - DAG(s) 'example_sensor_decorator' retrieved from /home/airflow/.local/lib/python3.12/site-packages/airflow/example_dags/example_sensor_decorator.py
[2025-09-29T16:01:40.299+0000] {logging_mixin.py:188} INFO - [2025-09-29T16:01:40.298+0000] {dag.py:3089} INFO - Sync 1 DAGs
[2025-09-29T16:01:40.345+0000] {logging_mixin.py:188} INFO - [2025-09-29T16:01:40.345+0000] {dag.py:3947} INFO - Setting next_dagrun for example_sensor_decorator to None, run_after=None
[2025-09-29T16:01:40.396+0000] {processor.py:183} INFO - Processing /home/airflow/.local/lib/python3.12/site-packages/airflow/example_dags/example_sensor_decorator.py took 0.189 seconds
[2025-09-29T16:02:10.930+0000] {processor.py:161} INFO - Started process (PID=15024) to work on /home/airflow/.local/lib/python3.12/site-packages/airflow/example_dags/example_sensor_decorator.py
[2025-09-29T16:02:10.933+0000] {processor.py:830} INFO - Processing file /home/airflow/.local/lib/python3.12/site-packages/airflow/example_dags/example_sensor_decorator.py for tasks to queue
[2025-09-29T16:02:10.937+0000] {logging_mixin.py:188} INFO - [2025-09-29T16:02:10.936+0000] {dagbag.py:545} INFO - Filling up the DagBag from /home/airflow/.local/lib/python3.12/site-packages/airflow/example_dags/example_sensor_decorator.py
[2025-09-29T16:02:10.951+0000] {processor.py:840} INFO - DAG(s) 'example_sensor_decorator' retrieved from /home/airflow/.local/lib/python3.12/site-packages/airflow/example_dags/example_sensor_decorator.py
[2025-09-29T16:02:11.015+0000] {logging_mixin.py:188} INFO - [2025-09-29T16:02:11.015+0000] {dag.py:3089} INFO - Sync 1 DAGs
[2025-09-29T16:02:11.046+0000] {logging_mixin.py:188} INFO - [2025-09-29T16:02:11.045+0000] {dag.py:3947} INFO - Setting next_dagrun for example_sensor_decorator to None, run_after=None
[2025-09-29T16:02:11.098+0000] {processor.py:183} INFO - Processing /home/airflow/.local/lib/python3.12/site-packages/airflow/example_dags/example_sensor_decorator.py took 0.183 seconds
[2025-09-29T16:02:41.841+0000] {processor.py:161} INFO - Started process (PID=15286) to work on /home/airflow/.local/lib/python3.12/site-packages/airflow/example_dags/example_sensor_decorator.py
[2025-09-29T16:02:41.845+0000] {processor.py:830} INFO - Processing file /home/airflow/.local/lib/python3.12/site-packages/airflow/example_dags/example_sensor_decorator.py for tasks to queue
[2025-09-29T16:02:41.851+0000] {logging_mixin.py:188} INFO - [2025-09-29T16:02:41.850+0000] {dagbag.py:545} INFO - Filling up the DagBag from /home/airflow/.local/lib/python3.12/site-packages/airflow/example_dags/example_sensor_decorator.py
[2025-09-29T16:02:41.871+0000] {processor.py:840} INFO - DAG(s) 'example_sensor_decorator' retrieved from /home/airflow/.local/lib/python3.12/site-packages/airflow/example_dags/example_sensor_decorator.py
[2025-09-29T16:02:41.934+0000] {logging_mixin.py:188} INFO - [2025-09-29T16:02:41.933+0000] {dag.py:3089} INFO - Sync 1 DAGs
[2025-09-29T16:02:41.966+0000] {logging_mixin.py:188} INFO - [2025-09-29T16:02:41.965+0000] {dag.py:3947} INFO - Setting next_dagrun for example_sensor_decorator to None, run_after=None
[2025-09-29T16:02:42.017+0000] {processor.py:183} INFO - Processing /home/airflow/.local/lib/python3.12/site-packages/airflow/example_dags/example_sensor_decorator.py took 0.199 seconds
[2025-09-29T16:03:12.104+0000] {processor.py:161} INFO - Started process (PID=15545) to work on /home/airflow/.local/lib/python3.12/site-packages/airflow/example_dags/example_sensor_decorator.py
[2025-09-29T16:03:12.106+0000] {processor.py:830} INFO - Processing file /home/airflow/.local/lib/python3.12/site-packages/airflow/example_dags/example_sensor_decorator.py for tasks to queue
[2025-09-29T16:03:12.110+0000] {logging_mixin.py:188} INFO - [2025-09-29T16:03:12.110+0000] {dagbag.py:545} INFO - Filling up the DagBag from /home/airflow/.local/lib/python3.12/site-packages/airflow/example_dags/example_sensor_decorator.py
[2025-09-29T16:03:12.125+0000] {processor.py:840} INFO - DAG(s) 'example_sensor_decorator' retrieved from /home/airflow/.local/lib/python3.12/site-packages/airflow/example_dags/example_sensor_decorator.py
[2025-09-29T16:03:12.182+0000] {logging_mixin.py:188} INFO - [2025-09-29T16:03:12.181+0000] {dag.py:3089} INFO - Sync 1 DAGs
[2025-09-29T16:03:12.211+0000] {logging_mixin.py:188} INFO - [2025-09-29T16:03:12.211+0000] {dag.py:3947} INFO - Setting next_dagrun for example_sensor_decorator to None, run_after=None
[2025-09-29T16:03:12.263+0000] {processor.py:183} INFO - Processing /home/airflow/.local/lib/python3.12/site-packages/airflow/example_dags/example_sensor_decorator.py took 0.175 seconds
[2025-09-29T16:03:42.887+0000] {processor.py:161} INFO - Started process (PID=15810) to work on /home/airflow/.local/lib/python3.12/site-packages/airflow/example_dags/example_sensor_decorator.py
[2025-09-29T16:03:42.890+0000] {processor.py:830} INFO - Processing file /home/airflow/.local/lib/python3.12/site-packages/airflow/example_dags/example_sensor_decorator.py for tasks to queue
[2025-09-29T16:03:42.894+0000] {logging_mixin.py:188} INFO - [2025-09-29T16:03:42.894+0000] {dagbag.py:545} INFO - Filling up the DagBag from /home/airflow/.local/lib/python3.12/site-packages/airflow/example_dags/example_sensor_decorator.py
[2025-09-29T16:03:42.908+0000] {processor.py:840} INFO - DAG(s) 'example_sensor_decorator' retrieved from /home/airflow/.local/lib/python3.12/site-packages/airflow/example_dags/example_sensor_decorator.py
[2025-09-29T16:03:42.968+0000] {logging_mixin.py:188} INFO - [2025-09-29T16:03:42.968+0000] {dag.py:3089} INFO - Sync 1 DAGs
[2025-09-29T16:03:42.996+0000] {logging_mixin.py:188} INFO - [2025-09-29T16:03:42.995+0000] {dag.py:3947} INFO - Setting next_dagrun for example_sensor_decorator to None, run_after=None
[2025-09-29T16:03:43.044+0000] {processor.py:183} INFO - Processing /home/airflow/.local/lib/python3.12/site-packages/airflow/example_dags/example_sensor_decorator.py took 0.173 seconds
[2025-09-29T16:04:13.325+0000] {processor.py:161} INFO - Started process (PID=16072) to work on /home/airflow/.local/lib/python3.12/site-packages/airflow/example_dags/example_sensor_decorator.py
[2025-09-29T16:04:13.327+0000] {processor.py:830} INFO - Processing file /home/airflow/.local/lib/python3.12/site-packages/airflow/example_dags/example_sensor_decorator.py for tasks to queue
[2025-09-29T16:04:13.331+0000] {logging_mixin.py:188} INFO - [2025-09-29T16:04:13.330+0000] {dagbag.py:545} INFO - Filling up the DagBag from /home/airflow/.local/lib/python3.12/site-packages/airflow/example_dags/example_sensor_decorator.py
[2025-09-29T16:04:13.345+0000] {processor.py:840} INFO - DAG(s) 'example_sensor_decorator' retrieved from /home/airflow/.local/lib/python3.12/site-packages/airflow/example_dags/example_sensor_decorator.py
[2025-09-29T16:04:13.399+0000] {logging_mixin.py:188} INFO - [2025-09-29T16:04:13.399+0000] {dag.py:3089} INFO - Sync 1 DAGs
[2025-09-29T16:04:13.429+0000] {logging_mixin.py:188} INFO - [2025-09-29T16:04:13.428+0000] {dag.py:3947} INFO - Setting next_dagrun for example_sensor_decorator to None, run_after=None
[2025-09-29T16:04:13.478+0000] {processor.py:183} INFO - Processing /home/airflow/.local/lib/python3.12/site-packages/airflow/example_dags/example_sensor_decorator.py took 0.168 seconds
[2025-09-29T16:04:44.032+0000] {processor.py:161} INFO - Started process (PID=16334) to work on /home/airflow/.local/lib/python3.12/site-packages/airflow/example_dags/example_sensor_decorator.py
[2025-09-29T16:04:44.035+0000] {processor.py:830} INFO - Processing file /home/airflow/.local/lib/python3.12/site-packages/airflow/example_dags/example_sensor_decorator.py for tasks to queue
[2025-09-29T16:04:44.039+0000] {logging_mixin.py:188} INFO - [2025-09-29T16:04:44.039+0000] {dagbag.py:545} INFO - Filling up the DagBag from /home/airflow/.local/lib/python3.12/site-packages/airflow/example_dags/example_sensor_decorator.py
[2025-09-29T16:04:44.055+0000] {processor.py:840} INFO - DAG(s) 'example_sensor_decorator' retrieved from /home/airflow/.local/lib/python3.12/site-packages/airflow/example_dags/example_sensor_decorator.py
[2025-09-29T16:04:44.109+0000] {logging_mixin.py:188} INFO - [2025-09-29T16:04:44.109+0000] {dag.py:3089} INFO - Sync 1 DAGs
[2025-09-29T16:04:44.137+0000] {logging_mixin.py:188} INFO - [2025-09-29T16:04:44.137+0000] {dag.py:3947} INFO - Setting next_dagrun for example_sensor_decorator to None, run_after=None
[2025-09-29T16:04:44.186+0000] {processor.py:183} INFO - Processing /home/airflow/.local/lib/python3.12/site-packages/airflow/example_dags/example_sensor_decorator.py took 0.169 seconds
[2025-09-29T16:05:14.624+0000] {processor.py:161} INFO - Started process (PID=16596) to work on /home/airflow/.local/lib/python3.12/site-packages/airflow/example_dags/example_sensor_decorator.py
[2025-09-29T16:05:14.627+0000] {processor.py:830} INFO - Processing file /home/airflow/.local/lib/python3.12/site-packages/airflow/example_dags/example_sensor_decorator.py for tasks to queue
[2025-09-29T16:05:14.631+0000] {logging_mixin.py:188} INFO - [2025-09-29T16:05:14.630+0000] {dagbag.py:545} INFO - Filling up the DagBag from /home/airflow/.local/lib/python3.12/site-packages/airflow/example_dags/example_sensor_decorator.py
[2025-09-29T16:05:14.646+0000] {processor.py:840} INFO - DAG(s) 'example_sensor_decorator' retrieved from /home/airflow/.local/lib/python3.12/site-packages/airflow/example_dags/example_sensor_decorator.py
[2025-09-29T16:05:14.710+0000] {logging_mixin.py:188} INFO - [2025-09-29T16:05:14.710+0000] {dag.py:3089} INFO - Sync 1 DAGs
[2025-09-29T16:05:14.742+0000] {logging_mixin.py:188} INFO - [2025-09-29T16:05:14.741+0000] {dag.py:3947} INFO - Setting next_dagrun for example_sensor_decorator to None, run_after=None
[2025-09-29T16:05:14.792+0000] {processor.py:183} INFO - Processing /home/airflow/.local/lib/python3.12/site-packages/airflow/example_dags/example_sensor_decorator.py took 0.183 seconds
[2025-09-29T16:05:45.100+0000] {processor.py:161} INFO - Started process (PID=16858) to work on /home/airflow/.local/lib/python3.12/site-packages/airflow/example_dags/example_sensor_decorator.py
[2025-09-29T16:05:45.103+0000] {processor.py:830} INFO - Processing file /home/airflow/.local/lib/python3.12/site-packages/airflow/example_dags/example_sensor_decorator.py for tasks to queue
[2025-09-29T16:05:45.107+0000] {logging_mixin.py:188} INFO - [2025-09-29T16:05:45.106+0000] {dagbag.py:545} INFO - Filling up the DagBag from /home/airflow/.local/lib/python3.12/site-packages/airflow/example_dags/example_sensor_decorator.py
[2025-09-29T16:05:45.121+0000] {processor.py:840} INFO - DAG(s) 'example_sensor_decorator' retrieved from /home/airflow/.local/lib/python3.12/site-packages/airflow/example_dags/example_sensor_decorator.py
[2025-09-29T16:05:45.176+0000] {logging_mixin.py:188} INFO - [2025-09-29T16:05:45.175+0000] {dag.py:3089} INFO - Sync 1 DAGs
[2025-09-29T16:05:45.204+0000] {logging_mixin.py:188} INFO - [2025-09-29T16:05:45.203+0000] {dag.py:3947} INFO - Setting next_dagrun for example_sensor_decorator to None, run_after=None
[2025-09-29T16:05:45.253+0000] {processor.py:183} INFO - Processing /home/airflow/.local/lib/python3.12/site-packages/airflow/example_dags/example_sensor_decorator.py took 0.168 seconds
[2025-09-29T16:06:15.869+0000] {processor.py:161} INFO - Started process (PID=17120) to work on /home/airflow/.local/lib/python3.12/site-packages/airflow/example_dags/example_sensor_decorator.py
[2025-09-29T16:06:15.872+0000] {processor.py:830} INFO - Processing file /home/airflow/.local/lib/python3.12/site-packages/airflow/example_dags/example_sensor_decorator.py for tasks to queue
[2025-09-29T16:06:15.876+0000] {logging_mixin.py:188} INFO - [2025-09-29T16:06:15.875+0000] {dagbag.py:545} INFO - Filling up the DagBag from /home/airflow/.local/lib/python3.12/site-packages/airflow/example_dags/example_sensor_decorator.py
[2025-09-29T16:06:15.891+0000] {processor.py:840} INFO - DAG(s) 'example_sensor_decorator' retrieved from /home/airflow/.local/lib/python3.12/site-packages/airflow/example_dags/example_sensor_decorator.py
[2025-09-29T16:06:15.946+0000] {logging_mixin.py:188} INFO - [2025-09-29T16:06:15.946+0000] {dag.py:3089} INFO - Sync 1 DAGs
[2025-09-29T16:06:15.975+0000] {logging_mixin.py:188} INFO - [2025-09-29T16:06:15.975+0000] {dag.py:3947} INFO - Setting next_dagrun for example_sensor_decorator to None, run_after=None
[2025-09-29T16:06:16.022+0000] {processor.py:183} INFO - Processing /home/airflow/.local/lib/python3.12/site-packages/airflow/example_dags/example_sensor_decorator.py took 0.172 seconds
[2025-09-29T16:06:46.364+0000] {processor.py:161} INFO - Started process (PID=17392) to work on /home/airflow/.local/lib/python3.12/site-packages/airflow/example_dags/example_sensor_decorator.py
[2025-09-29T16:06:46.366+0000] {processor.py:830} INFO - Processing file /home/airflow/.local/lib/python3.12/site-packages/airflow/example_dags/example_sensor_decorator.py for tasks to queue
[2025-09-29T16:06:46.371+0000] {logging_mixin.py:188} INFO - [2025-09-29T16:06:46.370+0000] {dagbag.py:545} INFO - Filling up the DagBag from /home/airflow/.local/lib/python3.12/site-packages/airflow/example_dags/example_sensor_decorator.py
[2025-09-29T16:06:46.387+0000] {processor.py:840} INFO - DAG(s) 'example_sensor_decorator' retrieved from /home/airflow/.local/lib/python3.12/site-packages/airflow/example_dags/example_sensor_decorator.py
[2025-09-29T16:06:46.446+0000] {logging_mixin.py:188} INFO - [2025-09-29T16:06:46.446+0000] {dag.py:3089} INFO - Sync 1 DAGs
[2025-09-29T16:06:46.476+0000] {logging_mixin.py:188} INFO - [2025-09-29T16:06:46.475+0000] {dag.py:3947} INFO - Setting next_dagrun for example_sensor_decorator to None, run_after=None
[2025-09-29T16:06:46.523+0000] {processor.py:183} INFO - Processing /home/airflow/.local/lib/python3.12/site-packages/airflow/example_dags/example_sensor_decorator.py took 0.178 seconds
[2025-09-29T16:07:16.882+0000] {processor.py:161} INFO - Started process (PID=17654) to work on /home/airflow/.local/lib/python3.12/site-packages/airflow/example_dags/example_sensor_decorator.py
[2025-09-29T16:07:16.886+0000] {processor.py:830} INFO - Processing file /home/airflow/.local/lib/python3.12/site-packages/airflow/example_dags/example_sensor_decorator.py for tasks to queue
[2025-09-29T16:07:16.891+0000] {logging_mixin.py:188} INFO - [2025-09-29T16:07:16.890+0000] {dagbag.py:545} INFO - Filling up the DagBag from /home/airflow/.local/lib/python3.12/site-packages/airflow/example_dags/example_sensor_decorator.py
[2025-09-29T16:07:16.905+0000] {processor.py:840} INFO - DAG(s) 'example_sensor_decorator' retrieved from /home/airflow/.local/lib/python3.12/site-packages/airflow/example_dags/example_sensor_decorator.py
[2025-09-29T16:07:16.961+0000] {logging_mixin.py:188} INFO - [2025-09-29T16:07:16.961+0000] {dag.py:3089} INFO - Sync 1 DAGs
[2025-09-29T16:07:16.992+0000] {logging_mixin.py:188} INFO - [2025-09-29T16:07:16.992+0000] {dag.py:3947} INFO - Setting next_dagrun for example_sensor_decorator to None, run_after=None
[2025-09-29T16:07:17.040+0000] {processor.py:183} INFO - Processing /home/airflow/.local/lib/python3.12/site-packages/airflow/example_dags/example_sensor_decorator.py took 0.172 seconds
[2025-09-29T16:07:47.301+0000] {processor.py:161} INFO - Started process (PID=17916) to work on /home/airflow/.local/lib/python3.12/site-packages/airflow/example_dags/example_sensor_decorator.py
[2025-09-29T16:07:47.304+0000] {processor.py:830} INFO - Processing file /home/airflow/.local/lib/python3.12/site-packages/airflow/example_dags/example_sensor_decorator.py for tasks to queue
[2025-09-29T16:07:47.308+0000] {logging_mixin.py:188} INFO - [2025-09-29T16:07:47.307+0000] {dagbag.py:545} INFO - Filling up the DagBag from /home/airflow/.local/lib/python3.12/site-packages/airflow/example_dags/example_sensor_decorator.py
[2025-09-29T16:07:47.322+0000] {processor.py:840} INFO - DAG(s) 'example_sensor_decorator' retrieved from /home/airflow/.local/lib/python3.12/site-packages/airflow/example_dags/example_sensor_decorator.py
[2025-09-29T16:07:47.376+0000] {logging_mixin.py:188} INFO - [2025-09-29T16:07:47.376+0000] {dag.py:3089} INFO - Sync 1 DAGs
[2025-09-29T16:07:47.410+0000] {logging_mixin.py:188} INFO - [2025-09-29T16:07:47.410+0000] {dag.py:3947} INFO - Setting next_dagrun for example_sensor_decorator to None, run_after=None
[2025-09-29T16:07:47.463+0000] {processor.py:183} INFO - Processing /home/airflow/.local/lib/python3.12/site-packages/airflow/example_dags/example_sensor_decorator.py took 0.178 seconds
[2025-09-29T16:08:17.634+0000] {processor.py:161} INFO - Started process (PID=18178) to work on /home/airflow/.local/lib/python3.12/site-packages/airflow/example_dags/example_sensor_decorator.py
[2025-09-29T16:08:17.637+0000] {processor.py:830} INFO - Processing file /home/airflow/.local/lib/python3.12/site-packages/airflow/example_dags/example_sensor_decorator.py for tasks to queue
[2025-09-29T16:08:17.641+0000] {logging_mixin.py:188} INFO - [2025-09-29T16:08:17.640+0000] {dagbag.py:545} INFO - Filling up the DagBag from /home/airflow/.local/lib/python3.12/site-packages/airflow/example_dags/example_sensor_decorator.py
[2025-09-29T16:08:17.656+0000] {processor.py:840} INFO - DAG(s) 'example_sensor_decorator' retrieved from /home/airflow/.local/lib/python3.12/site-packages/airflow/example_dags/example_sensor_decorator.py
[2025-09-29T16:08:17.715+0000] {logging_mixin.py:188} INFO - [2025-09-29T16:08:17.714+0000] {dag.py:3089} INFO - Sync 1 DAGs
[2025-09-29T16:08:17.745+0000] {logging_mixin.py:188} INFO - [2025-09-29T16:08:17.745+0000] {dag.py:3947} INFO - Setting next_dagrun for example_sensor_decorator to None, run_after=None
[2025-09-29T16:08:17.796+0000] {processor.py:183} INFO - Processing /home/airflow/.local/lib/python3.12/site-packages/airflow/example_dags/example_sensor_decorator.py took 0.178 seconds
[2025-09-29T16:08:49.220+0000] {processor.py:161} INFO - Started process (PID=18435) to work on /home/airflow/.local/lib/python3.12/site-packages/airflow/example_dags/example_sensor_decorator.py
[2025-09-29T16:08:49.223+0000] {processor.py:830} INFO - Processing file /home/airflow/.local/lib/python3.12/site-packages/airflow/example_dags/example_sensor_decorator.py for tasks to queue
[2025-09-29T16:08:49.227+0000] {logging_mixin.py:188} INFO - [2025-09-29T16:08:49.226+0000] {dagbag.py:545} INFO - Filling up the DagBag from /home/airflow/.local/lib/python3.12/site-packages/airflow/example_dags/example_sensor_decorator.py
[2025-09-29T16:08:49.242+0000] {processor.py:840} INFO - DAG(s) 'example_sensor_decorator' retrieved from /home/airflow/.local/lib/python3.12/site-packages/airflow/example_dags/example_sensor_decorator.py
[2025-09-29T16:08:49.305+0000] {logging_mixin.py:188} INFO - [2025-09-29T16:08:49.304+0000] {dag.py:3089} INFO - Sync 1 DAGs
[2025-09-29T16:08:49.338+0000] {logging_mixin.py:188} INFO - [2025-09-29T16:08:49.337+0000] {dag.py:3947} INFO - Setting next_dagrun for example_sensor_decorator to None, run_after=None
[2025-09-29T16:08:49.391+0000] {processor.py:183} INFO - Processing /home/airflow/.local/lib/python3.12/site-packages/airflow/example_dags/example_sensor_decorator.py took 0.186 seconds
[2025-09-29T16:09:19.994+0000] {processor.py:161} INFO - Started process (PID=18696) to work on /home/airflow/.local/lib/python3.12/site-packages/airflow/example_dags/example_sensor_decorator.py
[2025-09-29T16:09:19.997+0000] {processor.py:830} INFO - Processing file /home/airflow/.local/lib/python3.12/site-packages/airflow/example_dags/example_sensor_decorator.py for tasks to queue
[2025-09-29T16:09:20.001+0000] {logging_mixin.py:188} INFO - [2025-09-29T16:09:20.001+0000] {dagbag.py:545} INFO - Filling up the DagBag from /home/airflow/.local/lib/python3.12/site-packages/airflow/example_dags/example_sensor_decorator.py
[2025-09-29T16:09:20.016+0000] {processor.py:840} INFO - DAG(s) 'example_sensor_decorator' retrieved from /home/airflow/.local/lib/python3.12/site-packages/airflow/example_dags/example_sensor_decorator.py
[2025-09-29T16:09:20.071+0000] {logging_mixin.py:188} INFO - [2025-09-29T16:09:20.071+0000] {dag.py:3089} INFO - Sync 1 DAGs
[2025-09-29T16:09:20.101+0000] {logging_mixin.py:188} INFO - [2025-09-29T16:09:20.100+0000] {dag.py:3947} INFO - Setting next_dagrun for example_sensor_decorator to None, run_after=None
[2025-09-29T16:09:20.163+0000] {processor.py:183} INFO - Processing /home/airflow/.local/lib/python3.12/site-packages/airflow/example_dags/example_sensor_decorator.py took 0.187 seconds
[2025-09-29T16:09:50.563+0000] {processor.py:161} INFO - Started process (PID=18952) to work on /home/airflow/.local/lib/python3.12/site-packages/airflow/example_dags/example_sensor_decorator.py
[2025-09-29T16:09:50.565+0000] {processor.py:830} INFO - Processing file /home/airflow/.local/lib/python3.12/site-packages/airflow/example_dags/example_sensor_decorator.py for tasks to queue
[2025-09-29T16:09:50.570+0000] {logging_mixin.py:188} INFO - [2025-09-29T16:09:50.569+0000] {dagbag.py:545} INFO - Filling up the DagBag from /home/airflow/.local/lib/python3.12/site-packages/airflow/example_dags/example_sensor_decorator.py
[2025-09-29T16:09:50.586+0000] {processor.py:840} INFO - DAG(s) 'example_sensor_decorator' retrieved from /home/airflow/.local/lib/python3.12/site-packages/airflow/example_dags/example_sensor_decorator.py
[2025-09-29T16:09:50.641+0000] {logging_mixin.py:188} INFO - [2025-09-29T16:09:50.641+0000] {dag.py:3089} INFO - Sync 1 DAGs
[2025-09-29T16:09:50.671+0000] {logging_mixin.py:188} INFO - [2025-09-29T16:09:50.671+0000] {dag.py:3947} INFO - Setting next_dagrun for example_sensor_decorator to None, run_after=None
[2025-09-29T16:09:50.720+0000] {processor.py:183} INFO - Processing /home/airflow/.local/lib/python3.12/site-packages/airflow/example_dags/example_sensor_decorator.py took 0.173 seconds
[2025-09-29T16:10:21.215+0000] {processor.py:161} INFO - Started process (PID=19213) to work on /home/airflow/.local/lib/python3.12/site-packages/airflow/example_dags/example_sensor_decorator.py
[2025-09-29T16:10:21.250+0000] {processor.py:830} INFO - Processing file /home/airflow/.local/lib/python3.12/site-packages/airflow/example_dags/example_sensor_decorator.py for tasks to queue
[2025-09-29T16:10:21.255+0000] {logging_mixin.py:188} INFO - [2025-09-29T16:10:21.254+0000] {dagbag.py:545} INFO - Filling up the DagBag from /home/airflow/.local/lib/python3.12/site-packages/airflow/example_dags/example_sensor_decorator.py
[2025-09-29T16:10:21.269+0000] {processor.py:840} INFO - DAG(s) 'example_sensor_decorator' retrieved from /home/airflow/.local/lib/python3.12/site-packages/airflow/example_dags/example_sensor_decorator.py
[2025-09-29T16:10:21.322+0000] {logging_mixin.py:188} INFO - [2025-09-29T16:10:21.322+0000] {dag.py:3089} INFO - Sync 1 DAGs
[2025-09-29T16:10:21.351+0000] {logging_mixin.py:188} INFO - [2025-09-29T16:10:21.351+0000] {dag.py:3947} INFO - Setting next_dagrun for example_sensor_decorator to None, run_after=None
[2025-09-29T16:10:21.487+0000] {processor.py:183} INFO - Processing /home/airflow/.local/lib/python3.12/site-packages/airflow/example_dags/example_sensor_decorator.py took 0.287 seconds
[2025-09-29T16:10:51.693+0000] {processor.py:161} INFO - Started process (PID=19474) to work on /home/airflow/.local/lib/python3.12/site-packages/airflow/example_dags/example_sensor_decorator.py
[2025-09-29T16:10:51.696+0000] {processor.py:830} INFO - Processing file /home/airflow/.local/lib/python3.12/site-packages/airflow/example_dags/example_sensor_decorator.py for tasks to queue
[2025-09-29T16:10:51.698+0000] {logging_mixin.py:188} INFO - [2025-09-29T16:10:51.697+0000] {dagbag.py:545} INFO - Filling up the DagBag from /home/airflow/.local/lib/python3.12/site-packages/airflow/example_dags/example_sensor_decorator.py
[2025-09-29T16:10:51.712+0000] {processor.py:840} INFO - DAG(s) 'example_sensor_decorator' retrieved from /home/airflow/.local/lib/python3.12/site-packages/airflow/example_dags/example_sensor_decorator.py
[2025-09-29T16:10:51.769+0000] {logging_mixin.py:188} INFO - [2025-09-29T16:10:51.768+0000] {dag.py:3089} INFO - Sync 1 DAGs
[2025-09-29T16:10:51.798+0000] {logging_mixin.py:188} INFO - [2025-09-29T16:10:51.797+0000] {dag.py:3947} INFO - Setting next_dagrun for example_sensor_decorator to None, run_after=None
[2025-09-29T16:10:51.845+0000] {processor.py:183} INFO - Processing /home/airflow/.local/lib/python3.12/site-packages/airflow/example_dags/example_sensor_decorator.py took 0.168 seconds
[2025-09-29T16:11:22.524+0000] {processor.py:161} INFO - Started process (PID=19735) to work on /home/airflow/.local/lib/python3.12/site-packages/airflow/example_dags/example_sensor_decorator.py
[2025-09-29T16:11:22.528+0000] {processor.py:830} INFO - Processing file /home/airflow/.local/lib/python3.12/site-packages/airflow/example_dags/example_sensor_decorator.py for tasks to queue
[2025-09-29T16:11:22.530+0000] {logging_mixin.py:188} INFO - [2025-09-29T16:11:22.529+0000] {dagbag.py:545} INFO - Filling up the DagBag from /home/airflow/.local/lib/python3.12/site-packages/airflow/example_dags/example_sensor_decorator.py
[2025-09-29T16:11:22.544+0000] {processor.py:840} INFO - DAG(s) 'example_sensor_decorator' retrieved from /home/airflow/.local/lib/python3.12/site-packages/airflow/example_dags/example_sensor_decorator.py
[2025-09-29T16:11:22.599+0000] {logging_mixin.py:188} INFO - [2025-09-29T16:11:22.598+0000] {dag.py:3089} INFO - Sync 1 DAGs
[2025-09-29T16:11:22.629+0000] {logging_mixin.py:188} INFO - [2025-09-29T16:11:22.628+0000] {dag.py:3947} INFO - Setting next_dagrun for example_sensor_decorator to None, run_after=None
[2025-09-29T16:11:22.673+0000] {processor.py:183} INFO - Processing /home/airflow/.local/lib/python3.12/site-packages/airflow/example_dags/example_sensor_decorator.py took 0.165 seconds
[2025-09-29T16:11:53.302+0000] {processor.py:161} INFO - Started process (PID=19996) to work on /home/airflow/.local/lib/python3.12/site-packages/airflow/example_dags/example_sensor_decorator.py
[2025-09-29T16:11:53.304+0000] {processor.py:830} INFO - Processing file /home/airflow/.local/lib/python3.12/site-packages/airflow/example_dags/example_sensor_decorator.py for tasks to queue
[2025-09-29T16:11:53.306+0000] {logging_mixin.py:188} INFO - [2025-09-29T16:11:53.305+0000] {dagbag.py:545} INFO - Filling up the DagBag from /home/airflow/.local/lib/python3.12/site-packages/airflow/example_dags/example_sensor_decorator.py
[2025-09-29T16:11:53.323+0000] {processor.py:840} INFO - DAG(s) 'example_sensor_decorator' retrieved from /home/airflow/.local/lib/python3.12/site-packages/airflow/example_dags/example_sensor_decorator.py
[2025-09-29T16:11:53.382+0000] {logging_mixin.py:188} INFO - [2025-09-29T16:11:53.382+0000] {dag.py:3089} INFO - Sync 1 DAGs
[2025-09-29T16:11:53.414+0000] {logging_mixin.py:188} INFO - [2025-09-29T16:11:53.413+0000] {dag.py:3947} INFO - Setting next_dagrun for example_sensor_decorator to None, run_after=None
[2025-09-29T16:11:53.468+0000] {processor.py:183} INFO - Processing /home/airflow/.local/lib/python3.12/site-packages/airflow/example_dags/example_sensor_decorator.py took 0.182 seconds
[2025-09-29T16:12:24.301+0000] {processor.py:161} INFO - Started process (PID=20257) to work on /home/airflow/.local/lib/python3.12/site-packages/airflow/example_dags/example_sensor_decorator.py
[2025-09-29T16:12:24.303+0000] {processor.py:830} INFO - Processing file /home/airflow/.local/lib/python3.12/site-packages/airflow/example_dags/example_sensor_decorator.py for tasks to queue
[2025-09-29T16:12:24.306+0000] {logging_mixin.py:188} INFO - [2025-09-29T16:12:24.305+0000] {dagbag.py:545} INFO - Filling up the DagBag from /home/airflow/.local/lib/python3.12/site-packages/airflow/example_dags/example_sensor_decorator.py
[2025-09-29T16:12:24.320+0000] {processor.py:840} INFO - DAG(s) 'example_sensor_decorator' retrieved from /home/airflow/.local/lib/python3.12/site-packages/airflow/example_dags/example_sensor_decorator.py
[2025-09-29T16:12:24.375+0000] {logging_mixin.py:188} INFO - [2025-09-29T16:12:24.374+0000] {dag.py:3089} INFO - Sync 1 DAGs
[2025-09-29T16:12:24.404+0000] {logging_mixin.py:188} INFO - [2025-09-29T16:12:24.404+0000] {dag.py:3947} INFO - Setting next_dagrun for example_sensor_decorator to None, run_after=None
[2025-09-29T16:12:24.456+0000] {processor.py:183} INFO - Processing /home/airflow/.local/lib/python3.12/site-packages/airflow/example_dags/example_sensor_decorator.py took 0.172 seconds
[2025-09-29T16:12:54.875+0000] {processor.py:161} INFO - Started process (PID=20518) to work on /home/airflow/.local/lib/python3.12/site-packages/airflow/example_dags/example_sensor_decorator.py
[2025-09-29T16:12:54.879+0000] {processor.py:830} INFO - Processing file /home/airflow/.local/lib/python3.12/site-packages/airflow/example_dags/example_sensor_decorator.py for tasks to queue
[2025-09-29T16:12:54.881+0000] {logging_mixin.py:188} INFO - [2025-09-29T16:12:54.880+0000] {dagbag.py:545} INFO - Filling up the DagBag from /home/airflow/.local/lib/python3.12/site-packages/airflow/example_dags/example_sensor_decorator.py
[2025-09-29T16:12:54.900+0000] {processor.py:840} INFO - DAG(s) 'example_sensor_decorator' retrieved from /home/airflow/.local/lib/python3.12/site-packages/airflow/example_dags/example_sensor_decorator.py
[2025-09-29T16:12:54.975+0000] {logging_mixin.py:188} INFO - [2025-09-29T16:12:54.975+0000] {dag.py:3089} INFO - Sync 1 DAGs
[2025-09-29T16:12:55.013+0000] {logging_mixin.py:188} INFO - [2025-09-29T16:12:55.012+0000] {dag.py:3947} INFO - Setting next_dagrun for example_sensor_decorator to None, run_after=None
[2025-09-29T16:12:55.068+0000] {processor.py:183} INFO - Processing /home/airflow/.local/lib/python3.12/site-packages/airflow/example_dags/example_sensor_decorator.py took 0.215 seconds
[2025-09-29T16:13:25.380+0000] {processor.py:161} INFO - Started process (PID=20779) to work on /home/airflow/.local/lib/python3.12/site-packages/airflow/example_dags/example_sensor_decorator.py
[2025-09-29T16:13:25.383+0000] {processor.py:830} INFO - Processing file /home/airflow/.local/lib/python3.12/site-packages/airflow/example_dags/example_sensor_decorator.py for tasks to queue
[2025-09-29T16:13:25.385+0000] {logging_mixin.py:188} INFO - [2025-09-29T16:13:25.384+0000] {dagbag.py:545} INFO - Filling up the DagBag from /home/airflow/.local/lib/python3.12/site-packages/airflow/example_dags/example_sensor_decorator.py
[2025-09-29T16:13:25.400+0000] {processor.py:840} INFO - DAG(s) 'example_sensor_decorator' retrieved from /home/airflow/.local/lib/python3.12/site-packages/airflow/example_dags/example_sensor_decorator.py
[2025-09-29T16:13:25.460+0000] {logging_mixin.py:188} INFO - [2025-09-29T16:13:25.459+0000] {dag.py:3089} INFO - Sync 1 DAGs
[2025-09-29T16:13:25.490+0000] {logging_mixin.py:188} INFO - [2025-09-29T16:13:25.489+0000] {dag.py:3947} INFO - Setting next_dagrun for example_sensor_decorator to None, run_after=None
[2025-09-29T16:13:25.536+0000] {processor.py:183} INFO - Processing /home/airflow/.local/lib/python3.12/site-packages/airflow/example_dags/example_sensor_decorator.py took 0.172 seconds
[2025-09-29T16:13:55.857+0000] {processor.py:161} INFO - Started process (PID=21040) to work on /home/airflow/.local/lib/python3.12/site-packages/airflow/example_dags/example_sensor_decorator.py
[2025-09-29T16:13:55.860+0000] {processor.py:830} INFO - Processing file /home/airflow/.local/lib/python3.12/site-packages/airflow/example_dags/example_sensor_decorator.py for tasks to queue
[2025-09-29T16:13:55.862+0000] {logging_mixin.py:188} INFO - [2025-09-29T16:13:55.861+0000] {dagbag.py:545} INFO - Filling up the DagBag from /home/airflow/.local/lib/python3.12/site-packages/airflow/example_dags/example_sensor_decorator.py
[2025-09-29T16:13:55.878+0000] {processor.py:840} INFO - DAG(s) 'example_sensor_decorator' retrieved from /home/airflow/.local/lib/python3.12/site-packages/airflow/example_dags/example_sensor_decorator.py
[2025-09-29T16:13:55.936+0000] {logging_mixin.py:188} INFO - [2025-09-29T16:13:55.935+0000] {dag.py:3089} INFO - Sync 1 DAGs
[2025-09-29T16:13:55.967+0000] {logging_mixin.py:188} INFO - [2025-09-29T16:13:55.967+0000] {dag.py:3947} INFO - Setting next_dagrun for example_sensor_decorator to None, run_after=None
[2025-09-29T16:13:56.012+0000] {processor.py:183} INFO - Processing /home/airflow/.local/lib/python3.12/site-packages/airflow/example_dags/example_sensor_decorator.py took 0.170 seconds
[2025-09-29T16:14:26.581+0000] {processor.py:161} INFO - Started process (PID=21301) to work on /home/airflow/.local/lib/python3.12/site-packages/airflow/example_dags/example_sensor_decorator.py
[2025-09-29T16:14:26.584+0000] {processor.py:830} INFO - Processing file /home/airflow/.local/lib/python3.12/site-packages/airflow/example_dags/example_sensor_decorator.py for tasks to queue
[2025-09-29T16:14:26.586+0000] {logging_mixin.py:188} INFO - [2025-09-29T16:14:26.585+0000] {dagbag.py:545} INFO - Filling up the DagBag from /home/airflow/.local/lib/python3.12/site-packages/airflow/example_dags/example_sensor_decorator.py
[2025-09-29T16:14:26.601+0000] {processor.py:840} INFO - DAG(s) 'example_sensor_decorator' retrieved from /home/airflow/.local/lib/python3.12/site-packages/airflow/example_dags/example_sensor_decorator.py
[2025-09-29T16:14:26.657+0000] {logging_mixin.py:188} INFO - [2025-09-29T16:14:26.656+0000] {dag.py:3089} INFO - Sync 1 DAGs
[2025-09-29T16:14:26.686+0000] {logging_mixin.py:188} INFO - [2025-09-29T16:14:26.685+0000] {dag.py:3947} INFO - Setting next_dagrun for example_sensor_decorator to None, run_after=None
[2025-09-29T16:14:26.731+0000] {processor.py:183} INFO - Processing /home/airflow/.local/lib/python3.12/site-packages/airflow/example_dags/example_sensor_decorator.py took 0.166 seconds
[2025-09-29T16:14:59.025+0000] {processor.py:161} INFO - Started process (PID=21562) to work on /home/airflow/.local/lib/python3.12/site-packages/airflow/example_dags/example_sensor_decorator.py
[2025-09-29T16:14:59.032+0000] {processor.py:830} INFO - Processing file /home/airflow/.local/lib/python3.12/site-packages/airflow/example_dags/example_sensor_decorator.py for tasks to queue
[2025-09-29T16:14:59.035+0000] {logging_mixin.py:188} INFO - [2025-09-29T16:14:59.033+0000] {dagbag.py:545} INFO - Filling up the DagBag from /home/airflow/.local/lib/python3.12/site-packages/airflow/example_dags/example_sensor_decorator.py
[2025-09-29T16:14:59.074+0000] {processor.py:840} INFO - DAG(s) 'example_sensor_decorator' retrieved from /home/airflow/.local/lib/python3.12/site-packages/airflow/example_dags/example_sensor_decorator.py
[2025-09-29T16:14:59.266+0000] {logging_mixin.py:188} INFO - [2025-09-29T16:14:59.265+0000] {dag.py:3089} INFO - Sync 1 DAGs
[2025-09-29T16:14:59.376+0000] {logging_mixin.py:188} INFO - [2025-09-29T16:14:59.375+0000] {dag.py:3947} INFO - Setting next_dagrun for example_sensor_decorator to None, run_after=None
[2025-09-29T16:14:59.542+0000] {processor.py:183} INFO - Processing /home/airflow/.local/lib/python3.12/site-packages/airflow/example_dags/example_sensor_decorator.py took 0.552 seconds
[2025-09-29T16:15:30.063+0000] {processor.py:161} INFO - Started process (PID=21823) to work on /home/airflow/.local/lib/python3.12/site-packages/airflow/example_dags/example_sensor_decorator.py
[2025-09-29T16:15:30.066+0000] {processor.py:830} INFO - Processing file /home/airflow/.local/lib/python3.12/site-packages/airflow/example_dags/example_sensor_decorator.py for tasks to queue
[2025-09-29T16:15:30.068+0000] {logging_mixin.py:188} INFO - [2025-09-29T16:15:30.067+0000] {dagbag.py:545} INFO - Filling up the DagBag from /home/airflow/.local/lib/python3.12/site-packages/airflow/example_dags/example_sensor_decorator.py
[2025-09-29T16:15:30.090+0000] {processor.py:840} INFO - DAG(s) 'example_sensor_decorator' retrieved from /home/airflow/.local/lib/python3.12/site-packages/airflow/example_dags/example_sensor_decorator.py
[2025-09-29T16:15:30.159+0000] {logging_mixin.py:188} INFO - [2025-09-29T16:15:30.159+0000] {dag.py:3089} INFO - Sync 1 DAGs
[2025-09-29T16:15:30.188+0000] {logging_mixin.py:188} INFO - [2025-09-29T16:15:30.188+0000] {dag.py:3947} INFO - Setting next_dagrun for example_sensor_decorator to None, run_after=None
[2025-09-29T16:15:30.238+0000] {processor.py:183} INFO - Processing /home/airflow/.local/lib/python3.12/site-packages/airflow/example_dags/example_sensor_decorator.py took 0.193 seconds
[2025-09-29T16:16:00.772+0000] {processor.py:161} INFO - Started process (PID=22084) to work on /home/airflow/.local/lib/python3.12/site-packages/airflow/example_dags/example_sensor_decorator.py
[2025-09-29T16:16:00.775+0000] {processor.py:830} INFO - Processing file /home/airflow/.local/lib/python3.12/site-packages/airflow/example_dags/example_sensor_decorator.py for tasks to queue
[2025-09-29T16:16:00.776+0000] {logging_mixin.py:188} INFO - [2025-09-29T16:16:00.776+0000] {dagbag.py:545} INFO - Filling up the DagBag from /home/airflow/.local/lib/python3.12/site-packages/airflow/example_dags/example_sensor_decorator.py
[2025-09-29T16:16:00.791+0000] {processor.py:840} INFO - DAG(s) 'example_sensor_decorator' retrieved from /home/airflow/.local/lib/python3.12/site-packages/airflow/example_dags/example_sensor_decorator.py
[2025-09-29T16:16:00.857+0000] {logging_mixin.py:188} INFO - [2025-09-29T16:16:00.856+0000] {dag.py:3089} INFO - Sync 1 DAGs
[2025-09-29T16:16:00.912+0000] {logging_mixin.py:188} INFO - [2025-09-29T16:16:00.911+0000] {dag.py:3947} INFO - Setting next_dagrun for example_sensor_decorator to None, run_after=None
[2025-09-29T16:16:00.965+0000] {processor.py:183} INFO - Processing /home/airflow/.local/lib/python3.12/site-packages/airflow/example_dags/example_sensor_decorator.py took 0.208 seconds
[2025-09-29T16:16:31.322+0000] {processor.py:161} INFO - Started process (PID=22345) to work on /home/airflow/.local/lib/python3.12/site-packages/airflow/example_dags/example_sensor_decorator.py
[2025-09-29T16:16:31.325+0000] {processor.py:830} INFO - Processing file /home/airflow/.local/lib/python3.12/site-packages/airflow/example_dags/example_sensor_decorator.py for tasks to queue
[2025-09-29T16:16:31.328+0000] {logging_mixin.py:188} INFO - [2025-09-29T16:16:31.327+0000] {dagbag.py:545} INFO - Filling up the DagBag from /home/airflow/.local/lib/python3.12/site-packages/airflow/example_dags/example_sensor_decorator.py
[2025-09-29T16:16:31.347+0000] {processor.py:840} INFO - DAG(s) 'example_sensor_decorator' retrieved from /home/airflow/.local/lib/python3.12/site-packages/airflow/example_dags/example_sensor_decorator.py
[2025-09-29T16:16:31.420+0000] {logging_mixin.py:188} INFO - [2025-09-29T16:16:31.419+0000] {dag.py:3089} INFO - Sync 1 DAGs
[2025-09-29T16:16:31.469+0000] {logging_mixin.py:188} INFO - [2025-09-29T16:16:31.468+0000] {dag.py:3947} INFO - Setting next_dagrun for example_sensor_decorator to None, run_after=None
[2025-09-29T16:16:31.526+0000] {processor.py:183} INFO - Processing /home/airflow/.local/lib/python3.12/site-packages/airflow/example_dags/example_sensor_decorator.py took 0.221 seconds
[2025-09-29T16:17:02.059+0000] {processor.py:161} INFO - Started process (PID=22606) to work on /home/airflow/.local/lib/python3.12/site-packages/airflow/example_dags/example_sensor_decorator.py
[2025-09-29T16:17:02.062+0000] {processor.py:830} INFO - Processing file /home/airflow/.local/lib/python3.12/site-packages/airflow/example_dags/example_sensor_decorator.py for tasks to queue
[2025-09-29T16:17:02.064+0000] {logging_mixin.py:188} INFO - [2025-09-29T16:17:02.063+0000] {dagbag.py:545} INFO - Filling up the DagBag from /home/airflow/.local/lib/python3.12/site-packages/airflow/example_dags/example_sensor_decorator.py
[2025-09-29T16:17:02.084+0000] {processor.py:840} INFO - DAG(s) 'example_sensor_decorator' retrieved from /home/airflow/.local/lib/python3.12/site-packages/airflow/example_dags/example_sensor_decorator.py
[2025-09-29T16:17:02.152+0000] {logging_mixin.py:188} INFO - [2025-09-29T16:17:02.151+0000] {dag.py:3089} INFO - Sync 1 DAGs
[2025-09-29T16:17:02.189+0000] {logging_mixin.py:188} INFO - [2025-09-29T16:17:02.189+0000] {dag.py:3947} INFO - Setting next_dagrun for example_sensor_decorator to None, run_after=None
[2025-09-29T16:17:02.258+0000] {processor.py:183} INFO - Processing /home/airflow/.local/lib/python3.12/site-packages/airflow/example_dags/example_sensor_decorator.py took 0.216 seconds
[2025-09-29T16:17:32.970+0000] {processor.py:161} INFO - Started process (PID=22867) to work on /home/airflow/.local/lib/python3.12/site-packages/airflow/example_dags/example_sensor_decorator.py
[2025-09-29T16:17:32.972+0000] {processor.py:830} INFO - Processing file /home/airflow/.local/lib/python3.12/site-packages/airflow/example_dags/example_sensor_decorator.py for tasks to queue
[2025-09-29T16:17:32.974+0000] {logging_mixin.py:188} INFO - [2025-09-29T16:17:32.973+0000] {dagbag.py:545} INFO - Filling up the DagBag from /home/airflow/.local/lib/python3.12/site-packages/airflow/example_dags/example_sensor_decorator.py
[2025-09-29T16:17:32.988+0000] {processor.py:840} INFO - DAG(s) 'example_sensor_decorator' retrieved from /home/airflow/.local/lib/python3.12/site-packages/airflow/example_dags/example_sensor_decorator.py
[2025-09-29T16:17:33.049+0000] {logging_mixin.py:188} INFO - [2025-09-29T16:17:33.048+0000] {dag.py:3089} INFO - Sync 1 DAGs
[2025-09-29T16:17:33.081+0000] {logging_mixin.py:188} INFO - [2025-09-29T16:17:33.080+0000] {dag.py:3947} INFO - Setting next_dagrun for example_sensor_decorator to None, run_after=None
[2025-09-29T16:17:33.134+0000] {processor.py:183} INFO - Processing /home/airflow/.local/lib/python3.12/site-packages/airflow/example_dags/example_sensor_decorator.py took 0.179 seconds
[2025-09-29T16:18:03.460+0000] {processor.py:161} INFO - Started process (PID=23128) to work on /home/airflow/.local/lib/python3.12/site-packages/airflow/example_dags/example_sensor_decorator.py
[2025-09-29T16:18:03.464+0000] {processor.py:830} INFO - Processing file /home/airflow/.local/lib/python3.12/site-packages/airflow/example_dags/example_sensor_decorator.py for tasks to queue
[2025-09-29T16:18:03.467+0000] {logging_mixin.py:188} INFO - [2025-09-29T16:18:03.466+0000] {dagbag.py:545} INFO - Filling up the DagBag from /home/airflow/.local/lib/python3.12/site-packages/airflow/example_dags/example_sensor_decorator.py
[2025-09-29T16:18:03.484+0000] {processor.py:840} INFO - DAG(s) 'example_sensor_decorator' retrieved from /home/airflow/.local/lib/python3.12/site-packages/airflow/example_dags/example_sensor_decorator.py
[2025-09-29T16:18:03.546+0000] {logging_mixin.py:188} INFO - [2025-09-29T16:18:03.545+0000] {dag.py:3089} INFO - Sync 1 DAGs
[2025-09-29T16:18:03.580+0000] {logging_mixin.py:188} INFO - [2025-09-29T16:18:03.579+0000] {dag.py:3947} INFO - Setting next_dagrun for example_sensor_decorator to None, run_after=None
[2025-09-29T16:18:03.635+0000] {processor.py:183} INFO - Processing /home/airflow/.local/lib/python3.12/site-packages/airflow/example_dags/example_sensor_decorator.py took 0.189 seconds
[2025-09-29T16:18:33.820+0000] {processor.py:161} INFO - Started process (PID=23389) to work on /home/airflow/.local/lib/python3.12/site-packages/airflow/example_dags/example_sensor_decorator.py
[2025-09-29T16:18:33.823+0000] {processor.py:830} INFO - Processing file /home/airflow/.local/lib/python3.12/site-packages/airflow/example_dags/example_sensor_decorator.py for tasks to queue
[2025-09-29T16:18:33.825+0000] {logging_mixin.py:188} INFO - [2025-09-29T16:18:33.824+0000] {dagbag.py:545} INFO - Filling up the DagBag from /home/airflow/.local/lib/python3.12/site-packages/airflow/example_dags/example_sensor_decorator.py
[2025-09-29T16:18:33.841+0000] {processor.py:840} INFO - DAG(s) 'example_sensor_decorator' retrieved from /home/airflow/.local/lib/python3.12/site-packages/airflow/example_dags/example_sensor_decorator.py
[2025-09-29T16:18:33.898+0000] {logging_mixin.py:188} INFO - [2025-09-29T16:18:33.897+0000] {dag.py:3089} INFO - Sync 1 DAGs
[2025-09-29T16:18:33.934+0000] {logging_mixin.py:188} INFO - [2025-09-29T16:18:33.934+0000] {dag.py:3947} INFO - Setting next_dagrun for example_sensor_decorator to None, run_after=None
[2025-09-29T16:18:33.984+0000] {processor.py:183} INFO - Processing /home/airflow/.local/lib/python3.12/site-packages/airflow/example_dags/example_sensor_decorator.py took 0.177 seconds
[2025-09-29T16:19:04.919+0000] {processor.py:161} INFO - Started process (PID=23650) to work on /home/airflow/.local/lib/python3.12/site-packages/airflow/example_dags/example_sensor_decorator.py
[2025-09-29T16:19:04.921+0000] {processor.py:830} INFO - Processing file /home/airflow/.local/lib/python3.12/site-packages/airflow/example_dags/example_sensor_decorator.py for tasks to queue
[2025-09-29T16:19:04.923+0000] {logging_mixin.py:188} INFO - [2025-09-29T16:19:04.922+0000] {dagbag.py:545} INFO - Filling up the DagBag from /home/airflow/.local/lib/python3.12/site-packages/airflow/example_dags/example_sensor_decorator.py
[2025-09-29T16:19:04.940+0000] {processor.py:840} INFO - DAG(s) 'example_sensor_decorator' retrieved from /home/airflow/.local/lib/python3.12/site-packages/airflow/example_dags/example_sensor_decorator.py
[2025-09-29T16:19:05.006+0000] {logging_mixin.py:188} INFO - [2025-09-29T16:19:05.006+0000] {dag.py:3089} INFO - Sync 1 DAGs
[2025-09-29T16:19:05.044+0000] {logging_mixin.py:188} INFO - [2025-09-29T16:19:05.044+0000] {dag.py:3947} INFO - Setting next_dagrun for example_sensor_decorator to None, run_after=None
[2025-09-29T16:19:05.108+0000] {processor.py:183} INFO - Processing /home/airflow/.local/lib/python3.12/site-packages/airflow/example_dags/example_sensor_decorator.py took 0.207 seconds
[2025-09-29T16:19:35.798+0000] {processor.py:161} INFO - Started process (PID=23911) to work on /home/airflow/.local/lib/python3.12/site-packages/airflow/example_dags/example_sensor_decorator.py
[2025-09-29T16:19:35.801+0000] {processor.py:830} INFO - Processing file /home/airflow/.local/lib/python3.12/site-packages/airflow/example_dags/example_sensor_decorator.py for tasks to queue
[2025-09-29T16:19:35.803+0000] {logging_mixin.py:188} INFO - [2025-09-29T16:19:35.802+0000] {dagbag.py:545} INFO - Filling up the DagBag from /home/airflow/.local/lib/python3.12/site-packages/airflow/example_dags/example_sensor_decorator.py
[2025-09-29T16:19:35.817+0000] {processor.py:840} INFO - DAG(s) 'example_sensor_decorator' retrieved from /home/airflow/.local/lib/python3.12/site-packages/airflow/example_dags/example_sensor_decorator.py
[2025-09-29T16:19:35.872+0000] {logging_mixin.py:188} INFO - [2025-09-29T16:19:35.871+0000] {dag.py:3089} INFO - Sync 1 DAGs
[2025-09-29T16:19:35.901+0000] {logging_mixin.py:188} INFO - [2025-09-29T16:19:35.901+0000] {dag.py:3947} INFO - Setting next_dagrun for example_sensor_decorator to None, run_after=None
[2025-09-29T16:19:35.949+0000] {processor.py:183} INFO - Processing /home/airflow/.local/lib/python3.12/site-packages/airflow/example_dags/example_sensor_decorator.py took 0.165 seconds
[2025-09-29T16:20:06.368+0000] {processor.py:161} INFO - Started process (PID=24172) to work on /home/airflow/.local/lib/python3.12/site-packages/airflow/example_dags/example_sensor_decorator.py
[2025-09-29T16:20:06.371+0000] {processor.py:830} INFO - Processing file /home/airflow/.local/lib/python3.12/site-packages/airflow/example_dags/example_sensor_decorator.py for tasks to queue
[2025-09-29T16:20:06.373+0000] {logging_mixin.py:188} INFO - [2025-09-29T16:20:06.372+0000] {dagbag.py:545} INFO - Filling up the DagBag from /home/airflow/.local/lib/python3.12/site-packages/airflow/example_dags/example_sensor_decorator.py
[2025-09-29T16:20:06.386+0000] {processor.py:840} INFO - DAG(s) 'example_sensor_decorator' retrieved from /home/airflow/.local/lib/python3.12/site-packages/airflow/example_dags/example_sensor_decorator.py
[2025-09-29T16:20:06.446+0000] {logging_mixin.py:188} INFO - [2025-09-29T16:20:06.445+0000] {dag.py:3089} INFO - Sync 1 DAGs
[2025-09-29T16:20:06.480+0000] {logging_mixin.py:188} INFO - [2025-09-29T16:20:06.480+0000] {dag.py:3947} INFO - Setting next_dagrun for example_sensor_decorator to None, run_after=None
[2025-09-29T16:20:06.533+0000] {processor.py:183} INFO - Processing /home/airflow/.local/lib/python3.12/site-packages/airflow/example_dags/example_sensor_decorator.py took 0.178 seconds
[2025-09-29T16:20:36.983+0000] {processor.py:161} INFO - Started process (PID=24433) to work on /home/airflow/.local/lib/python3.12/site-packages/airflow/example_dags/example_sensor_decorator.py
[2025-09-29T16:20:36.986+0000] {processor.py:830} INFO - Processing file /home/airflow/.local/lib/python3.12/site-packages/airflow/example_dags/example_sensor_decorator.py for tasks to queue
[2025-09-29T16:20:36.989+0000] {logging_mixin.py:188} INFO - [2025-09-29T16:20:36.988+0000] {dagbag.py:545} INFO - Filling up the DagBag from /home/airflow/.local/lib/python3.12/site-packages/airflow/example_dags/example_sensor_decorator.py
[2025-09-29T16:20:37.003+0000] {processor.py:840} INFO - DAG(s) 'example_sensor_decorator' retrieved from /home/airflow/.local/lib/python3.12/site-packages/airflow/example_dags/example_sensor_decorator.py
[2025-09-29T16:20:37.059+0000] {logging_mixin.py:188} INFO - [2025-09-29T16:20:37.058+0000] {dag.py:3089} INFO - Sync 1 DAGs
[2025-09-29T16:20:37.088+0000] {logging_mixin.py:188} INFO - [2025-09-29T16:20:37.088+0000] {dag.py:3947} INFO - Setting next_dagrun for example_sensor_decorator to None, run_after=None
[2025-09-29T16:20:37.137+0000] {processor.py:183} INFO - Processing /home/airflow/.local/lib/python3.12/site-packages/airflow/example_dags/example_sensor_decorator.py took 0.169 seconds
[2025-09-29T16:21:07.501+0000] {processor.py:161} INFO - Started process (PID=24694) to work on /home/airflow/.local/lib/python3.12/site-packages/airflow/example_dags/example_sensor_decorator.py
[2025-09-29T16:21:07.504+0000] {processor.py:830} INFO - Processing file /home/airflow/.local/lib/python3.12/site-packages/airflow/example_dags/example_sensor_decorator.py for tasks to queue
[2025-09-29T16:21:07.507+0000] {logging_mixin.py:188} INFO - [2025-09-29T16:21:07.506+0000] {dagbag.py:545} INFO - Filling up the DagBag from /home/airflow/.local/lib/python3.12/site-packages/airflow/example_dags/example_sensor_decorator.py
[2025-09-29T16:21:07.522+0000] {processor.py:840} INFO - DAG(s) 'example_sensor_decorator' retrieved from /home/airflow/.local/lib/python3.12/site-packages/airflow/example_dags/example_sensor_decorator.py
[2025-09-29T16:21:07.577+0000] {logging_mixin.py:188} INFO - [2025-09-29T16:21:07.577+0000] {dag.py:3089} INFO - Sync 1 DAGs
[2025-09-29T16:21:07.606+0000] {logging_mixin.py:188} INFO - [2025-09-29T16:21:07.605+0000] {dag.py:3947} INFO - Setting next_dagrun for example_sensor_decorator to None, run_after=None
[2025-09-29T16:21:07.655+0000] {processor.py:183} INFO - Processing /home/airflow/.local/lib/python3.12/site-packages/airflow/example_dags/example_sensor_decorator.py took 0.169 seconds
[2025-09-29T16:21:38.320+0000] {processor.py:161} INFO - Started process (PID=24955) to work on /home/airflow/.local/lib/python3.12/site-packages/airflow/example_dags/example_sensor_decorator.py
[2025-09-29T16:21:38.323+0000] {processor.py:830} INFO - Processing file /home/airflow/.local/lib/python3.12/site-packages/airflow/example_dags/example_sensor_decorator.py for tasks to queue
[2025-09-29T16:21:38.325+0000] {logging_mixin.py:188} INFO - [2025-09-29T16:21:38.324+0000] {dagbag.py:545} INFO - Filling up the DagBag from /home/airflow/.local/lib/python3.12/site-packages/airflow/example_dags/example_sensor_decorator.py
[2025-09-29T16:21:38.339+0000] {processor.py:840} INFO - DAG(s) 'example_sensor_decorator' retrieved from /home/airflow/.local/lib/python3.12/site-packages/airflow/example_dags/example_sensor_decorator.py
[2025-09-29T16:21:38.391+0000] {logging_mixin.py:188} INFO - [2025-09-29T16:21:38.390+0000] {dag.py:3089} INFO - Sync 1 DAGs
[2025-09-29T16:21:38.423+0000] {logging_mixin.py:188} INFO - [2025-09-29T16:21:38.423+0000] {dag.py:3947} INFO - Setting next_dagrun for example_sensor_decorator to None, run_after=None
[2025-09-29T16:21:38.475+0000] {processor.py:183} INFO - Processing /home/airflow/.local/lib/python3.12/site-packages/airflow/example_dags/example_sensor_decorator.py took 0.169 seconds
[2025-09-29T16:22:08.911+0000] {processor.py:161} INFO - Started process (PID=25216) to work on /home/airflow/.local/lib/python3.12/site-packages/airflow/example_dags/example_sensor_decorator.py
[2025-09-29T16:22:08.914+0000] {processor.py:830} INFO - Processing file /home/airflow/.local/lib/python3.12/site-packages/airflow/example_dags/example_sensor_decorator.py for tasks to queue
[2025-09-29T16:22:08.916+0000] {logging_mixin.py:188} INFO - [2025-09-29T16:22:08.915+0000] {dagbag.py:545} INFO - Filling up the DagBag from /home/airflow/.local/lib/python3.12/site-packages/airflow/example_dags/example_sensor_decorator.py
[2025-09-29T16:22:08.929+0000] {processor.py:840} INFO - DAG(s) 'example_sensor_decorator' retrieved from /home/airflow/.local/lib/python3.12/site-packages/airflow/example_dags/example_sensor_decorator.py
[2025-09-29T16:22:08.983+0000] {logging_mixin.py:188} INFO - [2025-09-29T16:22:08.983+0000] {dag.py:3089} INFO - Sync 1 DAGs
[2025-09-29T16:22:09.016+0000] {logging_mixin.py:188} INFO - [2025-09-29T16:22:09.015+0000] {dag.py:3947} INFO - Setting next_dagrun for example_sensor_decorator to None, run_after=None
[2025-09-29T16:22:09.069+0000] {processor.py:183} INFO - Processing /home/airflow/.local/lib/python3.12/site-packages/airflow/example_dags/example_sensor_decorator.py took 0.171 seconds
[2025-09-29T16:22:39.338+0000] {processor.py:161} INFO - Started process (PID=25477) to work on /home/airflow/.local/lib/python3.12/site-packages/airflow/example_dags/example_sensor_decorator.py
[2025-09-29T16:22:39.341+0000] {processor.py:830} INFO - Processing file /home/airflow/.local/lib/python3.12/site-packages/airflow/example_dags/example_sensor_decorator.py for tasks to queue
[2025-09-29T16:22:39.342+0000] {logging_mixin.py:188} INFO - [2025-09-29T16:22:39.341+0000] {dagbag.py:545} INFO - Filling up the DagBag from /home/airflow/.local/lib/python3.12/site-packages/airflow/example_dags/example_sensor_decorator.py
[2025-09-29T16:22:39.357+0000] {processor.py:840} INFO - DAG(s) 'example_sensor_decorator' retrieved from /home/airflow/.local/lib/python3.12/site-packages/airflow/example_dags/example_sensor_decorator.py
[2025-09-29T16:22:39.411+0000] {logging_mixin.py:188} INFO - [2025-09-29T16:22:39.411+0000] {dag.py:3089} INFO - Sync 1 DAGs
[2025-09-29T16:22:39.439+0000] {logging_mixin.py:188} INFO - [2025-09-29T16:22:39.439+0000] {dag.py:3947} INFO - Setting next_dagrun for example_sensor_decorator to None, run_after=None
[2025-09-29T16:22:39.487+0000] {processor.py:183} INFO - Processing /home/airflow/.local/lib/python3.12/site-packages/airflow/example_dags/example_sensor_decorator.py took 0.164 seconds
[2025-09-29T16:23:10.143+0000] {processor.py:161} INFO - Started process (PID=25738) to work on /home/airflow/.local/lib/python3.12/site-packages/airflow/example_dags/example_sensor_decorator.py
[2025-09-29T16:23:10.146+0000] {processor.py:830} INFO - Processing file /home/airflow/.local/lib/python3.12/site-packages/airflow/example_dags/example_sensor_decorator.py for tasks to queue
[2025-09-29T16:23:10.148+0000] {logging_mixin.py:188} INFO - [2025-09-29T16:23:10.147+0000] {dagbag.py:545} INFO - Filling up the DagBag from /home/airflow/.local/lib/python3.12/site-packages/airflow/example_dags/example_sensor_decorator.py
[2025-09-29T16:23:10.169+0000] {processor.py:840} INFO - DAG(s) 'example_sensor_decorator' retrieved from /home/airflow/.local/lib/python3.12/site-packages/airflow/example_dags/example_sensor_decorator.py
[2025-09-29T16:23:10.230+0000] {logging_mixin.py:188} INFO - [2025-09-29T16:23:10.230+0000] {dag.py:3089} INFO - Sync 1 DAGs
[2025-09-29T16:23:10.261+0000] {logging_mixin.py:188} INFO - [2025-09-29T16:23:10.260+0000] {dag.py:3947} INFO - Setting next_dagrun for example_sensor_decorator to None, run_after=None
[2025-09-29T16:23:10.320+0000] {processor.py:183} INFO - Processing /home/airflow/.local/lib/python3.12/site-packages/airflow/example_dags/example_sensor_decorator.py took 0.193 seconds
[2025-09-29T16:23:41.498+0000] {processor.py:161} INFO - Started process (PID=25999) to work on /home/airflow/.local/lib/python3.12/site-packages/airflow/example_dags/example_sensor_decorator.py
[2025-09-29T16:23:41.501+0000] {processor.py:830} INFO - Processing file /home/airflow/.local/lib/python3.12/site-packages/airflow/example_dags/example_sensor_decorator.py for tasks to queue
[2025-09-29T16:23:41.504+0000] {logging_mixin.py:188} INFO - [2025-09-29T16:23:41.503+0000] {dagbag.py:545} INFO - Filling up the DagBag from /home/airflow/.local/lib/python3.12/site-packages/airflow/example_dags/example_sensor_decorator.py
[2025-09-29T16:23:41.524+0000] {processor.py:840} INFO - DAG(s) 'example_sensor_decorator' retrieved from /home/airflow/.local/lib/python3.12/site-packages/airflow/example_dags/example_sensor_decorator.py
[2025-09-29T16:23:41.597+0000] {logging_mixin.py:188} INFO - [2025-09-29T16:23:41.596+0000] {dag.py:3089} INFO - Sync 1 DAGs
[2025-09-29T16:23:41.630+0000] {logging_mixin.py:188} INFO - [2025-09-29T16:23:41.629+0000] {dag.py:3947} INFO - Setting next_dagrun for example_sensor_decorator to None, run_after=None
[2025-09-29T16:23:41.698+0000] {processor.py:183} INFO - Processing /home/airflow/.local/lib/python3.12/site-packages/airflow/example_dags/example_sensor_decorator.py took 0.218 seconds
[2025-09-29T16:24:12.129+0000] {processor.py:161} INFO - Started process (PID=26260) to work on /home/airflow/.local/lib/python3.12/site-packages/airflow/example_dags/example_sensor_decorator.py
[2025-09-29T16:24:12.133+0000] {processor.py:830} INFO - Processing file /home/airflow/.local/lib/python3.12/site-packages/airflow/example_dags/example_sensor_decorator.py for tasks to queue
[2025-09-29T16:24:12.136+0000] {logging_mixin.py:188} INFO - [2025-09-29T16:24:12.135+0000] {dagbag.py:545} INFO - Filling up the DagBag from /home/airflow/.local/lib/python3.12/site-packages/airflow/example_dags/example_sensor_decorator.py
[2025-09-29T16:24:12.158+0000] {processor.py:840} INFO - DAG(s) 'example_sensor_decorator' retrieved from /home/airflow/.local/lib/python3.12/site-packages/airflow/example_dags/example_sensor_decorator.py
[2025-09-29T16:24:12.233+0000] {logging_mixin.py:188} INFO - [2025-09-29T16:24:12.232+0000] {dag.py:3089} INFO - Sync 1 DAGs
[2025-09-29T16:24:12.272+0000] {logging_mixin.py:188} INFO - [2025-09-29T16:24:12.272+0000] {dag.py:3947} INFO - Setting next_dagrun for example_sensor_decorator to None, run_after=None
[2025-09-29T16:24:12.343+0000] {processor.py:183} INFO - Processing /home/airflow/.local/lib/python3.12/site-packages/airflow/example_dags/example_sensor_decorator.py took 0.236 seconds
[2025-09-29T16:24:42.892+0000] {processor.py:161} INFO - Started process (PID=26517) to work on /home/airflow/.local/lib/python3.12/site-packages/airflow/example_dags/example_sensor_decorator.py
[2025-09-29T16:24:42.895+0000] {processor.py:830} INFO - Processing file /home/airflow/.local/lib/python3.12/site-packages/airflow/example_dags/example_sensor_decorator.py for tasks to queue
[2025-09-29T16:24:42.898+0000] {logging_mixin.py:188} INFO - [2025-09-29T16:24:42.897+0000] {dagbag.py:545} INFO - Filling up the DagBag from /home/airflow/.local/lib/python3.12/site-packages/airflow/example_dags/example_sensor_decorator.py
[2025-09-29T16:24:42.919+0000] {processor.py:840} INFO - DAG(s) 'example_sensor_decorator' retrieved from /home/airflow/.local/lib/python3.12/site-packages/airflow/example_dags/example_sensor_decorator.py
[2025-09-29T16:24:42.993+0000] {logging_mixin.py:188} INFO - [2025-09-29T16:24:42.993+0000] {dag.py:3089} INFO - Sync 1 DAGs
[2025-09-29T16:24:43.029+0000] {logging_mixin.py:188} INFO - [2025-09-29T16:24:43.028+0000] {dag.py:3947} INFO - Setting next_dagrun for example_sensor_decorator to None, run_after=None
[2025-09-29T16:24:43.109+0000] {processor.py:183} INFO - Processing /home/airflow/.local/lib/python3.12/site-packages/airflow/example_dags/example_sensor_decorator.py took 0.239 seconds
[2025-09-29T16:25:13.328+0000] {processor.py:161} INFO - Started process (PID=26778) to work on /home/airflow/.local/lib/python3.12/site-packages/airflow/example_dags/example_sensor_decorator.py
[2025-09-29T16:25:13.331+0000] {processor.py:830} INFO - Processing file /home/airflow/.local/lib/python3.12/site-packages/airflow/example_dags/example_sensor_decorator.py for tasks to queue
[2025-09-29T16:25:13.333+0000] {logging_mixin.py:188} INFO - [2025-09-29T16:25:13.332+0000] {dagbag.py:545} INFO - Filling up the DagBag from /home/airflow/.local/lib/python3.12/site-packages/airflow/example_dags/example_sensor_decorator.py
[2025-09-29T16:25:13.348+0000] {processor.py:840} INFO - DAG(s) 'example_sensor_decorator' retrieved from /home/airflow/.local/lib/python3.12/site-packages/airflow/example_dags/example_sensor_decorator.py
[2025-09-29T16:25:13.408+0000] {logging_mixin.py:188} INFO - [2025-09-29T16:25:13.407+0000] {dag.py:3089} INFO - Sync 1 DAGs
[2025-09-29T16:25:13.441+0000] {logging_mixin.py:188} INFO - [2025-09-29T16:25:13.441+0000] {dag.py:3947} INFO - Setting next_dagrun for example_sensor_decorator to None, run_after=None
[2025-09-29T16:25:13.487+0000] {processor.py:183} INFO - Processing /home/airflow/.local/lib/python3.12/site-packages/airflow/example_dags/example_sensor_decorator.py took 0.176 seconds
[2025-09-29T16:25:43.812+0000] {processor.py:161} INFO - Started process (PID=27044) to work on /home/airflow/.local/lib/python3.12/site-packages/airflow/example_dags/example_sensor_decorator.py
[2025-09-29T16:25:43.815+0000] {processor.py:830} INFO - Processing file /home/airflow/.local/lib/python3.12/site-packages/airflow/example_dags/example_sensor_decorator.py for tasks to queue
[2025-09-29T16:25:43.816+0000] {logging_mixin.py:188} INFO - [2025-09-29T16:25:43.816+0000] {dagbag.py:545} INFO - Filling up the DagBag from /home/airflow/.local/lib/python3.12/site-packages/airflow/example_dags/example_sensor_decorator.py
[2025-09-29T16:25:43.831+0000] {processor.py:840} INFO - DAG(s) 'example_sensor_decorator' retrieved from /home/airflow/.local/lib/python3.12/site-packages/airflow/example_dags/example_sensor_decorator.py
[2025-09-29T16:25:43.890+0000] {logging_mixin.py:188} INFO - [2025-09-29T16:25:43.889+0000] {dag.py:3089} INFO - Sync 1 DAGs
[2025-09-29T16:25:43.919+0000] {logging_mixin.py:188} INFO - [2025-09-29T16:25:43.918+0000] {dag.py:3947} INFO - Setting next_dagrun for example_sensor_decorator to None, run_after=None
[2025-09-29T16:25:43.981+0000] {processor.py:183} INFO - Processing /home/airflow/.local/lib/python3.12/site-packages/airflow/example_dags/example_sensor_decorator.py took 0.183 seconds
[2025-09-29T16:26:14.282+0000] {processor.py:161} INFO - Started process (PID=27305) to work on /home/airflow/.local/lib/python3.12/site-packages/airflow/example_dags/example_sensor_decorator.py
[2025-09-29T16:26:14.286+0000] {processor.py:830} INFO - Processing file /home/airflow/.local/lib/python3.12/site-packages/airflow/example_dags/example_sensor_decorator.py for tasks to queue
[2025-09-29T16:26:14.288+0000] {logging_mixin.py:188} INFO - [2025-09-29T16:26:14.287+0000] {dagbag.py:545} INFO - Filling up the DagBag from /home/airflow/.local/lib/python3.12/site-packages/airflow/example_dags/example_sensor_decorator.py
[2025-09-29T16:26:14.305+0000] {processor.py:840} INFO - DAG(s) 'example_sensor_decorator' retrieved from /home/airflow/.local/lib/python3.12/site-packages/airflow/example_dags/example_sensor_decorator.py
[2025-09-29T16:26:14.370+0000] {logging_mixin.py:188} INFO - [2025-09-29T16:26:14.369+0000] {dag.py:3089} INFO - Sync 1 DAGs
[2025-09-29T16:26:14.400+0000] {logging_mixin.py:188} INFO - [2025-09-29T16:26:14.400+0000] {dag.py:3947} INFO - Setting next_dagrun for example_sensor_decorator to None, run_after=None
[2025-09-29T16:26:14.452+0000] {processor.py:183} INFO - Processing /home/airflow/.local/lib/python3.12/site-packages/airflow/example_dags/example_sensor_decorator.py took 0.188 seconds
[2025-09-29T16:26:44.531+0000] {processor.py:161} INFO - Started process (PID=27564) to work on /home/airflow/.local/lib/python3.12/site-packages/airflow/example_dags/example_sensor_decorator.py
[2025-09-29T16:26:44.534+0000] {processor.py:830} INFO - Processing file /home/airflow/.local/lib/python3.12/site-packages/airflow/example_dags/example_sensor_decorator.py for tasks to queue
[2025-09-29T16:26:44.536+0000] {logging_mixin.py:188} INFO - [2025-09-29T16:26:44.535+0000] {dagbag.py:545} INFO - Filling up the DagBag from /home/airflow/.local/lib/python3.12/site-packages/airflow/example_dags/example_sensor_decorator.py
[2025-09-29T16:26:44.550+0000] {processor.py:840} INFO - DAG(s) 'example_sensor_decorator' retrieved from /home/airflow/.local/lib/python3.12/site-packages/airflow/example_dags/example_sensor_decorator.py
[2025-09-29T16:26:44.612+0000] {logging_mixin.py:188} INFO - [2025-09-29T16:26:44.612+0000] {dag.py:3089} INFO - Sync 1 DAGs
[2025-09-29T16:26:44.642+0000] {logging_mixin.py:188} INFO - [2025-09-29T16:26:44.642+0000] {dag.py:3947} INFO - Setting next_dagrun for example_sensor_decorator to None, run_after=None
[2025-09-29T16:26:44.698+0000] {processor.py:183} INFO - Processing /home/airflow/.local/lib/python3.12/site-packages/airflow/example_dags/example_sensor_decorator.py took 0.183 seconds
[2025-09-29T16:27:15.340+0000] {processor.py:161} INFO - Started process (PID=27820) to work on /home/airflow/.local/lib/python3.12/site-packages/airflow/example_dags/example_sensor_decorator.py
[2025-09-29T16:27:15.341+0000] {processor.py:830} INFO - Processing file /home/airflow/.local/lib/python3.12/site-packages/airflow/example_dags/example_sensor_decorator.py for tasks to queue
[2025-09-29T16:27:15.343+0000] {logging_mixin.py:188} INFO - [2025-09-29T16:27:15.342+0000] {dagbag.py:545} INFO - Filling up the DagBag from /home/airflow/.local/lib/python3.12/site-packages/airflow/example_dags/example_sensor_decorator.py
[2025-09-29T16:27:15.359+0000] {processor.py:840} INFO - DAG(s) 'example_sensor_decorator' retrieved from /home/airflow/.local/lib/python3.12/site-packages/airflow/example_dags/example_sensor_decorator.py
[2025-09-29T16:27:15.417+0000] {logging_mixin.py:188} INFO - [2025-09-29T16:27:15.416+0000] {dag.py:3089} INFO - Sync 1 DAGs
[2025-09-29T16:27:15.449+0000] {logging_mixin.py:188} INFO - [2025-09-29T16:27:15.449+0000] {dag.py:3947} INFO - Setting next_dagrun for example_sensor_decorator to None, run_after=None
[2025-09-29T16:27:15.502+0000] {processor.py:183} INFO - Processing /home/airflow/.local/lib/python3.12/site-packages/airflow/example_dags/example_sensor_decorator.py took 0.180 seconds
[2025-09-29T16:27:46.197+0000] {processor.py:161} INFO - Started process (PID=28081) to work on /home/airflow/.local/lib/python3.12/site-packages/airflow/example_dags/example_sensor_decorator.py
[2025-09-29T16:27:46.200+0000] {processor.py:830} INFO - Processing file /home/airflow/.local/lib/python3.12/site-packages/airflow/example_dags/example_sensor_decorator.py for tasks to queue
[2025-09-29T16:27:46.202+0000] {logging_mixin.py:188} INFO - [2025-09-29T16:27:46.201+0000] {dagbag.py:545} INFO - Filling up the DagBag from /home/airflow/.local/lib/python3.12/site-packages/airflow/example_dags/example_sensor_decorator.py
[2025-09-29T16:27:46.218+0000] {processor.py:840} INFO - DAG(s) 'example_sensor_decorator' retrieved from /home/airflow/.local/lib/python3.12/site-packages/airflow/example_dags/example_sensor_decorator.py
[2025-09-29T16:27:46.278+0000] {logging_mixin.py:188} INFO - [2025-09-29T16:27:46.277+0000] {dag.py:3089} INFO - Sync 1 DAGs
[2025-09-29T16:27:46.313+0000] {logging_mixin.py:188} INFO - [2025-09-29T16:27:46.312+0000] {dag.py:3947} INFO - Setting next_dagrun for example_sensor_decorator to None, run_after=None
[2025-09-29T16:27:46.388+0000] {processor.py:183} INFO - Processing /home/airflow/.local/lib/python3.12/site-packages/airflow/example_dags/example_sensor_decorator.py took 0.207 seconds
[2025-09-29T16:28:16.774+0000] {processor.py:161} INFO - Started process (PID=28342) to work on /home/airflow/.local/lib/python3.12/site-packages/airflow/example_dags/example_sensor_decorator.py
[2025-09-29T16:28:16.778+0000] {processor.py:830} INFO - Processing file /home/airflow/.local/lib/python3.12/site-packages/airflow/example_dags/example_sensor_decorator.py for tasks to queue
[2025-09-29T16:28:16.780+0000] {logging_mixin.py:188} INFO - [2025-09-29T16:28:16.779+0000] {dagbag.py:545} INFO - Filling up the DagBag from /home/airflow/.local/lib/python3.12/site-packages/airflow/example_dags/example_sensor_decorator.py
[2025-09-29T16:28:16.794+0000] {processor.py:840} INFO - DAG(s) 'example_sensor_decorator' retrieved from /home/airflow/.local/lib/python3.12/site-packages/airflow/example_dags/example_sensor_decorator.py
[2025-09-29T16:28:16.851+0000] {logging_mixin.py:188} INFO - [2025-09-29T16:28:16.850+0000] {dag.py:3089} INFO - Sync 1 DAGs
[2025-09-29T16:28:16.885+0000] {logging_mixin.py:188} INFO - [2025-09-29T16:28:16.884+0000] {dag.py:3947} INFO - Setting next_dagrun for example_sensor_decorator to None, run_after=None
[2025-09-29T16:28:16.936+0000] {processor.py:183} INFO - Processing /home/airflow/.local/lib/python3.12/site-packages/airflow/example_dags/example_sensor_decorator.py took 0.180 seconds
[2025-09-29T16:28:47.755+0000] {processor.py:161} INFO - Started process (PID=28603) to work on /home/airflow/.local/lib/python3.12/site-packages/airflow/example_dags/example_sensor_decorator.py
[2025-09-29T16:28:47.757+0000] {processor.py:830} INFO - Processing file /home/airflow/.local/lib/python3.12/site-packages/airflow/example_dags/example_sensor_decorator.py for tasks to queue
[2025-09-29T16:28:47.760+0000] {logging_mixin.py:188} INFO - [2025-09-29T16:28:47.759+0000] {dagbag.py:545} INFO - Filling up the DagBag from /home/airflow/.local/lib/python3.12/site-packages/airflow/example_dags/example_sensor_decorator.py
[2025-09-29T16:28:47.777+0000] {processor.py:840} INFO - DAG(s) 'example_sensor_decorator' retrieved from /home/airflow/.local/lib/python3.12/site-packages/airflow/example_dags/example_sensor_decorator.py
[2025-09-29T16:28:47.857+0000] {logging_mixin.py:188} INFO - [2025-09-29T16:28:47.856+0000] {dag.py:3089} INFO - Sync 1 DAGs
[2025-09-29T16:28:47.903+0000] {logging_mixin.py:188} INFO - [2025-09-29T16:28:47.903+0000] {dag.py:3947} INFO - Setting next_dagrun for example_sensor_decorator to None, run_after=None
[2025-09-29T16:28:47.967+0000] {processor.py:183} INFO - Processing /home/airflow/.local/lib/python3.12/site-packages/airflow/example_dags/example_sensor_decorator.py took 0.227 seconds
[2025-09-29T16:29:18.769+0000] {processor.py:161} INFO - Started process (PID=28864) to work on /home/airflow/.local/lib/python3.12/site-packages/airflow/example_dags/example_sensor_decorator.py
[2025-09-29T16:29:18.772+0000] {processor.py:830} INFO - Processing file /home/airflow/.local/lib/python3.12/site-packages/airflow/example_dags/example_sensor_decorator.py for tasks to queue
[2025-09-29T16:29:18.775+0000] {logging_mixin.py:188} INFO - [2025-09-29T16:29:18.773+0000] {dagbag.py:545} INFO - Filling up the DagBag from /home/airflow/.local/lib/python3.12/site-packages/airflow/example_dags/example_sensor_decorator.py
[2025-09-29T16:29:18.791+0000] {processor.py:840} INFO - DAG(s) 'example_sensor_decorator' retrieved from /home/airflow/.local/lib/python3.12/site-packages/airflow/example_dags/example_sensor_decorator.py
[2025-09-29T16:29:18.848+0000] {logging_mixin.py:188} INFO - [2025-09-29T16:29:18.847+0000] {dag.py:3089} INFO - Sync 1 DAGs
[2025-09-29T16:29:18.879+0000] {logging_mixin.py:188} INFO - [2025-09-29T16:29:18.879+0000] {dag.py:3947} INFO - Setting next_dagrun for example_sensor_decorator to None, run_after=None
[2025-09-29T16:29:18.940+0000] {processor.py:183} INFO - Processing /home/airflow/.local/lib/python3.12/site-packages/airflow/example_dags/example_sensor_decorator.py took 0.188 seconds
[2025-09-29T16:29:49.757+0000] {processor.py:161} INFO - Started process (PID=29125) to work on /home/airflow/.local/lib/python3.12/site-packages/airflow/example_dags/example_sensor_decorator.py
[2025-09-29T16:29:49.760+0000] {processor.py:830} INFO - Processing file /home/airflow/.local/lib/python3.12/site-packages/airflow/example_dags/example_sensor_decorator.py for tasks to queue
[2025-09-29T16:29:49.762+0000] {logging_mixin.py:188} INFO - [2025-09-29T16:29:49.761+0000] {dagbag.py:545} INFO - Filling up the DagBag from /home/airflow/.local/lib/python3.12/site-packages/airflow/example_dags/example_sensor_decorator.py
[2025-09-29T16:29:49.779+0000] {processor.py:840} INFO - DAG(s) 'example_sensor_decorator' retrieved from /home/airflow/.local/lib/python3.12/site-packages/airflow/example_dags/example_sensor_decorator.py
[2025-09-29T16:29:49.841+0000] {logging_mixin.py:188} INFO - [2025-09-29T16:29:49.840+0000] {dag.py:3089} INFO - Sync 1 DAGs
[2025-09-29T16:29:49.877+0000] {logging_mixin.py:188} INFO - [2025-09-29T16:29:49.876+0000] {dag.py:3947} INFO - Setting next_dagrun for example_sensor_decorator to None, run_after=None
[2025-09-29T16:29:49.941+0000] {processor.py:183} INFO - Processing /home/airflow/.local/lib/python3.12/site-packages/airflow/example_dags/example_sensor_decorator.py took 0.201 seconds
[2025-09-29T16:30:20.486+0000] {processor.py:161} INFO - Started process (PID=29386) to work on /home/airflow/.local/lib/python3.12/site-packages/airflow/example_dags/example_sensor_decorator.py
[2025-09-29T16:30:20.490+0000] {processor.py:830} INFO - Processing file /home/airflow/.local/lib/python3.12/site-packages/airflow/example_dags/example_sensor_decorator.py for tasks to queue
[2025-09-29T16:30:20.492+0000] {logging_mixin.py:188} INFO - [2025-09-29T16:30:20.491+0000] {dagbag.py:545} INFO - Filling up the DagBag from /home/airflow/.local/lib/python3.12/site-packages/airflow/example_dags/example_sensor_decorator.py
[2025-09-29T16:30:20.506+0000] {processor.py:840} INFO - DAG(s) 'example_sensor_decorator' retrieved from /home/airflow/.local/lib/python3.12/site-packages/airflow/example_dags/example_sensor_decorator.py
[2025-09-29T16:30:20.578+0000] {logging_mixin.py:188} INFO - [2025-09-29T16:30:20.577+0000] {dag.py:3089} INFO - Sync 1 DAGs
[2025-09-29T16:30:20.626+0000] {logging_mixin.py:188} INFO - [2025-09-29T16:30:20.625+0000] {dag.py:3947} INFO - Setting next_dagrun for example_sensor_decorator to None, run_after=None
[2025-09-29T16:30:20.730+0000] {processor.py:183} INFO - Processing /home/airflow/.local/lib/python3.12/site-packages/airflow/example_dags/example_sensor_decorator.py took 0.260 seconds
[2025-09-29T16:30:51.015+0000] {processor.py:161} INFO - Started process (PID=29647) to work on /home/airflow/.local/lib/python3.12/site-packages/airflow/example_dags/example_sensor_decorator.py
[2025-09-29T16:30:51.018+0000] {processor.py:830} INFO - Processing file /home/airflow/.local/lib/python3.12/site-packages/airflow/example_dags/example_sensor_decorator.py for tasks to queue
[2025-09-29T16:30:51.021+0000] {logging_mixin.py:188} INFO - [2025-09-29T16:30:51.020+0000] {dagbag.py:545} INFO - Filling up the DagBag from /home/airflow/.local/lib/python3.12/site-packages/airflow/example_dags/example_sensor_decorator.py
[2025-09-29T16:30:51.035+0000] {processor.py:840} INFO - DAG(s) 'example_sensor_decorator' retrieved from /home/airflow/.local/lib/python3.12/site-packages/airflow/example_dags/example_sensor_decorator.py
[2025-09-29T16:30:51.090+0000] {logging_mixin.py:188} INFO - [2025-09-29T16:30:51.089+0000] {dag.py:3089} INFO - Sync 1 DAGs
[2025-09-29T16:30:51.120+0000] {logging_mixin.py:188} INFO - [2025-09-29T16:30:51.119+0000] {dag.py:3947} INFO - Setting next_dagrun for example_sensor_decorator to None, run_after=None
[2025-09-29T16:30:51.172+0000] {processor.py:183} INFO - Processing /home/airflow/.local/lib/python3.12/site-packages/airflow/example_dags/example_sensor_decorator.py took 0.171 seconds
[2025-09-29T16:31:22.156+0000] {processor.py:161} INFO - Started process (PID=29908) to work on /home/airflow/.local/lib/python3.12/site-packages/airflow/example_dags/example_sensor_decorator.py
[2025-09-29T16:31:22.159+0000] {processor.py:830} INFO - Processing file /home/airflow/.local/lib/python3.12/site-packages/airflow/example_dags/example_sensor_decorator.py for tasks to queue
[2025-09-29T16:31:22.161+0000] {logging_mixin.py:188} INFO - [2025-09-29T16:31:22.160+0000] {dagbag.py:545} INFO - Filling up the DagBag from /home/airflow/.local/lib/python3.12/site-packages/airflow/example_dags/example_sensor_decorator.py
[2025-09-29T16:31:22.175+0000] {processor.py:840} INFO - DAG(s) 'example_sensor_decorator' retrieved from /home/airflow/.local/lib/python3.12/site-packages/airflow/example_dags/example_sensor_decorator.py
[2025-09-29T16:31:22.233+0000] {logging_mixin.py:188} INFO - [2025-09-29T16:31:22.232+0000] {dag.py:3089} INFO - Sync 1 DAGs
[2025-09-29T16:31:22.272+0000] {logging_mixin.py:188} INFO - [2025-09-29T16:31:22.271+0000] {dag.py:3947} INFO - Setting next_dagrun for example_sensor_decorator to None, run_after=None
[2025-09-29T16:31:22.326+0000] {processor.py:183} INFO - Processing /home/airflow/.local/lib/python3.12/site-packages/airflow/example_dags/example_sensor_decorator.py took 0.184 seconds
[2025-09-29T16:31:53.199+0000] {processor.py:161} INFO - Started process (PID=30169) to work on /home/airflow/.local/lib/python3.12/site-packages/airflow/example_dags/example_sensor_decorator.py
[2025-09-29T16:31:53.202+0000] {processor.py:830} INFO - Processing file /home/airflow/.local/lib/python3.12/site-packages/airflow/example_dags/example_sensor_decorator.py for tasks to queue
[2025-09-29T16:31:53.204+0000] {logging_mixin.py:188} INFO - [2025-09-29T16:31:53.203+0000] {dagbag.py:545} INFO - Filling up the DagBag from /home/airflow/.local/lib/python3.12/site-packages/airflow/example_dags/example_sensor_decorator.py
[2025-09-29T16:31:53.218+0000] {processor.py:840} INFO - DAG(s) 'example_sensor_decorator' retrieved from /home/airflow/.local/lib/python3.12/site-packages/airflow/example_dags/example_sensor_decorator.py
[2025-09-29T16:31:53.271+0000] {logging_mixin.py:188} INFO - [2025-09-29T16:31:53.271+0000] {dag.py:3089} INFO - Sync 1 DAGs
[2025-09-29T16:31:53.299+0000] {logging_mixin.py:188} INFO - [2025-09-29T16:31:53.299+0000] {dag.py:3947} INFO - Setting next_dagrun for example_sensor_decorator to None, run_after=None
[2025-09-29T16:31:53.355+0000] {processor.py:183} INFO - Processing /home/airflow/.local/lib/python3.12/site-packages/airflow/example_dags/example_sensor_decorator.py took 0.172 seconds
[2025-09-29T16:32:24.039+0000] {processor.py:161} INFO - Started process (PID=30435) to work on /home/airflow/.local/lib/python3.12/site-packages/airflow/example_dags/example_sensor_decorator.py
[2025-09-29T16:32:24.042+0000] {processor.py:830} INFO - Processing file /home/airflow/.local/lib/python3.12/site-packages/airflow/example_dags/example_sensor_decorator.py for tasks to queue
[2025-09-29T16:32:24.043+0000] {logging_mixin.py:188} INFO - [2025-09-29T16:32:24.043+0000] {dagbag.py:545} INFO - Filling up the DagBag from /home/airflow/.local/lib/python3.12/site-packages/airflow/example_dags/example_sensor_decorator.py
[2025-09-29T16:32:24.058+0000] {processor.py:840} INFO - DAG(s) 'example_sensor_decorator' retrieved from /home/airflow/.local/lib/python3.12/site-packages/airflow/example_dags/example_sensor_decorator.py
[2025-09-29T16:32:24.118+0000] {logging_mixin.py:188} INFO - [2025-09-29T16:32:24.118+0000] {dag.py:3089} INFO - Sync 1 DAGs
[2025-09-29T16:32:24.151+0000] {logging_mixin.py:188} INFO - [2025-09-29T16:32:24.150+0000] {dag.py:3947} INFO - Setting next_dagrun for example_sensor_decorator to None, run_after=None
[2025-09-29T16:32:24.207+0000] {processor.py:183} INFO - Processing /home/airflow/.local/lib/python3.12/site-packages/airflow/example_dags/example_sensor_decorator.py took 0.183 seconds
[2025-09-29T16:32:54.587+0000] {processor.py:161} INFO - Started process (PID=30696) to work on /home/airflow/.local/lib/python3.12/site-packages/airflow/example_dags/example_sensor_decorator.py
[2025-09-29T16:32:54.590+0000] {processor.py:830} INFO - Processing file /home/airflow/.local/lib/python3.12/site-packages/airflow/example_dags/example_sensor_decorator.py for tasks to queue
[2025-09-29T16:32:54.592+0000] {logging_mixin.py:188} INFO - [2025-09-29T16:32:54.591+0000] {dagbag.py:545} INFO - Filling up the DagBag from /home/airflow/.local/lib/python3.12/site-packages/airflow/example_dags/example_sensor_decorator.py
[2025-09-29T16:32:54.606+0000] {processor.py:840} INFO - DAG(s) 'example_sensor_decorator' retrieved from /home/airflow/.local/lib/python3.12/site-packages/airflow/example_dags/example_sensor_decorator.py
[2025-09-29T16:32:54.662+0000] {logging_mixin.py:188} INFO - [2025-09-29T16:32:54.661+0000] {dag.py:3089} INFO - Sync 1 DAGs
[2025-09-29T16:32:54.691+0000] {logging_mixin.py:188} INFO - [2025-09-29T16:32:54.691+0000] {dag.py:3947} INFO - Setting next_dagrun for example_sensor_decorator to None, run_after=None
[2025-09-29T16:32:54.739+0000] {processor.py:183} INFO - Processing /home/airflow/.local/lib/python3.12/site-packages/airflow/example_dags/example_sensor_decorator.py took 0.167 seconds
[2025-09-29T16:33:25.103+0000] {processor.py:161} INFO - Started process (PID=30959) to work on /home/airflow/.local/lib/python3.12/site-packages/airflow/example_dags/example_sensor_decorator.py
[2025-09-29T16:33:25.106+0000] {processor.py:830} INFO - Processing file /home/airflow/.local/lib/python3.12/site-packages/airflow/example_dags/example_sensor_decorator.py for tasks to queue
[2025-09-29T16:33:25.108+0000] {logging_mixin.py:188} INFO - [2025-09-29T16:33:25.107+0000] {dagbag.py:545} INFO - Filling up the DagBag from /home/airflow/.local/lib/python3.12/site-packages/airflow/example_dags/example_sensor_decorator.py
[2025-09-29T16:33:25.123+0000] {processor.py:840} INFO - DAG(s) 'example_sensor_decorator' retrieved from /home/airflow/.local/lib/python3.12/site-packages/airflow/example_dags/example_sensor_decorator.py
[2025-09-29T16:33:25.192+0000] {logging_mixin.py:188} INFO - [2025-09-29T16:33:25.191+0000] {dag.py:3089} INFO - Sync 1 DAGs
[2025-09-29T16:33:25.227+0000] {logging_mixin.py:188} INFO - [2025-09-29T16:33:25.227+0000] {dag.py:3947} INFO - Setting next_dagrun for example_sensor_decorator to None, run_after=None
[2025-09-29T16:33:25.280+0000] {processor.py:183} INFO - Processing /home/airflow/.local/lib/python3.12/site-packages/airflow/example_dags/example_sensor_decorator.py took 0.194 seconds
[2025-09-29T16:33:55.979+0000] {processor.py:161} INFO - Started process (PID=31218) to work on /home/airflow/.local/lib/python3.12/site-packages/airflow/example_dags/example_sensor_decorator.py
[2025-09-29T16:33:55.982+0000] {processor.py:830} INFO - Processing file /home/airflow/.local/lib/python3.12/site-packages/airflow/example_dags/example_sensor_decorator.py for tasks to queue
[2025-09-29T16:33:55.983+0000] {logging_mixin.py:188} INFO - [2025-09-29T16:33:55.983+0000] {dagbag.py:545} INFO - Filling up the DagBag from /home/airflow/.local/lib/python3.12/site-packages/airflow/example_dags/example_sensor_decorator.py
[2025-09-29T16:33:55.998+0000] {processor.py:840} INFO - DAG(s) 'example_sensor_decorator' retrieved from /home/airflow/.local/lib/python3.12/site-packages/airflow/example_dags/example_sensor_decorator.py
[2025-09-29T16:33:56.058+0000] {logging_mixin.py:188} INFO - [2025-09-29T16:33:56.058+0000] {dag.py:3089} INFO - Sync 1 DAGs
[2025-09-29T16:33:56.088+0000] {logging_mixin.py:188} INFO - [2025-09-29T16:33:56.087+0000] {dag.py:3947} INFO - Setting next_dagrun for example_sensor_decorator to None, run_after=None
[2025-09-29T16:33:56.141+0000] {processor.py:183} INFO - Processing /home/airflow/.local/lib/python3.12/site-packages/airflow/example_dags/example_sensor_decorator.py took 0.179 seconds
[2025-09-29T16:34:27.703+0000] {processor.py:161} INFO - Started process (PID=31479) to work on /home/airflow/.local/lib/python3.12/site-packages/airflow/example_dags/example_sensor_decorator.py
[2025-09-29T16:34:27.707+0000] {processor.py:830} INFO - Processing file /home/airflow/.local/lib/python3.12/site-packages/airflow/example_dags/example_sensor_decorator.py for tasks to queue
[2025-09-29T16:34:27.709+0000] {logging_mixin.py:188} INFO - [2025-09-29T16:34:27.708+0000] {dagbag.py:545} INFO - Filling up the DagBag from /home/airflow/.local/lib/python3.12/site-packages/airflow/example_dags/example_sensor_decorator.py
[2025-09-29T16:34:27.729+0000] {processor.py:840} INFO - DAG(s) 'example_sensor_decorator' retrieved from /home/airflow/.local/lib/python3.12/site-packages/airflow/example_dags/example_sensor_decorator.py
[2025-09-29T16:34:27.811+0000] {logging_mixin.py:188} INFO - [2025-09-29T16:34:27.810+0000] {dag.py:3089} INFO - Sync 1 DAGs
[2025-09-29T16:34:27.858+0000] {logging_mixin.py:188} INFO - [2025-09-29T16:34:27.857+0000] {dag.py:3947} INFO - Setting next_dagrun for example_sensor_decorator to None, run_after=None
[2025-09-29T16:34:27.922+0000] {processor.py:183} INFO - Processing /home/airflow/.local/lib/python3.12/site-packages/airflow/example_dags/example_sensor_decorator.py took 0.241 seconds
[2025-09-29T16:47:34.795+0000] {processor.py:161} INFO - Started process (PID=357) to work on /home/airflow/.local/lib/python3.12/site-packages/airflow/example_dags/example_sensor_decorator.py
[2025-09-29T16:47:34.798+0000] {processor.py:830} INFO - Processing file /home/airflow/.local/lib/python3.12/site-packages/airflow/example_dags/example_sensor_decorator.py for tasks to queue
[2025-09-29T16:47:34.803+0000] {logging_mixin.py:188} INFO - [2025-09-29T16:47:34.802+0000] {dagbag.py:545} INFO - Filling up the DagBag from /home/airflow/.local/lib/python3.12/site-packages/airflow/example_dags/example_sensor_decorator.py
[2025-09-29T16:47:34.829+0000] {processor.py:840} INFO - DAG(s) 'example_sensor_decorator' retrieved from /home/airflow/.local/lib/python3.12/site-packages/airflow/example_dags/example_sensor_decorator.py
[2025-09-29T16:47:34.875+0000] {logging_mixin.py:188} INFO - [2025-09-29T16:47:34.874+0000] {dag.py:3089} INFO - Sync 1 DAGs
[2025-09-29T16:47:34.916+0000] {logging_mixin.py:188} INFO - [2025-09-29T16:47:34.916+0000] {dag.py:3947} INFO - Setting next_dagrun for example_sensor_decorator to None, run_after=None
[2025-09-29T16:47:34.965+0000] {processor.py:183} INFO - Processing /home/airflow/.local/lib/python3.12/site-packages/airflow/example_dags/example_sensor_decorator.py took 0.186 seconds
[2025-09-29T16:48:12.704+0000] {processor.py:161} INFO - Started process (PID=631) to work on /home/airflow/.local/lib/python3.12/site-packages/airflow/example_dags/example_sensor_decorator.py
[2025-09-29T16:48:12.708+0000] {processor.py:830} INFO - Processing file /home/airflow/.local/lib/python3.12/site-packages/airflow/example_dags/example_sensor_decorator.py for tasks to queue
[2025-09-29T16:48:12.712+0000] {logging_mixin.py:188} INFO - [2025-09-29T16:48:12.711+0000] {dagbag.py:545} INFO - Filling up the DagBag from /home/airflow/.local/lib/python3.12/site-packages/airflow/example_dags/example_sensor_decorator.py
[2025-09-29T16:48:12.727+0000] {processor.py:840} INFO - DAG(s) 'example_sensor_decorator' retrieved from /home/airflow/.local/lib/python3.12/site-packages/airflow/example_dags/example_sensor_decorator.py
[2025-09-29T16:48:13.321+0000] {logging_mixin.py:188} INFO - [2025-09-29T16:48:13.320+0000] {dag.py:3089} INFO - Sync 1 DAGs
[2025-09-29T16:48:13.426+0000] {logging_mixin.py:188} INFO - [2025-09-29T16:48:13.425+0000] {dag.py:3947} INFO - Setting next_dagrun for example_sensor_decorator to None, run_after=None
[2025-09-29T16:48:13.506+0000] {processor.py:183} INFO - Processing /home/airflow/.local/lib/python3.12/site-packages/airflow/example_dags/example_sensor_decorator.py took 0.819 seconds
[2025-09-29T16:48:43.655+0000] {processor.py:161} INFO - Started process (PID=901) to work on /home/airflow/.local/lib/python3.12/site-packages/airflow/example_dags/example_sensor_decorator.py
[2025-09-29T16:48:43.658+0000] {processor.py:830} INFO - Processing file /home/airflow/.local/lib/python3.12/site-packages/airflow/example_dags/example_sensor_decorator.py for tasks to queue
[2025-09-29T16:48:43.662+0000] {logging_mixin.py:188} INFO - [2025-09-29T16:48:43.661+0000] {dagbag.py:545} INFO - Filling up the DagBag from /home/airflow/.local/lib/python3.12/site-packages/airflow/example_dags/example_sensor_decorator.py
[2025-09-29T16:48:43.676+0000] {processor.py:840} INFO - DAG(s) 'example_sensor_decorator' retrieved from /home/airflow/.local/lib/python3.12/site-packages/airflow/example_dags/example_sensor_decorator.py
[2025-09-29T16:48:43.729+0000] {logging_mixin.py:188} INFO - [2025-09-29T16:48:43.729+0000] {dag.py:3089} INFO - Sync 1 DAGs
[2025-09-29T16:48:43.758+0000] {logging_mixin.py:188} INFO - [2025-09-29T16:48:43.758+0000] {dag.py:3947} INFO - Setting next_dagrun for example_sensor_decorator to None, run_after=None
[2025-09-29T16:48:43.810+0000] {processor.py:183} INFO - Processing /home/airflow/.local/lib/python3.12/site-packages/airflow/example_dags/example_sensor_decorator.py took 0.169 seconds
[2025-09-29T16:55:37.661+0000] {processor.py:161} INFO - Started process (PID=375) to work on /home/airflow/.local/lib/python3.12/site-packages/airflow/example_dags/example_sensor_decorator.py
[2025-09-29T16:55:37.664+0000] {processor.py:830} INFO - Processing file /home/airflow/.local/lib/python3.12/site-packages/airflow/example_dags/example_sensor_decorator.py for tasks to queue
[2025-09-29T16:55:37.668+0000] {logging_mixin.py:188} INFO - [2025-09-29T16:55:37.667+0000] {dagbag.py:545} INFO - Filling up the DagBag from /home/airflow/.local/lib/python3.12/site-packages/airflow/example_dags/example_sensor_decorator.py
[2025-09-29T16:55:37.687+0000] {processor.py:840} INFO - DAG(s) 'example_sensor_decorator' retrieved from /home/airflow/.local/lib/python3.12/site-packages/airflow/example_dags/example_sensor_decorator.py
[2025-09-29T16:55:37.723+0000] {logging_mixin.py:188} INFO - [2025-09-29T16:55:37.722+0000] {dag.py:3089} INFO - Sync 1 DAGs
[2025-09-29T16:55:37.761+0000] {logging_mixin.py:188} INFO - [2025-09-29T16:55:37.760+0000] {dag.py:3947} INFO - Setting next_dagrun for example_sensor_decorator to None, run_after=None
[2025-09-29T16:55:37.809+0000] {processor.py:183} INFO - Processing /home/airflow/.local/lib/python3.12/site-packages/airflow/example_dags/example_sensor_decorator.py took 0.164 seconds
[2025-09-29T16:56:16.847+0000] {processor.py:161} INFO - Started process (PID=655) to work on /home/airflow/.local/lib/python3.12/site-packages/airflow/example_dags/example_sensor_decorator.py
[2025-09-29T16:56:16.850+0000] {processor.py:830} INFO - Processing file /home/airflow/.local/lib/python3.12/site-packages/airflow/example_dags/example_sensor_decorator.py for tasks to queue
[2025-09-29T16:56:16.854+0000] {logging_mixin.py:188} INFO - [2025-09-29T16:56:16.854+0000] {dagbag.py:545} INFO - Filling up the DagBag from /home/airflow/.local/lib/python3.12/site-packages/airflow/example_dags/example_sensor_decorator.py
[2025-09-29T16:56:16.872+0000] {processor.py:840} INFO - DAG(s) 'example_sensor_decorator' retrieved from /home/airflow/.local/lib/python3.12/site-packages/airflow/example_dags/example_sensor_decorator.py
[2025-09-29T16:56:17.206+0000] {logging_mixin.py:188} INFO - [2025-09-29T16:56:17.206+0000] {dag.py:3089} INFO - Sync 1 DAGs
[2025-09-29T16:56:17.234+0000] {logging_mixin.py:188} INFO - [2025-09-29T16:56:17.233+0000] {dag.py:3947} INFO - Setting next_dagrun for example_sensor_decorator to None, run_after=None
[2025-09-29T16:56:17.466+0000] {processor.py:183} INFO - Processing /home/airflow/.local/lib/python3.12/site-packages/airflow/example_dags/example_sensor_decorator.py took 0.596 seconds
[2025-09-29T16:56:48.371+0000] {processor.py:161} INFO - Started process (PID=923) to work on /home/airflow/.local/lib/python3.12/site-packages/airflow/example_dags/example_sensor_decorator.py
[2025-09-29T16:56:48.421+0000] {processor.py:830} INFO - Processing file /home/airflow/.local/lib/python3.12/site-packages/airflow/example_dags/example_sensor_decorator.py for tasks to queue
[2025-09-29T16:56:48.426+0000] {logging_mixin.py:188} INFO - [2025-09-29T16:56:48.425+0000] {dagbag.py:545} INFO - Filling up the DagBag from /home/airflow/.local/lib/python3.12/site-packages/airflow/example_dags/example_sensor_decorator.py
[2025-09-29T16:56:48.494+0000] {processor.py:840} INFO - DAG(s) 'example_sensor_decorator' retrieved from /home/airflow/.local/lib/python3.12/site-packages/airflow/example_dags/example_sensor_decorator.py
[2025-09-29T16:56:48.558+0000] {logging_mixin.py:188} INFO - [2025-09-29T16:56:48.557+0000] {dag.py:3089} INFO - Sync 1 DAGs
[2025-09-29T16:56:48.596+0000] {logging_mixin.py:188} INFO - [2025-09-29T16:56:48.595+0000] {dag.py:3947} INFO - Setting next_dagrun for example_sensor_decorator to None, run_after=None
[2025-09-29T16:56:48.763+0000] {processor.py:183} INFO - Processing /home/airflow/.local/lib/python3.12/site-packages/airflow/example_dags/example_sensor_decorator.py took 0.407 seconds
[2025-09-29T16:57:22.567+0000] {processor.py:161} INFO - Started process (PID=1191) to work on /home/airflow/.local/lib/python3.12/site-packages/airflow/example_dags/example_sensor_decorator.py
[2025-09-29T16:57:22.571+0000] {processor.py:830} INFO - Processing file /home/airflow/.local/lib/python3.12/site-packages/airflow/example_dags/example_sensor_decorator.py for tasks to queue
[2025-09-29T16:57:22.577+0000] {logging_mixin.py:188} INFO - [2025-09-29T16:57:22.576+0000] {dagbag.py:545} INFO - Filling up the DagBag from /home/airflow/.local/lib/python3.12/site-packages/airflow/example_dags/example_sensor_decorator.py
[2025-09-29T16:57:22.596+0000] {processor.py:840} INFO - DAG(s) 'example_sensor_decorator' retrieved from /home/airflow/.local/lib/python3.12/site-packages/airflow/example_dags/example_sensor_decorator.py
[2025-09-29T16:57:22.673+0000] {logging_mixin.py:188} INFO - [2025-09-29T16:57:22.672+0000] {dag.py:3089} INFO - Sync 1 DAGs
[2025-09-29T16:57:22.716+0000] {logging_mixin.py:188} INFO - [2025-09-29T16:57:22.715+0000] {dag.py:3947} INFO - Setting next_dagrun for example_sensor_decorator to None, run_after=None
[2025-09-29T16:57:22.780+0000] {processor.py:183} INFO - Processing /home/airflow/.local/lib/python3.12/site-packages/airflow/example_dags/example_sensor_decorator.py took 0.235 seconds
[2025-09-29T16:57:54.137+0000] {processor.py:161} INFO - Started process (PID=1456) to work on /home/airflow/.local/lib/python3.12/site-packages/airflow/example_dags/example_sensor_decorator.py
[2025-09-29T16:57:54.140+0000] {processor.py:830} INFO - Processing file /home/airflow/.local/lib/python3.12/site-packages/airflow/example_dags/example_sensor_decorator.py for tasks to queue
[2025-09-29T16:57:54.146+0000] {logging_mixin.py:188} INFO - [2025-09-29T16:57:54.144+0000] {dagbag.py:545} INFO - Filling up the DagBag from /home/airflow/.local/lib/python3.12/site-packages/airflow/example_dags/example_sensor_decorator.py
[2025-09-29T16:57:54.173+0000] {processor.py:840} INFO - DAG(s) 'example_sensor_decorator' retrieved from /home/airflow/.local/lib/python3.12/site-packages/airflow/example_dags/example_sensor_decorator.py
[2025-09-29T16:57:54.260+0000] {logging_mixin.py:188} INFO - [2025-09-29T16:57:54.258+0000] {dag.py:3089} INFO - Sync 1 DAGs
[2025-09-29T16:57:54.307+0000] {logging_mixin.py:188} INFO - [2025-09-29T16:57:54.306+0000] {dag.py:3947} INFO - Setting next_dagrun for example_sensor_decorator to None, run_after=None
[2025-09-29T16:57:54.365+0000] {processor.py:183} INFO - Processing /home/airflow/.local/lib/python3.12/site-packages/airflow/example_dags/example_sensor_decorator.py took 0.247 seconds
[2025-09-29T16:58:25.281+0000] {processor.py:161} INFO - Started process (PID=1728) to work on /home/airflow/.local/lib/python3.12/site-packages/airflow/example_dags/example_sensor_decorator.py
[2025-09-29T16:58:25.283+0000] {processor.py:830} INFO - Processing file /home/airflow/.local/lib/python3.12/site-packages/airflow/example_dags/example_sensor_decorator.py for tasks to queue
[2025-09-29T16:58:25.288+0000] {logging_mixin.py:188} INFO - [2025-09-29T16:58:25.287+0000] {dagbag.py:545} INFO - Filling up the DagBag from /home/airflow/.local/lib/python3.12/site-packages/airflow/example_dags/example_sensor_decorator.py
[2025-09-29T16:58:25.304+0000] {processor.py:840} INFO - DAG(s) 'example_sensor_decorator' retrieved from /home/airflow/.local/lib/python3.12/site-packages/airflow/example_dags/example_sensor_decorator.py
[2025-09-29T16:58:25.365+0000] {logging_mixin.py:188} INFO - [2025-09-29T16:58:25.364+0000] {dag.py:3089} INFO - Sync 1 DAGs
[2025-09-29T16:58:25.398+0000] {logging_mixin.py:188} INFO - [2025-09-29T16:58:25.398+0000] {dag.py:3947} INFO - Setting next_dagrun for example_sensor_decorator to None, run_after=None
[2025-09-29T16:58:25.461+0000] {processor.py:183} INFO - Processing /home/airflow/.local/lib/python3.12/site-packages/airflow/example_dags/example_sensor_decorator.py took 0.195 seconds
[2025-09-29T16:58:56.158+0000] {processor.py:161} INFO - Started process (PID=1980) to work on /home/airflow/.local/lib/python3.12/site-packages/airflow/example_dags/example_sensor_decorator.py
[2025-09-29T16:58:56.161+0000] {processor.py:830} INFO - Processing file /home/airflow/.local/lib/python3.12/site-packages/airflow/example_dags/example_sensor_decorator.py for tasks to queue
[2025-09-29T16:58:56.165+0000] {logging_mixin.py:188} INFO - [2025-09-29T16:58:56.164+0000] {dagbag.py:545} INFO - Filling up the DagBag from /home/airflow/.local/lib/python3.12/site-packages/airflow/example_dags/example_sensor_decorator.py
[2025-09-29T16:58:56.179+0000] {processor.py:840} INFO - DAG(s) 'example_sensor_decorator' retrieved from /home/airflow/.local/lib/python3.12/site-packages/airflow/example_dags/example_sensor_decorator.py
[2025-09-29T16:58:56.238+0000] {logging_mixin.py:188} INFO - [2025-09-29T16:58:56.237+0000] {dag.py:3089} INFO - Sync 1 DAGs
[2025-09-29T16:58:56.267+0000] {logging_mixin.py:188} INFO - [2025-09-29T16:58:56.267+0000] {dag.py:3947} INFO - Setting next_dagrun for example_sensor_decorator to None, run_after=None
[2025-09-29T16:58:56.316+0000] {processor.py:183} INFO - Processing /home/airflow/.local/lib/python3.12/site-packages/airflow/example_dags/example_sensor_decorator.py took 0.172 seconds
[2025-09-29T16:59:27.181+0000] {processor.py:161} INFO - Started process (PID=2242) to work on /home/airflow/.local/lib/python3.12/site-packages/airflow/example_dags/example_sensor_decorator.py
[2025-09-29T16:59:27.183+0000] {processor.py:830} INFO - Processing file /home/airflow/.local/lib/python3.12/site-packages/airflow/example_dags/example_sensor_decorator.py for tasks to queue
[2025-09-29T16:59:27.188+0000] {logging_mixin.py:188} INFO - [2025-09-29T16:59:27.187+0000] {dagbag.py:545} INFO - Filling up the DagBag from /home/airflow/.local/lib/python3.12/site-packages/airflow/example_dags/example_sensor_decorator.py
[2025-09-29T16:59:27.203+0000] {processor.py:840} INFO - DAG(s) 'example_sensor_decorator' retrieved from /home/airflow/.local/lib/python3.12/site-packages/airflow/example_dags/example_sensor_decorator.py
[2025-09-29T16:59:27.261+0000] {logging_mixin.py:188} INFO - [2025-09-29T16:59:27.260+0000] {dag.py:3089} INFO - Sync 1 DAGs
[2025-09-29T16:59:27.292+0000] {logging_mixin.py:188} INFO - [2025-09-29T16:59:27.291+0000] {dag.py:3947} INFO - Setting next_dagrun for example_sensor_decorator to None, run_after=None
[2025-09-29T16:59:27.342+0000] {processor.py:183} INFO - Processing /home/airflow/.local/lib/python3.12/site-packages/airflow/example_dags/example_sensor_decorator.py took 0.177 seconds
[2025-09-29T16:59:57.702+0000] {processor.py:161} INFO - Started process (PID=2503) to work on /home/airflow/.local/lib/python3.12/site-packages/airflow/example_dags/example_sensor_decorator.py
[2025-09-29T16:59:57.704+0000] {processor.py:830} INFO - Processing file /home/airflow/.local/lib/python3.12/site-packages/airflow/example_dags/example_sensor_decorator.py for tasks to queue
[2025-09-29T16:59:57.709+0000] {logging_mixin.py:188} INFO - [2025-09-29T16:59:57.708+0000] {dagbag.py:545} INFO - Filling up the DagBag from /home/airflow/.local/lib/python3.12/site-packages/airflow/example_dags/example_sensor_decorator.py
[2025-09-29T16:59:57.723+0000] {processor.py:840} INFO - DAG(s) 'example_sensor_decorator' retrieved from /home/airflow/.local/lib/python3.12/site-packages/airflow/example_dags/example_sensor_decorator.py
[2025-09-29T16:59:57.783+0000] {logging_mixin.py:188} INFO - [2025-09-29T16:59:57.782+0000] {dag.py:3089} INFO - Sync 1 DAGs
[2025-09-29T16:59:57.813+0000] {logging_mixin.py:188} INFO - [2025-09-29T16:59:57.813+0000] {dag.py:3947} INFO - Setting next_dagrun for example_sensor_decorator to None, run_after=None
[2025-09-29T16:59:57.866+0000] {processor.py:183} INFO - Processing /home/airflow/.local/lib/python3.12/site-packages/airflow/example_dags/example_sensor_decorator.py took 0.179 seconds
[2025-09-29T17:00:28.695+0000] {processor.py:161} INFO - Started process (PID=2760) to work on /home/airflow/.local/lib/python3.12/site-packages/airflow/example_dags/example_sensor_decorator.py
[2025-09-29T17:00:28.697+0000] {processor.py:830} INFO - Processing file /home/airflow/.local/lib/python3.12/site-packages/airflow/example_dags/example_sensor_decorator.py for tasks to queue
[2025-09-29T17:00:28.702+0000] {logging_mixin.py:188} INFO - [2025-09-29T17:00:28.701+0000] {dagbag.py:545} INFO - Filling up the DagBag from /home/airflow/.local/lib/python3.12/site-packages/airflow/example_dags/example_sensor_decorator.py
[2025-09-29T17:00:28.718+0000] {processor.py:840} INFO - DAG(s) 'example_sensor_decorator' retrieved from /home/airflow/.local/lib/python3.12/site-packages/airflow/example_dags/example_sensor_decorator.py
[2025-09-29T17:00:28.773+0000] {logging_mixin.py:188} INFO - [2025-09-29T17:00:28.773+0000] {dag.py:3089} INFO - Sync 1 DAGs
[2025-09-29T17:00:28.805+0000] {logging_mixin.py:188} INFO - [2025-09-29T17:00:28.805+0000] {dag.py:3947} INFO - Setting next_dagrun for example_sensor_decorator to None, run_after=None
[2025-09-29T17:00:28.859+0000] {processor.py:183} INFO - Processing /home/airflow/.local/lib/python3.12/site-packages/airflow/example_dags/example_sensor_decorator.py took 0.178 seconds
[2025-09-29T17:00:59.119+0000] {processor.py:161} INFO - Started process (PID=3022) to work on /home/airflow/.local/lib/python3.12/site-packages/airflow/example_dags/example_sensor_decorator.py
[2025-09-29T17:00:59.122+0000] {processor.py:830} INFO - Processing file /home/airflow/.local/lib/python3.12/site-packages/airflow/example_dags/example_sensor_decorator.py for tasks to queue
[2025-09-29T17:00:59.126+0000] {logging_mixin.py:188} INFO - [2025-09-29T17:00:59.125+0000] {dagbag.py:545} INFO - Filling up the DagBag from /home/airflow/.local/lib/python3.12/site-packages/airflow/example_dags/example_sensor_decorator.py
[2025-09-29T17:00:59.141+0000] {processor.py:840} INFO - DAG(s) 'example_sensor_decorator' retrieved from /home/airflow/.local/lib/python3.12/site-packages/airflow/example_dags/example_sensor_decorator.py
[2025-09-29T17:00:59.194+0000] {logging_mixin.py:188} INFO - [2025-09-29T17:00:59.194+0000] {dag.py:3089} INFO - Sync 1 DAGs
[2025-09-29T17:00:59.224+0000] {logging_mixin.py:188} INFO - [2025-09-29T17:00:59.223+0000] {dag.py:3947} INFO - Setting next_dagrun for example_sensor_decorator to None, run_after=None
[2025-09-29T17:00:59.276+0000] {processor.py:183} INFO - Processing /home/airflow/.local/lib/python3.12/site-packages/airflow/example_dags/example_sensor_decorator.py took 0.169 seconds
[2025-09-29T17:01:29.647+0000] {processor.py:161} INFO - Started process (PID=3284) to work on /home/airflow/.local/lib/python3.12/site-packages/airflow/example_dags/example_sensor_decorator.py
[2025-09-29T17:01:29.650+0000] {processor.py:830} INFO - Processing file /home/airflow/.local/lib/python3.12/site-packages/airflow/example_dags/example_sensor_decorator.py for tasks to queue
[2025-09-29T17:01:29.654+0000] {logging_mixin.py:188} INFO - [2025-09-29T17:01:29.653+0000] {dagbag.py:545} INFO - Filling up the DagBag from /home/airflow/.local/lib/python3.12/site-packages/airflow/example_dags/example_sensor_decorator.py
[2025-09-29T17:01:29.672+0000] {processor.py:840} INFO - DAG(s) 'example_sensor_decorator' retrieved from /home/airflow/.local/lib/python3.12/site-packages/airflow/example_dags/example_sensor_decorator.py
[2025-09-29T17:01:29.734+0000] {logging_mixin.py:188} INFO - [2025-09-29T17:01:29.734+0000] {dag.py:3089} INFO - Sync 1 DAGs
[2025-09-29T17:01:29.773+0000] {logging_mixin.py:188} INFO - [2025-09-29T17:01:29.772+0000] {dag.py:3947} INFO - Setting next_dagrun for example_sensor_decorator to None, run_after=None
[2025-09-29T17:01:29.831+0000] {processor.py:183} INFO - Processing /home/airflow/.local/lib/python3.12/site-packages/airflow/example_dags/example_sensor_decorator.py took 0.199 seconds
[2025-09-29T17:02:00.256+0000] {processor.py:161} INFO - Started process (PID=3546) to work on /home/airflow/.local/lib/python3.12/site-packages/airflow/example_dags/example_sensor_decorator.py
[2025-09-29T17:02:00.259+0000] {processor.py:830} INFO - Processing file /home/airflow/.local/lib/python3.12/site-packages/airflow/example_dags/example_sensor_decorator.py for tasks to queue
[2025-09-29T17:02:00.264+0000] {logging_mixin.py:188} INFO - [2025-09-29T17:02:00.263+0000] {dagbag.py:545} INFO - Filling up the DagBag from /home/airflow/.local/lib/python3.12/site-packages/airflow/example_dags/example_sensor_decorator.py
[2025-09-29T17:02:00.282+0000] {processor.py:840} INFO - DAG(s) 'example_sensor_decorator' retrieved from /home/airflow/.local/lib/python3.12/site-packages/airflow/example_dags/example_sensor_decorator.py
[2025-09-29T17:02:00.355+0000] {logging_mixin.py:188} INFO - [2025-09-29T17:02:00.354+0000] {dag.py:3089} INFO - Sync 1 DAGs
[2025-09-29T17:02:00.400+0000] {logging_mixin.py:188} INFO - [2025-09-29T17:02:00.399+0000] {dag.py:3947} INFO - Setting next_dagrun for example_sensor_decorator to None, run_after=None
[2025-09-29T17:02:00.469+0000] {processor.py:183} INFO - Processing /home/airflow/.local/lib/python3.12/site-packages/airflow/example_dags/example_sensor_decorator.py took 0.233 seconds
[2025-09-29T17:02:30.602+0000] {processor.py:161} INFO - Started process (PID=3805) to work on /home/airflow/.local/lib/python3.12/site-packages/airflow/example_dags/example_sensor_decorator.py
[2025-09-29T17:02:30.605+0000] {processor.py:830} INFO - Processing file /home/airflow/.local/lib/python3.12/site-packages/airflow/example_dags/example_sensor_decorator.py for tasks to queue
[2025-09-29T17:02:30.609+0000] {logging_mixin.py:188} INFO - [2025-09-29T17:02:30.609+0000] {dagbag.py:545} INFO - Filling up the DagBag from /home/airflow/.local/lib/python3.12/site-packages/airflow/example_dags/example_sensor_decorator.py
[2025-09-29T17:02:30.625+0000] {processor.py:840} INFO - DAG(s) 'example_sensor_decorator' retrieved from /home/airflow/.local/lib/python3.12/site-packages/airflow/example_dags/example_sensor_decorator.py
[2025-09-29T17:02:30.684+0000] {logging_mixin.py:188} INFO - [2025-09-29T17:02:30.683+0000] {dag.py:3089} INFO - Sync 1 DAGs
[2025-09-29T17:02:30.721+0000] {logging_mixin.py:188} INFO - [2025-09-29T17:02:30.720+0000] {dag.py:3947} INFO - Setting next_dagrun for example_sensor_decorator to None, run_after=None
[2025-09-29T17:02:30.777+0000] {processor.py:183} INFO - Processing /home/airflow/.local/lib/python3.12/site-packages/airflow/example_dags/example_sensor_decorator.py took 0.190 seconds
[2025-09-29T17:03:01.032+0000] {processor.py:161} INFO - Started process (PID=4067) to work on /home/airflow/.local/lib/python3.12/site-packages/airflow/example_dags/example_sensor_decorator.py
[2025-09-29T17:03:01.035+0000] {processor.py:830} INFO - Processing file /home/airflow/.local/lib/python3.12/site-packages/airflow/example_dags/example_sensor_decorator.py for tasks to queue
[2025-09-29T17:03:01.039+0000] {logging_mixin.py:188} INFO - [2025-09-29T17:03:01.038+0000] {dagbag.py:545} INFO - Filling up the DagBag from /home/airflow/.local/lib/python3.12/site-packages/airflow/example_dags/example_sensor_decorator.py
[2025-09-29T17:03:01.055+0000] {processor.py:840} INFO - DAG(s) 'example_sensor_decorator' retrieved from /home/airflow/.local/lib/python3.12/site-packages/airflow/example_dags/example_sensor_decorator.py
[2025-09-29T17:03:01.112+0000] {logging_mixin.py:188} INFO - [2025-09-29T17:03:01.112+0000] {dag.py:3089} INFO - Sync 1 DAGs
[2025-09-29T17:03:01.148+0000] {logging_mixin.py:188} INFO - [2025-09-29T17:03:01.147+0000] {dag.py:3947} INFO - Setting next_dagrun for example_sensor_decorator to None, run_after=None
[2025-09-29T17:03:01.197+0000] {processor.py:183} INFO - Processing /home/airflow/.local/lib/python3.12/site-packages/airflow/example_dags/example_sensor_decorator.py took 0.180 seconds
[2025-09-29T17:03:31.738+0000] {processor.py:161} INFO - Started process (PID=4332) to work on /home/airflow/.local/lib/python3.12/site-packages/airflow/example_dags/example_sensor_decorator.py
[2025-09-29T17:03:31.741+0000] {processor.py:830} INFO - Processing file /home/airflow/.local/lib/python3.12/site-packages/airflow/example_dags/example_sensor_decorator.py for tasks to queue
[2025-09-29T17:03:31.745+0000] {logging_mixin.py:188} INFO - [2025-09-29T17:03:31.744+0000] {dagbag.py:545} INFO - Filling up the DagBag from /home/airflow/.local/lib/python3.12/site-packages/airflow/example_dags/example_sensor_decorator.py
[2025-09-29T17:03:31.761+0000] {processor.py:840} INFO - DAG(s) 'example_sensor_decorator' retrieved from /home/airflow/.local/lib/python3.12/site-packages/airflow/example_dags/example_sensor_decorator.py
[2025-09-29T17:03:31.820+0000] {logging_mixin.py:188} INFO - [2025-09-29T17:03:31.819+0000] {dag.py:3089} INFO - Sync 1 DAGs
[2025-09-29T17:03:31.856+0000] {logging_mixin.py:188} INFO - [2025-09-29T17:03:31.855+0000] {dag.py:3947} INFO - Setting next_dagrun for example_sensor_decorator to None, run_after=None
[2025-09-29T17:03:31.909+0000] {processor.py:183} INFO - Processing /home/airflow/.local/lib/python3.12/site-packages/airflow/example_dags/example_sensor_decorator.py took 0.187 seconds
[2025-09-29T17:04:02.091+0000] {processor.py:161} INFO - Started process (PID=4594) to work on /home/airflow/.local/lib/python3.12/site-packages/airflow/example_dags/example_sensor_decorator.py
[2025-09-29T17:04:02.094+0000] {processor.py:830} INFO - Processing file /home/airflow/.local/lib/python3.12/site-packages/airflow/example_dags/example_sensor_decorator.py for tasks to queue
[2025-09-29T17:04:02.099+0000] {logging_mixin.py:188} INFO - [2025-09-29T17:04:02.098+0000] {dagbag.py:545} INFO - Filling up the DagBag from /home/airflow/.local/lib/python3.12/site-packages/airflow/example_dags/example_sensor_decorator.py
[2025-09-29T17:04:02.114+0000] {processor.py:840} INFO - DAG(s) 'example_sensor_decorator' retrieved from /home/airflow/.local/lib/python3.12/site-packages/airflow/example_dags/example_sensor_decorator.py
[2025-09-29T17:04:02.169+0000] {logging_mixin.py:188} INFO - [2025-09-29T17:04:02.169+0000] {dag.py:3089} INFO - Sync 1 DAGs
[2025-09-29T17:04:02.200+0000] {logging_mixin.py:188} INFO - [2025-09-29T17:04:02.200+0000] {dag.py:3947} INFO - Setting next_dagrun for example_sensor_decorator to None, run_after=None
[2025-09-29T17:04:02.248+0000] {processor.py:183} INFO - Processing /home/airflow/.local/lib/python3.12/site-packages/airflow/example_dags/example_sensor_decorator.py took 0.174 seconds
[2025-09-29T17:04:32.554+0000] {processor.py:161} INFO - Started process (PID=4856) to work on /home/airflow/.local/lib/python3.12/site-packages/airflow/example_dags/example_sensor_decorator.py
[2025-09-29T17:04:32.557+0000] {processor.py:830} INFO - Processing file /home/airflow/.local/lib/python3.12/site-packages/airflow/example_dags/example_sensor_decorator.py for tasks to queue
[2025-09-29T17:04:32.562+0000] {logging_mixin.py:188} INFO - [2025-09-29T17:04:32.561+0000] {dagbag.py:545} INFO - Filling up the DagBag from /home/airflow/.local/lib/python3.12/site-packages/airflow/example_dags/example_sensor_decorator.py
[2025-09-29T17:04:32.580+0000] {processor.py:840} INFO - DAG(s) 'example_sensor_decorator' retrieved from /home/airflow/.local/lib/python3.12/site-packages/airflow/example_dags/example_sensor_decorator.py
[2025-09-29T17:04:32.639+0000] {logging_mixin.py:188} INFO - [2025-09-29T17:04:32.639+0000] {dag.py:3089} INFO - Sync 1 DAGs
[2025-09-29T17:04:32.675+0000] {logging_mixin.py:188} INFO - [2025-09-29T17:04:32.674+0000] {dag.py:3947} INFO - Setting next_dagrun for example_sensor_decorator to None, run_after=None
[2025-09-29T17:04:32.730+0000] {processor.py:183} INFO - Processing /home/airflow/.local/lib/python3.12/site-packages/airflow/example_dags/example_sensor_decorator.py took 0.190 seconds
[2025-09-29T17:05:02.929+0000] {processor.py:161} INFO - Started process (PID=5129) to work on /home/airflow/.local/lib/python3.12/site-packages/airflow/example_dags/example_sensor_decorator.py
[2025-09-29T17:05:02.932+0000] {processor.py:830} INFO - Processing file /home/airflow/.local/lib/python3.12/site-packages/airflow/example_dags/example_sensor_decorator.py for tasks to queue
[2025-09-29T17:05:02.937+0000] {logging_mixin.py:188} INFO - [2025-09-29T17:05:02.936+0000] {dagbag.py:545} INFO - Filling up the DagBag from /home/airflow/.local/lib/python3.12/site-packages/airflow/example_dags/example_sensor_decorator.py
[2025-09-29T17:05:02.954+0000] {processor.py:840} INFO - DAG(s) 'example_sensor_decorator' retrieved from /home/airflow/.local/lib/python3.12/site-packages/airflow/example_dags/example_sensor_decorator.py
[2025-09-29T17:05:03.017+0000] {logging_mixin.py:188} INFO - [2025-09-29T17:05:03.017+0000] {dag.py:3089} INFO - Sync 1 DAGs
[2025-09-29T17:05:03.050+0000] {logging_mixin.py:188} INFO - [2025-09-29T17:05:03.050+0000] {dag.py:3947} INFO - Setting next_dagrun for example_sensor_decorator to None, run_after=None
[2025-09-29T17:05:03.103+0000] {processor.py:183} INFO - Processing /home/airflow/.local/lib/python3.12/site-packages/airflow/example_dags/example_sensor_decorator.py took 0.196 seconds
[2025-09-29T17:05:35.686+0000] {processor.py:161} INFO - Started process (PID=5401) to work on /home/airflow/.local/lib/python3.12/site-packages/airflow/example_dags/example_sensor_decorator.py
[2025-09-29T17:05:35.689+0000] {processor.py:830} INFO - Processing file /home/airflow/.local/lib/python3.12/site-packages/airflow/example_dags/example_sensor_decorator.py for tasks to queue
[2025-09-29T17:05:35.694+0000] {logging_mixin.py:188} INFO - [2025-09-29T17:05:35.693+0000] {dagbag.py:545} INFO - Filling up the DagBag from /home/airflow/.local/lib/python3.12/site-packages/airflow/example_dags/example_sensor_decorator.py
[2025-09-29T17:05:35.711+0000] {processor.py:840} INFO - DAG(s) 'example_sensor_decorator' retrieved from /home/airflow/.local/lib/python3.12/site-packages/airflow/example_dags/example_sensor_decorator.py
[2025-09-29T17:05:35.781+0000] {logging_mixin.py:188} INFO - [2025-09-29T17:05:35.780+0000] {dag.py:3089} INFO - Sync 1 DAGs
[2025-09-29T17:05:35.825+0000] {logging_mixin.py:188} INFO - [2025-09-29T17:05:35.825+0000] {dag.py:3947} INFO - Setting next_dagrun for example_sensor_decorator to None, run_after=None
[2025-09-29T17:05:35.895+0000] {processor.py:183} INFO - Processing /home/airflow/.local/lib/python3.12/site-packages/airflow/example_dags/example_sensor_decorator.py took 0.228 seconds
[2025-09-29T17:06:07.996+0000] {processor.py:161} INFO - Started process (PID=5665) to work on /home/airflow/.local/lib/python3.12/site-packages/airflow/example_dags/example_sensor_decorator.py
[2025-09-29T17:06:07.999+0000] {processor.py:830} INFO - Processing file /home/airflow/.local/lib/python3.12/site-packages/airflow/example_dags/example_sensor_decorator.py for tasks to queue
[2025-09-29T17:06:08.004+0000] {logging_mixin.py:188} INFO - [2025-09-29T17:06:08.003+0000] {dagbag.py:545} INFO - Filling up the DagBag from /home/airflow/.local/lib/python3.12/site-packages/airflow/example_dags/example_sensor_decorator.py
[2025-09-29T17:06:08.021+0000] {processor.py:840} INFO - DAG(s) 'example_sensor_decorator' retrieved from /home/airflow/.local/lib/python3.12/site-packages/airflow/example_dags/example_sensor_decorator.py
[2025-09-29T17:06:08.086+0000] {logging_mixin.py:188} INFO - [2025-09-29T17:06:08.085+0000] {dag.py:3089} INFO - Sync 1 DAGs
[2025-09-29T17:06:08.119+0000] {logging_mixin.py:188} INFO - [2025-09-29T17:06:08.119+0000] {dag.py:3947} INFO - Setting next_dagrun for example_sensor_decorator to None, run_after=None
[2025-09-29T17:06:08.173+0000] {processor.py:183} INFO - Processing /home/airflow/.local/lib/python3.12/site-packages/airflow/example_dags/example_sensor_decorator.py took 0.192 seconds
[2025-09-29T17:06:38.936+0000] {processor.py:161} INFO - Started process (PID=5925) to work on /home/airflow/.local/lib/python3.12/site-packages/airflow/example_dags/example_sensor_decorator.py
[2025-09-29T17:06:38.939+0000] {processor.py:830} INFO - Processing file /home/airflow/.local/lib/python3.12/site-packages/airflow/example_dags/example_sensor_decorator.py for tasks to queue
[2025-09-29T17:06:38.945+0000] {logging_mixin.py:188} INFO - [2025-09-29T17:06:38.943+0000] {dagbag.py:545} INFO - Filling up the DagBag from /home/airflow/.local/lib/python3.12/site-packages/airflow/example_dags/example_sensor_decorator.py
[2025-09-29T17:06:38.964+0000] {processor.py:840} INFO - DAG(s) 'example_sensor_decorator' retrieved from /home/airflow/.local/lib/python3.12/site-packages/airflow/example_dags/example_sensor_decorator.py
[2025-09-29T17:06:39.024+0000] {logging_mixin.py:188} INFO - [2025-09-29T17:06:39.024+0000] {dag.py:3089} INFO - Sync 1 DAGs
[2025-09-29T17:06:39.057+0000] {logging_mixin.py:188} INFO - [2025-09-29T17:06:39.056+0000] {dag.py:3947} INFO - Setting next_dagrun for example_sensor_decorator to None, run_after=None
[2025-09-29T17:06:39.110+0000] {processor.py:183} INFO - Processing /home/airflow/.local/lib/python3.12/site-packages/airflow/example_dags/example_sensor_decorator.py took 0.196 seconds
[2025-09-29T17:07:12.297+0000] {processor.py:161} INFO - Started process (PID=6187) to work on /home/airflow/.local/lib/python3.12/site-packages/airflow/example_dags/example_sensor_decorator.py
[2025-09-29T17:07:12.300+0000] {processor.py:830} INFO - Processing file /home/airflow/.local/lib/python3.12/site-packages/airflow/example_dags/example_sensor_decorator.py for tasks to queue
[2025-09-29T17:07:12.306+0000] {logging_mixin.py:188} INFO - [2025-09-29T17:07:12.305+0000] {dagbag.py:545} INFO - Filling up the DagBag from /home/airflow/.local/lib/python3.12/site-packages/airflow/example_dags/example_sensor_decorator.py
[2025-09-29T17:07:12.334+0000] {processor.py:840} INFO - DAG(s) 'example_sensor_decorator' retrieved from /home/airflow/.local/lib/python3.12/site-packages/airflow/example_dags/example_sensor_decorator.py
[2025-09-29T17:07:12.417+0000] {logging_mixin.py:188} INFO - [2025-09-29T17:07:12.411+0000] {dag.py:3089} INFO - Sync 1 DAGs
[2025-09-29T17:07:12.481+0000] {logging_mixin.py:188} INFO - [2025-09-29T17:07:12.480+0000] {dag.py:3947} INFO - Setting next_dagrun for example_sensor_decorator to None, run_after=None
[2025-09-29T17:07:12.554+0000] {processor.py:183} INFO - Processing /home/airflow/.local/lib/python3.12/site-packages/airflow/example_dags/example_sensor_decorator.py took 0.277 seconds
[2025-09-29T17:07:43.138+0000] {processor.py:161} INFO - Started process (PID=6449) to work on /home/airflow/.local/lib/python3.12/site-packages/airflow/example_dags/example_sensor_decorator.py
[2025-09-29T17:07:43.142+0000] {processor.py:830} INFO - Processing file /home/airflow/.local/lib/python3.12/site-packages/airflow/example_dags/example_sensor_decorator.py for tasks to queue
[2025-09-29T17:07:43.147+0000] {logging_mixin.py:188} INFO - [2025-09-29T17:07:43.146+0000] {dagbag.py:545} INFO - Filling up the DagBag from /home/airflow/.local/lib/python3.12/site-packages/airflow/example_dags/example_sensor_decorator.py
[2025-09-29T17:07:43.164+0000] {processor.py:840} INFO - DAG(s) 'example_sensor_decorator' retrieved from /home/airflow/.local/lib/python3.12/site-packages/airflow/example_dags/example_sensor_decorator.py
[2025-09-29T17:07:43.229+0000] {logging_mixin.py:188} INFO - [2025-09-29T17:07:43.228+0000] {dag.py:3089} INFO - Sync 1 DAGs
[2025-09-29T17:07:43.265+0000] {logging_mixin.py:188} INFO - [2025-09-29T17:07:43.264+0000] {dag.py:3947} INFO - Setting next_dagrun for example_sensor_decorator to None, run_after=None
[2025-09-29T17:07:43.320+0000] {processor.py:183} INFO - Processing /home/airflow/.local/lib/python3.12/site-packages/airflow/example_dags/example_sensor_decorator.py took 0.198 seconds
[2025-09-29T17:08:14.437+0000] {processor.py:161} INFO - Started process (PID=6711) to work on /home/airflow/.local/lib/python3.12/site-packages/airflow/example_dags/example_sensor_decorator.py
[2025-09-29T17:08:14.441+0000] {processor.py:830} INFO - Processing file /home/airflow/.local/lib/python3.12/site-packages/airflow/example_dags/example_sensor_decorator.py for tasks to queue
[2025-09-29T17:08:14.448+0000] {logging_mixin.py:188} INFO - [2025-09-29T17:08:14.447+0000] {dagbag.py:545} INFO - Filling up the DagBag from /home/airflow/.local/lib/python3.12/site-packages/airflow/example_dags/example_sensor_decorator.py
[2025-09-29T17:08:14.473+0000] {processor.py:840} INFO - DAG(s) 'example_sensor_decorator' retrieved from /home/airflow/.local/lib/python3.12/site-packages/airflow/example_dags/example_sensor_decorator.py
[2025-09-29T17:08:14.551+0000] {logging_mixin.py:188} INFO - [2025-09-29T17:08:14.550+0000] {dag.py:3089} INFO - Sync 1 DAGs
[2025-09-29T17:08:14.599+0000] {logging_mixin.py:188} INFO - [2025-09-29T17:08:14.599+0000] {dag.py:3947} INFO - Setting next_dagrun for example_sensor_decorator to None, run_after=None
[2025-09-29T17:08:14.665+0000] {processor.py:183} INFO - Processing /home/airflow/.local/lib/python3.12/site-packages/airflow/example_dags/example_sensor_decorator.py took 0.255 seconds
[2025-09-29T17:08:47.745+0000] {processor.py:161} INFO - Started process (PID=6973) to work on /home/airflow/.local/lib/python3.12/site-packages/airflow/example_dags/example_sensor_decorator.py
[2025-09-29T17:08:47.804+0000] {processor.py:830} INFO - Processing file /home/airflow/.local/lib/python3.12/site-packages/airflow/example_dags/example_sensor_decorator.py for tasks to queue
[2025-09-29T17:08:47.810+0000] {logging_mixin.py:188} INFO - [2025-09-29T17:08:47.809+0000] {dagbag.py:545} INFO - Filling up the DagBag from /home/airflow/.local/lib/python3.12/site-packages/airflow/example_dags/example_sensor_decorator.py
[2025-09-29T17:08:47.829+0000] {processor.py:840} INFO - DAG(s) 'example_sensor_decorator' retrieved from /home/airflow/.local/lib/python3.12/site-packages/airflow/example_dags/example_sensor_decorator.py
[2025-09-29T17:08:47.898+0000] {logging_mixin.py:188} INFO - [2025-09-29T17:08:47.897+0000] {dag.py:3089} INFO - Sync 1 DAGs
[2025-09-29T17:08:47.936+0000] {logging_mixin.py:188} INFO - [2025-09-29T17:08:47.936+0000] {dag.py:3947} INFO - Setting next_dagrun for example_sensor_decorator to None, run_after=None
[2025-09-29T17:08:48.032+0000] {processor.py:183} INFO - Processing /home/airflow/.local/lib/python3.12/site-packages/airflow/example_dags/example_sensor_decorator.py took 0.307 seconds
[2025-09-29T17:09:30.440+0000] {processor.py:161} INFO - Started process (PID=7285) to work on /home/airflow/.local/lib/python3.12/site-packages/airflow/example_dags/example_sensor_decorator.py
[2025-09-29T17:09:30.444+0000] {processor.py:830} INFO - Processing file /home/airflow/.local/lib/python3.12/site-packages/airflow/example_dags/example_sensor_decorator.py for tasks to queue
[2025-09-29T17:09:30.450+0000] {logging_mixin.py:188} INFO - [2025-09-29T17:09:30.449+0000] {dagbag.py:545} INFO - Filling up the DagBag from /home/airflow/.local/lib/python3.12/site-packages/airflow/example_dags/example_sensor_decorator.py
[2025-09-29T17:09:30.472+0000] {processor.py:840} INFO - DAG(s) 'example_sensor_decorator' retrieved from /home/airflow/.local/lib/python3.12/site-packages/airflow/example_dags/example_sensor_decorator.py
[2025-09-29T17:09:30.544+0000] {logging_mixin.py:188} INFO - [2025-09-29T17:09:30.543+0000] {dag.py:3089} INFO - Sync 1 DAGs
[2025-09-29T17:09:30.579+0000] {logging_mixin.py:188} INFO - [2025-09-29T17:09:30.579+0000] {dag.py:3947} INFO - Setting next_dagrun for example_sensor_decorator to None, run_after=None
[2025-09-29T17:09:30.633+0000] {processor.py:183} INFO - Processing /home/airflow/.local/lib/python3.12/site-packages/airflow/example_dags/example_sensor_decorator.py took 0.215 seconds
[2025-09-29T17:10:02.982+0000] {processor.py:161} INFO - Started process (PID=7532) to work on /home/airflow/.local/lib/python3.12/site-packages/airflow/example_dags/example_sensor_decorator.py
[2025-09-29T17:10:03.019+0000] {processor.py:830} INFO - Processing file /home/airflow/.local/lib/python3.12/site-packages/airflow/example_dags/example_sensor_decorator.py for tasks to queue
[2025-09-29T17:10:03.026+0000] {logging_mixin.py:188} INFO - [2025-09-29T17:10:03.024+0000] {dagbag.py:545} INFO - Filling up the DagBag from /home/airflow/.local/lib/python3.12/site-packages/airflow/example_dags/example_sensor_decorator.py
[2025-09-29T17:10:03.045+0000] {processor.py:840} INFO - DAG(s) 'example_sensor_decorator' retrieved from /home/airflow/.local/lib/python3.12/site-packages/airflow/example_dags/example_sensor_decorator.py
[2025-09-29T17:10:03.110+0000] {logging_mixin.py:188} INFO - [2025-09-29T17:10:03.110+0000] {dag.py:3089} INFO - Sync 1 DAGs
[2025-09-29T17:10:03.144+0000] {logging_mixin.py:188} INFO - [2025-09-29T17:10:03.143+0000] {dag.py:3947} INFO - Setting next_dagrun for example_sensor_decorator to None, run_after=None
[2025-09-29T17:10:03.282+0000] {processor.py:183} INFO - Processing /home/airflow/.local/lib/python3.12/site-packages/airflow/example_dags/example_sensor_decorator.py took 0.321 seconds
[2025-09-29T17:10:34.754+0000] {processor.py:161} INFO - Started process (PID=7796) to work on /home/airflow/.local/lib/python3.12/site-packages/airflow/example_dags/example_sensor_decorator.py
[2025-09-29T17:10:34.757+0000] {processor.py:830} INFO - Processing file /home/airflow/.local/lib/python3.12/site-packages/airflow/example_dags/example_sensor_decorator.py for tasks to queue
[2025-09-29T17:10:34.765+0000] {logging_mixin.py:188} INFO - [2025-09-29T17:10:34.763+0000] {dagbag.py:545} INFO - Filling up the DagBag from /home/airflow/.local/lib/python3.12/site-packages/airflow/example_dags/example_sensor_decorator.py
[2025-09-29T17:10:34.791+0000] {processor.py:840} INFO - DAG(s) 'example_sensor_decorator' retrieved from /home/airflow/.local/lib/python3.12/site-packages/airflow/example_dags/example_sensor_decorator.py
[2025-09-29T17:10:34.882+0000] {logging_mixin.py:188} INFO - [2025-09-29T17:10:34.881+0000] {dag.py:3089} INFO - Sync 1 DAGs
[2025-09-29T17:10:34.937+0000] {logging_mixin.py:188} INFO - [2025-09-29T17:10:34.936+0000] {dag.py:3947} INFO - Setting next_dagrun for example_sensor_decorator to None, run_after=None
[2025-09-29T17:10:35.018+0000] {processor.py:183} INFO - Processing /home/airflow/.local/lib/python3.12/site-packages/airflow/example_dags/example_sensor_decorator.py took 0.286 seconds
[2025-09-29T17:11:06.898+0000] {processor.py:161} INFO - Started process (PID=8059) to work on /home/airflow/.local/lib/python3.12/site-packages/airflow/example_dags/example_sensor_decorator.py
[2025-09-29T17:11:06.901+0000] {processor.py:830} INFO - Processing file /home/airflow/.local/lib/python3.12/site-packages/airflow/example_dags/example_sensor_decorator.py for tasks to queue
[2025-09-29T17:11:06.906+0000] {logging_mixin.py:188} INFO - [2025-09-29T17:11:06.905+0000] {dagbag.py:545} INFO - Filling up the DagBag from /home/airflow/.local/lib/python3.12/site-packages/airflow/example_dags/example_sensor_decorator.py
[2025-09-29T17:11:06.924+0000] {processor.py:840} INFO - DAG(s) 'example_sensor_decorator' retrieved from /home/airflow/.local/lib/python3.12/site-packages/airflow/example_dags/example_sensor_decorator.py
[2025-09-29T17:11:06.988+0000] {logging_mixin.py:188} INFO - [2025-09-29T17:11:06.987+0000] {dag.py:3089} INFO - Sync 1 DAGs
[2025-09-29T17:11:07.020+0000] {logging_mixin.py:188} INFO - [2025-09-29T17:11:07.020+0000] {dag.py:3947} INFO - Setting next_dagrun for example_sensor_decorator to None, run_after=None
[2025-09-29T17:11:07.076+0000] {processor.py:183} INFO - Processing /home/airflow/.local/lib/python3.12/site-packages/airflow/example_dags/example_sensor_decorator.py took 0.196 seconds
[2025-09-29T17:11:38.550+0000] {processor.py:161} INFO - Started process (PID=8321) to work on /home/airflow/.local/lib/python3.12/site-packages/airflow/example_dags/example_sensor_decorator.py
[2025-09-29T17:11:38.554+0000] {processor.py:830} INFO - Processing file /home/airflow/.local/lib/python3.12/site-packages/airflow/example_dags/example_sensor_decorator.py for tasks to queue
[2025-09-29T17:11:38.559+0000] {logging_mixin.py:188} INFO - [2025-09-29T17:11:38.559+0000] {dagbag.py:545} INFO - Filling up the DagBag from /home/airflow/.local/lib/python3.12/site-packages/airflow/example_dags/example_sensor_decorator.py
[2025-09-29T17:11:38.577+0000] {processor.py:840} INFO - DAG(s) 'example_sensor_decorator' retrieved from /home/airflow/.local/lib/python3.12/site-packages/airflow/example_dags/example_sensor_decorator.py
[2025-09-29T17:11:38.641+0000] {logging_mixin.py:188} INFO - [2025-09-29T17:11:38.640+0000] {dag.py:3089} INFO - Sync 1 DAGs
[2025-09-29T17:11:38.673+0000] {logging_mixin.py:188} INFO - [2025-09-29T17:11:38.672+0000] {dag.py:3947} INFO - Setting next_dagrun for example_sensor_decorator to None, run_after=None
[2025-09-29T17:11:38.726+0000] {processor.py:183} INFO - Processing /home/airflow/.local/lib/python3.12/site-packages/airflow/example_dags/example_sensor_decorator.py took 0.193 seconds
[2025-09-29T17:12:09.591+0000] {processor.py:161} INFO - Started process (PID=8583) to work on /home/airflow/.local/lib/python3.12/site-packages/airflow/example_dags/example_sensor_decorator.py
[2025-09-29T17:12:09.595+0000] {processor.py:830} INFO - Processing file /home/airflow/.local/lib/python3.12/site-packages/airflow/example_dags/example_sensor_decorator.py for tasks to queue
[2025-09-29T17:12:09.600+0000] {logging_mixin.py:188} INFO - [2025-09-29T17:12:09.599+0000] {dagbag.py:545} INFO - Filling up the DagBag from /home/airflow/.local/lib/python3.12/site-packages/airflow/example_dags/example_sensor_decorator.py
[2025-09-29T17:12:09.624+0000] {processor.py:840} INFO - DAG(s) 'example_sensor_decorator' retrieved from /home/airflow/.local/lib/python3.12/site-packages/airflow/example_dags/example_sensor_decorator.py
[2025-09-29T17:12:09.704+0000] {logging_mixin.py:188} INFO - [2025-09-29T17:12:09.703+0000] {dag.py:3089} INFO - Sync 1 DAGs
[2025-09-29T17:12:09.748+0000] {logging_mixin.py:188} INFO - [2025-09-29T17:12:09.747+0000] {dag.py:3947} INFO - Setting next_dagrun for example_sensor_decorator to None, run_after=None
[2025-09-29T17:12:09.812+0000] {processor.py:183} INFO - Processing /home/airflow/.local/lib/python3.12/site-packages/airflow/example_dags/example_sensor_decorator.py took 0.241 seconds
[2025-09-29T17:12:43.664+0000] {processor.py:161} INFO - Started process (PID=8870) to work on /home/airflow/.local/lib/python3.12/site-packages/airflow/example_dags/example_sensor_decorator.py
[2025-09-29T17:12:43.714+0000] {processor.py:830} INFO - Processing file /home/airflow/.local/lib/python3.12/site-packages/airflow/example_dags/example_sensor_decorator.py for tasks to queue
[2025-09-29T17:12:43.719+0000] {logging_mixin.py:188} INFO - [2025-09-29T17:12:43.718+0000] {dagbag.py:545} INFO - Filling up the DagBag from /home/airflow/.local/lib/python3.12/site-packages/airflow/example_dags/example_sensor_decorator.py
[2025-09-29T17:12:43.774+0000] {processor.py:840} INFO - DAG(s) 'example_sensor_decorator' retrieved from /home/airflow/.local/lib/python3.12/site-packages/airflow/example_dags/example_sensor_decorator.py
[2025-09-29T17:12:43.873+0000] {logging_mixin.py:188} INFO - [2025-09-29T17:12:43.873+0000] {dag.py:3089} INFO - Sync 1 DAGs
[2025-09-29T17:12:43.912+0000] {logging_mixin.py:188} INFO - [2025-09-29T17:12:43.912+0000] {dag.py:3947} INFO - Setting next_dagrun for example_sensor_decorator to None, run_after=None
[2025-09-29T17:12:44.241+0000] {processor.py:183} INFO - Processing /home/airflow/.local/lib/python3.12/site-packages/airflow/example_dags/example_sensor_decorator.py took 0.596 seconds
[2025-09-29T17:13:14.705+0000] {processor.py:161} INFO - Started process (PID=9134) to work on /home/airflow/.local/lib/python3.12/site-packages/airflow/example_dags/example_sensor_decorator.py
[2025-09-29T17:13:14.708+0000] {processor.py:830} INFO - Processing file /home/airflow/.local/lib/python3.12/site-packages/airflow/example_dags/example_sensor_decorator.py for tasks to queue
[2025-09-29T17:13:14.714+0000] {logging_mixin.py:188} INFO - [2025-09-29T17:13:14.713+0000] {dagbag.py:545} INFO - Filling up the DagBag from /home/airflow/.local/lib/python3.12/site-packages/airflow/example_dags/example_sensor_decorator.py
[2025-09-29T17:13:14.733+0000] {processor.py:840} INFO - DAG(s) 'example_sensor_decorator' retrieved from /home/airflow/.local/lib/python3.12/site-packages/airflow/example_dags/example_sensor_decorator.py
[2025-09-29T17:13:14.797+0000] {logging_mixin.py:188} INFO - [2025-09-29T17:13:14.796+0000] {dag.py:3089} INFO - Sync 1 DAGs
[2025-09-29T17:13:14.831+0000] {logging_mixin.py:188} INFO - [2025-09-29T17:13:14.831+0000] {dag.py:3947} INFO - Setting next_dagrun for example_sensor_decorator to None, run_after=None
[2025-09-29T17:13:14.896+0000] {processor.py:183} INFO - Processing /home/airflow/.local/lib/python3.12/site-packages/airflow/example_dags/example_sensor_decorator.py took 0.209 seconds
[2025-09-29T17:13:46.715+0000] {processor.py:161} INFO - Started process (PID=9394) to work on /home/airflow/.local/lib/python3.12/site-packages/airflow/example_dags/example_sensor_decorator.py
[2025-09-29T17:13:46.718+0000] {processor.py:830} INFO - Processing file /home/airflow/.local/lib/python3.12/site-packages/airflow/example_dags/example_sensor_decorator.py for tasks to queue
[2025-09-29T17:13:46.724+0000] {logging_mixin.py:188} INFO - [2025-09-29T17:13:46.723+0000] {dagbag.py:545} INFO - Filling up the DagBag from /home/airflow/.local/lib/python3.12/site-packages/airflow/example_dags/example_sensor_decorator.py
[2025-09-29T17:13:46.743+0000] {processor.py:840} INFO - DAG(s) 'example_sensor_decorator' retrieved from /home/airflow/.local/lib/python3.12/site-packages/airflow/example_dags/example_sensor_decorator.py
[2025-09-29T17:13:46.807+0000] {logging_mixin.py:188} INFO - [2025-09-29T17:13:46.806+0000] {dag.py:3089} INFO - Sync 1 DAGs
[2025-09-29T17:13:46.841+0000] {logging_mixin.py:188} INFO - [2025-09-29T17:13:46.840+0000] {dag.py:3947} INFO - Setting next_dagrun for example_sensor_decorator to None, run_after=None
[2025-09-29T17:13:46.892+0000] {processor.py:183} INFO - Processing /home/airflow/.local/lib/python3.12/site-packages/airflow/example_dags/example_sensor_decorator.py took 0.194 seconds
[2025-09-29T17:14:17.297+0000] {processor.py:161} INFO - Started process (PID=9655) to work on /home/airflow/.local/lib/python3.12/site-packages/airflow/example_dags/example_sensor_decorator.py
[2025-09-29T17:14:17.301+0000] {processor.py:830} INFO - Processing file /home/airflow/.local/lib/python3.12/site-packages/airflow/example_dags/example_sensor_decorator.py for tasks to queue
[2025-09-29T17:14:17.306+0000] {logging_mixin.py:188} INFO - [2025-09-29T17:14:17.305+0000] {dagbag.py:545} INFO - Filling up the DagBag from /home/airflow/.local/lib/python3.12/site-packages/airflow/example_dags/example_sensor_decorator.py
[2025-09-29T17:14:17.326+0000] {processor.py:840} INFO - DAG(s) 'example_sensor_decorator' retrieved from /home/airflow/.local/lib/python3.12/site-packages/airflow/example_dags/example_sensor_decorator.py
[2025-09-29T17:14:17.393+0000] {logging_mixin.py:188} INFO - [2025-09-29T17:14:17.392+0000] {dag.py:3089} INFO - Sync 1 DAGs
[2025-09-29T17:14:17.428+0000] {logging_mixin.py:188} INFO - [2025-09-29T17:14:17.428+0000] {dag.py:3947} INFO - Setting next_dagrun for example_sensor_decorator to None, run_after=None
[2025-09-29T17:14:17.487+0000] {processor.py:183} INFO - Processing /home/airflow/.local/lib/python3.12/site-packages/airflow/example_dags/example_sensor_decorator.py took 0.208 seconds
[2025-09-29T17:14:48.474+0000] {processor.py:161} INFO - Started process (PID=9914) to work on /home/airflow/.local/lib/python3.12/site-packages/airflow/example_dags/example_sensor_decorator.py
[2025-09-29T17:14:48.478+0000] {processor.py:830} INFO - Processing file /home/airflow/.local/lib/python3.12/site-packages/airflow/example_dags/example_sensor_decorator.py for tasks to queue
[2025-09-29T17:14:48.484+0000] {logging_mixin.py:188} INFO - [2025-09-29T17:14:48.482+0000] {dagbag.py:545} INFO - Filling up the DagBag from /home/airflow/.local/lib/python3.12/site-packages/airflow/example_dags/example_sensor_decorator.py
[2025-09-29T17:14:48.503+0000] {processor.py:840} INFO - DAG(s) 'example_sensor_decorator' retrieved from /home/airflow/.local/lib/python3.12/site-packages/airflow/example_dags/example_sensor_decorator.py
[2025-09-29T17:14:48.569+0000] {logging_mixin.py:188} INFO - [2025-09-29T17:14:48.568+0000] {dag.py:3089} INFO - Sync 1 DAGs
[2025-09-29T17:14:48.607+0000] {logging_mixin.py:188} INFO - [2025-09-29T17:14:48.607+0000] {dag.py:3947} INFO - Setting next_dagrun for example_sensor_decorator to None, run_after=None
[2025-09-29T17:14:48.661+0000] {processor.py:183} INFO - Processing /home/airflow/.local/lib/python3.12/site-packages/airflow/example_dags/example_sensor_decorator.py took 0.209 seconds
[2025-09-29T17:15:19.464+0000] {processor.py:161} INFO - Started process (PID=10168) to work on /home/airflow/.local/lib/python3.12/site-packages/airflow/example_dags/example_sensor_decorator.py
[2025-09-29T17:15:19.472+0000] {processor.py:830} INFO - Processing file /home/airflow/.local/lib/python3.12/site-packages/airflow/example_dags/example_sensor_decorator.py for tasks to queue
[2025-09-29T17:15:19.480+0000] {logging_mixin.py:188} INFO - [2025-09-29T17:15:19.478+0000] {dagbag.py:545} INFO - Filling up the DagBag from /home/airflow/.local/lib/python3.12/site-packages/airflow/example_dags/example_sensor_decorator.py
[2025-09-29T17:15:19.504+0000] {processor.py:840} INFO - DAG(s) 'example_sensor_decorator' retrieved from /home/airflow/.local/lib/python3.12/site-packages/airflow/example_dags/example_sensor_decorator.py
[2025-09-29T17:15:19.575+0000] {logging_mixin.py:188} INFO - [2025-09-29T17:15:19.575+0000] {dag.py:3089} INFO - Sync 1 DAGs
[2025-09-29T17:15:19.640+0000] {logging_mixin.py:188} INFO - [2025-09-29T17:15:19.640+0000] {dag.py:3947} INFO - Setting next_dagrun for example_sensor_decorator to None, run_after=None
[2025-09-29T17:15:19.730+0000] {processor.py:183} INFO - Processing /home/airflow/.local/lib/python3.12/site-packages/airflow/example_dags/example_sensor_decorator.py took 0.292 seconds
[2025-09-29T17:15:50.326+0000] {processor.py:161} INFO - Started process (PID=10430) to work on /home/airflow/.local/lib/python3.12/site-packages/airflow/example_dags/example_sensor_decorator.py
[2025-09-29T17:15:50.328+0000] {processor.py:830} INFO - Processing file /home/airflow/.local/lib/python3.12/site-packages/airflow/example_dags/example_sensor_decorator.py for tasks to queue
[2025-09-29T17:15:50.334+0000] {logging_mixin.py:188} INFO - [2025-09-29T17:15:50.333+0000] {dagbag.py:545} INFO - Filling up the DagBag from /home/airflow/.local/lib/python3.12/site-packages/airflow/example_dags/example_sensor_decorator.py
[2025-09-29T17:15:50.353+0000] {processor.py:840} INFO - DAG(s) 'example_sensor_decorator' retrieved from /home/airflow/.local/lib/python3.12/site-packages/airflow/example_dags/example_sensor_decorator.py
[2025-09-29T17:15:50.410+0000] {logging_mixin.py:188} INFO - [2025-09-29T17:15:50.410+0000] {dag.py:3089} INFO - Sync 1 DAGs
[2025-09-29T17:15:50.445+0000] {logging_mixin.py:188} INFO - [2025-09-29T17:15:50.444+0000] {dag.py:3947} INFO - Setting next_dagrun for example_sensor_decorator to None, run_after=None
[2025-09-29T17:15:50.916+0000] {processor.py:183} INFO - Processing /home/airflow/.local/lib/python3.12/site-packages/airflow/example_dags/example_sensor_decorator.py took 0.608 seconds
[2025-09-29T17:16:21.490+0000] {processor.py:161} INFO - Started process (PID=10698) to work on /home/airflow/.local/lib/python3.12/site-packages/airflow/example_dags/example_sensor_decorator.py
[2025-09-29T17:16:21.492+0000] {processor.py:830} INFO - Processing file /home/airflow/.local/lib/python3.12/site-packages/airflow/example_dags/example_sensor_decorator.py for tasks to queue
[2025-09-29T17:16:21.498+0000] {logging_mixin.py:188} INFO - [2025-09-29T17:16:21.497+0000] {dagbag.py:545} INFO - Filling up the DagBag from /home/airflow/.local/lib/python3.12/site-packages/airflow/example_dags/example_sensor_decorator.py
[2025-09-29T17:16:21.517+0000] {processor.py:840} INFO - DAG(s) 'example_sensor_decorator' retrieved from /home/airflow/.local/lib/python3.12/site-packages/airflow/example_dags/example_sensor_decorator.py
[2025-09-29T17:16:21.574+0000] {logging_mixin.py:188} INFO - [2025-09-29T17:16:21.574+0000] {dag.py:3089} INFO - Sync 1 DAGs
[2025-09-29T17:16:21.608+0000] {logging_mixin.py:188} INFO - [2025-09-29T17:16:21.608+0000] {dag.py:3947} INFO - Setting next_dagrun for example_sensor_decorator to None, run_after=None
[2025-09-29T17:16:22.092+0000] {processor.py:183} INFO - Processing /home/airflow/.local/lib/python3.12/site-packages/airflow/example_dags/example_sensor_decorator.py took 0.617 seconds
[2025-09-29T17:16:52.301+0000] {processor.py:161} INFO - Started process (PID=10957) to work on /home/airflow/.local/lib/python3.12/site-packages/airflow/example_dags/example_sensor_decorator.py
[2025-09-29T17:16:52.304+0000] {processor.py:830} INFO - Processing file /home/airflow/.local/lib/python3.12/site-packages/airflow/example_dags/example_sensor_decorator.py for tasks to queue
[2025-09-29T17:16:52.309+0000] {logging_mixin.py:188} INFO - [2025-09-29T17:16:52.308+0000] {dagbag.py:545} INFO - Filling up the DagBag from /home/airflow/.local/lib/python3.12/site-packages/airflow/example_dags/example_sensor_decorator.py
[2025-09-29T17:16:52.330+0000] {processor.py:840} INFO - DAG(s) 'example_sensor_decorator' retrieved from /home/airflow/.local/lib/python3.12/site-packages/airflow/example_dags/example_sensor_decorator.py
[2025-09-29T17:16:52.398+0000] {logging_mixin.py:188} INFO - [2025-09-29T17:16:52.397+0000] {dag.py:3089} INFO - Sync 1 DAGs
[2025-09-29T17:16:52.440+0000] {logging_mixin.py:188} INFO - [2025-09-29T17:16:52.440+0000] {dag.py:3947} INFO - Setting next_dagrun for example_sensor_decorator to None, run_after=None
[2025-09-29T17:16:52.500+0000] {processor.py:183} INFO - Processing /home/airflow/.local/lib/python3.12/site-packages/airflow/example_dags/example_sensor_decorator.py took 0.217 seconds
