[2025-09-29T15:33:26.188+0000] {processor.py:161} INFO - Started process (PID=434) to work on /home/airflow/.local/lib/python3.12/site-packages/airflow/example_dags/example_short_circuit_operator.py
[2025-09-29T15:33:26.190+0000] {processor.py:830} INFO - Processing file /home/airflow/.local/lib/python3.12/site-packages/airflow/example_dags/example_short_circuit_operator.py for tasks to queue
[2025-09-29T15:33:26.194+0000] {logging_mixin.py:188} INFO - [2025-09-29T15:33:26.193+0000] {dagbag.py:545} INFO - Filling up the DagBag from /home/airflow/.local/lib/python3.12/site-packages/airflow/example_dags/example_short_circuit_operator.py
[2025-09-29T15:33:26.211+0000] {processor.py:840} INFO - DAG(s) 'example_short_circuit_operator' retrieved from /home/airflow/.local/lib/python3.12/site-packages/airflow/example_dags/example_short_circuit_operator.py
[2025-09-29T15:33:26.249+0000] {logging_mixin.py:188} INFO - [2025-09-29T15:33:26.248+0000] {dag.py:3089} INFO - Sync 1 DAGs
[2025-09-29T15:33:26.302+0000] {logging_mixin.py:188} INFO - [2025-09-29T15:33:26.301+0000] {dag.py:3947} INFO - Setting next_dagrun for example_short_circuit_operator to 2025-09-28 00:00:00+00:00, run_after=2025-09-29 00:00:00+00:00
[2025-09-29T15:33:26.348+0000] {processor.py:183} INFO - Processing /home/airflow/.local/lib/python3.12/site-packages/airflow/example_dags/example_short_circuit_operator.py took 0.174 seconds
[2025-09-29T15:34:02.917+0000] {processor.py:161} INFO - Started process (PID=703) to work on /home/airflow/.local/lib/python3.12/site-packages/airflow/example_dags/example_short_circuit_operator.py
[2025-09-29T15:34:02.920+0000] {processor.py:830} INFO - Processing file /home/airflow/.local/lib/python3.12/site-packages/airflow/example_dags/example_short_circuit_operator.py for tasks to queue
[2025-09-29T15:34:02.925+0000] {logging_mixin.py:188} INFO - [2025-09-29T15:34:02.924+0000] {dagbag.py:545} INFO - Filling up the DagBag from /home/airflow/.local/lib/python3.12/site-packages/airflow/example_dags/example_short_circuit_operator.py
[2025-09-29T15:34:02.945+0000] {processor.py:840} INFO - DAG(s) 'example_short_circuit_operator' retrieved from /home/airflow/.local/lib/python3.12/site-packages/airflow/example_dags/example_short_circuit_operator.py
[2025-09-29T15:34:03.273+0000] {logging_mixin.py:188} INFO - [2025-09-29T15:34:03.272+0000] {dag.py:3089} INFO - Sync 1 DAGs
[2025-09-29T15:34:03.333+0000] {logging_mixin.py:188} INFO - [2025-09-29T15:34:03.333+0000] {dag.py:3947} INFO - Setting next_dagrun for example_short_circuit_operator to 2025-09-28 00:00:00+00:00, run_after=2025-09-29 00:00:00+00:00
[2025-09-29T15:34:03.384+0000] {processor.py:183} INFO - Processing /home/airflow/.local/lib/python3.12/site-packages/airflow/example_dags/example_short_circuit_operator.py took 0.483 seconds
[2025-09-29T15:34:33.980+0000] {processor.py:161} INFO - Started process (PID=969) to work on /home/airflow/.local/lib/python3.12/site-packages/airflow/example_dags/example_short_circuit_operator.py
[2025-09-29T15:34:33.983+0000] {processor.py:830} INFO - Processing file /home/airflow/.local/lib/python3.12/site-packages/airflow/example_dags/example_short_circuit_operator.py for tasks to queue
[2025-09-29T15:34:33.987+0000] {logging_mixin.py:188} INFO - [2025-09-29T15:34:33.987+0000] {dagbag.py:545} INFO - Filling up the DagBag from /home/airflow/.local/lib/python3.12/site-packages/airflow/example_dags/example_short_circuit_operator.py
[2025-09-29T15:34:34.004+0000] {processor.py:840} INFO - DAG(s) 'example_short_circuit_operator' retrieved from /home/airflow/.local/lib/python3.12/site-packages/airflow/example_dags/example_short_circuit_operator.py
[2025-09-29T15:34:34.077+0000] {logging_mixin.py:188} INFO - [2025-09-29T15:34:34.076+0000] {dag.py:3089} INFO - Sync 1 DAGs
[2025-09-29T15:34:34.132+0000] {logging_mixin.py:188} INFO - [2025-09-29T15:34:34.131+0000] {dag.py:3947} INFO - Setting next_dagrun for example_short_circuit_operator to 2025-09-28 00:00:00+00:00, run_after=2025-09-29 00:00:00+00:00
[2025-09-29T15:34:34.183+0000] {processor.py:183} INFO - Processing /home/airflow/.local/lib/python3.12/site-packages/airflow/example_dags/example_short_circuit_operator.py took 0.220 seconds
[2025-09-29T15:35:05.085+0000] {processor.py:161} INFO - Started process (PID=1231) to work on /home/airflow/.local/lib/python3.12/site-packages/airflow/example_dags/example_short_circuit_operator.py
[2025-09-29T15:35:05.087+0000] {processor.py:830} INFO - Processing file /home/airflow/.local/lib/python3.12/site-packages/airflow/example_dags/example_short_circuit_operator.py for tasks to queue
[2025-09-29T15:35:05.091+0000] {logging_mixin.py:188} INFO - [2025-09-29T15:35:05.091+0000] {dagbag.py:545} INFO - Filling up the DagBag from /home/airflow/.local/lib/python3.12/site-packages/airflow/example_dags/example_short_circuit_operator.py
[2025-09-29T15:35:05.110+0000] {processor.py:840} INFO - DAG(s) 'example_short_circuit_operator' retrieved from /home/airflow/.local/lib/python3.12/site-packages/airflow/example_dags/example_short_circuit_operator.py
[2025-09-29T15:35:05.181+0000] {logging_mixin.py:188} INFO - [2025-09-29T15:35:05.180+0000] {dag.py:3089} INFO - Sync 1 DAGs
[2025-09-29T15:35:05.249+0000] {logging_mixin.py:188} INFO - [2025-09-29T15:35:05.249+0000] {dag.py:3947} INFO - Setting next_dagrun for example_short_circuit_operator to 2025-09-28 00:00:00+00:00, run_after=2025-09-29 00:00:00+00:00
[2025-09-29T15:35:05.342+0000] {processor.py:183} INFO - Processing /home/airflow/.local/lib/python3.12/site-packages/airflow/example_dags/example_short_circuit_operator.py took 0.273 seconds
[2025-09-29T15:35:36.271+0000] {processor.py:161} INFO - Started process (PID=1494) to work on /home/airflow/.local/lib/python3.12/site-packages/airflow/example_dags/example_short_circuit_operator.py
[2025-09-29T15:35:36.274+0000] {processor.py:830} INFO - Processing file /home/airflow/.local/lib/python3.12/site-packages/airflow/example_dags/example_short_circuit_operator.py for tasks to queue
[2025-09-29T15:35:36.278+0000] {logging_mixin.py:188} INFO - [2025-09-29T15:35:36.278+0000] {dagbag.py:545} INFO - Filling up the DagBag from /home/airflow/.local/lib/python3.12/site-packages/airflow/example_dags/example_short_circuit_operator.py
[2025-09-29T15:35:36.296+0000] {processor.py:840} INFO - DAG(s) 'example_short_circuit_operator' retrieved from /home/airflow/.local/lib/python3.12/site-packages/airflow/example_dags/example_short_circuit_operator.py
[2025-09-29T15:35:36.357+0000] {logging_mixin.py:188} INFO - [2025-09-29T15:35:36.356+0000] {dag.py:3089} INFO - Sync 1 DAGs
[2025-09-29T15:35:36.409+0000] {logging_mixin.py:188} INFO - [2025-09-29T15:35:36.409+0000] {dag.py:3947} INFO - Setting next_dagrun for example_short_circuit_operator to 2025-09-28 00:00:00+00:00, run_after=2025-09-29 00:00:00+00:00
[2025-09-29T15:35:36.459+0000] {processor.py:183} INFO - Processing /home/airflow/.local/lib/python3.12/site-packages/airflow/example_dags/example_short_circuit_operator.py took 0.203 seconds
[2025-09-29T15:36:06.852+0000] {processor.py:161} INFO - Started process (PID=1756) to work on /home/airflow/.local/lib/python3.12/site-packages/airflow/example_dags/example_short_circuit_operator.py
[2025-09-29T15:36:06.856+0000] {processor.py:830} INFO - Processing file /home/airflow/.local/lib/python3.12/site-packages/airflow/example_dags/example_short_circuit_operator.py for tasks to queue
[2025-09-29T15:36:06.860+0000] {logging_mixin.py:188} INFO - [2025-09-29T15:36:06.859+0000] {dagbag.py:545} INFO - Filling up the DagBag from /home/airflow/.local/lib/python3.12/site-packages/airflow/example_dags/example_short_circuit_operator.py
[2025-09-29T15:36:06.877+0000] {processor.py:840} INFO - DAG(s) 'example_short_circuit_operator' retrieved from /home/airflow/.local/lib/python3.12/site-packages/airflow/example_dags/example_short_circuit_operator.py
[2025-09-29T15:36:06.940+0000] {logging_mixin.py:188} INFO - [2025-09-29T15:36:06.939+0000] {dag.py:3089} INFO - Sync 1 DAGs
[2025-09-29T15:36:06.997+0000] {logging_mixin.py:188} INFO - [2025-09-29T15:36:06.997+0000] {dag.py:3947} INFO - Setting next_dagrun for example_short_circuit_operator to 2025-09-28 00:00:00+00:00, run_after=2025-09-29 00:00:00+00:00
[2025-09-29T15:36:07.051+0000] {processor.py:183} INFO - Processing /home/airflow/.local/lib/python3.12/site-packages/airflow/example_dags/example_short_circuit_operator.py took 0.214 seconds
[2025-09-29T15:36:39.689+0000] {processor.py:161} INFO - Started process (PID=2020) to work on /home/airflow/.local/lib/python3.12/site-packages/airflow/example_dags/example_short_circuit_operator.py
[2025-09-29T15:36:39.693+0000] {processor.py:830} INFO - Processing file /home/airflow/.local/lib/python3.12/site-packages/airflow/example_dags/example_short_circuit_operator.py for tasks to queue
[2025-09-29T15:36:39.699+0000] {logging_mixin.py:188} INFO - [2025-09-29T15:36:39.698+0000] {dagbag.py:545} INFO - Filling up the DagBag from /home/airflow/.local/lib/python3.12/site-packages/airflow/example_dags/example_short_circuit_operator.py
[2025-09-29T15:36:39.767+0000] {processor.py:840} INFO - DAG(s) 'example_short_circuit_operator' retrieved from /home/airflow/.local/lib/python3.12/site-packages/airflow/example_dags/example_short_circuit_operator.py
[2025-09-29T15:36:39.893+0000] {logging_mixin.py:188} INFO - [2025-09-29T15:36:39.892+0000] {dag.py:3089} INFO - Sync 1 DAGs
[2025-09-29T15:36:40.130+0000] {logging_mixin.py:188} INFO - [2025-09-29T15:36:40.129+0000] {dag.py:3947} INFO - Setting next_dagrun for example_short_circuit_operator to 2025-09-28 00:00:00+00:00, run_after=2025-09-29 00:00:00+00:00
[2025-09-29T15:36:40.234+0000] {processor.py:183} INFO - Processing /home/airflow/.local/lib/python3.12/site-packages/airflow/example_dags/example_short_circuit_operator.py took 0.567 seconds
[2025-09-29T15:37:10.453+0000] {processor.py:161} INFO - Started process (PID=2280) to work on /home/airflow/.local/lib/python3.12/site-packages/airflow/example_dags/example_short_circuit_operator.py
[2025-09-29T15:37:10.456+0000] {processor.py:830} INFO - Processing file /home/airflow/.local/lib/python3.12/site-packages/airflow/example_dags/example_short_circuit_operator.py for tasks to queue
[2025-09-29T15:37:10.461+0000] {logging_mixin.py:188} INFO - [2025-09-29T15:37:10.460+0000] {dagbag.py:545} INFO - Filling up the DagBag from /home/airflow/.local/lib/python3.12/site-packages/airflow/example_dags/example_short_circuit_operator.py
[2025-09-29T15:37:10.481+0000] {processor.py:840} INFO - DAG(s) 'example_short_circuit_operator' retrieved from /home/airflow/.local/lib/python3.12/site-packages/airflow/example_dags/example_short_circuit_operator.py
[2025-09-29T15:37:10.548+0000] {logging_mixin.py:188} INFO - [2025-09-29T15:37:10.547+0000] {dag.py:3089} INFO - Sync 1 DAGs
[2025-09-29T15:37:10.600+0000] {logging_mixin.py:188} INFO - [2025-09-29T15:37:10.599+0000] {dag.py:3947} INFO - Setting next_dagrun for example_short_circuit_operator to 2025-09-28 00:00:00+00:00, run_after=2025-09-29 00:00:00+00:00
[2025-09-29T15:37:10.645+0000] {processor.py:183} INFO - Processing /home/airflow/.local/lib/python3.12/site-packages/airflow/example_dags/example_short_circuit_operator.py took 0.206 seconds
[2025-09-29T15:37:41.309+0000] {processor.py:161} INFO - Started process (PID=2542) to work on /home/airflow/.local/lib/python3.12/site-packages/airflow/example_dags/example_short_circuit_operator.py
[2025-09-29T15:37:41.311+0000] {processor.py:830} INFO - Processing file /home/airflow/.local/lib/python3.12/site-packages/airflow/example_dags/example_short_circuit_operator.py for tasks to queue
[2025-09-29T15:37:41.316+0000] {logging_mixin.py:188} INFO - [2025-09-29T15:37:41.315+0000] {dagbag.py:545} INFO - Filling up the DagBag from /home/airflow/.local/lib/python3.12/site-packages/airflow/example_dags/example_short_circuit_operator.py
[2025-09-29T15:37:41.333+0000] {processor.py:840} INFO - DAG(s) 'example_short_circuit_operator' retrieved from /home/airflow/.local/lib/python3.12/site-packages/airflow/example_dags/example_short_circuit_operator.py
[2025-09-29T15:37:41.402+0000] {logging_mixin.py:188} INFO - [2025-09-29T15:37:41.402+0000] {dag.py:3089} INFO - Sync 1 DAGs
[2025-09-29T15:37:41.467+0000] {logging_mixin.py:188} INFO - [2025-09-29T15:37:41.467+0000] {dag.py:3947} INFO - Setting next_dagrun for example_short_circuit_operator to 2025-09-28 00:00:00+00:00, run_after=2025-09-29 00:00:00+00:00
[2025-09-29T15:37:41.520+0000] {processor.py:183} INFO - Processing /home/airflow/.local/lib/python3.12/site-packages/airflow/example_dags/example_short_circuit_operator.py took 0.226 seconds
[2025-09-29T15:38:12.252+0000] {processor.py:161} INFO - Started process (PID=2804) to work on /home/airflow/.local/lib/python3.12/site-packages/airflow/example_dags/example_short_circuit_operator.py
[2025-09-29T15:38:12.255+0000] {processor.py:830} INFO - Processing file /home/airflow/.local/lib/python3.12/site-packages/airflow/example_dags/example_short_circuit_operator.py for tasks to queue
[2025-09-29T15:38:12.261+0000] {logging_mixin.py:188} INFO - [2025-09-29T15:38:12.260+0000] {dagbag.py:545} INFO - Filling up the DagBag from /home/airflow/.local/lib/python3.12/site-packages/airflow/example_dags/example_short_circuit_operator.py
[2025-09-29T15:38:12.279+0000] {processor.py:840} INFO - DAG(s) 'example_short_circuit_operator' retrieved from /home/airflow/.local/lib/python3.12/site-packages/airflow/example_dags/example_short_circuit_operator.py
[2025-09-29T15:38:12.354+0000] {logging_mixin.py:188} INFO - [2025-09-29T15:38:12.353+0000] {dag.py:3089} INFO - Sync 1 DAGs
[2025-09-29T15:38:12.413+0000] {logging_mixin.py:188} INFO - [2025-09-29T15:38:12.413+0000] {dag.py:3947} INFO - Setting next_dagrun for example_short_circuit_operator to 2025-09-28 00:00:00+00:00, run_after=2025-09-29 00:00:00+00:00
[2025-09-29T15:38:12.463+0000] {processor.py:183} INFO - Processing /home/airflow/.local/lib/python3.12/site-packages/airflow/example_dags/example_short_circuit_operator.py took 0.233 seconds
[2025-09-29T15:38:43.301+0000] {processor.py:161} INFO - Started process (PID=3066) to work on /home/airflow/.local/lib/python3.12/site-packages/airflow/example_dags/example_short_circuit_operator.py
[2025-09-29T15:38:43.309+0000] {processor.py:830} INFO - Processing file /home/airflow/.local/lib/python3.12/site-packages/airflow/example_dags/example_short_circuit_operator.py for tasks to queue
[2025-09-29T15:38:43.313+0000] {logging_mixin.py:188} INFO - [2025-09-29T15:38:43.312+0000] {dagbag.py:545} INFO - Filling up the DagBag from /home/airflow/.local/lib/python3.12/site-packages/airflow/example_dags/example_short_circuit_operator.py
[2025-09-29T15:38:43.332+0000] {processor.py:840} INFO - DAG(s) 'example_short_circuit_operator' retrieved from /home/airflow/.local/lib/python3.12/site-packages/airflow/example_dags/example_short_circuit_operator.py
[2025-09-29T15:38:43.396+0000] {logging_mixin.py:188} INFO - [2025-09-29T15:38:43.395+0000] {dag.py:3089} INFO - Sync 1 DAGs
[2025-09-29T15:38:43.458+0000] {logging_mixin.py:188} INFO - [2025-09-29T15:38:43.458+0000] {dag.py:3947} INFO - Setting next_dagrun for example_short_circuit_operator to 2025-09-28 00:00:00+00:00, run_after=2025-09-29 00:00:00+00:00
[2025-09-29T15:38:43.506+0000] {processor.py:183} INFO - Processing /home/airflow/.local/lib/python3.12/site-packages/airflow/example_dags/example_short_circuit_operator.py took 0.220 seconds
[2025-09-29T15:39:15.060+0000] {processor.py:161} INFO - Started process (PID=3328) to work on /home/airflow/.local/lib/python3.12/site-packages/airflow/example_dags/example_short_circuit_operator.py
[2025-09-29T15:39:15.063+0000] {processor.py:830} INFO - Processing file /home/airflow/.local/lib/python3.12/site-packages/airflow/example_dags/example_short_circuit_operator.py for tasks to queue
[2025-09-29T15:39:15.068+0000] {logging_mixin.py:188} INFO - [2025-09-29T15:39:15.067+0000] {dagbag.py:545} INFO - Filling up the DagBag from /home/airflow/.local/lib/python3.12/site-packages/airflow/example_dags/example_short_circuit_operator.py
[2025-09-29T15:39:15.100+0000] {processor.py:840} INFO - DAG(s) 'example_short_circuit_operator' retrieved from /home/airflow/.local/lib/python3.12/site-packages/airflow/example_dags/example_short_circuit_operator.py
[2025-09-29T15:39:15.174+0000] {logging_mixin.py:188} INFO - [2025-09-29T15:39:15.174+0000] {dag.py:3089} INFO - Sync 1 DAGs
[2025-09-29T15:39:15.231+0000] {logging_mixin.py:188} INFO - [2025-09-29T15:39:15.231+0000] {dag.py:3947} INFO - Setting next_dagrun for example_short_circuit_operator to 2025-09-28 00:00:00+00:00, run_after=2025-09-29 00:00:00+00:00
[2025-09-29T15:39:15.280+0000] {processor.py:183} INFO - Processing /home/airflow/.local/lib/python3.12/site-packages/airflow/example_dags/example_short_circuit_operator.py took 0.236 seconds
[2025-09-29T15:39:46.379+0000] {processor.py:161} INFO - Started process (PID=3590) to work on /home/airflow/.local/lib/python3.12/site-packages/airflow/example_dags/example_short_circuit_operator.py
[2025-09-29T15:39:46.382+0000] {processor.py:830} INFO - Processing file /home/airflow/.local/lib/python3.12/site-packages/airflow/example_dags/example_short_circuit_operator.py for tasks to queue
[2025-09-29T15:39:46.386+0000] {logging_mixin.py:188} INFO - [2025-09-29T15:39:46.385+0000] {dagbag.py:545} INFO - Filling up the DagBag from /home/airflow/.local/lib/python3.12/site-packages/airflow/example_dags/example_short_circuit_operator.py
[2025-09-29T15:39:46.403+0000] {processor.py:840} INFO - DAG(s) 'example_short_circuit_operator' retrieved from /home/airflow/.local/lib/python3.12/site-packages/airflow/example_dags/example_short_circuit_operator.py
[2025-09-29T15:39:46.469+0000] {logging_mixin.py:188} INFO - [2025-09-29T15:39:46.468+0000] {dag.py:3089} INFO - Sync 1 DAGs
[2025-09-29T15:39:46.521+0000] {logging_mixin.py:188} INFO - [2025-09-29T15:39:46.521+0000] {dag.py:3947} INFO - Setting next_dagrun for example_short_circuit_operator to 2025-09-28 00:00:00+00:00, run_after=2025-09-29 00:00:00+00:00
[2025-09-29T15:39:46.567+0000] {processor.py:183} INFO - Processing /home/airflow/.local/lib/python3.12/site-packages/airflow/example_dags/example_short_circuit_operator.py took 0.203 seconds
[2025-09-29T15:40:17.970+0000] {processor.py:161} INFO - Started process (PID=3852) to work on /home/airflow/.local/lib/python3.12/site-packages/airflow/example_dags/example_short_circuit_operator.py
[2025-09-29T15:40:17.973+0000] {processor.py:830} INFO - Processing file /home/airflow/.local/lib/python3.12/site-packages/airflow/example_dags/example_short_circuit_operator.py for tasks to queue
[2025-09-29T15:40:17.977+0000] {logging_mixin.py:188} INFO - [2025-09-29T15:40:17.976+0000] {dagbag.py:545} INFO - Filling up the DagBag from /home/airflow/.local/lib/python3.12/site-packages/airflow/example_dags/example_short_circuit_operator.py
[2025-09-29T15:40:17.993+0000] {processor.py:840} INFO - DAG(s) 'example_short_circuit_operator' retrieved from /home/airflow/.local/lib/python3.12/site-packages/airflow/example_dags/example_short_circuit_operator.py
[2025-09-29T15:40:18.060+0000] {logging_mixin.py:188} INFO - [2025-09-29T15:40:18.059+0000] {dag.py:3089} INFO - Sync 1 DAGs
[2025-09-29T15:40:18.113+0000] {logging_mixin.py:188} INFO - [2025-09-29T15:40:18.112+0000] {dag.py:3947} INFO - Setting next_dagrun for example_short_circuit_operator to 2025-09-28 00:00:00+00:00, run_after=2025-09-29 00:00:00+00:00
[2025-09-29T15:40:18.163+0000] {processor.py:183} INFO - Processing /home/airflow/.local/lib/python3.12/site-packages/airflow/example_dags/example_short_circuit_operator.py took 0.207 seconds
[2025-09-29T15:40:48.650+0000] {processor.py:161} INFO - Started process (PID=4108) to work on /home/airflow/.local/lib/python3.12/site-packages/airflow/example_dags/example_short_circuit_operator.py
[2025-09-29T15:40:48.653+0000] {processor.py:830} INFO - Processing file /home/airflow/.local/lib/python3.12/site-packages/airflow/example_dags/example_short_circuit_operator.py for tasks to queue
[2025-09-29T15:40:48.657+0000] {logging_mixin.py:188} INFO - [2025-09-29T15:40:48.656+0000] {dagbag.py:545} INFO - Filling up the DagBag from /home/airflow/.local/lib/python3.12/site-packages/airflow/example_dags/example_short_circuit_operator.py
[2025-09-29T15:40:48.675+0000] {processor.py:840} INFO - DAG(s) 'example_short_circuit_operator' retrieved from /home/airflow/.local/lib/python3.12/site-packages/airflow/example_dags/example_short_circuit_operator.py
[2025-09-29T15:40:48.738+0000] {logging_mixin.py:188} INFO - [2025-09-29T15:40:48.738+0000] {dag.py:3089} INFO - Sync 1 DAGs
[2025-09-29T15:40:48.794+0000] {logging_mixin.py:188} INFO - [2025-09-29T15:40:48.794+0000] {dag.py:3947} INFO - Setting next_dagrun for example_short_circuit_operator to 2025-09-28 00:00:00+00:00, run_after=2025-09-29 00:00:00+00:00
[2025-09-29T15:40:48.849+0000] {processor.py:183} INFO - Processing /home/airflow/.local/lib/python3.12/site-packages/airflow/example_dags/example_short_circuit_operator.py took 0.213 seconds
[2025-09-29T15:41:19.148+0000] {processor.py:161} INFO - Started process (PID=4367) to work on /home/airflow/.local/lib/python3.12/site-packages/airflow/example_dags/example_short_circuit_operator.py
[2025-09-29T15:41:19.150+0000] {processor.py:830} INFO - Processing file /home/airflow/.local/lib/python3.12/site-packages/airflow/example_dags/example_short_circuit_operator.py for tasks to queue
[2025-09-29T15:41:19.155+0000] {logging_mixin.py:188} INFO - [2025-09-29T15:41:19.154+0000] {dagbag.py:545} INFO - Filling up the DagBag from /home/airflow/.local/lib/python3.12/site-packages/airflow/example_dags/example_short_circuit_operator.py
[2025-09-29T15:41:19.172+0000] {processor.py:840} INFO - DAG(s) 'example_short_circuit_operator' retrieved from /home/airflow/.local/lib/python3.12/site-packages/airflow/example_dags/example_short_circuit_operator.py
[2025-09-29T15:41:19.234+0000] {logging_mixin.py:188} INFO - [2025-09-29T15:41:19.234+0000] {dag.py:3089} INFO - Sync 1 DAGs
[2025-09-29T15:41:19.284+0000] {logging_mixin.py:188} INFO - [2025-09-29T15:41:19.284+0000] {dag.py:3947} INFO - Setting next_dagrun for example_short_circuit_operator to 2025-09-28 00:00:00+00:00, run_after=2025-09-29 00:00:00+00:00
[2025-09-29T15:41:19.331+0000] {processor.py:183} INFO - Processing /home/airflow/.local/lib/python3.12/site-packages/airflow/example_dags/example_short_circuit_operator.py took 0.198 seconds
[2025-09-29T15:41:49.653+0000] {processor.py:161} INFO - Started process (PID=4629) to work on /home/airflow/.local/lib/python3.12/site-packages/airflow/example_dags/example_short_circuit_operator.py
[2025-09-29T15:41:49.656+0000] {processor.py:830} INFO - Processing file /home/airflow/.local/lib/python3.12/site-packages/airflow/example_dags/example_short_circuit_operator.py for tasks to queue
[2025-09-29T15:41:49.660+0000] {logging_mixin.py:188} INFO - [2025-09-29T15:41:49.659+0000] {dagbag.py:545} INFO - Filling up the DagBag from /home/airflow/.local/lib/python3.12/site-packages/airflow/example_dags/example_short_circuit_operator.py
[2025-09-29T15:41:49.681+0000] {processor.py:840} INFO - DAG(s) 'example_short_circuit_operator' retrieved from /home/airflow/.local/lib/python3.12/site-packages/airflow/example_dags/example_short_circuit_operator.py
[2025-09-29T15:41:49.755+0000] {logging_mixin.py:188} INFO - [2025-09-29T15:41:49.754+0000] {dag.py:3089} INFO - Sync 1 DAGs
[2025-09-29T15:41:49.820+0000] {logging_mixin.py:188} INFO - [2025-09-29T15:41:49.819+0000] {dag.py:3947} INFO - Setting next_dagrun for example_short_circuit_operator to 2025-09-28 00:00:00+00:00, run_after=2025-09-29 00:00:00+00:00
[2025-09-29T15:41:49.876+0000] {processor.py:183} INFO - Processing /home/airflow/.local/lib/python3.12/site-packages/airflow/example_dags/example_short_circuit_operator.py took 0.241 seconds
[2025-09-29T15:42:20.383+0000] {processor.py:161} INFO - Started process (PID=4891) to work on /home/airflow/.local/lib/python3.12/site-packages/airflow/example_dags/example_short_circuit_operator.py
[2025-09-29T15:42:20.386+0000] {processor.py:830} INFO - Processing file /home/airflow/.local/lib/python3.12/site-packages/airflow/example_dags/example_short_circuit_operator.py for tasks to queue
[2025-09-29T15:42:20.390+0000] {logging_mixin.py:188} INFO - [2025-09-29T15:42:20.389+0000] {dagbag.py:545} INFO - Filling up the DagBag from /home/airflow/.local/lib/python3.12/site-packages/airflow/example_dags/example_short_circuit_operator.py
[2025-09-29T15:42:20.409+0000] {processor.py:840} INFO - DAG(s) 'example_short_circuit_operator' retrieved from /home/airflow/.local/lib/python3.12/site-packages/airflow/example_dags/example_short_circuit_operator.py
[2025-09-29T15:42:20.477+0000] {logging_mixin.py:188} INFO - [2025-09-29T15:42:20.476+0000] {dag.py:3089} INFO - Sync 1 DAGs
[2025-09-29T15:42:20.546+0000] {logging_mixin.py:188} INFO - [2025-09-29T15:42:20.545+0000] {dag.py:3947} INFO - Setting next_dagrun for example_short_circuit_operator to 2025-09-28 00:00:00+00:00, run_after=2025-09-29 00:00:00+00:00
[2025-09-29T15:42:20.616+0000] {processor.py:183} INFO - Processing /home/airflow/.local/lib/python3.12/site-packages/airflow/example_dags/example_short_circuit_operator.py took 0.247 seconds
[2025-09-29T15:42:50.748+0000] {processor.py:161} INFO - Started process (PID=5153) to work on /home/airflow/.local/lib/python3.12/site-packages/airflow/example_dags/example_short_circuit_operator.py
[2025-09-29T15:42:50.751+0000] {processor.py:830} INFO - Processing file /home/airflow/.local/lib/python3.12/site-packages/airflow/example_dags/example_short_circuit_operator.py for tasks to queue
[2025-09-29T15:42:50.756+0000] {logging_mixin.py:188} INFO - [2025-09-29T15:42:50.755+0000] {dagbag.py:545} INFO - Filling up the DagBag from /home/airflow/.local/lib/python3.12/site-packages/airflow/example_dags/example_short_circuit_operator.py
[2025-09-29T15:42:50.773+0000] {processor.py:840} INFO - DAG(s) 'example_short_circuit_operator' retrieved from /home/airflow/.local/lib/python3.12/site-packages/airflow/example_dags/example_short_circuit_operator.py
[2025-09-29T15:42:50.836+0000] {logging_mixin.py:188} INFO - [2025-09-29T15:42:50.835+0000] {dag.py:3089} INFO - Sync 1 DAGs
[2025-09-29T15:42:50.885+0000] {logging_mixin.py:188} INFO - [2025-09-29T15:42:50.885+0000] {dag.py:3947} INFO - Setting next_dagrun for example_short_circuit_operator to 2025-09-28 00:00:00+00:00, run_after=2025-09-29 00:00:00+00:00
[2025-09-29T15:42:50.932+0000] {processor.py:183} INFO - Processing /home/airflow/.local/lib/python3.12/site-packages/airflow/example_dags/example_short_circuit_operator.py took 0.198 seconds
[2025-09-29T15:43:21.057+0000] {processor.py:161} INFO - Started process (PID=5415) to work on /home/airflow/.local/lib/python3.12/site-packages/airflow/example_dags/example_short_circuit_operator.py
[2025-09-29T15:43:21.066+0000] {processor.py:830} INFO - Processing file /home/airflow/.local/lib/python3.12/site-packages/airflow/example_dags/example_short_circuit_operator.py for tasks to queue
[2025-09-29T15:43:21.071+0000] {logging_mixin.py:188} INFO - [2025-09-29T15:43:21.070+0000] {dagbag.py:545} INFO - Filling up the DagBag from /home/airflow/.local/lib/python3.12/site-packages/airflow/example_dags/example_short_circuit_operator.py
[2025-09-29T15:43:21.089+0000] {processor.py:840} INFO - DAG(s) 'example_short_circuit_operator' retrieved from /home/airflow/.local/lib/python3.12/site-packages/airflow/example_dags/example_short_circuit_operator.py
[2025-09-29T15:43:21.157+0000] {logging_mixin.py:188} INFO - [2025-09-29T15:43:21.156+0000] {dag.py:3089} INFO - Sync 1 DAGs
[2025-09-29T15:43:21.209+0000] {logging_mixin.py:188} INFO - [2025-09-29T15:43:21.209+0000] {dag.py:3947} INFO - Setting next_dagrun for example_short_circuit_operator to 2025-09-28 00:00:00+00:00, run_after=2025-09-29 00:00:00+00:00
[2025-09-29T15:43:21.257+0000] {processor.py:183} INFO - Processing /home/airflow/.local/lib/python3.12/site-packages/airflow/example_dags/example_short_circuit_operator.py took 0.216 seconds
[2025-09-29T15:43:51.341+0000] {processor.py:161} INFO - Started process (PID=5677) to work on /home/airflow/.local/lib/python3.12/site-packages/airflow/example_dags/example_short_circuit_operator.py
[2025-09-29T15:43:51.361+0000] {processor.py:830} INFO - Processing file /home/airflow/.local/lib/python3.12/site-packages/airflow/example_dags/example_short_circuit_operator.py for tasks to queue
[2025-09-29T15:43:51.366+0000] {logging_mixin.py:188} INFO - [2025-09-29T15:43:51.365+0000] {dagbag.py:545} INFO - Filling up the DagBag from /home/airflow/.local/lib/python3.12/site-packages/airflow/example_dags/example_short_circuit_operator.py
[2025-09-29T15:43:51.384+0000] {processor.py:840} INFO - DAG(s) 'example_short_circuit_operator' retrieved from /home/airflow/.local/lib/python3.12/site-packages/airflow/example_dags/example_short_circuit_operator.py
[2025-09-29T15:43:51.452+0000] {logging_mixin.py:188} INFO - [2025-09-29T15:43:51.452+0000] {dag.py:3089} INFO - Sync 1 DAGs
[2025-09-29T15:43:51.508+0000] {logging_mixin.py:188} INFO - [2025-09-29T15:43:51.508+0000] {dag.py:3947} INFO - Setting next_dagrun for example_short_circuit_operator to 2025-09-28 00:00:00+00:00, run_after=2025-09-29 00:00:00+00:00
[2025-09-29T15:43:51.600+0000] {processor.py:183} INFO - Processing /home/airflow/.local/lib/python3.12/site-packages/airflow/example_dags/example_short_circuit_operator.py took 0.274 seconds
[2025-09-29T15:44:21.731+0000] {processor.py:161} INFO - Started process (PID=5937) to work on /home/airflow/.local/lib/python3.12/site-packages/airflow/example_dags/example_short_circuit_operator.py
[2025-09-29T15:44:21.734+0000] {processor.py:830} INFO - Processing file /home/airflow/.local/lib/python3.12/site-packages/airflow/example_dags/example_short_circuit_operator.py for tasks to queue
[2025-09-29T15:44:21.739+0000] {logging_mixin.py:188} INFO - [2025-09-29T15:44:21.738+0000] {dagbag.py:545} INFO - Filling up the DagBag from /home/airflow/.local/lib/python3.12/site-packages/airflow/example_dags/example_short_circuit_operator.py
[2025-09-29T15:44:21.762+0000] {processor.py:840} INFO - DAG(s) 'example_short_circuit_operator' retrieved from /home/airflow/.local/lib/python3.12/site-packages/airflow/example_dags/example_short_circuit_operator.py
[2025-09-29T15:44:21.901+0000] {logging_mixin.py:188} INFO - [2025-09-29T15:44:21.900+0000] {dag.py:3089} INFO - Sync 1 DAGs
[2025-09-29T15:44:22.062+0000] {logging_mixin.py:188} INFO - [2025-09-29T15:44:22.061+0000] {dag.py:3947} INFO - Setting next_dagrun for example_short_circuit_operator to 2025-09-28 00:00:00+00:00, run_after=2025-09-29 00:00:00+00:00
[2025-09-29T15:44:22.116+0000] {processor.py:183} INFO - Processing /home/airflow/.local/lib/python3.12/site-packages/airflow/example_dags/example_short_circuit_operator.py took 0.405 seconds
[2025-09-29T15:44:52.258+0000] {processor.py:161} INFO - Started process (PID=6195) to work on /home/airflow/.local/lib/python3.12/site-packages/airflow/example_dags/example_short_circuit_operator.py
[2025-09-29T15:44:52.261+0000] {processor.py:830} INFO - Processing file /home/airflow/.local/lib/python3.12/site-packages/airflow/example_dags/example_short_circuit_operator.py for tasks to queue
[2025-09-29T15:44:52.266+0000] {logging_mixin.py:188} INFO - [2025-09-29T15:44:52.265+0000] {dagbag.py:545} INFO - Filling up the DagBag from /home/airflow/.local/lib/python3.12/site-packages/airflow/example_dags/example_short_circuit_operator.py
[2025-09-29T15:44:52.286+0000] {processor.py:840} INFO - DAG(s) 'example_short_circuit_operator' retrieved from /home/airflow/.local/lib/python3.12/site-packages/airflow/example_dags/example_short_circuit_operator.py
[2025-09-29T15:44:52.354+0000] {logging_mixin.py:188} INFO - [2025-09-29T15:44:52.353+0000] {dag.py:3089} INFO - Sync 1 DAGs
[2025-09-29T15:44:52.405+0000] {logging_mixin.py:188} INFO - [2025-09-29T15:44:52.405+0000] {dag.py:3947} INFO - Setting next_dagrun for example_short_circuit_operator to 2025-09-28 00:00:00+00:00, run_after=2025-09-29 00:00:00+00:00
[2025-09-29T15:44:52.453+0000] {processor.py:183} INFO - Processing /home/airflow/.local/lib/python3.12/site-packages/airflow/example_dags/example_short_circuit_operator.py took 0.212 seconds
[2025-09-29T15:45:22.645+0000] {processor.py:161} INFO - Started process (PID=6457) to work on /home/airflow/.local/lib/python3.12/site-packages/airflow/example_dags/example_short_circuit_operator.py
[2025-09-29T15:45:22.647+0000] {processor.py:830} INFO - Processing file /home/airflow/.local/lib/python3.12/site-packages/airflow/example_dags/example_short_circuit_operator.py for tasks to queue
[2025-09-29T15:45:22.651+0000] {logging_mixin.py:188} INFO - [2025-09-29T15:45:22.650+0000] {dagbag.py:545} INFO - Filling up the DagBag from /home/airflow/.local/lib/python3.12/site-packages/airflow/example_dags/example_short_circuit_operator.py
[2025-09-29T15:45:22.669+0000] {processor.py:840} INFO - DAG(s) 'example_short_circuit_operator' retrieved from /home/airflow/.local/lib/python3.12/site-packages/airflow/example_dags/example_short_circuit_operator.py
[2025-09-29T15:45:22.735+0000] {logging_mixin.py:188} INFO - [2025-09-29T15:45:22.734+0000] {dag.py:3089} INFO - Sync 1 DAGs
[2025-09-29T15:45:22.790+0000] {logging_mixin.py:188} INFO - [2025-09-29T15:45:22.790+0000] {dag.py:3947} INFO - Setting next_dagrun for example_short_circuit_operator to 2025-09-28 00:00:00+00:00, run_after=2025-09-29 00:00:00+00:00
[2025-09-29T15:45:22.839+0000] {processor.py:183} INFO - Processing /home/airflow/.local/lib/python3.12/site-packages/airflow/example_dags/example_short_circuit_operator.py took 0.209 seconds
[2025-09-29T15:45:52.960+0000] {processor.py:161} INFO - Started process (PID=6724) to work on /home/airflow/.local/lib/python3.12/site-packages/airflow/example_dags/example_short_circuit_operator.py
[2025-09-29T15:45:52.963+0000] {processor.py:830} INFO - Processing file /home/airflow/.local/lib/python3.12/site-packages/airflow/example_dags/example_short_circuit_operator.py for tasks to queue
[2025-09-29T15:45:52.968+0000] {logging_mixin.py:188} INFO - [2025-09-29T15:45:52.967+0000] {dagbag.py:545} INFO - Filling up the DagBag from /home/airflow/.local/lib/python3.12/site-packages/airflow/example_dags/example_short_circuit_operator.py
[2025-09-29T15:45:52.990+0000] {processor.py:840} INFO - DAG(s) 'example_short_circuit_operator' retrieved from /home/airflow/.local/lib/python3.12/site-packages/airflow/example_dags/example_short_circuit_operator.py
[2025-09-29T15:45:53.067+0000] {logging_mixin.py:188} INFO - [2025-09-29T15:45:53.066+0000] {dag.py:3089} INFO - Sync 1 DAGs
[2025-09-29T15:45:53.136+0000] {logging_mixin.py:188} INFO - [2025-09-29T15:45:53.136+0000] {dag.py:3947} INFO - Setting next_dagrun for example_short_circuit_operator to 2025-09-28 00:00:00+00:00, run_after=2025-09-29 00:00:00+00:00
[2025-09-29T15:45:53.186+0000] {processor.py:183} INFO - Processing /home/airflow/.local/lib/python3.12/site-packages/airflow/example_dags/example_short_circuit_operator.py took 0.244 seconds
[2025-09-29T15:46:24.115+0000] {processor.py:161} INFO - Started process (PID=6986) to work on /home/airflow/.local/lib/python3.12/site-packages/airflow/example_dags/example_short_circuit_operator.py
[2025-09-29T15:46:24.123+0000] {processor.py:830} INFO - Processing file /home/airflow/.local/lib/python3.12/site-packages/airflow/example_dags/example_short_circuit_operator.py for tasks to queue
[2025-09-29T15:46:24.128+0000] {logging_mixin.py:188} INFO - [2025-09-29T15:46:24.127+0000] {dagbag.py:545} INFO - Filling up the DagBag from /home/airflow/.local/lib/python3.12/site-packages/airflow/example_dags/example_short_circuit_operator.py
[2025-09-29T15:46:24.147+0000] {processor.py:840} INFO - DAG(s) 'example_short_circuit_operator' retrieved from /home/airflow/.local/lib/python3.12/site-packages/airflow/example_dags/example_short_circuit_operator.py
[2025-09-29T15:46:24.214+0000] {logging_mixin.py:188} INFO - [2025-09-29T15:46:24.213+0000] {dag.py:3089} INFO - Sync 1 DAGs
[2025-09-29T15:46:24.265+0000] {logging_mixin.py:188} INFO - [2025-09-29T15:46:24.264+0000] {dag.py:3947} INFO - Setting next_dagrun for example_short_circuit_operator to 2025-09-28 00:00:00+00:00, run_after=2025-09-29 00:00:00+00:00
[2025-09-29T15:46:24.313+0000] {processor.py:183} INFO - Processing /home/airflow/.local/lib/python3.12/site-packages/airflow/example_dags/example_short_circuit_operator.py took 0.212 seconds
[2025-09-29T15:46:54.527+0000] {processor.py:161} INFO - Started process (PID=7248) to work on /home/airflow/.local/lib/python3.12/site-packages/airflow/example_dags/example_short_circuit_operator.py
[2025-09-29T15:46:54.529+0000] {processor.py:830} INFO - Processing file /home/airflow/.local/lib/python3.12/site-packages/airflow/example_dags/example_short_circuit_operator.py for tasks to queue
[2025-09-29T15:46:54.533+0000] {logging_mixin.py:188} INFO - [2025-09-29T15:46:54.532+0000] {dagbag.py:545} INFO - Filling up the DagBag from /home/airflow/.local/lib/python3.12/site-packages/airflow/example_dags/example_short_circuit_operator.py
[2025-09-29T15:46:54.551+0000] {processor.py:840} INFO - DAG(s) 'example_short_circuit_operator' retrieved from /home/airflow/.local/lib/python3.12/site-packages/airflow/example_dags/example_short_circuit_operator.py
[2025-09-29T15:46:54.619+0000] {logging_mixin.py:188} INFO - [2025-09-29T15:46:54.618+0000] {dag.py:3089} INFO - Sync 1 DAGs
[2025-09-29T15:46:54.677+0000] {logging_mixin.py:188} INFO - [2025-09-29T15:46:54.676+0000] {dag.py:3947} INFO - Setting next_dagrun for example_short_circuit_operator to 2025-09-28 00:00:00+00:00, run_after=2025-09-29 00:00:00+00:00
[2025-09-29T15:46:54.727+0000] {processor.py:183} INFO - Processing /home/airflow/.local/lib/python3.12/site-packages/airflow/example_dags/example_short_circuit_operator.py took 0.215 seconds
[2025-09-29T15:47:25.356+0000] {processor.py:161} INFO - Started process (PID=7510) to work on /home/airflow/.local/lib/python3.12/site-packages/airflow/example_dags/example_short_circuit_operator.py
[2025-09-29T15:47:25.364+0000] {processor.py:830} INFO - Processing file /home/airflow/.local/lib/python3.12/site-packages/airflow/example_dags/example_short_circuit_operator.py for tasks to queue
[2025-09-29T15:47:25.369+0000] {logging_mixin.py:188} INFO - [2025-09-29T15:47:25.368+0000] {dagbag.py:545} INFO - Filling up the DagBag from /home/airflow/.local/lib/python3.12/site-packages/airflow/example_dags/example_short_circuit_operator.py
[2025-09-29T15:47:25.388+0000] {processor.py:840} INFO - DAG(s) 'example_short_circuit_operator' retrieved from /home/airflow/.local/lib/python3.12/site-packages/airflow/example_dags/example_short_circuit_operator.py
[2025-09-29T15:47:25.451+0000] {logging_mixin.py:188} INFO - [2025-09-29T15:47:25.451+0000] {dag.py:3089} INFO - Sync 1 DAGs
[2025-09-29T15:47:25.502+0000] {logging_mixin.py:188} INFO - [2025-09-29T15:47:25.502+0000] {dag.py:3947} INFO - Setting next_dagrun for example_short_circuit_operator to 2025-09-28 00:00:00+00:00, run_after=2025-09-29 00:00:00+00:00
[2025-09-29T15:47:25.548+0000] {processor.py:183} INFO - Processing /home/airflow/.local/lib/python3.12/site-packages/airflow/example_dags/example_short_circuit_operator.py took 0.206 seconds
[2025-09-29T15:47:55.686+0000] {processor.py:161} INFO - Started process (PID=7772) to work on /home/airflow/.local/lib/python3.12/site-packages/airflow/example_dags/example_short_circuit_operator.py
[2025-09-29T15:47:55.688+0000] {processor.py:830} INFO - Processing file /home/airflow/.local/lib/python3.12/site-packages/airflow/example_dags/example_short_circuit_operator.py for tasks to queue
[2025-09-29T15:47:55.692+0000] {logging_mixin.py:188} INFO - [2025-09-29T15:47:55.692+0000] {dagbag.py:545} INFO - Filling up the DagBag from /home/airflow/.local/lib/python3.12/site-packages/airflow/example_dags/example_short_circuit_operator.py
[2025-09-29T15:47:55.710+0000] {processor.py:840} INFO - DAG(s) 'example_short_circuit_operator' retrieved from /home/airflow/.local/lib/python3.12/site-packages/airflow/example_dags/example_short_circuit_operator.py
[2025-09-29T15:47:55.781+0000] {logging_mixin.py:188} INFO - [2025-09-29T15:47:55.780+0000] {dag.py:3089} INFO - Sync 1 DAGs
[2025-09-29T15:47:55.831+0000] {logging_mixin.py:188} INFO - [2025-09-29T15:47:55.830+0000] {dag.py:3947} INFO - Setting next_dagrun for example_short_circuit_operator to 2025-09-28 00:00:00+00:00, run_after=2025-09-29 00:00:00+00:00
[2025-09-29T15:47:55.879+0000] {processor.py:183} INFO - Processing /home/airflow/.local/lib/python3.12/site-packages/airflow/example_dags/example_short_circuit_operator.py took 0.207 seconds
[2025-09-29T15:48:26.869+0000] {processor.py:161} INFO - Started process (PID=8034) to work on /home/airflow/.local/lib/python3.12/site-packages/airflow/example_dags/example_short_circuit_operator.py
[2025-09-29T15:48:26.884+0000] {processor.py:830} INFO - Processing file /home/airflow/.local/lib/python3.12/site-packages/airflow/example_dags/example_short_circuit_operator.py for tasks to queue
[2025-09-29T15:48:26.888+0000] {logging_mixin.py:188} INFO - [2025-09-29T15:48:26.887+0000] {dagbag.py:545} INFO - Filling up the DagBag from /home/airflow/.local/lib/python3.12/site-packages/airflow/example_dags/example_short_circuit_operator.py
[2025-09-29T15:48:26.905+0000] {processor.py:840} INFO - DAG(s) 'example_short_circuit_operator' retrieved from /home/airflow/.local/lib/python3.12/site-packages/airflow/example_dags/example_short_circuit_operator.py
[2025-09-29T15:48:26.971+0000] {logging_mixin.py:188} INFO - [2025-09-29T15:48:26.971+0000] {dag.py:3089} INFO - Sync 1 DAGs
[2025-09-29T15:48:27.029+0000] {logging_mixin.py:188} INFO - [2025-09-29T15:48:27.029+0000] {dag.py:3947} INFO - Setting next_dagrun for example_short_circuit_operator to 2025-09-28 00:00:00+00:00, run_after=2025-09-29 00:00:00+00:00
[2025-09-29T15:48:27.081+0000] {processor.py:183} INFO - Processing /home/airflow/.local/lib/python3.12/site-packages/airflow/example_dags/example_short_circuit_operator.py took 0.226 seconds
[2025-09-29T15:48:57.297+0000] {processor.py:161} INFO - Started process (PID=8296) to work on /home/airflow/.local/lib/python3.12/site-packages/airflow/example_dags/example_short_circuit_operator.py
[2025-09-29T15:48:57.312+0000] {processor.py:830} INFO - Processing file /home/airflow/.local/lib/python3.12/site-packages/airflow/example_dags/example_short_circuit_operator.py for tasks to queue
[2025-09-29T15:48:57.316+0000] {logging_mixin.py:188} INFO - [2025-09-29T15:48:57.315+0000] {dagbag.py:545} INFO - Filling up the DagBag from /home/airflow/.local/lib/python3.12/site-packages/airflow/example_dags/example_short_circuit_operator.py
[2025-09-29T15:48:57.334+0000] {processor.py:840} INFO - DAG(s) 'example_short_circuit_operator' retrieved from /home/airflow/.local/lib/python3.12/site-packages/airflow/example_dags/example_short_circuit_operator.py
[2025-09-29T15:48:57.397+0000] {logging_mixin.py:188} INFO - [2025-09-29T15:48:57.396+0000] {dag.py:3089} INFO - Sync 1 DAGs
[2025-09-29T15:48:57.454+0000] {logging_mixin.py:188} INFO - [2025-09-29T15:48:57.454+0000] {dag.py:3947} INFO - Setting next_dagrun for example_short_circuit_operator to 2025-09-28 00:00:00+00:00, run_after=2025-09-29 00:00:00+00:00
[2025-09-29T15:48:57.507+0000] {processor.py:183} INFO - Processing /home/airflow/.local/lib/python3.12/site-packages/airflow/example_dags/example_short_circuit_operator.py took 0.224 seconds
[2025-09-29T15:49:27.813+0000] {processor.py:161} INFO - Started process (PID=8558) to work on /home/airflow/.local/lib/python3.12/site-packages/airflow/example_dags/example_short_circuit_operator.py
[2025-09-29T15:49:27.816+0000] {processor.py:830} INFO - Processing file /home/airflow/.local/lib/python3.12/site-packages/airflow/example_dags/example_short_circuit_operator.py for tasks to queue
[2025-09-29T15:49:27.822+0000] {logging_mixin.py:188} INFO - [2025-09-29T15:49:27.820+0000] {dagbag.py:545} INFO - Filling up the DagBag from /home/airflow/.local/lib/python3.12/site-packages/airflow/example_dags/example_short_circuit_operator.py
[2025-09-29T15:49:27.842+0000] {processor.py:840} INFO - DAG(s) 'example_short_circuit_operator' retrieved from /home/airflow/.local/lib/python3.12/site-packages/airflow/example_dags/example_short_circuit_operator.py
[2025-09-29T15:49:27.922+0000] {logging_mixin.py:188} INFO - [2025-09-29T15:49:27.921+0000] {dag.py:3089} INFO - Sync 1 DAGs
[2025-09-29T15:49:27.985+0000] {logging_mixin.py:188} INFO - [2025-09-29T15:49:27.985+0000] {dag.py:3947} INFO - Setting next_dagrun for example_short_circuit_operator to 2025-09-28 00:00:00+00:00, run_after=2025-09-29 00:00:00+00:00
[2025-09-29T15:49:28.035+0000] {processor.py:183} INFO - Processing /home/airflow/.local/lib/python3.12/site-packages/airflow/example_dags/example_short_circuit_operator.py took 0.240 seconds
[2025-09-29T15:49:58.390+0000] {processor.py:161} INFO - Started process (PID=8820) to work on /home/airflow/.local/lib/python3.12/site-packages/airflow/example_dags/example_short_circuit_operator.py
[2025-09-29T15:49:58.393+0000] {processor.py:830} INFO - Processing file /home/airflow/.local/lib/python3.12/site-packages/airflow/example_dags/example_short_circuit_operator.py for tasks to queue
[2025-09-29T15:49:58.397+0000] {logging_mixin.py:188} INFO - [2025-09-29T15:49:58.396+0000] {dagbag.py:545} INFO - Filling up the DagBag from /home/airflow/.local/lib/python3.12/site-packages/airflow/example_dags/example_short_circuit_operator.py
[2025-09-29T15:49:58.414+0000] {processor.py:840} INFO - DAG(s) 'example_short_circuit_operator' retrieved from /home/airflow/.local/lib/python3.12/site-packages/airflow/example_dags/example_short_circuit_operator.py
[2025-09-29T15:49:58.475+0000] {logging_mixin.py:188} INFO - [2025-09-29T15:49:58.475+0000] {dag.py:3089} INFO - Sync 1 DAGs
[2025-09-29T15:49:58.529+0000] {logging_mixin.py:188} INFO - [2025-09-29T15:49:58.528+0000] {dag.py:3947} INFO - Setting next_dagrun for example_short_circuit_operator to 2025-09-28 00:00:00+00:00, run_after=2025-09-29 00:00:00+00:00
[2025-09-29T15:49:58.578+0000] {processor.py:183} INFO - Processing /home/airflow/.local/lib/python3.12/site-packages/airflow/example_dags/example_short_circuit_operator.py took 0.202 seconds
[2025-09-29T15:50:29.372+0000] {processor.py:161} INFO - Started process (PID=9082) to work on /home/airflow/.local/lib/python3.12/site-packages/airflow/example_dags/example_short_circuit_operator.py
[2025-09-29T15:50:29.388+0000] {processor.py:830} INFO - Processing file /home/airflow/.local/lib/python3.12/site-packages/airflow/example_dags/example_short_circuit_operator.py for tasks to queue
[2025-09-29T15:50:29.392+0000] {logging_mixin.py:188} INFO - [2025-09-29T15:50:29.391+0000] {dagbag.py:545} INFO - Filling up the DagBag from /home/airflow/.local/lib/python3.12/site-packages/airflow/example_dags/example_short_circuit_operator.py
[2025-09-29T15:50:29.409+0000] {processor.py:840} INFO - DAG(s) 'example_short_circuit_operator' retrieved from /home/airflow/.local/lib/python3.12/site-packages/airflow/example_dags/example_short_circuit_operator.py
[2025-09-29T15:50:29.482+0000] {logging_mixin.py:188} INFO - [2025-09-29T15:50:29.481+0000] {dag.py:3089} INFO - Sync 1 DAGs
[2025-09-29T15:50:29.536+0000] {logging_mixin.py:188} INFO - [2025-09-29T15:50:29.535+0000] {dag.py:3947} INFO - Setting next_dagrun for example_short_circuit_operator to 2025-09-28 00:00:00+00:00, run_after=2025-09-29 00:00:00+00:00
[2025-09-29T15:50:29.586+0000] {processor.py:183} INFO - Processing /home/airflow/.local/lib/python3.12/site-packages/airflow/example_dags/example_short_circuit_operator.py took 0.230 seconds
[2025-09-29T15:51:00.338+0000] {processor.py:161} INFO - Started process (PID=9344) to work on /home/airflow/.local/lib/python3.12/site-packages/airflow/example_dags/example_short_circuit_operator.py
[2025-09-29T15:51:00.353+0000] {processor.py:830} INFO - Processing file /home/airflow/.local/lib/python3.12/site-packages/airflow/example_dags/example_short_circuit_operator.py for tasks to queue
[2025-09-29T15:51:00.358+0000] {logging_mixin.py:188} INFO - [2025-09-29T15:51:00.357+0000] {dagbag.py:545} INFO - Filling up the DagBag from /home/airflow/.local/lib/python3.12/site-packages/airflow/example_dags/example_short_circuit_operator.py
[2025-09-29T15:51:00.375+0000] {processor.py:840} INFO - DAG(s) 'example_short_circuit_operator' retrieved from /home/airflow/.local/lib/python3.12/site-packages/airflow/example_dags/example_short_circuit_operator.py
[2025-09-29T15:51:00.437+0000] {logging_mixin.py:188} INFO - [2025-09-29T15:51:00.437+0000] {dag.py:3089} INFO - Sync 1 DAGs
[2025-09-29T15:51:00.486+0000] {logging_mixin.py:188} INFO - [2025-09-29T15:51:00.486+0000] {dag.py:3947} INFO - Setting next_dagrun for example_short_circuit_operator to 2025-09-28 00:00:00+00:00, run_after=2025-09-29 00:00:00+00:00
[2025-09-29T15:51:00.542+0000] {processor.py:183} INFO - Processing /home/airflow/.local/lib/python3.12/site-packages/airflow/example_dags/example_short_circuit_operator.py took 0.218 seconds
[2025-09-29T15:51:31.286+0000] {processor.py:161} INFO - Started process (PID=9606) to work on /home/airflow/.local/lib/python3.12/site-packages/airflow/example_dags/example_short_circuit_operator.py
[2025-09-29T15:51:31.290+0000] {processor.py:830} INFO - Processing file /home/airflow/.local/lib/python3.12/site-packages/airflow/example_dags/example_short_circuit_operator.py for tasks to queue
[2025-09-29T15:51:31.295+0000] {logging_mixin.py:188} INFO - [2025-09-29T15:51:31.294+0000] {dagbag.py:545} INFO - Filling up the DagBag from /home/airflow/.local/lib/python3.12/site-packages/airflow/example_dags/example_short_circuit_operator.py
[2025-09-29T15:51:31.317+0000] {processor.py:840} INFO - DAG(s) 'example_short_circuit_operator' retrieved from /home/airflow/.local/lib/python3.12/site-packages/airflow/example_dags/example_short_circuit_operator.py
[2025-09-29T15:51:31.381+0000] {logging_mixin.py:188} INFO - [2025-09-29T15:51:31.380+0000] {dag.py:3089} INFO - Sync 1 DAGs
[2025-09-29T15:51:31.432+0000] {logging_mixin.py:188} INFO - [2025-09-29T15:51:31.432+0000] {dag.py:3947} INFO - Setting next_dagrun for example_short_circuit_operator to 2025-09-28 00:00:00+00:00, run_after=2025-09-29 00:00:00+00:00
[2025-09-29T15:51:31.479+0000] {processor.py:183} INFO - Processing /home/airflow/.local/lib/python3.12/site-packages/airflow/example_dags/example_short_circuit_operator.py took 0.208 seconds
[2025-09-29T15:52:02.121+0000] {processor.py:161} INFO - Started process (PID=9868) to work on /home/airflow/.local/lib/python3.12/site-packages/airflow/example_dags/example_short_circuit_operator.py
[2025-09-29T15:52:02.124+0000] {processor.py:830} INFO - Processing file /home/airflow/.local/lib/python3.12/site-packages/airflow/example_dags/example_short_circuit_operator.py for tasks to queue
[2025-09-29T15:52:02.128+0000] {logging_mixin.py:188} INFO - [2025-09-29T15:52:02.127+0000] {dagbag.py:545} INFO - Filling up the DagBag from /home/airflow/.local/lib/python3.12/site-packages/airflow/example_dags/example_short_circuit_operator.py
[2025-09-29T15:52:02.145+0000] {processor.py:840} INFO - DAG(s) 'example_short_circuit_operator' retrieved from /home/airflow/.local/lib/python3.12/site-packages/airflow/example_dags/example_short_circuit_operator.py
[2025-09-29T15:52:02.207+0000] {logging_mixin.py:188} INFO - [2025-09-29T15:52:02.207+0000] {dag.py:3089} INFO - Sync 1 DAGs
[2025-09-29T15:52:01.655+0000] {logging_mixin.py:188} INFO - [2025-09-29T15:52:01.655+0000] {dag.py:3947} INFO - Setting next_dagrun for example_short_circuit_operator to 2025-09-28 00:00:00+00:00, run_after=2025-09-29 00:00:00+00:00
[2025-09-29T15:52:01.701+0000] {processor.py:183} INFO - Processing /home/airflow/.local/lib/python3.12/site-packages/airflow/example_dags/example_short_circuit_operator.py took 0.199 seconds
[2025-09-29T15:52:32.622+0000] {processor.py:161} INFO - Started process (PID=10155) to work on /home/airflow/.local/lib/python3.12/site-packages/airflow/example_dags/example_short_circuit_operator.py
[2025-09-29T15:52:32.625+0000] {processor.py:830} INFO - Processing file /home/airflow/.local/lib/python3.12/site-packages/airflow/example_dags/example_short_circuit_operator.py for tasks to queue
[2025-09-29T15:52:32.630+0000] {logging_mixin.py:188} INFO - [2025-09-29T15:52:32.629+0000] {dagbag.py:545} INFO - Filling up the DagBag from /home/airflow/.local/lib/python3.12/site-packages/airflow/example_dags/example_short_circuit_operator.py
[2025-09-29T15:52:32.648+0000] {processor.py:840} INFO - DAG(s) 'example_short_circuit_operator' retrieved from /home/airflow/.local/lib/python3.12/site-packages/airflow/example_dags/example_short_circuit_operator.py
[2025-09-29T15:52:32.715+0000] {logging_mixin.py:188} INFO - [2025-09-29T15:52:32.714+0000] {dag.py:3089} INFO - Sync 1 DAGs
[2025-09-29T15:52:33.084+0000] {logging_mixin.py:188} INFO - [2025-09-29T15:52:33.084+0000] {dag.py:3947} INFO - Setting next_dagrun for example_short_circuit_operator to 2025-09-28 00:00:00+00:00, run_after=2025-09-29 00:00:00+00:00
[2025-09-29T15:52:33.140+0000] {processor.py:183} INFO - Processing /home/airflow/.local/lib/python3.12/site-packages/airflow/example_dags/example_short_circuit_operator.py took 0.533 seconds
[2025-09-29T15:53:03.828+0000] {processor.py:161} INFO - Started process (PID=10417) to work on /home/airflow/.local/lib/python3.12/site-packages/airflow/example_dags/example_short_circuit_operator.py
[2025-09-29T15:53:03.843+0000] {processor.py:830} INFO - Processing file /home/airflow/.local/lib/python3.12/site-packages/airflow/example_dags/example_short_circuit_operator.py for tasks to queue
[2025-09-29T15:53:03.848+0000] {logging_mixin.py:188} INFO - [2025-09-29T15:53:03.847+0000] {dagbag.py:545} INFO - Filling up the DagBag from /home/airflow/.local/lib/python3.12/site-packages/airflow/example_dags/example_short_circuit_operator.py
[2025-09-29T15:53:03.866+0000] {processor.py:840} INFO - DAG(s) 'example_short_circuit_operator' retrieved from /home/airflow/.local/lib/python3.12/site-packages/airflow/example_dags/example_short_circuit_operator.py
[2025-09-29T15:53:03.930+0000] {logging_mixin.py:188} INFO - [2025-09-29T15:53:03.929+0000] {dag.py:3089} INFO - Sync 1 DAGs
[2025-09-29T15:53:03.982+0000] {logging_mixin.py:188} INFO - [2025-09-29T15:53:03.982+0000] {dag.py:3947} INFO - Setting next_dagrun for example_short_circuit_operator to 2025-09-28 00:00:00+00:00, run_after=2025-09-29 00:00:00+00:00
[2025-09-29T15:53:04.344+0000] {processor.py:183} INFO - Processing /home/airflow/.local/lib/python3.12/site-packages/airflow/example_dags/example_short_circuit_operator.py took 0.530 seconds
[2025-09-29T15:53:35.311+0000] {processor.py:161} INFO - Started process (PID=10679) to work on /home/airflow/.local/lib/python3.12/site-packages/airflow/example_dags/example_short_circuit_operator.py
[2025-09-29T15:53:35.326+0000] {processor.py:830} INFO - Processing file /home/airflow/.local/lib/python3.12/site-packages/airflow/example_dags/example_short_circuit_operator.py for tasks to queue
[2025-09-29T15:53:35.331+0000] {logging_mixin.py:188} INFO - [2025-09-29T15:53:35.330+0000] {dagbag.py:545} INFO - Filling up the DagBag from /home/airflow/.local/lib/python3.12/site-packages/airflow/example_dags/example_short_circuit_operator.py
[2025-09-29T15:53:35.348+0000] {processor.py:840} INFO - DAG(s) 'example_short_circuit_operator' retrieved from /home/airflow/.local/lib/python3.12/site-packages/airflow/example_dags/example_short_circuit_operator.py
[2025-09-29T15:53:35.415+0000] {logging_mixin.py:188} INFO - [2025-09-29T15:53:35.414+0000] {dag.py:3089} INFO - Sync 1 DAGs
[2025-09-29T15:53:35.464+0000] {logging_mixin.py:188} INFO - [2025-09-29T15:53:35.464+0000] {dag.py:3947} INFO - Setting next_dagrun for example_short_circuit_operator to 2025-09-28 00:00:00+00:00, run_after=2025-09-29 00:00:00+00:00
[2025-09-29T15:53:35.518+0000] {processor.py:183} INFO - Processing /home/airflow/.local/lib/python3.12/site-packages/airflow/example_dags/example_short_circuit_operator.py took 0.222 seconds
[2025-09-29T15:54:06.065+0000] {processor.py:161} INFO - Started process (PID=10939) to work on /home/airflow/.local/lib/python3.12/site-packages/airflow/example_dags/example_short_circuit_operator.py
[2025-09-29T15:54:06.068+0000] {processor.py:830} INFO - Processing file /home/airflow/.local/lib/python3.12/site-packages/airflow/example_dags/example_short_circuit_operator.py for tasks to queue
[2025-09-29T15:54:06.072+0000] {logging_mixin.py:188} INFO - [2025-09-29T15:54:06.071+0000] {dagbag.py:545} INFO - Filling up the DagBag from /home/airflow/.local/lib/python3.12/site-packages/airflow/example_dags/example_short_circuit_operator.py
[2025-09-29T15:54:06.089+0000] {processor.py:840} INFO - DAG(s) 'example_short_circuit_operator' retrieved from /home/airflow/.local/lib/python3.12/site-packages/airflow/example_dags/example_short_circuit_operator.py
[2025-09-29T15:54:06.154+0000] {logging_mixin.py:188} INFO - [2025-09-29T15:54:06.153+0000] {dag.py:3089} INFO - Sync 1 DAGs
[2025-09-29T15:54:06.202+0000] {logging_mixin.py:188} INFO - [2025-09-29T15:54:06.201+0000] {dag.py:3947} INFO - Setting next_dagrun for example_short_circuit_operator to 2025-09-28 00:00:00+00:00, run_after=2025-09-29 00:00:00+00:00
[2025-09-29T15:54:06.248+0000] {processor.py:183} INFO - Processing /home/airflow/.local/lib/python3.12/site-packages/airflow/example_dags/example_short_circuit_operator.py took 0.198 seconds
[2025-09-29T15:54:36.802+0000] {processor.py:161} INFO - Started process (PID=11196) to work on /home/airflow/.local/lib/python3.12/site-packages/airflow/example_dags/example_short_circuit_operator.py
[2025-09-29T15:54:36.805+0000] {processor.py:830} INFO - Processing file /home/airflow/.local/lib/python3.12/site-packages/airflow/example_dags/example_short_circuit_operator.py for tasks to queue
[2025-09-29T15:54:36.809+0000] {logging_mixin.py:188} INFO - [2025-09-29T15:54:36.809+0000] {dagbag.py:545} INFO - Filling up the DagBag from /home/airflow/.local/lib/python3.12/site-packages/airflow/example_dags/example_short_circuit_operator.py
[2025-09-29T15:54:36.826+0000] {processor.py:840} INFO - DAG(s) 'example_short_circuit_operator' retrieved from /home/airflow/.local/lib/python3.12/site-packages/airflow/example_dags/example_short_circuit_operator.py
[2025-09-29T15:54:36.887+0000] {logging_mixin.py:188} INFO - [2025-09-29T15:54:36.886+0000] {dag.py:3089} INFO - Sync 1 DAGs
[2025-09-29T15:54:36.936+0000] {logging_mixin.py:188} INFO - [2025-09-29T15:54:36.935+0000] {dag.py:3947} INFO - Setting next_dagrun for example_short_circuit_operator to 2025-09-28 00:00:00+00:00, run_after=2025-09-29 00:00:00+00:00
[2025-09-29T15:54:36.981+0000] {processor.py:183} INFO - Processing /home/airflow/.local/lib/python3.12/site-packages/airflow/example_dags/example_short_circuit_operator.py took 0.193 seconds
[2025-09-29T15:55:07.327+0000] {processor.py:161} INFO - Started process (PID=11445) to work on /home/airflow/.local/lib/python3.12/site-packages/airflow/example_dags/example_short_circuit_operator.py
[2025-09-29T15:55:07.330+0000] {processor.py:830} INFO - Processing file /home/airflow/.local/lib/python3.12/site-packages/airflow/example_dags/example_short_circuit_operator.py for tasks to queue
[2025-09-29T15:55:07.336+0000] {logging_mixin.py:188} INFO - [2025-09-29T15:55:07.335+0000] {dagbag.py:545} INFO - Filling up the DagBag from /home/airflow/.local/lib/python3.12/site-packages/airflow/example_dags/example_short_circuit_operator.py
[2025-09-29T15:55:07.357+0000] {processor.py:840} INFO - DAG(s) 'example_short_circuit_operator' retrieved from /home/airflow/.local/lib/python3.12/site-packages/airflow/example_dags/example_short_circuit_operator.py
[2025-09-29T15:55:07.424+0000] {logging_mixin.py:188} INFO - [2025-09-29T15:55:07.424+0000] {dag.py:3089} INFO - Sync 1 DAGs
[2025-09-29T15:55:07.479+0000] {logging_mixin.py:188} INFO - [2025-09-29T15:55:07.478+0000] {dag.py:3947} INFO - Setting next_dagrun for example_short_circuit_operator to 2025-09-28 00:00:00+00:00, run_after=2025-09-29 00:00:00+00:00
[2025-09-29T15:55:07.528+0000] {processor.py:183} INFO - Processing /home/airflow/.local/lib/python3.12/site-packages/airflow/example_dags/example_short_circuit_operator.py took 0.219 seconds
[2025-09-29T15:55:37.701+0000] {processor.py:161} INFO - Started process (PID=11706) to work on /home/airflow/.local/lib/python3.12/site-packages/airflow/example_dags/example_short_circuit_operator.py
[2025-09-29T15:55:37.704+0000] {processor.py:830} INFO - Processing file /home/airflow/.local/lib/python3.12/site-packages/airflow/example_dags/example_short_circuit_operator.py for tasks to queue
[2025-09-29T15:55:37.709+0000] {logging_mixin.py:188} INFO - [2025-09-29T15:55:37.708+0000] {dagbag.py:545} INFO - Filling up the DagBag from /home/airflow/.local/lib/python3.12/site-packages/airflow/example_dags/example_short_circuit_operator.py
[2025-09-29T15:55:37.725+0000] {processor.py:840} INFO - DAG(s) 'example_short_circuit_operator' retrieved from /home/airflow/.local/lib/python3.12/site-packages/airflow/example_dags/example_short_circuit_operator.py
[2025-09-29T15:55:37.787+0000] {logging_mixin.py:188} INFO - [2025-09-29T15:55:37.786+0000] {dag.py:3089} INFO - Sync 1 DAGs
[2025-09-29T15:55:37.841+0000] {logging_mixin.py:188} INFO - [2025-09-29T15:55:37.840+0000] {dag.py:3947} INFO - Setting next_dagrun for example_short_circuit_operator to 2025-09-28 00:00:00+00:00, run_after=2025-09-29 00:00:00+00:00
[2025-09-29T15:55:37.889+0000] {processor.py:183} INFO - Processing /home/airflow/.local/lib/python3.12/site-packages/airflow/example_dags/example_short_circuit_operator.py took 0.205 seconds
[2025-09-29T15:56:08.331+0000] {processor.py:161} INFO - Started process (PID=11957) to work on /home/airflow/.local/lib/python3.12/site-packages/airflow/example_dags/example_short_circuit_operator.py
[2025-09-29T15:56:08.334+0000] {processor.py:830} INFO - Processing file /home/airflow/.local/lib/python3.12/site-packages/airflow/example_dags/example_short_circuit_operator.py for tasks to queue
[2025-09-29T15:56:08.339+0000] {logging_mixin.py:188} INFO - [2025-09-29T15:56:08.338+0000] {dagbag.py:545} INFO - Filling up the DagBag from /home/airflow/.local/lib/python3.12/site-packages/airflow/example_dags/example_short_circuit_operator.py
[2025-09-29T15:56:08.362+0000] {processor.py:840} INFO - DAG(s) 'example_short_circuit_operator' retrieved from /home/airflow/.local/lib/python3.12/site-packages/airflow/example_dags/example_short_circuit_operator.py
[2025-09-29T15:56:08.441+0000] {logging_mixin.py:188} INFO - [2025-09-29T15:56:08.440+0000] {dag.py:3089} INFO - Sync 1 DAGs
[2025-09-29T15:56:08.500+0000] {logging_mixin.py:188} INFO - [2025-09-29T15:56:08.500+0000] {dag.py:3947} INFO - Setting next_dagrun for example_short_circuit_operator to 2025-09-28 00:00:00+00:00, run_after=2025-09-29 00:00:00+00:00
[2025-09-29T15:56:08.562+0000] {processor.py:183} INFO - Processing /home/airflow/.local/lib/python3.12/site-packages/airflow/example_dags/example_short_circuit_operator.py took 0.251 seconds
[2025-09-29T15:56:38.711+0000] {processor.py:161} INFO - Started process (PID=12218) to work on /home/airflow/.local/lib/python3.12/site-packages/airflow/example_dags/example_short_circuit_operator.py
[2025-09-29T15:56:38.714+0000] {processor.py:830} INFO - Processing file /home/airflow/.local/lib/python3.12/site-packages/airflow/example_dags/example_short_circuit_operator.py for tasks to queue
[2025-09-29T15:56:38.719+0000] {logging_mixin.py:188} INFO - [2025-09-29T15:56:38.718+0000] {dagbag.py:545} INFO - Filling up the DagBag from /home/airflow/.local/lib/python3.12/site-packages/airflow/example_dags/example_short_circuit_operator.py
[2025-09-29T15:56:38.744+0000] {processor.py:840} INFO - DAG(s) 'example_short_circuit_operator' retrieved from /home/airflow/.local/lib/python3.12/site-packages/airflow/example_dags/example_short_circuit_operator.py
[2025-09-29T15:56:38.837+0000] {logging_mixin.py:188} INFO - [2025-09-29T15:56:38.837+0000] {dag.py:3089} INFO - Sync 1 DAGs
[2025-09-29T15:56:38.889+0000] {logging_mixin.py:188} INFO - [2025-09-29T15:56:38.888+0000] {dag.py:3947} INFO - Setting next_dagrun for example_short_circuit_operator to 2025-09-28 00:00:00+00:00, run_after=2025-09-29 00:00:00+00:00
[2025-09-29T15:56:38.937+0000] {processor.py:183} INFO - Processing /home/airflow/.local/lib/python3.12/site-packages/airflow/example_dags/example_short_circuit_operator.py took 0.243 seconds
[2025-09-29T15:57:09.577+0000] {processor.py:161} INFO - Started process (PID=12477) to work on /home/airflow/.local/lib/python3.12/site-packages/airflow/example_dags/example_short_circuit_operator.py
[2025-09-29T15:57:09.579+0000] {processor.py:830} INFO - Processing file /home/airflow/.local/lib/python3.12/site-packages/airflow/example_dags/example_short_circuit_operator.py for tasks to queue
[2025-09-29T15:57:09.584+0000] {logging_mixin.py:188} INFO - [2025-09-29T15:57:09.583+0000] {dagbag.py:545} INFO - Filling up the DagBag from /home/airflow/.local/lib/python3.12/site-packages/airflow/example_dags/example_short_circuit_operator.py
[2025-09-29T15:57:09.601+0000] {processor.py:840} INFO - DAG(s) 'example_short_circuit_operator' retrieved from /home/airflow/.local/lib/python3.12/site-packages/airflow/example_dags/example_short_circuit_operator.py
[2025-09-29T15:57:09.664+0000] {logging_mixin.py:188} INFO - [2025-09-29T15:57:09.663+0000] {dag.py:3089} INFO - Sync 1 DAGs
[2025-09-29T15:57:09.718+0000] {logging_mixin.py:188} INFO - [2025-09-29T15:57:09.717+0000] {dag.py:3947} INFO - Setting next_dagrun for example_short_circuit_operator to 2025-09-28 00:00:00+00:00, run_after=2025-09-29 00:00:00+00:00
[2025-09-29T15:57:09.767+0000] {processor.py:183} INFO - Processing /home/airflow/.local/lib/python3.12/site-packages/airflow/example_dags/example_short_circuit_operator.py took 0.205 seconds
[2025-09-29T15:57:40.651+0000] {processor.py:161} INFO - Started process (PID=12738) to work on /home/airflow/.local/lib/python3.12/site-packages/airflow/example_dags/example_short_circuit_operator.py
[2025-09-29T15:57:40.654+0000] {processor.py:830} INFO - Processing file /home/airflow/.local/lib/python3.12/site-packages/airflow/example_dags/example_short_circuit_operator.py for tasks to queue
[2025-09-29T15:57:40.659+0000] {logging_mixin.py:188} INFO - [2025-09-29T15:57:40.658+0000] {dagbag.py:545} INFO - Filling up the DagBag from /home/airflow/.local/lib/python3.12/site-packages/airflow/example_dags/example_short_circuit_operator.py
[2025-09-29T15:57:40.675+0000] {processor.py:840} INFO - DAG(s) 'example_short_circuit_operator' retrieved from /home/airflow/.local/lib/python3.12/site-packages/airflow/example_dags/example_short_circuit_operator.py
[2025-09-29T15:57:40.734+0000] {logging_mixin.py:188} INFO - [2025-09-29T15:57:40.734+0000] {dag.py:3089} INFO - Sync 1 DAGs
[2025-09-29T15:57:40.781+0000] {logging_mixin.py:188} INFO - [2025-09-29T15:57:40.781+0000] {dag.py:3947} INFO - Setting next_dagrun for example_short_circuit_operator to 2025-09-28 00:00:00+00:00, run_after=2025-09-29 00:00:00+00:00
[2025-09-29T15:57:40.827+0000] {processor.py:183} INFO - Processing /home/airflow/.local/lib/python3.12/site-packages/airflow/example_dags/example_short_circuit_operator.py took 0.192 seconds
[2025-09-29T15:58:11.303+0000] {processor.py:161} INFO - Started process (PID=13001) to work on /home/airflow/.local/lib/python3.12/site-packages/airflow/example_dags/example_short_circuit_operator.py
[2025-09-29T15:58:11.306+0000] {processor.py:830} INFO - Processing file /home/airflow/.local/lib/python3.12/site-packages/airflow/example_dags/example_short_circuit_operator.py for tasks to queue
[2025-09-29T15:58:11.311+0000] {logging_mixin.py:188} INFO - [2025-09-29T15:58:11.310+0000] {dagbag.py:545} INFO - Filling up the DagBag from /home/airflow/.local/lib/python3.12/site-packages/airflow/example_dags/example_short_circuit_operator.py
[2025-09-29T15:58:11.326+0000] {processor.py:840} INFO - DAG(s) 'example_short_circuit_operator' retrieved from /home/airflow/.local/lib/python3.12/site-packages/airflow/example_dags/example_short_circuit_operator.py
[2025-09-29T15:58:11.385+0000] {logging_mixin.py:188} INFO - [2025-09-29T15:58:11.385+0000] {dag.py:3089} INFO - Sync 1 DAGs
[2025-09-29T15:58:11.433+0000] {logging_mixin.py:188} INFO - [2025-09-29T15:58:11.433+0000] {dag.py:3947} INFO - Setting next_dagrun for example_short_circuit_operator to 2025-09-28 00:00:00+00:00, run_after=2025-09-29 00:00:00+00:00
[2025-09-29T15:58:11.480+0000] {processor.py:183} INFO - Processing /home/airflow/.local/lib/python3.12/site-packages/airflow/example_dags/example_short_circuit_operator.py took 0.190 seconds
[2025-09-29T15:58:41.831+0000] {processor.py:161} INFO - Started process (PID=13263) to work on /home/airflow/.local/lib/python3.12/site-packages/airflow/example_dags/example_short_circuit_operator.py
[2025-09-29T15:58:41.833+0000] {processor.py:830} INFO - Processing file /home/airflow/.local/lib/python3.12/site-packages/airflow/example_dags/example_short_circuit_operator.py for tasks to queue
[2025-09-29T15:58:41.837+0000] {logging_mixin.py:188} INFO - [2025-09-29T15:58:41.836+0000] {dagbag.py:545} INFO - Filling up the DagBag from /home/airflow/.local/lib/python3.12/site-packages/airflow/example_dags/example_short_circuit_operator.py
[2025-09-29T15:58:41.852+0000] {processor.py:840} INFO - DAG(s) 'example_short_circuit_operator' retrieved from /home/airflow/.local/lib/python3.12/site-packages/airflow/example_dags/example_short_circuit_operator.py
[2025-09-29T15:58:41.913+0000] {logging_mixin.py:188} INFO - [2025-09-29T15:58:41.912+0000] {dag.py:3089} INFO - Sync 1 DAGs
[2025-09-29T15:58:41.960+0000] {logging_mixin.py:188} INFO - [2025-09-29T15:58:41.960+0000] {dag.py:3947} INFO - Setting next_dagrun for example_short_circuit_operator to 2025-09-28 00:00:00+00:00, run_after=2025-09-29 00:00:00+00:00
[2025-09-29T15:58:42.010+0000] {processor.py:183} INFO - Processing /home/airflow/.local/lib/python3.12/site-packages/airflow/example_dags/example_short_circuit_operator.py took 0.193 seconds
[2025-09-29T15:59:12.398+0000] {processor.py:161} INFO - Started process (PID=13523) to work on /home/airflow/.local/lib/python3.12/site-packages/airflow/example_dags/example_short_circuit_operator.py
[2025-09-29T15:59:12.400+0000] {processor.py:830} INFO - Processing file /home/airflow/.local/lib/python3.12/site-packages/airflow/example_dags/example_short_circuit_operator.py for tasks to queue
[2025-09-29T15:59:12.405+0000] {logging_mixin.py:188} INFO - [2025-09-29T15:59:12.404+0000] {dagbag.py:545} INFO - Filling up the DagBag from /home/airflow/.local/lib/python3.12/site-packages/airflow/example_dags/example_short_circuit_operator.py
[2025-09-29T15:59:12.422+0000] {processor.py:840} INFO - DAG(s) 'example_short_circuit_operator' retrieved from /home/airflow/.local/lib/python3.12/site-packages/airflow/example_dags/example_short_circuit_operator.py
[2025-09-29T15:59:12.486+0000] {logging_mixin.py:188} INFO - [2025-09-29T15:59:12.485+0000] {dag.py:3089} INFO - Sync 1 DAGs
[2025-09-29T15:59:12.536+0000] {logging_mixin.py:188} INFO - [2025-09-29T15:59:12.535+0000] {dag.py:3947} INFO - Setting next_dagrun for example_short_circuit_operator to 2025-09-28 00:00:00+00:00, run_after=2025-09-29 00:00:00+00:00
[2025-09-29T15:59:12.584+0000] {processor.py:183} INFO - Processing /home/airflow/.local/lib/python3.12/site-packages/airflow/example_dags/example_short_circuit_operator.py took 0.202 seconds
[2025-09-29T15:59:43.143+0000] {processor.py:161} INFO - Started process (PID=13785) to work on /home/airflow/.local/lib/python3.12/site-packages/airflow/example_dags/example_short_circuit_operator.py
[2025-09-29T15:59:43.146+0000] {processor.py:830} INFO - Processing file /home/airflow/.local/lib/python3.12/site-packages/airflow/example_dags/example_short_circuit_operator.py for tasks to queue
[2025-09-29T15:59:43.150+0000] {logging_mixin.py:188} INFO - [2025-09-29T15:59:43.149+0000] {dagbag.py:545} INFO - Filling up the DagBag from /home/airflow/.local/lib/python3.12/site-packages/airflow/example_dags/example_short_circuit_operator.py
[2025-09-29T15:59:43.169+0000] {processor.py:840} INFO - DAG(s) 'example_short_circuit_operator' retrieved from /home/airflow/.local/lib/python3.12/site-packages/airflow/example_dags/example_short_circuit_operator.py
[2025-09-29T15:59:43.228+0000] {logging_mixin.py:188} INFO - [2025-09-29T15:59:43.228+0000] {dag.py:3089} INFO - Sync 1 DAGs
[2025-09-29T15:59:43.279+0000] {logging_mixin.py:188} INFO - [2025-09-29T15:59:43.279+0000] {dag.py:3947} INFO - Setting next_dagrun for example_short_circuit_operator to 2025-09-28 00:00:00+00:00, run_after=2025-09-29 00:00:00+00:00
[2025-09-29T15:59:43.323+0000] {processor.py:183} INFO - Processing /home/airflow/.local/lib/python3.12/site-packages/airflow/example_dags/example_short_circuit_operator.py took 0.197 seconds
[2025-09-29T16:00:13.609+0000] {processor.py:161} INFO - Started process (PID=14047) to work on /home/airflow/.local/lib/python3.12/site-packages/airflow/example_dags/example_short_circuit_operator.py
[2025-09-29T16:00:13.612+0000] {processor.py:830} INFO - Processing file /home/airflow/.local/lib/python3.12/site-packages/airflow/example_dags/example_short_circuit_operator.py for tasks to queue
[2025-09-29T16:00:13.617+0000] {logging_mixin.py:188} INFO - [2025-09-29T16:00:13.617+0000] {dagbag.py:545} INFO - Filling up the DagBag from /home/airflow/.local/lib/python3.12/site-packages/airflow/example_dags/example_short_circuit_operator.py
[2025-09-29T16:00:13.634+0000] {processor.py:840} INFO - DAG(s) 'example_short_circuit_operator' retrieved from /home/airflow/.local/lib/python3.12/site-packages/airflow/example_dags/example_short_circuit_operator.py
[2025-09-29T16:00:13.724+0000] {logging_mixin.py:188} INFO - [2025-09-29T16:00:13.724+0000] {dag.py:3089} INFO - Sync 1 DAGs
[2025-09-29T16:00:13.798+0000] {logging_mixin.py:188} INFO - [2025-09-29T16:00:13.797+0000] {dag.py:3947} INFO - Setting next_dagrun for example_short_circuit_operator to 2025-09-28 00:00:00+00:00, run_after=2025-09-29 00:00:00+00:00
[2025-09-29T16:00:13.854+0000] {processor.py:183} INFO - Processing /home/airflow/.local/lib/python3.12/site-packages/airflow/example_dags/example_short_circuit_operator.py took 0.260 seconds
[2025-09-29T16:00:43.974+0000] {processor.py:161} INFO - Started process (PID=14306) to work on /home/airflow/.local/lib/python3.12/site-packages/airflow/example_dags/example_short_circuit_operator.py
[2025-09-29T16:00:43.977+0000] {processor.py:830} INFO - Processing file /home/airflow/.local/lib/python3.12/site-packages/airflow/example_dags/example_short_circuit_operator.py for tasks to queue
[2025-09-29T16:00:43.981+0000] {logging_mixin.py:188} INFO - [2025-09-29T16:00:43.980+0000] {dagbag.py:545} INFO - Filling up the DagBag from /home/airflow/.local/lib/python3.12/site-packages/airflow/example_dags/example_short_circuit_operator.py
[2025-09-29T16:00:43.997+0000] {processor.py:840} INFO - DAG(s) 'example_short_circuit_operator' retrieved from /home/airflow/.local/lib/python3.12/site-packages/airflow/example_dags/example_short_circuit_operator.py
[2025-09-29T16:00:44.059+0000] {logging_mixin.py:188} INFO - [2025-09-29T16:00:44.058+0000] {dag.py:3089} INFO - Sync 1 DAGs
[2025-09-29T16:00:44.107+0000] {logging_mixin.py:188} INFO - [2025-09-29T16:00:44.107+0000] {dag.py:3947} INFO - Setting next_dagrun for example_short_circuit_operator to 2025-09-28 00:00:00+00:00, run_after=2025-09-29 00:00:00+00:00
[2025-09-29T16:00:44.156+0000] {processor.py:183} INFO - Processing /home/airflow/.local/lib/python3.12/site-packages/airflow/example_dags/example_short_circuit_operator.py took 0.197 seconds
[2025-09-29T16:01:14.421+0000] {processor.py:161} INFO - Started process (PID=14568) to work on /home/airflow/.local/lib/python3.12/site-packages/airflow/example_dags/example_short_circuit_operator.py
[2025-09-29T16:01:14.424+0000] {processor.py:830} INFO - Processing file /home/airflow/.local/lib/python3.12/site-packages/airflow/example_dags/example_short_circuit_operator.py for tasks to queue
[2025-09-29T16:01:14.428+0000] {logging_mixin.py:188} INFO - [2025-09-29T16:01:14.427+0000] {dagbag.py:545} INFO - Filling up the DagBag from /home/airflow/.local/lib/python3.12/site-packages/airflow/example_dags/example_short_circuit_operator.py
[2025-09-29T16:01:14.445+0000] {processor.py:840} INFO - DAG(s) 'example_short_circuit_operator' retrieved from /home/airflow/.local/lib/python3.12/site-packages/airflow/example_dags/example_short_circuit_operator.py
[2025-09-29T16:01:14.506+0000] {logging_mixin.py:188} INFO - [2025-09-29T16:01:14.506+0000] {dag.py:3089} INFO - Sync 1 DAGs
[2025-09-29T16:01:14.553+0000] {logging_mixin.py:188} INFO - [2025-09-29T16:01:14.553+0000] {dag.py:3947} INFO - Setting next_dagrun for example_short_circuit_operator to 2025-09-28 00:00:00+00:00, run_after=2025-09-29 00:00:00+00:00
[2025-09-29T16:01:14.597+0000] {processor.py:183} INFO - Processing /home/airflow/.local/lib/python3.12/site-packages/airflow/example_dags/example_short_circuit_operator.py took 0.192 seconds
[2025-09-29T16:01:44.704+0000] {processor.py:161} INFO - Started process (PID=14828) to work on /home/airflow/.local/lib/python3.12/site-packages/airflow/example_dags/example_short_circuit_operator.py
[2025-09-29T16:01:44.707+0000] {processor.py:830} INFO - Processing file /home/airflow/.local/lib/python3.12/site-packages/airflow/example_dags/example_short_circuit_operator.py for tasks to queue
[2025-09-29T16:01:44.711+0000] {logging_mixin.py:188} INFO - [2025-09-29T16:01:44.710+0000] {dagbag.py:545} INFO - Filling up the DagBag from /home/airflow/.local/lib/python3.12/site-packages/airflow/example_dags/example_short_circuit_operator.py
[2025-09-29T16:01:44.726+0000] {processor.py:840} INFO - DAG(s) 'example_short_circuit_operator' retrieved from /home/airflow/.local/lib/python3.12/site-packages/airflow/example_dags/example_short_circuit_operator.py
[2025-09-29T16:01:44.791+0000] {logging_mixin.py:188} INFO - [2025-09-29T16:01:44.790+0000] {dag.py:3089} INFO - Sync 1 DAGs
[2025-09-29T16:01:44.837+0000] {logging_mixin.py:188} INFO - [2025-09-29T16:01:44.837+0000] {dag.py:3947} INFO - Setting next_dagrun for example_short_circuit_operator to 2025-09-28 00:00:00+00:00, run_after=2025-09-29 00:00:00+00:00
[2025-09-29T16:01:44.882+0000] {processor.py:183} INFO - Processing /home/airflow/.local/lib/python3.12/site-packages/airflow/example_dags/example_short_circuit_operator.py took 0.195 seconds
[2025-09-29T16:02:15.069+0000] {processor.py:161} INFO - Started process (PID=15090) to work on /home/airflow/.local/lib/python3.12/site-packages/airflow/example_dags/example_short_circuit_operator.py
[2025-09-29T16:02:15.072+0000] {processor.py:830} INFO - Processing file /home/airflow/.local/lib/python3.12/site-packages/airflow/example_dags/example_short_circuit_operator.py for tasks to queue
[2025-09-29T16:02:15.076+0000] {logging_mixin.py:188} INFO - [2025-09-29T16:02:15.075+0000] {dagbag.py:545} INFO - Filling up the DagBag from /home/airflow/.local/lib/python3.12/site-packages/airflow/example_dags/example_short_circuit_operator.py
[2025-09-29T16:02:15.094+0000] {processor.py:840} INFO - DAG(s) 'example_short_circuit_operator' retrieved from /home/airflow/.local/lib/python3.12/site-packages/airflow/example_dags/example_short_circuit_operator.py
[2025-09-29T16:02:15.171+0000] {logging_mixin.py:188} INFO - [2025-09-29T16:02:15.170+0000] {dag.py:3089} INFO - Sync 1 DAGs
[2025-09-29T16:02:15.224+0000] {logging_mixin.py:188} INFO - [2025-09-29T16:02:15.224+0000] {dag.py:3947} INFO - Setting next_dagrun for example_short_circuit_operator to 2025-09-28 00:00:00+00:00, run_after=2025-09-29 00:00:00+00:00
[2025-09-29T16:02:15.271+0000] {processor.py:183} INFO - Processing /home/airflow/.local/lib/python3.12/site-packages/airflow/example_dags/example_short_circuit_operator.py took 0.217 seconds
[2025-09-29T16:02:45.866+0000] {processor.py:161} INFO - Started process (PID=15352) to work on /home/airflow/.local/lib/python3.12/site-packages/airflow/example_dags/example_short_circuit_operator.py
[2025-09-29T16:02:45.869+0000] {processor.py:830} INFO - Processing file /home/airflow/.local/lib/python3.12/site-packages/airflow/example_dags/example_short_circuit_operator.py for tasks to queue
[2025-09-29T16:02:45.873+0000] {logging_mixin.py:188} INFO - [2025-09-29T16:02:45.872+0000] {dagbag.py:545} INFO - Filling up the DagBag from /home/airflow/.local/lib/python3.12/site-packages/airflow/example_dags/example_short_circuit_operator.py
[2025-09-29T16:02:45.894+0000] {processor.py:840} INFO - DAG(s) 'example_short_circuit_operator' retrieved from /home/airflow/.local/lib/python3.12/site-packages/airflow/example_dags/example_short_circuit_operator.py
[2025-09-29T16:02:45.959+0000] {logging_mixin.py:188} INFO - [2025-09-29T16:02:45.959+0000] {dag.py:3089} INFO - Sync 1 DAGs
[2025-09-29T16:02:46.009+0000] {logging_mixin.py:188} INFO - [2025-09-29T16:02:46.008+0000] {dag.py:3947} INFO - Setting next_dagrun for example_short_circuit_operator to 2025-09-28 00:00:00+00:00, run_after=2025-09-29 00:00:00+00:00
[2025-09-29T16:02:46.059+0000] {processor.py:183} INFO - Processing /home/airflow/.local/lib/python3.12/site-packages/airflow/example_dags/example_short_circuit_operator.py took 0.208 seconds
[2025-09-29T16:03:16.514+0000] {processor.py:161} INFO - Started process (PID=15614) to work on /home/airflow/.local/lib/python3.12/site-packages/airflow/example_dags/example_short_circuit_operator.py
[2025-09-29T16:03:16.516+0000] {processor.py:830} INFO - Processing file /home/airflow/.local/lib/python3.12/site-packages/airflow/example_dags/example_short_circuit_operator.py for tasks to queue
[2025-09-29T16:03:16.520+0000] {logging_mixin.py:188} INFO - [2025-09-29T16:03:16.519+0000] {dagbag.py:545} INFO - Filling up the DagBag from /home/airflow/.local/lib/python3.12/site-packages/airflow/example_dags/example_short_circuit_operator.py
[2025-09-29T16:03:16.541+0000] {processor.py:840} INFO - DAG(s) 'example_short_circuit_operator' retrieved from /home/airflow/.local/lib/python3.12/site-packages/airflow/example_dags/example_short_circuit_operator.py
[2025-09-29T16:03:16.618+0000] {logging_mixin.py:188} INFO - [2025-09-29T16:03:16.618+0000] {dag.py:3089} INFO - Sync 1 DAGs
[2025-09-29T16:03:16.671+0000] {logging_mixin.py:188} INFO - [2025-09-29T16:03:16.671+0000] {dag.py:3947} INFO - Setting next_dagrun for example_short_circuit_operator to 2025-09-28 00:00:00+00:00, run_after=2025-09-29 00:00:00+00:00
[2025-09-29T16:03:16.720+0000] {processor.py:183} INFO - Processing /home/airflow/.local/lib/python3.12/site-packages/airflow/example_dags/example_short_circuit_operator.py took 0.223 seconds
[2025-09-29T16:03:46.852+0000] {processor.py:161} INFO - Started process (PID=15872) to work on /home/airflow/.local/lib/python3.12/site-packages/airflow/example_dags/example_short_circuit_operator.py
[2025-09-29T16:03:46.855+0000] {processor.py:830} INFO - Processing file /home/airflow/.local/lib/python3.12/site-packages/airflow/example_dags/example_short_circuit_operator.py for tasks to queue
[2025-09-29T16:03:46.859+0000] {logging_mixin.py:188} INFO - [2025-09-29T16:03:46.858+0000] {dagbag.py:545} INFO - Filling up the DagBag from /home/airflow/.local/lib/python3.12/site-packages/airflow/example_dags/example_short_circuit_operator.py
[2025-09-29T16:03:46.875+0000] {processor.py:840} INFO - DAG(s) 'example_short_circuit_operator' retrieved from /home/airflow/.local/lib/python3.12/site-packages/airflow/example_dags/example_short_circuit_operator.py
[2025-09-29T16:03:46.936+0000] {logging_mixin.py:188} INFO - [2025-09-29T16:03:46.935+0000] {dag.py:3089} INFO - Sync 1 DAGs
[2025-09-29T16:03:46.985+0000] {logging_mixin.py:188} INFO - [2025-09-29T16:03:46.985+0000] {dag.py:3947} INFO - Setting next_dagrun for example_short_circuit_operator to 2025-09-28 00:00:00+00:00, run_after=2025-09-29 00:00:00+00:00
[2025-09-29T16:03:47.033+0000] {processor.py:183} INFO - Processing /home/airflow/.local/lib/python3.12/site-packages/airflow/example_dags/example_short_circuit_operator.py took 0.195 seconds
[2025-09-29T16:04:17.184+0000] {processor.py:161} INFO - Started process (PID=16134) to work on /home/airflow/.local/lib/python3.12/site-packages/airflow/example_dags/example_short_circuit_operator.py
[2025-09-29T16:04:17.186+0000] {processor.py:830} INFO - Processing file /home/airflow/.local/lib/python3.12/site-packages/airflow/example_dags/example_short_circuit_operator.py for tasks to queue
[2025-09-29T16:04:17.190+0000] {logging_mixin.py:188} INFO - [2025-09-29T16:04:17.190+0000] {dagbag.py:545} INFO - Filling up the DagBag from /home/airflow/.local/lib/python3.12/site-packages/airflow/example_dags/example_short_circuit_operator.py
[2025-09-29T16:04:17.206+0000] {processor.py:840} INFO - DAG(s) 'example_short_circuit_operator' retrieved from /home/airflow/.local/lib/python3.12/site-packages/airflow/example_dags/example_short_circuit_operator.py
[2025-09-29T16:04:17.267+0000] {logging_mixin.py:188} INFO - [2025-09-29T16:04:17.266+0000] {dag.py:3089} INFO - Sync 1 DAGs
[2025-09-29T16:04:17.314+0000] {logging_mixin.py:188} INFO - [2025-09-29T16:04:17.314+0000] {dag.py:3947} INFO - Setting next_dagrun for example_short_circuit_operator to 2025-09-28 00:00:00+00:00, run_after=2025-09-29 00:00:00+00:00
[2025-09-29T16:04:17.358+0000] {processor.py:183} INFO - Processing /home/airflow/.local/lib/python3.12/site-packages/airflow/example_dags/example_short_circuit_operator.py took 0.187 seconds
[2025-09-29T16:04:47.909+0000] {processor.py:161} INFO - Started process (PID=16396) to work on /home/airflow/.local/lib/python3.12/site-packages/airflow/example_dags/example_short_circuit_operator.py
[2025-09-29T16:04:47.912+0000] {processor.py:830} INFO - Processing file /home/airflow/.local/lib/python3.12/site-packages/airflow/example_dags/example_short_circuit_operator.py for tasks to queue
[2025-09-29T16:04:47.916+0000] {logging_mixin.py:188} INFO - [2025-09-29T16:04:47.915+0000] {dagbag.py:545} INFO - Filling up the DagBag from /home/airflow/.local/lib/python3.12/site-packages/airflow/example_dags/example_short_circuit_operator.py
[2025-09-29T16:04:47.932+0000] {processor.py:840} INFO - DAG(s) 'example_short_circuit_operator' retrieved from /home/airflow/.local/lib/python3.12/site-packages/airflow/example_dags/example_short_circuit_operator.py
[2025-09-29T16:04:47.991+0000] {logging_mixin.py:188} INFO - [2025-09-29T16:04:47.991+0000] {dag.py:3089} INFO - Sync 1 DAGs
[2025-09-29T16:04:48.039+0000] {logging_mixin.py:188} INFO - [2025-09-29T16:04:48.039+0000] {dag.py:3947} INFO - Setting next_dagrun for example_short_circuit_operator to 2025-09-28 00:00:00+00:00, run_after=2025-09-29 00:00:00+00:00
[2025-09-29T16:04:48.082+0000] {processor.py:183} INFO - Processing /home/airflow/.local/lib/python3.12/site-packages/airflow/example_dags/example_short_circuit_operator.py took 0.186 seconds
[2025-09-29T16:05:18.492+0000] {processor.py:161} INFO - Started process (PID=16657) to work on /home/airflow/.local/lib/python3.12/site-packages/airflow/example_dags/example_short_circuit_operator.py
[2025-09-29T16:05:18.495+0000] {processor.py:830} INFO - Processing file /home/airflow/.local/lib/python3.12/site-packages/airflow/example_dags/example_short_circuit_operator.py for tasks to queue
[2025-09-29T16:05:18.499+0000] {logging_mixin.py:188} INFO - [2025-09-29T16:05:18.499+0000] {dagbag.py:545} INFO - Filling up the DagBag from /home/airflow/.local/lib/python3.12/site-packages/airflow/example_dags/example_short_circuit_operator.py
[2025-09-29T16:05:18.515+0000] {processor.py:840} INFO - DAG(s) 'example_short_circuit_operator' retrieved from /home/airflow/.local/lib/python3.12/site-packages/airflow/example_dags/example_short_circuit_operator.py
[2025-09-29T16:05:18.575+0000] {logging_mixin.py:188} INFO - [2025-09-29T16:05:18.575+0000] {dag.py:3089} INFO - Sync 1 DAGs
[2025-09-29T16:05:18.626+0000] {logging_mixin.py:188} INFO - [2025-09-29T16:05:18.626+0000] {dag.py:3947} INFO - Setting next_dagrun for example_short_circuit_operator to 2025-09-28 00:00:00+00:00, run_after=2025-09-29 00:00:00+00:00
[2025-09-29T16:05:18.672+0000] {processor.py:183} INFO - Processing /home/airflow/.local/lib/python3.12/site-packages/airflow/example_dags/example_short_circuit_operator.py took 0.194 seconds
[2025-09-29T16:05:49.446+0000] {processor.py:161} INFO - Started process (PID=16920) to work on /home/airflow/.local/lib/python3.12/site-packages/airflow/example_dags/example_short_circuit_operator.py
[2025-09-29T16:05:49.449+0000] {processor.py:830} INFO - Processing file /home/airflow/.local/lib/python3.12/site-packages/airflow/example_dags/example_short_circuit_operator.py for tasks to queue
[2025-09-29T16:05:49.453+0000] {logging_mixin.py:188} INFO - [2025-09-29T16:05:49.452+0000] {dagbag.py:545} INFO - Filling up the DagBag from /home/airflow/.local/lib/python3.12/site-packages/airflow/example_dags/example_short_circuit_operator.py
[2025-09-29T16:05:49.470+0000] {processor.py:840} INFO - DAG(s) 'example_short_circuit_operator' retrieved from /home/airflow/.local/lib/python3.12/site-packages/airflow/example_dags/example_short_circuit_operator.py
[2025-09-29T16:05:49.528+0000] {logging_mixin.py:188} INFO - [2025-09-29T16:05:49.528+0000] {dag.py:3089} INFO - Sync 1 DAGs
[2025-09-29T16:05:49.576+0000] {logging_mixin.py:188} INFO - [2025-09-29T16:05:49.575+0000] {dag.py:3947} INFO - Setting next_dagrun for example_short_circuit_operator to 2025-09-28 00:00:00+00:00, run_after=2025-09-29 00:00:00+00:00
[2025-09-29T16:05:49.622+0000] {processor.py:183} INFO - Processing /home/airflow/.local/lib/python3.12/site-packages/airflow/example_dags/example_short_circuit_operator.py took 0.190 seconds
[2025-09-29T16:06:20.261+0000] {processor.py:161} INFO - Started process (PID=17182) to work on /home/airflow/.local/lib/python3.12/site-packages/airflow/example_dags/example_short_circuit_operator.py
[2025-09-29T16:06:20.264+0000] {processor.py:830} INFO - Processing file /home/airflow/.local/lib/python3.12/site-packages/airflow/example_dags/example_short_circuit_operator.py for tasks to queue
[2025-09-29T16:06:20.268+0000] {logging_mixin.py:188} INFO - [2025-09-29T16:06:20.267+0000] {dagbag.py:545} INFO - Filling up the DagBag from /home/airflow/.local/lib/python3.12/site-packages/airflow/example_dags/example_short_circuit_operator.py
[2025-09-29T16:06:20.285+0000] {processor.py:840} INFO - DAG(s) 'example_short_circuit_operator' retrieved from /home/airflow/.local/lib/python3.12/site-packages/airflow/example_dags/example_short_circuit_operator.py
[2025-09-29T16:06:20.351+0000] {logging_mixin.py:188} INFO - [2025-09-29T16:06:20.350+0000] {dag.py:3089} INFO - Sync 1 DAGs
[2025-09-29T16:06:20.399+0000] {logging_mixin.py:188} INFO - [2025-09-29T16:06:20.398+0000] {dag.py:3947} INFO - Setting next_dagrun for example_short_circuit_operator to 2025-09-28 00:00:00+00:00, run_after=2025-09-29 00:00:00+00:00
[2025-09-29T16:06:20.443+0000] {processor.py:183} INFO - Processing /home/airflow/.local/lib/python3.12/site-packages/airflow/example_dags/example_short_circuit_operator.py took 0.196 seconds
[2025-09-29T16:06:51.008+0000] {processor.py:161} INFO - Started process (PID=17444) to work on /home/airflow/.local/lib/python3.12/site-packages/airflow/example_dags/example_short_circuit_operator.py
[2025-09-29T16:06:51.011+0000] {processor.py:830} INFO - Processing file /home/airflow/.local/lib/python3.12/site-packages/airflow/example_dags/example_short_circuit_operator.py for tasks to queue
[2025-09-29T16:06:51.016+0000] {logging_mixin.py:188} INFO - [2025-09-29T16:06:51.015+0000] {dagbag.py:545} INFO - Filling up the DagBag from /home/airflow/.local/lib/python3.12/site-packages/airflow/example_dags/example_short_circuit_operator.py
[2025-09-29T16:06:51.035+0000] {processor.py:840} INFO - DAG(s) 'example_short_circuit_operator' retrieved from /home/airflow/.local/lib/python3.12/site-packages/airflow/example_dags/example_short_circuit_operator.py
[2025-09-29T16:06:51.096+0000] {logging_mixin.py:188} INFO - [2025-09-29T16:06:51.095+0000] {dag.py:3089} INFO - Sync 1 DAGs
[2025-09-29T16:06:51.147+0000] {logging_mixin.py:188} INFO - [2025-09-29T16:06:51.147+0000] {dag.py:3947} INFO - Setting next_dagrun for example_short_circuit_operator to 2025-09-28 00:00:00+00:00, run_after=2025-09-29 00:00:00+00:00
[2025-09-29T16:06:51.195+0000] {processor.py:183} INFO - Processing /home/airflow/.local/lib/python3.12/site-packages/airflow/example_dags/example_short_circuit_operator.py took 0.209 seconds
[2025-09-29T16:07:21.614+0000] {processor.py:161} INFO - Started process (PID=17706) to work on /home/airflow/.local/lib/python3.12/site-packages/airflow/example_dags/example_short_circuit_operator.py
[2025-09-29T16:07:21.618+0000] {processor.py:830} INFO - Processing file /home/airflow/.local/lib/python3.12/site-packages/airflow/example_dags/example_short_circuit_operator.py for tasks to queue
[2025-09-29T16:07:21.624+0000] {logging_mixin.py:188} INFO - [2025-09-29T16:07:21.623+0000] {dagbag.py:545} INFO - Filling up the DagBag from /home/airflow/.local/lib/python3.12/site-packages/airflow/example_dags/example_short_circuit_operator.py
[2025-09-29T16:07:21.643+0000] {processor.py:840} INFO - DAG(s) 'example_short_circuit_operator' retrieved from /home/airflow/.local/lib/python3.12/site-packages/airflow/example_dags/example_short_circuit_operator.py
[2025-09-29T16:07:21.707+0000] {logging_mixin.py:188} INFO - [2025-09-29T16:07:21.706+0000] {dag.py:3089} INFO - Sync 1 DAGs
[2025-09-29T16:07:21.757+0000] {logging_mixin.py:188} INFO - [2025-09-29T16:07:21.757+0000] {dag.py:3947} INFO - Setting next_dagrun for example_short_circuit_operator to 2025-09-28 00:00:00+00:00, run_after=2025-09-29 00:00:00+00:00
[2025-09-29T16:07:21.807+0000] {processor.py:183} INFO - Processing /home/airflow/.local/lib/python3.12/site-packages/airflow/example_dags/example_short_circuit_operator.py took 0.208 seconds
[2025-09-29T16:07:51.987+0000] {processor.py:161} INFO - Started process (PID=17968) to work on /home/airflow/.local/lib/python3.12/site-packages/airflow/example_dags/example_short_circuit_operator.py
[2025-09-29T16:07:51.990+0000] {processor.py:830} INFO - Processing file /home/airflow/.local/lib/python3.12/site-packages/airflow/example_dags/example_short_circuit_operator.py for tasks to queue
[2025-09-29T16:07:51.994+0000] {logging_mixin.py:188} INFO - [2025-09-29T16:07:51.993+0000] {dagbag.py:545} INFO - Filling up the DagBag from /home/airflow/.local/lib/python3.12/site-packages/airflow/example_dags/example_short_circuit_operator.py
[2025-09-29T16:07:52.010+0000] {processor.py:840} INFO - DAG(s) 'example_short_circuit_operator' retrieved from /home/airflow/.local/lib/python3.12/site-packages/airflow/example_dags/example_short_circuit_operator.py
[2025-09-29T16:07:52.071+0000] {logging_mixin.py:188} INFO - [2025-09-29T16:07:52.070+0000] {dag.py:3089} INFO - Sync 1 DAGs
[2025-09-29T16:07:52.119+0000] {logging_mixin.py:188} INFO - [2025-09-29T16:07:52.118+0000] {dag.py:3947} INFO - Setting next_dagrun for example_short_circuit_operator to 2025-09-28 00:00:00+00:00, run_after=2025-09-29 00:00:00+00:00
[2025-09-29T16:07:52.164+0000] {processor.py:183} INFO - Processing /home/airflow/.local/lib/python3.12/site-packages/airflow/example_dags/example_short_circuit_operator.py took 0.191 seconds
[2025-09-29T16:08:22.449+0000] {processor.py:161} INFO - Started process (PID=18230) to work on /home/airflow/.local/lib/python3.12/site-packages/airflow/example_dags/example_short_circuit_operator.py
[2025-09-29T16:08:22.452+0000] {processor.py:830} INFO - Processing file /home/airflow/.local/lib/python3.12/site-packages/airflow/example_dags/example_short_circuit_operator.py for tasks to queue
[2025-09-29T16:08:22.456+0000] {logging_mixin.py:188} INFO - [2025-09-29T16:08:22.455+0000] {dagbag.py:545} INFO - Filling up the DagBag from /home/airflow/.local/lib/python3.12/site-packages/airflow/example_dags/example_short_circuit_operator.py
[2025-09-29T16:08:22.476+0000] {processor.py:840} INFO - DAG(s) 'example_short_circuit_operator' retrieved from /home/airflow/.local/lib/python3.12/site-packages/airflow/example_dags/example_short_circuit_operator.py
[2025-09-29T16:08:22.548+0000] {logging_mixin.py:188} INFO - [2025-09-29T16:08:22.547+0000] {dag.py:3089} INFO - Sync 1 DAGs
[2025-09-29T16:08:22.611+0000] {logging_mixin.py:188} INFO - [2025-09-29T16:08:22.610+0000] {dag.py:3947} INFO - Setting next_dagrun for example_short_circuit_operator to 2025-09-28 00:00:00+00:00, run_after=2025-09-29 00:00:00+00:00
[2025-09-29T16:08:22.667+0000] {processor.py:183} INFO - Processing /home/airflow/.local/lib/python3.12/site-packages/airflow/example_dags/example_short_circuit_operator.py took 0.234 seconds
[2025-09-29T16:08:52.928+0000] {processor.py:161} INFO - Started process (PID=18492) to work on /home/airflow/.local/lib/python3.12/site-packages/airflow/example_dags/example_short_circuit_operator.py
[2025-09-29T16:08:52.930+0000] {processor.py:830} INFO - Processing file /home/airflow/.local/lib/python3.12/site-packages/airflow/example_dags/example_short_circuit_operator.py for tasks to queue
[2025-09-29T16:08:52.935+0000] {logging_mixin.py:188} INFO - [2025-09-29T16:08:52.934+0000] {dagbag.py:545} INFO - Filling up the DagBag from /home/airflow/.local/lib/python3.12/site-packages/airflow/example_dags/example_short_circuit_operator.py
[2025-09-29T16:08:52.951+0000] {processor.py:840} INFO - DAG(s) 'example_short_circuit_operator' retrieved from /home/airflow/.local/lib/python3.12/site-packages/airflow/example_dags/example_short_circuit_operator.py
[2025-09-29T16:08:53.016+0000] {logging_mixin.py:188} INFO - [2025-09-29T16:08:53.015+0000] {dag.py:3089} INFO - Sync 1 DAGs
[2025-09-29T16:08:53.067+0000] {logging_mixin.py:188} INFO - [2025-09-29T16:08:53.067+0000] {dag.py:3947} INFO - Setting next_dagrun for example_short_circuit_operator to 2025-09-28 00:00:00+00:00, run_after=2025-09-29 00:00:00+00:00
[2025-09-29T16:08:53.111+0000] {processor.py:183} INFO - Processing /home/airflow/.local/lib/python3.12/site-packages/airflow/example_dags/example_short_circuit_operator.py took 0.198 seconds
[2025-09-29T16:09:23.802+0000] {processor.py:161} INFO - Started process (PID=18753) to work on /home/airflow/.local/lib/python3.12/site-packages/airflow/example_dags/example_short_circuit_operator.py
[2025-09-29T16:09:23.806+0000] {processor.py:830} INFO - Processing file /home/airflow/.local/lib/python3.12/site-packages/airflow/example_dags/example_short_circuit_operator.py for tasks to queue
[2025-09-29T16:09:23.811+0000] {logging_mixin.py:188} INFO - [2025-09-29T16:09:23.811+0000] {dagbag.py:545} INFO - Filling up the DagBag from /home/airflow/.local/lib/python3.12/site-packages/airflow/example_dags/example_short_circuit_operator.py
[2025-09-29T16:09:23.831+0000] {processor.py:840} INFO - DAG(s) 'example_short_circuit_operator' retrieved from /home/airflow/.local/lib/python3.12/site-packages/airflow/example_dags/example_short_circuit_operator.py
[2025-09-29T16:09:23.895+0000] {logging_mixin.py:188} INFO - [2025-09-29T16:09:23.895+0000] {dag.py:3089} INFO - Sync 1 DAGs
[2025-09-29T16:09:23.947+0000] {logging_mixin.py:188} INFO - [2025-09-29T16:09:23.946+0000] {dag.py:3947} INFO - Setting next_dagrun for example_short_circuit_operator to 2025-09-28 00:00:00+00:00, run_after=2025-09-29 00:00:00+00:00
[2025-09-29T16:09:23.996+0000] {processor.py:183} INFO - Processing /home/airflow/.local/lib/python3.12/site-packages/airflow/example_dags/example_short_circuit_operator.py took 0.208 seconds
[2025-09-29T16:09:54.389+0000] {processor.py:161} INFO - Started process (PID=19014) to work on /home/airflow/.local/lib/python3.12/site-packages/airflow/example_dags/example_short_circuit_operator.py
[2025-09-29T16:09:54.391+0000] {processor.py:830} INFO - Processing file /home/airflow/.local/lib/python3.12/site-packages/airflow/example_dags/example_short_circuit_operator.py for tasks to queue
[2025-09-29T16:09:54.396+0000] {logging_mixin.py:188} INFO - [2025-09-29T16:09:54.395+0000] {dagbag.py:545} INFO - Filling up the DagBag from /home/airflow/.local/lib/python3.12/site-packages/airflow/example_dags/example_short_circuit_operator.py
[2025-09-29T16:09:54.420+0000] {processor.py:840} INFO - DAG(s) 'example_short_circuit_operator' retrieved from /home/airflow/.local/lib/python3.12/site-packages/airflow/example_dags/example_short_circuit_operator.py
[2025-09-29T16:09:54.487+0000] {logging_mixin.py:188} INFO - [2025-09-29T16:09:54.486+0000] {dag.py:3089} INFO - Sync 1 DAGs
[2025-09-29T16:09:54.540+0000] {logging_mixin.py:188} INFO - [2025-09-29T16:09:54.539+0000] {dag.py:3947} INFO - Setting next_dagrun for example_short_circuit_operator to 2025-09-28 00:00:00+00:00, run_after=2025-09-29 00:00:00+00:00
[2025-09-29T16:09:54.591+0000] {processor.py:183} INFO - Processing /home/airflow/.local/lib/python3.12/site-packages/airflow/example_dags/example_short_circuit_operator.py took 0.217 seconds
[2025-09-29T16:10:25.023+0000] {processor.py:161} INFO - Started process (PID=19275) to work on /home/airflow/.local/lib/python3.12/site-packages/airflow/example_dags/example_short_circuit_operator.py
[2025-09-29T16:10:25.026+0000] {processor.py:830} INFO - Processing file /home/airflow/.local/lib/python3.12/site-packages/airflow/example_dags/example_short_circuit_operator.py for tasks to queue
[2025-09-29T16:10:25.030+0000] {logging_mixin.py:188} INFO - [2025-09-29T16:10:25.029+0000] {dagbag.py:545} INFO - Filling up the DagBag from /home/airflow/.local/lib/python3.12/site-packages/airflow/example_dags/example_short_circuit_operator.py
[2025-09-29T16:10:25.052+0000] {processor.py:840} INFO - DAG(s) 'example_short_circuit_operator' retrieved from /home/airflow/.local/lib/python3.12/site-packages/airflow/example_dags/example_short_circuit_operator.py
[2025-09-29T16:10:25.114+0000] {logging_mixin.py:188} INFO - [2025-09-29T16:10:25.113+0000] {dag.py:3089} INFO - Sync 1 DAGs
[2025-09-29T16:10:25.172+0000] {logging_mixin.py:188} INFO - [2025-09-29T16:10:25.168+0000] {dag.py:3947} INFO - Setting next_dagrun for example_short_circuit_operator to 2025-09-28 00:00:00+00:00, run_after=2025-09-29 00:00:00+00:00
[2025-09-29T16:10:25.226+0000] {processor.py:183} INFO - Processing /home/airflow/.local/lib/python3.12/site-packages/airflow/example_dags/example_short_circuit_operator.py took 0.218 seconds
[2025-09-29T16:10:55.699+0000] {processor.py:161} INFO - Started process (PID=19536) to work on /home/airflow/.local/lib/python3.12/site-packages/airflow/example_dags/example_short_circuit_operator.py
[2025-09-29T16:10:55.702+0000] {processor.py:830} INFO - Processing file /home/airflow/.local/lib/python3.12/site-packages/airflow/example_dags/example_short_circuit_operator.py for tasks to queue
[2025-09-29T16:10:55.708+0000] {logging_mixin.py:188} INFO - [2025-09-29T16:10:55.705+0000] {dagbag.py:545} INFO - Filling up the DagBag from /home/airflow/.local/lib/python3.12/site-packages/airflow/example_dags/example_short_circuit_operator.py
[2025-09-29T16:10:55.732+0000] {processor.py:840} INFO - DAG(s) 'example_short_circuit_operator' retrieved from /home/airflow/.local/lib/python3.12/site-packages/airflow/example_dags/example_short_circuit_operator.py
[2025-09-29T16:10:55.796+0000] {logging_mixin.py:188} INFO - [2025-09-29T16:10:55.796+0000] {dag.py:3089} INFO - Sync 1 DAGs
[2025-09-29T16:10:55.852+0000] {logging_mixin.py:188} INFO - [2025-09-29T16:10:55.852+0000] {dag.py:3947} INFO - Setting next_dagrun for example_short_circuit_operator to 2025-09-28 00:00:00+00:00, run_after=2025-09-29 00:00:00+00:00
[2025-09-29T16:10:55.901+0000] {processor.py:183} INFO - Processing /home/airflow/.local/lib/python3.12/site-packages/airflow/example_dags/example_short_circuit_operator.py took 0.245 seconds
[2025-09-29T16:11:26.277+0000] {processor.py:161} INFO - Started process (PID=19797) to work on /home/airflow/.local/lib/python3.12/site-packages/airflow/example_dags/example_short_circuit_operator.py
[2025-09-29T16:11:26.280+0000] {processor.py:830} INFO - Processing file /home/airflow/.local/lib/python3.12/site-packages/airflow/example_dags/example_short_circuit_operator.py for tasks to queue
[2025-09-29T16:11:26.282+0000] {logging_mixin.py:188} INFO - [2025-09-29T16:11:26.282+0000] {dagbag.py:545} INFO - Filling up the DagBag from /home/airflow/.local/lib/python3.12/site-packages/airflow/example_dags/example_short_circuit_operator.py
[2025-09-29T16:11:26.302+0000] {processor.py:840} INFO - DAG(s) 'example_short_circuit_operator' retrieved from /home/airflow/.local/lib/python3.12/site-packages/airflow/example_dags/example_short_circuit_operator.py
[2025-09-29T16:11:26.362+0000] {logging_mixin.py:188} INFO - [2025-09-29T16:11:26.362+0000] {dag.py:3089} INFO - Sync 1 DAGs
[2025-09-29T16:11:26.414+0000] {logging_mixin.py:188} INFO - [2025-09-29T16:11:26.414+0000] {dag.py:3947} INFO - Setting next_dagrun for example_short_circuit_operator to 2025-09-28 00:00:00+00:00, run_after=2025-09-29 00:00:00+00:00
[2025-09-29T16:11:26.461+0000] {processor.py:183} INFO - Processing /home/airflow/.local/lib/python3.12/site-packages/airflow/example_dags/example_short_circuit_operator.py took 0.198 seconds
[2025-09-29T16:11:57.195+0000] {processor.py:161} INFO - Started process (PID=20058) to work on /home/airflow/.local/lib/python3.12/site-packages/airflow/example_dags/example_short_circuit_operator.py
[2025-09-29T16:11:57.197+0000] {processor.py:830} INFO - Processing file /home/airflow/.local/lib/python3.12/site-packages/airflow/example_dags/example_short_circuit_operator.py for tasks to queue
[2025-09-29T16:11:57.199+0000] {logging_mixin.py:188} INFO - [2025-09-29T16:11:57.198+0000] {dagbag.py:545} INFO - Filling up the DagBag from /home/airflow/.local/lib/python3.12/site-packages/airflow/example_dags/example_short_circuit_operator.py
[2025-09-29T16:11:57.218+0000] {processor.py:840} INFO - DAG(s) 'example_short_circuit_operator' retrieved from /home/airflow/.local/lib/python3.12/site-packages/airflow/example_dags/example_short_circuit_operator.py
[2025-09-29T16:11:57.287+0000] {logging_mixin.py:188} INFO - [2025-09-29T16:11:57.286+0000] {dag.py:3089} INFO - Sync 1 DAGs
[2025-09-29T16:11:57.348+0000] {logging_mixin.py:188} INFO - [2025-09-29T16:11:57.347+0000] {dag.py:3947} INFO - Setting next_dagrun for example_short_circuit_operator to 2025-09-28 00:00:00+00:00, run_after=2025-09-29 00:00:00+00:00
[2025-09-29T16:11:57.396+0000] {processor.py:183} INFO - Processing /home/airflow/.local/lib/python3.12/site-packages/airflow/example_dags/example_short_circuit_operator.py took 0.216 seconds
[2025-09-29T16:12:28.101+0000] {processor.py:161} INFO - Started process (PID=20334) to work on /home/airflow/.local/lib/python3.12/site-packages/airflow/example_dags/example_short_circuit_operator.py
[2025-09-29T16:12:28.104+0000] {processor.py:830} INFO - Processing file /home/airflow/.local/lib/python3.12/site-packages/airflow/example_dags/example_short_circuit_operator.py for tasks to queue
[2025-09-29T16:12:28.106+0000] {logging_mixin.py:188} INFO - [2025-09-29T16:12:28.105+0000] {dagbag.py:545} INFO - Filling up the DagBag from /home/airflow/.local/lib/python3.12/site-packages/airflow/example_dags/example_short_circuit_operator.py
[2025-09-29T16:12:28.125+0000] {processor.py:840} INFO - DAG(s) 'example_short_circuit_operator' retrieved from /home/airflow/.local/lib/python3.12/site-packages/airflow/example_dags/example_short_circuit_operator.py
[2025-09-29T16:12:28.188+0000] {logging_mixin.py:188} INFO - [2025-09-29T16:12:28.188+0000] {dag.py:3089} INFO - Sync 1 DAGs
[2025-09-29T16:12:28.237+0000] {logging_mixin.py:188} INFO - [2025-09-29T16:12:28.237+0000] {dag.py:3947} INFO - Setting next_dagrun for example_short_circuit_operator to 2025-09-28 00:00:00+00:00, run_after=2025-09-29 00:00:00+00:00
[2025-09-29T16:12:28.285+0000] {processor.py:183} INFO - Processing /home/airflow/.local/lib/python3.12/site-packages/airflow/example_dags/example_short_circuit_operator.py took 0.200 seconds
[2025-09-29T16:12:59.032+0000] {processor.py:161} INFO - Started process (PID=20593) to work on /home/airflow/.local/lib/python3.12/site-packages/airflow/example_dags/example_short_circuit_operator.py
[2025-09-29T16:12:59.035+0000] {processor.py:830} INFO - Processing file /home/airflow/.local/lib/python3.12/site-packages/airflow/example_dags/example_short_circuit_operator.py for tasks to queue
[2025-09-29T16:12:59.037+0000] {logging_mixin.py:188} INFO - [2025-09-29T16:12:59.037+0000] {dagbag.py:545} INFO - Filling up the DagBag from /home/airflow/.local/lib/python3.12/site-packages/airflow/example_dags/example_short_circuit_operator.py
[2025-09-29T16:12:59.056+0000] {processor.py:840} INFO - DAG(s) 'example_short_circuit_operator' retrieved from /home/airflow/.local/lib/python3.12/site-packages/airflow/example_dags/example_short_circuit_operator.py
[2025-09-29T16:12:59.118+0000] {logging_mixin.py:188} INFO - [2025-09-29T16:12:59.117+0000] {dag.py:3089} INFO - Sync 1 DAGs
[2025-09-29T16:12:59.167+0000] {logging_mixin.py:188} INFO - [2025-09-29T16:12:59.166+0000] {dag.py:3947} INFO - Setting next_dagrun for example_short_circuit_operator to 2025-09-28 00:00:00+00:00, run_after=2025-09-29 00:00:00+00:00
[2025-09-29T16:12:59.212+0000] {processor.py:183} INFO - Processing /home/airflow/.local/lib/python3.12/site-packages/airflow/example_dags/example_short_circuit_operator.py took 0.194 seconds
[2025-09-29T16:13:29.485+0000] {processor.py:161} INFO - Started process (PID=20854) to work on /home/airflow/.local/lib/python3.12/site-packages/airflow/example_dags/example_short_circuit_operator.py
[2025-09-29T16:13:29.487+0000] {processor.py:830} INFO - Processing file /home/airflow/.local/lib/python3.12/site-packages/airflow/example_dags/example_short_circuit_operator.py for tasks to queue
[2025-09-29T16:13:29.489+0000] {logging_mixin.py:188} INFO - [2025-09-29T16:13:29.488+0000] {dagbag.py:545} INFO - Filling up the DagBag from /home/airflow/.local/lib/python3.12/site-packages/airflow/example_dags/example_short_circuit_operator.py
[2025-09-29T16:13:29.509+0000] {processor.py:840} INFO - DAG(s) 'example_short_circuit_operator' retrieved from /home/airflow/.local/lib/python3.12/site-packages/airflow/example_dags/example_short_circuit_operator.py
[2025-09-29T16:13:29.571+0000] {logging_mixin.py:188} INFO - [2025-09-29T16:13:29.571+0000] {dag.py:3089} INFO - Sync 1 DAGs
[2025-09-29T16:13:29.625+0000] {logging_mixin.py:188} INFO - [2025-09-29T16:13:29.624+0000] {dag.py:3947} INFO - Setting next_dagrun for example_short_circuit_operator to 2025-09-28 00:00:00+00:00, run_after=2025-09-29 00:00:00+00:00
[2025-09-29T16:13:29.680+0000] {processor.py:183} INFO - Processing /home/airflow/.local/lib/python3.12/site-packages/airflow/example_dags/example_short_circuit_operator.py took 0.210 seconds
[2025-09-29T16:13:59.915+0000] {processor.py:161} INFO - Started process (PID=21115) to work on /home/airflow/.local/lib/python3.12/site-packages/airflow/example_dags/example_short_circuit_operator.py
[2025-09-29T16:13:59.918+0000] {processor.py:830} INFO - Processing file /home/airflow/.local/lib/python3.12/site-packages/airflow/example_dags/example_short_circuit_operator.py for tasks to queue
[2025-09-29T16:13:59.924+0000] {logging_mixin.py:188} INFO - [2025-09-29T16:13:59.923+0000] {dagbag.py:545} INFO - Filling up the DagBag from /home/airflow/.local/lib/python3.12/site-packages/airflow/example_dags/example_short_circuit_operator.py
[2025-09-29T16:13:59.943+0000] {processor.py:840} INFO - DAG(s) 'example_short_circuit_operator' retrieved from /home/airflow/.local/lib/python3.12/site-packages/airflow/example_dags/example_short_circuit_operator.py
[2025-09-29T16:14:00.008+0000] {logging_mixin.py:188} INFO - [2025-09-29T16:14:00.008+0000] {dag.py:3089} INFO - Sync 1 DAGs
[2025-09-29T16:14:00.056+0000] {logging_mixin.py:188} INFO - [2025-09-29T16:14:00.056+0000] {dag.py:3947} INFO - Setting next_dagrun for example_short_circuit_operator to 2025-09-28 00:00:00+00:00, run_after=2025-09-29 00:00:00+00:00
[2025-09-29T16:14:00.101+0000] {processor.py:183} INFO - Processing /home/airflow/.local/lib/python3.12/site-packages/airflow/example_dags/example_short_circuit_operator.py took 0.200 seconds
[2025-09-29T16:14:30.645+0000] {processor.py:161} INFO - Started process (PID=21376) to work on /home/airflow/.local/lib/python3.12/site-packages/airflow/example_dags/example_short_circuit_operator.py
[2025-09-29T16:14:30.648+0000] {processor.py:830} INFO - Processing file /home/airflow/.local/lib/python3.12/site-packages/airflow/example_dags/example_short_circuit_operator.py for tasks to queue
[2025-09-29T16:14:30.650+0000] {logging_mixin.py:188} INFO - [2025-09-29T16:14:30.650+0000] {dagbag.py:545} INFO - Filling up the DagBag from /home/airflow/.local/lib/python3.12/site-packages/airflow/example_dags/example_short_circuit_operator.py
[2025-09-29T16:14:30.670+0000] {processor.py:840} INFO - DAG(s) 'example_short_circuit_operator' retrieved from /home/airflow/.local/lib/python3.12/site-packages/airflow/example_dags/example_short_circuit_operator.py
[2025-09-29T16:14:30.744+0000] {logging_mixin.py:188} INFO - [2025-09-29T16:14:30.743+0000] {dag.py:3089} INFO - Sync 1 DAGs
[2025-09-29T16:14:30.812+0000] {logging_mixin.py:188} INFO - [2025-09-29T16:14:30.811+0000] {dag.py:3947} INFO - Setting next_dagrun for example_short_circuit_operator to 2025-09-28 00:00:00+00:00, run_after=2025-09-29 00:00:00+00:00
[2025-09-29T16:14:30.867+0000] {processor.py:183} INFO - Processing /home/airflow/.local/lib/python3.12/site-packages/airflow/example_dags/example_short_circuit_operator.py took 0.239 seconds
[2025-09-29T16:15:03.997+0000] {processor.py:161} INFO - Started process (PID=21622) to work on /home/airflow/.local/lib/python3.12/site-packages/airflow/example_dags/example_short_circuit_operator.py
[2025-09-29T16:15:04.007+0000] {processor.py:830} INFO - Processing file /home/airflow/.local/lib/python3.12/site-packages/airflow/example_dags/example_short_circuit_operator.py for tasks to queue
[2025-09-29T16:15:04.009+0000] {logging_mixin.py:188} INFO - [2025-09-29T16:15:04.008+0000] {dagbag.py:545} INFO - Filling up the DagBag from /home/airflow/.local/lib/python3.12/site-packages/airflow/example_dags/example_short_circuit_operator.py
[2025-09-29T16:15:04.030+0000] {processor.py:840} INFO - DAG(s) 'example_short_circuit_operator' retrieved from /home/airflow/.local/lib/python3.12/site-packages/airflow/example_dags/example_short_circuit_operator.py
[2025-09-29T16:15:04.105+0000] {logging_mixin.py:188} INFO - [2025-09-29T16:15:04.104+0000] {dag.py:3089} INFO - Sync 1 DAGs
[2025-09-29T16:15:04.157+0000] {logging_mixin.py:188} INFO - [2025-09-29T16:15:04.156+0000] {dag.py:3947} INFO - Setting next_dagrun for example_short_circuit_operator to 2025-09-28 00:00:00+00:00, run_after=2025-09-29 00:00:00+00:00
[2025-09-29T16:15:04.211+0000] {processor.py:183} INFO - Processing /home/airflow/.local/lib/python3.12/site-packages/airflow/example_dags/example_short_circuit_operator.py took 0.233 seconds
[2025-09-29T16:15:34.560+0000] {processor.py:161} INFO - Started process (PID=21885) to work on /home/airflow/.local/lib/python3.12/site-packages/airflow/example_dags/example_short_circuit_operator.py
[2025-09-29T16:15:34.562+0000] {processor.py:830} INFO - Processing file /home/airflow/.local/lib/python3.12/site-packages/airflow/example_dags/example_short_circuit_operator.py for tasks to queue
[2025-09-29T16:15:34.565+0000] {logging_mixin.py:188} INFO - [2025-09-29T16:15:34.564+0000] {dagbag.py:545} INFO - Filling up the DagBag from /home/airflow/.local/lib/python3.12/site-packages/airflow/example_dags/example_short_circuit_operator.py
[2025-09-29T16:15:34.583+0000] {processor.py:840} INFO - DAG(s) 'example_short_circuit_operator' retrieved from /home/airflow/.local/lib/python3.12/site-packages/airflow/example_dags/example_short_circuit_operator.py
[2025-09-29T16:15:34.645+0000] {logging_mixin.py:188} INFO - [2025-09-29T16:15:34.645+0000] {dag.py:3089} INFO - Sync 1 DAGs
[2025-09-29T16:15:34.695+0000] {logging_mixin.py:188} INFO - [2025-09-29T16:15:34.695+0000] {dag.py:3947} INFO - Setting next_dagrun for example_short_circuit_operator to 2025-09-28 00:00:00+00:00, run_after=2025-09-29 00:00:00+00:00
[2025-09-29T16:15:34.740+0000] {processor.py:183} INFO - Processing /home/airflow/.local/lib/python3.12/site-packages/airflow/example_dags/example_short_circuit_operator.py took 0.198 seconds
[2025-09-29T16:16:05.740+0000] {processor.py:161} INFO - Started process (PID=22151) to work on /home/airflow/.local/lib/python3.12/site-packages/airflow/example_dags/example_short_circuit_operator.py
[2025-09-29T16:16:05.743+0000] {processor.py:830} INFO - Processing file /home/airflow/.local/lib/python3.12/site-packages/airflow/example_dags/example_short_circuit_operator.py for tasks to queue
[2025-09-29T16:16:05.745+0000] {logging_mixin.py:188} INFO - [2025-09-29T16:16:05.744+0000] {dagbag.py:545} INFO - Filling up the DagBag from /home/airflow/.local/lib/python3.12/site-packages/airflow/example_dags/example_short_circuit_operator.py
[2025-09-29T16:16:05.763+0000] {processor.py:840} INFO - DAG(s) 'example_short_circuit_operator' retrieved from /home/airflow/.local/lib/python3.12/site-packages/airflow/example_dags/example_short_circuit_operator.py
[2025-09-29T16:16:05.825+0000] {logging_mixin.py:188} INFO - [2025-09-29T16:16:05.824+0000] {dag.py:3089} INFO - Sync 1 DAGs
[2025-09-29T16:16:05.875+0000] {logging_mixin.py:188} INFO - [2025-09-29T16:16:05.874+0000] {dag.py:3947} INFO - Setting next_dagrun for example_short_circuit_operator to 2025-09-28 00:00:00+00:00, run_after=2025-09-29 00:00:00+00:00
[2025-09-29T16:16:05.925+0000] {processor.py:183} INFO - Processing /home/airflow/.local/lib/python3.12/site-packages/airflow/example_dags/example_short_circuit_operator.py took 0.200 seconds
[2025-09-29T16:16:36.218+0000] {processor.py:161} INFO - Started process (PID=22412) to work on /home/airflow/.local/lib/python3.12/site-packages/airflow/example_dags/example_short_circuit_operator.py
[2025-09-29T16:16:36.221+0000] {processor.py:830} INFO - Processing file /home/airflow/.local/lib/python3.12/site-packages/airflow/example_dags/example_short_circuit_operator.py for tasks to queue
[2025-09-29T16:16:36.223+0000] {logging_mixin.py:188} INFO - [2025-09-29T16:16:36.222+0000] {dagbag.py:545} INFO - Filling up the DagBag from /home/airflow/.local/lib/python3.12/site-packages/airflow/example_dags/example_short_circuit_operator.py
[2025-09-29T16:16:36.241+0000] {processor.py:840} INFO - DAG(s) 'example_short_circuit_operator' retrieved from /home/airflow/.local/lib/python3.12/site-packages/airflow/example_dags/example_short_circuit_operator.py
[2025-09-29T16:16:36.304+0000] {logging_mixin.py:188} INFO - [2025-09-29T16:16:36.303+0000] {dag.py:3089} INFO - Sync 1 DAGs
[2025-09-29T16:16:36.354+0000] {logging_mixin.py:188} INFO - [2025-09-29T16:16:36.354+0000] {dag.py:3947} INFO - Setting next_dagrun for example_short_circuit_operator to 2025-09-28 00:00:00+00:00, run_after=2025-09-29 00:00:00+00:00
[2025-09-29T16:16:36.403+0000] {processor.py:183} INFO - Processing /home/airflow/.local/lib/python3.12/site-packages/airflow/example_dags/example_short_circuit_operator.py took 0.200 seconds
[2025-09-29T16:17:06.760+0000] {processor.py:161} INFO - Started process (PID=22673) to work on /home/airflow/.local/lib/python3.12/site-packages/airflow/example_dags/example_short_circuit_operator.py
[2025-09-29T16:17:06.763+0000] {processor.py:830} INFO - Processing file /home/airflow/.local/lib/python3.12/site-packages/airflow/example_dags/example_short_circuit_operator.py for tasks to queue
[2025-09-29T16:17:06.765+0000] {logging_mixin.py:188} INFO - [2025-09-29T16:17:06.764+0000] {dagbag.py:545} INFO - Filling up the DagBag from /home/airflow/.local/lib/python3.12/site-packages/airflow/example_dags/example_short_circuit_operator.py
[2025-09-29T16:17:06.789+0000] {processor.py:840} INFO - DAG(s) 'example_short_circuit_operator' retrieved from /home/airflow/.local/lib/python3.12/site-packages/airflow/example_dags/example_short_circuit_operator.py
[2025-09-29T16:17:06.853+0000] {logging_mixin.py:188} INFO - [2025-09-29T16:17:06.852+0000] {dag.py:3089} INFO - Sync 1 DAGs
[2025-09-29T16:17:06.901+0000] {logging_mixin.py:188} INFO - [2025-09-29T16:17:06.900+0000] {dag.py:3947} INFO - Setting next_dagrun for example_short_circuit_operator to 2025-09-28 00:00:00+00:00, run_after=2025-09-29 00:00:00+00:00
[2025-09-29T16:17:06.946+0000] {processor.py:183} INFO - Processing /home/airflow/.local/lib/python3.12/site-packages/airflow/example_dags/example_short_circuit_operator.py took 0.202 seconds
[2025-09-29T16:17:37.511+0000] {processor.py:161} INFO - Started process (PID=22932) to work on /home/airflow/.local/lib/python3.12/site-packages/airflow/example_dags/example_short_circuit_operator.py
[2025-09-29T16:17:37.513+0000] {processor.py:830} INFO - Processing file /home/airflow/.local/lib/python3.12/site-packages/airflow/example_dags/example_short_circuit_operator.py for tasks to queue
[2025-09-29T16:17:37.516+0000] {logging_mixin.py:188} INFO - [2025-09-29T16:17:37.515+0000] {dagbag.py:545} INFO - Filling up the DagBag from /home/airflow/.local/lib/python3.12/site-packages/airflow/example_dags/example_short_circuit_operator.py
[2025-09-29T16:17:37.539+0000] {processor.py:840} INFO - DAG(s) 'example_short_circuit_operator' retrieved from /home/airflow/.local/lib/python3.12/site-packages/airflow/example_dags/example_short_circuit_operator.py
[2025-09-29T16:17:37.605+0000] {logging_mixin.py:188} INFO - [2025-09-29T16:17:37.605+0000] {dag.py:3089} INFO - Sync 1 DAGs
[2025-09-29T16:17:37.657+0000] {logging_mixin.py:188} INFO - [2025-09-29T16:17:37.657+0000] {dag.py:3947} INFO - Setting next_dagrun for example_short_circuit_operator to 2025-09-28 00:00:00+00:00, run_after=2025-09-29 00:00:00+00:00
[2025-09-29T16:17:37.705+0000] {processor.py:183} INFO - Processing /home/airflow/.local/lib/python3.12/site-packages/airflow/example_dags/example_short_circuit_operator.py took 0.213 seconds
[2025-09-29T16:18:07.893+0000] {processor.py:161} INFO - Started process (PID=23193) to work on /home/airflow/.local/lib/python3.12/site-packages/airflow/example_dags/example_short_circuit_operator.py
[2025-09-29T16:18:07.897+0000] {processor.py:830} INFO - Processing file /home/airflow/.local/lib/python3.12/site-packages/airflow/example_dags/example_short_circuit_operator.py for tasks to queue
[2025-09-29T16:18:07.899+0000] {logging_mixin.py:188} INFO - [2025-09-29T16:18:07.898+0000] {dagbag.py:545} INFO - Filling up the DagBag from /home/airflow/.local/lib/python3.12/site-packages/airflow/example_dags/example_short_circuit_operator.py
[2025-09-29T16:18:07.920+0000] {processor.py:840} INFO - DAG(s) 'example_short_circuit_operator' retrieved from /home/airflow/.local/lib/python3.12/site-packages/airflow/example_dags/example_short_circuit_operator.py
[2025-09-29T16:18:07.995+0000] {logging_mixin.py:188} INFO - [2025-09-29T16:18:07.994+0000] {dag.py:3089} INFO - Sync 1 DAGs
[2025-09-29T16:18:08.056+0000] {logging_mixin.py:188} INFO - [2025-09-29T16:18:08.056+0000] {dag.py:3947} INFO - Setting next_dagrun for example_short_circuit_operator to 2025-09-28 00:00:00+00:00, run_after=2025-09-29 00:00:00+00:00
[2025-09-29T16:18:08.114+0000] {processor.py:183} INFO - Processing /home/airflow/.local/lib/python3.12/site-packages/airflow/example_dags/example_short_circuit_operator.py took 0.239 seconds
[2025-09-29T16:18:38.368+0000] {processor.py:161} INFO - Started process (PID=23454) to work on /home/airflow/.local/lib/python3.12/site-packages/airflow/example_dags/example_short_circuit_operator.py
[2025-09-29T16:18:38.371+0000] {processor.py:830} INFO - Processing file /home/airflow/.local/lib/python3.12/site-packages/airflow/example_dags/example_short_circuit_operator.py for tasks to queue
[2025-09-29T16:18:38.373+0000] {logging_mixin.py:188} INFO - [2025-09-29T16:18:38.372+0000] {dagbag.py:545} INFO - Filling up the DagBag from /home/airflow/.local/lib/python3.12/site-packages/airflow/example_dags/example_short_circuit_operator.py
[2025-09-29T16:18:38.392+0000] {processor.py:840} INFO - DAG(s) 'example_short_circuit_operator' retrieved from /home/airflow/.local/lib/python3.12/site-packages/airflow/example_dags/example_short_circuit_operator.py
[2025-09-29T16:18:38.456+0000] {logging_mixin.py:188} INFO - [2025-09-29T16:18:38.455+0000] {dag.py:3089} INFO - Sync 1 DAGs
[2025-09-29T16:18:38.506+0000] {logging_mixin.py:188} INFO - [2025-09-29T16:18:38.506+0000] {dag.py:3947} INFO - Setting next_dagrun for example_short_circuit_operator to 2025-09-28 00:00:00+00:00, run_after=2025-09-29 00:00:00+00:00
[2025-09-29T16:18:38.551+0000] {processor.py:183} INFO - Processing /home/airflow/.local/lib/python3.12/site-packages/airflow/example_dags/example_short_circuit_operator.py took 0.198 seconds
[2025-09-29T16:19:08.803+0000] {processor.py:161} INFO - Started process (PID=23715) to work on /home/airflow/.local/lib/python3.12/site-packages/airflow/example_dags/example_short_circuit_operator.py
[2025-09-29T16:19:08.805+0000] {processor.py:830} INFO - Processing file /home/airflow/.local/lib/python3.12/site-packages/airflow/example_dags/example_short_circuit_operator.py for tasks to queue
[2025-09-29T16:19:08.806+0000] {logging_mixin.py:188} INFO - [2025-09-29T16:19:08.806+0000] {dagbag.py:545} INFO - Filling up the DagBag from /home/airflow/.local/lib/python3.12/site-packages/airflow/example_dags/example_short_circuit_operator.py
[2025-09-29T16:19:08.826+0000] {processor.py:840} INFO - DAG(s) 'example_short_circuit_operator' retrieved from /home/airflow/.local/lib/python3.12/site-packages/airflow/example_dags/example_short_circuit_operator.py
[2025-09-29T16:19:08.888+0000] {logging_mixin.py:188} INFO - [2025-09-29T16:19:08.887+0000] {dag.py:3089} INFO - Sync 1 DAGs
[2025-09-29T16:19:08.938+0000] {logging_mixin.py:188} INFO - [2025-09-29T16:19:08.938+0000] {dag.py:3947} INFO - Setting next_dagrun for example_short_circuit_operator to 2025-09-28 00:00:00+00:00, run_after=2025-09-29 00:00:00+00:00
[2025-09-29T16:19:09.002+0000] {processor.py:183} INFO - Processing /home/airflow/.local/lib/python3.12/site-packages/airflow/example_dags/example_short_circuit_operator.py took 0.214 seconds
[2025-09-29T16:19:39.729+0000] {processor.py:161} INFO - Started process (PID=23976) to work on /home/airflow/.local/lib/python3.12/site-packages/airflow/example_dags/example_short_circuit_operator.py
[2025-09-29T16:19:39.732+0000] {processor.py:830} INFO - Processing file /home/airflow/.local/lib/python3.12/site-packages/airflow/example_dags/example_short_circuit_operator.py for tasks to queue
[2025-09-29T16:19:39.734+0000] {logging_mixin.py:188} INFO - [2025-09-29T16:19:39.733+0000] {dagbag.py:545} INFO - Filling up the DagBag from /home/airflow/.local/lib/python3.12/site-packages/airflow/example_dags/example_short_circuit_operator.py
[2025-09-29T16:19:39.754+0000] {processor.py:840} INFO - DAG(s) 'example_short_circuit_operator' retrieved from /home/airflow/.local/lib/python3.12/site-packages/airflow/example_dags/example_short_circuit_operator.py
[2025-09-29T16:19:39.817+0000] {logging_mixin.py:188} INFO - [2025-09-29T16:19:39.817+0000] {dag.py:3089} INFO - Sync 1 DAGs
[2025-09-29T16:19:39.865+0000] {logging_mixin.py:188} INFO - [2025-09-29T16:19:39.865+0000] {dag.py:3947} INFO - Setting next_dagrun for example_short_circuit_operator to 2025-09-28 00:00:00+00:00, run_after=2025-09-29 00:00:00+00:00
[2025-09-29T16:19:39.911+0000] {processor.py:183} INFO - Processing /home/airflow/.local/lib/python3.12/site-packages/airflow/example_dags/example_short_circuit_operator.py took 0.199 seconds
[2025-09-29T16:20:10.159+0000] {processor.py:161} INFO - Started process (PID=24237) to work on /home/airflow/.local/lib/python3.12/site-packages/airflow/example_dags/example_short_circuit_operator.py
[2025-09-29T16:20:10.161+0000] {processor.py:830} INFO - Processing file /home/airflow/.local/lib/python3.12/site-packages/airflow/example_dags/example_short_circuit_operator.py for tasks to queue
[2025-09-29T16:20:10.163+0000] {logging_mixin.py:188} INFO - [2025-09-29T16:20:10.162+0000] {dagbag.py:545} INFO - Filling up the DagBag from /home/airflow/.local/lib/python3.12/site-packages/airflow/example_dags/example_short_circuit_operator.py
[2025-09-29T16:20:10.182+0000] {processor.py:840} INFO - DAG(s) 'example_short_circuit_operator' retrieved from /home/airflow/.local/lib/python3.12/site-packages/airflow/example_dags/example_short_circuit_operator.py
[2025-09-29T16:20:10.244+0000] {logging_mixin.py:188} INFO - [2025-09-29T16:20:10.243+0000] {dag.py:3089} INFO - Sync 1 DAGs
[2025-09-29T16:20:10.292+0000] {logging_mixin.py:188} INFO - [2025-09-29T16:20:10.291+0000] {dag.py:3947} INFO - Setting next_dagrun for example_short_circuit_operator to 2025-09-28 00:00:00+00:00, run_after=2025-09-29 00:00:00+00:00
[2025-09-29T16:20:10.342+0000] {processor.py:183} INFO - Processing /home/airflow/.local/lib/python3.12/site-packages/airflow/example_dags/example_short_circuit_operator.py took 0.198 seconds
[2025-09-29T16:20:40.775+0000] {processor.py:161} INFO - Started process (PID=24498) to work on /home/airflow/.local/lib/python3.12/site-packages/airflow/example_dags/example_short_circuit_operator.py
[2025-09-29T16:20:40.778+0000] {processor.py:830} INFO - Processing file /home/airflow/.local/lib/python3.12/site-packages/airflow/example_dags/example_short_circuit_operator.py for tasks to queue
[2025-09-29T16:20:40.779+0000] {logging_mixin.py:188} INFO - [2025-09-29T16:20:40.779+0000] {dagbag.py:545} INFO - Filling up the DagBag from /home/airflow/.local/lib/python3.12/site-packages/airflow/example_dags/example_short_circuit_operator.py
[2025-09-29T16:20:40.798+0000] {processor.py:840} INFO - DAG(s) 'example_short_circuit_operator' retrieved from /home/airflow/.local/lib/python3.12/site-packages/airflow/example_dags/example_short_circuit_operator.py
[2025-09-29T16:20:40.862+0000] {logging_mixin.py:188} INFO - [2025-09-29T16:20:40.862+0000] {dag.py:3089} INFO - Sync 1 DAGs
[2025-09-29T16:20:40.911+0000] {logging_mixin.py:188} INFO - [2025-09-29T16:20:40.911+0000] {dag.py:3947} INFO - Setting next_dagrun for example_short_circuit_operator to 2025-09-28 00:00:00+00:00, run_after=2025-09-29 00:00:00+00:00
[2025-09-29T16:20:40.958+0000] {processor.py:183} INFO - Processing /home/airflow/.local/lib/python3.12/site-packages/airflow/example_dags/example_short_circuit_operator.py took 0.197 seconds
[2025-09-29T16:21:11.332+0000] {processor.py:161} INFO - Started process (PID=24759) to work on /home/airflow/.local/lib/python3.12/site-packages/airflow/example_dags/example_short_circuit_operator.py
[2025-09-29T16:21:11.335+0000] {processor.py:830} INFO - Processing file /home/airflow/.local/lib/python3.12/site-packages/airflow/example_dags/example_short_circuit_operator.py for tasks to queue
[2025-09-29T16:21:11.337+0000] {logging_mixin.py:188} INFO - [2025-09-29T16:21:11.336+0000] {dagbag.py:545} INFO - Filling up the DagBag from /home/airflow/.local/lib/python3.12/site-packages/airflow/example_dags/example_short_circuit_operator.py
[2025-09-29T16:21:11.356+0000] {processor.py:840} INFO - DAG(s) 'example_short_circuit_operator' retrieved from /home/airflow/.local/lib/python3.12/site-packages/airflow/example_dags/example_short_circuit_operator.py
[2025-09-29T16:21:11.417+0000] {logging_mixin.py:188} INFO - [2025-09-29T16:21:11.416+0000] {dag.py:3089} INFO - Sync 1 DAGs
[2025-09-29T16:21:11.468+0000] {logging_mixin.py:188} INFO - [2025-09-29T16:21:11.467+0000] {dag.py:3947} INFO - Setting next_dagrun for example_short_circuit_operator to 2025-09-28 00:00:00+00:00, run_after=2025-09-29 00:00:00+00:00
[2025-09-29T16:21:11.511+0000] {processor.py:183} INFO - Processing /home/airflow/.local/lib/python3.12/site-packages/airflow/example_dags/example_short_circuit_operator.py took 0.194 seconds
[2025-09-29T16:21:41.964+0000] {processor.py:161} INFO - Started process (PID=25020) to work on /home/airflow/.local/lib/python3.12/site-packages/airflow/example_dags/example_short_circuit_operator.py
[2025-09-29T16:21:41.966+0000] {processor.py:830} INFO - Processing file /home/airflow/.local/lib/python3.12/site-packages/airflow/example_dags/example_short_circuit_operator.py for tasks to queue
[2025-09-29T16:21:41.969+0000] {logging_mixin.py:188} INFO - [2025-09-29T16:21:41.968+0000] {dagbag.py:545} INFO - Filling up the DagBag from /home/airflow/.local/lib/python3.12/site-packages/airflow/example_dags/example_short_circuit_operator.py
[2025-09-29T16:21:41.987+0000] {processor.py:840} INFO - DAG(s) 'example_short_circuit_operator' retrieved from /home/airflow/.local/lib/python3.12/site-packages/airflow/example_dags/example_short_circuit_operator.py
[2025-09-29T16:21:42.053+0000] {logging_mixin.py:188} INFO - [2025-09-29T16:21:42.053+0000] {dag.py:3089} INFO - Sync 1 DAGs
[2025-09-29T16:21:42.106+0000] {logging_mixin.py:188} INFO - [2025-09-29T16:21:42.105+0000] {dag.py:3947} INFO - Setting next_dagrun for example_short_circuit_operator to 2025-09-28 00:00:00+00:00, run_after=2025-09-29 00:00:00+00:00
[2025-09-29T16:21:42.153+0000] {processor.py:183} INFO - Processing /home/airflow/.local/lib/python3.12/site-packages/airflow/example_dags/example_short_circuit_operator.py took 0.204 seconds
[2025-09-29T16:22:12.549+0000] {processor.py:161} INFO - Started process (PID=25281) to work on /home/airflow/.local/lib/python3.12/site-packages/airflow/example_dags/example_short_circuit_operator.py
[2025-09-29T16:22:12.552+0000] {processor.py:830} INFO - Processing file /home/airflow/.local/lib/python3.12/site-packages/airflow/example_dags/example_short_circuit_operator.py for tasks to queue
[2025-09-29T16:22:12.553+0000] {logging_mixin.py:188} INFO - [2025-09-29T16:22:12.553+0000] {dagbag.py:545} INFO - Filling up the DagBag from /home/airflow/.local/lib/python3.12/site-packages/airflow/example_dags/example_short_circuit_operator.py
[2025-09-29T16:22:12.572+0000] {processor.py:840} INFO - DAG(s) 'example_short_circuit_operator' retrieved from /home/airflow/.local/lib/python3.12/site-packages/airflow/example_dags/example_short_circuit_operator.py
[2025-09-29T16:22:12.633+0000] {logging_mixin.py:188} INFO - [2025-09-29T16:22:12.633+0000] {dag.py:3089} INFO - Sync 1 DAGs
[2025-09-29T16:22:12.680+0000] {logging_mixin.py:188} INFO - [2025-09-29T16:22:12.680+0000] {dag.py:3947} INFO - Setting next_dagrun for example_short_circuit_operator to 2025-09-28 00:00:00+00:00, run_after=2025-09-29 00:00:00+00:00
[2025-09-29T16:22:12.725+0000] {processor.py:183} INFO - Processing /home/airflow/.local/lib/python3.12/site-packages/airflow/example_dags/example_short_circuit_operator.py took 0.191 seconds
[2025-09-29T16:22:42.954+0000] {processor.py:161} INFO - Started process (PID=25542) to work on /home/airflow/.local/lib/python3.12/site-packages/airflow/example_dags/example_short_circuit_operator.py
[2025-09-29T16:22:42.956+0000] {processor.py:830} INFO - Processing file /home/airflow/.local/lib/python3.12/site-packages/airflow/example_dags/example_short_circuit_operator.py for tasks to queue
[2025-09-29T16:22:42.958+0000] {logging_mixin.py:188} INFO - [2025-09-29T16:22:42.957+0000] {dagbag.py:545} INFO - Filling up the DagBag from /home/airflow/.local/lib/python3.12/site-packages/airflow/example_dags/example_short_circuit_operator.py
[2025-09-29T16:22:42.978+0000] {processor.py:840} INFO - DAG(s) 'example_short_circuit_operator' retrieved from /home/airflow/.local/lib/python3.12/site-packages/airflow/example_dags/example_short_circuit_operator.py
[2025-09-29T16:22:43.043+0000] {logging_mixin.py:188} INFO - [2025-09-29T16:22:43.043+0000] {dag.py:3089} INFO - Sync 1 DAGs
[2025-09-29T16:22:43.091+0000] {logging_mixin.py:188} INFO - [2025-09-29T16:22:43.091+0000] {dag.py:3947} INFO - Setting next_dagrun for example_short_circuit_operator to 2025-09-28 00:00:00+00:00, run_after=2025-09-29 00:00:00+00:00
[2025-09-29T16:22:43.142+0000] {processor.py:183} INFO - Processing /home/airflow/.local/lib/python3.12/site-packages/airflow/example_dags/example_short_circuit_operator.py took 0.204 seconds
[2025-09-29T16:23:14.252+0000] {processor.py:161} INFO - Started process (PID=25803) to work on /home/airflow/.local/lib/python3.12/site-packages/airflow/example_dags/example_short_circuit_operator.py
[2025-09-29T16:23:14.255+0000] {processor.py:830} INFO - Processing file /home/airflow/.local/lib/python3.12/site-packages/airflow/example_dags/example_short_circuit_operator.py for tasks to queue
[2025-09-29T16:23:14.258+0000] {logging_mixin.py:188} INFO - [2025-09-29T16:23:14.257+0000] {dagbag.py:545} INFO - Filling up the DagBag from /home/airflow/.local/lib/python3.12/site-packages/airflow/example_dags/example_short_circuit_operator.py
[2025-09-29T16:23:14.285+0000] {processor.py:840} INFO - DAG(s) 'example_short_circuit_operator' retrieved from /home/airflow/.local/lib/python3.12/site-packages/airflow/example_dags/example_short_circuit_operator.py
[2025-09-29T16:23:14.363+0000] {logging_mixin.py:188} INFO - [2025-09-29T16:23:14.363+0000] {dag.py:3089} INFO - Sync 1 DAGs
[2025-09-29T16:23:14.425+0000] {logging_mixin.py:188} INFO - [2025-09-29T16:23:14.425+0000] {dag.py:3947} INFO - Setting next_dagrun for example_short_circuit_operator to 2025-09-28 00:00:00+00:00, run_after=2025-09-29 00:00:00+00:00
[2025-09-29T16:23:14.480+0000] {processor.py:183} INFO - Processing /home/airflow/.local/lib/python3.12/site-packages/airflow/example_dags/example_short_circuit_operator.py took 0.246 seconds
[2025-09-29T16:23:45.057+0000] {processor.py:161} INFO - Started process (PID=26064) to work on /home/airflow/.local/lib/python3.12/site-packages/airflow/example_dags/example_short_circuit_operator.py
[2025-09-29T16:23:45.060+0000] {processor.py:830} INFO - Processing file /home/airflow/.local/lib/python3.12/site-packages/airflow/example_dags/example_short_circuit_operator.py for tasks to queue
[2025-09-29T16:23:45.062+0000] {logging_mixin.py:188} INFO - [2025-09-29T16:23:45.061+0000] {dagbag.py:545} INFO - Filling up the DagBag from /home/airflow/.local/lib/python3.12/site-packages/airflow/example_dags/example_short_circuit_operator.py
[2025-09-29T16:23:45.085+0000] {processor.py:840} INFO - DAG(s) 'example_short_circuit_operator' retrieved from /home/airflow/.local/lib/python3.12/site-packages/airflow/example_dags/example_short_circuit_operator.py
[2025-09-29T16:23:45.169+0000] {logging_mixin.py:188} INFO - [2025-09-29T16:23:45.168+0000] {dag.py:3089} INFO - Sync 1 DAGs
[2025-09-29T16:23:45.238+0000] {logging_mixin.py:188} INFO - [2025-09-29T16:23:45.238+0000] {dag.py:3947} INFO - Setting next_dagrun for example_short_circuit_operator to 2025-09-28 00:00:00+00:00, run_after=2025-09-29 00:00:00+00:00
[2025-09-29T16:23:45.301+0000] {processor.py:183} INFO - Processing /home/airflow/.local/lib/python3.12/site-packages/airflow/example_dags/example_short_circuit_operator.py took 0.264 seconds
[2025-09-29T16:24:15.708+0000] {processor.py:161} INFO - Started process (PID=26325) to work on /home/airflow/.local/lib/python3.12/site-packages/airflow/example_dags/example_short_circuit_operator.py
[2025-09-29T16:24:15.710+0000] {processor.py:830} INFO - Processing file /home/airflow/.local/lib/python3.12/site-packages/airflow/example_dags/example_short_circuit_operator.py for tasks to queue
[2025-09-29T16:24:15.713+0000] {logging_mixin.py:188} INFO - [2025-09-29T16:24:15.712+0000] {dagbag.py:545} INFO - Filling up the DagBag from /home/airflow/.local/lib/python3.12/site-packages/airflow/example_dags/example_short_circuit_operator.py
[2025-09-29T16:24:15.741+0000] {processor.py:840} INFO - DAG(s) 'example_short_circuit_operator' retrieved from /home/airflow/.local/lib/python3.12/site-packages/airflow/example_dags/example_short_circuit_operator.py
[2025-09-29T16:24:15.818+0000] {logging_mixin.py:188} INFO - [2025-09-29T16:24:15.817+0000] {dag.py:3089} INFO - Sync 1 DAGs
[2025-09-29T16:24:15.888+0000] {logging_mixin.py:188} INFO - [2025-09-29T16:24:15.887+0000] {dag.py:3947} INFO - Setting next_dagrun for example_short_circuit_operator to 2025-09-28 00:00:00+00:00, run_after=2025-09-29 00:00:00+00:00
[2025-09-29T16:24:15.944+0000] {processor.py:183} INFO - Processing /home/airflow/.local/lib/python3.12/site-packages/airflow/example_dags/example_short_circuit_operator.py took 0.252 seconds
[2025-09-29T16:24:46.573+0000] {processor.py:161} INFO - Started process (PID=26588) to work on /home/airflow/.local/lib/python3.12/site-packages/airflow/example_dags/example_short_circuit_operator.py
[2025-09-29T16:24:46.576+0000] {processor.py:830} INFO - Processing file /home/airflow/.local/lib/python3.12/site-packages/airflow/example_dags/example_short_circuit_operator.py for tasks to queue
[2025-09-29T16:24:46.578+0000] {logging_mixin.py:188} INFO - [2025-09-29T16:24:46.577+0000] {dagbag.py:545} INFO - Filling up the DagBag from /home/airflow/.local/lib/python3.12/site-packages/airflow/example_dags/example_short_circuit_operator.py
[2025-09-29T16:24:46.604+0000] {processor.py:840} INFO - DAG(s) 'example_short_circuit_operator' retrieved from /home/airflow/.local/lib/python3.12/site-packages/airflow/example_dags/example_short_circuit_operator.py
[2025-09-29T16:24:46.682+0000] {logging_mixin.py:188} INFO - [2025-09-29T16:24:46.681+0000] {dag.py:3089} INFO - Sync 1 DAGs
[2025-09-29T16:24:46.750+0000] {logging_mixin.py:188} INFO - [2025-09-29T16:24:46.749+0000] {dag.py:3947} INFO - Setting next_dagrun for example_short_circuit_operator to 2025-09-28 00:00:00+00:00, run_after=2025-09-29 00:00:00+00:00
[2025-09-29T16:24:46.819+0000] {processor.py:183} INFO - Processing /home/airflow/.local/lib/python3.12/site-packages/airflow/example_dags/example_short_circuit_operator.py took 0.266 seconds
[2025-09-29T16:25:17.417+0000] {processor.py:161} INFO - Started process (PID=26847) to work on /home/airflow/.local/lib/python3.12/site-packages/airflow/example_dags/example_short_circuit_operator.py
[2025-09-29T16:25:17.419+0000] {processor.py:830} INFO - Processing file /home/airflow/.local/lib/python3.12/site-packages/airflow/example_dags/example_short_circuit_operator.py for tasks to queue
[2025-09-29T16:25:17.421+0000] {logging_mixin.py:188} INFO - [2025-09-29T16:25:17.421+0000] {dagbag.py:545} INFO - Filling up the DagBag from /home/airflow/.local/lib/python3.12/site-packages/airflow/example_dags/example_short_circuit_operator.py
[2025-09-29T16:25:17.441+0000] {processor.py:840} INFO - DAG(s) 'example_short_circuit_operator' retrieved from /home/airflow/.local/lib/python3.12/site-packages/airflow/example_dags/example_short_circuit_operator.py
[2025-09-29T16:25:17.521+0000] {logging_mixin.py:188} INFO - [2025-09-29T16:25:17.521+0000] {dag.py:3089} INFO - Sync 1 DAGs
[2025-09-29T16:25:17.578+0000] {logging_mixin.py:188} INFO - [2025-09-29T16:25:17.577+0000] {dag.py:3947} INFO - Setting next_dagrun for example_short_circuit_operator to 2025-09-28 00:00:00+00:00, run_after=2025-09-29 00:00:00+00:00
[2025-09-29T16:25:17.629+0000] {processor.py:183} INFO - Processing /home/airflow/.local/lib/python3.12/site-packages/airflow/example_dags/example_short_circuit_operator.py took 0.230 seconds
[2025-09-29T16:25:48.778+0000] {processor.py:161} INFO - Started process (PID=27110) to work on /home/airflow/.local/lib/python3.12/site-packages/airflow/example_dags/example_short_circuit_operator.py
[2025-09-29T16:25:48.781+0000] {processor.py:830} INFO - Processing file /home/airflow/.local/lib/python3.12/site-packages/airflow/example_dags/example_short_circuit_operator.py for tasks to queue
[2025-09-29T16:25:48.783+0000] {logging_mixin.py:188} INFO - [2025-09-29T16:25:48.782+0000] {dagbag.py:545} INFO - Filling up the DagBag from /home/airflow/.local/lib/python3.12/site-packages/airflow/example_dags/example_short_circuit_operator.py
[2025-09-29T16:25:48.801+0000] {processor.py:840} INFO - DAG(s) 'example_short_circuit_operator' retrieved from /home/airflow/.local/lib/python3.12/site-packages/airflow/example_dags/example_short_circuit_operator.py
[2025-09-29T16:25:48.866+0000] {logging_mixin.py:188} INFO - [2025-09-29T16:25:48.865+0000] {dag.py:3089} INFO - Sync 1 DAGs
[2025-09-29T16:25:48.916+0000] {logging_mixin.py:188} INFO - [2025-09-29T16:25:48.915+0000] {dag.py:3947} INFO - Setting next_dagrun for example_short_circuit_operator to 2025-09-28 00:00:00+00:00, run_after=2025-09-29 00:00:00+00:00
[2025-09-29T16:25:48.962+0000] {processor.py:183} INFO - Processing /home/airflow/.local/lib/python3.12/site-packages/airflow/example_dags/example_short_circuit_operator.py took 0.199 seconds
[2025-09-29T16:26:19.536+0000] {processor.py:161} INFO - Started process (PID=27369) to work on /home/airflow/.local/lib/python3.12/site-packages/airflow/example_dags/example_short_circuit_operator.py
[2025-09-29T16:26:19.539+0000] {processor.py:830} INFO - Processing file /home/airflow/.local/lib/python3.12/site-packages/airflow/example_dags/example_short_circuit_operator.py for tasks to queue
[2025-09-29T16:26:19.542+0000] {logging_mixin.py:188} INFO - [2025-09-29T16:26:19.541+0000] {dagbag.py:545} INFO - Filling up the DagBag from /home/airflow/.local/lib/python3.12/site-packages/airflow/example_dags/example_short_circuit_operator.py
[2025-09-29T16:26:19.617+0000] {processor.py:840} INFO - DAG(s) 'example_short_circuit_operator' retrieved from /home/airflow/.local/lib/python3.12/site-packages/airflow/example_dags/example_short_circuit_operator.py
[2025-09-29T16:26:19.705+0000] {logging_mixin.py:188} INFO - [2025-09-29T16:26:19.704+0000] {dag.py:3089} INFO - Sync 1 DAGs
[2025-09-29T16:26:19.814+0000] {logging_mixin.py:188} INFO - [2025-09-29T16:26:19.813+0000] {dag.py:3947} INFO - Setting next_dagrun for example_short_circuit_operator to 2025-09-28 00:00:00+00:00, run_after=2025-09-29 00:00:00+00:00
[2025-09-29T16:26:19.897+0000] {processor.py:183} INFO - Processing /home/airflow/.local/lib/python3.12/site-packages/airflow/example_dags/example_short_circuit_operator.py took 0.381 seconds
[2025-09-29T16:26:50.350+0000] {processor.py:161} INFO - Started process (PID=27630) to work on /home/airflow/.local/lib/python3.12/site-packages/airflow/example_dags/example_short_circuit_operator.py
[2025-09-29T16:26:50.354+0000] {processor.py:830} INFO - Processing file /home/airflow/.local/lib/python3.12/site-packages/airflow/example_dags/example_short_circuit_operator.py for tasks to queue
[2025-09-29T16:26:50.357+0000] {logging_mixin.py:188} INFO - [2025-09-29T16:26:50.355+0000] {dagbag.py:545} INFO - Filling up the DagBag from /home/airflow/.local/lib/python3.12/site-packages/airflow/example_dags/example_short_circuit_operator.py
[2025-09-29T16:26:50.385+0000] {processor.py:840} INFO - DAG(s) 'example_short_circuit_operator' retrieved from /home/airflow/.local/lib/python3.12/site-packages/airflow/example_dags/example_short_circuit_operator.py
[2025-09-29T16:26:50.471+0000] {logging_mixin.py:188} INFO - [2025-09-29T16:26:50.470+0000] {dag.py:3089} INFO - Sync 1 DAGs
[2025-09-29T16:26:50.531+0000] {logging_mixin.py:188} INFO - [2025-09-29T16:26:50.531+0000] {dag.py:3947} INFO - Setting next_dagrun for example_short_circuit_operator to 2025-09-28 00:00:00+00:00, run_after=2025-09-29 00:00:00+00:00
[2025-09-29T16:26:50.587+0000] {processor.py:183} INFO - Processing /home/airflow/.local/lib/python3.12/site-packages/airflow/example_dags/example_short_circuit_operator.py took 0.258 seconds
[2025-09-29T16:27:20.748+0000] {processor.py:161} INFO - Started process (PID=27887) to work on /home/airflow/.local/lib/python3.12/site-packages/airflow/example_dags/example_short_circuit_operator.py
[2025-09-29T16:27:20.749+0000] {processor.py:830} INFO - Processing file /home/airflow/.local/lib/python3.12/site-packages/airflow/example_dags/example_short_circuit_operator.py for tasks to queue
[2025-09-29T16:27:20.751+0000] {logging_mixin.py:188} INFO - [2025-09-29T16:27:20.750+0000] {dagbag.py:545} INFO - Filling up the DagBag from /home/airflow/.local/lib/python3.12/site-packages/airflow/example_dags/example_short_circuit_operator.py
[2025-09-29T16:27:20.769+0000] {processor.py:840} INFO - DAG(s) 'example_short_circuit_operator' retrieved from /home/airflow/.local/lib/python3.12/site-packages/airflow/example_dags/example_short_circuit_operator.py
[2025-09-29T16:27:20.836+0000] {logging_mixin.py:188} INFO - [2025-09-29T16:27:20.835+0000] {dag.py:3089} INFO - Sync 1 DAGs
[2025-09-29T16:27:20.885+0000] {logging_mixin.py:188} INFO - [2025-09-29T16:27:20.885+0000] {dag.py:3947} INFO - Setting next_dagrun for example_short_circuit_operator to 2025-09-28 00:00:00+00:00, run_after=2025-09-29 00:00:00+00:00
[2025-09-29T16:27:20.936+0000] {processor.py:183} INFO - Processing /home/airflow/.local/lib/python3.12/site-packages/airflow/example_dags/example_short_circuit_operator.py took 0.204 seconds
[2025-09-29T16:27:51.244+0000] {processor.py:161} INFO - Started process (PID=28148) to work on /home/airflow/.local/lib/python3.12/site-packages/airflow/example_dags/example_short_circuit_operator.py
[2025-09-29T16:27:51.247+0000] {processor.py:830} INFO - Processing file /home/airflow/.local/lib/python3.12/site-packages/airflow/example_dags/example_short_circuit_operator.py for tasks to queue
[2025-09-29T16:27:51.249+0000] {logging_mixin.py:188} INFO - [2025-09-29T16:27:51.248+0000] {dagbag.py:545} INFO - Filling up the DagBag from /home/airflow/.local/lib/python3.12/site-packages/airflow/example_dags/example_short_circuit_operator.py
[2025-09-29T16:27:51.269+0000] {processor.py:840} INFO - DAG(s) 'example_short_circuit_operator' retrieved from /home/airflow/.local/lib/python3.12/site-packages/airflow/example_dags/example_short_circuit_operator.py
[2025-09-29T16:27:51.333+0000] {logging_mixin.py:188} INFO - [2025-09-29T16:27:51.333+0000] {dag.py:3089} INFO - Sync 1 DAGs
[2025-09-29T16:27:51.386+0000] {logging_mixin.py:188} INFO - [2025-09-29T16:27:51.386+0000] {dag.py:3947} INFO - Setting next_dagrun for example_short_circuit_operator to 2025-09-28 00:00:00+00:00, run_after=2025-09-29 00:00:00+00:00
[2025-09-29T16:27:51.436+0000] {processor.py:183} INFO - Processing /home/airflow/.local/lib/python3.12/site-packages/airflow/example_dags/example_short_circuit_operator.py took 0.208 seconds
[2025-09-29T16:28:21.642+0000] {processor.py:161} INFO - Started process (PID=28409) to work on /home/airflow/.local/lib/python3.12/site-packages/airflow/example_dags/example_short_circuit_operator.py
[2025-09-29T16:28:21.646+0000] {processor.py:830} INFO - Processing file /home/airflow/.local/lib/python3.12/site-packages/airflow/example_dags/example_short_circuit_operator.py for tasks to queue
[2025-09-29T16:28:21.648+0000] {logging_mixin.py:188} INFO - [2025-09-29T16:28:21.647+0000] {dagbag.py:545} INFO - Filling up the DagBag from /home/airflow/.local/lib/python3.12/site-packages/airflow/example_dags/example_short_circuit_operator.py
[2025-09-29T16:28:21.667+0000] {processor.py:840} INFO - DAG(s) 'example_short_circuit_operator' retrieved from /home/airflow/.local/lib/python3.12/site-packages/airflow/example_dags/example_short_circuit_operator.py
[2025-09-29T16:28:21.731+0000] {logging_mixin.py:188} INFO - [2025-09-29T16:28:21.730+0000] {dag.py:3089} INFO - Sync 1 DAGs
[2025-09-29T16:28:21.778+0000] {logging_mixin.py:188} INFO - [2025-09-29T16:28:21.778+0000] {dag.py:3947} INFO - Setting next_dagrun for example_short_circuit_operator to 2025-09-28 00:00:00+00:00, run_after=2025-09-29 00:00:00+00:00
[2025-09-29T16:28:21.824+0000] {processor.py:183} INFO - Processing /home/airflow/.local/lib/python3.12/site-packages/airflow/example_dags/example_short_circuit_operator.py took 0.197 seconds
[2025-09-29T16:28:52.063+0000] {processor.py:161} INFO - Started process (PID=28670) to work on /home/airflow/.local/lib/python3.12/site-packages/airflow/example_dags/example_short_circuit_operator.py
[2025-09-29T16:28:52.066+0000] {processor.py:830} INFO - Processing file /home/airflow/.local/lib/python3.12/site-packages/airflow/example_dags/example_short_circuit_operator.py for tasks to queue
[2025-09-29T16:28:52.067+0000] {logging_mixin.py:188} INFO - [2025-09-29T16:28:52.067+0000] {dagbag.py:545} INFO - Filling up the DagBag from /home/airflow/.local/lib/python3.12/site-packages/airflow/example_dags/example_short_circuit_operator.py
[2025-09-29T16:28:52.085+0000] {processor.py:840} INFO - DAG(s) 'example_short_circuit_operator' retrieved from /home/airflow/.local/lib/python3.12/site-packages/airflow/example_dags/example_short_circuit_operator.py
[2025-09-29T16:28:52.147+0000] {logging_mixin.py:188} INFO - [2025-09-29T16:28:52.146+0000] {dag.py:3089} INFO - Sync 1 DAGs
[2025-09-29T16:28:52.195+0000] {logging_mixin.py:188} INFO - [2025-09-29T16:28:52.194+0000] {dag.py:3947} INFO - Setting next_dagrun for example_short_circuit_operator to 2025-09-28 00:00:00+00:00, run_after=2025-09-29 00:00:00+00:00
[2025-09-29T16:28:52.241+0000] {processor.py:183} INFO - Processing /home/airflow/.local/lib/python3.12/site-packages/airflow/example_dags/example_short_circuit_operator.py took 0.193 seconds
[2025-09-29T16:29:23.050+0000] {processor.py:161} INFO - Started process (PID=28929) to work on /home/airflow/.local/lib/python3.12/site-packages/airflow/example_dags/example_short_circuit_operator.py
[2025-09-29T16:29:23.052+0000] {processor.py:830} INFO - Processing file /home/airflow/.local/lib/python3.12/site-packages/airflow/example_dags/example_short_circuit_operator.py for tasks to queue
[2025-09-29T16:29:23.055+0000] {logging_mixin.py:188} INFO - [2025-09-29T16:29:23.054+0000] {dagbag.py:545} INFO - Filling up the DagBag from /home/airflow/.local/lib/python3.12/site-packages/airflow/example_dags/example_short_circuit_operator.py
[2025-09-29T16:29:23.079+0000] {processor.py:840} INFO - DAG(s) 'example_short_circuit_operator' retrieved from /home/airflow/.local/lib/python3.12/site-packages/airflow/example_dags/example_short_circuit_operator.py
[2025-09-29T16:29:23.168+0000] {logging_mixin.py:188} INFO - [2025-09-29T16:29:23.167+0000] {dag.py:3089} INFO - Sync 1 DAGs
[2025-09-29T16:29:23.233+0000] {logging_mixin.py:188} INFO - [2025-09-29T16:29:23.233+0000] {dag.py:3947} INFO - Setting next_dagrun for example_short_circuit_operator to 2025-09-28 00:00:00+00:00, run_after=2025-09-29 00:00:00+00:00
[2025-09-29T16:29:23.286+0000] {processor.py:183} INFO - Processing /home/airflow/.local/lib/python3.12/site-packages/airflow/example_dags/example_short_circuit_operator.py took 0.268 seconds
[2025-09-29T16:29:53.850+0000] {processor.py:161} INFO - Started process (PID=29192) to work on /home/airflow/.local/lib/python3.12/site-packages/airflow/example_dags/example_short_circuit_operator.py
[2025-09-29T16:29:53.853+0000] {processor.py:830} INFO - Processing file /home/airflow/.local/lib/python3.12/site-packages/airflow/example_dags/example_short_circuit_operator.py for tasks to queue
[2025-09-29T16:29:53.855+0000] {logging_mixin.py:188} INFO - [2025-09-29T16:29:53.854+0000] {dagbag.py:545} INFO - Filling up the DagBag from /home/airflow/.local/lib/python3.12/site-packages/airflow/example_dags/example_short_circuit_operator.py
[2025-09-29T16:29:53.873+0000] {processor.py:840} INFO - DAG(s) 'example_short_circuit_operator' retrieved from /home/airflow/.local/lib/python3.12/site-packages/airflow/example_dags/example_short_circuit_operator.py
[2025-09-29T16:29:53.943+0000] {logging_mixin.py:188} INFO - [2025-09-29T16:29:53.942+0000] {dag.py:3089} INFO - Sync 1 DAGs
[2025-09-29T16:29:53.995+0000] {logging_mixin.py:188} INFO - [2025-09-29T16:29:53.995+0000] {dag.py:3947} INFO - Setting next_dagrun for example_short_circuit_operator to 2025-09-28 00:00:00+00:00, run_after=2025-09-29 00:00:00+00:00
[2025-09-29T16:29:54.043+0000] {processor.py:183} INFO - Processing /home/airflow/.local/lib/python3.12/site-packages/airflow/example_dags/example_short_circuit_operator.py took 0.206 seconds
[2025-09-29T16:30:24.648+0000] {processor.py:161} INFO - Started process (PID=29453) to work on /home/airflow/.local/lib/python3.12/site-packages/airflow/example_dags/example_short_circuit_operator.py
[2025-09-29T16:30:24.651+0000] {processor.py:830} INFO - Processing file /home/airflow/.local/lib/python3.12/site-packages/airflow/example_dags/example_short_circuit_operator.py for tasks to queue
[2025-09-29T16:30:24.653+0000] {logging_mixin.py:188} INFO - [2025-09-29T16:30:24.652+0000] {dagbag.py:545} INFO - Filling up the DagBag from /home/airflow/.local/lib/python3.12/site-packages/airflow/example_dags/example_short_circuit_operator.py
[2025-09-29T16:30:24.674+0000] {processor.py:840} INFO - DAG(s) 'example_short_circuit_operator' retrieved from /home/airflow/.local/lib/python3.12/site-packages/airflow/example_dags/example_short_circuit_operator.py
[2025-09-29T16:30:24.738+0000] {logging_mixin.py:188} INFO - [2025-09-29T16:30:24.738+0000] {dag.py:3089} INFO - Sync 1 DAGs
[2025-09-29T16:30:24.789+0000] {logging_mixin.py:188} INFO - [2025-09-29T16:30:24.789+0000] {dag.py:3947} INFO - Setting next_dagrun for example_short_circuit_operator to 2025-09-28 00:00:00+00:00, run_after=2025-09-29 00:00:00+00:00
[2025-09-29T16:30:24.835+0000] {processor.py:183} INFO - Processing /home/airflow/.local/lib/python3.12/site-packages/airflow/example_dags/example_short_circuit_operator.py took 0.201 seconds
[2025-09-29T16:30:55.465+0000] {processor.py:161} INFO - Started process (PID=29712) to work on /home/airflow/.local/lib/python3.12/site-packages/airflow/example_dags/example_short_circuit_operator.py
[2025-09-29T16:30:55.469+0000] {processor.py:830} INFO - Processing file /home/airflow/.local/lib/python3.12/site-packages/airflow/example_dags/example_short_circuit_operator.py for tasks to queue
[2025-09-29T16:30:55.472+0000] {logging_mixin.py:188} INFO - [2025-09-29T16:30:55.471+0000] {dagbag.py:545} INFO - Filling up the DagBag from /home/airflow/.local/lib/python3.12/site-packages/airflow/example_dags/example_short_circuit_operator.py
[2025-09-29T16:30:55.505+0000] {processor.py:840} INFO - DAG(s) 'example_short_circuit_operator' retrieved from /home/airflow/.local/lib/python3.12/site-packages/airflow/example_dags/example_short_circuit_operator.py
[2025-09-29T16:30:55.582+0000] {logging_mixin.py:188} INFO - [2025-09-29T16:30:55.582+0000] {dag.py:3089} INFO - Sync 1 DAGs
[2025-09-29T16:30:55.631+0000] {logging_mixin.py:188} INFO - [2025-09-29T16:30:55.630+0000] {dag.py:3947} INFO - Setting next_dagrun for example_short_circuit_operator to 2025-09-28 00:00:00+00:00, run_after=2025-09-29 00:00:00+00:00
[2025-09-29T16:30:55.678+0000] {processor.py:183} INFO - Processing /home/airflow/.local/lib/python3.12/site-packages/airflow/example_dags/example_short_circuit_operator.py took 0.241 seconds
[2025-09-29T16:31:26.357+0000] {processor.py:161} INFO - Started process (PID=29975) to work on /home/airflow/.local/lib/python3.12/site-packages/airflow/example_dags/example_short_circuit_operator.py
[2025-09-29T16:31:26.360+0000] {processor.py:830} INFO - Processing file /home/airflow/.local/lib/python3.12/site-packages/airflow/example_dags/example_short_circuit_operator.py for tasks to queue
[2025-09-29T16:31:26.363+0000] {logging_mixin.py:188} INFO - [2025-09-29T16:31:26.362+0000] {dagbag.py:545} INFO - Filling up the DagBag from /home/airflow/.local/lib/python3.12/site-packages/airflow/example_dags/example_short_circuit_operator.py
[2025-09-29T16:31:26.381+0000] {processor.py:840} INFO - DAG(s) 'example_short_circuit_operator' retrieved from /home/airflow/.local/lib/python3.12/site-packages/airflow/example_dags/example_short_circuit_operator.py
[2025-09-29T16:31:26.440+0000] {logging_mixin.py:188} INFO - [2025-09-29T16:31:26.440+0000] {dag.py:3089} INFO - Sync 1 DAGs
[2025-09-29T16:31:26.492+0000] {logging_mixin.py:188} INFO - [2025-09-29T16:31:26.492+0000] {dag.py:3947} INFO - Setting next_dagrun for example_short_circuit_operator to 2025-09-28 00:00:00+00:00, run_after=2025-09-29 00:00:00+00:00
[2025-09-29T16:31:26.538+0000] {processor.py:183} INFO - Processing /home/airflow/.local/lib/python3.12/site-packages/airflow/example_dags/example_short_circuit_operator.py took 0.195 seconds
[2025-09-29T16:31:56.947+0000] {processor.py:161} INFO - Started process (PID=30234) to work on /home/airflow/.local/lib/python3.12/site-packages/airflow/example_dags/example_short_circuit_operator.py
[2025-09-29T16:31:56.950+0000] {processor.py:830} INFO - Processing file /home/airflow/.local/lib/python3.12/site-packages/airflow/example_dags/example_short_circuit_operator.py for tasks to queue
[2025-09-29T16:31:56.952+0000] {logging_mixin.py:188} INFO - [2025-09-29T16:31:56.951+0000] {dagbag.py:545} INFO - Filling up the DagBag from /home/airflow/.local/lib/python3.12/site-packages/airflow/example_dags/example_short_circuit_operator.py
[2025-09-29T16:31:56.972+0000] {processor.py:840} INFO - DAG(s) 'example_short_circuit_operator' retrieved from /home/airflow/.local/lib/python3.12/site-packages/airflow/example_dags/example_short_circuit_operator.py
[2025-09-29T16:31:57.039+0000] {logging_mixin.py:188} INFO - [2025-09-29T16:31:57.038+0000] {dag.py:3089} INFO - Sync 1 DAGs
[2025-09-29T16:31:57.094+0000] {logging_mixin.py:188} INFO - [2025-09-29T16:31:57.094+0000] {dag.py:3947} INFO - Setting next_dagrun for example_short_circuit_operator to 2025-09-28 00:00:00+00:00, run_after=2025-09-29 00:00:00+00:00
[2025-09-29T16:31:57.145+0000] {processor.py:183} INFO - Processing /home/airflow/.local/lib/python3.12/site-packages/airflow/example_dags/example_short_circuit_operator.py took 0.214 seconds
[2025-09-29T16:32:27.855+0000] {processor.py:161} INFO - Started process (PID=30495) to work on /home/airflow/.local/lib/python3.12/site-packages/airflow/example_dags/example_short_circuit_operator.py
[2025-09-29T16:32:27.857+0000] {processor.py:830} INFO - Processing file /home/airflow/.local/lib/python3.12/site-packages/airflow/example_dags/example_short_circuit_operator.py for tasks to queue
[2025-09-29T16:32:27.859+0000] {logging_mixin.py:188} INFO - [2025-09-29T16:32:27.859+0000] {dagbag.py:545} INFO - Filling up the DagBag from /home/airflow/.local/lib/python3.12/site-packages/airflow/example_dags/example_short_circuit_operator.py
[2025-09-29T16:32:27.880+0000] {processor.py:840} INFO - DAG(s) 'example_short_circuit_operator' retrieved from /home/airflow/.local/lib/python3.12/site-packages/airflow/example_dags/example_short_circuit_operator.py
[2025-09-29T16:32:27.968+0000] {logging_mixin.py:188} INFO - [2025-09-29T16:32:27.968+0000] {dag.py:3089} INFO - Sync 1 DAGs
[2025-09-29T16:32:28.022+0000] {logging_mixin.py:188} INFO - [2025-09-29T16:32:28.022+0000] {dag.py:3947} INFO - Setting next_dagrun for example_short_circuit_operator to 2025-09-28 00:00:00+00:00, run_after=2025-09-29 00:00:00+00:00
[2025-09-29T16:32:28.075+0000] {processor.py:183} INFO - Processing /home/airflow/.local/lib/python3.12/site-packages/airflow/example_dags/example_short_circuit_operator.py took 0.236 seconds
[2025-09-29T16:32:58.262+0000] {processor.py:161} INFO - Started process (PID=30758) to work on /home/airflow/.local/lib/python3.12/site-packages/airflow/example_dags/example_short_circuit_operator.py
[2025-09-29T16:32:58.265+0000] {processor.py:830} INFO - Processing file /home/airflow/.local/lib/python3.12/site-packages/airflow/example_dags/example_short_circuit_operator.py for tasks to queue
[2025-09-29T16:32:58.267+0000] {logging_mixin.py:188} INFO - [2025-09-29T16:32:58.266+0000] {dagbag.py:545} INFO - Filling up the DagBag from /home/airflow/.local/lib/python3.12/site-packages/airflow/example_dags/example_short_circuit_operator.py
[2025-09-29T16:32:58.286+0000] {processor.py:840} INFO - DAG(s) 'example_short_circuit_operator' retrieved from /home/airflow/.local/lib/python3.12/site-packages/airflow/example_dags/example_short_circuit_operator.py
[2025-09-29T16:32:58.348+0000] {logging_mixin.py:188} INFO - [2025-09-29T16:32:58.347+0000] {dag.py:3089} INFO - Sync 1 DAGs
[2025-09-29T16:32:58.398+0000] {logging_mixin.py:188} INFO - [2025-09-29T16:32:58.397+0000] {dag.py:3947} INFO - Setting next_dagrun for example_short_circuit_operator to 2025-09-28 00:00:00+00:00, run_after=2025-09-29 00:00:00+00:00
[2025-09-29T16:32:58.448+0000] {processor.py:183} INFO - Processing /home/airflow/.local/lib/python3.12/site-packages/airflow/example_dags/example_short_circuit_operator.py took 0.200 seconds
[2025-09-29T16:33:28.596+0000] {processor.py:161} INFO - Started process (PID=31019) to work on /home/airflow/.local/lib/python3.12/site-packages/airflow/example_dags/example_short_circuit_operator.py
[2025-09-29T16:33:28.599+0000] {processor.py:830} INFO - Processing file /home/airflow/.local/lib/python3.12/site-packages/airflow/example_dags/example_short_circuit_operator.py for tasks to queue
[2025-09-29T16:33:28.601+0000] {logging_mixin.py:188} INFO - [2025-09-29T16:33:28.600+0000] {dagbag.py:545} INFO - Filling up the DagBag from /home/airflow/.local/lib/python3.12/site-packages/airflow/example_dags/example_short_circuit_operator.py
[2025-09-29T16:33:28.620+0000] {processor.py:840} INFO - DAG(s) 'example_short_circuit_operator' retrieved from /home/airflow/.local/lib/python3.12/site-packages/airflow/example_dags/example_short_circuit_operator.py
[2025-09-29T16:33:28.682+0000] {logging_mixin.py:188} INFO - [2025-09-29T16:33:28.682+0000] {dag.py:3089} INFO - Sync 1 DAGs
[2025-09-29T16:33:28.731+0000] {logging_mixin.py:188} INFO - [2025-09-29T16:33:28.731+0000] {dag.py:3947} INFO - Setting next_dagrun for example_short_circuit_operator to 2025-09-28 00:00:00+00:00, run_after=2025-09-29 00:00:00+00:00
[2025-09-29T16:33:28.776+0000] {processor.py:183} INFO - Processing /home/airflow/.local/lib/python3.12/site-packages/airflow/example_dags/example_short_circuit_operator.py took 0.194 seconds
[2025-09-29T16:33:59.155+0000] {processor.py:161} INFO - Started process (PID=31280) to work on /home/airflow/.local/lib/python3.12/site-packages/airflow/example_dags/example_short_circuit_operator.py
[2025-09-29T16:33:59.158+0000] {processor.py:830} INFO - Processing file /home/airflow/.local/lib/python3.12/site-packages/airflow/example_dags/example_short_circuit_operator.py for tasks to queue
[2025-09-29T16:33:59.160+0000] {logging_mixin.py:188} INFO - [2025-09-29T16:33:59.159+0000] {dagbag.py:545} INFO - Filling up the DagBag from /home/airflow/.local/lib/python3.12/site-packages/airflow/example_dags/example_short_circuit_operator.py
[2025-09-29T16:33:59.180+0000] {processor.py:840} INFO - DAG(s) 'example_short_circuit_operator' retrieved from /home/airflow/.local/lib/python3.12/site-packages/airflow/example_dags/example_short_circuit_operator.py
[2025-09-29T16:33:59.244+0000] {logging_mixin.py:188} INFO - [2025-09-29T16:33:59.243+0000] {dag.py:3089} INFO - Sync 1 DAGs
[2025-09-29T16:33:59.297+0000] {logging_mixin.py:188} INFO - [2025-09-29T16:33:59.296+0000] {dag.py:3947} INFO - Setting next_dagrun for example_short_circuit_operator to 2025-09-28 00:00:00+00:00, run_after=2025-09-29 00:00:00+00:00
[2025-09-29T16:33:59.345+0000] {processor.py:183} INFO - Processing /home/airflow/.local/lib/python3.12/site-packages/airflow/example_dags/example_short_circuit_operator.py took 0.207 seconds
[2025-09-29T16:34:30.068+0000] {processor.py:161} INFO - Started process (PID=31539) to work on /home/airflow/.local/lib/python3.12/site-packages/airflow/example_dags/example_short_circuit_operator.py
[2025-09-29T16:34:30.071+0000] {processor.py:830} INFO - Processing file /home/airflow/.local/lib/python3.12/site-packages/airflow/example_dags/example_short_circuit_operator.py for tasks to queue
[2025-09-29T16:34:30.073+0000] {logging_mixin.py:188} INFO - [2025-09-29T16:34:30.072+0000] {dagbag.py:545} INFO - Filling up the DagBag from /home/airflow/.local/lib/python3.12/site-packages/airflow/example_dags/example_short_circuit_operator.py
[2025-09-29T16:34:30.093+0000] {processor.py:840} INFO - DAG(s) 'example_short_circuit_operator' retrieved from /home/airflow/.local/lib/python3.12/site-packages/airflow/example_dags/example_short_circuit_operator.py
[2025-09-29T16:34:30.160+0000] {logging_mixin.py:188} INFO - [2025-09-29T16:34:30.160+0000] {dag.py:3089} INFO - Sync 1 DAGs
[2025-09-29T16:34:30.212+0000] {logging_mixin.py:188} INFO - [2025-09-29T16:34:30.212+0000] {dag.py:3947} INFO - Setting next_dagrun for example_short_circuit_operator to 2025-09-28 00:00:00+00:00, run_after=2025-09-29 00:00:00+00:00
[2025-09-29T16:34:30.262+0000] {processor.py:183} INFO - Processing /home/airflow/.local/lib/python3.12/site-packages/airflow/example_dags/example_short_circuit_operator.py took 0.210 seconds
[2025-09-29T16:47:36.725+0000] {processor.py:161} INFO - Started process (PID=433) to work on /home/airflow/.local/lib/python3.12/site-packages/airflow/example_dags/example_short_circuit_operator.py
[2025-09-29T16:47:36.729+0000] {processor.py:830} INFO - Processing file /home/airflow/.local/lib/python3.12/site-packages/airflow/example_dags/example_short_circuit_operator.py for tasks to queue
[2025-09-29T16:47:36.733+0000] {logging_mixin.py:188} INFO - [2025-09-29T16:47:36.733+0000] {dagbag.py:545} INFO - Filling up the DagBag from /home/airflow/.local/lib/python3.12/site-packages/airflow/example_dags/example_short_circuit_operator.py
[2025-09-29T16:47:36.750+0000] {processor.py:840} INFO - DAG(s) 'example_short_circuit_operator' retrieved from /home/airflow/.local/lib/python3.12/site-packages/airflow/example_dags/example_short_circuit_operator.py
[2025-09-29T16:47:36.786+0000] {logging_mixin.py:188} INFO - [2025-09-29T16:47:36.786+0000] {dag.py:3089} INFO - Sync 1 DAGs
[2025-09-29T16:47:36.835+0000] {logging_mixin.py:188} INFO - [2025-09-29T16:47:36.835+0000] {dag.py:3947} INFO - Setting next_dagrun for example_short_circuit_operator to 2025-09-28 00:00:00+00:00, run_after=2025-09-29 00:00:00+00:00
[2025-09-29T16:47:36.880+0000] {processor.py:183} INFO - Processing /home/airflow/.local/lib/python3.12/site-packages/airflow/example_dags/example_short_circuit_operator.py took 0.171 seconds
[2025-09-29T16:48:19.612+0000] {processor.py:161} INFO - Started process (PID=696) to work on /home/airflow/.local/lib/python3.12/site-packages/airflow/example_dags/example_short_circuit_operator.py
[2025-09-29T16:48:19.629+0000] {processor.py:830} INFO - Processing file /home/airflow/.local/lib/python3.12/site-packages/airflow/example_dags/example_short_circuit_operator.py for tasks to queue
[2025-09-29T16:48:19.644+0000] {logging_mixin.py:188} INFO - [2025-09-29T16:48:19.642+0000] {dagbag.py:545} INFO - Filling up the DagBag from /home/airflow/.local/lib/python3.12/site-packages/airflow/example_dags/example_short_circuit_operator.py
[2025-09-29T16:48:19.700+0000] {processor.py:840} INFO - DAG(s) 'example_short_circuit_operator' retrieved from /home/airflow/.local/lib/python3.12/site-packages/airflow/example_dags/example_short_circuit_operator.py
[2025-09-29T16:48:20.298+0000] {logging_mixin.py:188} INFO - [2025-09-29T16:48:20.297+0000] {dag.py:3089} INFO - Sync 1 DAGs
[2025-09-29T16:48:20.354+0000] {logging_mixin.py:188} INFO - [2025-09-29T16:48:20.353+0000] {dag.py:3947} INFO - Setting next_dagrun for example_short_circuit_operator to 2025-09-28 00:00:00+00:00, run_after=2025-09-29 00:00:00+00:00
[2025-09-29T16:48:20.418+0000] {processor.py:183} INFO - Processing /home/airflow/.local/lib/python3.12/site-packages/airflow/example_dags/example_short_circuit_operator.py took 0.848 seconds
[2025-09-29T16:48:50.916+0000] {processor.py:161} INFO - Started process (PID=968) to work on /home/airflow/.local/lib/python3.12/site-packages/airflow/example_dags/example_short_circuit_operator.py
[2025-09-29T16:48:50.919+0000] {processor.py:830} INFO - Processing file /home/airflow/.local/lib/python3.12/site-packages/airflow/example_dags/example_short_circuit_operator.py for tasks to queue
[2025-09-29T16:48:50.923+0000] {logging_mixin.py:188} INFO - [2025-09-29T16:48:50.922+0000] {dagbag.py:545} INFO - Filling up the DagBag from /home/airflow/.local/lib/python3.12/site-packages/airflow/example_dags/example_short_circuit_operator.py
[2025-09-29T16:48:50.942+0000] {processor.py:840} INFO - DAG(s) 'example_short_circuit_operator' retrieved from /home/airflow/.local/lib/python3.12/site-packages/airflow/example_dags/example_short_circuit_operator.py
[2025-09-29T16:48:51.015+0000] {logging_mixin.py:188} INFO - [2025-09-29T16:48:51.014+0000] {dag.py:3089} INFO - Sync 1 DAGs
[2025-09-29T16:48:51.077+0000] {logging_mixin.py:188} INFO - [2025-09-29T16:48:51.076+0000] {dag.py:3947} INFO - Setting next_dagrun for example_short_circuit_operator to 2025-09-28 00:00:00+00:00, run_after=2025-09-29 00:00:00+00:00
[2025-09-29T16:48:51.128+0000] {processor.py:183} INFO - Processing /home/airflow/.local/lib/python3.12/site-packages/airflow/example_dags/example_short_circuit_operator.py took 0.230 seconds
[2025-09-29T16:55:39.963+0000] {processor.py:161} INFO - Started process (PID=451) to work on /home/airflow/.local/lib/python3.12/site-packages/airflow/example_dags/example_short_circuit_operator.py
[2025-09-29T16:55:39.966+0000] {processor.py:830} INFO - Processing file /home/airflow/.local/lib/python3.12/site-packages/airflow/example_dags/example_short_circuit_operator.py for tasks to queue
[2025-09-29T16:55:39.970+0000] {logging_mixin.py:188} INFO - [2025-09-29T16:55:39.969+0000] {dagbag.py:545} INFO - Filling up the DagBag from /home/airflow/.local/lib/python3.12/site-packages/airflow/example_dags/example_short_circuit_operator.py
[2025-09-29T16:55:39.987+0000] {processor.py:840} INFO - DAG(s) 'example_short_circuit_operator' retrieved from /home/airflow/.local/lib/python3.12/site-packages/airflow/example_dags/example_short_circuit_operator.py
[2025-09-29T16:55:40.024+0000] {logging_mixin.py:188} INFO - [2025-09-29T16:55:40.023+0000] {dag.py:3089} INFO - Sync 1 DAGs
[2025-09-29T16:55:40.074+0000] {logging_mixin.py:188} INFO - [2025-09-29T16:55:40.074+0000] {dag.py:3947} INFO - Setting next_dagrun for example_short_circuit_operator to 2025-09-28 00:00:00+00:00, run_after=2025-09-29 00:00:00+00:00
[2025-09-29T16:55:40.123+0000] {processor.py:183} INFO - Processing /home/airflow/.local/lib/python3.12/site-packages/airflow/example_dags/example_short_circuit_operator.py took 0.174 seconds
[2025-09-29T16:56:23.533+0000] {processor.py:161} INFO - Started process (PID=724) to work on /home/airflow/.local/lib/python3.12/site-packages/airflow/example_dags/example_short_circuit_operator.py
[2025-09-29T16:56:23.536+0000] {processor.py:830} INFO - Processing file /home/airflow/.local/lib/python3.12/site-packages/airflow/example_dags/example_short_circuit_operator.py for tasks to queue
[2025-09-29T16:56:23.542+0000] {logging_mixin.py:188} INFO - [2025-09-29T16:56:23.541+0000] {dagbag.py:545} INFO - Filling up the DagBag from /home/airflow/.local/lib/python3.12/site-packages/airflow/example_dags/example_short_circuit_operator.py
[2025-09-29T16:56:23.561+0000] {processor.py:840} INFO - DAG(s) 'example_short_circuit_operator' retrieved from /home/airflow/.local/lib/python3.12/site-packages/airflow/example_dags/example_short_circuit_operator.py
[2025-09-29T16:56:23.930+0000] {logging_mixin.py:188} INFO - [2025-09-29T16:56:23.930+0000] {dag.py:3089} INFO - Sync 1 DAGs
[2025-09-29T16:56:23.979+0000] {logging_mixin.py:188} INFO - [2025-09-29T16:56:23.979+0000] {dag.py:3947} INFO - Setting next_dagrun for example_short_circuit_operator to 2025-09-28 00:00:00+00:00, run_after=2025-09-29 00:00:00+00:00
[2025-09-29T16:56:24.050+0000] {processor.py:183} INFO - Processing /home/airflow/.local/lib/python3.12/site-packages/airflow/example_dags/example_short_circuit_operator.py took 0.537 seconds
[2025-09-29T16:56:54.939+0000] {processor.py:161} INFO - Started process (PID=990) to work on /home/airflow/.local/lib/python3.12/site-packages/airflow/example_dags/example_short_circuit_operator.py
[2025-09-29T16:56:54.942+0000] {processor.py:830} INFO - Processing file /home/airflow/.local/lib/python3.12/site-packages/airflow/example_dags/example_short_circuit_operator.py for tasks to queue
[2025-09-29T16:56:54.948+0000] {logging_mixin.py:188} INFO - [2025-09-29T16:56:54.947+0000] {dagbag.py:545} INFO - Filling up the DagBag from /home/airflow/.local/lib/python3.12/site-packages/airflow/example_dags/example_short_circuit_operator.py
[2025-09-29T16:56:54.967+0000] {processor.py:840} INFO - DAG(s) 'example_short_circuit_operator' retrieved from /home/airflow/.local/lib/python3.12/site-packages/airflow/example_dags/example_short_circuit_operator.py
[2025-09-29T16:56:55.040+0000] {logging_mixin.py:188} INFO - [2025-09-29T16:56:55.039+0000] {dag.py:3089} INFO - Sync 1 DAGs
[2025-09-29T16:56:55.096+0000] {logging_mixin.py:188} INFO - [2025-09-29T16:56:55.096+0000] {dag.py:3947} INFO - Setting next_dagrun for example_short_circuit_operator to 2025-09-28 00:00:00+00:00, run_after=2025-09-29 00:00:00+00:00
[2025-09-29T16:56:55.143+0000] {processor.py:183} INFO - Processing /home/airflow/.local/lib/python3.12/site-packages/airflow/example_dags/example_short_circuit_operator.py took 0.221 seconds
[2025-09-29T16:57:25.992+0000] {processor.py:161} INFO - Started process (PID=1259) to work on /home/airflow/.local/lib/python3.12/site-packages/airflow/example_dags/example_short_circuit_operator.py
[2025-09-29T16:57:25.996+0000] {processor.py:830} INFO - Processing file /home/airflow/.local/lib/python3.12/site-packages/airflow/example_dags/example_short_circuit_operator.py for tasks to queue
[2025-09-29T16:57:26.002+0000] {logging_mixin.py:188} INFO - [2025-09-29T16:57:26.001+0000] {dagbag.py:545} INFO - Filling up the DagBag from /home/airflow/.local/lib/python3.12/site-packages/airflow/example_dags/example_short_circuit_operator.py
[2025-09-29T16:57:26.030+0000] {processor.py:840} INFO - DAG(s) 'example_short_circuit_operator' retrieved from /home/airflow/.local/lib/python3.12/site-packages/airflow/example_dags/example_short_circuit_operator.py
[2025-09-29T16:57:26.120+0000] {logging_mixin.py:188} INFO - [2025-09-29T16:57:26.120+0000] {dag.py:3089} INFO - Sync 1 DAGs
[2025-09-29T16:57:26.183+0000] {logging_mixin.py:188} INFO - [2025-09-29T16:57:26.183+0000] {dag.py:3947} INFO - Setting next_dagrun for example_short_circuit_operator to 2025-09-28 00:00:00+00:00, run_after=2025-09-29 00:00:00+00:00
[2025-09-29T16:57:26.239+0000] {processor.py:183} INFO - Processing /home/airflow/.local/lib/python3.12/site-packages/airflow/example_dags/example_short_circuit_operator.py took 0.264 seconds
[2025-09-29T16:57:57.131+0000] {processor.py:161} INFO - Started process (PID=1521) to work on /home/airflow/.local/lib/python3.12/site-packages/airflow/example_dags/example_short_circuit_operator.py
[2025-09-29T16:57:57.134+0000] {processor.py:830} INFO - Processing file /home/airflow/.local/lib/python3.12/site-packages/airflow/example_dags/example_short_circuit_operator.py for tasks to queue
[2025-09-29T16:57:57.138+0000] {logging_mixin.py:188} INFO - [2025-09-29T16:57:57.138+0000] {dagbag.py:545} INFO - Filling up the DagBag from /home/airflow/.local/lib/python3.12/site-packages/airflow/example_dags/example_short_circuit_operator.py
[2025-09-29T16:57:57.156+0000] {processor.py:840} INFO - DAG(s) 'example_short_circuit_operator' retrieved from /home/airflow/.local/lib/python3.12/site-packages/airflow/example_dags/example_short_circuit_operator.py
[2025-09-29T16:57:57.227+0000] {logging_mixin.py:188} INFO - [2025-09-29T16:57:57.226+0000] {dag.py:3089} INFO - Sync 1 DAGs
[2025-09-29T16:57:57.296+0000] {logging_mixin.py:188} INFO - [2025-09-29T16:57:57.296+0000] {dag.py:3947} INFO - Setting next_dagrun for example_short_circuit_operator to 2025-09-28 00:00:00+00:00, run_after=2025-09-29 00:00:00+00:00
[2025-09-29T16:57:57.358+0000] {processor.py:183} INFO - Processing /home/airflow/.local/lib/python3.12/site-packages/airflow/example_dags/example_short_circuit_operator.py took 0.243 seconds
[2025-09-29T16:58:27.793+0000] {processor.py:161} INFO - Started process (PID=1783) to work on /home/airflow/.local/lib/python3.12/site-packages/airflow/example_dags/example_short_circuit_operator.py
[2025-09-29T16:58:27.830+0000] {processor.py:830} INFO - Processing file /home/airflow/.local/lib/python3.12/site-packages/airflow/example_dags/example_short_circuit_operator.py for tasks to queue
[2025-09-29T16:58:27.834+0000] {logging_mixin.py:188} INFO - [2025-09-29T16:58:27.833+0000] {dagbag.py:545} INFO - Filling up the DagBag from /home/airflow/.local/lib/python3.12/site-packages/airflow/example_dags/example_short_circuit_operator.py
[2025-09-29T16:58:27.852+0000] {processor.py:840} INFO - DAG(s) 'example_short_circuit_operator' retrieved from /home/airflow/.local/lib/python3.12/site-packages/airflow/example_dags/example_short_circuit_operator.py
[2025-09-29T16:58:27.929+0000] {logging_mixin.py:188} INFO - [2025-09-29T16:58:27.928+0000] {dag.py:3089} INFO - Sync 1 DAGs
[2025-09-29T16:58:27.985+0000] {logging_mixin.py:188} INFO - [2025-09-29T16:58:27.985+0000] {dag.py:3947} INFO - Setting next_dagrun for example_short_circuit_operator to 2025-09-28 00:00:00+00:00, run_after=2025-09-29 00:00:00+00:00
[2025-09-29T16:58:28.175+0000] {processor.py:183} INFO - Processing /home/airflow/.local/lib/python3.12/site-packages/airflow/example_dags/example_short_circuit_operator.py took 0.399 seconds
[2025-09-29T16:58:58.835+0000] {processor.py:161} INFO - Started process (PID=2045) to work on /home/airflow/.local/lib/python3.12/site-packages/airflow/example_dags/example_short_circuit_operator.py
[2025-09-29T16:58:58.837+0000] {processor.py:830} INFO - Processing file /home/airflow/.local/lib/python3.12/site-packages/airflow/example_dags/example_short_circuit_operator.py for tasks to queue
[2025-09-29T16:58:58.841+0000] {logging_mixin.py:188} INFO - [2025-09-29T16:58:58.841+0000] {dagbag.py:545} INFO - Filling up the DagBag from /home/airflow/.local/lib/python3.12/site-packages/airflow/example_dags/example_short_circuit_operator.py
[2025-09-29T16:58:58.858+0000] {processor.py:840} INFO - DAG(s) 'example_short_circuit_operator' retrieved from /home/airflow/.local/lib/python3.12/site-packages/airflow/example_dags/example_short_circuit_operator.py
[2025-09-29T16:58:58.923+0000] {logging_mixin.py:188} INFO - [2025-09-29T16:58:58.923+0000] {dag.py:3089} INFO - Sync 1 DAGs
[2025-09-29T16:58:58.975+0000] {logging_mixin.py:188} INFO - [2025-09-29T16:58:58.974+0000] {dag.py:3947} INFO - Setting next_dagrun for example_short_circuit_operator to 2025-09-28 00:00:00+00:00, run_after=2025-09-29 00:00:00+00:00
[2025-09-29T16:58:59.021+0000] {processor.py:183} INFO - Processing /home/airflow/.local/lib/python3.12/site-packages/airflow/example_dags/example_short_circuit_operator.py took 0.200 seconds
[2025-09-29T16:59:30.009+0000] {processor.py:161} INFO - Started process (PID=2307) to work on /home/airflow/.local/lib/python3.12/site-packages/airflow/example_dags/example_short_circuit_operator.py
[2025-09-29T16:59:30.012+0000] {processor.py:830} INFO - Processing file /home/airflow/.local/lib/python3.12/site-packages/airflow/example_dags/example_short_circuit_operator.py for tasks to queue
[2025-09-29T16:59:30.017+0000] {logging_mixin.py:188} INFO - [2025-09-29T16:59:30.016+0000] {dagbag.py:545} INFO - Filling up the DagBag from /home/airflow/.local/lib/python3.12/site-packages/airflow/example_dags/example_short_circuit_operator.py
[2025-09-29T16:59:30.034+0000] {processor.py:840} INFO - DAG(s) 'example_short_circuit_operator' retrieved from /home/airflow/.local/lib/python3.12/site-packages/airflow/example_dags/example_short_circuit_operator.py
[2025-09-29T16:59:30.099+0000] {logging_mixin.py:188} INFO - [2025-09-29T16:59:30.098+0000] {dag.py:3089} INFO - Sync 1 DAGs
[2025-09-29T16:59:30.155+0000] {logging_mixin.py:188} INFO - [2025-09-29T16:59:30.154+0000] {dag.py:3947} INFO - Setting next_dagrun for example_short_circuit_operator to 2025-09-28 00:00:00+00:00, run_after=2025-09-29 00:00:00+00:00
[2025-09-29T16:59:30.203+0000] {processor.py:183} INFO - Processing /home/airflow/.local/lib/python3.12/site-packages/airflow/example_dags/example_short_circuit_operator.py took 0.208 seconds
[2025-09-29T17:00:01.116+0000] {processor.py:161} INFO - Started process (PID=2569) to work on /home/airflow/.local/lib/python3.12/site-packages/airflow/example_dags/example_short_circuit_operator.py
[2025-09-29T17:00:01.119+0000] {processor.py:830} INFO - Processing file /home/airflow/.local/lib/python3.12/site-packages/airflow/example_dags/example_short_circuit_operator.py for tasks to queue
[2025-09-29T17:00:01.123+0000] {logging_mixin.py:188} INFO - [2025-09-29T17:00:01.122+0000] {dagbag.py:545} INFO - Filling up the DagBag from /home/airflow/.local/lib/python3.12/site-packages/airflow/example_dags/example_short_circuit_operator.py
[2025-09-29T17:00:01.140+0000] {processor.py:840} INFO - DAG(s) 'example_short_circuit_operator' retrieved from /home/airflow/.local/lib/python3.12/site-packages/airflow/example_dags/example_short_circuit_operator.py
[2025-09-29T17:00:01.206+0000] {logging_mixin.py:188} INFO - [2025-09-29T17:00:01.206+0000] {dag.py:3089} INFO - Sync 1 DAGs
[2025-09-29T17:00:01.262+0000] {logging_mixin.py:188} INFO - [2025-09-29T17:00:01.261+0000] {dag.py:3947} INFO - Setting next_dagrun for example_short_circuit_operator to 2025-09-28 00:00:00+00:00, run_after=2025-09-29 00:00:00+00:00
[2025-09-29T17:00:01.310+0000] {processor.py:183} INFO - Processing /home/airflow/.local/lib/python3.12/site-packages/airflow/example_dags/example_short_circuit_operator.py took 0.210 seconds
[2025-09-29T17:00:32.108+0000] {processor.py:161} INFO - Started process (PID=2828) to work on /home/airflow/.local/lib/python3.12/site-packages/airflow/example_dags/example_short_circuit_operator.py
[2025-09-29T17:00:32.111+0000] {processor.py:830} INFO - Processing file /home/airflow/.local/lib/python3.12/site-packages/airflow/example_dags/example_short_circuit_operator.py for tasks to queue
[2025-09-29T17:00:32.116+0000] {logging_mixin.py:188} INFO - [2025-09-29T17:00:32.115+0000] {dagbag.py:545} INFO - Filling up the DagBag from /home/airflow/.local/lib/python3.12/site-packages/airflow/example_dags/example_short_circuit_operator.py
[2025-09-29T17:00:32.134+0000] {processor.py:840} INFO - DAG(s) 'example_short_circuit_operator' retrieved from /home/airflow/.local/lib/python3.12/site-packages/airflow/example_dags/example_short_circuit_operator.py
[2025-09-29T17:00:32.196+0000] {logging_mixin.py:188} INFO - [2025-09-29T17:00:32.196+0000] {dag.py:3089} INFO - Sync 1 DAGs
[2025-09-29T17:00:32.248+0000] {logging_mixin.py:188} INFO - [2025-09-29T17:00:32.247+0000] {dag.py:3947} INFO - Setting next_dagrun for example_short_circuit_operator to 2025-09-28 00:00:00+00:00, run_after=2025-09-29 00:00:00+00:00
[2025-09-29T17:00:32.295+0000] {processor.py:183} INFO - Processing /home/airflow/.local/lib/python3.12/site-packages/airflow/example_dags/example_short_circuit_operator.py took 0.201 seconds
[2025-09-29T17:01:03.375+0000] {processor.py:161} INFO - Started process (PID=3088) to work on /home/airflow/.local/lib/python3.12/site-packages/airflow/example_dags/example_short_circuit_operator.py
[2025-09-29T17:01:03.378+0000] {processor.py:830} INFO - Processing file /home/airflow/.local/lib/python3.12/site-packages/airflow/example_dags/example_short_circuit_operator.py for tasks to queue
[2025-09-29T17:01:03.383+0000] {logging_mixin.py:188} INFO - [2025-09-29T17:01:03.382+0000] {dagbag.py:545} INFO - Filling up the DagBag from /home/airflow/.local/lib/python3.12/site-packages/airflow/example_dags/example_short_circuit_operator.py
[2025-09-29T17:01:03.400+0000] {processor.py:840} INFO - DAG(s) 'example_short_circuit_operator' retrieved from /home/airflow/.local/lib/python3.12/site-packages/airflow/example_dags/example_short_circuit_operator.py
[2025-09-29T17:01:03.460+0000] {logging_mixin.py:188} INFO - [2025-09-29T17:01:03.460+0000] {dag.py:3089} INFO - Sync 1 DAGs
[2025-09-29T17:01:03.512+0000] {logging_mixin.py:188} INFO - [2025-09-29T17:01:03.511+0000] {dag.py:3947} INFO - Setting next_dagrun for example_short_circuit_operator to 2025-09-28 00:00:00+00:00, run_after=2025-09-29 00:00:00+00:00
[2025-09-29T17:01:03.556+0000] {processor.py:183} INFO - Processing /home/airflow/.local/lib/python3.12/site-packages/airflow/example_dags/example_short_circuit_operator.py took 0.195 seconds
[2025-09-29T17:01:34.317+0000] {processor.py:161} INFO - Started process (PID=3350) to work on /home/airflow/.local/lib/python3.12/site-packages/airflow/example_dags/example_short_circuit_operator.py
[2025-09-29T17:01:34.320+0000] {processor.py:830} INFO - Processing file /home/airflow/.local/lib/python3.12/site-packages/airflow/example_dags/example_short_circuit_operator.py for tasks to queue
[2025-09-29T17:01:34.325+0000] {logging_mixin.py:188} INFO - [2025-09-29T17:01:34.324+0000] {dagbag.py:545} INFO - Filling up the DagBag from /home/airflow/.local/lib/python3.12/site-packages/airflow/example_dags/example_short_circuit_operator.py
[2025-09-29T17:01:34.354+0000] {processor.py:840} INFO - DAG(s) 'example_short_circuit_operator' retrieved from /home/airflow/.local/lib/python3.12/site-packages/airflow/example_dags/example_short_circuit_operator.py
[2025-09-29T17:01:34.423+0000] {logging_mixin.py:188} INFO - [2025-09-29T17:01:34.423+0000] {dag.py:3089} INFO - Sync 1 DAGs
[2025-09-29T17:01:34.482+0000] {logging_mixin.py:188} INFO - [2025-09-29T17:01:34.481+0000] {dag.py:3947} INFO - Setting next_dagrun for example_short_circuit_operator to 2025-09-28 00:00:00+00:00, run_after=2025-09-29 00:00:00+00:00
[2025-09-29T17:01:34.531+0000] {processor.py:183} INFO - Processing /home/airflow/.local/lib/python3.12/site-packages/airflow/example_dags/example_short_circuit_operator.py took 0.231 seconds
[2025-09-29T17:02:04.767+0000] {processor.py:161} INFO - Started process (PID=3611) to work on /home/airflow/.local/lib/python3.12/site-packages/airflow/example_dags/example_short_circuit_operator.py
[2025-09-29T17:02:04.770+0000] {processor.py:830} INFO - Processing file /home/airflow/.local/lib/python3.12/site-packages/airflow/example_dags/example_short_circuit_operator.py for tasks to queue
[2025-09-29T17:02:04.775+0000] {logging_mixin.py:188} INFO - [2025-09-29T17:02:04.774+0000] {dagbag.py:545} INFO - Filling up the DagBag from /home/airflow/.local/lib/python3.12/site-packages/airflow/example_dags/example_short_circuit_operator.py
[2025-09-29T17:02:04.792+0000] {processor.py:840} INFO - DAG(s) 'example_short_circuit_operator' retrieved from /home/airflow/.local/lib/python3.12/site-packages/airflow/example_dags/example_short_circuit_operator.py
[2025-09-29T17:02:04.857+0000] {logging_mixin.py:188} INFO - [2025-09-29T17:02:04.857+0000] {dag.py:3089} INFO - Sync 1 DAGs
[2025-09-29T17:02:04.906+0000] {logging_mixin.py:188} INFO - [2025-09-29T17:02:04.906+0000] {dag.py:3947} INFO - Setting next_dagrun for example_short_circuit_operator to 2025-09-28 00:00:00+00:00, run_after=2025-09-29 00:00:00+00:00
[2025-09-29T17:02:04.955+0000] {processor.py:183} INFO - Processing /home/airflow/.local/lib/python3.12/site-packages/airflow/example_dags/example_short_circuit_operator.py took 0.204 seconds
[2025-09-29T17:02:36.263+0000] {processor.py:161} INFO - Started process (PID=3870) to work on /home/airflow/.local/lib/python3.12/site-packages/airflow/example_dags/example_short_circuit_operator.py
[2025-09-29T17:02:36.265+0000] {processor.py:830} INFO - Processing file /home/airflow/.local/lib/python3.12/site-packages/airflow/example_dags/example_short_circuit_operator.py for tasks to queue
[2025-09-29T17:02:36.270+0000] {logging_mixin.py:188} INFO - [2025-09-29T17:02:36.269+0000] {dagbag.py:545} INFO - Filling up the DagBag from /home/airflow/.local/lib/python3.12/site-packages/airflow/example_dags/example_short_circuit_operator.py
[2025-09-29T17:02:36.298+0000] {processor.py:840} INFO - DAG(s) 'example_short_circuit_operator' retrieved from /home/airflow/.local/lib/python3.12/site-packages/airflow/example_dags/example_short_circuit_operator.py
[2025-09-29T17:02:36.379+0000] {logging_mixin.py:188} INFO - [2025-09-29T17:02:36.378+0000] {dag.py:3089} INFO - Sync 1 DAGs
[2025-09-29T17:02:36.453+0000] {logging_mixin.py:188} INFO - [2025-09-29T17:02:36.452+0000] {dag.py:3947} INFO - Setting next_dagrun for example_short_circuit_operator to 2025-09-28 00:00:00+00:00, run_after=2025-09-29 00:00:00+00:00
[2025-09-29T17:02:36.526+0000] {processor.py:183} INFO - Processing /home/airflow/.local/lib/python3.12/site-packages/airflow/example_dags/example_short_circuit_operator.py took 0.278 seconds
[2025-09-29T17:03:07.221+0000] {processor.py:161} INFO - Started process (PID=4130) to work on /home/airflow/.local/lib/python3.12/site-packages/airflow/example_dags/example_short_circuit_operator.py
[2025-09-29T17:03:07.224+0000] {processor.py:830} INFO - Processing file /home/airflow/.local/lib/python3.12/site-packages/airflow/example_dags/example_short_circuit_operator.py for tasks to queue
[2025-09-29T17:03:07.230+0000] {logging_mixin.py:188} INFO - [2025-09-29T17:03:07.229+0000] {dagbag.py:545} INFO - Filling up the DagBag from /home/airflow/.local/lib/python3.12/site-packages/airflow/example_dags/example_short_circuit_operator.py
[2025-09-29T17:03:07.248+0000] {processor.py:840} INFO - DAG(s) 'example_short_circuit_operator' retrieved from /home/airflow/.local/lib/python3.12/site-packages/airflow/example_dags/example_short_circuit_operator.py
[2025-09-29T17:03:07.315+0000] {logging_mixin.py:188} INFO - [2025-09-29T17:03:07.314+0000] {dag.py:3089} INFO - Sync 1 DAGs
[2025-09-29T17:03:07.372+0000] {logging_mixin.py:188} INFO - [2025-09-29T17:03:07.371+0000] {dag.py:3947} INFO - Setting next_dagrun for example_short_circuit_operator to 2025-09-28 00:00:00+00:00, run_after=2025-09-29 00:00:00+00:00
[2025-09-29T17:03:07.421+0000] {processor.py:183} INFO - Processing /home/airflow/.local/lib/python3.12/site-packages/airflow/example_dags/example_short_circuit_operator.py took 0.218 seconds
[2025-09-29T17:03:37.898+0000] {processor.py:161} INFO - Started process (PID=4402) to work on /home/airflow/.local/lib/python3.12/site-packages/airflow/example_dags/example_short_circuit_operator.py
[2025-09-29T17:03:37.901+0000] {processor.py:830} INFO - Processing file /home/airflow/.local/lib/python3.12/site-packages/airflow/example_dags/example_short_circuit_operator.py for tasks to queue
[2025-09-29T17:03:37.906+0000] {logging_mixin.py:188} INFO - [2025-09-29T17:03:37.905+0000] {dagbag.py:545} INFO - Filling up the DagBag from /home/airflow/.local/lib/python3.12/site-packages/airflow/example_dags/example_short_circuit_operator.py
[2025-09-29T17:03:37.924+0000] {processor.py:840} INFO - DAG(s) 'example_short_circuit_operator' retrieved from /home/airflow/.local/lib/python3.12/site-packages/airflow/example_dags/example_short_circuit_operator.py
[2025-09-29T17:03:37.995+0000] {logging_mixin.py:188} INFO - [2025-09-29T17:03:37.995+0000] {dag.py:3089} INFO - Sync 1 DAGs
[2025-09-29T17:03:38.051+0000] {logging_mixin.py:188} INFO - [2025-09-29T17:03:38.051+0000] {dag.py:3947} INFO - Setting next_dagrun for example_short_circuit_operator to 2025-09-28 00:00:00+00:00, run_after=2025-09-29 00:00:00+00:00
[2025-09-29T17:03:38.103+0000] {processor.py:183} INFO - Processing /home/airflow/.local/lib/python3.12/site-packages/airflow/example_dags/example_short_circuit_operator.py took 0.219 seconds
[2025-09-29T17:04:08.440+0000] {processor.py:161} INFO - Started process (PID=4664) to work on /home/airflow/.local/lib/python3.12/site-packages/airflow/example_dags/example_short_circuit_operator.py
[2025-09-29T17:04:08.443+0000] {processor.py:830} INFO - Processing file /home/airflow/.local/lib/python3.12/site-packages/airflow/example_dags/example_short_circuit_operator.py for tasks to queue
[2025-09-29T17:04:08.448+0000] {logging_mixin.py:188} INFO - [2025-09-29T17:04:08.447+0000] {dagbag.py:545} INFO - Filling up the DagBag from /home/airflow/.local/lib/python3.12/site-packages/airflow/example_dags/example_short_circuit_operator.py
[2025-09-29T17:04:08.466+0000] {processor.py:840} INFO - DAG(s) 'example_short_circuit_operator' retrieved from /home/airflow/.local/lib/python3.12/site-packages/airflow/example_dags/example_short_circuit_operator.py
[2025-09-29T17:04:08.533+0000] {logging_mixin.py:188} INFO - [2025-09-29T17:04:08.533+0000] {dag.py:3089} INFO - Sync 1 DAGs
[2025-09-29T17:04:08.587+0000] {logging_mixin.py:188} INFO - [2025-09-29T17:04:08.587+0000] {dag.py:3947} INFO - Setting next_dagrun for example_short_circuit_operator to 2025-09-28 00:00:00+00:00, run_after=2025-09-29 00:00:00+00:00
[2025-09-29T17:04:08.636+0000] {processor.py:183} INFO - Processing /home/airflow/.local/lib/python3.12/site-packages/airflow/example_dags/example_short_circuit_operator.py took 0.211 seconds
[2025-09-29T17:04:39.094+0000] {processor.py:161} INFO - Started process (PID=4926) to work on /home/airflow/.local/lib/python3.12/site-packages/airflow/example_dags/example_short_circuit_operator.py
[2025-09-29T17:04:39.097+0000] {processor.py:830} INFO - Processing file /home/airflow/.local/lib/python3.12/site-packages/airflow/example_dags/example_short_circuit_operator.py for tasks to queue
[2025-09-29T17:04:39.103+0000] {logging_mixin.py:188} INFO - [2025-09-29T17:04:39.102+0000] {dagbag.py:545} INFO - Filling up the DagBag from /home/airflow/.local/lib/python3.12/site-packages/airflow/example_dags/example_short_circuit_operator.py
[2025-09-29T17:04:39.126+0000] {processor.py:840} INFO - DAG(s) 'example_short_circuit_operator' retrieved from /home/airflow/.local/lib/python3.12/site-packages/airflow/example_dags/example_short_circuit_operator.py
[2025-09-29T17:04:39.223+0000] {logging_mixin.py:188} INFO - [2025-09-29T17:04:39.214+0000] {dag.py:3089} INFO - Sync 1 DAGs
[2025-09-29T17:04:39.309+0000] {logging_mixin.py:188} INFO - [2025-09-29T17:04:39.308+0000] {dag.py:3947} INFO - Setting next_dagrun for example_short_circuit_operator to 2025-09-28 00:00:00+00:00, run_after=2025-09-29 00:00:00+00:00
[2025-09-29T17:04:39.375+0000] {processor.py:183} INFO - Processing /home/airflow/.local/lib/python3.12/site-packages/airflow/example_dags/example_short_circuit_operator.py took 0.311 seconds
[2025-09-29T17:05:09.861+0000] {processor.py:161} INFO - Started process (PID=5194) to work on /home/airflow/.local/lib/python3.12/site-packages/airflow/example_dags/example_short_circuit_operator.py
[2025-09-29T17:05:09.864+0000] {processor.py:830} INFO - Processing file /home/airflow/.local/lib/python3.12/site-packages/airflow/example_dags/example_short_circuit_operator.py for tasks to queue
[2025-09-29T17:05:09.869+0000] {logging_mixin.py:188} INFO - [2025-09-29T17:05:09.868+0000] {dagbag.py:545} INFO - Filling up the DagBag from /home/airflow/.local/lib/python3.12/site-packages/airflow/example_dags/example_short_circuit_operator.py
[2025-09-29T17:05:09.887+0000] {processor.py:840} INFO - DAG(s) 'example_short_circuit_operator' retrieved from /home/airflow/.local/lib/python3.12/site-packages/airflow/example_dags/example_short_circuit_operator.py
[2025-09-29T17:05:09.953+0000] {logging_mixin.py:188} INFO - [2025-09-29T17:05:09.952+0000] {dag.py:3089} INFO - Sync 1 DAGs
[2025-09-29T17:05:10.029+0000] {logging_mixin.py:188} INFO - [2025-09-29T17:05:10.028+0000] {dag.py:3947} INFO - Setting next_dagrun for example_short_circuit_operator to 2025-09-28 00:00:00+00:00, run_after=2025-09-29 00:00:00+00:00
[2025-09-29T17:05:10.086+0000] {processor.py:183} INFO - Processing /home/airflow/.local/lib/python3.12/site-packages/airflow/example_dags/example_short_circuit_operator.py took 0.240 seconds
[2025-09-29T17:05:40.706+0000] {processor.py:161} INFO - Started process (PID=5471) to work on /home/airflow/.local/lib/python3.12/site-packages/airflow/example_dags/example_short_circuit_operator.py
[2025-09-29T17:05:40.710+0000] {processor.py:830} INFO - Processing file /home/airflow/.local/lib/python3.12/site-packages/airflow/example_dags/example_short_circuit_operator.py for tasks to queue
[2025-09-29T17:05:40.715+0000] {logging_mixin.py:188} INFO - [2025-09-29T17:05:40.714+0000] {dagbag.py:545} INFO - Filling up the DagBag from /home/airflow/.local/lib/python3.12/site-packages/airflow/example_dags/example_short_circuit_operator.py
[2025-09-29T17:05:40.733+0000] {processor.py:840} INFO - DAG(s) 'example_short_circuit_operator' retrieved from /home/airflow/.local/lib/python3.12/site-packages/airflow/example_dags/example_short_circuit_operator.py
[2025-09-29T17:05:40.801+0000] {logging_mixin.py:188} INFO - [2025-09-29T17:05:40.800+0000] {dag.py:3089} INFO - Sync 1 DAGs
[2025-09-29T17:05:40.859+0000] {logging_mixin.py:188} INFO - [2025-09-29T17:05:40.859+0000] {dag.py:3947} INFO - Setting next_dagrun for example_short_circuit_operator to 2025-09-28 00:00:00+00:00, run_after=2025-09-29 00:00:00+00:00
[2025-09-29T17:05:40.912+0000] {processor.py:183} INFO - Processing /home/airflow/.local/lib/python3.12/site-packages/airflow/example_dags/example_short_circuit_operator.py took 0.223 seconds
[2025-09-29T17:06:11.810+0000] {processor.py:161} INFO - Started process (PID=5733) to work on /home/airflow/.local/lib/python3.12/site-packages/airflow/example_dags/example_short_circuit_operator.py
[2025-09-29T17:06:11.813+0000] {processor.py:830} INFO - Processing file /home/airflow/.local/lib/python3.12/site-packages/airflow/example_dags/example_short_circuit_operator.py for tasks to queue
[2025-09-29T17:06:11.819+0000] {logging_mixin.py:188} INFO - [2025-09-29T17:06:11.817+0000] {dagbag.py:545} INFO - Filling up the DagBag from /home/airflow/.local/lib/python3.12/site-packages/airflow/example_dags/example_short_circuit_operator.py
[2025-09-29T17:06:11.844+0000] {processor.py:840} INFO - DAG(s) 'example_short_circuit_operator' retrieved from /home/airflow/.local/lib/python3.12/site-packages/airflow/example_dags/example_short_circuit_operator.py
[2025-09-29T17:06:11.936+0000] {logging_mixin.py:188} INFO - [2025-09-29T17:06:11.935+0000] {dag.py:3089} INFO - Sync 1 DAGs
[2025-09-29T17:06:12.013+0000] {logging_mixin.py:188} INFO - [2025-09-29T17:06:12.012+0000] {dag.py:3947} INFO - Setting next_dagrun for example_short_circuit_operator to 2025-09-28 00:00:00+00:00, run_after=2025-09-29 00:00:00+00:00
[2025-09-29T17:06:12.088+0000] {processor.py:183} INFO - Processing /home/airflow/.local/lib/python3.12/site-packages/airflow/example_dags/example_short_circuit_operator.py took 0.295 seconds
[2025-09-29T17:06:42.402+0000] {processor.py:161} INFO - Started process (PID=5995) to work on /home/airflow/.local/lib/python3.12/site-packages/airflow/example_dags/example_short_circuit_operator.py
[2025-09-29T17:06:42.405+0000] {processor.py:830} INFO - Processing file /home/airflow/.local/lib/python3.12/site-packages/airflow/example_dags/example_short_circuit_operator.py for tasks to queue
[2025-09-29T17:06:42.413+0000] {logging_mixin.py:188} INFO - [2025-09-29T17:06:42.412+0000] {dagbag.py:545} INFO - Filling up the DagBag from /home/airflow/.local/lib/python3.12/site-packages/airflow/example_dags/example_short_circuit_operator.py
[2025-09-29T17:06:42.440+0000] {processor.py:840} INFO - DAG(s) 'example_short_circuit_operator' retrieved from /home/airflow/.local/lib/python3.12/site-packages/airflow/example_dags/example_short_circuit_operator.py
[2025-09-29T17:06:42.540+0000] {logging_mixin.py:188} INFO - [2025-09-29T17:06:42.539+0000] {dag.py:3089} INFO - Sync 1 DAGs
[2025-09-29T17:06:42.612+0000] {logging_mixin.py:188} INFO - [2025-09-29T17:06:42.611+0000] {dag.py:3947} INFO - Setting next_dagrun for example_short_circuit_operator to 2025-09-28 00:00:00+00:00, run_after=2025-09-29 00:00:00+00:00
[2025-09-29T17:06:42.687+0000] {processor.py:183} INFO - Processing /home/airflow/.local/lib/python3.12/site-packages/airflow/example_dags/example_short_circuit_operator.py took 0.306 seconds
[2025-09-29T17:07:14.612+0000] {processor.py:161} INFO - Started process (PID=6247) to work on /home/airflow/.local/lib/python3.12/site-packages/airflow/example_dags/example_short_circuit_operator.py
[2025-09-29T17:07:14.615+0000] {processor.py:830} INFO - Processing file /home/airflow/.local/lib/python3.12/site-packages/airflow/example_dags/example_short_circuit_operator.py for tasks to queue
[2025-09-29T17:07:14.619+0000] {logging_mixin.py:188} INFO - [2025-09-29T17:07:14.618+0000] {dagbag.py:545} INFO - Filling up the DagBag from /home/airflow/.local/lib/python3.12/site-packages/airflow/example_dags/example_short_circuit_operator.py
[2025-09-29T17:07:14.639+0000] {processor.py:840} INFO - DAG(s) 'example_short_circuit_operator' retrieved from /home/airflow/.local/lib/python3.12/site-packages/airflow/example_dags/example_short_circuit_operator.py
[2025-09-29T17:07:14.717+0000] {logging_mixin.py:188} INFO - [2025-09-29T17:07:14.717+0000] {dag.py:3089} INFO - Sync 1 DAGs
[2025-09-29T17:07:14.781+0000] {logging_mixin.py:188} INFO - [2025-09-29T17:07:14.781+0000] {dag.py:3947} INFO - Setting next_dagrun for example_short_circuit_operator to 2025-09-28 00:00:00+00:00, run_after=2025-09-29 00:00:00+00:00
[2025-09-29T17:07:14.835+0000] {processor.py:183} INFO - Processing /home/airflow/.local/lib/python3.12/site-packages/airflow/example_dags/example_short_circuit_operator.py took 0.238 seconds
[2025-09-29T17:07:46.615+0000] {processor.py:161} INFO - Started process (PID=6511) to work on /home/airflow/.local/lib/python3.12/site-packages/airflow/example_dags/example_short_circuit_operator.py
[2025-09-29T17:07:46.623+0000] {processor.py:830} INFO - Processing file /home/airflow/.local/lib/python3.12/site-packages/airflow/example_dags/example_short_circuit_operator.py for tasks to queue
[2025-09-29T17:07:46.630+0000] {logging_mixin.py:188} INFO - [2025-09-29T17:07:46.629+0000] {dagbag.py:545} INFO - Filling up the DagBag from /home/airflow/.local/lib/python3.12/site-packages/airflow/example_dags/example_short_circuit_operator.py
[2025-09-29T17:07:46.669+0000] {processor.py:840} INFO - DAG(s) 'example_short_circuit_operator' retrieved from /home/airflow/.local/lib/python3.12/site-packages/airflow/example_dags/example_short_circuit_operator.py
[2025-09-29T17:07:46.834+0000] {logging_mixin.py:188} INFO - [2025-09-29T17:07:46.833+0000] {dag.py:3089} INFO - Sync 1 DAGs
[2025-09-29T17:07:46.997+0000] {logging_mixin.py:188} INFO - [2025-09-29T17:07:46.994+0000] {dag.py:3947} INFO - Setting next_dagrun for example_short_circuit_operator to 2025-09-28 00:00:00+00:00, run_after=2025-09-29 00:00:00+00:00
[2025-09-29T17:07:47.131+0000] {processor.py:183} INFO - Processing /home/airflow/.local/lib/python3.12/site-packages/airflow/example_dags/example_short_circuit_operator.py took 0.554 seconds
[2025-09-29T17:08:18.175+0000] {processor.py:161} INFO - Started process (PID=6778) to work on /home/airflow/.local/lib/python3.12/site-packages/airflow/example_dags/example_short_circuit_operator.py
[2025-09-29T17:08:18.178+0000] {processor.py:830} INFO - Processing file /home/airflow/.local/lib/python3.12/site-packages/airflow/example_dags/example_short_circuit_operator.py for tasks to queue
[2025-09-29T17:08:18.184+0000] {logging_mixin.py:188} INFO - [2025-09-29T17:08:18.184+0000] {dagbag.py:545} INFO - Filling up the DagBag from /home/airflow/.local/lib/python3.12/site-packages/airflow/example_dags/example_short_circuit_operator.py
[2025-09-29T17:08:18.205+0000] {processor.py:840} INFO - DAG(s) 'example_short_circuit_operator' retrieved from /home/airflow/.local/lib/python3.12/site-packages/airflow/example_dags/example_short_circuit_operator.py
[2025-09-29T17:08:18.272+0000] {logging_mixin.py:188} INFO - [2025-09-29T17:08:18.271+0000] {dag.py:3089} INFO - Sync 1 DAGs
[2025-09-29T17:08:18.330+0000] {logging_mixin.py:188} INFO - [2025-09-29T17:08:18.330+0000] {dag.py:3947} INFO - Setting next_dagrun for example_short_circuit_operator to 2025-09-28 00:00:00+00:00, run_after=2025-09-29 00:00:00+00:00
[2025-09-29T17:08:18.384+0000] {processor.py:183} INFO - Processing /home/airflow/.local/lib/python3.12/site-packages/airflow/example_dags/example_short_circuit_operator.py took 0.224 seconds
[2025-09-29T17:08:49.233+0000] {processor.py:161} INFO - Started process (PID=7040) to work on /home/airflow/.local/lib/python3.12/site-packages/airflow/example_dags/example_short_circuit_operator.py
[2025-09-29T17:08:49.237+0000] {processor.py:830} INFO - Processing file /home/airflow/.local/lib/python3.12/site-packages/airflow/example_dags/example_short_circuit_operator.py for tasks to queue
[2025-09-29T17:08:49.244+0000] {logging_mixin.py:188} INFO - [2025-09-29T17:08:49.243+0000] {dagbag.py:545} INFO - Filling up the DagBag from /home/airflow/.local/lib/python3.12/site-packages/airflow/example_dags/example_short_circuit_operator.py
[2025-09-29T17:08:49.284+0000] {processor.py:840} INFO - DAG(s) 'example_short_circuit_operator' retrieved from /home/airflow/.local/lib/python3.12/site-packages/airflow/example_dags/example_short_circuit_operator.py
[2025-09-29T17:08:49.385+0000] {logging_mixin.py:188} INFO - [2025-09-29T17:08:49.385+0000] {dag.py:3089} INFO - Sync 1 DAGs
[2025-09-29T17:08:49.450+0000] {logging_mixin.py:188} INFO - [2025-09-29T17:08:49.450+0000] {dag.py:3947} INFO - Setting next_dagrun for example_short_circuit_operator to 2025-09-28 00:00:00+00:00, run_after=2025-09-29 00:00:00+00:00
[2025-09-29T17:08:49.523+0000] {processor.py:183} INFO - Processing /home/airflow/.local/lib/python3.12/site-packages/airflow/example_dags/example_short_circuit_operator.py took 0.320 seconds
[2025-09-29T17:09:32.816+0000] {processor.py:161} INFO - Started process (PID=7322) to work on /home/airflow/.local/lib/python3.12/site-packages/airflow/example_dags/example_short_circuit_operator.py
[2025-09-29T17:09:32.942+0000] {processor.py:830} INFO - Processing file /home/airflow/.local/lib/python3.12/site-packages/airflow/example_dags/example_short_circuit_operator.py for tasks to queue
[2025-09-29T17:09:32.948+0000] {logging_mixin.py:188} INFO - [2025-09-29T17:09:32.947+0000] {dagbag.py:545} INFO - Filling up the DagBag from /home/airflow/.local/lib/python3.12/site-packages/airflow/example_dags/example_short_circuit_operator.py
[2025-09-29T17:09:33.056+0000] {processor.py:840} INFO - DAG(s) 'example_short_circuit_operator' retrieved from /home/airflow/.local/lib/python3.12/site-packages/airflow/example_dags/example_short_circuit_operator.py
[2025-09-29T17:09:33.126+0000] {logging_mixin.py:188} INFO - [2025-09-29T17:09:33.125+0000] {dag.py:3089} INFO - Sync 1 DAGs
[2025-09-29T17:09:33.184+0000] {logging_mixin.py:188} INFO - [2025-09-29T17:09:33.184+0000] {dag.py:3947} INFO - Setting next_dagrun for example_short_circuit_operator to 2025-09-28 00:00:00+00:00, run_after=2025-09-29 00:00:00+00:00
[2025-09-29T17:09:33.336+0000] {processor.py:183} INFO - Processing /home/airflow/.local/lib/python3.12/site-packages/airflow/example_dags/example_short_circuit_operator.py took 0.537 seconds
[2025-09-29T17:10:05.166+0000] {processor.py:161} INFO - Started process (PID=7584) to work on /home/airflow/.local/lib/python3.12/site-packages/airflow/example_dags/example_short_circuit_operator.py
[2025-09-29T17:10:05.169+0000] {processor.py:830} INFO - Processing file /home/airflow/.local/lib/python3.12/site-packages/airflow/example_dags/example_short_circuit_operator.py for tasks to queue
[2025-09-29T17:10:05.175+0000] {logging_mixin.py:188} INFO - [2025-09-29T17:10:05.174+0000] {dagbag.py:545} INFO - Filling up the DagBag from /home/airflow/.local/lib/python3.12/site-packages/airflow/example_dags/example_short_circuit_operator.py
[2025-09-29T17:10:05.194+0000] {processor.py:840} INFO - DAG(s) 'example_short_circuit_operator' retrieved from /home/airflow/.local/lib/python3.12/site-packages/airflow/example_dags/example_short_circuit_operator.py
[2025-09-29T17:10:05.263+0000] {logging_mixin.py:188} INFO - [2025-09-29T17:10:05.262+0000] {dag.py:3089} INFO - Sync 1 DAGs
[2025-09-29T17:10:05.320+0000] {logging_mixin.py:188} INFO - [2025-09-29T17:10:05.319+0000] {dag.py:3947} INFO - Setting next_dagrun for example_short_circuit_operator to 2025-09-28 00:00:00+00:00, run_after=2025-09-29 00:00:00+00:00
[2025-09-29T17:10:05.369+0000] {processor.py:183} INFO - Processing /home/airflow/.local/lib/python3.12/site-packages/airflow/example_dags/example_short_circuit_operator.py took 0.221 seconds
[2025-09-29T17:10:36.893+0000] {processor.py:161} INFO - Started process (PID=7847) to work on /home/airflow/.local/lib/python3.12/site-packages/airflow/example_dags/example_short_circuit_operator.py
[2025-09-29T17:10:36.898+0000] {processor.py:830} INFO - Processing file /home/airflow/.local/lib/python3.12/site-packages/airflow/example_dags/example_short_circuit_operator.py for tasks to queue
[2025-09-29T17:10:36.907+0000] {logging_mixin.py:188} INFO - [2025-09-29T17:10:36.906+0000] {dagbag.py:545} INFO - Filling up the DagBag from /home/airflow/.local/lib/python3.12/site-packages/airflow/example_dags/example_short_circuit_operator.py
[2025-09-29T17:10:36.959+0000] {processor.py:840} INFO - DAG(s) 'example_short_circuit_operator' retrieved from /home/airflow/.local/lib/python3.12/site-packages/airflow/example_dags/example_short_circuit_operator.py
[2025-09-29T17:10:37.071+0000] {logging_mixin.py:188} INFO - [2025-09-29T17:10:37.070+0000] {dag.py:3089} INFO - Sync 1 DAGs
[2025-09-29T17:10:37.142+0000] {logging_mixin.py:188} INFO - [2025-09-29T17:10:37.141+0000] {dag.py:3947} INFO - Setting next_dagrun for example_short_circuit_operator to 2025-09-28 00:00:00+00:00, run_after=2025-09-29 00:00:00+00:00
[2025-09-29T17:10:37.201+0000] {processor.py:183} INFO - Processing /home/airflow/.local/lib/python3.12/site-packages/airflow/example_dags/example_short_circuit_operator.py took 0.341 seconds
[2025-09-29T17:11:08.483+0000] {processor.py:161} INFO - Started process (PID=8109) to work on /home/airflow/.local/lib/python3.12/site-packages/airflow/example_dags/example_short_circuit_operator.py
[2025-09-29T17:11:08.487+0000] {processor.py:830} INFO - Processing file /home/airflow/.local/lib/python3.12/site-packages/airflow/example_dags/example_short_circuit_operator.py for tasks to queue
[2025-09-29T17:11:08.494+0000] {logging_mixin.py:188} INFO - [2025-09-29T17:11:08.493+0000] {dagbag.py:545} INFO - Filling up the DagBag from /home/airflow/.local/lib/python3.12/site-packages/airflow/example_dags/example_short_circuit_operator.py
[2025-09-29T17:11:08.515+0000] {processor.py:840} INFO - DAG(s) 'example_short_circuit_operator' retrieved from /home/airflow/.local/lib/python3.12/site-packages/airflow/example_dags/example_short_circuit_operator.py
[2025-09-29T17:11:08.581+0000] {logging_mixin.py:188} INFO - [2025-09-29T17:11:08.580+0000] {dag.py:3089} INFO - Sync 1 DAGs
[2025-09-29T17:11:08.634+0000] {logging_mixin.py:188} INFO - [2025-09-29T17:11:08.634+0000] {dag.py:3947} INFO - Setting next_dagrun for example_short_circuit_operator to 2025-09-28 00:00:00+00:00, run_after=2025-09-29 00:00:00+00:00
[2025-09-29T17:11:08.681+0000] {processor.py:183} INFO - Processing /home/airflow/.local/lib/python3.12/site-packages/airflow/example_dags/example_short_circuit_operator.py took 0.215 seconds
[2025-09-29T17:11:39.596+0000] {processor.py:161} INFO - Started process (PID=8378) to work on /home/airflow/.local/lib/python3.12/site-packages/airflow/example_dags/example_short_circuit_operator.py
[2025-09-29T17:11:39.600+0000] {processor.py:830} INFO - Processing file /home/airflow/.local/lib/python3.12/site-packages/airflow/example_dags/example_short_circuit_operator.py for tasks to queue
[2025-09-29T17:11:39.606+0000] {logging_mixin.py:188} INFO - [2025-09-29T17:11:39.605+0000] {dagbag.py:545} INFO - Filling up the DagBag from /home/airflow/.local/lib/python3.12/site-packages/airflow/example_dags/example_short_circuit_operator.py
[2025-09-29T17:11:39.627+0000] {processor.py:840} INFO - DAG(s) 'example_short_circuit_operator' retrieved from /home/airflow/.local/lib/python3.12/site-packages/airflow/example_dags/example_short_circuit_operator.py
[2025-09-29T17:11:39.696+0000] {logging_mixin.py:188} INFO - [2025-09-29T17:11:39.696+0000] {dag.py:3089} INFO - Sync 1 DAGs
[2025-09-29T17:11:39.752+0000] {logging_mixin.py:188} INFO - [2025-09-29T17:11:39.751+0000] {dag.py:3947} INFO - Setting next_dagrun for example_short_circuit_operator to 2025-09-28 00:00:00+00:00, run_after=2025-09-29 00:00:00+00:00
[2025-09-29T17:11:39.803+0000] {processor.py:183} INFO - Processing /home/airflow/.local/lib/python3.12/site-packages/airflow/example_dags/example_short_circuit_operator.py took 0.227 seconds
[2025-09-29T17:12:11.023+0000] {processor.py:161} INFO - Started process (PID=8638) to work on /home/airflow/.local/lib/python3.12/site-packages/airflow/example_dags/example_short_circuit_operator.py
[2025-09-29T17:12:11.026+0000] {processor.py:830} INFO - Processing file /home/airflow/.local/lib/python3.12/site-packages/airflow/example_dags/example_short_circuit_operator.py for tasks to queue
[2025-09-29T17:12:11.033+0000] {logging_mixin.py:188} INFO - [2025-09-29T17:12:11.032+0000] {dagbag.py:545} INFO - Filling up the DagBag from /home/airflow/.local/lib/python3.12/site-packages/airflow/example_dags/example_short_circuit_operator.py
[2025-09-29T17:12:11.057+0000] {processor.py:840} INFO - DAG(s) 'example_short_circuit_operator' retrieved from /home/airflow/.local/lib/python3.12/site-packages/airflow/example_dags/example_short_circuit_operator.py
[2025-09-29T17:12:11.169+0000] {logging_mixin.py:188} INFO - [2025-09-29T17:12:11.169+0000] {dag.py:3089} INFO - Sync 1 DAGs
[2025-09-29T17:12:11.228+0000] {logging_mixin.py:188} INFO - [2025-09-29T17:12:11.227+0000] {dag.py:3947} INFO - Setting next_dagrun for example_short_circuit_operator to 2025-09-28 00:00:00+00:00, run_after=2025-09-29 00:00:00+00:00
[2025-09-29T17:12:11.278+0000] {processor.py:183} INFO - Processing /home/airflow/.local/lib/python3.12/site-packages/airflow/example_dags/example_short_circuit_operator.py took 0.274 seconds
[2025-09-29T17:12:46.722+0000] {processor.py:161} INFO - Started process (PID=8920) to work on /home/airflow/.local/lib/python3.12/site-packages/airflow/example_dags/example_short_circuit_operator.py
[2025-09-29T17:12:46.726+0000] {processor.py:830} INFO - Processing file /home/airflow/.local/lib/python3.12/site-packages/airflow/example_dags/example_short_circuit_operator.py for tasks to queue
[2025-09-29T17:12:46.731+0000] {logging_mixin.py:188} INFO - [2025-09-29T17:12:46.731+0000] {dagbag.py:545} INFO - Filling up the DagBag from /home/airflow/.local/lib/python3.12/site-packages/airflow/example_dags/example_short_circuit_operator.py
[2025-09-29T17:12:46.753+0000] {processor.py:840} INFO - DAG(s) 'example_short_circuit_operator' retrieved from /home/airflow/.local/lib/python3.12/site-packages/airflow/example_dags/example_short_circuit_operator.py
[2025-09-29T17:12:46.834+0000] {logging_mixin.py:188} INFO - [2025-09-29T17:12:46.834+0000] {dag.py:3089} INFO - Sync 1 DAGs
[2025-09-29T17:12:46.900+0000] {logging_mixin.py:188} INFO - [2025-09-29T17:12:46.900+0000] {dag.py:3947} INFO - Setting next_dagrun for example_short_circuit_operator to 2025-09-28 00:00:00+00:00, run_after=2025-09-29 00:00:00+00:00
[2025-09-29T17:12:46.960+0000] {processor.py:183} INFO - Processing /home/airflow/.local/lib/python3.12/site-packages/airflow/example_dags/example_short_circuit_operator.py took 0.258 seconds
[2025-09-29T17:13:17.419+0000] {processor.py:161} INFO - Started process (PID=9182) to work on /home/airflow/.local/lib/python3.12/site-packages/airflow/example_dags/example_short_circuit_operator.py
[2025-09-29T17:13:17.422+0000] {processor.py:830} INFO - Processing file /home/airflow/.local/lib/python3.12/site-packages/airflow/example_dags/example_short_circuit_operator.py for tasks to queue
[2025-09-29T17:13:17.428+0000] {logging_mixin.py:188} INFO - [2025-09-29T17:13:17.427+0000] {dagbag.py:545} INFO - Filling up the DagBag from /home/airflow/.local/lib/python3.12/site-packages/airflow/example_dags/example_short_circuit_operator.py
[2025-09-29T17:13:17.448+0000] {processor.py:840} INFO - DAG(s) 'example_short_circuit_operator' retrieved from /home/airflow/.local/lib/python3.12/site-packages/airflow/example_dags/example_short_circuit_operator.py
[2025-09-29T17:13:17.517+0000] {logging_mixin.py:188} INFO - [2025-09-29T17:13:17.516+0000] {dag.py:3089} INFO - Sync 1 DAGs
[2025-09-29T17:13:17.573+0000] {logging_mixin.py:188} INFO - [2025-09-29T17:13:17.572+0000] {dag.py:3947} INFO - Setting next_dagrun for example_short_circuit_operator to 2025-09-28 00:00:00+00:00, run_after=2025-09-29 00:00:00+00:00
[2025-09-29T17:13:17.629+0000] {processor.py:183} INFO - Processing /home/airflow/.local/lib/python3.12/site-packages/airflow/example_dags/example_short_circuit_operator.py took 0.227 seconds
[2025-09-29T17:13:48.494+0000] {processor.py:161} INFO - Started process (PID=9444) to work on /home/airflow/.local/lib/python3.12/site-packages/airflow/example_dags/example_short_circuit_operator.py
[2025-09-29T17:13:48.500+0000] {processor.py:830} INFO - Processing file /home/airflow/.local/lib/python3.12/site-packages/airflow/example_dags/example_short_circuit_operator.py for tasks to queue
[2025-09-29T17:13:48.506+0000] {logging_mixin.py:188} INFO - [2025-09-29T17:13:48.505+0000] {dagbag.py:545} INFO - Filling up the DagBag from /home/airflow/.local/lib/python3.12/site-packages/airflow/example_dags/example_short_circuit_operator.py
[2025-09-29T17:13:48.532+0000] {processor.py:840} INFO - DAG(s) 'example_short_circuit_operator' retrieved from /home/airflow/.local/lib/python3.12/site-packages/airflow/example_dags/example_short_circuit_operator.py
[2025-09-29T17:13:48.615+0000] {logging_mixin.py:188} INFO - [2025-09-29T17:13:48.615+0000] {dag.py:3089} INFO - Sync 1 DAGs
[2025-09-29T17:13:48.698+0000] {logging_mixin.py:188} INFO - [2025-09-29T17:13:48.697+0000] {dag.py:3947} INFO - Setting next_dagrun for example_short_circuit_operator to 2025-09-28 00:00:00+00:00, run_after=2025-09-29 00:00:00+00:00
[2025-09-29T17:13:48.755+0000] {processor.py:183} INFO - Processing /home/airflow/.local/lib/python3.12/site-packages/airflow/example_dags/example_short_circuit_operator.py took 0.279 seconds
[2025-09-29T17:14:20.506+0000] {processor.py:161} INFO - Started process (PID=9706) to work on /home/airflow/.local/lib/python3.12/site-packages/airflow/example_dags/example_short_circuit_operator.py
[2025-09-29T17:14:20.509+0000] {processor.py:830} INFO - Processing file /home/airflow/.local/lib/python3.12/site-packages/airflow/example_dags/example_short_circuit_operator.py for tasks to queue
[2025-09-29T17:14:20.514+0000] {logging_mixin.py:188} INFO - [2025-09-29T17:14:20.513+0000] {dagbag.py:545} INFO - Filling up the DagBag from /home/airflow/.local/lib/python3.12/site-packages/airflow/example_dags/example_short_circuit_operator.py
[2025-09-29T17:14:20.536+0000] {processor.py:840} INFO - DAG(s) 'example_short_circuit_operator' retrieved from /home/airflow/.local/lib/python3.12/site-packages/airflow/example_dags/example_short_circuit_operator.py
[2025-09-29T17:14:20.607+0000] {logging_mixin.py:188} INFO - [2025-09-29T17:14:20.607+0000] {dag.py:3089} INFO - Sync 1 DAGs
[2025-09-29T17:14:20.662+0000] {logging_mixin.py:188} INFO - [2025-09-29T17:14:20.662+0000] {dag.py:3947} INFO - Setting next_dagrun for example_short_circuit_operator to 2025-09-28 00:00:00+00:00, run_after=2025-09-29 00:00:00+00:00
[2025-09-29T17:14:20.715+0000] {processor.py:183} INFO - Processing /home/airflow/.local/lib/python3.12/site-packages/airflow/example_dags/example_short_circuit_operator.py took 0.227 seconds
[2025-09-29T17:14:51.011+0000] {processor.py:161} INFO - Started process (PID=9970) to work on /home/airflow/.local/lib/python3.12/site-packages/airflow/example_dags/example_short_circuit_operator.py
[2025-09-29T17:14:51.014+0000] {processor.py:830} INFO - Processing file /home/airflow/.local/lib/python3.12/site-packages/airflow/example_dags/example_short_circuit_operator.py for tasks to queue
[2025-09-29T17:14:51.020+0000] {logging_mixin.py:188} INFO - [2025-09-29T17:14:51.019+0000] {dagbag.py:545} INFO - Filling up the DagBag from /home/airflow/.local/lib/python3.12/site-packages/airflow/example_dags/example_short_circuit_operator.py
[2025-09-29T17:14:51.041+0000] {processor.py:840} INFO - DAG(s) 'example_short_circuit_operator' retrieved from /home/airflow/.local/lib/python3.12/site-packages/airflow/example_dags/example_short_circuit_operator.py
[2025-09-29T17:14:51.115+0000] {logging_mixin.py:188} INFO - [2025-09-29T17:14:51.115+0000] {dag.py:3089} INFO - Sync 1 DAGs
[2025-09-29T17:14:51.171+0000] {logging_mixin.py:188} INFO - [2025-09-29T17:14:51.170+0000] {dag.py:3947} INFO - Setting next_dagrun for example_short_circuit_operator to 2025-09-28 00:00:00+00:00, run_after=2025-09-29 00:00:00+00:00
[2025-09-29T17:14:51.220+0000] {processor.py:183} INFO - Processing /home/airflow/.local/lib/python3.12/site-packages/airflow/example_dags/example_short_circuit_operator.py took 0.230 seconds
[2025-09-29T17:15:26.457+0000] {processor.py:161} INFO - Started process (PID=10285) to work on /home/airflow/.local/lib/python3.12/site-packages/airflow/example_dags/example_short_circuit_operator.py
[2025-09-29T17:15:26.463+0000] {processor.py:830} INFO - Processing file /home/airflow/.local/lib/python3.12/site-packages/airflow/example_dags/example_short_circuit_operator.py for tasks to queue
[2025-09-29T17:15:26.473+0000] {logging_mixin.py:188} INFO - [2025-09-29T17:15:26.472+0000] {dagbag.py:545} INFO - Filling up the DagBag from /home/airflow/.local/lib/python3.12/site-packages/airflow/example_dags/example_short_circuit_operator.py
[2025-09-29T17:15:26.506+0000] {processor.py:840} INFO - DAG(s) 'example_short_circuit_operator' retrieved from /home/airflow/.local/lib/python3.12/site-packages/airflow/example_dags/example_short_circuit_operator.py
[2025-09-29T17:15:26.629+0000] {logging_mixin.py:188} INFO - [2025-09-29T17:15:26.629+0000] {dag.py:3089} INFO - Sync 1 DAGs
[2025-09-29T17:15:26.689+0000] {logging_mixin.py:188} INFO - [2025-09-29T17:15:26.689+0000] {dag.py:3947} INFO - Setting next_dagrun for example_short_circuit_operator to 2025-09-28 00:00:00+00:00, run_after=2025-09-29 00:00:00+00:00
[2025-09-29T17:15:26.754+0000] {processor.py:183} INFO - Processing /home/airflow/.local/lib/python3.12/site-packages/airflow/example_dags/example_short_circuit_operator.py took 0.326 seconds
[2025-09-29T17:15:58.107+0000] {processor.py:161} INFO - Started process (PID=10548) to work on /home/airflow/.local/lib/python3.12/site-packages/airflow/example_dags/example_short_circuit_operator.py
[2025-09-29T17:15:58.111+0000] {processor.py:830} INFO - Processing file /home/airflow/.local/lib/python3.12/site-packages/airflow/example_dags/example_short_circuit_operator.py for tasks to queue
[2025-09-29T17:15:58.117+0000] {logging_mixin.py:188} INFO - [2025-09-29T17:15:58.116+0000] {dagbag.py:545} INFO - Filling up the DagBag from /home/airflow/.local/lib/python3.12/site-packages/airflow/example_dags/example_short_circuit_operator.py
[2025-09-29T17:15:58.139+0000] {processor.py:840} INFO - DAG(s) 'example_short_circuit_operator' retrieved from /home/airflow/.local/lib/python3.12/site-packages/airflow/example_dags/example_short_circuit_operator.py
[2025-09-29T17:15:58.208+0000] {logging_mixin.py:188} INFO - [2025-09-29T17:15:58.207+0000] {dag.py:3089} INFO - Sync 1 DAGs
[2025-09-29T17:15:58.267+0000] {logging_mixin.py:188} INFO - [2025-09-29T17:15:58.266+0000] {dag.py:3947} INFO - Setting next_dagrun for example_short_circuit_operator to 2025-09-28 00:00:00+00:00, run_after=2025-09-29 00:00:00+00:00
[2025-09-29T17:15:58.315+0000] {processor.py:183} INFO - Processing /home/airflow/.local/lib/python3.12/site-packages/airflow/example_dags/example_short_circuit_operator.py took 0.226 seconds
[2025-09-29T17:16:32.685+0000] {processor.py:161} INFO - Started process (PID=10844) to work on /home/airflow/.local/lib/python3.12/site-packages/airflow/example_dags/example_short_circuit_operator.py
[2025-09-29T17:16:32.688+0000] {processor.py:830} INFO - Processing file /home/airflow/.local/lib/python3.12/site-packages/airflow/example_dags/example_short_circuit_operator.py for tasks to queue
[2025-09-29T17:16:32.695+0000] {logging_mixin.py:188} INFO - [2025-09-29T17:16:32.694+0000] {dagbag.py:545} INFO - Filling up the DagBag from /home/airflow/.local/lib/python3.12/site-packages/airflow/example_dags/example_short_circuit_operator.py
[2025-09-29T17:16:32.723+0000] {processor.py:840} INFO - DAG(s) 'example_short_circuit_operator' retrieved from /home/airflow/.local/lib/python3.12/site-packages/airflow/example_dags/example_short_circuit_operator.py
[2025-09-29T17:16:32.797+0000] {logging_mixin.py:188} INFO - [2025-09-29T17:16:32.796+0000] {dag.py:3089} INFO - Sync 1 DAGs
[2025-09-29T17:16:32.856+0000] {logging_mixin.py:188} INFO - [2025-09-29T17:16:32.855+0000] {dag.py:3947} INFO - Setting next_dagrun for example_short_circuit_operator to 2025-09-28 00:00:00+00:00, run_after=2025-09-29 00:00:00+00:00
[2025-09-29T17:16:32.909+0000] {processor.py:183} INFO - Processing /home/airflow/.local/lib/python3.12/site-packages/airflow/example_dags/example_short_circuit_operator.py took 0.247 seconds
