[2025-09-29T15:33:21.706+0000] {processor.py:161} INFO - Started process (PID=313) to work on /home/airflow/.local/lib/python3.12/site-packages/airflow/example_dags/example_nested_branch_dag.py
[2025-09-29T15:33:21.708+0000] {processor.py:830} INFO - Processing file /home/airflow/.local/lib/python3.12/site-packages/airflow/example_dags/example_nested_branch_dag.py for tasks to queue
[2025-09-29T15:33:21.712+0000] {logging_mixin.py:188} INFO - [2025-09-29T15:33:21.712+0000] {dagbag.py:545} INFO - Filling up the DagBag from /home/airflow/.local/lib/python3.12/site-packages/airflow/example_dags/example_nested_branch_dag.py
[2025-09-29T15:33:21.741+0000] {processor.py:840} INFO - DAG(s) 'example_nested_branch_dag' retrieved from /home/airflow/.local/lib/python3.12/site-packages/airflow/example_dags/example_nested_branch_dag.py
[2025-09-29T15:33:21.827+0000] {logging_mixin.py:188} INFO - [2025-09-29T15:33:21.826+0000] {dag.py:3089} INFO - Sync 1 DAGs
[2025-09-29T15:33:21.891+0000] {logging_mixin.py:188} INFO - [2025-09-29T15:33:21.890+0000] {dag.py:3947} INFO - Setting next_dagrun for example_nested_branch_dag to 2025-09-28 00:00:00+00:00, run_after=2025-09-29 00:00:00+00:00
[2025-09-29T15:33:22.130+0000] {processor.py:183} INFO - Processing /home/airflow/.local/lib/python3.12/site-packages/airflow/example_dags/example_nested_branch_dag.py took 0.439 seconds
[2025-09-29T15:33:55.456+0000] {processor.py:161} INFO - Started process (PID=588) to work on /home/airflow/.local/lib/python3.12/site-packages/airflow/example_dags/example_nested_branch_dag.py
[2025-09-29T15:33:55.499+0000] {processor.py:830} INFO - Processing file /home/airflow/.local/lib/python3.12/site-packages/airflow/example_dags/example_nested_branch_dag.py for tasks to queue
[2025-09-29T15:33:55.503+0000] {logging_mixin.py:188} INFO - [2025-09-29T15:33:55.503+0000] {dagbag.py:545} INFO - Filling up the DagBag from /home/airflow/.local/lib/python3.12/site-packages/airflow/example_dags/example_nested_branch_dag.py
[2025-09-29T15:33:55.526+0000] {processor.py:840} INFO - DAG(s) 'example_nested_branch_dag' retrieved from /home/airflow/.local/lib/python3.12/site-packages/airflow/example_dags/example_nested_branch_dag.py
[2025-09-29T15:33:55.870+0000] {logging_mixin.py:188} INFO - [2025-09-29T15:33:55.869+0000] {dag.py:3089} INFO - Sync 1 DAGs
[2025-09-29T15:33:55.928+0000] {logging_mixin.py:188} INFO - [2025-09-29T15:33:55.928+0000] {dag.py:3947} INFO - Setting next_dagrun for example_nested_branch_dag to 2025-09-28 00:00:00+00:00, run_after=2025-09-29 00:00:00+00:00
[2025-09-29T15:33:56.115+0000] {processor.py:183} INFO - Processing /home/airflow/.local/lib/python3.12/site-packages/airflow/example_dags/example_nested_branch_dag.py took 0.674 seconds
[2025-09-29T15:34:26.499+0000] {processor.py:161} INFO - Started process (PID=859) to work on /home/airflow/.local/lib/python3.12/site-packages/airflow/example_dags/example_nested_branch_dag.py
[2025-09-29T15:34:26.502+0000] {processor.py:830} INFO - Processing file /home/airflow/.local/lib/python3.12/site-packages/airflow/example_dags/example_nested_branch_dag.py for tasks to queue
[2025-09-29T15:34:26.507+0000] {logging_mixin.py:188} INFO - [2025-09-29T15:34:26.506+0000] {dagbag.py:545} INFO - Filling up the DagBag from /home/airflow/.local/lib/python3.12/site-packages/airflow/example_dags/example_nested_branch_dag.py
[2025-09-29T15:34:26.533+0000] {processor.py:840} INFO - DAG(s) 'example_nested_branch_dag' retrieved from /home/airflow/.local/lib/python3.12/site-packages/airflow/example_dags/example_nested_branch_dag.py
[2025-09-29T15:34:26.593+0000] {logging_mixin.py:188} INFO - [2025-09-29T15:34:26.592+0000] {dag.py:3089} INFO - Sync 1 DAGs
[2025-09-29T15:34:26.646+0000] {logging_mixin.py:188} INFO - [2025-09-29T15:34:26.645+0000] {dag.py:3947} INFO - Setting next_dagrun for example_nested_branch_dag to 2025-09-28 00:00:00+00:00, run_after=2025-09-29 00:00:00+00:00
[2025-09-29T15:34:26.694+0000] {processor.py:183} INFO - Processing /home/airflow/.local/lib/python3.12/site-packages/airflow/example_dags/example_nested_branch_dag.py took 0.211 seconds
[2025-09-29T15:34:57.312+0000] {processor.py:161} INFO - Started process (PID=1121) to work on /home/airflow/.local/lib/python3.12/site-packages/airflow/example_dags/example_nested_branch_dag.py
[2025-09-29T15:34:57.315+0000] {processor.py:830} INFO - Processing file /home/airflow/.local/lib/python3.12/site-packages/airflow/example_dags/example_nested_branch_dag.py for tasks to queue
[2025-09-29T15:34:57.320+0000] {logging_mixin.py:188} INFO - [2025-09-29T15:34:57.319+0000] {dagbag.py:545} INFO - Filling up the DagBag from /home/airflow/.local/lib/python3.12/site-packages/airflow/example_dags/example_nested_branch_dag.py
[2025-09-29T15:34:57.343+0000] {processor.py:840} INFO - DAG(s) 'example_nested_branch_dag' retrieved from /home/airflow/.local/lib/python3.12/site-packages/airflow/example_dags/example_nested_branch_dag.py
[2025-09-29T15:34:57.398+0000] {logging_mixin.py:188} INFO - [2025-09-29T15:34:57.397+0000] {dag.py:3089} INFO - Sync 1 DAGs
[2025-09-29T15:34:57.448+0000] {logging_mixin.py:188} INFO - [2025-09-29T15:34:57.447+0000] {dag.py:3947} INFO - Setting next_dagrun for example_nested_branch_dag to 2025-09-28 00:00:00+00:00, run_after=2025-09-29 00:00:00+00:00
[2025-09-29T15:34:57.495+0000] {processor.py:183} INFO - Processing /home/airflow/.local/lib/python3.12/site-packages/airflow/example_dags/example_nested_branch_dag.py took 0.197 seconds
[2025-09-29T15:35:29.846+0000] {processor.py:161} INFO - Started process (PID=1384) to work on /home/airflow/.local/lib/python3.12/site-packages/airflow/example_dags/example_nested_branch_dag.py
[2025-09-29T15:35:29.850+0000] {processor.py:830} INFO - Processing file /home/airflow/.local/lib/python3.12/site-packages/airflow/example_dags/example_nested_branch_dag.py for tasks to queue
[2025-09-29T15:35:29.856+0000] {logging_mixin.py:188} INFO - [2025-09-29T15:35:29.855+0000] {dagbag.py:545} INFO - Filling up the DagBag from /home/airflow/.local/lib/python3.12/site-packages/airflow/example_dags/example_nested_branch_dag.py
[2025-09-29T15:35:29.881+0000] {processor.py:840} INFO - DAG(s) 'example_nested_branch_dag' retrieved from /home/airflow/.local/lib/python3.12/site-packages/airflow/example_dags/example_nested_branch_dag.py
[2025-09-29T15:35:29.951+0000] {logging_mixin.py:188} INFO - [2025-09-29T15:35:29.951+0000] {dag.py:3089} INFO - Sync 1 DAGs
[2025-09-29T15:35:30.085+0000] {logging_mixin.py:188} INFO - [2025-09-29T15:35:30.085+0000] {dag.py:3947} INFO - Setting next_dagrun for example_nested_branch_dag to 2025-09-28 00:00:00+00:00, run_after=2025-09-29 00:00:00+00:00
[2025-09-29T15:35:30.197+0000] {processor.py:183} INFO - Processing /home/airflow/.local/lib/python3.12/site-packages/airflow/example_dags/example_nested_branch_dag.py took 0.382 seconds
[2025-09-29T15:36:00.956+0000] {processor.py:161} INFO - Started process (PID=1645) to work on /home/airflow/.local/lib/python3.12/site-packages/airflow/example_dags/example_nested_branch_dag.py
[2025-09-29T15:36:00.958+0000] {processor.py:830} INFO - Processing file /home/airflow/.local/lib/python3.12/site-packages/airflow/example_dags/example_nested_branch_dag.py for tasks to queue
[2025-09-29T15:36:00.963+0000] {logging_mixin.py:188} INFO - [2025-09-29T15:36:00.962+0000] {dagbag.py:545} INFO - Filling up the DagBag from /home/airflow/.local/lib/python3.12/site-packages/airflow/example_dags/example_nested_branch_dag.py
[2025-09-29T15:36:00.987+0000] {processor.py:840} INFO - DAG(s) 'example_nested_branch_dag' retrieved from /home/airflow/.local/lib/python3.12/site-packages/airflow/example_dags/example_nested_branch_dag.py
[2025-09-29T15:36:01.057+0000] {logging_mixin.py:188} INFO - [2025-09-29T15:36:01.056+0000] {dag.py:3089} INFO - Sync 1 DAGs
[2025-09-29T15:36:01.117+0000] {logging_mixin.py:188} INFO - [2025-09-29T15:36:01.117+0000] {dag.py:3947} INFO - Setting next_dagrun for example_nested_branch_dag to 2025-09-28 00:00:00+00:00, run_after=2025-09-29 00:00:00+00:00
[2025-09-29T15:36:01.167+0000] {processor.py:183} INFO - Processing /home/airflow/.local/lib/python3.12/site-packages/airflow/example_dags/example_nested_branch_dag.py took 0.227 seconds
[2025-09-29T15:36:31.411+0000] {processor.py:161} INFO - Started process (PID=1904) to work on /home/airflow/.local/lib/python3.12/site-packages/airflow/example_dags/example_nested_branch_dag.py
[2025-09-29T15:36:31.414+0000] {processor.py:830} INFO - Processing file /home/airflow/.local/lib/python3.12/site-packages/airflow/example_dags/example_nested_branch_dag.py for tasks to queue
[2025-09-29T15:36:31.419+0000] {logging_mixin.py:188} INFO - [2025-09-29T15:36:31.418+0000] {dagbag.py:545} INFO - Filling up the DagBag from /home/airflow/.local/lib/python3.12/site-packages/airflow/example_dags/example_nested_branch_dag.py
[2025-09-29T15:36:31.453+0000] {processor.py:840} INFO - DAG(s) 'example_nested_branch_dag' retrieved from /home/airflow/.local/lib/python3.12/site-packages/airflow/example_dags/example_nested_branch_dag.py
[2025-09-29T15:36:31.517+0000] {logging_mixin.py:188} INFO - [2025-09-29T15:36:31.516+0000] {dag.py:3089} INFO - Sync 1 DAGs
[2025-09-29T15:36:31.569+0000] {logging_mixin.py:188} INFO - [2025-09-29T15:36:31.568+0000] {dag.py:3947} INFO - Setting next_dagrun for example_nested_branch_dag to 2025-09-28 00:00:00+00:00, run_after=2025-09-29 00:00:00+00:00
[2025-09-29T15:36:31.611+0000] {processor.py:183} INFO - Processing /home/airflow/.local/lib/python3.12/site-packages/airflow/example_dags/example_nested_branch_dag.py took 0.219 seconds
[2025-09-29T15:37:01.943+0000] {processor.py:161} INFO - Started process (PID=2166) to work on /home/airflow/.local/lib/python3.12/site-packages/airflow/example_dags/example_nested_branch_dag.py
[2025-09-29T15:37:01.946+0000] {processor.py:830} INFO - Processing file /home/airflow/.local/lib/python3.12/site-packages/airflow/example_dags/example_nested_branch_dag.py for tasks to queue
[2025-09-29T15:37:01.950+0000] {logging_mixin.py:188} INFO - [2025-09-29T15:37:01.949+0000] {dagbag.py:545} INFO - Filling up the DagBag from /home/airflow/.local/lib/python3.12/site-packages/airflow/example_dags/example_nested_branch_dag.py
[2025-09-29T15:37:01.973+0000] {processor.py:840} INFO - DAG(s) 'example_nested_branch_dag' retrieved from /home/airflow/.local/lib/python3.12/site-packages/airflow/example_dags/example_nested_branch_dag.py
[2025-09-29T15:37:02.035+0000] {logging_mixin.py:188} INFO - [2025-09-29T15:37:02.035+0000] {dag.py:3089} INFO - Sync 1 DAGs
[2025-09-29T15:37:02.088+0000] {logging_mixin.py:188} INFO - [2025-09-29T15:37:02.088+0000] {dag.py:3947} INFO - Setting next_dagrun for example_nested_branch_dag to 2025-09-28 00:00:00+00:00, run_after=2025-09-29 00:00:00+00:00
[2025-09-29T15:37:02.136+0000] {processor.py:183} INFO - Processing /home/airflow/.local/lib/python3.12/site-packages/airflow/example_dags/example_nested_branch_dag.py took 0.208 seconds
[2025-09-29T15:37:32.622+0000] {processor.py:161} INFO - Started process (PID=2428) to work on /home/airflow/.local/lib/python3.12/site-packages/airflow/example_dags/example_nested_branch_dag.py
[2025-09-29T15:37:32.625+0000] {processor.py:830} INFO - Processing file /home/airflow/.local/lib/python3.12/site-packages/airflow/example_dags/example_nested_branch_dag.py for tasks to queue
[2025-09-29T15:37:32.629+0000] {logging_mixin.py:188} INFO - [2025-09-29T15:37:32.628+0000] {dagbag.py:545} INFO - Filling up the DagBag from /home/airflow/.local/lib/python3.12/site-packages/airflow/example_dags/example_nested_branch_dag.py
[2025-09-29T15:37:32.653+0000] {processor.py:840} INFO - DAG(s) 'example_nested_branch_dag' retrieved from /home/airflow/.local/lib/python3.12/site-packages/airflow/example_dags/example_nested_branch_dag.py
[2025-09-29T15:37:32.717+0000] {logging_mixin.py:188} INFO - [2025-09-29T15:37:32.716+0000] {dag.py:3089} INFO - Sync 1 DAGs
[2025-09-29T15:37:32.768+0000] {logging_mixin.py:188} INFO - [2025-09-29T15:37:32.768+0000] {dag.py:3947} INFO - Setting next_dagrun for example_nested_branch_dag to 2025-09-28 00:00:00+00:00, run_after=2025-09-29 00:00:00+00:00
[2025-09-29T15:37:32.820+0000] {processor.py:183} INFO - Processing /home/airflow/.local/lib/python3.12/site-packages/airflow/example_dags/example_nested_branch_dag.py took 0.211 seconds
[2025-09-29T15:38:03.648+0000] {processor.py:161} INFO - Started process (PID=2690) to work on /home/airflow/.local/lib/python3.12/site-packages/airflow/example_dags/example_nested_branch_dag.py
[2025-09-29T15:38:03.663+0000] {processor.py:830} INFO - Processing file /home/airflow/.local/lib/python3.12/site-packages/airflow/example_dags/example_nested_branch_dag.py for tasks to queue
[2025-09-29T15:38:03.667+0000] {logging_mixin.py:188} INFO - [2025-09-29T15:38:03.667+0000] {dagbag.py:545} INFO - Filling up the DagBag from /home/airflow/.local/lib/python3.12/site-packages/airflow/example_dags/example_nested_branch_dag.py
[2025-09-29T15:38:03.692+0000] {processor.py:840} INFO - DAG(s) 'example_nested_branch_dag' retrieved from /home/airflow/.local/lib/python3.12/site-packages/airflow/example_dags/example_nested_branch_dag.py
[2025-09-29T15:38:03.755+0000] {logging_mixin.py:188} INFO - [2025-09-29T15:38:03.755+0000] {dag.py:3089} INFO - Sync 1 DAGs
[2025-09-29T15:38:03.811+0000] {logging_mixin.py:188} INFO - [2025-09-29T15:38:03.811+0000] {dag.py:3947} INFO - Setting next_dagrun for example_nested_branch_dag to 2025-09-28 00:00:00+00:00, run_after=2025-09-29 00:00:00+00:00
[2025-09-29T15:38:03.865+0000] {processor.py:183} INFO - Processing /home/airflow/.local/lib/python3.12/site-packages/airflow/example_dags/example_nested_branch_dag.py took 0.232 seconds
[2025-09-29T15:38:34.360+0000] {processor.py:161} INFO - Started process (PID=2952) to work on /home/airflow/.local/lib/python3.12/site-packages/airflow/example_dags/example_nested_branch_dag.py
[2025-09-29T15:38:34.371+0000] {processor.py:830} INFO - Processing file /home/airflow/.local/lib/python3.12/site-packages/airflow/example_dags/example_nested_branch_dag.py for tasks to queue
[2025-09-29T15:38:34.376+0000] {logging_mixin.py:188} INFO - [2025-09-29T15:38:34.375+0000] {dagbag.py:545} INFO - Filling up the DagBag from /home/airflow/.local/lib/python3.12/site-packages/airflow/example_dags/example_nested_branch_dag.py
[2025-09-29T15:38:34.407+0000] {processor.py:840} INFO - DAG(s) 'example_nested_branch_dag' retrieved from /home/airflow/.local/lib/python3.12/site-packages/airflow/example_dags/example_nested_branch_dag.py
[2025-09-29T15:38:34.477+0000] {logging_mixin.py:188} INFO - [2025-09-29T15:38:34.476+0000] {dag.py:3089} INFO - Sync 1 DAGs
[2025-09-29T15:38:34.542+0000] {logging_mixin.py:188} INFO - [2025-09-29T15:38:34.542+0000] {dag.py:3947} INFO - Setting next_dagrun for example_nested_branch_dag to 2025-09-28 00:00:00+00:00, run_after=2025-09-29 00:00:00+00:00
[2025-09-29T15:38:34.612+0000] {processor.py:183} INFO - Processing /home/airflow/.local/lib/python3.12/site-packages/airflow/example_dags/example_nested_branch_dag.py took 0.270 seconds
[2025-09-29T15:39:04.793+0000] {processor.py:161} INFO - Started process (PID=3214) to work on /home/airflow/.local/lib/python3.12/site-packages/airflow/example_dags/example_nested_branch_dag.py
[2025-09-29T15:39:04.801+0000] {processor.py:830} INFO - Processing file /home/airflow/.local/lib/python3.12/site-packages/airflow/example_dags/example_nested_branch_dag.py for tasks to queue
[2025-09-29T15:39:04.806+0000] {logging_mixin.py:188} INFO - [2025-09-29T15:39:04.805+0000] {dagbag.py:545} INFO - Filling up the DagBag from /home/airflow/.local/lib/python3.12/site-packages/airflow/example_dags/example_nested_branch_dag.py
[2025-09-29T15:39:04.831+0000] {processor.py:840} INFO - DAG(s) 'example_nested_branch_dag' retrieved from /home/airflow/.local/lib/python3.12/site-packages/airflow/example_dags/example_nested_branch_dag.py
[2025-09-29T15:39:04.899+0000] {logging_mixin.py:188} INFO - [2025-09-29T15:39:04.898+0000] {dag.py:3089} INFO - Sync 1 DAGs
[2025-09-29T15:39:04.952+0000] {logging_mixin.py:188} INFO - [2025-09-29T15:39:04.952+0000] {dag.py:3947} INFO - Setting next_dagrun for example_nested_branch_dag to 2025-09-28 00:00:00+00:00, run_after=2025-09-29 00:00:00+00:00
[2025-09-29T15:39:05.003+0000] {processor.py:183} INFO - Processing /home/airflow/.local/lib/python3.12/site-packages/airflow/example_dags/example_nested_branch_dag.py took 0.225 seconds
[2025-09-29T15:39:35.145+0000] {processor.py:161} INFO - Started process (PID=3476) to work on /home/airflow/.local/lib/python3.12/site-packages/airflow/example_dags/example_nested_branch_dag.py
[2025-09-29T15:39:35.149+0000] {processor.py:830} INFO - Processing file /home/airflow/.local/lib/python3.12/site-packages/airflow/example_dags/example_nested_branch_dag.py for tasks to queue
[2025-09-29T15:39:35.155+0000] {logging_mixin.py:188} INFO - [2025-09-29T15:39:35.154+0000] {dagbag.py:545} INFO - Filling up the DagBag from /home/airflow/.local/lib/python3.12/site-packages/airflow/example_dags/example_nested_branch_dag.py
[2025-09-29T15:39:35.180+0000] {processor.py:840} INFO - DAG(s) 'example_nested_branch_dag' retrieved from /home/airflow/.local/lib/python3.12/site-packages/airflow/example_dags/example_nested_branch_dag.py
[2025-09-29T15:39:35.243+0000] {logging_mixin.py:188} INFO - [2025-09-29T15:39:35.242+0000] {dag.py:3089} INFO - Sync 1 DAGs
[2025-09-29T15:39:35.304+0000] {logging_mixin.py:188} INFO - [2025-09-29T15:39:35.303+0000] {dag.py:3947} INFO - Setting next_dagrun for example_nested_branch_dag to 2025-09-28 00:00:00+00:00, run_after=2025-09-29 00:00:00+00:00
[2025-09-29T15:39:35.361+0000] {processor.py:183} INFO - Processing /home/airflow/.local/lib/python3.12/site-packages/airflow/example_dags/example_nested_branch_dag.py took 0.232 seconds
[2025-09-29T15:40:05.686+0000] {processor.py:161} INFO - Started process (PID=3736) to work on /home/airflow/.local/lib/python3.12/site-packages/airflow/example_dags/example_nested_branch_dag.py
[2025-09-29T15:40:05.689+0000] {processor.py:830} INFO - Processing file /home/airflow/.local/lib/python3.12/site-packages/airflow/example_dags/example_nested_branch_dag.py for tasks to queue
[2025-09-29T15:40:05.693+0000] {logging_mixin.py:188} INFO - [2025-09-29T15:40:05.693+0000] {dagbag.py:545} INFO - Filling up the DagBag from /home/airflow/.local/lib/python3.12/site-packages/airflow/example_dags/example_nested_branch_dag.py
[2025-09-29T15:40:05.718+0000] {processor.py:840} INFO - DAG(s) 'example_nested_branch_dag' retrieved from /home/airflow/.local/lib/python3.12/site-packages/airflow/example_dags/example_nested_branch_dag.py
[2025-09-29T15:40:05.782+0000] {logging_mixin.py:188} INFO - [2025-09-29T15:40:05.782+0000] {dag.py:3089} INFO - Sync 1 DAGs
[2025-09-29T15:40:05.841+0000] {logging_mixin.py:188} INFO - [2025-09-29T15:40:05.841+0000] {dag.py:3947} INFO - Setting next_dagrun for example_nested_branch_dag to 2025-09-28 00:00:00+00:00, run_after=2025-09-29 00:00:00+00:00
[2025-09-29T15:40:05.895+0000] {processor.py:183} INFO - Processing /home/airflow/.local/lib/python3.12/site-packages/airflow/example_dags/example_nested_branch_dag.py took 0.223 seconds
[2025-09-29T15:40:36.066+0000] {processor.py:161} INFO - Started process (PID=3992) to work on /home/airflow/.local/lib/python3.12/site-packages/airflow/example_dags/example_nested_branch_dag.py
[2025-09-29T15:40:36.069+0000] {processor.py:830} INFO - Processing file /home/airflow/.local/lib/python3.12/site-packages/airflow/example_dags/example_nested_branch_dag.py for tasks to queue
[2025-09-29T15:40:36.074+0000] {logging_mixin.py:188} INFO - [2025-09-29T15:40:36.073+0000] {dagbag.py:545} INFO - Filling up the DagBag from /home/airflow/.local/lib/python3.12/site-packages/airflow/example_dags/example_nested_branch_dag.py
[2025-09-29T15:40:36.099+0000] {processor.py:840} INFO - DAG(s) 'example_nested_branch_dag' retrieved from /home/airflow/.local/lib/python3.12/site-packages/airflow/example_dags/example_nested_branch_dag.py
[2025-09-29T15:40:36.159+0000] {logging_mixin.py:188} INFO - [2025-09-29T15:40:36.158+0000] {dag.py:3089} INFO - Sync 1 DAGs
[2025-09-29T15:40:36.211+0000] {logging_mixin.py:188} INFO - [2025-09-29T15:40:36.210+0000] {dag.py:3947} INFO - Setting next_dagrun for example_nested_branch_dag to 2025-09-28 00:00:00+00:00, run_after=2025-09-29 00:00:00+00:00
[2025-09-29T15:40:36.256+0000] {processor.py:183} INFO - Processing /home/airflow/.local/lib/python3.12/site-packages/airflow/example_dags/example_nested_branch_dag.py took 0.209 seconds
[2025-09-29T15:41:06.695+0000] {processor.py:161} INFO - Started process (PID=4254) to work on /home/airflow/.local/lib/python3.12/site-packages/airflow/example_dags/example_nested_branch_dag.py
[2025-09-29T15:41:06.698+0000] {processor.py:830} INFO - Processing file /home/airflow/.local/lib/python3.12/site-packages/airflow/example_dags/example_nested_branch_dag.py for tasks to queue
[2025-09-29T15:41:06.702+0000] {logging_mixin.py:188} INFO - [2025-09-29T15:41:06.702+0000] {dagbag.py:545} INFO - Filling up the DagBag from /home/airflow/.local/lib/python3.12/site-packages/airflow/example_dags/example_nested_branch_dag.py
[2025-09-29T15:41:06.728+0000] {processor.py:840} INFO - DAG(s) 'example_nested_branch_dag' retrieved from /home/airflow/.local/lib/python3.12/site-packages/airflow/example_dags/example_nested_branch_dag.py
[2025-09-29T15:41:06.793+0000] {logging_mixin.py:188} INFO - [2025-09-29T15:41:06.791+0000] {dag.py:3089} INFO - Sync 1 DAGs
[2025-09-29T15:41:06.305+0000] {logging_mixin.py:188} INFO - [2025-09-29T15:41:06.304+0000] {dag.py:3947} INFO - Setting next_dagrun for example_nested_branch_dag to 2025-09-28 00:00:00+00:00, run_after=2025-09-29 00:00:00+00:00
[2025-09-29T15:41:06.362+0000] {processor.py:183} INFO - Processing /home/airflow/.local/lib/python3.12/site-packages/airflow/example_dags/example_nested_branch_dag.py took 0.237 seconds
[2025-09-29T15:41:35.784+0000] {processor.py:161} INFO - Started process (PID=4478) to work on /home/airflow/.local/lib/python3.12/site-packages/airflow/example_dags/example_nested_branch_dag.py
[2025-09-29T15:41:35.787+0000] {processor.py:830} INFO - Processing file /home/airflow/.local/lib/python3.12/site-packages/airflow/example_dags/example_nested_branch_dag.py for tasks to queue
[2025-09-29T15:41:35.792+0000] {logging_mixin.py:188} INFO - [2025-09-29T15:41:35.791+0000] {dagbag.py:545} INFO - Filling up the DagBag from /home/airflow/.local/lib/python3.12/site-packages/airflow/example_dags/example_nested_branch_dag.py
[2025-09-29T15:41:35.817+0000] {processor.py:840} INFO - DAG(s) 'example_nested_branch_dag' retrieved from /home/airflow/.local/lib/python3.12/site-packages/airflow/example_dags/example_nested_branch_dag.py
[2025-09-29T15:41:35.878+0000] {logging_mixin.py:188} INFO - [2025-09-29T15:41:35.878+0000] {dag.py:3089} INFO - Sync 1 DAGs
[2025-09-29T15:41:35.935+0000] {logging_mixin.py:188} INFO - [2025-09-29T15:41:35.935+0000] {dag.py:3947} INFO - Setting next_dagrun for example_nested_branch_dag to 2025-09-28 00:00:00+00:00, run_after=2025-09-29 00:00:00+00:00
[2025-09-29T15:41:35.982+0000] {processor.py:183} INFO - Processing /home/airflow/.local/lib/python3.12/site-packages/airflow/example_dags/example_nested_branch_dag.py took 0.213 seconds
[2025-09-29T15:42:06.940+0000] {processor.py:161} INFO - Started process (PID=4750) to work on /home/airflow/.local/lib/python3.12/site-packages/airflow/example_dags/example_nested_branch_dag.py
[2025-09-29T15:42:06.942+0000] {processor.py:830} INFO - Processing file /home/airflow/.local/lib/python3.12/site-packages/airflow/example_dags/example_nested_branch_dag.py for tasks to queue
[2025-09-29T15:42:06.947+0000] {logging_mixin.py:188} INFO - [2025-09-29T15:42:06.946+0000] {dagbag.py:545} INFO - Filling up the DagBag from /home/airflow/.local/lib/python3.12/site-packages/airflow/example_dags/example_nested_branch_dag.py
[2025-09-29T15:42:06.971+0000] {processor.py:840} INFO - DAG(s) 'example_nested_branch_dag' retrieved from /home/airflow/.local/lib/python3.12/site-packages/airflow/example_dags/example_nested_branch_dag.py
[2025-09-29T15:42:07.046+0000] {logging_mixin.py:188} INFO - [2025-09-29T15:42:07.045+0000] {dag.py:3089} INFO - Sync 1 DAGs
[2025-09-29T15:42:07.110+0000] {logging_mixin.py:188} INFO - [2025-09-29T15:42:07.109+0000] {dag.py:3947} INFO - Setting next_dagrun for example_nested_branch_dag to 2025-09-28 00:00:00+00:00, run_after=2025-09-29 00:00:00+00:00
[2025-09-29T15:42:07.203+0000] {processor.py:183} INFO - Processing /home/airflow/.local/lib/python3.12/site-packages/airflow/example_dags/example_nested_branch_dag.py took 0.277 seconds
[2025-09-29T15:42:37.473+0000] {processor.py:161} INFO - Started process (PID=5012) to work on /home/airflow/.local/lib/python3.12/site-packages/airflow/example_dags/example_nested_branch_dag.py
[2025-09-29T15:42:37.475+0000] {processor.py:830} INFO - Processing file /home/airflow/.local/lib/python3.12/site-packages/airflow/example_dags/example_nested_branch_dag.py for tasks to queue
[2025-09-29T15:42:37.479+0000] {logging_mixin.py:188} INFO - [2025-09-29T15:42:37.478+0000] {dagbag.py:545} INFO - Filling up the DagBag from /home/airflow/.local/lib/python3.12/site-packages/airflow/example_dags/example_nested_branch_dag.py
[2025-09-29T15:42:37.503+0000] {processor.py:840} INFO - DAG(s) 'example_nested_branch_dag' retrieved from /home/airflow/.local/lib/python3.12/site-packages/airflow/example_dags/example_nested_branch_dag.py
[2025-09-29T15:42:37.561+0000] {logging_mixin.py:188} INFO - [2025-09-29T15:42:37.561+0000] {dag.py:3089} INFO - Sync 1 DAGs
[2025-09-29T15:42:37.614+0000] {logging_mixin.py:188} INFO - [2025-09-29T15:42:37.613+0000] {dag.py:3947} INFO - Setting next_dagrun for example_nested_branch_dag to 2025-09-28 00:00:00+00:00, run_after=2025-09-29 00:00:00+00:00
[2025-09-29T15:42:37.658+0000] {processor.py:183} INFO - Processing /home/airflow/.local/lib/python3.12/site-packages/airflow/example_dags/example_nested_branch_dag.py took 0.199 seconds
[2025-09-29T15:43:07.955+0000] {processor.py:161} INFO - Started process (PID=5274) to work on /home/airflow/.local/lib/python3.12/site-packages/airflow/example_dags/example_nested_branch_dag.py
[2025-09-29T15:43:07.958+0000] {processor.py:830} INFO - Processing file /home/airflow/.local/lib/python3.12/site-packages/airflow/example_dags/example_nested_branch_dag.py for tasks to queue
[2025-09-29T15:43:07.963+0000] {logging_mixin.py:188} INFO - [2025-09-29T15:43:07.962+0000] {dagbag.py:545} INFO - Filling up the DagBag from /home/airflow/.local/lib/python3.12/site-packages/airflow/example_dags/example_nested_branch_dag.py
[2025-09-29T15:43:07.988+0000] {processor.py:840} INFO - DAG(s) 'example_nested_branch_dag' retrieved from /home/airflow/.local/lib/python3.12/site-packages/airflow/example_dags/example_nested_branch_dag.py
[2025-09-29T15:43:08.049+0000] {logging_mixin.py:188} INFO - [2025-09-29T15:43:08.048+0000] {dag.py:3089} INFO - Sync 1 DAGs
[2025-09-29T15:43:08.101+0000] {logging_mixin.py:188} INFO - [2025-09-29T15:43:08.101+0000] {dag.py:3947} INFO - Setting next_dagrun for example_nested_branch_dag to 2025-09-28 00:00:00+00:00, run_after=2025-09-29 00:00:00+00:00
[2025-09-29T15:43:08.148+0000] {processor.py:183} INFO - Processing /home/airflow/.local/lib/python3.12/site-packages/airflow/example_dags/example_nested_branch_dag.py took 0.208 seconds
[2025-09-29T15:43:38.511+0000] {processor.py:161} INFO - Started process (PID=5536) to work on /home/airflow/.local/lib/python3.12/site-packages/airflow/example_dags/example_nested_branch_dag.py
[2025-09-29T15:43:38.515+0000] {processor.py:830} INFO - Processing file /home/airflow/.local/lib/python3.12/site-packages/airflow/example_dags/example_nested_branch_dag.py for tasks to queue
[2025-09-29T15:43:38.521+0000] {logging_mixin.py:188} INFO - [2025-09-29T15:43:38.520+0000] {dagbag.py:545} INFO - Filling up the DagBag from /home/airflow/.local/lib/python3.12/site-packages/airflow/example_dags/example_nested_branch_dag.py
[2025-09-29T15:43:38.567+0000] {processor.py:840} INFO - DAG(s) 'example_nested_branch_dag' retrieved from /home/airflow/.local/lib/python3.12/site-packages/airflow/example_dags/example_nested_branch_dag.py
[2025-09-29T15:43:38.641+0000] {logging_mixin.py:188} INFO - [2025-09-29T15:43:38.640+0000] {dag.py:3089} INFO - Sync 1 DAGs
[2025-09-29T15:43:38.703+0000] {logging_mixin.py:188} INFO - [2025-09-29T15:43:38.703+0000] {dag.py:3947} INFO - Setting next_dagrun for example_nested_branch_dag to 2025-09-28 00:00:00+00:00, run_after=2025-09-29 00:00:00+00:00
[2025-09-29T15:43:38.759+0000] {processor.py:183} INFO - Processing /home/airflow/.local/lib/python3.12/site-packages/airflow/example_dags/example_nested_branch_dag.py took 0.268 seconds
[2025-09-29T15:44:09.062+0000] {processor.py:161} INFO - Started process (PID=5798) to work on /home/airflow/.local/lib/python3.12/site-packages/airflow/example_dags/example_nested_branch_dag.py
[2025-09-29T15:44:09.063+0000] {processor.py:830} INFO - Processing file /home/airflow/.local/lib/python3.12/site-packages/airflow/example_dags/example_nested_branch_dag.py for tasks to queue
[2025-09-29T15:44:09.068+0000] {logging_mixin.py:188} INFO - [2025-09-29T15:44:09.067+0000] {dagbag.py:545} INFO - Filling up the DagBag from /home/airflow/.local/lib/python3.12/site-packages/airflow/example_dags/example_nested_branch_dag.py
[2025-09-29T15:44:09.093+0000] {processor.py:840} INFO - DAG(s) 'example_nested_branch_dag' retrieved from /home/airflow/.local/lib/python3.12/site-packages/airflow/example_dags/example_nested_branch_dag.py
[2025-09-29T15:44:09.155+0000] {logging_mixin.py:188} INFO - [2025-09-29T15:44:09.155+0000] {dag.py:3089} INFO - Sync 1 DAGs
[2025-09-29T15:44:09.210+0000] {logging_mixin.py:188} INFO - [2025-09-29T15:44:09.209+0000] {dag.py:3947} INFO - Setting next_dagrun for example_nested_branch_dag to 2025-09-28 00:00:00+00:00, run_after=2025-09-29 00:00:00+00:00
[2025-09-29T15:44:09.256+0000] {processor.py:183} INFO - Processing /home/airflow/.local/lib/python3.12/site-packages/airflow/example_dags/example_nested_branch_dag.py took 0.209 seconds
[2025-09-29T15:44:39.624+0000] {processor.py:161} INFO - Started process (PID=6063) to work on /home/airflow/.local/lib/python3.12/site-packages/airflow/example_dags/example_nested_branch_dag.py
[2025-09-29T15:44:39.627+0000] {processor.py:830} INFO - Processing file /home/airflow/.local/lib/python3.12/site-packages/airflow/example_dags/example_nested_branch_dag.py for tasks to queue
[2025-09-29T15:44:39.632+0000] {logging_mixin.py:188} INFO - [2025-09-29T15:44:39.631+0000] {dagbag.py:545} INFO - Filling up the DagBag from /home/airflow/.local/lib/python3.12/site-packages/airflow/example_dags/example_nested_branch_dag.py
[2025-09-29T15:44:39.656+0000] {processor.py:840} INFO - DAG(s) 'example_nested_branch_dag' retrieved from /home/airflow/.local/lib/python3.12/site-packages/airflow/example_dags/example_nested_branch_dag.py
[2025-09-29T15:44:39.716+0000] {logging_mixin.py:188} INFO - [2025-09-29T15:44:39.716+0000] {dag.py:3089} INFO - Sync 1 DAGs
[2025-09-29T15:44:39.774+0000] {logging_mixin.py:188} INFO - [2025-09-29T15:44:39.774+0000] {dag.py:3947} INFO - Setting next_dagrun for example_nested_branch_dag to 2025-09-28 00:00:00+00:00, run_after=2025-09-29 00:00:00+00:00
[2025-09-29T15:44:39.822+0000] {processor.py:183} INFO - Processing /home/airflow/.local/lib/python3.12/site-packages/airflow/example_dags/example_nested_branch_dag.py took 0.212 seconds
[2025-09-29T15:45:10.090+0000] {processor.py:161} INFO - Started process (PID=6325) to work on /home/airflow/.local/lib/python3.12/site-packages/airflow/example_dags/example_nested_branch_dag.py
[2025-09-29T15:45:10.092+0000] {processor.py:830} INFO - Processing file /home/airflow/.local/lib/python3.12/site-packages/airflow/example_dags/example_nested_branch_dag.py for tasks to queue
[2025-09-29T15:45:10.097+0000] {logging_mixin.py:188} INFO - [2025-09-29T15:45:10.096+0000] {dagbag.py:545} INFO - Filling up the DagBag from /home/airflow/.local/lib/python3.12/site-packages/airflow/example_dags/example_nested_branch_dag.py
[2025-09-29T15:45:10.123+0000] {processor.py:840} INFO - DAG(s) 'example_nested_branch_dag' retrieved from /home/airflow/.local/lib/python3.12/site-packages/airflow/example_dags/example_nested_branch_dag.py
[2025-09-29T15:45:10.184+0000] {logging_mixin.py:188} INFO - [2025-09-29T15:45:10.184+0000] {dag.py:3089} INFO - Sync 1 DAGs
[2025-09-29T15:45:10.241+0000] {logging_mixin.py:188} INFO - [2025-09-29T15:45:10.240+0000] {dag.py:3947} INFO - Setting next_dagrun for example_nested_branch_dag to 2025-09-28 00:00:00+00:00, run_after=2025-09-29 00:00:00+00:00
[2025-09-29T15:45:10.290+0000] {processor.py:183} INFO - Processing /home/airflow/.local/lib/python3.12/site-packages/airflow/example_dags/example_nested_branch_dag.py took 0.214 seconds
[2025-09-29T15:45:40.913+0000] {processor.py:161} INFO - Started process (PID=6592) to work on /home/airflow/.local/lib/python3.12/site-packages/airflow/example_dags/example_nested_branch_dag.py
[2025-09-29T15:45:40.916+0000] {processor.py:830} INFO - Processing file /home/airflow/.local/lib/python3.12/site-packages/airflow/example_dags/example_nested_branch_dag.py for tasks to queue
[2025-09-29T15:45:40.920+0000] {logging_mixin.py:188} INFO - [2025-09-29T15:45:40.920+0000] {dagbag.py:545} INFO - Filling up the DagBag from /home/airflow/.local/lib/python3.12/site-packages/airflow/example_dags/example_nested_branch_dag.py
[2025-09-29T15:45:40.948+0000] {processor.py:840} INFO - DAG(s) 'example_nested_branch_dag' retrieved from /home/airflow/.local/lib/python3.12/site-packages/airflow/example_dags/example_nested_branch_dag.py
[2025-09-29T15:45:41.004+0000] {logging_mixin.py:188} INFO - [2025-09-29T15:45:41.004+0000] {dag.py:3089} INFO - Sync 1 DAGs
[2025-09-29T15:45:41.058+0000] {logging_mixin.py:188} INFO - [2025-09-29T15:45:41.058+0000] {dag.py:3947} INFO - Setting next_dagrun for example_nested_branch_dag to 2025-09-28 00:00:00+00:00, run_after=2025-09-29 00:00:00+00:00
[2025-09-29T15:45:41.105+0000] {processor.py:183} INFO - Processing /home/airflow/.local/lib/python3.12/site-packages/airflow/example_dags/example_nested_branch_dag.py took 0.206 seconds
[2025-09-29T15:46:11.654+0000] {processor.py:161} INFO - Started process (PID=6859) to work on /home/airflow/.local/lib/python3.12/site-packages/airflow/example_dags/example_nested_branch_dag.py
[2025-09-29T15:46:11.656+0000] {processor.py:830} INFO - Processing file /home/airflow/.local/lib/python3.12/site-packages/airflow/example_dags/example_nested_branch_dag.py for tasks to queue
[2025-09-29T15:46:11.661+0000] {logging_mixin.py:188} INFO - [2025-09-29T15:46:11.660+0000] {dagbag.py:545} INFO - Filling up the DagBag from /home/airflow/.local/lib/python3.12/site-packages/airflow/example_dags/example_nested_branch_dag.py
[2025-09-29T15:46:11.690+0000] {processor.py:840} INFO - DAG(s) 'example_nested_branch_dag' retrieved from /home/airflow/.local/lib/python3.12/site-packages/airflow/example_dags/example_nested_branch_dag.py
[2025-09-29T15:46:11.762+0000] {logging_mixin.py:188} INFO - [2025-09-29T15:46:11.761+0000] {dag.py:3089} INFO - Sync 1 DAGs
[2025-09-29T15:46:11.820+0000] {logging_mixin.py:188} INFO - [2025-09-29T15:46:11.820+0000] {dag.py:3947} INFO - Setting next_dagrun for example_nested_branch_dag to 2025-09-28 00:00:00+00:00, run_after=2025-09-29 00:00:00+00:00
[2025-09-29T15:46:11.874+0000] {processor.py:183} INFO - Processing /home/airflow/.local/lib/python3.12/site-packages/airflow/example_dags/example_nested_branch_dag.py took 0.238 seconds
[2025-09-29T15:46:42.498+0000] {processor.py:161} INFO - Started process (PID=7128) to work on /home/airflow/.local/lib/python3.12/site-packages/airflow/example_dags/example_nested_branch_dag.py
[2025-09-29T15:46:42.499+0000] {processor.py:830} INFO - Processing file /home/airflow/.local/lib/python3.12/site-packages/airflow/example_dags/example_nested_branch_dag.py for tasks to queue
[2025-09-29T15:46:42.503+0000] {logging_mixin.py:188} INFO - [2025-09-29T15:46:42.502+0000] {dagbag.py:545} INFO - Filling up the DagBag from /home/airflow/.local/lib/python3.12/site-packages/airflow/example_dags/example_nested_branch_dag.py
[2025-09-29T15:46:42.527+0000] {processor.py:840} INFO - DAG(s) 'example_nested_branch_dag' retrieved from /home/airflow/.local/lib/python3.12/site-packages/airflow/example_dags/example_nested_branch_dag.py
[2025-09-29T15:46:42.586+0000] {logging_mixin.py:188} INFO - [2025-09-29T15:46:42.586+0000] {dag.py:3089} INFO - Sync 1 DAGs
[2025-09-29T15:46:42.639+0000] {logging_mixin.py:188} INFO - [2025-09-29T15:46:42.638+0000] {dag.py:3947} INFO - Setting next_dagrun for example_nested_branch_dag to 2025-09-28 00:00:00+00:00, run_after=2025-09-29 00:00:00+00:00
[2025-09-29T15:46:42.685+0000] {processor.py:183} INFO - Processing /home/airflow/.local/lib/python3.12/site-packages/airflow/example_dags/example_nested_branch_dag.py took 0.202 seconds
[2025-09-29T15:47:13.780+0000] {processor.py:161} INFO - Started process (PID=7390) to work on /home/airflow/.local/lib/python3.12/site-packages/airflow/example_dags/example_nested_branch_dag.py
[2025-09-29T15:47:13.783+0000] {processor.py:830} INFO - Processing file /home/airflow/.local/lib/python3.12/site-packages/airflow/example_dags/example_nested_branch_dag.py for tasks to queue
[2025-09-29T15:47:13.787+0000] {logging_mixin.py:188} INFO - [2025-09-29T15:47:13.787+0000] {dagbag.py:545} INFO - Filling up the DagBag from /home/airflow/.local/lib/python3.12/site-packages/airflow/example_dags/example_nested_branch_dag.py
[2025-09-29T15:47:13.815+0000] {processor.py:840} INFO - DAG(s) 'example_nested_branch_dag' retrieved from /home/airflow/.local/lib/python3.12/site-packages/airflow/example_dags/example_nested_branch_dag.py
[2025-09-29T15:47:13.879+0000] {logging_mixin.py:188} INFO - [2025-09-29T15:47:13.879+0000] {dag.py:3089} INFO - Sync 1 DAGs
[2025-09-29T15:47:13.936+0000] {logging_mixin.py:188} INFO - [2025-09-29T15:47:13.936+0000] {dag.py:3947} INFO - Setting next_dagrun for example_nested_branch_dag to 2025-09-28 00:00:00+00:00, run_after=2025-09-29 00:00:00+00:00
[2025-09-29T15:47:13.988+0000] {processor.py:183} INFO - Processing /home/airflow/.local/lib/python3.12/site-packages/airflow/example_dags/example_nested_branch_dag.py took 0.224 seconds
[2025-09-29T15:47:45.322+0000] {processor.py:161} INFO - Started process (PID=7657) to work on /home/airflow/.local/lib/python3.12/site-packages/airflow/example_dags/example_nested_branch_dag.py
[2025-09-29T15:47:45.323+0000] {processor.py:830} INFO - Processing file /home/airflow/.local/lib/python3.12/site-packages/airflow/example_dags/example_nested_branch_dag.py for tasks to queue
[2025-09-29T15:47:45.328+0000] {logging_mixin.py:188} INFO - [2025-09-29T15:47:45.327+0000] {dagbag.py:545} INFO - Filling up the DagBag from /home/airflow/.local/lib/python3.12/site-packages/airflow/example_dags/example_nested_branch_dag.py
[2025-09-29T15:47:45.352+0000] {processor.py:840} INFO - DAG(s) 'example_nested_branch_dag' retrieved from /home/airflow/.local/lib/python3.12/site-packages/airflow/example_dags/example_nested_branch_dag.py
[2025-09-29T15:47:45.412+0000] {logging_mixin.py:188} INFO - [2025-09-29T15:47:45.411+0000] {dag.py:3089} INFO - Sync 1 DAGs
[2025-09-29T15:47:45.467+0000] {logging_mixin.py:188} INFO - [2025-09-29T15:47:45.466+0000] {dag.py:3947} INFO - Setting next_dagrun for example_nested_branch_dag to 2025-09-28 00:00:00+00:00, run_after=2025-09-29 00:00:00+00:00
[2025-09-29T15:47:45.517+0000] {processor.py:183} INFO - Processing /home/airflow/.local/lib/python3.12/site-packages/airflow/example_dags/example_nested_branch_dag.py took 0.210 seconds
[2025-09-29T15:48:16.755+0000] {processor.py:161} INFO - Started process (PID=7932) to work on /home/airflow/.local/lib/python3.12/site-packages/airflow/example_dags/example_nested_branch_dag.py
[2025-09-29T15:48:16.758+0000] {processor.py:830} INFO - Processing file /home/airflow/.local/lib/python3.12/site-packages/airflow/example_dags/example_nested_branch_dag.py for tasks to queue
[2025-09-29T15:48:16.762+0000] {logging_mixin.py:188} INFO - [2025-09-29T15:48:16.761+0000] {dagbag.py:545} INFO - Filling up the DagBag from /home/airflow/.local/lib/python3.12/site-packages/airflow/example_dags/example_nested_branch_dag.py
[2025-09-29T15:48:16.790+0000] {processor.py:840} INFO - DAG(s) 'example_nested_branch_dag' retrieved from /home/airflow/.local/lib/python3.12/site-packages/airflow/example_dags/example_nested_branch_dag.py
[2025-09-29T15:48:16.855+0000] {logging_mixin.py:188} INFO - [2025-09-29T15:48:16.855+0000] {dag.py:3089} INFO - Sync 1 DAGs
[2025-09-29T15:48:16.913+0000] {logging_mixin.py:188} INFO - [2025-09-29T15:48:16.912+0000] {dag.py:3947} INFO - Setting next_dagrun for example_nested_branch_dag to 2025-09-28 00:00:00+00:00, run_after=2025-09-29 00:00:00+00:00
[2025-09-29T15:48:16.960+0000] {processor.py:183} INFO - Processing /home/airflow/.local/lib/python3.12/site-packages/airflow/example_dags/example_nested_branch_dag.py took 0.221 seconds
[2025-09-29T15:48:47.523+0000] {processor.py:161} INFO - Started process (PID=8194) to work on /home/airflow/.local/lib/python3.12/site-packages/airflow/example_dags/example_nested_branch_dag.py
[2025-09-29T15:48:47.526+0000] {processor.py:830} INFO - Processing file /home/airflow/.local/lib/python3.12/site-packages/airflow/example_dags/example_nested_branch_dag.py for tasks to queue
[2025-09-29T15:48:47.530+0000] {logging_mixin.py:188} INFO - [2025-09-29T15:48:47.529+0000] {dagbag.py:545} INFO - Filling up the DagBag from /home/airflow/.local/lib/python3.12/site-packages/airflow/example_dags/example_nested_branch_dag.py
[2025-09-29T15:48:47.568+0000] {processor.py:840} INFO - DAG(s) 'example_nested_branch_dag' retrieved from /home/airflow/.local/lib/python3.12/site-packages/airflow/example_dags/example_nested_branch_dag.py
[2025-09-29T15:48:47.648+0000] {logging_mixin.py:188} INFO - [2025-09-29T15:48:47.648+0000] {dag.py:3089} INFO - Sync 1 DAGs
[2025-09-29T15:48:47.704+0000] {logging_mixin.py:188} INFO - [2025-09-29T15:48:47.703+0000] {dag.py:3947} INFO - Setting next_dagrun for example_nested_branch_dag to 2025-09-28 00:00:00+00:00, run_after=2025-09-29 00:00:00+00:00
[2025-09-29T15:48:47.749+0000] {processor.py:183} INFO - Processing /home/airflow/.local/lib/python3.12/site-packages/airflow/example_dags/example_nested_branch_dag.py took 0.248 seconds
[2025-09-29T15:49:18.186+0000] {processor.py:161} INFO - Started process (PID=8456) to work on /home/airflow/.local/lib/python3.12/site-packages/airflow/example_dags/example_nested_branch_dag.py
[2025-09-29T15:49:18.189+0000] {processor.py:830} INFO - Processing file /home/airflow/.local/lib/python3.12/site-packages/airflow/example_dags/example_nested_branch_dag.py for tasks to queue
[2025-09-29T15:49:18.193+0000] {logging_mixin.py:188} INFO - [2025-09-29T15:49:18.192+0000] {dagbag.py:545} INFO - Filling up the DagBag from /home/airflow/.local/lib/python3.12/site-packages/airflow/example_dags/example_nested_branch_dag.py
[2025-09-29T15:49:18.217+0000] {processor.py:840} INFO - DAG(s) 'example_nested_branch_dag' retrieved from /home/airflow/.local/lib/python3.12/site-packages/airflow/example_dags/example_nested_branch_dag.py
[2025-09-29T15:49:18.273+0000] {logging_mixin.py:188} INFO - [2025-09-29T15:49:18.273+0000] {dag.py:3089} INFO - Sync 1 DAGs
[2025-09-29T15:49:18.325+0000] {logging_mixin.py:188} INFO - [2025-09-29T15:49:18.324+0000] {dag.py:3947} INFO - Setting next_dagrun for example_nested_branch_dag to 2025-09-28 00:00:00+00:00, run_after=2025-09-29 00:00:00+00:00
[2025-09-29T15:49:18.370+0000] {processor.py:183} INFO - Processing /home/airflow/.local/lib/python3.12/site-packages/airflow/example_dags/example_nested_branch_dag.py took 0.198 seconds
[2025-09-29T15:49:50.225+0000] {processor.py:161} INFO - Started process (PID=8720) to work on /home/airflow/.local/lib/python3.12/site-packages/airflow/example_dags/example_nested_branch_dag.py
[2025-09-29T15:49:50.233+0000] {processor.py:830} INFO - Processing file /home/airflow/.local/lib/python3.12/site-packages/airflow/example_dags/example_nested_branch_dag.py for tasks to queue
[2025-09-29T15:49:50.237+0000] {logging_mixin.py:188} INFO - [2025-09-29T15:49:50.237+0000] {dagbag.py:545} INFO - Filling up the DagBag from /home/airflow/.local/lib/python3.12/site-packages/airflow/example_dags/example_nested_branch_dag.py
[2025-09-29T15:49:50.263+0000] {processor.py:840} INFO - DAG(s) 'example_nested_branch_dag' retrieved from /home/airflow/.local/lib/python3.12/site-packages/airflow/example_dags/example_nested_branch_dag.py
[2025-09-29T15:49:50.320+0000] {logging_mixin.py:188} INFO - [2025-09-29T15:49:50.320+0000] {dag.py:3089} INFO - Sync 1 DAGs
[2025-09-29T15:49:50.379+0000] {logging_mixin.py:188} INFO - [2025-09-29T15:49:50.378+0000] {dag.py:3947} INFO - Setting next_dagrun for example_nested_branch_dag to 2025-09-28 00:00:00+00:00, run_after=2025-09-29 00:00:00+00:00
[2025-09-29T15:49:50.434+0000] {processor.py:183} INFO - Processing /home/airflow/.local/lib/python3.12/site-packages/airflow/example_dags/example_nested_branch_dag.py took 0.223 seconds
[2025-09-29T15:50:20.943+0000] {processor.py:161} INFO - Started process (PID=8970) to work on /home/airflow/.local/lib/python3.12/site-packages/airflow/example_dags/example_nested_branch_dag.py
[2025-09-29T15:50:20.946+0000] {processor.py:830} INFO - Processing file /home/airflow/.local/lib/python3.12/site-packages/airflow/example_dags/example_nested_branch_dag.py for tasks to queue
[2025-09-29T15:50:20.950+0000] {logging_mixin.py:188} INFO - [2025-09-29T15:50:20.949+0000] {dagbag.py:545} INFO - Filling up the DagBag from /home/airflow/.local/lib/python3.12/site-packages/airflow/example_dags/example_nested_branch_dag.py
[2025-09-29T15:50:20.974+0000] {processor.py:840} INFO - DAG(s) 'example_nested_branch_dag' retrieved from /home/airflow/.local/lib/python3.12/site-packages/airflow/example_dags/example_nested_branch_dag.py
[2025-09-29T15:50:21.044+0000] {logging_mixin.py:188} INFO - [2025-09-29T15:50:21.044+0000] {dag.py:3089} INFO - Sync 1 DAGs
[2025-09-29T15:50:21.107+0000] {logging_mixin.py:188} INFO - [2025-09-29T15:50:21.107+0000] {dag.py:3947} INFO - Setting next_dagrun for example_nested_branch_dag to 2025-09-28 00:00:00+00:00, run_after=2025-09-29 00:00:00+00:00
[2025-09-29T15:50:21.161+0000] {processor.py:183} INFO - Processing /home/airflow/.local/lib/python3.12/site-packages/airflow/example_dags/example_nested_branch_dag.py took 0.232 seconds
[2025-09-29T15:50:51.552+0000] {processor.py:161} INFO - Started process (PID=9231) to work on /home/airflow/.local/lib/python3.12/site-packages/airflow/example_dags/example_nested_branch_dag.py
[2025-09-29T15:50:51.555+0000] {processor.py:830} INFO - Processing file /home/airflow/.local/lib/python3.12/site-packages/airflow/example_dags/example_nested_branch_dag.py for tasks to queue
[2025-09-29T15:50:51.559+0000] {logging_mixin.py:188} INFO - [2025-09-29T15:50:51.558+0000] {dagbag.py:545} INFO - Filling up the DagBag from /home/airflow/.local/lib/python3.12/site-packages/airflow/example_dags/example_nested_branch_dag.py
[2025-09-29T15:50:51.582+0000] {processor.py:840} INFO - DAG(s) 'example_nested_branch_dag' retrieved from /home/airflow/.local/lib/python3.12/site-packages/airflow/example_dags/example_nested_branch_dag.py
[2025-09-29T15:50:51.642+0000] {logging_mixin.py:188} INFO - [2025-09-29T15:50:51.641+0000] {dag.py:3089} INFO - Sync 1 DAGs
[2025-09-29T15:50:51.696+0000] {logging_mixin.py:188} INFO - [2025-09-29T15:50:51.696+0000] {dag.py:3947} INFO - Setting next_dagrun for example_nested_branch_dag to 2025-09-28 00:00:00+00:00, run_after=2025-09-29 00:00:00+00:00
[2025-09-29T15:50:51.742+0000] {processor.py:183} INFO - Processing /home/airflow/.local/lib/python3.12/site-packages/airflow/example_dags/example_nested_branch_dag.py took 0.204 seconds
[2025-09-29T15:51:21.950+0000] {processor.py:161} INFO - Started process (PID=9488) to work on /home/airflow/.local/lib/python3.12/site-packages/airflow/example_dags/example_nested_branch_dag.py
[2025-09-29T15:51:21.953+0000] {processor.py:830} INFO - Processing file /home/airflow/.local/lib/python3.12/site-packages/airflow/example_dags/example_nested_branch_dag.py for tasks to queue
[2025-09-29T15:51:21.957+0000] {logging_mixin.py:188} INFO - [2025-09-29T15:51:21.957+0000] {dagbag.py:545} INFO - Filling up the DagBag from /home/airflow/.local/lib/python3.12/site-packages/airflow/example_dags/example_nested_branch_dag.py
[2025-09-29T15:51:21.981+0000] {processor.py:840} INFO - DAG(s) 'example_nested_branch_dag' retrieved from /home/airflow/.local/lib/python3.12/site-packages/airflow/example_dags/example_nested_branch_dag.py
[2025-09-29T15:51:22.042+0000] {logging_mixin.py:188} INFO - [2025-09-29T15:51:22.042+0000] {dag.py:3089} INFO - Sync 1 DAGs
[2025-09-29T15:51:22.095+0000] {logging_mixin.py:188} INFO - [2025-09-29T15:51:22.094+0000] {dag.py:3947} INFO - Setting next_dagrun for example_nested_branch_dag to 2025-09-28 00:00:00+00:00, run_after=2025-09-29 00:00:00+00:00
[2025-09-29T15:51:22.139+0000] {processor.py:183} INFO - Processing /home/airflow/.local/lib/python3.12/site-packages/airflow/example_dags/example_nested_branch_dag.py took 0.204 seconds
[2025-09-29T15:51:53.352+0000] {processor.py:161} INFO - Started process (PID=9750) to work on /home/airflow/.local/lib/python3.12/site-packages/airflow/example_dags/example_nested_branch_dag.py
[2025-09-29T15:51:53.354+0000] {processor.py:830} INFO - Processing file /home/airflow/.local/lib/python3.12/site-packages/airflow/example_dags/example_nested_branch_dag.py for tasks to queue
[2025-09-29T15:51:53.359+0000] {logging_mixin.py:188} INFO - [2025-09-29T15:51:53.358+0000] {dagbag.py:545} INFO - Filling up the DagBag from /home/airflow/.local/lib/python3.12/site-packages/airflow/example_dags/example_nested_branch_dag.py
[2025-09-29T15:51:53.384+0000] {processor.py:840} INFO - DAG(s) 'example_nested_branch_dag' retrieved from /home/airflow/.local/lib/python3.12/site-packages/airflow/example_dags/example_nested_branch_dag.py
[2025-09-29T15:51:53.445+0000] {logging_mixin.py:188} INFO - [2025-09-29T15:51:53.444+0000] {dag.py:3089} INFO - Sync 1 DAGs
[2025-09-29T15:51:53.501+0000] {logging_mixin.py:188} INFO - [2025-09-29T15:51:53.500+0000] {dag.py:3947} INFO - Setting next_dagrun for example_nested_branch_dag to 2025-09-28 00:00:00+00:00, run_after=2025-09-29 00:00:00+00:00
[2025-09-29T15:51:53.548+0000] {processor.py:183} INFO - Processing /home/airflow/.local/lib/python3.12/site-packages/airflow/example_dags/example_nested_branch_dag.py took 0.211 seconds
[2025-09-29T15:52:24.380+0000] {processor.py:161} INFO - Started process (PID=10012) to work on /home/airflow/.local/lib/python3.12/site-packages/airflow/example_dags/example_nested_branch_dag.py
[2025-09-29T15:52:24.383+0000] {processor.py:830} INFO - Processing file /home/airflow/.local/lib/python3.12/site-packages/airflow/example_dags/example_nested_branch_dag.py for tasks to queue
[2025-09-29T15:52:24.387+0000] {logging_mixin.py:188} INFO - [2025-09-29T15:52:24.386+0000] {dagbag.py:545} INFO - Filling up the DagBag from /home/airflow/.local/lib/python3.12/site-packages/airflow/example_dags/example_nested_branch_dag.py
[2025-09-29T15:52:24.414+0000] {processor.py:840} INFO - DAG(s) 'example_nested_branch_dag' retrieved from /home/airflow/.local/lib/python3.12/site-packages/airflow/example_dags/example_nested_branch_dag.py
[2025-09-29T15:52:24.472+0000] {logging_mixin.py:188} INFO - [2025-09-29T15:52:24.471+0000] {dag.py:3089} INFO - Sync 1 DAGs
[2025-09-29T15:52:24.526+0000] {logging_mixin.py:188} INFO - [2025-09-29T15:52:24.526+0000] {dag.py:3947} INFO - Setting next_dagrun for example_nested_branch_dag to 2025-09-28 00:00:00+00:00, run_after=2025-09-29 00:00:00+00:00
[2025-09-29T15:52:24.576+0000] {processor.py:183} INFO - Processing /home/airflow/.local/lib/python3.12/site-packages/airflow/example_dags/example_nested_branch_dag.py took 0.210 seconds
[2025-09-29T15:52:55.013+0000] {processor.py:161} INFO - Started process (PID=10269) to work on /home/airflow/.local/lib/python3.12/site-packages/airflow/example_dags/example_nested_branch_dag.py
[2025-09-29T15:52:55.016+0000] {processor.py:830} INFO - Processing file /home/airflow/.local/lib/python3.12/site-packages/airflow/example_dags/example_nested_branch_dag.py for tasks to queue
[2025-09-29T15:52:55.020+0000] {logging_mixin.py:188} INFO - [2025-09-29T15:52:55.019+0000] {dagbag.py:545} INFO - Filling up the DagBag from /home/airflow/.local/lib/python3.12/site-packages/airflow/example_dags/example_nested_branch_dag.py
[2025-09-29T15:52:55.051+0000] {processor.py:840} INFO - DAG(s) 'example_nested_branch_dag' retrieved from /home/airflow/.local/lib/python3.12/site-packages/airflow/example_dags/example_nested_branch_dag.py
[2025-09-29T15:52:55.114+0000] {logging_mixin.py:188} INFO - [2025-09-29T15:52:55.114+0000] {dag.py:3089} INFO - Sync 1 DAGs
[2025-09-29T15:52:55.176+0000] {logging_mixin.py:188} INFO - [2025-09-29T15:52:55.175+0000] {dag.py:3947} INFO - Setting next_dagrun for example_nested_branch_dag to 2025-09-28 00:00:00+00:00, run_after=2025-09-29 00:00:00+00:00
[2025-09-29T15:52:55.228+0000] {processor.py:183} INFO - Processing /home/airflow/.local/lib/python3.12/site-packages/airflow/example_dags/example_nested_branch_dag.py took 0.230 seconds
[2025-09-29T15:53:25.878+0000] {processor.py:161} INFO - Started process (PID=10531) to work on /home/airflow/.local/lib/python3.12/site-packages/airflow/example_dags/example_nested_branch_dag.py
[2025-09-29T15:53:25.882+0000] {processor.py:830} INFO - Processing file /home/airflow/.local/lib/python3.12/site-packages/airflow/example_dags/example_nested_branch_dag.py for tasks to queue
[2025-09-29T15:53:25.886+0000] {logging_mixin.py:188} INFO - [2025-09-29T15:53:25.886+0000] {dagbag.py:545} INFO - Filling up the DagBag from /home/airflow/.local/lib/python3.12/site-packages/airflow/example_dags/example_nested_branch_dag.py
[2025-09-29T15:53:25.915+0000] {processor.py:840} INFO - DAG(s) 'example_nested_branch_dag' retrieved from /home/airflow/.local/lib/python3.12/site-packages/airflow/example_dags/example_nested_branch_dag.py
[2025-09-29T15:53:25.977+0000] {logging_mixin.py:188} INFO - [2025-09-29T15:53:25.977+0000] {dag.py:3089} INFO - Sync 1 DAGs
[2025-09-29T15:53:26.031+0000] {logging_mixin.py:188} INFO - [2025-09-29T15:53:26.030+0000] {dag.py:3947} INFO - Setting next_dagrun for example_nested_branch_dag to 2025-09-28 00:00:00+00:00, run_after=2025-09-29 00:00:00+00:00
[2025-09-29T15:53:26.077+0000] {processor.py:183} INFO - Processing /home/airflow/.local/lib/python3.12/site-packages/airflow/example_dags/example_nested_branch_dag.py took 0.215 seconds
[2025-09-29T15:53:56.352+0000] {processor.py:161} INFO - Started process (PID=10795) to work on /home/airflow/.local/lib/python3.12/site-packages/airflow/example_dags/example_nested_branch_dag.py
[2025-09-29T15:53:56.367+0000] {processor.py:830} INFO - Processing file /home/airflow/.local/lib/python3.12/site-packages/airflow/example_dags/example_nested_branch_dag.py for tasks to queue
[2025-09-29T15:53:56.372+0000] {logging_mixin.py:188} INFO - [2025-09-29T15:53:56.371+0000] {dagbag.py:545} INFO - Filling up the DagBag from /home/airflow/.local/lib/python3.12/site-packages/airflow/example_dags/example_nested_branch_dag.py
[2025-09-29T15:53:56.400+0000] {processor.py:840} INFO - DAG(s) 'example_nested_branch_dag' retrieved from /home/airflow/.local/lib/python3.12/site-packages/airflow/example_dags/example_nested_branch_dag.py
[2025-09-29T15:53:56.460+0000] {logging_mixin.py:188} INFO - [2025-09-29T15:53:56.459+0000] {dag.py:3089} INFO - Sync 1 DAGs
[2025-09-29T15:53:56.880+0000] {logging_mixin.py:188} INFO - [2025-09-29T15:53:56.880+0000] {dag.py:3947} INFO - Setting next_dagrun for example_nested_branch_dag to 2025-09-28 00:00:00+00:00, run_after=2025-09-29 00:00:00+00:00
[2025-09-29T15:53:56.941+0000] {processor.py:183} INFO - Processing /home/airflow/.local/lib/python3.12/site-packages/airflow/example_dags/example_nested_branch_dag.py took 0.604 seconds
[2025-09-29T15:54:27.150+0000] {processor.py:161} INFO - Started process (PID=11057) to work on /home/airflow/.local/lib/python3.12/site-packages/airflow/example_dags/example_nested_branch_dag.py
[2025-09-29T15:54:27.153+0000] {processor.py:830} INFO - Processing file /home/airflow/.local/lib/python3.12/site-packages/airflow/example_dags/example_nested_branch_dag.py for tasks to queue
[2025-09-29T15:54:27.157+0000] {logging_mixin.py:188} INFO - [2025-09-29T15:54:27.156+0000] {dagbag.py:545} INFO - Filling up the DagBag from /home/airflow/.local/lib/python3.12/site-packages/airflow/example_dags/example_nested_branch_dag.py
[2025-09-29T15:54:27.180+0000] {processor.py:840} INFO - DAG(s) 'example_nested_branch_dag' retrieved from /home/airflow/.local/lib/python3.12/site-packages/airflow/example_dags/example_nested_branch_dag.py
[2025-09-29T15:54:27.251+0000] {logging_mixin.py:188} INFO - [2025-09-29T15:54:27.251+0000] {dag.py:3089} INFO - Sync 1 DAGs
[2025-09-29T15:54:27.301+0000] {logging_mixin.py:188} INFO - [2025-09-29T15:54:27.301+0000] {dag.py:3947} INFO - Setting next_dagrun for example_nested_branch_dag to 2025-09-28 00:00:00+00:00, run_after=2025-09-29 00:00:00+00:00
[2025-09-29T15:54:27.348+0000] {processor.py:183} INFO - Processing /home/airflow/.local/lib/python3.12/site-packages/airflow/example_dags/example_nested_branch_dag.py took 0.212 seconds
[2025-09-29T15:54:58.254+0000] {processor.py:161} INFO - Started process (PID=11319) to work on /home/airflow/.local/lib/python3.12/site-packages/airflow/example_dags/example_nested_branch_dag.py
[2025-09-29T15:54:58.257+0000] {processor.py:830} INFO - Processing file /home/airflow/.local/lib/python3.12/site-packages/airflow/example_dags/example_nested_branch_dag.py for tasks to queue
[2025-09-29T15:54:58.261+0000] {logging_mixin.py:188} INFO - [2025-09-29T15:54:58.260+0000] {dagbag.py:545} INFO - Filling up the DagBag from /home/airflow/.local/lib/python3.12/site-packages/airflow/example_dags/example_nested_branch_dag.py
[2025-09-29T15:54:58.284+0000] {processor.py:840} INFO - DAG(s) 'example_nested_branch_dag' retrieved from /home/airflow/.local/lib/python3.12/site-packages/airflow/example_dags/example_nested_branch_dag.py
[2025-09-29T15:54:58.343+0000] {logging_mixin.py:188} INFO - [2025-09-29T15:54:58.342+0000] {dag.py:3089} INFO - Sync 1 DAGs
[2025-09-29T15:54:58.395+0000] {logging_mixin.py:188} INFO - [2025-09-29T15:54:58.394+0000] {dag.py:3947} INFO - Setting next_dagrun for example_nested_branch_dag to 2025-09-28 00:00:00+00:00, run_after=2025-09-29 00:00:00+00:00
[2025-09-29T15:54:58.449+0000] {processor.py:183} INFO - Processing /home/airflow/.local/lib/python3.12/site-packages/airflow/example_dags/example_nested_branch_dag.py took 0.211 seconds
[2025-09-29T15:55:28.541+0000] {processor.py:161} INFO - Started process (PID=11579) to work on /home/airflow/.local/lib/python3.12/site-packages/airflow/example_dags/example_nested_branch_dag.py
[2025-09-29T15:55:28.545+0000] {processor.py:830} INFO - Processing file /home/airflow/.local/lib/python3.12/site-packages/airflow/example_dags/example_nested_branch_dag.py for tasks to queue
[2025-09-29T15:55:28.551+0000] {logging_mixin.py:188} INFO - [2025-09-29T15:55:28.550+0000] {dagbag.py:545} INFO - Filling up the DagBag from /home/airflow/.local/lib/python3.12/site-packages/airflow/example_dags/example_nested_branch_dag.py
[2025-09-29T15:55:28.583+0000] {processor.py:840} INFO - DAG(s) 'example_nested_branch_dag' retrieved from /home/airflow/.local/lib/python3.12/site-packages/airflow/example_dags/example_nested_branch_dag.py
[2025-09-29T15:55:28.644+0000] {logging_mixin.py:188} INFO - [2025-09-29T15:55:28.643+0000] {dag.py:3089} INFO - Sync 1 DAGs
[2025-09-29T15:55:28.703+0000] {logging_mixin.py:188} INFO - [2025-09-29T15:55:28.702+0000] {dag.py:3947} INFO - Setting next_dagrun for example_nested_branch_dag to 2025-09-28 00:00:00+00:00, run_after=2025-09-29 00:00:00+00:00
[2025-09-29T15:55:28.758+0000] {processor.py:183} INFO - Processing /home/airflow/.local/lib/python3.12/site-packages/airflow/example_dags/example_nested_branch_dag.py took 0.233 seconds
[2025-09-29T15:55:59.035+0000] {processor.py:161} INFO - Started process (PID=11841) to work on /home/airflow/.local/lib/python3.12/site-packages/airflow/example_dags/example_nested_branch_dag.py
[2025-09-29T15:55:59.038+0000] {processor.py:830} INFO - Processing file /home/airflow/.local/lib/python3.12/site-packages/airflow/example_dags/example_nested_branch_dag.py for tasks to queue
[2025-09-29T15:55:59.043+0000] {logging_mixin.py:188} INFO - [2025-09-29T15:55:59.042+0000] {dagbag.py:545} INFO - Filling up the DagBag from /home/airflow/.local/lib/python3.12/site-packages/airflow/example_dags/example_nested_branch_dag.py
[2025-09-29T15:55:59.070+0000] {processor.py:840} INFO - DAG(s) 'example_nested_branch_dag' retrieved from /home/airflow/.local/lib/python3.12/site-packages/airflow/example_dags/example_nested_branch_dag.py
[2025-09-29T15:55:59.141+0000] {logging_mixin.py:188} INFO - [2025-09-29T15:55:59.141+0000] {dag.py:3089} INFO - Sync 1 DAGs
[2025-09-29T15:55:59.194+0000] {logging_mixin.py:188} INFO - [2025-09-29T15:55:59.194+0000] {dag.py:3947} INFO - Setting next_dagrun for example_nested_branch_dag to 2025-09-28 00:00:00+00:00, run_after=2025-09-29 00:00:00+00:00
[2025-09-29T15:55:59.243+0000] {processor.py:183} INFO - Processing /home/airflow/.local/lib/python3.12/site-packages/airflow/example_dags/example_nested_branch_dag.py took 0.226 seconds
[2025-09-29T15:56:29.766+0000] {processor.py:161} INFO - Started process (PID=12105) to work on /home/airflow/.local/lib/python3.12/site-packages/airflow/example_dags/example_nested_branch_dag.py
[2025-09-29T15:56:29.769+0000] {processor.py:830} INFO - Processing file /home/airflow/.local/lib/python3.12/site-packages/airflow/example_dags/example_nested_branch_dag.py for tasks to queue
[2025-09-29T15:56:29.773+0000] {logging_mixin.py:188} INFO - [2025-09-29T15:56:29.772+0000] {dagbag.py:545} INFO - Filling up the DagBag from /home/airflow/.local/lib/python3.12/site-packages/airflow/example_dags/example_nested_branch_dag.py
[2025-09-29T15:56:29.796+0000] {processor.py:840} INFO - DAG(s) 'example_nested_branch_dag' retrieved from /home/airflow/.local/lib/python3.12/site-packages/airflow/example_dags/example_nested_branch_dag.py
[2025-09-29T15:56:29.858+0000] {logging_mixin.py:188} INFO - [2025-09-29T15:56:29.857+0000] {dag.py:3089} INFO - Sync 1 DAGs
[2025-09-29T15:56:29.913+0000] {logging_mixin.py:188} INFO - [2025-09-29T15:56:29.913+0000] {dag.py:3947} INFO - Setting next_dagrun for example_nested_branch_dag to 2025-09-28 00:00:00+00:00, run_after=2025-09-29 00:00:00+00:00
[2025-09-29T15:56:29.966+0000] {processor.py:183} INFO - Processing /home/airflow/.local/lib/python3.12/site-packages/airflow/example_dags/example_nested_branch_dag.py took 0.217 seconds
[2025-09-29T15:57:00.125+0000] {processor.py:161} INFO - Started process (PID=12365) to work on /home/airflow/.local/lib/python3.12/site-packages/airflow/example_dags/example_nested_branch_dag.py
[2025-09-29T15:57:00.128+0000] {processor.py:830} INFO - Processing file /home/airflow/.local/lib/python3.12/site-packages/airflow/example_dags/example_nested_branch_dag.py for tasks to queue
[2025-09-29T15:57:00.133+0000] {logging_mixin.py:188} INFO - [2025-09-29T15:57:00.132+0000] {dagbag.py:545} INFO - Filling up the DagBag from /home/airflow/.local/lib/python3.12/site-packages/airflow/example_dags/example_nested_branch_dag.py
[2025-09-29T15:57:00.162+0000] {processor.py:840} INFO - DAG(s) 'example_nested_branch_dag' retrieved from /home/airflow/.local/lib/python3.12/site-packages/airflow/example_dags/example_nested_branch_dag.py
[2025-09-29T15:57:00.226+0000] {logging_mixin.py:188} INFO - [2025-09-29T15:57:00.226+0000] {dag.py:3089} INFO - Sync 1 DAGs
[2025-09-29T15:57:00.284+0000] {logging_mixin.py:188} INFO - [2025-09-29T15:57:00.284+0000] {dag.py:3947} INFO - Setting next_dagrun for example_nested_branch_dag to 2025-09-28 00:00:00+00:00, run_after=2025-09-29 00:00:00+00:00
[2025-09-29T15:57:00.336+0000] {processor.py:183} INFO - Processing /home/airflow/.local/lib/python3.12/site-packages/airflow/example_dags/example_nested_branch_dag.py took 0.229 seconds
[2025-09-29T15:57:31.284+0000] {processor.py:161} INFO - Started process (PID=12627) to work on /home/airflow/.local/lib/python3.12/site-packages/airflow/example_dags/example_nested_branch_dag.py
[2025-09-29T15:57:31.286+0000] {processor.py:830} INFO - Processing file /home/airflow/.local/lib/python3.12/site-packages/airflow/example_dags/example_nested_branch_dag.py for tasks to queue
[2025-09-29T15:57:31.291+0000] {logging_mixin.py:188} INFO - [2025-09-29T15:57:31.290+0000] {dagbag.py:545} INFO - Filling up the DagBag from /home/airflow/.local/lib/python3.12/site-packages/airflow/example_dags/example_nested_branch_dag.py
[2025-09-29T15:57:31.320+0000] {processor.py:840} INFO - DAG(s) 'example_nested_branch_dag' retrieved from /home/airflow/.local/lib/python3.12/site-packages/airflow/example_dags/example_nested_branch_dag.py
[2025-09-29T15:57:31.383+0000] {logging_mixin.py:188} INFO - [2025-09-29T15:57:31.382+0000] {dag.py:3089} INFO - Sync 1 DAGs
[2025-09-29T15:57:31.434+0000] {logging_mixin.py:188} INFO - [2025-09-29T15:57:31.434+0000] {dag.py:3947} INFO - Setting next_dagrun for example_nested_branch_dag to 2025-09-28 00:00:00+00:00, run_after=2025-09-29 00:00:00+00:00
[2025-09-29T15:57:31.483+0000] {processor.py:183} INFO - Processing /home/airflow/.local/lib/python3.12/site-packages/airflow/example_dags/example_nested_branch_dag.py took 0.216 seconds
[2025-09-29T15:58:02.195+0000] {processor.py:161} INFO - Started process (PID=12885) to work on /home/airflow/.local/lib/python3.12/site-packages/airflow/example_dags/example_nested_branch_dag.py
[2025-09-29T15:58:02.198+0000] {processor.py:830} INFO - Processing file /home/airflow/.local/lib/python3.12/site-packages/airflow/example_dags/example_nested_branch_dag.py for tasks to queue
[2025-09-29T15:58:02.203+0000] {logging_mixin.py:188} INFO - [2025-09-29T15:58:02.202+0000] {dagbag.py:545} INFO - Filling up the DagBag from /home/airflow/.local/lib/python3.12/site-packages/airflow/example_dags/example_nested_branch_dag.py
[2025-09-29T15:58:02.225+0000] {processor.py:840} INFO - DAG(s) 'example_nested_branch_dag' retrieved from /home/airflow/.local/lib/python3.12/site-packages/airflow/example_dags/example_nested_branch_dag.py
[2025-09-29T15:58:02.283+0000] {logging_mixin.py:188} INFO - [2025-09-29T15:58:02.283+0000] {dag.py:3089} INFO - Sync 1 DAGs
[2025-09-29T15:58:02.332+0000] {logging_mixin.py:188} INFO - [2025-09-29T15:58:02.331+0000] {dag.py:3947} INFO - Setting next_dagrun for example_nested_branch_dag to 2025-09-28 00:00:00+00:00, run_after=2025-09-29 00:00:00+00:00
[2025-09-29T15:58:02.376+0000] {processor.py:183} INFO - Processing /home/airflow/.local/lib/python3.12/site-packages/airflow/example_dags/example_nested_branch_dag.py took 0.196 seconds
[2025-09-29T15:58:32.614+0000] {processor.py:161} INFO - Started process (PID=13147) to work on /home/airflow/.local/lib/python3.12/site-packages/airflow/example_dags/example_nested_branch_dag.py
[2025-09-29T15:58:32.616+0000] {processor.py:830} INFO - Processing file /home/airflow/.local/lib/python3.12/site-packages/airflow/example_dags/example_nested_branch_dag.py for tasks to queue
[2025-09-29T15:58:32.621+0000] {logging_mixin.py:188} INFO - [2025-09-29T15:58:32.620+0000] {dagbag.py:545} INFO - Filling up the DagBag from /home/airflow/.local/lib/python3.12/site-packages/airflow/example_dags/example_nested_branch_dag.py
[2025-09-29T15:58:32.644+0000] {processor.py:840} INFO - DAG(s) 'example_nested_branch_dag' retrieved from /home/airflow/.local/lib/python3.12/site-packages/airflow/example_dags/example_nested_branch_dag.py
[2025-09-29T15:58:32.701+0000] {logging_mixin.py:188} INFO - [2025-09-29T15:58:32.701+0000] {dag.py:3089} INFO - Sync 1 DAGs
[2025-09-29T15:58:32.751+0000] {logging_mixin.py:188} INFO - [2025-09-29T15:58:32.750+0000] {dag.py:3947} INFO - Setting next_dagrun for example_nested_branch_dag to 2025-09-28 00:00:00+00:00, run_after=2025-09-29 00:00:00+00:00
[2025-09-29T15:58:32.796+0000] {processor.py:183} INFO - Processing /home/airflow/.local/lib/python3.12/site-packages/airflow/example_dags/example_nested_branch_dag.py took 0.199 seconds
[2025-09-29T15:59:03.491+0000] {processor.py:161} INFO - Started process (PID=13407) to work on /home/airflow/.local/lib/python3.12/site-packages/airflow/example_dags/example_nested_branch_dag.py
[2025-09-29T15:59:03.494+0000] {processor.py:830} INFO - Processing file /home/airflow/.local/lib/python3.12/site-packages/airflow/example_dags/example_nested_branch_dag.py for tasks to queue
[2025-09-29T15:59:03.499+0000] {logging_mixin.py:188} INFO - [2025-09-29T15:59:03.498+0000] {dagbag.py:545} INFO - Filling up the DagBag from /home/airflow/.local/lib/python3.12/site-packages/airflow/example_dags/example_nested_branch_dag.py
[2025-09-29T15:59:03.525+0000] {processor.py:840} INFO - DAG(s) 'example_nested_branch_dag' retrieved from /home/airflow/.local/lib/python3.12/site-packages/airflow/example_dags/example_nested_branch_dag.py
[2025-09-29T15:59:03.588+0000] {logging_mixin.py:188} INFO - [2025-09-29T15:59:03.587+0000] {dag.py:3089} INFO - Sync 1 DAGs
[2025-09-29T15:59:03.637+0000] {logging_mixin.py:188} INFO - [2025-09-29T15:59:03.636+0000] {dag.py:3947} INFO - Setting next_dagrun for example_nested_branch_dag to 2025-09-28 00:00:00+00:00, run_after=2025-09-29 00:00:00+00:00
[2025-09-29T15:59:03.682+0000] {processor.py:183} INFO - Processing /home/airflow/.local/lib/python3.12/site-packages/airflow/example_dags/example_nested_branch_dag.py took 0.207 seconds
[2025-09-29T15:59:34.291+0000] {processor.py:161} INFO - Started process (PID=13669) to work on /home/airflow/.local/lib/python3.12/site-packages/airflow/example_dags/example_nested_branch_dag.py
[2025-09-29T15:59:34.295+0000] {processor.py:830} INFO - Processing file /home/airflow/.local/lib/python3.12/site-packages/airflow/example_dags/example_nested_branch_dag.py for tasks to queue
[2025-09-29T15:59:34.299+0000] {logging_mixin.py:188} INFO - [2025-09-29T15:59:34.298+0000] {dagbag.py:545} INFO - Filling up the DagBag from /home/airflow/.local/lib/python3.12/site-packages/airflow/example_dags/example_nested_branch_dag.py
[2025-09-29T15:59:34.321+0000] {processor.py:840} INFO - DAG(s) 'example_nested_branch_dag' retrieved from /home/airflow/.local/lib/python3.12/site-packages/airflow/example_dags/example_nested_branch_dag.py
[2025-09-29T15:59:34.379+0000] {logging_mixin.py:188} INFO - [2025-09-29T15:59:34.379+0000] {dag.py:3089} INFO - Sync 1 DAGs
[2025-09-29T15:59:34.429+0000] {logging_mixin.py:188} INFO - [2025-09-29T15:59:34.428+0000] {dag.py:3947} INFO - Setting next_dagrun for example_nested_branch_dag to 2025-09-28 00:00:00+00:00, run_after=2025-09-29 00:00:00+00:00
[2025-09-29T15:59:34.473+0000] {processor.py:183} INFO - Processing /home/airflow/.local/lib/python3.12/site-packages/airflow/example_dags/example_nested_branch_dag.py took 0.196 seconds
[2025-09-29T16:00:04.828+0000] {processor.py:161} INFO - Started process (PID=13931) to work on /home/airflow/.local/lib/python3.12/site-packages/airflow/example_dags/example_nested_branch_dag.py
[2025-09-29T16:00:04.831+0000] {processor.py:830} INFO - Processing file /home/airflow/.local/lib/python3.12/site-packages/airflow/example_dags/example_nested_branch_dag.py for tasks to queue
[2025-09-29T16:00:04.835+0000] {logging_mixin.py:188} INFO - [2025-09-29T16:00:04.834+0000] {dagbag.py:545} INFO - Filling up the DagBag from /home/airflow/.local/lib/python3.12/site-packages/airflow/example_dags/example_nested_branch_dag.py
[2025-09-29T16:00:04.858+0000] {processor.py:840} INFO - DAG(s) 'example_nested_branch_dag' retrieved from /home/airflow/.local/lib/python3.12/site-packages/airflow/example_dags/example_nested_branch_dag.py
[2025-09-29T16:00:04.916+0000] {logging_mixin.py:188} INFO - [2025-09-29T16:00:04.915+0000] {dag.py:3089} INFO - Sync 1 DAGs
[2025-09-29T16:00:04.964+0000] {logging_mixin.py:188} INFO - [2025-09-29T16:00:04.963+0000] {dag.py:3947} INFO - Setting next_dagrun for example_nested_branch_dag to 2025-09-28 00:00:00+00:00, run_after=2025-09-29 00:00:00+00:00
[2025-09-29T16:00:05.007+0000] {processor.py:183} INFO - Processing /home/airflow/.local/lib/python3.12/site-packages/airflow/example_dags/example_nested_branch_dag.py took 0.194 seconds
[2025-09-29T16:00:35.438+0000] {processor.py:161} INFO - Started process (PID=14198) to work on /home/airflow/.local/lib/python3.12/site-packages/airflow/example_dags/example_nested_branch_dag.py
[2025-09-29T16:00:35.441+0000] {processor.py:830} INFO - Processing file /home/airflow/.local/lib/python3.12/site-packages/airflow/example_dags/example_nested_branch_dag.py for tasks to queue
[2025-09-29T16:00:35.446+0000] {logging_mixin.py:188} INFO - [2025-09-29T16:00:35.445+0000] {dagbag.py:545} INFO - Filling up the DagBag from /home/airflow/.local/lib/python3.12/site-packages/airflow/example_dags/example_nested_branch_dag.py
[2025-09-29T16:00:35.474+0000] {processor.py:840} INFO - DAG(s) 'example_nested_branch_dag' retrieved from /home/airflow/.local/lib/python3.12/site-packages/airflow/example_dags/example_nested_branch_dag.py
[2025-09-29T16:00:35.549+0000] {logging_mixin.py:188} INFO - [2025-09-29T16:00:35.549+0000] {dag.py:3089} INFO - Sync 1 DAGs
[2025-09-29T16:00:35.602+0000] {logging_mixin.py:188} INFO - [2025-09-29T16:00:35.601+0000] {dag.py:3947} INFO - Setting next_dagrun for example_nested_branch_dag to 2025-09-28 00:00:00+00:00, run_after=2025-09-29 00:00:00+00:00
[2025-09-29T16:00:35.646+0000] {processor.py:183} INFO - Processing /home/airflow/.local/lib/python3.12/site-packages/airflow/example_dags/example_nested_branch_dag.py took 0.227 seconds
[2025-09-29T16:01:06.295+0000] {processor.py:161} INFO - Started process (PID=14455) to work on /home/airflow/.local/lib/python3.12/site-packages/airflow/example_dags/example_nested_branch_dag.py
[2025-09-29T16:01:06.298+0000] {processor.py:830} INFO - Processing file /home/airflow/.local/lib/python3.12/site-packages/airflow/example_dags/example_nested_branch_dag.py for tasks to queue
[2025-09-29T16:01:06.303+0000] {logging_mixin.py:188} INFO - [2025-09-29T16:01:06.302+0000] {dagbag.py:545} INFO - Filling up the DagBag from /home/airflow/.local/lib/python3.12/site-packages/airflow/example_dags/example_nested_branch_dag.py
[2025-09-29T16:01:06.325+0000] {processor.py:840} INFO - DAG(s) 'example_nested_branch_dag' retrieved from /home/airflow/.local/lib/python3.12/site-packages/airflow/example_dags/example_nested_branch_dag.py
[2025-09-29T16:01:06.388+0000] {logging_mixin.py:188} INFO - [2025-09-29T16:01:06.387+0000] {dag.py:3089} INFO - Sync 1 DAGs
[2025-09-29T16:01:06.447+0000] {logging_mixin.py:188} INFO - [2025-09-29T16:01:06.446+0000] {dag.py:3947} INFO - Setting next_dagrun for example_nested_branch_dag to 2025-09-28 00:00:00+00:00, run_after=2025-09-29 00:00:00+00:00
[2025-09-29T16:01:06.498+0000] {processor.py:183} INFO - Processing /home/airflow/.local/lib/python3.12/site-packages/airflow/example_dags/example_nested_branch_dag.py took 0.220 seconds
[2025-09-29T16:01:36.998+0000] {processor.py:161} INFO - Started process (PID=14719) to work on /home/airflow/.local/lib/python3.12/site-packages/airflow/example_dags/example_nested_branch_dag.py
[2025-09-29T16:01:37.001+0000] {processor.py:830} INFO - Processing file /home/airflow/.local/lib/python3.12/site-packages/airflow/example_dags/example_nested_branch_dag.py for tasks to queue
[2025-09-29T16:01:37.005+0000] {logging_mixin.py:188} INFO - [2025-09-29T16:01:37.004+0000] {dagbag.py:545} INFO - Filling up the DagBag from /home/airflow/.local/lib/python3.12/site-packages/airflow/example_dags/example_nested_branch_dag.py
[2025-09-29T16:01:37.029+0000] {processor.py:840} INFO - DAG(s) 'example_nested_branch_dag' retrieved from /home/airflow/.local/lib/python3.12/site-packages/airflow/example_dags/example_nested_branch_dag.py
[2025-09-29T16:01:37.089+0000] {logging_mixin.py:188} INFO - [2025-09-29T16:01:37.088+0000] {dag.py:3089} INFO - Sync 1 DAGs
[2025-09-29T16:01:37.144+0000] {logging_mixin.py:188} INFO - [2025-09-29T16:01:37.143+0000] {dag.py:3947} INFO - Setting next_dagrun for example_nested_branch_dag to 2025-09-28 00:00:00+00:00, run_after=2025-09-29 00:00:00+00:00
[2025-09-29T16:01:37.189+0000] {processor.py:183} INFO - Processing /home/airflow/.local/lib/python3.12/site-packages/airflow/example_dags/example_nested_branch_dag.py took 0.207 seconds
[2025-09-29T16:02:07.695+0000] {processor.py:161} INFO - Started process (PID=14979) to work on /home/airflow/.local/lib/python3.12/site-packages/airflow/example_dags/example_nested_branch_dag.py
[2025-09-29T16:02:07.698+0000] {processor.py:830} INFO - Processing file /home/airflow/.local/lib/python3.12/site-packages/airflow/example_dags/example_nested_branch_dag.py for tasks to queue
[2025-09-29T16:02:07.702+0000] {logging_mixin.py:188} INFO - [2025-09-29T16:02:07.701+0000] {dagbag.py:545} INFO - Filling up the DagBag from /home/airflow/.local/lib/python3.12/site-packages/airflow/example_dags/example_nested_branch_dag.py
[2025-09-29T16:02:07.724+0000] {processor.py:840} INFO - DAG(s) 'example_nested_branch_dag' retrieved from /home/airflow/.local/lib/python3.12/site-packages/airflow/example_dags/example_nested_branch_dag.py
[2025-09-29T16:02:07.785+0000] {logging_mixin.py:188} INFO - [2025-09-29T16:02:07.785+0000] {dag.py:3089} INFO - Sync 1 DAGs
[2025-09-29T16:02:07.838+0000] {logging_mixin.py:188} INFO - [2025-09-29T16:02:07.838+0000] {dag.py:3947} INFO - Setting next_dagrun for example_nested_branch_dag to 2025-09-28 00:00:00+00:00, run_after=2025-09-29 00:00:00+00:00
[2025-09-29T16:02:07.891+0000] {processor.py:183} INFO - Processing /home/airflow/.local/lib/python3.12/site-packages/airflow/example_dags/example_nested_branch_dag.py took 0.213 seconds
[2025-09-29T16:02:38.315+0000] {processor.py:161} INFO - Started process (PID=15241) to work on /home/airflow/.local/lib/python3.12/site-packages/airflow/example_dags/example_nested_branch_dag.py
[2025-09-29T16:02:38.318+0000] {processor.py:830} INFO - Processing file /home/airflow/.local/lib/python3.12/site-packages/airflow/example_dags/example_nested_branch_dag.py for tasks to queue
[2025-09-29T16:02:38.322+0000] {logging_mixin.py:188} INFO - [2025-09-29T16:02:38.321+0000] {dagbag.py:545} INFO - Filling up the DagBag from /home/airflow/.local/lib/python3.12/site-packages/airflow/example_dags/example_nested_branch_dag.py
[2025-09-29T16:02:38.345+0000] {processor.py:840} INFO - DAG(s) 'example_nested_branch_dag' retrieved from /home/airflow/.local/lib/python3.12/site-packages/airflow/example_dags/example_nested_branch_dag.py
[2025-09-29T16:02:38.419+0000] {logging_mixin.py:188} INFO - [2025-09-29T16:02:38.418+0000] {dag.py:3089} INFO - Sync 1 DAGs
[2025-09-29T16:02:38.557+0000] {logging_mixin.py:188} INFO - [2025-09-29T16:02:38.556+0000] {dag.py:3947} INFO - Setting next_dagrun for example_nested_branch_dag to 2025-09-28 00:00:00+00:00, run_after=2025-09-29 00:00:00+00:00
[2025-09-29T16:02:38.633+0000] {processor.py:183} INFO - Processing /home/airflow/.local/lib/python3.12/site-packages/airflow/example_dags/example_nested_branch_dag.py took 0.334 seconds
[2025-09-29T16:03:08.933+0000] {processor.py:161} INFO - Started process (PID=15503) to work on /home/airflow/.local/lib/python3.12/site-packages/airflow/example_dags/example_nested_branch_dag.py
[2025-09-29T16:03:08.936+0000] {processor.py:830} INFO - Processing file /home/airflow/.local/lib/python3.12/site-packages/airflow/example_dags/example_nested_branch_dag.py for tasks to queue
[2025-09-29T16:03:08.940+0000] {logging_mixin.py:188} INFO - [2025-09-29T16:03:08.939+0000] {dagbag.py:545} INFO - Filling up the DagBag from /home/airflow/.local/lib/python3.12/site-packages/airflow/example_dags/example_nested_branch_dag.py
[2025-09-29T16:03:08.962+0000] {processor.py:840} INFO - DAG(s) 'example_nested_branch_dag' retrieved from /home/airflow/.local/lib/python3.12/site-packages/airflow/example_dags/example_nested_branch_dag.py
[2025-09-29T16:03:09.021+0000] {logging_mixin.py:188} INFO - [2025-09-29T16:03:09.021+0000] {dag.py:3089} INFO - Sync 1 DAGs
[2025-09-29T16:03:09.073+0000] {logging_mixin.py:188} INFO - [2025-09-29T16:03:09.073+0000] {dag.py:3947} INFO - Setting next_dagrun for example_nested_branch_dag to 2025-09-28 00:00:00+00:00, run_after=2025-09-29 00:00:00+00:00
[2025-09-29T16:03:09.123+0000] {processor.py:183} INFO - Processing /home/airflow/.local/lib/python3.12/site-packages/airflow/example_dags/example_nested_branch_dag.py took 0.207 seconds
[2025-09-29T16:03:39.709+0000] {processor.py:161} INFO - Started process (PID=15765) to work on /home/airflow/.local/lib/python3.12/site-packages/airflow/example_dags/example_nested_branch_dag.py
[2025-09-29T16:03:39.711+0000] {processor.py:830} INFO - Processing file /home/airflow/.local/lib/python3.12/site-packages/airflow/example_dags/example_nested_branch_dag.py for tasks to queue
[2025-09-29T16:03:39.715+0000] {logging_mixin.py:188} INFO - [2025-09-29T16:03:39.714+0000] {dagbag.py:545} INFO - Filling up the DagBag from /home/airflow/.local/lib/python3.12/site-packages/airflow/example_dags/example_nested_branch_dag.py
[2025-09-29T16:03:39.740+0000] {processor.py:840} INFO - DAG(s) 'example_nested_branch_dag' retrieved from /home/airflow/.local/lib/python3.12/site-packages/airflow/example_dags/example_nested_branch_dag.py
[2025-09-29T16:03:39.802+0000] {logging_mixin.py:188} INFO - [2025-09-29T16:03:39.801+0000] {dag.py:3089} INFO - Sync 1 DAGs
[2025-09-29T16:03:39.854+0000] {logging_mixin.py:188} INFO - [2025-09-29T16:03:39.853+0000] {dag.py:3947} INFO - Setting next_dagrun for example_nested_branch_dag to 2025-09-28 00:00:00+00:00, run_after=2025-09-29 00:00:00+00:00
[2025-09-29T16:03:39.904+0000] {processor.py:183} INFO - Processing /home/airflow/.local/lib/python3.12/site-packages/airflow/example_dags/example_nested_branch_dag.py took 0.209 seconds
[2025-09-29T16:04:10.174+0000] {processor.py:161} INFO - Started process (PID=16027) to work on /home/airflow/.local/lib/python3.12/site-packages/airflow/example_dags/example_nested_branch_dag.py
[2025-09-29T16:04:10.177+0000] {processor.py:830} INFO - Processing file /home/airflow/.local/lib/python3.12/site-packages/airflow/example_dags/example_nested_branch_dag.py for tasks to queue
[2025-09-29T16:04:10.181+0000] {logging_mixin.py:188} INFO - [2025-09-29T16:04:10.180+0000] {dagbag.py:545} INFO - Filling up the DagBag from /home/airflow/.local/lib/python3.12/site-packages/airflow/example_dags/example_nested_branch_dag.py
[2025-09-29T16:04:10.204+0000] {processor.py:840} INFO - DAG(s) 'example_nested_branch_dag' retrieved from /home/airflow/.local/lib/python3.12/site-packages/airflow/example_dags/example_nested_branch_dag.py
[2025-09-29T16:04:10.263+0000] {logging_mixin.py:188} INFO - [2025-09-29T16:04:10.262+0000] {dag.py:3089} INFO - Sync 1 DAGs
[2025-09-29T16:04:10.315+0000] {logging_mixin.py:188} INFO - [2025-09-29T16:04:10.314+0000] {dag.py:3947} INFO - Setting next_dagrun for example_nested_branch_dag to 2025-09-28 00:00:00+00:00, run_after=2025-09-29 00:00:00+00:00
[2025-09-29T16:04:10.367+0000] {processor.py:183} INFO - Processing /home/airflow/.local/lib/python3.12/site-packages/airflow/example_dags/example_nested_branch_dag.py took 0.208 seconds
[2025-09-29T16:04:40.813+0000] {processor.py:161} INFO - Started process (PID=16289) to work on /home/airflow/.local/lib/python3.12/site-packages/airflow/example_dags/example_nested_branch_dag.py
[2025-09-29T16:04:40.815+0000] {processor.py:830} INFO - Processing file /home/airflow/.local/lib/python3.12/site-packages/airflow/example_dags/example_nested_branch_dag.py for tasks to queue
[2025-09-29T16:04:40.819+0000] {logging_mixin.py:188} INFO - [2025-09-29T16:04:40.818+0000] {dagbag.py:545} INFO - Filling up the DagBag from /home/airflow/.local/lib/python3.12/site-packages/airflow/example_dags/example_nested_branch_dag.py
[2025-09-29T16:04:40.841+0000] {processor.py:840} INFO - DAG(s) 'example_nested_branch_dag' retrieved from /home/airflow/.local/lib/python3.12/site-packages/airflow/example_dags/example_nested_branch_dag.py
[2025-09-29T16:04:40.900+0000] {logging_mixin.py:188} INFO - [2025-09-29T16:04:40.899+0000] {dag.py:3089} INFO - Sync 1 DAGs
[2025-09-29T16:04:40.952+0000] {logging_mixin.py:188} INFO - [2025-09-29T16:04:40.951+0000] {dag.py:3947} INFO - Setting next_dagrun for example_nested_branch_dag to 2025-09-28 00:00:00+00:00, run_after=2025-09-29 00:00:00+00:00
[2025-09-29T16:04:41.007+0000] {processor.py:183} INFO - Processing /home/airflow/.local/lib/python3.12/site-packages/airflow/example_dags/example_nested_branch_dag.py took 0.207 seconds
[2025-09-29T16:05:11.364+0000] {processor.py:161} INFO - Started process (PID=16551) to work on /home/airflow/.local/lib/python3.12/site-packages/airflow/example_dags/example_nested_branch_dag.py
[2025-09-29T16:05:11.367+0000] {processor.py:830} INFO - Processing file /home/airflow/.local/lib/python3.12/site-packages/airflow/example_dags/example_nested_branch_dag.py for tasks to queue
[2025-09-29T16:05:11.372+0000] {logging_mixin.py:188} INFO - [2025-09-29T16:05:11.371+0000] {dagbag.py:545} INFO - Filling up the DagBag from /home/airflow/.local/lib/python3.12/site-packages/airflow/example_dags/example_nested_branch_dag.py
[2025-09-29T16:05:11.405+0000] {processor.py:840} INFO - DAG(s) 'example_nested_branch_dag' retrieved from /home/airflow/.local/lib/python3.12/site-packages/airflow/example_dags/example_nested_branch_dag.py
[2025-09-29T16:05:11.480+0000] {logging_mixin.py:188} INFO - [2025-09-29T16:05:11.479+0000] {dag.py:3089} INFO - Sync 1 DAGs
[2025-09-29T16:05:11.534+0000] {logging_mixin.py:188} INFO - [2025-09-29T16:05:11.534+0000] {dag.py:3947} INFO - Setting next_dagrun for example_nested_branch_dag to 2025-09-28 00:00:00+00:00, run_after=2025-09-29 00:00:00+00:00
[2025-09-29T16:05:11.580+0000] {processor.py:183} INFO - Processing /home/airflow/.local/lib/python3.12/site-packages/airflow/example_dags/example_nested_branch_dag.py took 0.233 seconds
[2025-09-29T16:05:41.940+0000] {processor.py:161} INFO - Started process (PID=16813) to work on /home/airflow/.local/lib/python3.12/site-packages/airflow/example_dags/example_nested_branch_dag.py
[2025-09-29T16:05:41.942+0000] {processor.py:830} INFO - Processing file /home/airflow/.local/lib/python3.12/site-packages/airflow/example_dags/example_nested_branch_dag.py for tasks to queue
[2025-09-29T16:05:41.946+0000] {logging_mixin.py:188} INFO - [2025-09-29T16:05:41.945+0000] {dagbag.py:545} INFO - Filling up the DagBag from /home/airflow/.local/lib/python3.12/site-packages/airflow/example_dags/example_nested_branch_dag.py
[2025-09-29T16:05:41.969+0000] {processor.py:840} INFO - DAG(s) 'example_nested_branch_dag' retrieved from /home/airflow/.local/lib/python3.12/site-packages/airflow/example_dags/example_nested_branch_dag.py
[2025-09-29T16:05:42.028+0000] {logging_mixin.py:188} INFO - [2025-09-29T16:05:42.028+0000] {dag.py:3089} INFO - Sync 1 DAGs
[2025-09-29T16:05:42.078+0000] {logging_mixin.py:188} INFO - [2025-09-29T16:05:42.077+0000] {dag.py:3947} INFO - Setting next_dagrun for example_nested_branch_dag to 2025-09-28 00:00:00+00:00, run_after=2025-09-29 00:00:00+00:00
[2025-09-29T16:05:42.124+0000] {processor.py:183} INFO - Processing /home/airflow/.local/lib/python3.12/site-packages/airflow/example_dags/example_nested_branch_dag.py took 0.200 seconds
[2025-09-29T16:06:12.668+0000] {processor.py:161} INFO - Started process (PID=17075) to work on /home/airflow/.local/lib/python3.12/site-packages/airflow/example_dags/example_nested_branch_dag.py
[2025-09-29T16:06:12.671+0000] {processor.py:830} INFO - Processing file /home/airflow/.local/lib/python3.12/site-packages/airflow/example_dags/example_nested_branch_dag.py for tasks to queue
[2025-09-29T16:06:12.676+0000] {logging_mixin.py:188} INFO - [2025-09-29T16:06:12.675+0000] {dagbag.py:545} INFO - Filling up the DagBag from /home/airflow/.local/lib/python3.12/site-packages/airflow/example_dags/example_nested_branch_dag.py
[2025-09-29T16:06:12.711+0000] {processor.py:840} INFO - DAG(s) 'example_nested_branch_dag' retrieved from /home/airflow/.local/lib/python3.12/site-packages/airflow/example_dags/example_nested_branch_dag.py
[2025-09-29T16:06:12.778+0000] {logging_mixin.py:188} INFO - [2025-09-29T16:06:12.778+0000] {dag.py:3089} INFO - Sync 1 DAGs
[2025-09-29T16:06:12.833+0000] {logging_mixin.py:188} INFO - [2025-09-29T16:06:12.832+0000] {dag.py:3947} INFO - Setting next_dagrun for example_nested_branch_dag to 2025-09-28 00:00:00+00:00, run_after=2025-09-29 00:00:00+00:00
[2025-09-29T16:06:12.882+0000] {processor.py:183} INFO - Processing /home/airflow/.local/lib/python3.12/site-packages/airflow/example_dags/example_nested_branch_dag.py took 0.237 seconds
[2025-09-29T16:06:43.494+0000] {processor.py:161} INFO - Started process (PID=17337) to work on /home/airflow/.local/lib/python3.12/site-packages/airflow/example_dags/example_nested_branch_dag.py
[2025-09-29T16:06:43.496+0000] {processor.py:830} INFO - Processing file /home/airflow/.local/lib/python3.12/site-packages/airflow/example_dags/example_nested_branch_dag.py for tasks to queue
[2025-09-29T16:06:43.500+0000] {logging_mixin.py:188} INFO - [2025-09-29T16:06:43.499+0000] {dagbag.py:545} INFO - Filling up the DagBag from /home/airflow/.local/lib/python3.12/site-packages/airflow/example_dags/example_nested_branch_dag.py
[2025-09-29T16:06:43.523+0000] {processor.py:840} INFO - DAG(s) 'example_nested_branch_dag' retrieved from /home/airflow/.local/lib/python3.12/site-packages/airflow/example_dags/example_nested_branch_dag.py
[2025-09-29T16:06:43.581+0000] {logging_mixin.py:188} INFO - [2025-09-29T16:06:43.580+0000] {dag.py:3089} INFO - Sync 1 DAGs
[2025-09-29T16:06:43.631+0000] {logging_mixin.py:188} INFO - [2025-09-29T16:06:43.630+0000] {dag.py:3947} INFO - Setting next_dagrun for example_nested_branch_dag to 2025-09-28 00:00:00+00:00, run_after=2025-09-29 00:00:00+00:00
[2025-09-29T16:06:43.677+0000] {processor.py:183} INFO - Processing /home/airflow/.local/lib/python3.12/site-packages/airflow/example_dags/example_nested_branch_dag.py took 0.199 seconds
[2025-09-29T16:07:13.780+0000] {processor.py:161} INFO - Started process (PID=17596) to work on /home/airflow/.local/lib/python3.12/site-packages/airflow/example_dags/example_nested_branch_dag.py
[2025-09-29T16:07:13.796+0000] {processor.py:830} INFO - Processing file /home/airflow/.local/lib/python3.12/site-packages/airflow/example_dags/example_nested_branch_dag.py for tasks to queue
[2025-09-29T16:07:13.802+0000] {logging_mixin.py:188} INFO - [2025-09-29T16:07:13.801+0000] {dagbag.py:545} INFO - Filling up the DagBag from /home/airflow/.local/lib/python3.12/site-packages/airflow/example_dags/example_nested_branch_dag.py
[2025-09-29T16:07:13.824+0000] {processor.py:840} INFO - DAG(s) 'example_nested_branch_dag' retrieved from /home/airflow/.local/lib/python3.12/site-packages/airflow/example_dags/example_nested_branch_dag.py
[2025-09-29T16:07:13.889+0000] {logging_mixin.py:188} INFO - [2025-09-29T16:07:13.888+0000] {dag.py:3089} INFO - Sync 1 DAGs
[2025-09-29T16:07:13.942+0000] {logging_mixin.py:188} INFO - [2025-09-29T16:07:13.942+0000] {dag.py:3947} INFO - Setting next_dagrun for example_nested_branch_dag to 2025-09-28 00:00:00+00:00, run_after=2025-09-29 00:00:00+00:00
[2025-09-29T16:07:13.992+0000] {processor.py:183} INFO - Processing /home/airflow/.local/lib/python3.12/site-packages/airflow/example_dags/example_nested_branch_dag.py took 0.227 seconds
[2025-09-29T16:07:44.628+0000] {processor.py:161} INFO - Started process (PID=17861) to work on /home/airflow/.local/lib/python3.12/site-packages/airflow/example_dags/example_nested_branch_dag.py
[2025-09-29T16:07:44.631+0000] {processor.py:830} INFO - Processing file /home/airflow/.local/lib/python3.12/site-packages/airflow/example_dags/example_nested_branch_dag.py for tasks to queue
[2025-09-29T16:07:44.635+0000] {logging_mixin.py:188} INFO - [2025-09-29T16:07:44.634+0000] {dagbag.py:545} INFO - Filling up the DagBag from /home/airflow/.local/lib/python3.12/site-packages/airflow/example_dags/example_nested_branch_dag.py
[2025-09-29T16:07:44.659+0000] {processor.py:840} INFO - DAG(s) 'example_nested_branch_dag' retrieved from /home/airflow/.local/lib/python3.12/site-packages/airflow/example_dags/example_nested_branch_dag.py
[2025-09-29T16:07:44.721+0000] {logging_mixin.py:188} INFO - [2025-09-29T16:07:44.720+0000] {dag.py:3089} INFO - Sync 1 DAGs
[2025-09-29T16:07:44.772+0000] {logging_mixin.py:188} INFO - [2025-09-29T16:07:44.772+0000] {dag.py:3947} INFO - Setting next_dagrun for example_nested_branch_dag to 2025-09-28 00:00:00+00:00, run_after=2025-09-29 00:00:00+00:00
[2025-09-29T16:07:44.818+0000] {processor.py:183} INFO - Processing /home/airflow/.local/lib/python3.12/site-packages/airflow/example_dags/example_nested_branch_dag.py took 0.206 seconds
[2025-09-29T16:08:15.924+0000] {processor.py:161} INFO - Started process (PID=18125) to work on /home/airflow/.local/lib/python3.12/site-packages/airflow/example_dags/example_nested_branch_dag.py
[2025-09-29T16:08:15.926+0000] {processor.py:830} INFO - Processing file /home/airflow/.local/lib/python3.12/site-packages/airflow/example_dags/example_nested_branch_dag.py for tasks to queue
[2025-09-29T16:08:15.931+0000] {logging_mixin.py:188} INFO - [2025-09-29T16:08:15.930+0000] {dagbag.py:545} INFO - Filling up the DagBag from /home/airflow/.local/lib/python3.12/site-packages/airflow/example_dags/example_nested_branch_dag.py
[2025-09-29T16:08:15.955+0000] {processor.py:840} INFO - DAG(s) 'example_nested_branch_dag' retrieved from /home/airflow/.local/lib/python3.12/site-packages/airflow/example_dags/example_nested_branch_dag.py
[2025-09-29T16:08:16.029+0000] {logging_mixin.py:188} INFO - [2025-09-29T16:08:16.029+0000] {dag.py:3089} INFO - Sync 1 DAGs
[2025-09-29T16:08:16.080+0000] {logging_mixin.py:188} INFO - [2025-09-29T16:08:16.079+0000] {dag.py:3947} INFO - Setting next_dagrun for example_nested_branch_dag to 2025-09-28 00:00:00+00:00, run_after=2025-09-29 00:00:00+00:00
[2025-09-29T16:08:16.133+0000] {processor.py:183} INFO - Processing /home/airflow/.local/lib/python3.12/site-packages/airflow/example_dags/example_nested_branch_dag.py took 0.224 seconds
[2025-09-29T16:08:46.953+0000] {processor.py:161} INFO - Started process (PID=18385) to work on /home/airflow/.local/lib/python3.12/site-packages/airflow/example_dags/example_nested_branch_dag.py
[2025-09-29T16:08:46.956+0000] {processor.py:830} INFO - Processing file /home/airflow/.local/lib/python3.12/site-packages/airflow/example_dags/example_nested_branch_dag.py for tasks to queue
[2025-09-29T16:08:46.960+0000] {logging_mixin.py:188} INFO - [2025-09-29T16:08:46.959+0000] {dagbag.py:545} INFO - Filling up the DagBag from /home/airflow/.local/lib/python3.12/site-packages/airflow/example_dags/example_nested_branch_dag.py
[2025-09-29T16:08:46.985+0000] {processor.py:840} INFO - DAG(s) 'example_nested_branch_dag' retrieved from /home/airflow/.local/lib/python3.12/site-packages/airflow/example_dags/example_nested_branch_dag.py
[2025-09-29T16:08:47.049+0000] {logging_mixin.py:188} INFO - [2025-09-29T16:08:47.049+0000] {dag.py:3089} INFO - Sync 1 DAGs
[2025-09-29T16:08:47.114+0000] {logging_mixin.py:188} INFO - [2025-09-29T16:08:47.113+0000] {dag.py:3947} INFO - Setting next_dagrun for example_nested_branch_dag to 2025-09-28 00:00:00+00:00, run_after=2025-09-29 00:00:00+00:00
[2025-09-29T16:08:47.172+0000] {processor.py:183} INFO - Processing /home/airflow/.local/lib/python3.12/site-packages/airflow/example_dags/example_nested_branch_dag.py took 0.234 seconds
[2025-09-29T16:09:17.406+0000] {processor.py:161} INFO - Started process (PID=18646) to work on /home/airflow/.local/lib/python3.12/site-packages/airflow/example_dags/example_nested_branch_dag.py
[2025-09-29T16:09:17.409+0000] {processor.py:830} INFO - Processing file /home/airflow/.local/lib/python3.12/site-packages/airflow/example_dags/example_nested_branch_dag.py for tasks to queue
[2025-09-29T16:09:17.413+0000] {logging_mixin.py:188} INFO - [2025-09-29T16:09:17.412+0000] {dagbag.py:545} INFO - Filling up the DagBag from /home/airflow/.local/lib/python3.12/site-packages/airflow/example_dags/example_nested_branch_dag.py
[2025-09-29T16:09:17.435+0000] {processor.py:840} INFO - DAG(s) 'example_nested_branch_dag' retrieved from /home/airflow/.local/lib/python3.12/site-packages/airflow/example_dags/example_nested_branch_dag.py
[2025-09-29T16:09:17.508+0000] {logging_mixin.py:188} INFO - [2025-09-29T16:09:17.508+0000] {dag.py:3089} INFO - Sync 1 DAGs
[2025-09-29T16:09:17.571+0000] {logging_mixin.py:188} INFO - [2025-09-29T16:09:17.570+0000] {dag.py:3947} INFO - Setting next_dagrun for example_nested_branch_dag to 2025-09-28 00:00:00+00:00, run_after=2025-09-29 00:00:00+00:00
[2025-09-29T16:09:17.628+0000] {processor.py:183} INFO - Processing /home/airflow/.local/lib/python3.12/site-packages/airflow/example_dags/example_nested_branch_dag.py took 0.236 seconds
[2025-09-29T16:09:47.968+0000] {processor.py:161} INFO - Started process (PID=18907) to work on /home/airflow/.local/lib/python3.12/site-packages/airflow/example_dags/example_nested_branch_dag.py
[2025-09-29T16:09:47.971+0000] {processor.py:830} INFO - Processing file /home/airflow/.local/lib/python3.12/site-packages/airflow/example_dags/example_nested_branch_dag.py for tasks to queue
[2025-09-29T16:09:47.975+0000] {logging_mixin.py:188} INFO - [2025-09-29T16:09:47.974+0000] {dagbag.py:545} INFO - Filling up the DagBag from /home/airflow/.local/lib/python3.12/site-packages/airflow/example_dags/example_nested_branch_dag.py
[2025-09-29T16:09:47.997+0000] {processor.py:840} INFO - DAG(s) 'example_nested_branch_dag' retrieved from /home/airflow/.local/lib/python3.12/site-packages/airflow/example_dags/example_nested_branch_dag.py
[2025-09-29T16:09:48.064+0000] {logging_mixin.py:188} INFO - [2025-09-29T16:09:48.063+0000] {dag.py:3089} INFO - Sync 1 DAGs
[2025-09-29T16:09:48.124+0000] {logging_mixin.py:188} INFO - [2025-09-29T16:09:48.123+0000] {dag.py:3947} INFO - Setting next_dagrun for example_nested_branch_dag to 2025-09-28 00:00:00+00:00, run_after=2025-09-29 00:00:00+00:00
[2025-09-29T16:09:48.184+0000] {processor.py:183} INFO - Processing /home/airflow/.local/lib/python3.12/site-packages/airflow/example_dags/example_nested_branch_dag.py took 0.231 seconds
[2025-09-29T16:10:18.503+0000] {processor.py:161} INFO - Started process (PID=19168) to work on /home/airflow/.local/lib/python3.12/site-packages/airflow/example_dags/example_nested_branch_dag.py
[2025-09-29T16:10:18.506+0000] {processor.py:830} INFO - Processing file /home/airflow/.local/lib/python3.12/site-packages/airflow/example_dags/example_nested_branch_dag.py for tasks to queue
[2025-09-29T16:10:18.511+0000] {logging_mixin.py:188} INFO - [2025-09-29T16:10:18.510+0000] {dagbag.py:545} INFO - Filling up the DagBag from /home/airflow/.local/lib/python3.12/site-packages/airflow/example_dags/example_nested_branch_dag.py
[2025-09-29T16:10:18.534+0000] {processor.py:840} INFO - DAG(s) 'example_nested_branch_dag' retrieved from /home/airflow/.local/lib/python3.12/site-packages/airflow/example_dags/example_nested_branch_dag.py
[2025-09-29T16:10:18.609+0000] {logging_mixin.py:188} INFO - [2025-09-29T16:10:18.608+0000] {dag.py:3089} INFO - Sync 1 DAGs
[2025-09-29T16:10:18.716+0000] {logging_mixin.py:188} INFO - [2025-09-29T16:10:18.715+0000] {dag.py:3947} INFO - Setting next_dagrun for example_nested_branch_dag to 2025-09-28 00:00:00+00:00, run_after=2025-09-29 00:00:00+00:00
[2025-09-29T16:10:18.780+0000] {processor.py:183} INFO - Processing /home/airflow/.local/lib/python3.12/site-packages/airflow/example_dags/example_nested_branch_dag.py took 0.294 seconds
[2025-09-29T16:10:48.918+0000] {processor.py:161} INFO - Started process (PID=19426) to work on /home/airflow/.local/lib/python3.12/site-packages/airflow/example_dags/example_nested_branch_dag.py
[2025-09-29T16:10:48.921+0000] {processor.py:830} INFO - Processing file /home/airflow/.local/lib/python3.12/site-packages/airflow/example_dags/example_nested_branch_dag.py for tasks to queue
[2025-09-29T16:10:48.923+0000] {logging_mixin.py:188} INFO - [2025-09-29T16:10:48.922+0000] {dagbag.py:545} INFO - Filling up the DagBag from /home/airflow/.local/lib/python3.12/site-packages/airflow/example_dags/example_nested_branch_dag.py
[2025-09-29T16:10:48.946+0000] {processor.py:840} INFO - DAG(s) 'example_nested_branch_dag' retrieved from /home/airflow/.local/lib/python3.12/site-packages/airflow/example_dags/example_nested_branch_dag.py
[2025-09-29T16:10:49.008+0000] {logging_mixin.py:188} INFO - [2025-09-29T16:10:49.008+0000] {dag.py:3089} INFO - Sync 1 DAGs
[2025-09-29T16:10:49.059+0000] {logging_mixin.py:188} INFO - [2025-09-29T16:10:49.058+0000] {dag.py:3947} INFO - Setting next_dagrun for example_nested_branch_dag to 2025-09-28 00:00:00+00:00, run_after=2025-09-29 00:00:00+00:00
[2025-09-29T16:10:49.104+0000] {processor.py:183} INFO - Processing /home/airflow/.local/lib/python3.12/site-packages/airflow/example_dags/example_nested_branch_dag.py took 0.202 seconds
[2025-09-29T16:11:19.897+0000] {processor.py:161} INFO - Started process (PID=19690) to work on /home/airflow/.local/lib/python3.12/site-packages/airflow/example_dags/example_nested_branch_dag.py
[2025-09-29T16:11:19.900+0000] {processor.py:830} INFO - Processing file /home/airflow/.local/lib/python3.12/site-packages/airflow/example_dags/example_nested_branch_dag.py for tasks to queue
[2025-09-29T16:11:19.902+0000] {logging_mixin.py:188} INFO - [2025-09-29T16:11:19.901+0000] {dagbag.py:545} INFO - Filling up the DagBag from /home/airflow/.local/lib/python3.12/site-packages/airflow/example_dags/example_nested_branch_dag.py
[2025-09-29T16:11:19.925+0000] {processor.py:840} INFO - DAG(s) 'example_nested_branch_dag' retrieved from /home/airflow/.local/lib/python3.12/site-packages/airflow/example_dags/example_nested_branch_dag.py
[2025-09-29T16:11:19.987+0000] {logging_mixin.py:188} INFO - [2025-09-29T16:11:19.986+0000] {dag.py:3089} INFO - Sync 1 DAGs
[2025-09-29T16:11:20.038+0000] {logging_mixin.py:188} INFO - [2025-09-29T16:11:20.037+0000] {dag.py:3947} INFO - Setting next_dagrun for example_nested_branch_dag to 2025-09-28 00:00:00+00:00, run_after=2025-09-29 00:00:00+00:00
[2025-09-29T16:11:20.085+0000] {processor.py:183} INFO - Processing /home/airflow/.local/lib/python3.12/site-packages/airflow/example_dags/example_nested_branch_dag.py took 0.205 seconds
[2025-09-29T16:11:50.561+0000] {processor.py:161} INFO - Started process (PID=19951) to work on /home/airflow/.local/lib/python3.12/site-packages/airflow/example_dags/example_nested_branch_dag.py
[2025-09-29T16:11:50.564+0000] {processor.py:830} INFO - Processing file /home/airflow/.local/lib/python3.12/site-packages/airflow/example_dags/example_nested_branch_dag.py for tasks to queue
[2025-09-29T16:11:50.566+0000] {logging_mixin.py:188} INFO - [2025-09-29T16:11:50.565+0000] {dagbag.py:545} INFO - Filling up the DagBag from /home/airflow/.local/lib/python3.12/site-packages/airflow/example_dags/example_nested_branch_dag.py
[2025-09-29T16:11:50.589+0000] {processor.py:840} INFO - DAG(s) 'example_nested_branch_dag' retrieved from /home/airflow/.local/lib/python3.12/site-packages/airflow/example_dags/example_nested_branch_dag.py
[2025-09-29T16:11:50.656+0000] {logging_mixin.py:188} INFO - [2025-09-29T16:11:50.655+0000] {dag.py:3089} INFO - Sync 1 DAGs
[2025-09-29T16:11:50.717+0000] {logging_mixin.py:188} INFO - [2025-09-29T16:11:50.716+0000] {dag.py:3947} INFO - Setting next_dagrun for example_nested_branch_dag to 2025-09-28 00:00:00+00:00, run_after=2025-09-29 00:00:00+00:00
[2025-09-29T16:11:50.771+0000] {processor.py:183} INFO - Processing /home/airflow/.local/lib/python3.12/site-packages/airflow/example_dags/example_nested_branch_dag.py took 0.225 seconds
[2025-09-29T16:12:21.020+0000] {processor.py:161} INFO - Started process (PID=20212) to work on /home/airflow/.local/lib/python3.12/site-packages/airflow/example_dags/example_nested_branch_dag.py
[2025-09-29T16:12:21.022+0000] {processor.py:830} INFO - Processing file /home/airflow/.local/lib/python3.12/site-packages/airflow/example_dags/example_nested_branch_dag.py for tasks to queue
[2025-09-29T16:12:21.024+0000] {logging_mixin.py:188} INFO - [2025-09-29T16:12:21.023+0000] {dagbag.py:545} INFO - Filling up the DagBag from /home/airflow/.local/lib/python3.12/site-packages/airflow/example_dags/example_nested_branch_dag.py
[2025-09-29T16:12:21.047+0000] {processor.py:840} INFO - DAG(s) 'example_nested_branch_dag' retrieved from /home/airflow/.local/lib/python3.12/site-packages/airflow/example_dags/example_nested_branch_dag.py
[2025-09-29T16:12:21.108+0000] {logging_mixin.py:188} INFO - [2025-09-29T16:12:21.108+0000] {dag.py:3089} INFO - Sync 1 DAGs
[2025-09-29T16:12:21.160+0000] {logging_mixin.py:188} INFO - [2025-09-29T16:12:21.159+0000] {dag.py:3947} INFO - Setting next_dagrun for example_nested_branch_dag to 2025-09-28 00:00:00+00:00, run_after=2025-09-29 00:00:00+00:00
[2025-09-29T16:12:21.207+0000] {processor.py:183} INFO - Processing /home/airflow/.local/lib/python3.12/site-packages/airflow/example_dags/example_nested_branch_dag.py took 0.201 seconds
[2025-09-29T16:12:51.713+0000] {processor.py:161} INFO - Started process (PID=20473) to work on /home/airflow/.local/lib/python3.12/site-packages/airflow/example_dags/example_nested_branch_dag.py
[2025-09-29T16:12:51.715+0000] {processor.py:830} INFO - Processing file /home/airflow/.local/lib/python3.12/site-packages/airflow/example_dags/example_nested_branch_dag.py for tasks to queue
[2025-09-29T16:12:51.718+0000] {logging_mixin.py:188} INFO - [2025-09-29T16:12:51.717+0000] {dagbag.py:545} INFO - Filling up the DagBag from /home/airflow/.local/lib/python3.12/site-packages/airflow/example_dags/example_nested_branch_dag.py
[2025-09-29T16:12:51.743+0000] {processor.py:840} INFO - DAG(s) 'example_nested_branch_dag' retrieved from /home/airflow/.local/lib/python3.12/site-packages/airflow/example_dags/example_nested_branch_dag.py
[2025-09-29T16:12:51.810+0000] {logging_mixin.py:188} INFO - [2025-09-29T16:12:51.809+0000] {dag.py:3089} INFO - Sync 1 DAGs
[2025-09-29T16:12:51.864+0000] {logging_mixin.py:188} INFO - [2025-09-29T16:12:51.863+0000] {dag.py:3947} INFO - Setting next_dagrun for example_nested_branch_dag to 2025-09-28 00:00:00+00:00, run_after=2025-09-29 00:00:00+00:00
[2025-09-29T16:12:51.917+0000] {processor.py:183} INFO - Processing /home/airflow/.local/lib/python3.12/site-packages/airflow/example_dags/example_nested_branch_dag.py took 0.219 seconds
[2025-09-29T16:13:22.286+0000] {processor.py:161} INFO - Started process (PID=20734) to work on /home/airflow/.local/lib/python3.12/site-packages/airflow/example_dags/example_nested_branch_dag.py
[2025-09-29T16:13:22.288+0000] {processor.py:830} INFO - Processing file /home/airflow/.local/lib/python3.12/site-packages/airflow/example_dags/example_nested_branch_dag.py for tasks to queue
[2025-09-29T16:13:22.290+0000] {logging_mixin.py:188} INFO - [2025-09-29T16:13:22.289+0000] {dagbag.py:545} INFO - Filling up the DagBag from /home/airflow/.local/lib/python3.12/site-packages/airflow/example_dags/example_nested_branch_dag.py
[2025-09-29T16:13:22.317+0000] {processor.py:840} INFO - DAG(s) 'example_nested_branch_dag' retrieved from /home/airflow/.local/lib/python3.12/site-packages/airflow/example_dags/example_nested_branch_dag.py
[2025-09-29T16:13:22.420+0000] {logging_mixin.py:188} INFO - [2025-09-29T16:13:22.419+0000] {dag.py:3089} INFO - Sync 1 DAGs
[2025-09-29T16:13:22.491+0000] {logging_mixin.py:188} INFO - [2025-09-29T16:13:22.490+0000] {dag.py:3947} INFO - Setting next_dagrun for example_nested_branch_dag to 2025-09-28 00:00:00+00:00, run_after=2025-09-29 00:00:00+00:00
[2025-09-29T16:13:22.536+0000] {processor.py:183} INFO - Processing /home/airflow/.local/lib/python3.12/site-packages/airflow/example_dags/example_nested_branch_dag.py took 0.265 seconds
[2025-09-29T16:13:52.692+0000] {processor.py:161} INFO - Started process (PID=21001) to work on /home/airflow/.local/lib/python3.12/site-packages/airflow/example_dags/example_nested_branch_dag.py
[2025-09-29T16:13:52.695+0000] {processor.py:830} INFO - Processing file /home/airflow/.local/lib/python3.12/site-packages/airflow/example_dags/example_nested_branch_dag.py for tasks to queue
[2025-09-29T16:13:52.697+0000] {logging_mixin.py:188} INFO - [2025-09-29T16:13:52.696+0000] {dagbag.py:545} INFO - Filling up the DagBag from /home/airflow/.local/lib/python3.12/site-packages/airflow/example_dags/example_nested_branch_dag.py
[2025-09-29T16:13:52.719+0000] {processor.py:840} INFO - DAG(s) 'example_nested_branch_dag' retrieved from /home/airflow/.local/lib/python3.12/site-packages/airflow/example_dags/example_nested_branch_dag.py
[2025-09-29T16:13:52.782+0000] {logging_mixin.py:188} INFO - [2025-09-29T16:13:52.781+0000] {dag.py:3089} INFO - Sync 1 DAGs
[2025-09-29T16:13:52.834+0000] {logging_mixin.py:188} INFO - [2025-09-29T16:13:52.833+0000] {dag.py:3947} INFO - Setting next_dagrun for example_nested_branch_dag to 2025-09-28 00:00:00+00:00, run_after=2025-09-29 00:00:00+00:00
[2025-09-29T16:13:52.883+0000] {processor.py:183} INFO - Processing /home/airflow/.local/lib/python3.12/site-packages/airflow/example_dags/example_nested_branch_dag.py took 0.206 seconds
[2025-09-29T16:14:23.153+0000] {processor.py:161} INFO - Started process (PID=21261) to work on /home/airflow/.local/lib/python3.12/site-packages/airflow/example_dags/example_nested_branch_dag.py
[2025-09-29T16:14:23.154+0000] {processor.py:830} INFO - Processing file /home/airflow/.local/lib/python3.12/site-packages/airflow/example_dags/example_nested_branch_dag.py for tasks to queue
[2025-09-29T16:14:23.156+0000] {logging_mixin.py:188} INFO - [2025-09-29T16:14:23.156+0000] {dagbag.py:545} INFO - Filling up the DagBag from /home/airflow/.local/lib/python3.12/site-packages/airflow/example_dags/example_nested_branch_dag.py
[2025-09-29T16:14:23.184+0000] {processor.py:840} INFO - DAG(s) 'example_nested_branch_dag' retrieved from /home/airflow/.local/lib/python3.12/site-packages/airflow/example_dags/example_nested_branch_dag.py
[2025-09-29T16:14:23.246+0000] {logging_mixin.py:188} INFO - [2025-09-29T16:14:23.245+0000] {dag.py:3089} INFO - Sync 1 DAGs
[2025-09-29T16:14:23.296+0000] {logging_mixin.py:188} INFO - [2025-09-29T16:14:23.296+0000] {dag.py:3947} INFO - Setting next_dagrun for example_nested_branch_dag to 2025-09-28 00:00:00+00:00, run_after=2025-09-29 00:00:00+00:00
[2025-09-29T16:14:23.346+0000] {processor.py:183} INFO - Processing /home/airflow/.local/lib/python3.12/site-packages/airflow/example_dags/example_nested_branch_dag.py took 0.208 seconds
[2025-09-29T16:14:54.321+0000] {processor.py:161} INFO - Started process (PID=21524) to work on /home/airflow/.local/lib/python3.12/site-packages/airflow/example_dags/example_nested_branch_dag.py
[2025-09-29T16:14:54.355+0000] {processor.py:830} INFO - Processing file /home/airflow/.local/lib/python3.12/site-packages/airflow/example_dags/example_nested_branch_dag.py for tasks to queue
[2025-09-29T16:14:54.357+0000] {logging_mixin.py:188} INFO - [2025-09-29T16:14:54.356+0000] {dagbag.py:545} INFO - Filling up the DagBag from /home/airflow/.local/lib/python3.12/site-packages/airflow/example_dags/example_nested_branch_dag.py
[2025-09-29T16:14:54.381+0000] {processor.py:840} INFO - DAG(s) 'example_nested_branch_dag' retrieved from /home/airflow/.local/lib/python3.12/site-packages/airflow/example_dags/example_nested_branch_dag.py
[2025-09-29T16:14:54.453+0000] {logging_mixin.py:188} INFO - [2025-09-29T16:14:54.452+0000] {dag.py:3089} INFO - Sync 1 DAGs
[2025-09-29T16:14:54.512+0000] {logging_mixin.py:188} INFO - [2025-09-29T16:14:54.511+0000] {dag.py:3947} INFO - Setting next_dagrun for example_nested_branch_dag to 2025-09-28 00:00:00+00:00, run_after=2025-09-29 00:00:00+00:00
[2025-09-29T16:14:54.643+0000] {processor.py:183} INFO - Processing /home/airflow/.local/lib/python3.12/site-packages/airflow/example_dags/example_nested_branch_dag.py took 0.339 seconds
[2025-09-29T16:15:25.126+0000] {processor.py:161} INFO - Started process (PID=21785) to work on /home/airflow/.local/lib/python3.12/site-packages/airflow/example_dags/example_nested_branch_dag.py
[2025-09-29T16:15:25.128+0000] {processor.py:830} INFO - Processing file /home/airflow/.local/lib/python3.12/site-packages/airflow/example_dags/example_nested_branch_dag.py for tasks to queue
[2025-09-29T16:15:25.130+0000] {logging_mixin.py:188} INFO - [2025-09-29T16:15:25.129+0000] {dagbag.py:545} INFO - Filling up the DagBag from /home/airflow/.local/lib/python3.12/site-packages/airflow/example_dags/example_nested_branch_dag.py
[2025-09-29T16:15:25.153+0000] {processor.py:840} INFO - DAG(s) 'example_nested_branch_dag' retrieved from /home/airflow/.local/lib/python3.12/site-packages/airflow/example_dags/example_nested_branch_dag.py
[2025-09-29T16:15:25.216+0000] {logging_mixin.py:188} INFO - [2025-09-29T16:15:25.216+0000] {dag.py:3089} INFO - Sync 1 DAGs
[2025-09-29T16:15:25.266+0000] {logging_mixin.py:188} INFO - [2025-09-29T16:15:25.266+0000] {dag.py:3947} INFO - Setting next_dagrun for example_nested_branch_dag to 2025-09-28 00:00:00+00:00, run_after=2025-09-29 00:00:00+00:00
[2025-09-29T16:15:25.312+0000] {processor.py:183} INFO - Processing /home/airflow/.local/lib/python3.12/site-packages/airflow/example_dags/example_nested_branch_dag.py took 0.202 seconds
[2025-09-29T16:15:55.746+0000] {processor.py:161} INFO - Started process (PID=22046) to work on /home/airflow/.local/lib/python3.12/site-packages/airflow/example_dags/example_nested_branch_dag.py
[2025-09-29T16:15:55.749+0000] {processor.py:830} INFO - Processing file /home/airflow/.local/lib/python3.12/site-packages/airflow/example_dags/example_nested_branch_dag.py for tasks to queue
[2025-09-29T16:15:55.751+0000] {logging_mixin.py:188} INFO - [2025-09-29T16:15:55.750+0000] {dagbag.py:545} INFO - Filling up the DagBag from /home/airflow/.local/lib/python3.12/site-packages/airflow/example_dags/example_nested_branch_dag.py
[2025-09-29T16:15:55.776+0000] {processor.py:840} INFO - DAG(s) 'example_nested_branch_dag' retrieved from /home/airflow/.local/lib/python3.12/site-packages/airflow/example_dags/example_nested_branch_dag.py
[2025-09-29T16:15:55.840+0000] {logging_mixin.py:188} INFO - [2025-09-29T16:15:55.839+0000] {dag.py:3089} INFO - Sync 1 DAGs
[2025-09-29T16:15:55.893+0000] {logging_mixin.py:188} INFO - [2025-09-29T16:15:55.892+0000] {dag.py:3947} INFO - Setting next_dagrun for example_nested_branch_dag to 2025-09-28 00:00:00+00:00, run_after=2025-09-29 00:00:00+00:00
[2025-09-29T16:15:55.942+0000] {processor.py:183} INFO - Processing /home/airflow/.local/lib/python3.12/site-packages/airflow/example_dags/example_nested_branch_dag.py took 0.214 seconds
[2025-09-29T16:16:26.369+0000] {processor.py:161} INFO - Started process (PID=22307) to work on /home/airflow/.local/lib/python3.12/site-packages/airflow/example_dags/example_nested_branch_dag.py
[2025-09-29T16:16:26.372+0000] {processor.py:830} INFO - Processing file /home/airflow/.local/lib/python3.12/site-packages/airflow/example_dags/example_nested_branch_dag.py for tasks to queue
[2025-09-29T16:16:26.374+0000] {logging_mixin.py:188} INFO - [2025-09-29T16:16:26.373+0000] {dagbag.py:545} INFO - Filling up the DagBag from /home/airflow/.local/lib/python3.12/site-packages/airflow/example_dags/example_nested_branch_dag.py
[2025-09-29T16:16:26.406+0000] {processor.py:840} INFO - DAG(s) 'example_nested_branch_dag' retrieved from /home/airflow/.local/lib/python3.12/site-packages/airflow/example_dags/example_nested_branch_dag.py
[2025-09-29T16:16:26.490+0000] {logging_mixin.py:188} INFO - [2025-09-29T16:16:26.490+0000] {dag.py:3089} INFO - Sync 1 DAGs
[2025-09-29T16:16:26.566+0000] {logging_mixin.py:188} INFO - [2025-09-29T16:16:26.565+0000] {dag.py:3947} INFO - Setting next_dagrun for example_nested_branch_dag to 2025-09-28 00:00:00+00:00, run_after=2025-09-29 00:00:00+00:00
[2025-09-29T16:16:26.627+0000] {processor.py:183} INFO - Processing /home/airflow/.local/lib/python3.12/site-packages/airflow/example_dags/example_nested_branch_dag.py took 0.275 seconds
[2025-09-29T16:16:57.254+0000] {processor.py:161} INFO - Started process (PID=22566) to work on /home/airflow/.local/lib/python3.12/site-packages/airflow/example_dags/example_nested_branch_dag.py
[2025-09-29T16:16:57.257+0000] {processor.py:830} INFO - Processing file /home/airflow/.local/lib/python3.12/site-packages/airflow/example_dags/example_nested_branch_dag.py for tasks to queue
[2025-09-29T16:16:57.259+0000] {logging_mixin.py:188} INFO - [2025-09-29T16:16:57.258+0000] {dagbag.py:545} INFO - Filling up the DagBag from /home/airflow/.local/lib/python3.12/site-packages/airflow/example_dags/example_nested_branch_dag.py
[2025-09-29T16:16:57.283+0000] {processor.py:840} INFO - DAG(s) 'example_nested_branch_dag' retrieved from /home/airflow/.local/lib/python3.12/site-packages/airflow/example_dags/example_nested_branch_dag.py
[2025-09-29T16:16:57.346+0000] {logging_mixin.py:188} INFO - [2025-09-29T16:16:57.346+0000] {dag.py:3089} INFO - Sync 1 DAGs
[2025-09-29T16:16:57.400+0000] {logging_mixin.py:188} INFO - [2025-09-29T16:16:57.400+0000] {dag.py:3947} INFO - Setting next_dagrun for example_nested_branch_dag to 2025-09-28 00:00:00+00:00, run_after=2025-09-29 00:00:00+00:00
[2025-09-29T16:16:57.458+0000] {processor.py:183} INFO - Processing /home/airflow/.local/lib/python3.12/site-packages/airflow/example_dags/example_nested_branch_dag.py took 0.223 seconds
[2025-09-29T16:17:27.716+0000] {processor.py:161} INFO - Started process (PID=22824) to work on /home/airflow/.local/lib/python3.12/site-packages/airflow/example_dags/example_nested_branch_dag.py
[2025-09-29T16:17:27.718+0000] {processor.py:830} INFO - Processing file /home/airflow/.local/lib/python3.12/site-packages/airflow/example_dags/example_nested_branch_dag.py for tasks to queue
[2025-09-29T16:17:27.720+0000] {logging_mixin.py:188} INFO - [2025-09-29T16:17:27.719+0000] {dagbag.py:545} INFO - Filling up the DagBag from /home/airflow/.local/lib/python3.12/site-packages/airflow/example_dags/example_nested_branch_dag.py
[2025-09-29T16:17:27.746+0000] {processor.py:840} INFO - DAG(s) 'example_nested_branch_dag' retrieved from /home/airflow/.local/lib/python3.12/site-packages/airflow/example_dags/example_nested_branch_dag.py
[2025-09-29T16:17:27.812+0000] {logging_mixin.py:188} INFO - [2025-09-29T16:17:27.812+0000] {dag.py:3089} INFO - Sync 1 DAGs
[2025-09-29T16:17:27.873+0000] {logging_mixin.py:188} INFO - [2025-09-29T16:17:27.873+0000] {dag.py:3947} INFO - Setting next_dagrun for example_nested_branch_dag to 2025-09-28 00:00:00+00:00, run_after=2025-09-29 00:00:00+00:00
[2025-09-29T16:17:27.923+0000] {processor.py:183} INFO - Processing /home/airflow/.local/lib/python3.12/site-packages/airflow/example_dags/example_nested_branch_dag.py took 0.224 seconds
[2025-09-29T16:17:58.074+0000] {processor.py:161} INFO - Started process (PID=23085) to work on /home/airflow/.local/lib/python3.12/site-packages/airflow/example_dags/example_nested_branch_dag.py
[2025-09-29T16:17:58.078+0000] {processor.py:830} INFO - Processing file /home/airflow/.local/lib/python3.12/site-packages/airflow/example_dags/example_nested_branch_dag.py for tasks to queue
[2025-09-29T16:17:58.081+0000] {logging_mixin.py:188} INFO - [2025-09-29T16:17:58.080+0000] {dagbag.py:545} INFO - Filling up the DagBag from /home/airflow/.local/lib/python3.12/site-packages/airflow/example_dags/example_nested_branch_dag.py
[2025-09-29T16:17:58.126+0000] {processor.py:840} INFO - DAG(s) 'example_nested_branch_dag' retrieved from /home/airflow/.local/lib/python3.12/site-packages/airflow/example_dags/example_nested_branch_dag.py
[2025-09-29T16:17:58.216+0000] {logging_mixin.py:188} INFO - [2025-09-29T16:17:58.215+0000] {dag.py:3089} INFO - Sync 1 DAGs
[2025-09-29T16:17:58.300+0000] {logging_mixin.py:188} INFO - [2025-09-29T16:17:58.299+0000] {dag.py:3947} INFO - Setting next_dagrun for example_nested_branch_dag to 2025-09-28 00:00:00+00:00, run_after=2025-09-29 00:00:00+00:00
[2025-09-29T16:17:58.367+0000] {processor.py:183} INFO - Processing /home/airflow/.local/lib/python3.12/site-packages/airflow/example_dags/example_nested_branch_dag.py took 0.309 seconds
[2025-09-29T16:18:28.475+0000] {processor.py:161} INFO - Started process (PID=23346) to work on /home/airflow/.local/lib/python3.12/site-packages/airflow/example_dags/example_nested_branch_dag.py
[2025-09-29T16:18:28.482+0000] {processor.py:830} INFO - Processing file /home/airflow/.local/lib/python3.12/site-packages/airflow/example_dags/example_nested_branch_dag.py for tasks to queue
[2025-09-29T16:18:28.484+0000] {logging_mixin.py:188} INFO - [2025-09-29T16:18:28.483+0000] {dagbag.py:545} INFO - Filling up the DagBag from /home/airflow/.local/lib/python3.12/site-packages/airflow/example_dags/example_nested_branch_dag.py
[2025-09-29T16:18:28.510+0000] {processor.py:840} INFO - DAG(s) 'example_nested_branch_dag' retrieved from /home/airflow/.local/lib/python3.12/site-packages/airflow/example_dags/example_nested_branch_dag.py
[2025-09-29T16:18:28.571+0000] {logging_mixin.py:188} INFO - [2025-09-29T16:18:28.570+0000] {dag.py:3089} INFO - Sync 1 DAGs
[2025-09-29T16:18:28.726+0000] {logging_mixin.py:188} INFO - [2025-09-29T16:18:28.725+0000] {dag.py:3947} INFO - Setting next_dagrun for example_nested_branch_dag to 2025-09-28 00:00:00+00:00, run_after=2025-09-29 00:00:00+00:00
[2025-09-29T16:18:28.804+0000] {processor.py:183} INFO - Processing /home/airflow/.local/lib/python3.12/site-packages/airflow/example_dags/example_nested_branch_dag.py took 0.344 seconds
[2025-09-29T16:18:59.857+0000] {processor.py:161} INFO - Started process (PID=23607) to work on /home/airflow/.local/lib/python3.12/site-packages/airflow/example_dags/example_nested_branch_dag.py
[2025-09-29T16:18:59.858+0000] {processor.py:830} INFO - Processing file /home/airflow/.local/lib/python3.12/site-packages/airflow/example_dags/example_nested_branch_dag.py for tasks to queue
[2025-09-29T16:18:59.860+0000] {logging_mixin.py:188} INFO - [2025-09-29T16:18:59.860+0000] {dagbag.py:545} INFO - Filling up the DagBag from /home/airflow/.local/lib/python3.12/site-packages/airflow/example_dags/example_nested_branch_dag.py
[2025-09-29T16:18:59.884+0000] {processor.py:840} INFO - DAG(s) 'example_nested_branch_dag' retrieved from /home/airflow/.local/lib/python3.12/site-packages/airflow/example_dags/example_nested_branch_dag.py
[2025-09-29T16:18:59.945+0000] {logging_mixin.py:188} INFO - [2025-09-29T16:18:59.944+0000] {dag.py:3089} INFO - Sync 1 DAGs
[2025-09-29T16:19:00.006+0000] {logging_mixin.py:188} INFO - [2025-09-29T16:19:00.006+0000] {dag.py:3947} INFO - Setting next_dagrun for example_nested_branch_dag to 2025-09-28 00:00:00+00:00, run_after=2025-09-29 00:00:00+00:00
[2025-09-29T16:19:00.075+0000] {processor.py:183} INFO - Processing /home/airflow/.local/lib/python3.12/site-packages/airflow/example_dags/example_nested_branch_dag.py took 0.231 seconds
[2025-09-29T16:19:30.229+0000] {processor.py:161} INFO - Started process (PID=23868) to work on /home/airflow/.local/lib/python3.12/site-packages/airflow/example_dags/example_nested_branch_dag.py
[2025-09-29T16:19:30.245+0000] {processor.py:830} INFO - Processing file /home/airflow/.local/lib/python3.12/site-packages/airflow/example_dags/example_nested_branch_dag.py for tasks to queue
[2025-09-29T16:19:30.247+0000] {logging_mixin.py:188} INFO - [2025-09-29T16:19:30.246+0000] {dagbag.py:545} INFO - Filling up the DagBag from /home/airflow/.local/lib/python3.12/site-packages/airflow/example_dags/example_nested_branch_dag.py
[2025-09-29T16:19:30.270+0000] {processor.py:840} INFO - DAG(s) 'example_nested_branch_dag' retrieved from /home/airflow/.local/lib/python3.12/site-packages/airflow/example_dags/example_nested_branch_dag.py
[2025-09-29T16:19:30.329+0000] {logging_mixin.py:188} INFO - [2025-09-29T16:19:30.329+0000] {dag.py:3089} INFO - Sync 1 DAGs
[2025-09-29T16:19:30.380+0000] {logging_mixin.py:188} INFO - [2025-09-29T16:19:30.380+0000] {dag.py:3947} INFO - Setting next_dagrun for example_nested_branch_dag to 2025-09-28 00:00:00+00:00, run_after=2025-09-29 00:00:00+00:00
[2025-09-29T16:19:30.425+0000] {processor.py:183} INFO - Processing /home/airflow/.local/lib/python3.12/site-packages/airflow/example_dags/example_nested_branch_dag.py took 0.215 seconds
[2025-09-29T16:20:00.518+0000] {processor.py:161} INFO - Started process (PID=24129) to work on /home/airflow/.local/lib/python3.12/site-packages/airflow/example_dags/example_nested_branch_dag.py
[2025-09-29T16:20:00.520+0000] {processor.py:830} INFO - Processing file /home/airflow/.local/lib/python3.12/site-packages/airflow/example_dags/example_nested_branch_dag.py for tasks to queue
[2025-09-29T16:20:00.522+0000] {logging_mixin.py:188} INFO - [2025-09-29T16:20:00.521+0000] {dagbag.py:545} INFO - Filling up the DagBag from /home/airflow/.local/lib/python3.12/site-packages/airflow/example_dags/example_nested_branch_dag.py
[2025-09-29T16:20:00.546+0000] {processor.py:840} INFO - DAG(s) 'example_nested_branch_dag' retrieved from /home/airflow/.local/lib/python3.12/site-packages/airflow/example_dags/example_nested_branch_dag.py
[2025-09-29T16:20:00.610+0000] {logging_mixin.py:188} INFO - [2025-09-29T16:20:00.609+0000] {dag.py:3089} INFO - Sync 1 DAGs
[2025-09-29T16:20:00.662+0000] {logging_mixin.py:188} INFO - [2025-09-29T16:20:00.661+0000] {dag.py:3947} INFO - Setting next_dagrun for example_nested_branch_dag to 2025-09-28 00:00:00+00:00, run_after=2025-09-29 00:00:00+00:00
[2025-09-29T16:20:00.709+0000] {processor.py:183} INFO - Processing /home/airflow/.local/lib/python3.12/site-packages/airflow/example_dags/example_nested_branch_dag.py took 0.206 seconds
[2025-09-29T16:20:31.420+0000] {processor.py:161} INFO - Started process (PID=24390) to work on /home/airflow/.local/lib/python3.12/site-packages/airflow/example_dags/example_nested_branch_dag.py
[2025-09-29T16:20:31.423+0000] {processor.py:830} INFO - Processing file /home/airflow/.local/lib/python3.12/site-packages/airflow/example_dags/example_nested_branch_dag.py for tasks to queue
[2025-09-29T16:20:31.426+0000] {logging_mixin.py:188} INFO - [2025-09-29T16:20:31.424+0000] {dagbag.py:545} INFO - Filling up the DagBag from /home/airflow/.local/lib/python3.12/site-packages/airflow/example_dags/example_nested_branch_dag.py
[2025-09-29T16:20:31.466+0000] {processor.py:840} INFO - DAG(s) 'example_nested_branch_dag' retrieved from /home/airflow/.local/lib/python3.12/site-packages/airflow/example_dags/example_nested_branch_dag.py
[2025-09-29T16:20:31.534+0000] {logging_mixin.py:188} INFO - [2025-09-29T16:20:31.534+0000] {dag.py:3089} INFO - Sync 1 DAGs
[2025-09-29T16:20:31.586+0000] {logging_mixin.py:188} INFO - [2025-09-29T16:20:31.586+0000] {dag.py:3947} INFO - Setting next_dagrun for example_nested_branch_dag to 2025-09-28 00:00:00+00:00, run_after=2025-09-29 00:00:00+00:00
[2025-09-29T16:20:31.632+0000] {processor.py:183} INFO - Processing /home/airflow/.local/lib/python3.12/site-packages/airflow/example_dags/example_nested_branch_dag.py took 0.227 seconds
[2025-09-29T16:21:01.988+0000] {processor.py:161} INFO - Started process (PID=24651) to work on /home/airflow/.local/lib/python3.12/site-packages/airflow/example_dags/example_nested_branch_dag.py
[2025-09-29T16:21:01.991+0000] {processor.py:830} INFO - Processing file /home/airflow/.local/lib/python3.12/site-packages/airflow/example_dags/example_nested_branch_dag.py for tasks to queue
[2025-09-29T16:21:01.993+0000] {logging_mixin.py:188} INFO - [2025-09-29T16:21:01.992+0000] {dagbag.py:545} INFO - Filling up the DagBag from /home/airflow/.local/lib/python3.12/site-packages/airflow/example_dags/example_nested_branch_dag.py
[2025-09-29T16:21:02.019+0000] {processor.py:840} INFO - DAG(s) 'example_nested_branch_dag' retrieved from /home/airflow/.local/lib/python3.12/site-packages/airflow/example_dags/example_nested_branch_dag.py
[2025-09-29T16:21:02.085+0000] {logging_mixin.py:188} INFO - [2025-09-29T16:21:02.084+0000] {dag.py:3089} INFO - Sync 1 DAGs
[2025-09-29T16:21:02.137+0000] {logging_mixin.py:188} INFO - [2025-09-29T16:21:02.136+0000] {dag.py:3947} INFO - Setting next_dagrun for example_nested_branch_dag to 2025-09-28 00:00:00+00:00, run_after=2025-09-29 00:00:00+00:00
[2025-09-29T16:21:02.185+0000] {processor.py:183} INFO - Processing /home/airflow/.local/lib/python3.12/site-packages/airflow/example_dags/example_nested_branch_dag.py took 0.212 seconds
[2025-09-29T16:21:32.273+0000] {processor.py:161} INFO - Started process (PID=24912) to work on /home/airflow/.local/lib/python3.12/site-packages/airflow/example_dags/example_nested_branch_dag.py
[2025-09-29T16:21:32.277+0000] {processor.py:830} INFO - Processing file /home/airflow/.local/lib/python3.12/site-packages/airflow/example_dags/example_nested_branch_dag.py for tasks to queue
[2025-09-29T16:21:32.278+0000] {logging_mixin.py:188} INFO - [2025-09-29T16:21:32.278+0000] {dagbag.py:545} INFO - Filling up the DagBag from /home/airflow/.local/lib/python3.12/site-packages/airflow/example_dags/example_nested_branch_dag.py
[2025-09-29T16:21:32.301+0000] {processor.py:840} INFO - DAG(s) 'example_nested_branch_dag' retrieved from /home/airflow/.local/lib/python3.12/site-packages/airflow/example_dags/example_nested_branch_dag.py
[2025-09-29T16:21:32.362+0000] {logging_mixin.py:188} INFO - [2025-09-29T16:21:32.362+0000] {dag.py:3089} INFO - Sync 1 DAGs
[2025-09-29T16:21:32.412+0000] {logging_mixin.py:188} INFO - [2025-09-29T16:21:32.411+0000] {dag.py:3947} INFO - Setting next_dagrun for example_nested_branch_dag to 2025-09-28 00:00:00+00:00, run_after=2025-09-29 00:00:00+00:00
[2025-09-29T16:21:32.456+0000] {processor.py:183} INFO - Processing /home/airflow/.local/lib/python3.12/site-packages/airflow/example_dags/example_nested_branch_dag.py took 0.197 seconds
[2025-09-29T16:22:02.788+0000] {processor.py:161} INFO - Started process (PID=25167) to work on /home/airflow/.local/lib/python3.12/site-packages/airflow/example_dags/example_nested_branch_dag.py
[2025-09-29T16:22:02.791+0000] {processor.py:830} INFO - Processing file /home/airflow/.local/lib/python3.12/site-packages/airflow/example_dags/example_nested_branch_dag.py for tasks to queue
[2025-09-29T16:22:02.793+0000] {logging_mixin.py:188} INFO - [2025-09-29T16:22:02.792+0000] {dagbag.py:545} INFO - Filling up the DagBag from /home/airflow/.local/lib/python3.12/site-packages/airflow/example_dags/example_nested_branch_dag.py
[2025-09-29T16:22:02.824+0000] {processor.py:840} INFO - DAG(s) 'example_nested_branch_dag' retrieved from /home/airflow/.local/lib/python3.12/site-packages/airflow/example_dags/example_nested_branch_dag.py
[2025-09-29T16:22:02.886+0000] {logging_mixin.py:188} INFO - [2025-09-29T16:22:02.885+0000] {dag.py:3089} INFO - Sync 1 DAGs
[2025-09-29T16:22:02.942+0000] {logging_mixin.py:188} INFO - [2025-09-29T16:22:02.942+0000] {dag.py:3947} INFO - Setting next_dagrun for example_nested_branch_dag to 2025-09-28 00:00:00+00:00, run_after=2025-09-29 00:00:00+00:00
[2025-09-29T16:22:02.996+0000] {processor.py:183} INFO - Processing /home/airflow/.local/lib/python3.12/site-packages/airflow/example_dags/example_nested_branch_dag.py took 0.222 seconds
[2025-09-29T16:22:33.078+0000] {processor.py:161} INFO - Started process (PID=25428) to work on /home/airflow/.local/lib/python3.12/site-packages/airflow/example_dags/example_nested_branch_dag.py
[2025-09-29T16:22:33.093+0000] {processor.py:830} INFO - Processing file /home/airflow/.local/lib/python3.12/site-packages/airflow/example_dags/example_nested_branch_dag.py for tasks to queue
[2025-09-29T16:22:33.095+0000] {logging_mixin.py:188} INFO - [2025-09-29T16:22:33.094+0000] {dagbag.py:545} INFO - Filling up the DagBag from /home/airflow/.local/lib/python3.12/site-packages/airflow/example_dags/example_nested_branch_dag.py
[2025-09-29T16:22:33.118+0000] {processor.py:840} INFO - DAG(s) 'example_nested_branch_dag' retrieved from /home/airflow/.local/lib/python3.12/site-packages/airflow/example_dags/example_nested_branch_dag.py
[2025-09-29T16:22:33.181+0000] {logging_mixin.py:188} INFO - [2025-09-29T16:22:33.180+0000] {dag.py:3089} INFO - Sync 1 DAGs
[2025-09-29T16:22:33.230+0000] {logging_mixin.py:188} INFO - [2025-09-29T16:22:33.230+0000] {dag.py:3947} INFO - Setting next_dagrun for example_nested_branch_dag to 2025-09-28 00:00:00+00:00, run_after=2025-09-29 00:00:00+00:00
[2025-09-29T16:22:33.277+0000] {processor.py:183} INFO - Processing /home/airflow/.local/lib/python3.12/site-packages/airflow/example_dags/example_nested_branch_dag.py took 0.214 seconds
[2025-09-29T16:23:03.615+0000] {processor.py:161} INFO - Started process (PID=25689) to work on /home/airflow/.local/lib/python3.12/site-packages/airflow/example_dags/example_nested_branch_dag.py
[2025-09-29T16:23:03.618+0000] {processor.py:830} INFO - Processing file /home/airflow/.local/lib/python3.12/site-packages/airflow/example_dags/example_nested_branch_dag.py for tasks to queue
[2025-09-29T16:23:03.620+0000] {logging_mixin.py:188} INFO - [2025-09-29T16:23:03.619+0000] {dagbag.py:545} INFO - Filling up the DagBag from /home/airflow/.local/lib/python3.12/site-packages/airflow/example_dags/example_nested_branch_dag.py
[2025-09-29T16:23:03.643+0000] {processor.py:840} INFO - DAG(s) 'example_nested_branch_dag' retrieved from /home/airflow/.local/lib/python3.12/site-packages/airflow/example_dags/example_nested_branch_dag.py
[2025-09-29T16:23:03.704+0000] {logging_mixin.py:188} INFO - [2025-09-29T16:23:03.703+0000] {dag.py:3089} INFO - Sync 1 DAGs
[2025-09-29T16:23:03.754+0000] {logging_mixin.py:188} INFO - [2025-09-29T16:23:03.753+0000] {dag.py:3947} INFO - Setting next_dagrun for example_nested_branch_dag to 2025-09-28 00:00:00+00:00, run_after=2025-09-29 00:00:00+00:00
[2025-09-29T16:23:03.797+0000] {processor.py:183} INFO - Processing /home/airflow/.local/lib/python3.12/site-packages/airflow/example_dags/example_nested_branch_dag.py took 0.196 seconds
[2025-09-29T16:23:34.509+0000] {processor.py:161} INFO - Started process (PID=25950) to work on /home/airflow/.local/lib/python3.12/site-packages/airflow/example_dags/example_nested_branch_dag.py
[2025-09-29T16:23:34.515+0000] {processor.py:830} INFO - Processing file /home/airflow/.local/lib/python3.12/site-packages/airflow/example_dags/example_nested_branch_dag.py for tasks to queue
[2025-09-29T16:23:34.517+0000] {logging_mixin.py:188} INFO - [2025-09-29T16:23:34.516+0000] {dagbag.py:545} INFO - Filling up the DagBag from /home/airflow/.local/lib/python3.12/site-packages/airflow/example_dags/example_nested_branch_dag.py
[2025-09-29T16:23:34.542+0000] {processor.py:840} INFO - DAG(s) 'example_nested_branch_dag' retrieved from /home/airflow/.local/lib/python3.12/site-packages/airflow/example_dags/example_nested_branch_dag.py
[2025-09-29T16:23:34.606+0000] {logging_mixin.py:188} INFO - [2025-09-29T16:23:34.605+0000] {dag.py:3089} INFO - Sync 1 DAGs
[2025-09-29T16:23:34.657+0000] {logging_mixin.py:188} INFO - [2025-09-29T16:23:34.657+0000] {dag.py:3947} INFO - Setting next_dagrun for example_nested_branch_dag to 2025-09-28 00:00:00+00:00, run_after=2025-09-29 00:00:00+00:00
[2025-09-29T16:23:34.707+0000] {processor.py:183} INFO - Processing /home/airflow/.local/lib/python3.12/site-packages/airflow/example_dags/example_nested_branch_dag.py took 0.214 seconds
[2025-09-29T16:24:05.347+0000] {processor.py:161} INFO - Started process (PID=26211) to work on /home/airflow/.local/lib/python3.12/site-packages/airflow/example_dags/example_nested_branch_dag.py
[2025-09-29T16:24:05.350+0000] {processor.py:830} INFO - Processing file /home/airflow/.local/lib/python3.12/site-packages/airflow/example_dags/example_nested_branch_dag.py for tasks to queue
[2025-09-29T16:24:05.353+0000] {logging_mixin.py:188} INFO - [2025-09-29T16:24:05.352+0000] {dagbag.py:545} INFO - Filling up the DagBag from /home/airflow/.local/lib/python3.12/site-packages/airflow/example_dags/example_nested_branch_dag.py
[2025-09-29T16:24:05.388+0000] {processor.py:840} INFO - DAG(s) 'example_nested_branch_dag' retrieved from /home/airflow/.local/lib/python3.12/site-packages/airflow/example_dags/example_nested_branch_dag.py
[2025-09-29T16:24:05.468+0000] {logging_mixin.py:188} INFO - [2025-09-29T16:24:05.467+0000] {dag.py:3089} INFO - Sync 1 DAGs
[2025-09-29T16:24:05.536+0000] {logging_mixin.py:188} INFO - [2025-09-29T16:24:05.535+0000] {dag.py:3947} INFO - Setting next_dagrun for example_nested_branch_dag to 2025-09-28 00:00:00+00:00, run_after=2025-09-29 00:00:00+00:00
[2025-09-29T16:24:05.594+0000] {processor.py:183} INFO - Processing /home/airflow/.local/lib/python3.12/site-packages/airflow/example_dags/example_nested_branch_dag.py took 0.265 seconds
[2025-09-29T16:24:36.110+0000] {processor.py:161} INFO - Started process (PID=26472) to work on /home/airflow/.local/lib/python3.12/site-packages/airflow/example_dags/example_nested_branch_dag.py
[2025-09-29T16:24:36.113+0000] {processor.py:830} INFO - Processing file /home/airflow/.local/lib/python3.12/site-packages/airflow/example_dags/example_nested_branch_dag.py for tasks to queue
[2025-09-29T16:24:36.115+0000] {logging_mixin.py:188} INFO - [2025-09-29T16:24:36.114+0000] {dagbag.py:545} INFO - Filling up the DagBag from /home/airflow/.local/lib/python3.12/site-packages/airflow/example_dags/example_nested_branch_dag.py
[2025-09-29T16:24:36.143+0000] {processor.py:840} INFO - DAG(s) 'example_nested_branch_dag' retrieved from /home/airflow/.local/lib/python3.12/site-packages/airflow/example_dags/example_nested_branch_dag.py
[2025-09-29T16:24:36.219+0000] {logging_mixin.py:188} INFO - [2025-09-29T16:24:36.218+0000] {dag.py:3089} INFO - Sync 1 DAGs
[2025-09-29T16:24:36.298+0000] {logging_mixin.py:188} INFO - [2025-09-29T16:24:36.296+0000] {dag.py:3947} INFO - Setting next_dagrun for example_nested_branch_dag to 2025-09-28 00:00:00+00:00, run_after=2025-09-29 00:00:00+00:00
[2025-09-29T16:24:36.363+0000] {processor.py:183} INFO - Processing /home/airflow/.local/lib/python3.12/site-packages/airflow/example_dags/example_nested_branch_dag.py took 0.270 seconds
[2025-09-29T16:25:06.463+0000] {processor.py:161} INFO - Started process (PID=26733) to work on /home/airflow/.local/lib/python3.12/site-packages/airflow/example_dags/example_nested_branch_dag.py
[2025-09-29T16:25:06.466+0000] {processor.py:830} INFO - Processing file /home/airflow/.local/lib/python3.12/site-packages/airflow/example_dags/example_nested_branch_dag.py for tasks to queue
[2025-09-29T16:25:06.468+0000] {logging_mixin.py:188} INFO - [2025-09-29T16:25:06.467+0000] {dagbag.py:545} INFO - Filling up the DagBag from /home/airflow/.local/lib/python3.12/site-packages/airflow/example_dags/example_nested_branch_dag.py
[2025-09-29T16:25:06.492+0000] {processor.py:840} INFO - DAG(s) 'example_nested_branch_dag' retrieved from /home/airflow/.local/lib/python3.12/site-packages/airflow/example_dags/example_nested_branch_dag.py
[2025-09-29T16:25:06.554+0000] {logging_mixin.py:188} INFO - [2025-09-29T16:25:06.553+0000] {dag.py:3089} INFO - Sync 1 DAGs
[2025-09-29T16:25:06.606+0000] {logging_mixin.py:188} INFO - [2025-09-29T16:25:06.606+0000] {dag.py:3947} INFO - Setting next_dagrun for example_nested_branch_dag to 2025-09-28 00:00:00+00:00, run_after=2025-09-29 00:00:00+00:00
[2025-09-29T16:25:06.654+0000] {processor.py:183} INFO - Processing /home/airflow/.local/lib/python3.12/site-packages/airflow/example_dags/example_nested_branch_dag.py took 0.207 seconds
[2025-09-29T16:25:37.304+0000] {processor.py:161} INFO - Started process (PID=26994) to work on /home/airflow/.local/lib/python3.12/site-packages/airflow/example_dags/example_nested_branch_dag.py
[2025-09-29T16:25:37.307+0000] {processor.py:830} INFO - Processing file /home/airflow/.local/lib/python3.12/site-packages/airflow/example_dags/example_nested_branch_dag.py for tasks to queue
[2025-09-29T16:25:37.309+0000] {logging_mixin.py:188} INFO - [2025-09-29T16:25:37.308+0000] {dagbag.py:545} INFO - Filling up the DagBag from /home/airflow/.local/lib/python3.12/site-packages/airflow/example_dags/example_nested_branch_dag.py
[2025-09-29T16:25:37.336+0000] {processor.py:840} INFO - DAG(s) 'example_nested_branch_dag' retrieved from /home/airflow/.local/lib/python3.12/site-packages/airflow/example_dags/example_nested_branch_dag.py
[2025-09-29T16:25:37.401+0000] {logging_mixin.py:188} INFO - [2025-09-29T16:25:37.400+0000] {dag.py:3089} INFO - Sync 1 DAGs
[2025-09-29T16:25:37.456+0000] {logging_mixin.py:188} INFO - [2025-09-29T16:25:37.455+0000] {dag.py:3947} INFO - Setting next_dagrun for example_nested_branch_dag to 2025-09-28 00:00:00+00:00, run_after=2025-09-29 00:00:00+00:00
[2025-09-29T16:25:37.504+0000] {processor.py:183} INFO - Processing /home/airflow/.local/lib/python3.12/site-packages/airflow/example_dags/example_nested_branch_dag.py took 0.219 seconds
[2025-09-29T16:26:07.670+0000] {processor.py:161} INFO - Started process (PID=27255) to work on /home/airflow/.local/lib/python3.12/site-packages/airflow/example_dags/example_nested_branch_dag.py
[2025-09-29T16:26:07.673+0000] {processor.py:830} INFO - Processing file /home/airflow/.local/lib/python3.12/site-packages/airflow/example_dags/example_nested_branch_dag.py for tasks to queue
[2025-09-29T16:26:07.675+0000] {logging_mixin.py:188} INFO - [2025-09-29T16:26:07.674+0000] {dagbag.py:545} INFO - Filling up the DagBag from /home/airflow/.local/lib/python3.12/site-packages/airflow/example_dags/example_nested_branch_dag.py
[2025-09-29T16:26:07.701+0000] {processor.py:840} INFO - DAG(s) 'example_nested_branch_dag' retrieved from /home/airflow/.local/lib/python3.12/site-packages/airflow/example_dags/example_nested_branch_dag.py
[2025-09-29T16:26:07.770+0000] {logging_mixin.py:188} INFO - [2025-09-29T16:26:07.769+0000] {dag.py:3089} INFO - Sync 1 DAGs
[2025-09-29T16:26:07.827+0000] {logging_mixin.py:188} INFO - [2025-09-29T16:26:07.826+0000] {dag.py:3947} INFO - Setting next_dagrun for example_nested_branch_dag to 2025-09-28 00:00:00+00:00, run_after=2025-09-29 00:00:00+00:00
[2025-09-29T16:26:07.882+0000] {processor.py:183} INFO - Processing /home/airflow/.local/lib/python3.12/site-packages/airflow/example_dags/example_nested_branch_dag.py took 0.227 seconds
[2025-09-29T16:26:38.509+0000] {processor.py:161} INFO - Started process (PID=27516) to work on /home/airflow/.local/lib/python3.12/site-packages/airflow/example_dags/example_nested_branch_dag.py
[2025-09-29T16:26:38.512+0000] {processor.py:830} INFO - Processing file /home/airflow/.local/lib/python3.12/site-packages/airflow/example_dags/example_nested_branch_dag.py for tasks to queue
[2025-09-29T16:26:38.515+0000] {logging_mixin.py:188} INFO - [2025-09-29T16:26:38.514+0000] {dagbag.py:545} INFO - Filling up the DagBag from /home/airflow/.local/lib/python3.12/site-packages/airflow/example_dags/example_nested_branch_dag.py
[2025-09-29T16:26:38.543+0000] {processor.py:840} INFO - DAG(s) 'example_nested_branch_dag' retrieved from /home/airflow/.local/lib/python3.12/site-packages/airflow/example_dags/example_nested_branch_dag.py
[2025-09-29T16:26:38.603+0000] {logging_mixin.py:188} INFO - [2025-09-29T16:26:38.602+0000] {dag.py:3089} INFO - Sync 1 DAGs
[2025-09-29T16:26:38.655+0000] {logging_mixin.py:188} INFO - [2025-09-29T16:26:38.654+0000] {dag.py:3947} INFO - Setting next_dagrun for example_nested_branch_dag to 2025-09-28 00:00:00+00:00, run_after=2025-09-29 00:00:00+00:00
[2025-09-29T16:26:38.708+0000] {processor.py:183} INFO - Processing /home/airflow/.local/lib/python3.12/site-packages/airflow/example_dags/example_nested_branch_dag.py took 0.214 seconds
[2025-09-29T16:27:08.973+0000] {processor.py:161} INFO - Started process (PID=27777) to work on /home/airflow/.local/lib/python3.12/site-packages/airflow/example_dags/example_nested_branch_dag.py
[2025-09-29T16:27:08.975+0000] {processor.py:830} INFO - Processing file /home/airflow/.local/lib/python3.12/site-packages/airflow/example_dags/example_nested_branch_dag.py for tasks to queue
[2025-09-29T16:27:08.978+0000] {logging_mixin.py:188} INFO - [2025-09-29T16:27:08.977+0000] {dagbag.py:545} INFO - Filling up the DagBag from /home/airflow/.local/lib/python3.12/site-packages/airflow/example_dags/example_nested_branch_dag.py
[2025-09-29T16:27:09.005+0000] {processor.py:840} INFO - DAG(s) 'example_nested_branch_dag' retrieved from /home/airflow/.local/lib/python3.12/site-packages/airflow/example_dags/example_nested_branch_dag.py
[2025-09-29T16:27:09.074+0000] {logging_mixin.py:188} INFO - [2025-09-29T16:27:09.073+0000] {dag.py:3089} INFO - Sync 1 DAGs
[2025-09-29T16:27:09.132+0000] {logging_mixin.py:188} INFO - [2025-09-29T16:27:09.131+0000] {dag.py:3947} INFO - Setting next_dagrun for example_nested_branch_dag to 2025-09-28 00:00:00+00:00, run_after=2025-09-29 00:00:00+00:00
[2025-09-29T16:27:09.180+0000] {processor.py:183} INFO - Processing /home/airflow/.local/lib/python3.12/site-packages/airflow/example_dags/example_nested_branch_dag.py took 0.224 seconds
[2025-09-29T16:27:39.652+0000] {processor.py:161} INFO - Started process (PID=28038) to work on /home/airflow/.local/lib/python3.12/site-packages/airflow/example_dags/example_nested_branch_dag.py
[2025-09-29T16:27:39.655+0000] {processor.py:830} INFO - Processing file /home/airflow/.local/lib/python3.12/site-packages/airflow/example_dags/example_nested_branch_dag.py for tasks to queue
[2025-09-29T16:27:39.657+0000] {logging_mixin.py:188} INFO - [2025-09-29T16:27:39.656+0000] {dagbag.py:545} INFO - Filling up the DagBag from /home/airflow/.local/lib/python3.12/site-packages/airflow/example_dags/example_nested_branch_dag.py
[2025-09-29T16:27:39.681+0000] {processor.py:840} INFO - DAG(s) 'example_nested_branch_dag' retrieved from /home/airflow/.local/lib/python3.12/site-packages/airflow/example_dags/example_nested_branch_dag.py
[2025-09-29T16:27:39.741+0000] {logging_mixin.py:188} INFO - [2025-09-29T16:27:39.740+0000] {dag.py:3089} INFO - Sync 1 DAGs
[2025-09-29T16:27:39.791+0000] {logging_mixin.py:188} INFO - [2025-09-29T16:27:39.790+0000] {dag.py:3947} INFO - Setting next_dagrun for example_nested_branch_dag to 2025-09-28 00:00:00+00:00, run_after=2025-09-29 00:00:00+00:00
[2025-09-29T16:27:39.838+0000] {processor.py:183} INFO - Processing /home/airflow/.local/lib/python3.12/site-packages/airflow/example_dags/example_nested_branch_dag.py took 0.201 seconds
[2025-09-29T16:28:10.110+0000] {processor.py:161} INFO - Started process (PID=28299) to work on /home/airflow/.local/lib/python3.12/site-packages/airflow/example_dags/example_nested_branch_dag.py
[2025-09-29T16:28:10.114+0000] {processor.py:830} INFO - Processing file /home/airflow/.local/lib/python3.12/site-packages/airflow/example_dags/example_nested_branch_dag.py for tasks to queue
[2025-09-29T16:28:10.116+0000] {logging_mixin.py:188} INFO - [2025-09-29T16:28:10.115+0000] {dagbag.py:545} INFO - Filling up the DagBag from /home/airflow/.local/lib/python3.12/site-packages/airflow/example_dags/example_nested_branch_dag.py
[2025-09-29T16:28:10.144+0000] {processor.py:840} INFO - DAG(s) 'example_nested_branch_dag' retrieved from /home/airflow/.local/lib/python3.12/site-packages/airflow/example_dags/example_nested_branch_dag.py
[2025-09-29T16:28:10.223+0000] {logging_mixin.py:188} INFO - [2025-09-29T16:28:10.222+0000] {dag.py:3089} INFO - Sync 1 DAGs
[2025-09-29T16:28:10.284+0000] {logging_mixin.py:188} INFO - [2025-09-29T16:28:10.284+0000] {dag.py:3947} INFO - Setting next_dagrun for example_nested_branch_dag to 2025-09-28 00:00:00+00:00, run_after=2025-09-29 00:00:00+00:00
[2025-09-29T16:28:10.342+0000] {processor.py:183} INFO - Processing /home/airflow/.local/lib/python3.12/site-packages/airflow/example_dags/example_nested_branch_dag.py took 0.251 seconds
[2025-09-29T16:28:40.528+0000] {processor.py:161} INFO - Started process (PID=28558) to work on /home/airflow/.local/lib/python3.12/site-packages/airflow/example_dags/example_nested_branch_dag.py
[2025-09-29T16:28:40.530+0000] {processor.py:830} INFO - Processing file /home/airflow/.local/lib/python3.12/site-packages/airflow/example_dags/example_nested_branch_dag.py for tasks to queue
[2025-09-29T16:28:40.533+0000] {logging_mixin.py:188} INFO - [2025-09-29T16:28:40.532+0000] {dagbag.py:545} INFO - Filling up the DagBag from /home/airflow/.local/lib/python3.12/site-packages/airflow/example_dags/example_nested_branch_dag.py
[2025-09-29T16:28:40.561+0000] {processor.py:840} INFO - DAG(s) 'example_nested_branch_dag' retrieved from /home/airflow/.local/lib/python3.12/site-packages/airflow/example_dags/example_nested_branch_dag.py
[2025-09-29T16:28:40.625+0000] {logging_mixin.py:188} INFO - [2025-09-29T16:28:40.625+0000] {dag.py:3089} INFO - Sync 1 DAGs
[2025-09-29T16:28:40.679+0000] {logging_mixin.py:188} INFO - [2025-09-29T16:28:40.679+0000] {dag.py:3947} INFO - Setting next_dagrun for example_nested_branch_dag to 2025-09-28 00:00:00+00:00, run_after=2025-09-29 00:00:00+00:00
[2025-09-29T16:28:40.726+0000] {processor.py:183} INFO - Processing /home/airflow/.local/lib/python3.12/site-packages/airflow/example_dags/example_nested_branch_dag.py took 0.214 seconds
[2025-09-29T16:29:11.311+0000] {processor.py:161} INFO - Started process (PID=28811) to work on /home/airflow/.local/lib/python3.12/site-packages/airflow/example_dags/example_nested_branch_dag.py
[2025-09-29T16:29:11.315+0000] {processor.py:830} INFO - Processing file /home/airflow/.local/lib/python3.12/site-packages/airflow/example_dags/example_nested_branch_dag.py for tasks to queue
[2025-09-29T16:29:11.316+0000] {logging_mixin.py:188} INFO - [2025-09-29T16:29:11.316+0000] {dagbag.py:545} INFO - Filling up the DagBag from /home/airflow/.local/lib/python3.12/site-packages/airflow/example_dags/example_nested_branch_dag.py
[2025-09-29T16:29:11.339+0000] {processor.py:840} INFO - DAG(s) 'example_nested_branch_dag' retrieved from /home/airflow/.local/lib/python3.12/site-packages/airflow/example_dags/example_nested_branch_dag.py
[2025-09-29T16:29:11.399+0000] {logging_mixin.py:188} INFO - [2025-09-29T16:29:11.398+0000] {dag.py:3089} INFO - Sync 1 DAGs
[2025-09-29T16:29:11.453+0000] {logging_mixin.py:188} INFO - [2025-09-29T16:29:11.453+0000] {dag.py:3947} INFO - Setting next_dagrun for example_nested_branch_dag to 2025-09-28 00:00:00+00:00, run_after=2025-09-29 00:00:00+00:00
[2025-09-29T16:29:11.504+0000] {processor.py:183} INFO - Processing /home/airflow/.local/lib/python3.12/site-packages/airflow/example_dags/example_nested_branch_dag.py took 0.207 seconds
[2025-09-29T16:29:42.518+0000] {processor.py:161} INFO - Started process (PID=29072) to work on /home/airflow/.local/lib/python3.12/site-packages/airflow/example_dags/example_nested_branch_dag.py
[2025-09-29T16:29:42.521+0000] {processor.py:830} INFO - Processing file /home/airflow/.local/lib/python3.12/site-packages/airflow/example_dags/example_nested_branch_dag.py for tasks to queue
[2025-09-29T16:29:42.523+0000] {logging_mixin.py:188} INFO - [2025-09-29T16:29:42.522+0000] {dagbag.py:545} INFO - Filling up the DagBag from /home/airflow/.local/lib/python3.12/site-packages/airflow/example_dags/example_nested_branch_dag.py
[2025-09-29T16:29:42.546+0000] {processor.py:840} INFO - DAG(s) 'example_nested_branch_dag' retrieved from /home/airflow/.local/lib/python3.12/site-packages/airflow/example_dags/example_nested_branch_dag.py
[2025-09-29T16:29:42.620+0000] {logging_mixin.py:188} INFO - [2025-09-29T16:29:42.620+0000] {dag.py:3089} INFO - Sync 1 DAGs
[2025-09-29T16:29:42.673+0000] {logging_mixin.py:188} INFO - [2025-09-29T16:29:42.673+0000] {dag.py:3947} INFO - Setting next_dagrun for example_nested_branch_dag to 2025-09-28 00:00:00+00:00, run_after=2025-09-29 00:00:00+00:00
[2025-09-29T16:29:42.720+0000] {processor.py:183} INFO - Processing /home/airflow/.local/lib/python3.12/site-packages/airflow/example_dags/example_nested_branch_dag.py took 0.215 seconds
[2025-09-29T16:30:13.106+0000] {processor.py:161} INFO - Started process (PID=29333) to work on /home/airflow/.local/lib/python3.12/site-packages/airflow/example_dags/example_nested_branch_dag.py
[2025-09-29T16:30:13.110+0000] {processor.py:830} INFO - Processing file /home/airflow/.local/lib/python3.12/site-packages/airflow/example_dags/example_nested_branch_dag.py for tasks to queue
[2025-09-29T16:30:13.111+0000] {logging_mixin.py:188} INFO - [2025-09-29T16:30:13.111+0000] {dagbag.py:545} INFO - Filling up the DagBag from /home/airflow/.local/lib/python3.12/site-packages/airflow/example_dags/example_nested_branch_dag.py
[2025-09-29T16:30:13.136+0000] {processor.py:840} INFO - DAG(s) 'example_nested_branch_dag' retrieved from /home/airflow/.local/lib/python3.12/site-packages/airflow/example_dags/example_nested_branch_dag.py
[2025-09-29T16:30:13.205+0000] {logging_mixin.py:188} INFO - [2025-09-29T16:30:13.204+0000] {dag.py:3089} INFO - Sync 1 DAGs
[2025-09-29T16:30:13.263+0000] {logging_mixin.py:188} INFO - [2025-09-29T16:30:13.263+0000] {dag.py:3947} INFO - Setting next_dagrun for example_nested_branch_dag to 2025-09-28 00:00:00+00:00, run_after=2025-09-29 00:00:00+00:00
[2025-09-29T16:30:13.315+0000] {processor.py:183} INFO - Processing /home/airflow/.local/lib/python3.12/site-packages/airflow/example_dags/example_nested_branch_dag.py took 0.224 seconds
[2025-09-29T16:30:43.486+0000] {processor.py:161} INFO - Started process (PID=29594) to work on /home/airflow/.local/lib/python3.12/site-packages/airflow/example_dags/example_nested_branch_dag.py
[2025-09-29T16:30:43.488+0000] {processor.py:830} INFO - Processing file /home/airflow/.local/lib/python3.12/site-packages/airflow/example_dags/example_nested_branch_dag.py for tasks to queue
[2025-09-29T16:30:43.490+0000] {logging_mixin.py:188} INFO - [2025-09-29T16:30:43.489+0000] {dagbag.py:545} INFO - Filling up the DagBag from /home/airflow/.local/lib/python3.12/site-packages/airflow/example_dags/example_nested_branch_dag.py
[2025-09-29T16:30:43.513+0000] {processor.py:840} INFO - DAG(s) 'example_nested_branch_dag' retrieved from /home/airflow/.local/lib/python3.12/site-packages/airflow/example_dags/example_nested_branch_dag.py
[2025-09-29T16:30:43.574+0000] {logging_mixin.py:188} INFO - [2025-09-29T16:30:43.574+0000] {dag.py:3089} INFO - Sync 1 DAGs
[2025-09-29T16:30:43.625+0000] {logging_mixin.py:188} INFO - [2025-09-29T16:30:43.624+0000] {dag.py:3947} INFO - Setting next_dagrun for example_nested_branch_dag to 2025-09-28 00:00:00+00:00, run_after=2025-09-29 00:00:00+00:00
[2025-09-29T16:30:43.668+0000] {processor.py:183} INFO - Processing /home/airflow/.local/lib/python3.12/site-packages/airflow/example_dags/example_nested_branch_dag.py took 0.197 seconds
[2025-09-29T16:31:14.607+0000] {processor.py:161} INFO - Started process (PID=29855) to work on /home/airflow/.local/lib/python3.12/site-packages/airflow/example_dags/example_nested_branch_dag.py
[2025-09-29T16:31:14.610+0000] {processor.py:830} INFO - Processing file /home/airflow/.local/lib/python3.12/site-packages/airflow/example_dags/example_nested_branch_dag.py for tasks to queue
[2025-09-29T16:31:14.613+0000] {logging_mixin.py:188} INFO - [2025-09-29T16:31:14.612+0000] {dagbag.py:545} INFO - Filling up the DagBag from /home/airflow/.local/lib/python3.12/site-packages/airflow/example_dags/example_nested_branch_dag.py
[2025-09-29T16:31:14.639+0000] {processor.py:840} INFO - DAG(s) 'example_nested_branch_dag' retrieved from /home/airflow/.local/lib/python3.12/site-packages/airflow/example_dags/example_nested_branch_dag.py
[2025-09-29T16:31:14.709+0000] {logging_mixin.py:188} INFO - [2025-09-29T16:31:14.708+0000] {dag.py:3089} INFO - Sync 1 DAGs
[2025-09-29T16:31:14.772+0000] {logging_mixin.py:188} INFO - [2025-09-29T16:31:14.771+0000] {dag.py:3947} INFO - Setting next_dagrun for example_nested_branch_dag to 2025-09-28 00:00:00+00:00, run_after=2025-09-29 00:00:00+00:00
[2025-09-29T16:31:14.826+0000] {processor.py:183} INFO - Processing /home/airflow/.local/lib/python3.12/site-packages/airflow/example_dags/example_nested_branch_dag.py took 0.239 seconds
[2025-09-29T16:31:45.607+0000] {processor.py:161} INFO - Started process (PID=30116) to work on /home/airflow/.local/lib/python3.12/site-packages/airflow/example_dags/example_nested_branch_dag.py
[2025-09-29T16:31:45.610+0000] {processor.py:830} INFO - Processing file /home/airflow/.local/lib/python3.12/site-packages/airflow/example_dags/example_nested_branch_dag.py for tasks to queue
[2025-09-29T16:31:45.612+0000] {logging_mixin.py:188} INFO - [2025-09-29T16:31:45.611+0000] {dagbag.py:545} INFO - Filling up the DagBag from /home/airflow/.local/lib/python3.12/site-packages/airflow/example_dags/example_nested_branch_dag.py
[2025-09-29T16:31:45.634+0000] {processor.py:840} INFO - DAG(s) 'example_nested_branch_dag' retrieved from /home/airflow/.local/lib/python3.12/site-packages/airflow/example_dags/example_nested_branch_dag.py
[2025-09-29T16:31:45.695+0000] {logging_mixin.py:188} INFO - [2025-09-29T16:31:45.694+0000] {dag.py:3089} INFO - Sync 1 DAGs
[2025-09-29T16:31:45.747+0000] {logging_mixin.py:188} INFO - [2025-09-29T16:31:45.747+0000] {dag.py:3947} INFO - Setting next_dagrun for example_nested_branch_dag to 2025-09-28 00:00:00+00:00, run_after=2025-09-29 00:00:00+00:00
[2025-09-29T16:31:45.795+0000] {processor.py:183} INFO - Processing /home/airflow/.local/lib/python3.12/site-packages/airflow/example_dags/example_nested_branch_dag.py took 0.201 seconds
[2025-09-29T16:32:16.223+0000] {processor.py:161} INFO - Started process (PID=30377) to work on /home/airflow/.local/lib/python3.12/site-packages/airflow/example_dags/example_nested_branch_dag.py
[2025-09-29T16:32:16.227+0000] {processor.py:830} INFO - Processing file /home/airflow/.local/lib/python3.12/site-packages/airflow/example_dags/example_nested_branch_dag.py for tasks to queue
[2025-09-29T16:32:16.229+0000] {logging_mixin.py:188} INFO - [2025-09-29T16:32:16.228+0000] {dagbag.py:545} INFO - Filling up the DagBag from /home/airflow/.local/lib/python3.12/site-packages/airflow/example_dags/example_nested_branch_dag.py
[2025-09-29T16:32:16.259+0000] {processor.py:840} INFO - DAG(s) 'example_nested_branch_dag' retrieved from /home/airflow/.local/lib/python3.12/site-packages/airflow/example_dags/example_nested_branch_dag.py
[2025-09-29T16:32:16.329+0000] {logging_mixin.py:188} INFO - [2025-09-29T16:32:16.329+0000] {dag.py:3089} INFO - Sync 1 DAGs
[2025-09-29T16:32:16.383+0000] {logging_mixin.py:188} INFO - [2025-09-29T16:32:16.383+0000] {dag.py:3947} INFO - Setting next_dagrun for example_nested_branch_dag to 2025-09-28 00:00:00+00:00, run_after=2025-09-29 00:00:00+00:00
[2025-09-29T16:32:16.434+0000] {processor.py:183} INFO - Processing /home/airflow/.local/lib/python3.12/site-packages/airflow/example_dags/example_nested_branch_dag.py took 0.228 seconds
[2025-09-29T16:32:46.792+0000] {processor.py:161} INFO - Started process (PID=30638) to work on /home/airflow/.local/lib/python3.12/site-packages/airflow/example_dags/example_nested_branch_dag.py
[2025-09-29T16:32:46.794+0000] {processor.py:830} INFO - Processing file /home/airflow/.local/lib/python3.12/site-packages/airflow/example_dags/example_nested_branch_dag.py for tasks to queue
[2025-09-29T16:32:46.796+0000] {logging_mixin.py:188} INFO - [2025-09-29T16:32:46.796+0000] {dagbag.py:545} INFO - Filling up the DagBag from /home/airflow/.local/lib/python3.12/site-packages/airflow/example_dags/example_nested_branch_dag.py
[2025-09-29T16:32:46.820+0000] {processor.py:840} INFO - DAG(s) 'example_nested_branch_dag' retrieved from /home/airflow/.local/lib/python3.12/site-packages/airflow/example_dags/example_nested_branch_dag.py
[2025-09-29T16:32:46.880+0000] {logging_mixin.py:188} INFO - [2025-09-29T16:32:46.879+0000] {dag.py:3089} INFO - Sync 1 DAGs
[2025-09-29T16:32:46.933+0000] {logging_mixin.py:188} INFO - [2025-09-29T16:32:46.932+0000] {dag.py:3947} INFO - Setting next_dagrun for example_nested_branch_dag to 2025-09-28 00:00:00+00:00, run_after=2025-09-29 00:00:00+00:00
[2025-09-29T16:32:46.980+0000] {processor.py:183} INFO - Processing /home/airflow/.local/lib/python3.12/site-packages/airflow/example_dags/example_nested_branch_dag.py took 0.202 seconds
[2025-09-29T16:33:17.943+0000] {processor.py:161} INFO - Started process (PID=30899) to work on /home/airflow/.local/lib/python3.12/site-packages/airflow/example_dags/example_nested_branch_dag.py
[2025-09-29T16:33:17.946+0000] {processor.py:830} INFO - Processing file /home/airflow/.local/lib/python3.12/site-packages/airflow/example_dags/example_nested_branch_dag.py for tasks to queue
[2025-09-29T16:33:17.947+0000] {logging_mixin.py:188} INFO - [2025-09-29T16:33:17.947+0000] {dagbag.py:545} INFO - Filling up the DagBag from /home/airflow/.local/lib/python3.12/site-packages/airflow/example_dags/example_nested_branch_dag.py
[2025-09-29T16:33:17.974+0000] {processor.py:840} INFO - DAG(s) 'example_nested_branch_dag' retrieved from /home/airflow/.local/lib/python3.12/site-packages/airflow/example_dags/example_nested_branch_dag.py
[2025-09-29T16:33:18.036+0000] {logging_mixin.py:188} INFO - [2025-09-29T16:33:18.036+0000] {dag.py:3089} INFO - Sync 1 DAGs
[2025-09-29T16:33:18.091+0000] {logging_mixin.py:188} INFO - [2025-09-29T16:33:18.090+0000] {dag.py:3947} INFO - Setting next_dagrun for example_nested_branch_dag to 2025-09-28 00:00:00+00:00, run_after=2025-09-29 00:00:00+00:00
[2025-09-29T16:33:18.144+0000] {processor.py:183} INFO - Processing /home/airflow/.local/lib/python3.12/site-packages/airflow/example_dags/example_nested_branch_dag.py took 0.214 seconds
[2025-09-29T16:33:48.239+0000] {processor.py:161} INFO - Started process (PID=31160) to work on /home/airflow/.local/lib/python3.12/site-packages/airflow/example_dags/example_nested_branch_dag.py
[2025-09-29T16:33:48.242+0000] {processor.py:830} INFO - Processing file /home/airflow/.local/lib/python3.12/site-packages/airflow/example_dags/example_nested_branch_dag.py for tasks to queue
[2025-09-29T16:33:48.244+0000] {logging_mixin.py:188} INFO - [2025-09-29T16:33:48.243+0000] {dagbag.py:545} INFO - Filling up the DagBag from /home/airflow/.local/lib/python3.12/site-packages/airflow/example_dags/example_nested_branch_dag.py
[2025-09-29T16:33:48.274+0000] {processor.py:840} INFO - DAG(s) 'example_nested_branch_dag' retrieved from /home/airflow/.local/lib/python3.12/site-packages/airflow/example_dags/example_nested_branch_dag.py
[2025-09-29T16:33:48.338+0000] {logging_mixin.py:188} INFO - [2025-09-29T16:33:48.337+0000] {dag.py:3089} INFO - Sync 1 DAGs
[2025-09-29T16:33:48.388+0000] {logging_mixin.py:188} INFO - [2025-09-29T16:33:48.388+0000] {dag.py:3947} INFO - Setting next_dagrun for example_nested_branch_dag to 2025-09-28 00:00:00+00:00, run_after=2025-09-29 00:00:00+00:00
[2025-09-29T16:33:48.434+0000] {processor.py:183} INFO - Processing /home/airflow/.local/lib/python3.12/site-packages/airflow/example_dags/example_nested_branch_dag.py took 0.208 seconds
[2025-09-29T16:34:18.746+0000] {processor.py:161} INFO - Started process (PID=31421) to work on /home/airflow/.local/lib/python3.12/site-packages/airflow/example_dags/example_nested_branch_dag.py
[2025-09-29T16:34:18.749+0000] {processor.py:830} INFO - Processing file /home/airflow/.local/lib/python3.12/site-packages/airflow/example_dags/example_nested_branch_dag.py for tasks to queue
[2025-09-29T16:34:18.751+0000] {logging_mixin.py:188} INFO - [2025-09-29T16:34:18.750+0000] {dagbag.py:545} INFO - Filling up the DagBag from /home/airflow/.local/lib/python3.12/site-packages/airflow/example_dags/example_nested_branch_dag.py
[2025-09-29T16:34:18.778+0000] {processor.py:840} INFO - DAG(s) 'example_nested_branch_dag' retrieved from /home/airflow/.local/lib/python3.12/site-packages/airflow/example_dags/example_nested_branch_dag.py
[2025-09-29T16:34:18.841+0000] {logging_mixin.py:188} INFO - [2025-09-29T16:34:18.841+0000] {dag.py:3089} INFO - Sync 1 DAGs
[2025-09-29T16:34:18.891+0000] {logging_mixin.py:188} INFO - [2025-09-29T16:34:18.890+0000] {dag.py:3947} INFO - Setting next_dagrun for example_nested_branch_dag to 2025-09-28 00:00:00+00:00, run_after=2025-09-29 00:00:00+00:00
[2025-09-29T16:34:18.937+0000] {processor.py:183} INFO - Processing /home/airflow/.local/lib/python3.12/site-packages/airflow/example_dags/example_nested_branch_dag.py took 0.205 seconds
[2025-09-29T16:47:33.460+0000] {processor.py:161} INFO - Started process (PID=312) to work on /home/airflow/.local/lib/python3.12/site-packages/airflow/example_dags/example_nested_branch_dag.py
[2025-09-29T16:47:33.464+0000] {processor.py:830} INFO - Processing file /home/airflow/.local/lib/python3.12/site-packages/airflow/example_dags/example_nested_branch_dag.py for tasks to queue
[2025-09-29T16:47:33.470+0000] {logging_mixin.py:188} INFO - [2025-09-29T16:47:33.468+0000] {dagbag.py:545} INFO - Filling up the DagBag from /home/airflow/.local/lib/python3.12/site-packages/airflow/example_dags/example_nested_branch_dag.py
[2025-09-29T16:47:33.509+0000] {processor.py:840} INFO - DAG(s) 'example_nested_branch_dag' retrieved from /home/airflow/.local/lib/python3.12/site-packages/airflow/example_dags/example_nested_branch_dag.py
[2025-09-29T16:47:33.566+0000] {logging_mixin.py:188} INFO - [2025-09-29T16:47:33.565+0000] {dag.py:3089} INFO - Sync 1 DAGs
[2025-09-29T16:47:33.656+0000] {logging_mixin.py:188} INFO - [2025-09-29T16:47:33.655+0000] {dag.py:3947} INFO - Setting next_dagrun for example_nested_branch_dag to 2025-09-28 00:00:00+00:00, run_after=2025-09-29 00:00:00+00:00
[2025-09-29T16:47:33.716+0000] {processor.py:183} INFO - Processing /home/airflow/.local/lib/python3.12/site-packages/airflow/example_dags/example_nested_branch_dag.py took 0.276 seconds
[2025-09-29T16:48:09.956+0000] {processor.py:161} INFO - Started process (PID=586) to work on /home/airflow/.local/lib/python3.12/site-packages/airflow/example_dags/example_nested_branch_dag.py
[2025-09-29T16:48:09.960+0000] {processor.py:830} INFO - Processing file /home/airflow/.local/lib/python3.12/site-packages/airflow/example_dags/example_nested_branch_dag.py for tasks to queue
[2025-09-29T16:48:09.965+0000] {logging_mixin.py:188} INFO - [2025-09-29T16:48:09.964+0000] {dagbag.py:545} INFO - Filling up the DagBag from /home/airflow/.local/lib/python3.12/site-packages/airflow/example_dags/example_nested_branch_dag.py
[2025-09-29T16:48:10.008+0000] {processor.py:840} INFO - DAG(s) 'example_nested_branch_dag' retrieved from /home/airflow/.local/lib/python3.12/site-packages/airflow/example_dags/example_nested_branch_dag.py
[2025-09-29T16:48:10.337+0000] {logging_mixin.py:188} INFO - [2025-09-29T16:48:10.336+0000] {dag.py:3089} INFO - Sync 1 DAGs
[2025-09-29T16:48:10.387+0000] {logging_mixin.py:188} INFO - [2025-09-29T16:48:10.387+0000] {dag.py:3947} INFO - Setting next_dagrun for example_nested_branch_dag to 2025-09-28 00:00:00+00:00, run_after=2025-09-29 00:00:00+00:00
[2025-09-29T16:48:10.446+0000] {processor.py:183} INFO - Processing /home/airflow/.local/lib/python3.12/site-packages/airflow/example_dags/example_nested_branch_dag.py took 0.522 seconds
[2025-09-29T16:48:40.924+0000] {processor.py:161} INFO - Started process (PID=856) to work on /home/airflow/.local/lib/python3.12/site-packages/airflow/example_dags/example_nested_branch_dag.py
[2025-09-29T16:48:40.926+0000] {processor.py:830} INFO - Processing file /home/airflow/.local/lib/python3.12/site-packages/airflow/example_dags/example_nested_branch_dag.py for tasks to queue
[2025-09-29T16:48:40.930+0000] {logging_mixin.py:188} INFO - [2025-09-29T16:48:40.930+0000] {dagbag.py:545} INFO - Filling up the DagBag from /home/airflow/.local/lib/python3.12/site-packages/airflow/example_dags/example_nested_branch_dag.py
[2025-09-29T16:48:40.956+0000] {processor.py:840} INFO - DAG(s) 'example_nested_branch_dag' retrieved from /home/airflow/.local/lib/python3.12/site-packages/airflow/example_dags/example_nested_branch_dag.py
[2025-09-29T16:48:41.023+0000] {logging_mixin.py:188} INFO - [2025-09-29T16:48:41.022+0000] {dag.py:3089} INFO - Sync 1 DAGs
[2025-09-29T16:48:41.073+0000] {logging_mixin.py:188} INFO - [2025-09-29T16:48:41.072+0000] {dag.py:3947} INFO - Setting next_dagrun for example_nested_branch_dag to 2025-09-28 00:00:00+00:00, run_after=2025-09-29 00:00:00+00:00
[2025-09-29T16:48:41.120+0000] {processor.py:183} INFO - Processing /home/airflow/.local/lib/python3.12/site-packages/airflow/example_dags/example_nested_branch_dag.py took 0.212 seconds
[2025-09-29T16:55:36.358+0000] {processor.py:161} INFO - Started process (PID=332) to work on /home/airflow/.local/lib/python3.12/site-packages/airflow/example_dags/example_nested_branch_dag.py
[2025-09-29T16:55:36.361+0000] {processor.py:830} INFO - Processing file /home/airflow/.local/lib/python3.12/site-packages/airflow/example_dags/example_nested_branch_dag.py for tasks to queue
[2025-09-29T16:55:36.365+0000] {logging_mixin.py:188} INFO - [2025-09-29T16:55:36.364+0000] {dagbag.py:545} INFO - Filling up the DagBag from /home/airflow/.local/lib/python3.12/site-packages/airflow/example_dags/example_nested_branch_dag.py
[2025-09-29T16:55:36.394+0000] {processor.py:840} INFO - DAG(s) 'example_nested_branch_dag' retrieved from /home/airflow/.local/lib/python3.12/site-packages/airflow/example_dags/example_nested_branch_dag.py
[2025-09-29T16:55:36.429+0000] {logging_mixin.py:188} INFO - [2025-09-29T16:55:36.429+0000] {dag.py:3089} INFO - Sync 1 DAGs
[2025-09-29T16:55:36.484+0000] {logging_mixin.py:188} INFO - [2025-09-29T16:55:36.483+0000] {dag.py:3947} INFO - Setting next_dagrun for example_nested_branch_dag to 2025-09-28 00:00:00+00:00, run_after=2025-09-29 00:00:00+00:00
[2025-09-29T16:55:36.535+0000] {processor.py:183} INFO - Processing /home/airflow/.local/lib/python3.12/site-packages/airflow/example_dags/example_nested_branch_dag.py took 0.191 seconds
[2025-09-29T16:56:14.544+0000] {processor.py:161} INFO - Started process (PID=605) to work on /home/airflow/.local/lib/python3.12/site-packages/airflow/example_dags/example_nested_branch_dag.py
[2025-09-29T16:56:14.550+0000] {processor.py:830} INFO - Processing file /home/airflow/.local/lib/python3.12/site-packages/airflow/example_dags/example_nested_branch_dag.py for tasks to queue
[2025-09-29T16:56:14.556+0000] {logging_mixin.py:188} INFO - [2025-09-29T16:56:14.554+0000] {dagbag.py:545} INFO - Filling up the DagBag from /home/airflow/.local/lib/python3.12/site-packages/airflow/example_dags/example_nested_branch_dag.py
[2025-09-29T16:56:14.603+0000] {processor.py:840} INFO - DAG(s) 'example_nested_branch_dag' retrieved from /home/airflow/.local/lib/python3.12/site-packages/airflow/example_dags/example_nested_branch_dag.py
[2025-09-29T16:56:15.124+0000] {logging_mixin.py:188} INFO - [2025-09-29T16:56:15.123+0000] {dag.py:3089} INFO - Sync 1 DAGs
[2025-09-29T16:56:15.210+0000] {logging_mixin.py:188} INFO - [2025-09-29T16:56:15.209+0000] {dag.py:3947} INFO - Setting next_dagrun for example_nested_branch_dag to 2025-09-28 00:00:00+00:00, run_after=2025-09-29 00:00:00+00:00
[2025-09-29T16:56:15.291+0000] {processor.py:183} INFO - Processing /home/airflow/.local/lib/python3.12/site-packages/airflow/example_dags/example_nested_branch_dag.py took 0.775 seconds
[2025-09-29T16:56:46.042+0000] {processor.py:161} INFO - Started process (PID=883) to work on /home/airflow/.local/lib/python3.12/site-packages/airflow/example_dags/example_nested_branch_dag.py
[2025-09-29T16:56:46.049+0000] {processor.py:830} INFO - Processing file /home/airflow/.local/lib/python3.12/site-packages/airflow/example_dags/example_nested_branch_dag.py for tasks to queue
[2025-09-29T16:56:46.054+0000] {logging_mixin.py:188} INFO - [2025-09-29T16:56:46.053+0000] {dagbag.py:545} INFO - Filling up the DagBag from /home/airflow/.local/lib/python3.12/site-packages/airflow/example_dags/example_nested_branch_dag.py
[2025-09-29T16:56:46.083+0000] {processor.py:840} INFO - DAG(s) 'example_nested_branch_dag' retrieved from /home/airflow/.local/lib/python3.12/site-packages/airflow/example_dags/example_nested_branch_dag.py
[2025-09-29T16:56:46.146+0000] {logging_mixin.py:188} INFO - [2025-09-29T16:56:46.145+0000] {dag.py:3089} INFO - Sync 1 DAGs
[2025-09-29T16:56:46.207+0000] {logging_mixin.py:188} INFO - [2025-09-29T16:56:46.206+0000] {dag.py:3947} INFO - Setting next_dagrun for example_nested_branch_dag to 2025-09-28 00:00:00+00:00, run_after=2025-09-29 00:00:00+00:00
[2025-09-29T16:56:46.409+0000] {processor.py:183} INFO - Processing /home/airflow/.local/lib/python3.12/site-packages/airflow/example_dags/example_nested_branch_dag.py took 0.385 seconds
[2025-09-29T16:57:19.704+0000] {processor.py:161} INFO - Started process (PID=1146) to work on /home/airflow/.local/lib/python3.12/site-packages/airflow/example_dags/example_nested_branch_dag.py
[2025-09-29T16:57:19.798+0000] {processor.py:830} INFO - Processing file /home/airflow/.local/lib/python3.12/site-packages/airflow/example_dags/example_nested_branch_dag.py for tasks to queue
[2025-09-29T16:57:19.815+0000] {logging_mixin.py:188} INFO - [2025-09-29T16:57:19.814+0000] {dagbag.py:545} INFO - Filling up the DagBag from /home/airflow/.local/lib/python3.12/site-packages/airflow/example_dags/example_nested_branch_dag.py
[2025-09-29T16:57:19.880+0000] {processor.py:840} INFO - DAG(s) 'example_nested_branch_dag' retrieved from /home/airflow/.local/lib/python3.12/site-packages/airflow/example_dags/example_nested_branch_dag.py
[2025-09-29T16:57:20.952+0000] {logging_mixin.py:188} INFO - [2025-09-29T16:57:20.951+0000] {dag.py:3089} INFO - Sync 1 DAGs
[2025-09-29T16:57:21.044+0000] {logging_mixin.py:188} INFO - [2025-09-29T16:57:21.042+0000] {dag.py:3947} INFO - Setting next_dagrun for example_nested_branch_dag to 2025-09-28 00:00:00+00:00, run_after=2025-09-29 00:00:00+00:00
[2025-09-29T16:57:21.110+0000] {processor.py:183} INFO - Processing /home/airflow/.local/lib/python3.12/site-packages/airflow/example_dags/example_nested_branch_dag.py took 1.424 seconds
[2025-09-29T16:57:51.345+0000] {processor.py:161} INFO - Started process (PID=1410) to work on /home/airflow/.local/lib/python3.12/site-packages/airflow/example_dags/example_nested_branch_dag.py
[2025-09-29T16:57:51.349+0000] {processor.py:830} INFO - Processing file /home/airflow/.local/lib/python3.12/site-packages/airflow/example_dags/example_nested_branch_dag.py for tasks to queue
[2025-09-29T16:57:51.354+0000] {logging_mixin.py:188} INFO - [2025-09-29T16:57:51.352+0000] {dagbag.py:545} INFO - Filling up the DagBag from /home/airflow/.local/lib/python3.12/site-packages/airflow/example_dags/example_nested_branch_dag.py
[2025-09-29T16:57:51.383+0000] {processor.py:840} INFO - DAG(s) 'example_nested_branch_dag' retrieved from /home/airflow/.local/lib/python3.12/site-packages/airflow/example_dags/example_nested_branch_dag.py
[2025-09-29T16:57:51.468+0000] {logging_mixin.py:188} INFO - [2025-09-29T16:57:51.467+0000] {dag.py:3089} INFO - Sync 1 DAGs
[2025-09-29T16:57:51.552+0000] {logging_mixin.py:188} INFO - [2025-09-29T16:57:51.551+0000] {dag.py:3947} INFO - Setting next_dagrun for example_nested_branch_dag to 2025-09-28 00:00:00+00:00, run_after=2025-09-29 00:00:00+00:00
[2025-09-29T16:57:51.612+0000] {processor.py:183} INFO - Processing /home/airflow/.local/lib/python3.12/site-packages/airflow/example_dags/example_nested_branch_dag.py took 0.283 seconds
[2025-09-29T16:58:22.587+0000] {processor.py:161} INFO - Started process (PID=1669) to work on /home/airflow/.local/lib/python3.12/site-packages/airflow/example_dags/example_nested_branch_dag.py
[2025-09-29T16:58:22.590+0000] {processor.py:830} INFO - Processing file /home/airflow/.local/lib/python3.12/site-packages/airflow/example_dags/example_nested_branch_dag.py for tasks to queue
[2025-09-29T16:58:22.594+0000] {logging_mixin.py:188} INFO - [2025-09-29T16:58:22.594+0000] {dagbag.py:545} INFO - Filling up the DagBag from /home/airflow/.local/lib/python3.12/site-packages/airflow/example_dags/example_nested_branch_dag.py
[2025-09-29T16:58:22.627+0000] {processor.py:840} INFO - DAG(s) 'example_nested_branch_dag' retrieved from /home/airflow/.local/lib/python3.12/site-packages/airflow/example_dags/example_nested_branch_dag.py
[2025-09-29T16:58:22.709+0000] {logging_mixin.py:188} INFO - [2025-09-29T16:58:22.709+0000] {dag.py:3089} INFO - Sync 1 DAGs
[2025-09-29T16:58:22.778+0000] {logging_mixin.py:188} INFO - [2025-09-29T16:58:22.777+0000] {dag.py:3947} INFO - Setting next_dagrun for example_nested_branch_dag to 2025-09-28 00:00:00+00:00, run_after=2025-09-29 00:00:00+00:00
[2025-09-29T16:58:22.834+0000] {processor.py:183} INFO - Processing /home/airflow/.local/lib/python3.12/site-packages/airflow/example_dags/example_nested_branch_dag.py took 0.261 seconds
[2025-09-29T16:58:53.614+0000] {processor.py:161} INFO - Started process (PID=1936) to work on /home/airflow/.local/lib/python3.12/site-packages/airflow/example_dags/example_nested_branch_dag.py
[2025-09-29T16:58:53.617+0000] {processor.py:830} INFO - Processing file /home/airflow/.local/lib/python3.12/site-packages/airflow/example_dags/example_nested_branch_dag.py for tasks to queue
[2025-09-29T16:58:53.622+0000] {logging_mixin.py:188} INFO - [2025-09-29T16:58:53.621+0000] {dagbag.py:545} INFO - Filling up the DagBag from /home/airflow/.local/lib/python3.12/site-packages/airflow/example_dags/example_nested_branch_dag.py
[2025-09-29T16:58:53.649+0000] {processor.py:840} INFO - DAG(s) 'example_nested_branch_dag' retrieved from /home/airflow/.local/lib/python3.12/site-packages/airflow/example_dags/example_nested_branch_dag.py
[2025-09-29T16:58:53.722+0000] {logging_mixin.py:188} INFO - [2025-09-29T16:58:53.721+0000] {dag.py:3089} INFO - Sync 1 DAGs
[2025-09-29T16:58:53.778+0000] {logging_mixin.py:188} INFO - [2025-09-29T16:58:53.778+0000] {dag.py:3947} INFO - Setting next_dagrun for example_nested_branch_dag to 2025-09-28 00:00:00+00:00, run_after=2025-09-29 00:00:00+00:00
[2025-09-29T16:58:53.827+0000] {processor.py:183} INFO - Processing /home/airflow/.local/lib/python3.12/site-packages/airflow/example_dags/example_nested_branch_dag.py took 0.230 seconds
[2025-09-29T16:59:24.398+0000] {processor.py:161} INFO - Started process (PID=2198) to work on /home/airflow/.local/lib/python3.12/site-packages/airflow/example_dags/example_nested_branch_dag.py
[2025-09-29T16:59:24.401+0000] {processor.py:830} INFO - Processing file /home/airflow/.local/lib/python3.12/site-packages/airflow/example_dags/example_nested_branch_dag.py for tasks to queue
[2025-09-29T16:59:24.405+0000] {logging_mixin.py:188} INFO - [2025-09-29T16:59:24.404+0000] {dagbag.py:545} INFO - Filling up the DagBag from /home/airflow/.local/lib/python3.12/site-packages/airflow/example_dags/example_nested_branch_dag.py
[2025-09-29T16:59:24.428+0000] {processor.py:840} INFO - DAG(s) 'example_nested_branch_dag' retrieved from /home/airflow/.local/lib/python3.12/site-packages/airflow/example_dags/example_nested_branch_dag.py
[2025-09-29T16:59:24.490+0000] {logging_mixin.py:188} INFO - [2025-09-29T16:59:24.489+0000] {dag.py:3089} INFO - Sync 1 DAGs
[2025-09-29T16:59:24.543+0000] {logging_mixin.py:188} INFO - [2025-09-29T16:59:24.542+0000] {dag.py:3947} INFO - Setting next_dagrun for example_nested_branch_dag to 2025-09-28 00:00:00+00:00, run_after=2025-09-29 00:00:00+00:00
[2025-09-29T16:59:24.587+0000] {processor.py:183} INFO - Processing /home/airflow/.local/lib/python3.12/site-packages/airflow/example_dags/example_nested_branch_dag.py took 0.204 seconds
[2025-09-29T16:59:55.269+0000] {processor.py:161} INFO - Started process (PID=2460) to work on /home/airflow/.local/lib/python3.12/site-packages/airflow/example_dags/example_nested_branch_dag.py
[2025-09-29T16:59:55.272+0000] {processor.py:830} INFO - Processing file /home/airflow/.local/lib/python3.12/site-packages/airflow/example_dags/example_nested_branch_dag.py for tasks to queue
[2025-09-29T16:59:55.276+0000] {logging_mixin.py:188} INFO - [2025-09-29T16:59:55.275+0000] {dagbag.py:545} INFO - Filling up the DagBag from /home/airflow/.local/lib/python3.12/site-packages/airflow/example_dags/example_nested_branch_dag.py
[2025-09-29T16:59:55.300+0000] {processor.py:840} INFO - DAG(s) 'example_nested_branch_dag' retrieved from /home/airflow/.local/lib/python3.12/site-packages/airflow/example_dags/example_nested_branch_dag.py
[2025-09-29T16:59:55.365+0000] {logging_mixin.py:188} INFO - [2025-09-29T16:59:55.364+0000] {dag.py:3089} INFO - Sync 1 DAGs
[2025-09-29T16:59:55.428+0000] {logging_mixin.py:188} INFO - [2025-09-29T16:59:55.428+0000] {dag.py:3947} INFO - Setting next_dagrun for example_nested_branch_dag to 2025-09-28 00:00:00+00:00, run_after=2025-09-29 00:00:00+00:00
[2025-09-29T16:59:55.485+0000] {processor.py:183} INFO - Processing /home/airflow/.local/lib/python3.12/site-packages/airflow/example_dags/example_nested_branch_dag.py took 0.230 seconds
[2025-09-29T17:00:26.249+0000] {processor.py:161} INFO - Started process (PID=2722) to work on /home/airflow/.local/lib/python3.12/site-packages/airflow/example_dags/example_nested_branch_dag.py
[2025-09-29T17:00:26.257+0000] {processor.py:830} INFO - Processing file /home/airflow/.local/lib/python3.12/site-packages/airflow/example_dags/example_nested_branch_dag.py for tasks to queue
[2025-09-29T17:00:26.262+0000] {logging_mixin.py:188} INFO - [2025-09-29T17:00:26.261+0000] {dagbag.py:545} INFO - Filling up the DagBag from /home/airflow/.local/lib/python3.12/site-packages/airflow/example_dags/example_nested_branch_dag.py
[2025-09-29T17:00:26.291+0000] {processor.py:840} INFO - DAG(s) 'example_nested_branch_dag' retrieved from /home/airflow/.local/lib/python3.12/site-packages/airflow/example_dags/example_nested_branch_dag.py
[2025-09-29T17:00:26.357+0000] {logging_mixin.py:188} INFO - [2025-09-29T17:00:26.357+0000] {dag.py:3089} INFO - Sync 1 DAGs
[2025-09-29T17:00:26.413+0000] {logging_mixin.py:188} INFO - [2025-09-29T17:00:26.413+0000] {dag.py:3947} INFO - Setting next_dagrun for example_nested_branch_dag to 2025-09-28 00:00:00+00:00, run_after=2025-09-29 00:00:00+00:00
[2025-09-29T17:00:26.465+0000] {processor.py:183} INFO - Processing /home/airflow/.local/lib/python3.12/site-packages/airflow/example_dags/example_nested_branch_dag.py took 0.233 seconds
[2025-09-29T17:00:56.693+0000] {processor.py:161} INFO - Started process (PID=2984) to work on /home/airflow/.local/lib/python3.12/site-packages/airflow/example_dags/example_nested_branch_dag.py
[2025-09-29T17:00:56.697+0000] {processor.py:830} INFO - Processing file /home/airflow/.local/lib/python3.12/site-packages/airflow/example_dags/example_nested_branch_dag.py for tasks to queue
[2025-09-29T17:00:56.701+0000] {logging_mixin.py:188} INFO - [2025-09-29T17:00:56.700+0000] {dagbag.py:545} INFO - Filling up the DagBag from /home/airflow/.local/lib/python3.12/site-packages/airflow/example_dags/example_nested_branch_dag.py
[2025-09-29T17:00:56.724+0000] {processor.py:840} INFO - DAG(s) 'example_nested_branch_dag' retrieved from /home/airflow/.local/lib/python3.12/site-packages/airflow/example_dags/example_nested_branch_dag.py
[2025-09-29T17:00:56.784+0000] {logging_mixin.py:188} INFO - [2025-09-29T17:00:56.783+0000] {dag.py:3089} INFO - Sync 1 DAGs
[2025-09-29T17:00:56.835+0000] {logging_mixin.py:188} INFO - [2025-09-29T17:00:56.834+0000] {dag.py:3947} INFO - Setting next_dagrun for example_nested_branch_dag to 2025-09-28 00:00:00+00:00, run_after=2025-09-29 00:00:00+00:00
[2025-09-29T17:00:56.887+0000] {processor.py:183} INFO - Processing /home/airflow/.local/lib/python3.12/site-packages/airflow/example_dags/example_nested_branch_dag.py took 0.207 seconds
[2025-09-29T17:01:27.427+0000] {processor.py:161} INFO - Started process (PID=3246) to work on /home/airflow/.local/lib/python3.12/site-packages/airflow/example_dags/example_nested_branch_dag.py
[2025-09-29T17:01:27.430+0000] {processor.py:830} INFO - Processing file /home/airflow/.local/lib/python3.12/site-packages/airflow/example_dags/example_nested_branch_dag.py for tasks to queue
[2025-09-29T17:01:27.436+0000] {logging_mixin.py:188} INFO - [2025-09-29T17:01:27.435+0000] {dagbag.py:545} INFO - Filling up the DagBag from /home/airflow/.local/lib/python3.12/site-packages/airflow/example_dags/example_nested_branch_dag.py
[2025-09-29T17:01:27.465+0000] {processor.py:840} INFO - DAG(s) 'example_nested_branch_dag' retrieved from /home/airflow/.local/lib/python3.12/site-packages/airflow/example_dags/example_nested_branch_dag.py
[2025-09-29T17:01:27.544+0000] {logging_mixin.py:188} INFO - [2025-09-29T17:01:27.543+0000] {dag.py:3089} INFO - Sync 1 DAGs
[2025-09-29T17:01:27.609+0000] {logging_mixin.py:188} INFO - [2025-09-29T17:01:27.609+0000] {dag.py:3947} INFO - Setting next_dagrun for example_nested_branch_dag to 2025-09-28 00:00:00+00:00, run_after=2025-09-29 00:00:00+00:00
[2025-09-29T17:01:27.667+0000] {processor.py:183} INFO - Processing /home/airflow/.local/lib/python3.12/site-packages/airflow/example_dags/example_nested_branch_dag.py took 0.260 seconds
[2025-09-29T17:01:58.017+0000] {processor.py:161} INFO - Started process (PID=3508) to work on /home/airflow/.local/lib/python3.12/site-packages/airflow/example_dags/example_nested_branch_dag.py
[2025-09-29T17:01:58.020+0000] {processor.py:830} INFO - Processing file /home/airflow/.local/lib/python3.12/site-packages/airflow/example_dags/example_nested_branch_dag.py for tasks to queue
[2025-09-29T17:01:58.024+0000] {logging_mixin.py:188} INFO - [2025-09-29T17:01:58.023+0000] {dagbag.py:545} INFO - Filling up the DagBag from /home/airflow/.local/lib/python3.12/site-packages/airflow/example_dags/example_nested_branch_dag.py
[2025-09-29T17:01:58.048+0000] {processor.py:840} INFO - DAG(s) 'example_nested_branch_dag' retrieved from /home/airflow/.local/lib/python3.12/site-packages/airflow/example_dags/example_nested_branch_dag.py
[2025-09-29T17:01:58.110+0000] {logging_mixin.py:188} INFO - [2025-09-29T17:01:58.109+0000] {dag.py:3089} INFO - Sync 1 DAGs
[2025-09-29T17:01:58.165+0000] {logging_mixin.py:188} INFO - [2025-09-29T17:01:58.165+0000] {dag.py:3947} INFO - Setting next_dagrun for example_nested_branch_dag to 2025-09-28 00:00:00+00:00, run_after=2025-09-29 00:00:00+00:00
[2025-09-29T17:01:58.214+0000] {processor.py:183} INFO - Processing /home/airflow/.local/lib/python3.12/site-packages/airflow/example_dags/example_nested_branch_dag.py took 0.210 seconds
[2025-09-29T17:02:28.322+0000] {processor.py:161} INFO - Started process (PID=3770) to work on /home/airflow/.local/lib/python3.12/site-packages/airflow/example_dags/example_nested_branch_dag.py
[2025-09-29T17:02:28.325+0000] {processor.py:830} INFO - Processing file /home/airflow/.local/lib/python3.12/site-packages/airflow/example_dags/example_nested_branch_dag.py for tasks to queue
[2025-09-29T17:02:28.329+0000] {logging_mixin.py:188} INFO - [2025-09-29T17:02:28.328+0000] {dagbag.py:545} INFO - Filling up the DagBag from /home/airflow/.local/lib/python3.12/site-packages/airflow/example_dags/example_nested_branch_dag.py
[2025-09-29T17:02:28.355+0000] {processor.py:840} INFO - DAG(s) 'example_nested_branch_dag' retrieved from /home/airflow/.local/lib/python3.12/site-packages/airflow/example_dags/example_nested_branch_dag.py
[2025-09-29T17:02:28.422+0000] {logging_mixin.py:188} INFO - [2025-09-29T17:02:28.422+0000] {dag.py:3089} INFO - Sync 1 DAGs
[2025-09-29T17:02:28.479+0000] {logging_mixin.py:188} INFO - [2025-09-29T17:02:28.478+0000] {dag.py:3947} INFO - Setting next_dagrun for example_nested_branch_dag to 2025-09-28 00:00:00+00:00, run_after=2025-09-29 00:00:00+00:00
[2025-09-29T17:02:28.534+0000] {processor.py:183} INFO - Processing /home/airflow/.local/lib/python3.12/site-packages/airflow/example_dags/example_nested_branch_dag.py took 0.227 seconds
[2025-09-29T17:02:58.851+0000] {processor.py:161} INFO - Started process (PID=4032) to work on /home/airflow/.local/lib/python3.12/site-packages/airflow/example_dags/example_nested_branch_dag.py
[2025-09-29T17:02:58.854+0000] {processor.py:830} INFO - Processing file /home/airflow/.local/lib/python3.12/site-packages/airflow/example_dags/example_nested_branch_dag.py for tasks to queue
[2025-09-29T17:02:58.858+0000] {logging_mixin.py:188} INFO - [2025-09-29T17:02:58.857+0000] {dagbag.py:545} INFO - Filling up the DagBag from /home/airflow/.local/lib/python3.12/site-packages/airflow/example_dags/example_nested_branch_dag.py
[2025-09-29T17:02:58.881+0000] {processor.py:840} INFO - DAG(s) 'example_nested_branch_dag' retrieved from /home/airflow/.local/lib/python3.12/site-packages/airflow/example_dags/example_nested_branch_dag.py
[2025-09-29T17:02:58.945+0000] {logging_mixin.py:188} INFO - [2025-09-29T17:02:58.944+0000] {dag.py:3089} INFO - Sync 1 DAGs
[2025-09-29T17:02:58.997+0000] {logging_mixin.py:188} INFO - [2025-09-29T17:02:58.996+0000] {dag.py:3947} INFO - Setting next_dagrun for example_nested_branch_dag to 2025-09-28 00:00:00+00:00, run_after=2025-09-29 00:00:00+00:00
[2025-09-29T17:02:59.042+0000] {processor.py:183} INFO - Processing /home/airflow/.local/lib/python3.12/site-packages/airflow/example_dags/example_nested_branch_dag.py took 0.209 seconds
[2025-09-29T17:03:29.446+0000] {processor.py:161} INFO - Started process (PID=4294) to work on /home/airflow/.local/lib/python3.12/site-packages/airflow/example_dags/example_nested_branch_dag.py
[2025-09-29T17:03:29.449+0000] {processor.py:830} INFO - Processing file /home/airflow/.local/lib/python3.12/site-packages/airflow/example_dags/example_nested_branch_dag.py for tasks to queue
[2025-09-29T17:03:29.453+0000] {logging_mixin.py:188} INFO - [2025-09-29T17:03:29.453+0000] {dagbag.py:545} INFO - Filling up the DagBag from /home/airflow/.local/lib/python3.12/site-packages/airflow/example_dags/example_nested_branch_dag.py
[2025-09-29T17:03:29.481+0000] {processor.py:840} INFO - DAG(s) 'example_nested_branch_dag' retrieved from /home/airflow/.local/lib/python3.12/site-packages/airflow/example_dags/example_nested_branch_dag.py
[2025-09-29T17:03:29.547+0000] {logging_mixin.py:188} INFO - [2025-09-29T17:03:29.547+0000] {dag.py:3089} INFO - Sync 1 DAGs
[2025-09-29T17:03:29.619+0000] {logging_mixin.py:188} INFO - [2025-09-29T17:03:29.618+0000] {dag.py:3947} INFO - Setting next_dagrun for example_nested_branch_dag to 2025-09-28 00:00:00+00:00, run_after=2025-09-29 00:00:00+00:00
[2025-09-29T17:03:29.671+0000] {processor.py:183} INFO - Processing /home/airflow/.local/lib/python3.12/site-packages/airflow/example_dags/example_nested_branch_dag.py took 0.240 seconds
[2025-09-29T17:03:59.878+0000] {processor.py:161} INFO - Started process (PID=4556) to work on /home/airflow/.local/lib/python3.12/site-packages/airflow/example_dags/example_nested_branch_dag.py
[2025-09-29T17:03:59.881+0000] {processor.py:830} INFO - Processing file /home/airflow/.local/lib/python3.12/site-packages/airflow/example_dags/example_nested_branch_dag.py for tasks to queue
[2025-09-29T17:03:59.885+0000] {logging_mixin.py:188} INFO - [2025-09-29T17:03:59.884+0000] {dagbag.py:545} INFO - Filling up the DagBag from /home/airflow/.local/lib/python3.12/site-packages/airflow/example_dags/example_nested_branch_dag.py
[2025-09-29T17:03:59.909+0000] {processor.py:840} INFO - DAG(s) 'example_nested_branch_dag' retrieved from /home/airflow/.local/lib/python3.12/site-packages/airflow/example_dags/example_nested_branch_dag.py
[2025-09-29T17:03:59.969+0000] {logging_mixin.py:188} INFO - [2025-09-29T17:03:59.968+0000] {dag.py:3089} INFO - Sync 1 DAGs
[2025-09-29T17:04:00.023+0000] {logging_mixin.py:188} INFO - [2025-09-29T17:04:00.023+0000] {dag.py:3947} INFO - Setting next_dagrun for example_nested_branch_dag to 2025-09-28 00:00:00+00:00, run_after=2025-09-29 00:00:00+00:00
[2025-09-29T17:04:00.070+0000] {processor.py:183} INFO - Processing /home/airflow/.local/lib/python3.12/site-packages/airflow/example_dags/example_nested_branch_dag.py took 0.206 seconds
[2025-09-29T17:04:30.407+0000] {processor.py:161} INFO - Started process (PID=4818) to work on /home/airflow/.local/lib/python3.12/site-packages/airflow/example_dags/example_nested_branch_dag.py
[2025-09-29T17:04:30.423+0000] {processor.py:830} INFO - Processing file /home/airflow/.local/lib/python3.12/site-packages/airflow/example_dags/example_nested_branch_dag.py for tasks to queue
[2025-09-29T17:04:30.428+0000] {logging_mixin.py:188} INFO - [2025-09-29T17:04:30.427+0000] {dagbag.py:545} INFO - Filling up the DagBag from /home/airflow/.local/lib/python3.12/site-packages/airflow/example_dags/example_nested_branch_dag.py
[2025-09-29T17:04:30.453+0000] {processor.py:840} INFO - DAG(s) 'example_nested_branch_dag' retrieved from /home/airflow/.local/lib/python3.12/site-packages/airflow/example_dags/example_nested_branch_dag.py
[2025-09-29T17:04:30.513+0000] {logging_mixin.py:188} INFO - [2025-09-29T17:04:30.513+0000] {dag.py:3089} INFO - Sync 1 DAGs
[2025-09-29T17:04:30.568+0000] {logging_mixin.py:188} INFO - [2025-09-29T17:04:30.568+0000] {dag.py:3947} INFO - Setting next_dagrun for example_nested_branch_dag to 2025-09-28 00:00:00+00:00, run_after=2025-09-29 00:00:00+00:00
[2025-09-29T17:04:30.616+0000] {processor.py:183} INFO - Processing /home/airflow/.local/lib/python3.12/site-packages/airflow/example_dags/example_nested_branch_dag.py took 0.223 seconds
[2025-09-29T17:05:01.209+0000] {processor.py:161} INFO - Started process (PID=5086) to work on /home/airflow/.local/lib/python3.12/site-packages/airflow/example_dags/example_nested_branch_dag.py
[2025-09-29T17:05:01.217+0000] {processor.py:830} INFO - Processing file /home/airflow/.local/lib/python3.12/site-packages/airflow/example_dags/example_nested_branch_dag.py for tasks to queue
[2025-09-29T17:05:01.222+0000] {logging_mixin.py:188} INFO - [2025-09-29T17:05:01.221+0000] {dagbag.py:545} INFO - Filling up the DagBag from /home/airflow/.local/lib/python3.12/site-packages/airflow/example_dags/example_nested_branch_dag.py
[2025-09-29T17:05:01.248+0000] {processor.py:840} INFO - DAG(s) 'example_nested_branch_dag' retrieved from /home/airflow/.local/lib/python3.12/site-packages/airflow/example_dags/example_nested_branch_dag.py
[2025-09-29T17:05:01.320+0000] {logging_mixin.py:188} INFO - [2025-09-29T17:05:01.319+0000] {dag.py:3089} INFO - Sync 1 DAGs
[2025-09-29T17:05:00.671+0000] {logging_mixin.py:188} INFO - [2025-09-29T17:05:00.670+0000] {dag.py:3947} INFO - Setting next_dagrun for example_nested_branch_dag to 2025-09-28 00:00:00+00:00, run_after=2025-09-29 00:00:00+00:00
[2025-09-29T17:04:59.862+0000] {processor.py:183} INFO - Processing /home/airflow/.local/lib/python3.12/site-packages/airflow/example_dags/example_nested_branch_dag.py took 0.250 seconds
[2025-09-29T17:05:34.166+0000] {processor.py:161} INFO - Started process (PID=5356) to work on /home/airflow/.local/lib/python3.12/site-packages/airflow/example_dags/example_nested_branch_dag.py
[2025-09-29T17:05:34.170+0000] {processor.py:830} INFO - Processing file /home/airflow/.local/lib/python3.12/site-packages/airflow/example_dags/example_nested_branch_dag.py for tasks to queue
[2025-09-29T17:05:34.176+0000] {logging_mixin.py:188} INFO - [2025-09-29T17:05:34.175+0000] {dagbag.py:545} INFO - Filling up the DagBag from /home/airflow/.local/lib/python3.12/site-packages/airflow/example_dags/example_nested_branch_dag.py
[2025-09-29T17:05:34.210+0000] {processor.py:840} INFO - DAG(s) 'example_nested_branch_dag' retrieved from /home/airflow/.local/lib/python3.12/site-packages/airflow/example_dags/example_nested_branch_dag.py
[2025-09-29T17:05:34.291+0000] {logging_mixin.py:188} INFO - [2025-09-29T17:05:34.290+0000] {dag.py:3089} INFO - Sync 1 DAGs
[2025-09-29T17:05:34.362+0000] {logging_mixin.py:188} INFO - [2025-09-29T17:05:34.361+0000] {dag.py:3947} INFO - Setting next_dagrun for example_nested_branch_dag to 2025-09-28 00:00:00+00:00, run_after=2025-09-29 00:00:00+00:00
[2025-09-29T17:05:34.498+0000] {processor.py:183} INFO - Processing /home/airflow/.local/lib/python3.12/site-packages/airflow/example_dags/example_nested_branch_dag.py took 0.352 seconds
[2025-09-29T17:06:05.856+0000] {processor.py:161} INFO - Started process (PID=5620) to work on /home/airflow/.local/lib/python3.12/site-packages/airflow/example_dags/example_nested_branch_dag.py
[2025-09-29T17:06:05.858+0000] {processor.py:830} INFO - Processing file /home/airflow/.local/lib/python3.12/site-packages/airflow/example_dags/example_nested_branch_dag.py for tasks to queue
[2025-09-29T17:06:05.864+0000] {logging_mixin.py:188} INFO - [2025-09-29T17:06:05.863+0000] {dagbag.py:545} INFO - Filling up the DagBag from /home/airflow/.local/lib/python3.12/site-packages/airflow/example_dags/example_nested_branch_dag.py
[2025-09-29T17:06:05.890+0000] {processor.py:840} INFO - DAG(s) 'example_nested_branch_dag' retrieved from /home/airflow/.local/lib/python3.12/site-packages/airflow/example_dags/example_nested_branch_dag.py
[2025-09-29T17:06:05.951+0000] {logging_mixin.py:188} INFO - [2025-09-29T17:06:05.951+0000] {dag.py:3089} INFO - Sync 1 DAGs
[2025-09-29T17:06:06.009+0000] {logging_mixin.py:188} INFO - [2025-09-29T17:06:06.008+0000] {dag.py:3947} INFO - Setting next_dagrun for example_nested_branch_dag to 2025-09-28 00:00:00+00:00, run_after=2025-09-29 00:00:00+00:00
[2025-09-29T17:06:06.060+0000] {processor.py:183} INFO - Processing /home/airflow/.local/lib/python3.12/site-packages/airflow/example_dags/example_nested_branch_dag.py took 0.219 seconds
[2025-09-29T17:06:37.460+0000] {processor.py:161} INFO - Started process (PID=5880) to work on /home/airflow/.local/lib/python3.12/site-packages/airflow/example_dags/example_nested_branch_dag.py
[2025-09-29T17:06:37.462+0000] {processor.py:830} INFO - Processing file /home/airflow/.local/lib/python3.12/site-packages/airflow/example_dags/example_nested_branch_dag.py for tasks to queue
[2025-09-29T17:06:37.467+0000] {logging_mixin.py:188} INFO - [2025-09-29T17:06:37.466+0000] {dagbag.py:545} INFO - Filling up the DagBag from /home/airflow/.local/lib/python3.12/site-packages/airflow/example_dags/example_nested_branch_dag.py
[2025-09-29T17:06:37.493+0000] {processor.py:840} INFO - DAG(s) 'example_nested_branch_dag' retrieved from /home/airflow/.local/lib/python3.12/site-packages/airflow/example_dags/example_nested_branch_dag.py
[2025-09-29T17:06:37.560+0000] {logging_mixin.py:188} INFO - [2025-09-29T17:06:37.559+0000] {dag.py:3089} INFO - Sync 1 DAGs
[2025-09-29T17:06:37.619+0000] {logging_mixin.py:188} INFO - [2025-09-29T17:06:37.618+0000] {dag.py:3947} INFO - Setting next_dagrun for example_nested_branch_dag to 2025-09-28 00:00:00+00:00, run_after=2025-09-29 00:00:00+00:00
[2025-09-29T17:06:37.669+0000] {processor.py:183} INFO - Processing /home/airflow/.local/lib/python3.12/site-packages/airflow/example_dags/example_nested_branch_dag.py took 0.225 seconds
[2025-09-29T17:07:09.783+0000] {processor.py:161} INFO - Started process (PID=6142) to work on /home/airflow/.local/lib/python3.12/site-packages/airflow/example_dags/example_nested_branch_dag.py
[2025-09-29T17:07:09.788+0000] {processor.py:830} INFO - Processing file /home/airflow/.local/lib/python3.12/site-packages/airflow/example_dags/example_nested_branch_dag.py for tasks to queue
[2025-09-29T17:07:09.794+0000] {logging_mixin.py:188} INFO - [2025-09-29T17:07:09.793+0000] {dagbag.py:545} INFO - Filling up the DagBag from /home/airflow/.local/lib/python3.12/site-packages/airflow/example_dags/example_nested_branch_dag.py
[2025-09-29T17:07:09.833+0000] {processor.py:840} INFO - DAG(s) 'example_nested_branch_dag' retrieved from /home/airflow/.local/lib/python3.12/site-packages/airflow/example_dags/example_nested_branch_dag.py
[2025-09-29T17:07:09.917+0000] {logging_mixin.py:188} INFO - [2025-09-29T17:07:09.917+0000] {dag.py:3089} INFO - Sync 1 DAGs
[2025-09-29T17:07:10.004+0000] {logging_mixin.py:188} INFO - [2025-09-29T17:07:10.004+0000] {dag.py:3947} INFO - Setting next_dagrun for example_nested_branch_dag to 2025-09-28 00:00:00+00:00, run_after=2025-09-29 00:00:00+00:00
[2025-09-29T17:07:10.080+0000] {processor.py:183} INFO - Processing /home/airflow/.local/lib/python3.12/site-packages/airflow/example_dags/example_nested_branch_dag.py took 0.326 seconds
[2025-09-29T17:07:40.730+0000] {processor.py:161} INFO - Started process (PID=6400) to work on /home/airflow/.local/lib/python3.12/site-packages/airflow/example_dags/example_nested_branch_dag.py
[2025-09-29T17:07:40.733+0000] {processor.py:830} INFO - Processing file /home/airflow/.local/lib/python3.12/site-packages/airflow/example_dags/example_nested_branch_dag.py for tasks to queue
[2025-09-29T17:07:40.737+0000] {logging_mixin.py:188} INFO - [2025-09-29T17:07:40.737+0000] {dagbag.py:545} INFO - Filling up the DagBag from /home/airflow/.local/lib/python3.12/site-packages/airflow/example_dags/example_nested_branch_dag.py
[2025-09-29T17:07:40.764+0000] {processor.py:840} INFO - DAG(s) 'example_nested_branch_dag' retrieved from /home/airflow/.local/lib/python3.12/site-packages/airflow/example_dags/example_nested_branch_dag.py
[2025-09-29T17:07:40.833+0000] {logging_mixin.py:188} INFO - [2025-09-29T17:07:40.832+0000] {dag.py:3089} INFO - Sync 1 DAGs
[2025-09-29T17:07:40.896+0000] {logging_mixin.py:188} INFO - [2025-09-29T17:07:40.895+0000] {dag.py:3947} INFO - Setting next_dagrun for example_nested_branch_dag to 2025-09-28 00:00:00+00:00, run_after=2025-09-29 00:00:00+00:00
[2025-09-29T17:07:40.946+0000] {processor.py:183} INFO - Processing /home/airflow/.local/lib/python3.12/site-packages/airflow/example_dags/example_nested_branch_dag.py took 0.232 seconds
[2025-09-29T17:08:11.293+0000] {processor.py:161} INFO - Started process (PID=6656) to work on /home/airflow/.local/lib/python3.12/site-packages/airflow/example_dags/example_nested_branch_dag.py
[2025-09-29T17:08:11.295+0000] {processor.py:830} INFO - Processing file /home/airflow/.local/lib/python3.12/site-packages/airflow/example_dags/example_nested_branch_dag.py for tasks to queue
[2025-09-29T17:08:11.300+0000] {logging_mixin.py:188} INFO - [2025-09-29T17:08:11.299+0000] {dagbag.py:545} INFO - Filling up the DagBag from /home/airflow/.local/lib/python3.12/site-packages/airflow/example_dags/example_nested_branch_dag.py
[2025-09-29T17:08:11.325+0000] {processor.py:840} INFO - DAG(s) 'example_nested_branch_dag' retrieved from /home/airflow/.local/lib/python3.12/site-packages/airflow/example_dags/example_nested_branch_dag.py
[2025-09-29T17:08:11.389+0000] {logging_mixin.py:188} INFO - [2025-09-29T17:08:11.389+0000] {dag.py:3089} INFO - Sync 1 DAGs
[2025-09-29T17:08:11.445+0000] {logging_mixin.py:188} INFO - [2025-09-29T17:08:11.445+0000] {dag.py:3947} INFO - Setting next_dagrun for example_nested_branch_dag to 2025-09-28 00:00:00+00:00, run_after=2025-09-29 00:00:00+00:00
[2025-09-29T17:08:11.510+0000] {processor.py:183} INFO - Processing /home/airflow/.local/lib/python3.12/site-packages/airflow/example_dags/example_nested_branch_dag.py took 0.232 seconds
[2025-09-29T17:08:42.052+0000] {processor.py:161} INFO - Started process (PID=6918) to work on /home/airflow/.local/lib/python3.12/site-packages/airflow/example_dags/example_nested_branch_dag.py
[2025-09-29T17:08:42.055+0000] {processor.py:830} INFO - Processing file /home/airflow/.local/lib/python3.12/site-packages/airflow/example_dags/example_nested_branch_dag.py for tasks to queue
[2025-09-29T17:08:42.060+0000] {logging_mixin.py:188} INFO - [2025-09-29T17:08:42.060+0000] {dagbag.py:545} INFO - Filling up the DagBag from /home/airflow/.local/lib/python3.12/site-packages/airflow/example_dags/example_nested_branch_dag.py
[2025-09-29T17:08:42.089+0000] {processor.py:840} INFO - DAG(s) 'example_nested_branch_dag' retrieved from /home/airflow/.local/lib/python3.12/site-packages/airflow/example_dags/example_nested_branch_dag.py
[2025-09-29T17:08:42.165+0000] {logging_mixin.py:188} INFO - [2025-09-29T17:08:42.165+0000] {dag.py:3089} INFO - Sync 1 DAGs
[2025-09-29T17:08:42.233+0000] {logging_mixin.py:188} INFO - [2025-09-29T17:08:42.232+0000] {dag.py:3947} INFO - Setting next_dagrun for example_nested_branch_dag to 2025-09-28 00:00:00+00:00, run_after=2025-09-29 00:00:00+00:00
[2025-09-29T17:08:42.392+0000] {processor.py:183} INFO - Processing /home/airflow/.local/lib/python3.12/site-packages/airflow/example_dags/example_nested_branch_dag.py took 0.357 seconds
[2025-09-29T17:09:12.947+0000] {processor.py:161} INFO - Started process (PID=7180) to work on /home/airflow/.local/lib/python3.12/site-packages/airflow/example_dags/example_nested_branch_dag.py
[2025-09-29T17:09:12.965+0000] {processor.py:830} INFO - Processing file /home/airflow/.local/lib/python3.12/site-packages/airflow/example_dags/example_nested_branch_dag.py for tasks to queue
[2025-09-29T17:09:12.977+0000] {logging_mixin.py:188} INFO - [2025-09-29T17:09:12.976+0000] {dagbag.py:545} INFO - Filling up the DagBag from /home/airflow/.local/lib/python3.12/site-packages/airflow/example_dags/example_nested_branch_dag.py
[2025-09-29T17:09:13.073+0000] {processor.py:840} INFO - DAG(s) 'example_nested_branch_dag' retrieved from /home/airflow/.local/lib/python3.12/site-packages/airflow/example_dags/example_nested_branch_dag.py
[2025-09-29T17:09:13.409+0000] {logging_mixin.py:188} INFO - [2025-09-29T17:09:13.409+0000] {dag.py:3089} INFO - Sync 1 DAGs
[2025-09-29T17:09:13.625+0000] {logging_mixin.py:188} INFO - [2025-09-29T17:09:13.624+0000] {dag.py:3947} INFO - Setting next_dagrun for example_nested_branch_dag to 2025-09-28 00:00:00+00:00, run_after=2025-09-29 00:00:00+00:00
[2025-09-29T17:09:13.734+0000] {processor.py:183} INFO - Processing /home/airflow/.local/lib/python3.12/site-packages/airflow/example_dags/example_nested_branch_dag.py took 0.812 seconds
[2025-09-29T17:09:44.378+0000] {processor.py:161} INFO - Started process (PID=7442) to work on /home/airflow/.local/lib/python3.12/site-packages/airflow/example_dags/example_nested_branch_dag.py
[2025-09-29T17:09:44.382+0000] {processor.py:830} INFO - Processing file /home/airflow/.local/lib/python3.12/site-packages/airflow/example_dags/example_nested_branch_dag.py for tasks to queue
[2025-09-29T17:09:44.388+0000] {logging_mixin.py:188} INFO - [2025-09-29T17:09:44.387+0000] {dagbag.py:545} INFO - Filling up the DagBag from /home/airflow/.local/lib/python3.12/site-packages/airflow/example_dags/example_nested_branch_dag.py
[2025-09-29T17:09:44.417+0000] {processor.py:840} INFO - DAG(s) 'example_nested_branch_dag' retrieved from /home/airflow/.local/lib/python3.12/site-packages/airflow/example_dags/example_nested_branch_dag.py
[2025-09-29T17:09:44.479+0000] {logging_mixin.py:188} INFO - [2025-09-29T17:09:44.478+0000] {dag.py:3089} INFO - Sync 1 DAGs
[2025-09-29T17:09:44.533+0000] {logging_mixin.py:188} INFO - [2025-09-29T17:09:44.532+0000] {dag.py:3947} INFO - Setting next_dagrun for example_nested_branch_dag to 2025-09-28 00:00:00+00:00, run_after=2025-09-29 00:00:00+00:00
[2025-09-29T17:09:44.580+0000] {processor.py:183} INFO - Processing /home/airflow/.local/lib/python3.12/site-packages/airflow/example_dags/example_nested_branch_dag.py took 0.220 seconds
[2025-09-29T17:10:15.542+0000] {processor.py:161} INFO - Started process (PID=7704) to work on /home/airflow/.local/lib/python3.12/site-packages/airflow/example_dags/example_nested_branch_dag.py
[2025-09-29T17:10:15.545+0000] {processor.py:830} INFO - Processing file /home/airflow/.local/lib/python3.12/site-packages/airflow/example_dags/example_nested_branch_dag.py for tasks to queue
[2025-09-29T17:10:15.551+0000] {logging_mixin.py:188} INFO - [2025-09-29T17:10:15.550+0000] {dagbag.py:545} INFO - Filling up the DagBag from /home/airflow/.local/lib/python3.12/site-packages/airflow/example_dags/example_nested_branch_dag.py
[2025-09-29T17:10:15.578+0000] {processor.py:840} INFO - DAG(s) 'example_nested_branch_dag' retrieved from /home/airflow/.local/lib/python3.12/site-packages/airflow/example_dags/example_nested_branch_dag.py
[2025-09-29T17:10:15.645+0000] {logging_mixin.py:188} INFO - [2025-09-29T17:10:15.645+0000] {dag.py:3089} INFO - Sync 1 DAGs
[2025-09-29T17:10:15.704+0000] {logging_mixin.py:188} INFO - [2025-09-29T17:10:15.703+0000] {dag.py:3947} INFO - Setting next_dagrun for example_nested_branch_dag to 2025-09-28 00:00:00+00:00, run_after=2025-09-29 00:00:00+00:00
[2025-09-29T17:10:15.756+0000] {processor.py:183} INFO - Processing /home/airflow/.local/lib/python3.12/site-packages/airflow/example_dags/example_nested_branch_dag.py took 0.232 seconds
[2025-09-29T17:10:46.203+0000] {processor.py:161} INFO - Started process (PID=7969) to work on /home/airflow/.local/lib/python3.12/site-packages/airflow/example_dags/example_nested_branch_dag.py
[2025-09-29T17:10:46.207+0000] {processor.py:830} INFO - Processing file /home/airflow/.local/lib/python3.12/site-packages/airflow/example_dags/example_nested_branch_dag.py for tasks to queue
[2025-09-29T17:10:46.215+0000] {logging_mixin.py:188} INFO - [2025-09-29T17:10:46.213+0000] {dagbag.py:545} INFO - Filling up the DagBag from /home/airflow/.local/lib/python3.12/site-packages/airflow/example_dags/example_nested_branch_dag.py
[2025-09-29T17:10:46.255+0000] {processor.py:840} INFO - DAG(s) 'example_nested_branch_dag' retrieved from /home/airflow/.local/lib/python3.12/site-packages/airflow/example_dags/example_nested_branch_dag.py
[2025-09-29T17:10:46.351+0000] {logging_mixin.py:188} INFO - [2025-09-29T17:10:46.350+0000] {dag.py:3089} INFO - Sync 1 DAGs
[2025-09-29T17:10:46.452+0000] {logging_mixin.py:188} INFO - [2025-09-29T17:10:46.451+0000] {dag.py:3947} INFO - Setting next_dagrun for example_nested_branch_dag to 2025-09-28 00:00:00+00:00, run_after=2025-09-29 00:00:00+00:00
[2025-09-29T17:10:46.533+0000] {processor.py:183} INFO - Processing /home/airflow/.local/lib/python3.12/site-packages/airflow/example_dags/example_nested_branch_dag.py took 0.359 seconds
[2025-09-29T17:11:17.445+0000] {processor.py:161} INFO - Started process (PID=8231) to work on /home/airflow/.local/lib/python3.12/site-packages/airflow/example_dags/example_nested_branch_dag.py
[2025-09-29T17:11:17.448+0000] {processor.py:830} INFO - Processing file /home/airflow/.local/lib/python3.12/site-packages/airflow/example_dags/example_nested_branch_dag.py for tasks to queue
[2025-09-29T17:11:17.454+0000] {logging_mixin.py:188} INFO - [2025-09-29T17:11:17.452+0000] {dagbag.py:545} INFO - Filling up the DagBag from /home/airflow/.local/lib/python3.12/site-packages/airflow/example_dags/example_nested_branch_dag.py
[2025-09-29T17:11:17.488+0000] {processor.py:840} INFO - DAG(s) 'example_nested_branch_dag' retrieved from /home/airflow/.local/lib/python3.12/site-packages/airflow/example_dags/example_nested_branch_dag.py
[2025-09-29T17:11:17.555+0000] {logging_mixin.py:188} INFO - [2025-09-29T17:11:17.554+0000] {dag.py:3089} INFO - Sync 1 DAGs
[2025-09-29T17:11:17.613+0000] {logging_mixin.py:188} INFO - [2025-09-29T17:11:17.613+0000] {dag.py:3947} INFO - Setting next_dagrun for example_nested_branch_dag to 2025-09-28 00:00:00+00:00, run_after=2025-09-29 00:00:00+00:00
[2025-09-29T17:11:17.662+0000] {processor.py:183} INFO - Processing /home/airflow/.local/lib/python3.12/site-packages/airflow/example_dags/example_nested_branch_dag.py took 0.235 seconds
[2025-09-29T17:11:47.990+0000] {processor.py:161} INFO - Started process (PID=8493) to work on /home/airflow/.local/lib/python3.12/site-packages/airflow/example_dags/example_nested_branch_dag.py
[2025-09-29T17:11:47.993+0000] {processor.py:830} INFO - Processing file /home/airflow/.local/lib/python3.12/site-packages/airflow/example_dags/example_nested_branch_dag.py for tasks to queue
[2025-09-29T17:11:47.998+0000] {logging_mixin.py:188} INFO - [2025-09-29T17:11:47.997+0000] {dagbag.py:545} INFO - Filling up the DagBag from /home/airflow/.local/lib/python3.12/site-packages/airflow/example_dags/example_nested_branch_dag.py
[2025-09-29T17:11:48.025+0000] {processor.py:840} INFO - DAG(s) 'example_nested_branch_dag' retrieved from /home/airflow/.local/lib/python3.12/site-packages/airflow/example_dags/example_nested_branch_dag.py
[2025-09-29T17:11:48.091+0000] {logging_mixin.py:188} INFO - [2025-09-29T17:11:48.090+0000] {dag.py:3089} INFO - Sync 1 DAGs
[2025-09-29T17:11:48.151+0000] {logging_mixin.py:188} INFO - [2025-09-29T17:11:48.150+0000] {dag.py:3947} INFO - Setting next_dagrun for example_nested_branch_dag to 2025-09-28 00:00:00+00:00, run_after=2025-09-29 00:00:00+00:00
[2025-09-29T17:11:48.201+0000] {processor.py:183} INFO - Processing /home/airflow/.local/lib/python3.12/site-packages/airflow/example_dags/example_nested_branch_dag.py took 0.228 seconds
[2025-09-29T17:12:18.302+0000] {processor.py:161} INFO - Started process (PID=8755) to work on /home/airflow/.local/lib/python3.12/site-packages/airflow/example_dags/example_nested_branch_dag.py
[2025-09-29T17:12:18.306+0000] {processor.py:830} INFO - Processing file /home/airflow/.local/lib/python3.12/site-packages/airflow/example_dags/example_nested_branch_dag.py for tasks to queue
[2025-09-29T17:12:18.314+0000] {logging_mixin.py:188} INFO - [2025-09-29T17:12:18.312+0000] {dagbag.py:545} INFO - Filling up the DagBag from /home/airflow/.local/lib/python3.12/site-packages/airflow/example_dags/example_nested_branch_dag.py
[2025-09-29T17:12:18.350+0000] {processor.py:840} INFO - DAG(s) 'example_nested_branch_dag' retrieved from /home/airflow/.local/lib/python3.12/site-packages/airflow/example_dags/example_nested_branch_dag.py
[2025-09-29T17:12:18.462+0000] {logging_mixin.py:188} INFO - [2025-09-29T17:12:18.460+0000] {dag.py:3089} INFO - Sync 1 DAGs
[2025-09-29T17:12:18.538+0000] {logging_mixin.py:188} INFO - [2025-09-29T17:12:18.538+0000] {dag.py:3947} INFO - Setting next_dagrun for example_nested_branch_dag to 2025-09-28 00:00:00+00:00, run_after=2025-09-29 00:00:00+00:00
[2025-09-29T17:12:18.713+0000] {processor.py:183} INFO - Processing /home/airflow/.local/lib/python3.12/site-packages/airflow/example_dags/example_nested_branch_dag.py took 0.431 seconds
[2025-09-29T17:12:50.279+0000] {processor.py:161} INFO - Started process (PID=9015) to work on /home/airflow/.local/lib/python3.12/site-packages/airflow/example_dags/example_nested_branch_dag.py
[2025-09-29T17:12:50.283+0000] {processor.py:830} INFO - Processing file /home/airflow/.local/lib/python3.12/site-packages/airflow/example_dags/example_nested_branch_dag.py for tasks to queue
[2025-09-29T17:12:50.291+0000] {logging_mixin.py:188} INFO - [2025-09-29T17:12:50.290+0000] {dagbag.py:545} INFO - Filling up the DagBag from /home/airflow/.local/lib/python3.12/site-packages/airflow/example_dags/example_nested_branch_dag.py
[2025-09-29T17:12:50.323+0000] {processor.py:840} INFO - DAG(s) 'example_nested_branch_dag' retrieved from /home/airflow/.local/lib/python3.12/site-packages/airflow/example_dags/example_nested_branch_dag.py
[2025-09-29T17:12:50.392+0000] {logging_mixin.py:188} INFO - [2025-09-29T17:12:50.391+0000] {dag.py:3089} INFO - Sync 1 DAGs
[2025-09-29T17:12:50.456+0000] {logging_mixin.py:188} INFO - [2025-09-29T17:12:50.455+0000] {dag.py:3947} INFO - Setting next_dagrun for example_nested_branch_dag to 2025-09-28 00:00:00+00:00, run_after=2025-09-29 00:00:00+00:00
[2025-09-29T17:12:50.508+0000] {processor.py:183} INFO - Processing /home/airflow/.local/lib/python3.12/site-packages/airflow/example_dags/example_nested_branch_dag.py took 0.248 seconds
[2025-09-29T17:13:21.581+0000] {processor.py:161} INFO - Started process (PID=9279) to work on /home/airflow/.local/lib/python3.12/site-packages/airflow/example_dags/example_nested_branch_dag.py
[2025-09-29T17:13:21.584+0000] {processor.py:830} INFO - Processing file /home/airflow/.local/lib/python3.12/site-packages/airflow/example_dags/example_nested_branch_dag.py for tasks to queue
[2025-09-29T17:13:21.590+0000] {logging_mixin.py:188} INFO - [2025-09-29T17:13:21.589+0000] {dagbag.py:545} INFO - Filling up the DagBag from /home/airflow/.local/lib/python3.12/site-packages/airflow/example_dags/example_nested_branch_dag.py
[2025-09-29T17:13:21.620+0000] {processor.py:840} INFO - DAG(s) 'example_nested_branch_dag' retrieved from /home/airflow/.local/lib/python3.12/site-packages/airflow/example_dags/example_nested_branch_dag.py
[2025-09-29T17:13:21.688+0000] {logging_mixin.py:188} INFO - [2025-09-29T17:13:21.687+0000] {dag.py:3089} INFO - Sync 1 DAGs
[2025-09-29T17:13:21.745+0000] {logging_mixin.py:188} INFO - [2025-09-29T17:13:21.744+0000] {dag.py:3947} INFO - Setting next_dagrun for example_nested_branch_dag to 2025-09-28 00:00:00+00:00, run_after=2025-09-29 00:00:00+00:00
[2025-09-29T17:13:21.798+0000] {processor.py:183} INFO - Processing /home/airflow/.local/lib/python3.12/site-packages/airflow/example_dags/example_nested_branch_dag.py took 0.236 seconds
[2025-09-29T17:13:52.072+0000] {processor.py:161} INFO - Started process (PID=9534) to work on /home/airflow/.local/lib/python3.12/site-packages/airflow/example_dags/example_nested_branch_dag.py
[2025-09-29T17:13:52.076+0000] {processor.py:830} INFO - Processing file /home/airflow/.local/lib/python3.12/site-packages/airflow/example_dags/example_nested_branch_dag.py for tasks to queue
[2025-09-29T17:13:52.084+0000] {logging_mixin.py:188} INFO - [2025-09-29T17:13:52.083+0000] {dagbag.py:545} INFO - Filling up the DagBag from /home/airflow/.local/lib/python3.12/site-packages/airflow/example_dags/example_nested_branch_dag.py
[2025-09-29T17:13:52.155+0000] {processor.py:840} INFO - DAG(s) 'example_nested_branch_dag' retrieved from /home/airflow/.local/lib/python3.12/site-packages/airflow/example_dags/example_nested_branch_dag.py
[2025-09-29T17:13:52.289+0000] {logging_mixin.py:188} INFO - [2025-09-29T17:13:52.288+0000] {dag.py:3089} INFO - Sync 1 DAGs
[2025-09-29T17:13:52.419+0000] {logging_mixin.py:188} INFO - [2025-09-29T17:13:52.417+0000] {dag.py:3947} INFO - Setting next_dagrun for example_nested_branch_dag to 2025-09-28 00:00:00+00:00, run_after=2025-09-29 00:00:00+00:00
[2025-09-29T17:13:52.596+0000] {processor.py:183} INFO - Processing /home/airflow/.local/lib/python3.12/site-packages/airflow/example_dags/example_nested_branch_dag.py took 0.551 seconds
[2025-09-29T17:14:23.402+0000] {processor.py:161} INFO - Started process (PID=9776) to work on /home/airflow/.local/lib/python3.12/site-packages/airflow/example_dags/example_nested_branch_dag.py
[2025-09-29T17:14:23.406+0000] {processor.py:830} INFO - Processing file /home/airflow/.local/lib/python3.12/site-packages/airflow/example_dags/example_nested_branch_dag.py for tasks to queue
[2025-09-29T17:14:23.414+0000] {logging_mixin.py:188} INFO - [2025-09-29T17:14:23.413+0000] {dagbag.py:545} INFO - Filling up the DagBag from /home/airflow/.local/lib/python3.12/site-packages/airflow/example_dags/example_nested_branch_dag.py
[2025-09-29T17:14:23.455+0000] {processor.py:840} INFO - DAG(s) 'example_nested_branch_dag' retrieved from /home/airflow/.local/lib/python3.12/site-packages/airflow/example_dags/example_nested_branch_dag.py
[2025-09-29T17:14:23.535+0000] {logging_mixin.py:188} INFO - [2025-09-29T17:14:23.535+0000] {dag.py:3089} INFO - Sync 1 DAGs
[2025-09-29T17:14:23.604+0000] {logging_mixin.py:188} INFO - [2025-09-29T17:14:23.604+0000] {dag.py:3947} INFO - Setting next_dagrun for example_nested_branch_dag to 2025-09-28 00:00:00+00:00, run_after=2025-09-29 00:00:00+00:00
[2025-09-29T17:14:23.664+0000] {processor.py:183} INFO - Processing /home/airflow/.local/lib/python3.12/site-packages/airflow/example_dags/example_nested_branch_dag.py took 0.291 seconds
[2025-09-29T17:14:53.945+0000] {processor.py:161} INFO - Started process (PID=10038) to work on /home/airflow/.local/lib/python3.12/site-packages/airflow/example_dags/example_nested_branch_dag.py
[2025-09-29T17:14:53.978+0000] {processor.py:830} INFO - Processing file /home/airflow/.local/lib/python3.12/site-packages/airflow/example_dags/example_nested_branch_dag.py for tasks to queue
[2025-09-29T17:14:53.983+0000] {logging_mixin.py:188} INFO - [2025-09-29T17:14:53.982+0000] {dagbag.py:545} INFO - Filling up the DagBag from /home/airflow/.local/lib/python3.12/site-packages/airflow/example_dags/example_nested_branch_dag.py
[2025-09-29T17:14:54.011+0000] {processor.py:840} INFO - DAG(s) 'example_nested_branch_dag' retrieved from /home/airflow/.local/lib/python3.12/site-packages/airflow/example_dags/example_nested_branch_dag.py
[2025-09-29T17:14:54.078+0000] {logging_mixin.py:188} INFO - [2025-09-29T17:14:54.077+0000] {dag.py:3089} INFO - Sync 1 DAGs
[2025-09-29T17:14:54.141+0000] {logging_mixin.py:188} INFO - [2025-09-29T17:14:54.141+0000] {dag.py:3947} INFO - Setting next_dagrun for example_nested_branch_dag to 2025-09-28 00:00:00+00:00, run_after=2025-09-29 00:00:00+00:00
[2025-09-29T17:14:54.313+0000] {processor.py:183} INFO - Processing /home/airflow/.local/lib/python3.12/site-packages/airflow/example_dags/example_nested_branch_dag.py took 0.386 seconds
[2025-09-29T17:15:26.812+0000] {processor.py:161} INFO - Started process (PID=10270) to work on /home/airflow/.local/lib/python3.12/site-packages/airflow/example_dags/example_nested_branch_dag.py
[2025-09-29T17:15:26.815+0000] {processor.py:830} INFO - Processing file /home/airflow/.local/lib/python3.12/site-packages/airflow/example_dags/example_nested_branch_dag.py for tasks to queue
[2025-09-29T17:15:26.821+0000] {logging_mixin.py:188} INFO - [2025-09-29T17:15:26.820+0000] {dagbag.py:545} INFO - Filling up the DagBag from /home/airflow/.local/lib/python3.12/site-packages/airflow/example_dags/example_nested_branch_dag.py
[2025-09-29T17:15:26.852+0000] {processor.py:840} INFO - DAG(s) 'example_nested_branch_dag' retrieved from /home/airflow/.local/lib/python3.12/site-packages/airflow/example_dags/example_nested_branch_dag.py
[2025-09-29T17:15:26.927+0000] {logging_mixin.py:188} INFO - [2025-09-29T17:15:26.927+0000] {dag.py:3089} INFO - Sync 1 DAGs
[2025-09-29T17:15:27.020+0000] {logging_mixin.py:188} INFO - [2025-09-29T17:15:27.019+0000] {dag.py:3947} INFO - Setting next_dagrun for example_nested_branch_dag to 2025-09-28 00:00:00+00:00, run_after=2025-09-29 00:00:00+00:00
[2025-09-29T17:15:27.004+0000] {processor.py:183} INFO - Processing /home/airflow/.local/lib/python3.12/site-packages/airflow/example_dags/example_nested_branch_dag.py took 0.295 seconds
[2025-09-29T17:15:57.786+0000] {processor.py:161} INFO - Started process (PID=10537) to work on /home/airflow/.local/lib/python3.12/site-packages/airflow/example_dags/example_nested_branch_dag.py
[2025-09-29T17:15:57.790+0000] {processor.py:830} INFO - Processing file /home/airflow/.local/lib/python3.12/site-packages/airflow/example_dags/example_nested_branch_dag.py for tasks to queue
[2025-09-29T17:15:57.796+0000] {logging_mixin.py:188} INFO - [2025-09-29T17:15:57.795+0000] {dagbag.py:545} INFO - Filling up the DagBag from /home/airflow/.local/lib/python3.12/site-packages/airflow/example_dags/example_nested_branch_dag.py
[2025-09-29T17:15:57.825+0000] {processor.py:840} INFO - DAG(s) 'example_nested_branch_dag' retrieved from /home/airflow/.local/lib/python3.12/site-packages/airflow/example_dags/example_nested_branch_dag.py
[2025-09-29T17:15:57.894+0000] {logging_mixin.py:188} INFO - [2025-09-29T17:15:57.893+0000] {dag.py:3089} INFO - Sync 1 DAGs
[2025-09-29T17:15:57.957+0000] {logging_mixin.py:188} INFO - [2025-09-29T17:15:57.957+0000] {dag.py:3947} INFO - Setting next_dagrun for example_nested_branch_dag to 2025-09-28 00:00:00+00:00, run_after=2025-09-29 00:00:00+00:00
[2025-09-29T17:15:58.015+0000] {processor.py:183} INFO - Processing /home/airflow/.local/lib/python3.12/site-packages/airflow/example_dags/example_nested_branch_dag.py took 0.246 seconds
[2025-09-29T17:16:30.765+0000] {processor.py:161} INFO - Started process (PID=10789) to work on /home/airflow/.local/lib/python3.12/site-packages/airflow/example_dags/example_nested_branch_dag.py
[2025-09-29T17:16:30.769+0000] {processor.py:830} INFO - Processing file /home/airflow/.local/lib/python3.12/site-packages/airflow/example_dags/example_nested_branch_dag.py for tasks to queue
[2025-09-29T17:16:30.775+0000] {logging_mixin.py:188} INFO - [2025-09-29T17:16:30.774+0000] {dagbag.py:545} INFO - Filling up the DagBag from /home/airflow/.local/lib/python3.12/site-packages/airflow/example_dags/example_nested_branch_dag.py
[2025-09-29T17:16:30.808+0000] {processor.py:840} INFO - DAG(s) 'example_nested_branch_dag' retrieved from /home/airflow/.local/lib/python3.12/site-packages/airflow/example_dags/example_nested_branch_dag.py
[2025-09-29T17:16:30.876+0000] {logging_mixin.py:188} INFO - [2025-09-29T17:16:30.875+0000] {dag.py:3089} INFO - Sync 1 DAGs
[2025-09-29T17:16:30.933+0000] {logging_mixin.py:188} INFO - [2025-09-29T17:16:30.932+0000] {dag.py:3947} INFO - Setting next_dagrun for example_nested_branch_dag to 2025-09-28 00:00:00+00:00, run_after=2025-09-29 00:00:00+00:00
[2025-09-29T17:16:30.983+0000] {processor.py:183} INFO - Processing /home/airflow/.local/lib/python3.12/site-packages/airflow/example_dags/example_nested_branch_dag.py took 0.239 seconds
