[2025-09-29T15:33:25.184+0000] {processor.py:161} INFO - Started process (PID=401) to work on /home/airflow/.local/lib/python3.12/site-packages/airflow/example_dags/example_xcomargs.py
[2025-09-29T15:33:25.186+0000] {processor.py:830} INFO - Processing file /home/airflow/.local/lib/python3.12/site-packages/airflow/example_dags/example_xcomargs.py for tasks to queue
[2025-09-29T15:33:25.191+0000] {logging_mixin.py:188} INFO - [2025-09-29T15:33:25.190+0000] {dagbag.py:545} INFO - Filling up the DagBag from /home/airflow/.local/lib/python3.12/site-packages/airflow/example_dags/example_xcomargs.py
[2025-09-29T15:33:25.214+0000] {processor.py:840} INFO - DAG(s) 'example_xcom_args', 'example_xcom_args_with_operators' retrieved from /home/airflow/.local/lib/python3.12/site-packages/airflow/example_dags/example_xcomargs.py
[2025-09-29T15:33:25.252+0000] {logging_mixin.py:188} INFO - [2025-09-29T15:33:25.252+0000] {dag.py:3089} INFO - Sync 2 DAGs
[2025-09-29T15:33:25.283+0000] {logging_mixin.py:188} INFO - [2025-09-29T15:33:25.283+0000] {dag.py:3947} INFO - Setting next_dagrun for example_xcom_args to None, run_after=None
[2025-09-29T15:33:25.291+0000] {logging_mixin.py:188} INFO - [2025-09-29T15:33:25.291+0000] {dag.py:3947} INFO - Setting next_dagrun for example_xcom_args_with_operators to None, run_after=None
[2025-09-29T15:33:25.332+0000] {processor.py:183} INFO - Processing /home/airflow/.local/lib/python3.12/site-packages/airflow/example_dags/example_xcomargs.py took 0.161 seconds
[2025-09-29T15:33:59.495+0000] {processor.py:161} INFO - Started process (PID=663) to work on /home/airflow/.local/lib/python3.12/site-packages/airflow/example_dags/example_xcomargs.py
[2025-09-29T15:33:59.499+0000] {processor.py:830} INFO - Processing file /home/airflow/.local/lib/python3.12/site-packages/airflow/example_dags/example_xcomargs.py for tasks to queue
[2025-09-29T15:33:59.506+0000] {logging_mixin.py:188} INFO - [2025-09-29T15:33:59.504+0000] {dagbag.py:545} INFO - Filling up the DagBag from /home/airflow/.local/lib/python3.12/site-packages/airflow/example_dags/example_xcomargs.py
[2025-09-29T15:33:59.545+0000] {processor.py:840} INFO - DAG(s) 'example_xcom_args_with_operators', 'example_xcom_args' retrieved from /home/airflow/.local/lib/python3.12/site-packages/airflow/example_dags/example_xcomargs.py
[2025-09-29T15:34:00.619+0000] {logging_mixin.py:188} INFO - [2025-09-29T15:34:00.618+0000] {dag.py:3089} INFO - Sync 2 DAGs
[2025-09-29T15:34:00.709+0000] {logging_mixin.py:188} INFO - [2025-09-29T15:34:00.708+0000] {dag.py:3947} INFO - Setting next_dagrun for example_xcom_args to None, run_after=None
[2025-09-29T15:34:00.740+0000] {logging_mixin.py:188} INFO - [2025-09-29T15:34:00.740+0000] {dag.py:3947} INFO - Setting next_dagrun for example_xcom_args_with_operators to None, run_after=None
[2025-09-29T15:34:00.835+0000] {processor.py:183} INFO - Processing /home/airflow/.local/lib/python3.12/site-packages/airflow/example_dags/example_xcomargs.py took 1.375 seconds
[2025-09-29T15:34:31.005+0000] {processor.py:161} INFO - Started process (PID=934) to work on /home/airflow/.local/lib/python3.12/site-packages/airflow/example_dags/example_xcomargs.py
[2025-09-29T15:34:31.008+0000] {processor.py:830} INFO - Processing file /home/airflow/.local/lib/python3.12/site-packages/airflow/example_dags/example_xcomargs.py for tasks to queue
[2025-09-29T15:34:31.012+0000] {logging_mixin.py:188} INFO - [2025-09-29T15:34:31.011+0000] {dagbag.py:545} INFO - Filling up the DagBag from /home/airflow/.local/lib/python3.12/site-packages/airflow/example_dags/example_xcomargs.py
[2025-09-29T15:34:31.033+0000] {processor.py:840} INFO - DAG(s) 'example_xcom_args_with_operators', 'example_xcom_args' retrieved from /home/airflow/.local/lib/python3.12/site-packages/airflow/example_dags/example_xcomargs.py
[2025-09-29T15:34:31.100+0000] {logging_mixin.py:188} INFO - [2025-09-29T15:34:31.099+0000] {dag.py:3089} INFO - Sync 2 DAGs
[2025-09-29T15:34:31.131+0000] {logging_mixin.py:188} INFO - [2025-09-29T15:34:31.131+0000] {dag.py:3947} INFO - Setting next_dagrun for example_xcom_args to None, run_after=None
[2025-09-29T15:34:31.140+0000] {logging_mixin.py:188} INFO - [2025-09-29T15:34:31.139+0000] {dag.py:3947} INFO - Setting next_dagrun for example_xcom_args_with_operators to None, run_after=None
[2025-09-29T15:34:31.215+0000] {processor.py:183} INFO - Processing /home/airflow/.local/lib/python3.12/site-packages/airflow/example_dags/example_xcomargs.py took 0.224 seconds
[2025-09-29T15:35:01.581+0000] {processor.py:161} INFO - Started process (PID=1196) to work on /home/airflow/.local/lib/python3.12/site-packages/airflow/example_dags/example_xcomargs.py
[2025-09-29T15:35:01.584+0000] {processor.py:830} INFO - Processing file /home/airflow/.local/lib/python3.12/site-packages/airflow/example_dags/example_xcomargs.py for tasks to queue
[2025-09-29T15:35:01.589+0000] {logging_mixin.py:188} INFO - [2025-09-29T15:35:01.588+0000] {dagbag.py:545} INFO - Filling up the DagBag from /home/airflow/.local/lib/python3.12/site-packages/airflow/example_dags/example_xcomargs.py
[2025-09-29T15:35:01.615+0000] {processor.py:840} INFO - DAG(s) 'example_xcom_args', 'example_xcom_args_with_operators' retrieved from /home/airflow/.local/lib/python3.12/site-packages/airflow/example_dags/example_xcomargs.py
[2025-09-29T15:35:01.679+0000] {logging_mixin.py:188} INFO - [2025-09-29T15:35:01.678+0000] {dag.py:3089} INFO - Sync 2 DAGs
[2025-09-29T15:35:01.712+0000] {logging_mixin.py:188} INFO - [2025-09-29T15:35:01.711+0000] {dag.py:3947} INFO - Setting next_dagrun for example_xcom_args to None, run_after=None
[2025-09-29T15:35:01.722+0000] {logging_mixin.py:188} INFO - [2025-09-29T15:35:01.721+0000] {dag.py:3947} INFO - Setting next_dagrun for example_xcom_args_with_operators to None, run_after=None
[2025-09-29T15:35:01.765+0000] {processor.py:183} INFO - Processing /home/airflow/.local/lib/python3.12/site-packages/airflow/example_dags/example_xcomargs.py took 0.199 seconds
[2025-09-29T15:35:32.270+0000] {processor.py:161} INFO - Started process (PID=1459) to work on /home/airflow/.local/lib/python3.12/site-packages/airflow/example_dags/example_xcomargs.py
[2025-09-29T15:35:32.273+0000] {processor.py:830} INFO - Processing file /home/airflow/.local/lib/python3.12/site-packages/airflow/example_dags/example_xcomargs.py for tasks to queue
[2025-09-29T15:35:32.277+0000] {logging_mixin.py:188} INFO - [2025-09-29T15:35:32.276+0000] {dagbag.py:545} INFO - Filling up the DagBag from /home/airflow/.local/lib/python3.12/site-packages/airflow/example_dags/example_xcomargs.py
[2025-09-29T15:35:32.300+0000] {processor.py:840} INFO - DAG(s) 'example_xcom_args', 'example_xcom_args_with_operators' retrieved from /home/airflow/.local/lib/python3.12/site-packages/airflow/example_dags/example_xcomargs.py
[2025-09-29T15:35:32.366+0000] {logging_mixin.py:188} INFO - [2025-09-29T15:35:32.366+0000] {dag.py:3089} INFO - Sync 2 DAGs
[2025-09-29T15:35:32.402+0000] {logging_mixin.py:188} INFO - [2025-09-29T15:35:32.401+0000] {dag.py:3947} INFO - Setting next_dagrun for example_xcom_args to None, run_after=None
[2025-09-29T15:35:32.413+0000] {logging_mixin.py:188} INFO - [2025-09-29T15:35:32.412+0000] {dag.py:3947} INFO - Setting next_dagrun for example_xcom_args_with_operators to None, run_after=None
[2025-09-29T15:35:32.462+0000] {processor.py:183} INFO - Processing /home/airflow/.local/lib/python3.12/site-packages/airflow/example_dags/example_xcomargs.py took 0.207 seconds
[2025-09-29T15:36:03.662+0000] {processor.py:161} INFO - Started process (PID=1721) to work on /home/airflow/.local/lib/python3.12/site-packages/airflow/example_dags/example_xcomargs.py
[2025-09-29T15:36:03.665+0000] {processor.py:830} INFO - Processing file /home/airflow/.local/lib/python3.12/site-packages/airflow/example_dags/example_xcomargs.py for tasks to queue
[2025-09-29T15:36:03.669+0000] {logging_mixin.py:188} INFO - [2025-09-29T15:36:03.668+0000] {dagbag.py:545} INFO - Filling up the DagBag from /home/airflow/.local/lib/python3.12/site-packages/airflow/example_dags/example_xcomargs.py
[2025-09-29T15:36:03.688+0000] {processor.py:840} INFO - DAG(s) 'example_xcom_args_with_operators', 'example_xcom_args' retrieved from /home/airflow/.local/lib/python3.12/site-packages/airflow/example_dags/example_xcomargs.py
[2025-09-29T15:36:03.756+0000] {logging_mixin.py:188} INFO - [2025-09-29T15:36:03.756+0000] {dag.py:3089} INFO - Sync 2 DAGs
[2025-09-29T15:36:03.787+0000] {logging_mixin.py:188} INFO - [2025-09-29T15:36:03.787+0000] {dag.py:3947} INFO - Setting next_dagrun for example_xcom_args to None, run_after=None
[2025-09-29T15:36:03.796+0000] {logging_mixin.py:188} INFO - [2025-09-29T15:36:03.796+0000] {dag.py:3947} INFO - Setting next_dagrun for example_xcom_args_with_operators to None, run_after=None
[2025-09-29T15:36:03.838+0000] {processor.py:183} INFO - Processing /home/airflow/.local/lib/python3.12/site-packages/airflow/example_dags/example_xcomargs.py took 0.192 seconds
[2025-09-29T15:36:34.891+0000] {processor.py:161} INFO - Started process (PID=1983) to work on /home/airflow/.local/lib/python3.12/site-packages/airflow/example_dags/example_xcomargs.py
[2025-09-29T15:36:34.894+0000] {processor.py:830} INFO - Processing file /home/airflow/.local/lib/python3.12/site-packages/airflow/example_dags/example_xcomargs.py for tasks to queue
[2025-09-29T15:36:34.899+0000] {logging_mixin.py:188} INFO - [2025-09-29T15:36:34.898+0000] {dagbag.py:545} INFO - Filling up the DagBag from /home/airflow/.local/lib/python3.12/site-packages/airflow/example_dags/example_xcomargs.py
[2025-09-29T15:36:34.919+0000] {processor.py:840} INFO - DAG(s) 'example_xcom_args', 'example_xcom_args_with_operators' retrieved from /home/airflow/.local/lib/python3.12/site-packages/airflow/example_dags/example_xcomargs.py
[2025-09-29T15:36:34.980+0000] {logging_mixin.py:188} INFO - [2025-09-29T15:36:34.979+0000] {dag.py:3089} INFO - Sync 2 DAGs
[2025-09-29T15:36:35.016+0000] {logging_mixin.py:188} INFO - [2025-09-29T15:36:35.015+0000] {dag.py:3947} INFO - Setting next_dagrun for example_xcom_args to None, run_after=None
[2025-09-29T15:36:35.024+0000] {logging_mixin.py:188} INFO - [2025-09-29T15:36:35.023+0000] {dag.py:3947} INFO - Setting next_dagrun for example_xcom_args_with_operators to None, run_after=None
[2025-09-29T15:36:35.066+0000] {processor.py:183} INFO - Processing /home/airflow/.local/lib/python3.12/site-packages/airflow/example_dags/example_xcomargs.py took 0.190 seconds
[2025-09-29T15:37:06.360+0000] {processor.py:161} INFO - Started process (PID=2245) to work on /home/airflow/.local/lib/python3.12/site-packages/airflow/example_dags/example_xcomargs.py
[2025-09-29T15:37:06.363+0000] {processor.py:830} INFO - Processing file /home/airflow/.local/lib/python3.12/site-packages/airflow/example_dags/example_xcomargs.py for tasks to queue
[2025-09-29T15:37:06.367+0000] {logging_mixin.py:188} INFO - [2025-09-29T15:37:06.366+0000] {dagbag.py:545} INFO - Filling up the DagBag from /home/airflow/.local/lib/python3.12/site-packages/airflow/example_dags/example_xcomargs.py
[2025-09-29T15:37:06.389+0000] {processor.py:840} INFO - DAG(s) 'example_xcom_args', 'example_xcom_args_with_operators' retrieved from /home/airflow/.local/lib/python3.12/site-packages/airflow/example_dags/example_xcomargs.py
[2025-09-29T15:37:06.452+0000] {logging_mixin.py:188} INFO - [2025-09-29T15:37:06.451+0000] {dag.py:3089} INFO - Sync 2 DAGs
[2025-09-29T15:37:06.483+0000] {logging_mixin.py:188} INFO - [2025-09-29T15:37:06.483+0000] {dag.py:3947} INFO - Setting next_dagrun for example_xcom_args to None, run_after=None
[2025-09-29T15:37:06.493+0000] {logging_mixin.py:188} INFO - [2025-09-29T15:37:06.492+0000] {dag.py:3947} INFO - Setting next_dagrun for example_xcom_args_with_operators to None, run_after=None
[2025-09-29T15:37:06.541+0000] {processor.py:183} INFO - Processing /home/airflow/.local/lib/python3.12/site-packages/airflow/example_dags/example_xcomargs.py took 0.195 seconds
[2025-09-29T15:37:37.421+0000] {processor.py:161} INFO - Started process (PID=2507) to work on /home/airflow/.local/lib/python3.12/site-packages/airflow/example_dags/example_xcomargs.py
[2025-09-29T15:37:37.424+0000] {processor.py:830} INFO - Processing file /home/airflow/.local/lib/python3.12/site-packages/airflow/example_dags/example_xcomargs.py for tasks to queue
[2025-09-29T15:37:37.428+0000] {logging_mixin.py:188} INFO - [2025-09-29T15:37:37.428+0000] {dagbag.py:545} INFO - Filling up the DagBag from /home/airflow/.local/lib/python3.12/site-packages/airflow/example_dags/example_xcomargs.py
[2025-09-29T15:37:37.449+0000] {processor.py:840} INFO - DAG(s) 'example_xcom_args_with_operators', 'example_xcom_args' retrieved from /home/airflow/.local/lib/python3.12/site-packages/airflow/example_dags/example_xcomargs.py
[2025-09-29T15:37:37.513+0000] {logging_mixin.py:188} INFO - [2025-09-29T15:37:37.512+0000] {dag.py:3089} INFO - Sync 2 DAGs
[2025-09-29T15:37:37.545+0000] {logging_mixin.py:188} INFO - [2025-09-29T15:37:37.545+0000] {dag.py:3947} INFO - Setting next_dagrun for example_xcom_args to None, run_after=None
[2025-09-29T15:37:37.553+0000] {logging_mixin.py:188} INFO - [2025-09-29T15:37:37.553+0000] {dag.py:3947} INFO - Setting next_dagrun for example_xcom_args_with_operators to None, run_after=None
[2025-09-29T15:37:37.601+0000] {processor.py:183} INFO - Processing /home/airflow/.local/lib/python3.12/site-packages/airflow/example_dags/example_xcomargs.py took 0.194 seconds
[2025-09-29T15:38:08.061+0000] {processor.py:161} INFO - Started process (PID=2765) to work on /home/airflow/.local/lib/python3.12/site-packages/airflow/example_dags/example_xcomargs.py
[2025-09-29T15:38:08.064+0000] {processor.py:830} INFO - Processing file /home/airflow/.local/lib/python3.12/site-packages/airflow/example_dags/example_xcomargs.py for tasks to queue
[2025-09-29T15:38:08.069+0000] {logging_mixin.py:188} INFO - [2025-09-29T15:38:08.068+0000] {dagbag.py:545} INFO - Filling up the DagBag from /home/airflow/.local/lib/python3.12/site-packages/airflow/example_dags/example_xcomargs.py
[2025-09-29T15:38:08.094+0000] {processor.py:840} INFO - DAG(s) 'example_xcom_args', 'example_xcom_args_with_operators' retrieved from /home/airflow/.local/lib/python3.12/site-packages/airflow/example_dags/example_xcomargs.py
[2025-09-29T15:38:08.162+0000] {logging_mixin.py:188} INFO - [2025-09-29T15:38:08.162+0000] {dag.py:3089} INFO - Sync 2 DAGs
[2025-09-29T15:38:08.198+0000] {logging_mixin.py:188} INFO - [2025-09-29T15:38:08.197+0000] {dag.py:3947} INFO - Setting next_dagrun for example_xcom_args to None, run_after=None
[2025-09-29T15:38:08.206+0000] {logging_mixin.py:188} INFO - [2025-09-29T15:38:08.206+0000] {dag.py:3947} INFO - Setting next_dagrun for example_xcom_args_with_operators to None, run_after=None
[2025-09-29T15:38:08.255+0000] {processor.py:183} INFO - Processing /home/airflow/.local/lib/python3.12/site-packages/airflow/example_dags/example_xcomargs.py took 0.210 seconds
[2025-09-29T15:38:38.724+0000] {processor.py:161} INFO - Started process (PID=3027) to work on /home/airflow/.local/lib/python3.12/site-packages/airflow/example_dags/example_xcomargs.py
[2025-09-29T15:38:38.727+0000] {processor.py:830} INFO - Processing file /home/airflow/.local/lib/python3.12/site-packages/airflow/example_dags/example_xcomargs.py for tasks to queue
[2025-09-29T15:38:38.732+0000] {logging_mixin.py:188} INFO - [2025-09-29T15:38:38.731+0000] {dagbag.py:545} INFO - Filling up the DagBag from /home/airflow/.local/lib/python3.12/site-packages/airflow/example_dags/example_xcomargs.py
[2025-09-29T15:38:38.755+0000] {processor.py:840} INFO - DAG(s) 'example_xcom_args_with_operators', 'example_xcom_args' retrieved from /home/airflow/.local/lib/python3.12/site-packages/airflow/example_dags/example_xcomargs.py
[2025-09-29T15:38:38.824+0000] {logging_mixin.py:188} INFO - [2025-09-29T15:38:38.823+0000] {dag.py:3089} INFO - Sync 2 DAGs
[2025-09-29T15:38:38.857+0000] {logging_mixin.py:188} INFO - [2025-09-29T15:38:38.857+0000] {dag.py:3947} INFO - Setting next_dagrun for example_xcom_args to None, run_after=None
[2025-09-29T15:38:38.865+0000] {logging_mixin.py:188} INFO - [2025-09-29T15:38:38.865+0000] {dag.py:3947} INFO - Setting next_dagrun for example_xcom_args_with_operators to None, run_after=None
[2025-09-29T15:38:38.915+0000] {processor.py:183} INFO - Processing /home/airflow/.local/lib/python3.12/site-packages/airflow/example_dags/example_xcomargs.py took 0.205 seconds
[2025-09-29T15:39:09.104+0000] {processor.py:161} INFO - Started process (PID=3289) to work on /home/airflow/.local/lib/python3.12/site-packages/airflow/example_dags/example_xcomargs.py
[2025-09-29T15:39:09.108+0000] {processor.py:830} INFO - Processing file /home/airflow/.local/lib/python3.12/site-packages/airflow/example_dags/example_xcomargs.py for tasks to queue
[2025-09-29T15:39:09.112+0000] {logging_mixin.py:188} INFO - [2025-09-29T15:39:09.111+0000] {dagbag.py:545} INFO - Filling up the DagBag from /home/airflow/.local/lib/python3.12/site-packages/airflow/example_dags/example_xcomargs.py
[2025-09-29T15:39:09.135+0000] {processor.py:840} INFO - DAG(s) 'example_xcom_args_with_operators', 'example_xcom_args' retrieved from /home/airflow/.local/lib/python3.12/site-packages/airflow/example_dags/example_xcomargs.py
[2025-09-29T15:39:09.204+0000] {logging_mixin.py:188} INFO - [2025-09-29T15:39:09.203+0000] {dag.py:3089} INFO - Sync 2 DAGs
[2025-09-29T15:39:09.235+0000] {logging_mixin.py:188} INFO - [2025-09-29T15:39:09.235+0000] {dag.py:3947} INFO - Setting next_dagrun for example_xcom_args to None, run_after=None
[2025-09-29T15:39:09.243+0000] {logging_mixin.py:188} INFO - [2025-09-29T15:39:09.243+0000] {dag.py:3947} INFO - Setting next_dagrun for example_xcom_args_with_operators to None, run_after=None
[2025-09-29T15:39:09.286+0000] {processor.py:183} INFO - Processing /home/airflow/.local/lib/python3.12/site-packages/airflow/example_dags/example_xcomargs.py took 0.196 seconds
[2025-09-29T15:39:39.995+0000] {processor.py:161} INFO - Started process (PID=3551) to work on /home/airflow/.local/lib/python3.12/site-packages/airflow/example_dags/example_xcomargs.py
[2025-09-29T15:39:40.040+0000] {processor.py:830} INFO - Processing file /home/airflow/.local/lib/python3.12/site-packages/airflow/example_dags/example_xcomargs.py for tasks to queue
[2025-09-29T15:39:40.045+0000] {logging_mixin.py:188} INFO - [2025-09-29T15:39:40.044+0000] {dagbag.py:545} INFO - Filling up the DagBag from /home/airflow/.local/lib/python3.12/site-packages/airflow/example_dags/example_xcomargs.py
[2025-09-29T15:39:40.068+0000] {processor.py:840} INFO - DAG(s) 'example_xcom_args', 'example_xcom_args_with_operators' retrieved from /home/airflow/.local/lib/python3.12/site-packages/airflow/example_dags/example_xcomargs.py
[2025-09-29T15:39:40.138+0000] {logging_mixin.py:188} INFO - [2025-09-29T15:39:40.137+0000] {dag.py:3089} INFO - Sync 2 DAGs
[2025-09-29T15:39:40.169+0000] {logging_mixin.py:188} INFO - [2025-09-29T15:39:40.169+0000] {dag.py:3947} INFO - Setting next_dagrun for example_xcom_args to None, run_after=None
[2025-09-29T15:39:40.178+0000] {logging_mixin.py:188} INFO - [2025-09-29T15:39:40.177+0000] {dag.py:3947} INFO - Setting next_dagrun for example_xcom_args_with_operators to None, run_after=None
[2025-09-29T15:39:40.318+0000] {processor.py:183} INFO - Processing /home/airflow/.local/lib/python3.12/site-packages/airflow/example_dags/example_xcomargs.py took 0.340 seconds
[2025-09-29T15:40:10.992+0000] {processor.py:161} INFO - Started process (PID=3811) to work on /home/airflow/.local/lib/python3.12/site-packages/airflow/example_dags/example_xcomargs.py
[2025-09-29T15:40:10.995+0000] {processor.py:830} INFO - Processing file /home/airflow/.local/lib/python3.12/site-packages/airflow/example_dags/example_xcomargs.py for tasks to queue
[2025-09-29T15:40:10.999+0000] {logging_mixin.py:188} INFO - [2025-09-29T15:40:10.999+0000] {dagbag.py:545} INFO - Filling up the DagBag from /home/airflow/.local/lib/python3.12/site-packages/airflow/example_dags/example_xcomargs.py
[2025-09-29T15:40:11.024+0000] {processor.py:840} INFO - DAG(s) 'example_xcom_args_with_operators', 'example_xcom_args' retrieved from /home/airflow/.local/lib/python3.12/site-packages/airflow/example_dags/example_xcomargs.py
[2025-09-29T15:40:11.093+0000] {logging_mixin.py:188} INFO - [2025-09-29T15:40:11.092+0000] {dag.py:3089} INFO - Sync 2 DAGs
[2025-09-29T15:40:11.126+0000] {logging_mixin.py:188} INFO - [2025-09-29T15:40:11.125+0000] {dag.py:3947} INFO - Setting next_dagrun for example_xcom_args to None, run_after=None
[2025-09-29T15:40:11.134+0000] {logging_mixin.py:188} INFO - [2025-09-29T15:40:11.134+0000] {dag.py:3947} INFO - Setting next_dagrun for example_xcom_args_with_operators to None, run_after=None
[2025-09-29T15:40:11.180+0000] {processor.py:183} INFO - Processing /home/airflow/.local/lib/python3.12/site-packages/airflow/example_dags/example_xcomargs.py took 0.203 seconds
[2025-09-29T15:40:41.296+0000] {processor.py:161} INFO - Started process (PID=4073) to work on /home/airflow/.local/lib/python3.12/site-packages/airflow/example_dags/example_xcomargs.py
[2025-09-29T15:40:41.300+0000] {processor.py:830} INFO - Processing file /home/airflow/.local/lib/python3.12/site-packages/airflow/example_dags/example_xcomargs.py for tasks to queue
[2025-09-29T15:40:41.304+0000] {logging_mixin.py:188} INFO - [2025-09-29T15:40:41.303+0000] {dagbag.py:545} INFO - Filling up the DagBag from /home/airflow/.local/lib/python3.12/site-packages/airflow/example_dags/example_xcomargs.py
[2025-09-29T15:40:41.327+0000] {processor.py:840} INFO - DAG(s) 'example_xcom_args_with_operators', 'example_xcom_args' retrieved from /home/airflow/.local/lib/python3.12/site-packages/airflow/example_dags/example_xcomargs.py
[2025-09-29T15:40:41.398+0000] {logging_mixin.py:188} INFO - [2025-09-29T15:40:41.397+0000] {dag.py:3089} INFO - Sync 2 DAGs
[2025-09-29T15:40:41.432+0000] {logging_mixin.py:188} INFO - [2025-09-29T15:40:41.431+0000] {dag.py:3947} INFO - Setting next_dagrun for example_xcom_args to None, run_after=None
[2025-09-29T15:40:41.441+0000] {logging_mixin.py:188} INFO - [2025-09-29T15:40:41.441+0000] {dag.py:3947} INFO - Setting next_dagrun for example_xcom_args_with_operators to None, run_after=None
[2025-09-29T15:40:41.486+0000] {processor.py:183} INFO - Processing /home/airflow/.local/lib/python3.12/site-packages/airflow/example_dags/example_xcomargs.py took 0.206 seconds
[2025-09-29T15:41:11.867+0000] {processor.py:161} INFO - Started process (PID=4335) to work on /home/airflow/.local/lib/python3.12/site-packages/airflow/example_dags/example_xcomargs.py
[2025-09-29T15:41:11.870+0000] {processor.py:830} INFO - Processing file /home/airflow/.local/lib/python3.12/site-packages/airflow/example_dags/example_xcomargs.py for tasks to queue
[2025-09-29T15:41:11.874+0000] {logging_mixin.py:188} INFO - [2025-09-29T15:41:11.874+0000] {dagbag.py:545} INFO - Filling up the DagBag from /home/airflow/.local/lib/python3.12/site-packages/airflow/example_dags/example_xcomargs.py
[2025-09-29T15:41:11.895+0000] {processor.py:840} INFO - DAG(s) 'example_xcom_args', 'example_xcom_args_with_operators' retrieved from /home/airflow/.local/lib/python3.12/site-packages/airflow/example_dags/example_xcomargs.py
[2025-09-29T15:41:11.957+0000] {logging_mixin.py:188} INFO - [2025-09-29T15:41:11.956+0000] {dag.py:3089} INFO - Sync 2 DAGs
[2025-09-29T15:41:11.990+0000] {logging_mixin.py:188} INFO - [2025-09-29T15:41:11.989+0000] {dag.py:3947} INFO - Setting next_dagrun for example_xcom_args to None, run_after=None
[2025-09-29T15:41:11.998+0000] {logging_mixin.py:188} INFO - [2025-09-29T15:41:11.998+0000] {dag.py:3947} INFO - Setting next_dagrun for example_xcom_args_with_operators to None, run_after=None
[2025-09-29T15:41:12.042+0000] {processor.py:183} INFO - Processing /home/airflow/.local/lib/python3.12/site-packages/airflow/example_dags/example_xcomargs.py took 0.190 seconds
[2025-09-29T15:41:43.197+0000] {processor.py:161} INFO - Started process (PID=4597) to work on /home/airflow/.local/lib/python3.12/site-packages/airflow/example_dags/example_xcomargs.py
[2025-09-29T15:41:43.200+0000] {processor.py:830} INFO - Processing file /home/airflow/.local/lib/python3.12/site-packages/airflow/example_dags/example_xcomargs.py for tasks to queue
[2025-09-29T15:41:43.206+0000] {logging_mixin.py:188} INFO - [2025-09-29T15:41:43.205+0000] {dagbag.py:545} INFO - Filling up the DagBag from /home/airflow/.local/lib/python3.12/site-packages/airflow/example_dags/example_xcomargs.py
[2025-09-29T15:41:43.235+0000] {processor.py:840} INFO - DAG(s) 'example_xcom_args', 'example_xcom_args_with_operators' retrieved from /home/airflow/.local/lib/python3.12/site-packages/airflow/example_dags/example_xcomargs.py
[2025-09-29T15:41:43.324+0000] {logging_mixin.py:188} INFO - [2025-09-29T15:41:43.323+0000] {dag.py:3089} INFO - Sync 2 DAGs
[2025-09-29T15:41:43.367+0000] {logging_mixin.py:188} INFO - [2025-09-29T15:41:43.366+0000] {dag.py:3947} INFO - Setting next_dagrun for example_xcom_args to None, run_after=None
[2025-09-29T15:41:43.378+0000] {logging_mixin.py:188} INFO - [2025-09-29T15:41:43.378+0000] {dag.py:3947} INFO - Setting next_dagrun for example_xcom_args_with_operators to None, run_after=None
[2025-09-29T15:41:43.428+0000] {processor.py:183} INFO - Processing /home/airflow/.local/lib/python3.12/site-packages/airflow/example_dags/example_xcomargs.py took 0.250 seconds
[2025-09-29T15:42:14.438+0000] {processor.py:161} INFO - Started process (PID=4859) to work on /home/airflow/.local/lib/python3.12/site-packages/airflow/example_dags/example_xcomargs.py
[2025-09-29T15:42:14.441+0000] {processor.py:830} INFO - Processing file /home/airflow/.local/lib/python3.12/site-packages/airflow/example_dags/example_xcomargs.py for tasks to queue
[2025-09-29T15:42:14.445+0000] {logging_mixin.py:188} INFO - [2025-09-29T15:42:14.444+0000] {dagbag.py:545} INFO - Filling up the DagBag from /home/airflow/.local/lib/python3.12/site-packages/airflow/example_dags/example_xcomargs.py
[2025-09-29T15:42:14.472+0000] {processor.py:840} INFO - DAG(s) 'example_xcom_args', 'example_xcom_args_with_operators' retrieved from /home/airflow/.local/lib/python3.12/site-packages/airflow/example_dags/example_xcomargs.py
[2025-09-29T15:42:14.558+0000] {logging_mixin.py:188} INFO - [2025-09-29T15:42:14.557+0000] {dag.py:3089} INFO - Sync 2 DAGs
[2025-09-29T15:42:14.593+0000] {logging_mixin.py:188} INFO - [2025-09-29T15:42:14.593+0000] {dag.py:3947} INFO - Setting next_dagrun for example_xcom_args to None, run_after=None
[2025-09-29T15:42:14.601+0000] {logging_mixin.py:188} INFO - [2025-09-29T15:42:14.601+0000] {dag.py:3947} INFO - Setting next_dagrun for example_xcom_args_with_operators to None, run_after=None
[2025-09-29T15:42:14.647+0000] {processor.py:183} INFO - Processing /home/airflow/.local/lib/python3.12/site-packages/airflow/example_dags/example_xcomargs.py took 0.226 seconds
[2025-09-29T15:42:45.468+0000] {processor.py:161} INFO - Started process (PID=5121) to work on /home/airflow/.local/lib/python3.12/site-packages/airflow/example_dags/example_xcomargs.py
[2025-09-29T15:42:45.471+0000] {processor.py:830} INFO - Processing file /home/airflow/.local/lib/python3.12/site-packages/airflow/example_dags/example_xcomargs.py for tasks to queue
[2025-09-29T15:42:45.477+0000] {logging_mixin.py:188} INFO - [2025-09-29T15:42:45.475+0000] {dagbag.py:545} INFO - Filling up the DagBag from /home/airflow/.local/lib/python3.12/site-packages/airflow/example_dags/example_xcomargs.py
[2025-09-29T15:42:45.507+0000] {processor.py:840} INFO - DAG(s) 'example_xcom_args', 'example_xcom_args_with_operators' retrieved from /home/airflow/.local/lib/python3.12/site-packages/airflow/example_dags/example_xcomargs.py
[2025-09-29T15:42:45.577+0000] {logging_mixin.py:188} INFO - [2025-09-29T15:42:45.576+0000] {dag.py:3089} INFO - Sync 2 DAGs
[2025-09-29T15:42:45.618+0000] {logging_mixin.py:188} INFO - [2025-09-29T15:42:45.618+0000] {dag.py:3947} INFO - Setting next_dagrun for example_xcom_args to None, run_after=None
[2025-09-29T15:42:45.631+0000] {logging_mixin.py:188} INFO - [2025-09-29T15:42:45.630+0000] {dag.py:3947} INFO - Setting next_dagrun for example_xcom_args_with_operators to None, run_after=None
[2025-09-29T15:42:45.682+0000] {processor.py:183} INFO - Processing /home/airflow/.local/lib/python3.12/site-packages/airflow/example_dags/example_xcomargs.py took 0.249 seconds
[2025-09-29T15:43:16.518+0000] {processor.py:161} INFO - Started process (PID=5379) to work on /home/airflow/.local/lib/python3.12/site-packages/airflow/example_dags/example_xcomargs.py
[2025-09-29T15:43:16.521+0000] {processor.py:830} INFO - Processing file /home/airflow/.local/lib/python3.12/site-packages/airflow/example_dags/example_xcomargs.py for tasks to queue
[2025-09-29T15:43:16.527+0000] {logging_mixin.py:188} INFO - [2025-09-29T15:43:16.526+0000] {dagbag.py:545} INFO - Filling up the DagBag from /home/airflow/.local/lib/python3.12/site-packages/airflow/example_dags/example_xcomargs.py
[2025-09-29T15:43:16.547+0000] {processor.py:840} INFO - DAG(s) 'example_xcom_args', 'example_xcom_args_with_operators' retrieved from /home/airflow/.local/lib/python3.12/site-packages/airflow/example_dags/example_xcomargs.py
[2025-09-29T15:43:16.624+0000] {logging_mixin.py:188} INFO - [2025-09-29T15:43:16.623+0000] {dag.py:3089} INFO - Sync 2 DAGs
[2025-09-29T15:43:16.665+0000] {logging_mixin.py:188} INFO - [2025-09-29T15:43:16.664+0000] {dag.py:3947} INFO - Setting next_dagrun for example_xcom_args to None, run_after=None
[2025-09-29T15:43:16.676+0000] {logging_mixin.py:188} INFO - [2025-09-29T15:43:16.675+0000] {dag.py:3947} INFO - Setting next_dagrun for example_xcom_args_with_operators to None, run_after=None
[2025-09-29T15:43:16.729+0000] {processor.py:183} INFO - Processing /home/airflow/.local/lib/python3.12/site-packages/airflow/example_dags/example_xcomargs.py took 0.227 seconds
[2025-09-29T15:43:47.198+0000] {processor.py:161} INFO - Started process (PID=5641) to work on /home/airflow/.local/lib/python3.12/site-packages/airflow/example_dags/example_xcomargs.py
[2025-09-29T15:43:47.201+0000] {processor.py:830} INFO - Processing file /home/airflow/.local/lib/python3.12/site-packages/airflow/example_dags/example_xcomargs.py for tasks to queue
[2025-09-29T15:43:47.205+0000] {logging_mixin.py:188} INFO - [2025-09-29T15:43:47.204+0000] {dagbag.py:545} INFO - Filling up the DagBag from /home/airflow/.local/lib/python3.12/site-packages/airflow/example_dags/example_xcomargs.py
[2025-09-29T15:43:47.226+0000] {processor.py:840} INFO - DAG(s) 'example_xcom_args', 'example_xcom_args_with_operators' retrieved from /home/airflow/.local/lib/python3.12/site-packages/airflow/example_dags/example_xcomargs.py
[2025-09-29T15:43:47.301+0000] {logging_mixin.py:188} INFO - [2025-09-29T15:43:47.300+0000] {dag.py:3089} INFO - Sync 2 DAGs
[2025-09-29T15:43:47.336+0000] {logging_mixin.py:188} INFO - [2025-09-29T15:43:47.335+0000] {dag.py:3947} INFO - Setting next_dagrun for example_xcom_args to None, run_after=None
[2025-09-29T15:43:47.344+0000] {logging_mixin.py:188} INFO - [2025-09-29T15:43:47.343+0000] {dag.py:3947} INFO - Setting next_dagrun for example_xcom_args_with_operators to None, run_after=None
[2025-09-29T15:43:47.392+0000] {processor.py:183} INFO - Processing /home/airflow/.local/lib/python3.12/site-packages/airflow/example_dags/example_xcomargs.py took 0.208 seconds
[2025-09-29T15:44:17.771+0000] {processor.py:161} INFO - Started process (PID=5903) to work on /home/airflow/.local/lib/python3.12/site-packages/airflow/example_dags/example_xcomargs.py
[2025-09-29T15:44:17.773+0000] {processor.py:830} INFO - Processing file /home/airflow/.local/lib/python3.12/site-packages/airflow/example_dags/example_xcomargs.py for tasks to queue
[2025-09-29T15:44:17.778+0000] {logging_mixin.py:188} INFO - [2025-09-29T15:44:17.777+0000] {dagbag.py:545} INFO - Filling up the DagBag from /home/airflow/.local/lib/python3.12/site-packages/airflow/example_dags/example_xcomargs.py
[2025-09-29T15:44:17.798+0000] {processor.py:840} INFO - DAG(s) 'example_xcom_args', 'example_xcom_args_with_operators' retrieved from /home/airflow/.local/lib/python3.12/site-packages/airflow/example_dags/example_xcomargs.py
[2025-09-29T15:44:17.865+0000] {logging_mixin.py:188} INFO - [2025-09-29T15:44:17.865+0000] {dag.py:3089} INFO - Sync 2 DAGs
[2025-09-29T15:44:17.903+0000] {logging_mixin.py:188} INFO - [2025-09-29T15:44:17.903+0000] {dag.py:3947} INFO - Setting next_dagrun for example_xcom_args to None, run_after=None
[2025-09-29T15:44:17.911+0000] {logging_mixin.py:188} INFO - [2025-09-29T15:44:17.911+0000] {dag.py:3947} INFO - Setting next_dagrun for example_xcom_args_with_operators to None, run_after=None
[2025-09-29T15:44:17.955+0000] {processor.py:183} INFO - Processing /home/airflow/.local/lib/python3.12/site-packages/airflow/example_dags/example_xcomargs.py took 0.198 seconds
[2025-09-29T15:44:48.290+0000] {processor.py:161} INFO - Started process (PID=6165) to work on /home/airflow/.local/lib/python3.12/site-packages/airflow/example_dags/example_xcomargs.py
[2025-09-29T15:44:48.294+0000] {processor.py:830} INFO - Processing file /home/airflow/.local/lib/python3.12/site-packages/airflow/example_dags/example_xcomargs.py for tasks to queue
[2025-09-29T15:44:48.301+0000] {logging_mixin.py:188} INFO - [2025-09-29T15:44:48.300+0000] {dagbag.py:545} INFO - Filling up the DagBag from /home/airflow/.local/lib/python3.12/site-packages/airflow/example_dags/example_xcomargs.py
[2025-09-29T15:44:48.355+0000] {processor.py:840} INFO - DAG(s) 'example_xcom_args', 'example_xcom_args_with_operators' retrieved from /home/airflow/.local/lib/python3.12/site-packages/airflow/example_dags/example_xcomargs.py
[2025-09-29T15:44:48.420+0000] {logging_mixin.py:188} INFO - [2025-09-29T15:44:48.420+0000] {dag.py:3089} INFO - Sync 2 DAGs
[2025-09-29T15:44:48.452+0000] {logging_mixin.py:188} INFO - [2025-09-29T15:44:48.452+0000] {dag.py:3947} INFO - Setting next_dagrun for example_xcom_args to None, run_after=None
[2025-09-29T15:44:48.460+0000] {logging_mixin.py:188} INFO - [2025-09-29T15:44:48.460+0000] {dag.py:3947} INFO - Setting next_dagrun for example_xcom_args_with_operators to None, run_after=None
[2025-09-29T15:44:48.507+0000] {processor.py:183} INFO - Processing /home/airflow/.local/lib/python3.12/site-packages/airflow/example_dags/example_xcomargs.py took 0.241 seconds
[2025-09-29T15:45:18.726+0000] {processor.py:161} INFO - Started process (PID=6425) to work on /home/airflow/.local/lib/python3.12/site-packages/airflow/example_dags/example_xcomargs.py
[2025-09-29T15:45:18.728+0000] {processor.py:830} INFO - Processing file /home/airflow/.local/lib/python3.12/site-packages/airflow/example_dags/example_xcomargs.py for tasks to queue
[2025-09-29T15:45:18.732+0000] {logging_mixin.py:188} INFO - [2025-09-29T15:45:18.731+0000] {dagbag.py:545} INFO - Filling up the DagBag from /home/airflow/.local/lib/python3.12/site-packages/airflow/example_dags/example_xcomargs.py
[2025-09-29T15:45:18.752+0000] {processor.py:840} INFO - DAG(s) 'example_xcom_args_with_operators', 'example_xcom_args' retrieved from /home/airflow/.local/lib/python3.12/site-packages/airflow/example_dags/example_xcomargs.py
[2025-09-29T15:45:18.815+0000] {logging_mixin.py:188} INFO - [2025-09-29T15:45:18.815+0000] {dag.py:3089} INFO - Sync 2 DAGs
[2025-09-29T15:45:18.846+0000] {logging_mixin.py:188} INFO - [2025-09-29T15:45:18.846+0000] {dag.py:3947} INFO - Setting next_dagrun for example_xcom_args to None, run_after=None
[2025-09-29T15:45:18.855+0000] {logging_mixin.py:188} INFO - [2025-09-29T15:45:18.854+0000] {dag.py:3947} INFO - Setting next_dagrun for example_xcom_args_with_operators to None, run_after=None
[2025-09-29T15:45:18.897+0000] {processor.py:183} INFO - Processing /home/airflow/.local/lib/python3.12/site-packages/airflow/example_dags/example_xcomargs.py took 0.186 seconds
[2025-09-29T15:45:49.352+0000] {processor.py:161} INFO - Started process (PID=6689) to work on /home/airflow/.local/lib/python3.12/site-packages/airflow/example_dags/example_xcomargs.py
[2025-09-29T15:45:49.355+0000] {processor.py:830} INFO - Processing file /home/airflow/.local/lib/python3.12/site-packages/airflow/example_dags/example_xcomargs.py for tasks to queue
[2025-09-29T15:45:49.360+0000] {logging_mixin.py:188} INFO - [2025-09-29T15:45:49.359+0000] {dagbag.py:545} INFO - Filling up the DagBag from /home/airflow/.local/lib/python3.12/site-packages/airflow/example_dags/example_xcomargs.py
[2025-09-29T15:45:49.383+0000] {processor.py:840} INFO - DAG(s) 'example_xcom_args', 'example_xcom_args_with_operators' retrieved from /home/airflow/.local/lib/python3.12/site-packages/airflow/example_dags/example_xcomargs.py
[2025-09-29T15:45:49.450+0000] {logging_mixin.py:188} INFO - [2025-09-29T15:45:49.449+0000] {dag.py:3089} INFO - Sync 2 DAGs
[2025-09-29T15:45:49.481+0000] {logging_mixin.py:188} INFO - [2025-09-29T15:45:49.481+0000] {dag.py:3947} INFO - Setting next_dagrun for example_xcom_args to None, run_after=None
[2025-09-29T15:45:49.493+0000] {logging_mixin.py:188} INFO - [2025-09-29T15:45:49.492+0000] {dag.py:3947} INFO - Setting next_dagrun for example_xcom_args_with_operators to None, run_after=None
[2025-09-29T15:45:49.538+0000] {processor.py:183} INFO - Processing /home/airflow/.local/lib/python3.12/site-packages/airflow/example_dags/example_xcomargs.py took 0.202 seconds
[2025-09-29T15:46:20.396+0000] {processor.py:161} INFO - Started process (PID=6951) to work on /home/airflow/.local/lib/python3.12/site-packages/airflow/example_dags/example_xcomargs.py
[2025-09-29T15:46:20.398+0000] {processor.py:830} INFO - Processing file /home/airflow/.local/lib/python3.12/site-packages/airflow/example_dags/example_xcomargs.py for tasks to queue
[2025-09-29T15:46:20.403+0000] {logging_mixin.py:188} INFO - [2025-09-29T15:46:20.402+0000] {dagbag.py:545} INFO - Filling up the DagBag from /home/airflow/.local/lib/python3.12/site-packages/airflow/example_dags/example_xcomargs.py
[2025-09-29T15:46:20.423+0000] {processor.py:840} INFO - DAG(s) 'example_xcom_args_with_operators', 'example_xcom_args' retrieved from /home/airflow/.local/lib/python3.12/site-packages/airflow/example_dags/example_xcomargs.py
[2025-09-29T15:46:19.911+0000] {logging_mixin.py:188} INFO - [2025-09-29T15:46:19.911+0000] {dag.py:3089} INFO - Sync 2 DAGs
[2025-09-29T15:46:19.942+0000] {logging_mixin.py:188} INFO - [2025-09-29T15:46:19.941+0000] {dag.py:3947} INFO - Setting next_dagrun for example_xcom_args to None, run_after=None
[2025-09-29T15:46:19.950+0000] {logging_mixin.py:188} INFO - [2025-09-29T15:46:19.949+0000] {dag.py:3947} INFO - Setting next_dagrun for example_xcom_args_with_operators to None, run_after=None
[2025-09-29T15:46:19.089+0000] {processor.py:183} INFO - Processing /home/airflow/.local/lib/python3.12/site-packages/airflow/example_dags/example_xcomargs.py took 0.194 seconds
[2025-09-29T15:46:50.036+0000] {processor.py:161} INFO - Started process (PID=7198) to work on /home/airflow/.local/lib/python3.12/site-packages/airflow/example_dags/example_xcomargs.py
[2025-09-29T15:46:50.039+0000] {processor.py:830} INFO - Processing file /home/airflow/.local/lib/python3.12/site-packages/airflow/example_dags/example_xcomargs.py for tasks to queue
[2025-09-29T15:46:50.043+0000] {logging_mixin.py:188} INFO - [2025-09-29T15:46:50.042+0000] {dagbag.py:545} INFO - Filling up the DagBag from /home/airflow/.local/lib/python3.12/site-packages/airflow/example_dags/example_xcomargs.py
[2025-09-29T15:46:50.063+0000] {processor.py:840} INFO - DAG(s) 'example_xcom_args', 'example_xcom_args_with_operators' retrieved from /home/airflow/.local/lib/python3.12/site-packages/airflow/example_dags/example_xcomargs.py
[2025-09-29T15:46:50.127+0000] {logging_mixin.py:188} INFO - [2025-09-29T15:46:50.126+0000] {dag.py:3089} INFO - Sync 2 DAGs
[2025-09-29T15:46:50.158+0000] {logging_mixin.py:188} INFO - [2025-09-29T15:46:50.158+0000] {dag.py:3947} INFO - Setting next_dagrun for example_xcom_args to None, run_after=None
[2025-09-29T15:46:50.168+0000] {logging_mixin.py:188} INFO - [2025-09-29T15:46:50.167+0000] {dag.py:3947} INFO - Setting next_dagrun for example_xcom_args_with_operators to None, run_after=None
[2025-09-29T15:46:50.212+0000] {processor.py:183} INFO - Processing /home/airflow/.local/lib/python3.12/site-packages/airflow/example_dags/example_xcomargs.py took 0.190 seconds
[2025-09-29T15:47:20.739+0000] {processor.py:161} INFO - Started process (PID=7460) to work on /home/airflow/.local/lib/python3.12/site-packages/airflow/example_dags/example_xcomargs.py
[2025-09-29T15:47:20.741+0000] {processor.py:830} INFO - Processing file /home/airflow/.local/lib/python3.12/site-packages/airflow/example_dags/example_xcomargs.py for tasks to queue
[2025-09-29T15:47:20.745+0000] {logging_mixin.py:188} INFO - [2025-09-29T15:47:20.744+0000] {dagbag.py:545} INFO - Filling up the DagBag from /home/airflow/.local/lib/python3.12/site-packages/airflow/example_dags/example_xcomargs.py
[2025-09-29T15:47:20.768+0000] {processor.py:840} INFO - DAG(s) 'example_xcom_args', 'example_xcom_args_with_operators' retrieved from /home/airflow/.local/lib/python3.12/site-packages/airflow/example_dags/example_xcomargs.py
[2025-09-29T15:47:20.841+0000] {logging_mixin.py:188} INFO - [2025-09-29T15:47:20.841+0000] {dag.py:3089} INFO - Sync 2 DAGs
[2025-09-29T15:47:20.875+0000] {logging_mixin.py:188} INFO - [2025-09-29T15:47:20.874+0000] {dag.py:3947} INFO - Setting next_dagrun for example_xcom_args to None, run_after=None
[2025-09-29T15:47:20.883+0000] {logging_mixin.py:188} INFO - [2025-09-29T15:47:20.883+0000] {dag.py:3947} INFO - Setting next_dagrun for example_xcom_args_with_operators to None, run_after=None
[2025-09-29T15:47:20.932+0000] {processor.py:183} INFO - Processing /home/airflow/.local/lib/python3.12/site-packages/airflow/example_dags/example_xcomargs.py took 0.209 seconds
[2025-09-29T15:47:51.057+0000] {processor.py:161} INFO - Started process (PID=7722) to work on /home/airflow/.local/lib/python3.12/site-packages/airflow/example_dags/example_xcomargs.py
[2025-09-29T15:47:51.060+0000] {processor.py:830} INFO - Processing file /home/airflow/.local/lib/python3.12/site-packages/airflow/example_dags/example_xcomargs.py for tasks to queue
[2025-09-29T15:47:51.064+0000] {logging_mixin.py:188} INFO - [2025-09-29T15:47:51.063+0000] {dagbag.py:545} INFO - Filling up the DagBag from /home/airflow/.local/lib/python3.12/site-packages/airflow/example_dags/example_xcomargs.py
[2025-09-29T15:47:51.084+0000] {processor.py:840} INFO - DAG(s) 'example_xcom_args', 'example_xcom_args_with_operators' retrieved from /home/airflow/.local/lib/python3.12/site-packages/airflow/example_dags/example_xcomargs.py
[2025-09-29T15:47:51.155+0000] {logging_mixin.py:188} INFO - [2025-09-29T15:47:51.155+0000] {dag.py:3089} INFO - Sync 2 DAGs
[2025-09-29T15:47:51.188+0000] {logging_mixin.py:188} INFO - [2025-09-29T15:47:51.187+0000] {dag.py:3947} INFO - Setting next_dagrun for example_xcom_args to None, run_after=None
[2025-09-29T15:47:51.196+0000] {logging_mixin.py:188} INFO - [2025-09-29T15:47:51.196+0000] {dag.py:3947} INFO - Setting next_dagrun for example_xcom_args_with_operators to None, run_after=None
[2025-09-29T15:47:51.241+0000] {processor.py:183} INFO - Processing /home/airflow/.local/lib/python3.12/site-packages/airflow/example_dags/example_xcomargs.py took 0.199 seconds
[2025-09-29T15:48:21.445+0000] {processor.py:161} INFO - Started process (PID=7984) to work on /home/airflow/.local/lib/python3.12/site-packages/airflow/example_dags/example_xcomargs.py
[2025-09-29T15:48:21.446+0000] {processor.py:830} INFO - Processing file /home/airflow/.local/lib/python3.12/site-packages/airflow/example_dags/example_xcomargs.py for tasks to queue
[2025-09-29T15:48:21.451+0000] {logging_mixin.py:188} INFO - [2025-09-29T15:48:21.450+0000] {dagbag.py:545} INFO - Filling up the DagBag from /home/airflow/.local/lib/python3.12/site-packages/airflow/example_dags/example_xcomargs.py
[2025-09-29T15:48:21.471+0000] {processor.py:840} INFO - DAG(s) 'example_xcom_args_with_operators', 'example_xcom_args' retrieved from /home/airflow/.local/lib/python3.12/site-packages/airflow/example_dags/example_xcomargs.py
[2025-09-29T15:48:21.536+0000] {logging_mixin.py:188} INFO - [2025-09-29T15:48:21.535+0000] {dag.py:3089} INFO - Sync 2 DAGs
[2025-09-29T15:48:21.569+0000] {logging_mixin.py:188} INFO - [2025-09-29T15:48:21.569+0000] {dag.py:3947} INFO - Setting next_dagrun for example_xcom_args to None, run_after=None
[2025-09-29T15:48:21.578+0000] {logging_mixin.py:188} INFO - [2025-09-29T15:48:21.577+0000] {dag.py:3947} INFO - Setting next_dagrun for example_xcom_args_with_operators to None, run_after=None
[2025-09-29T15:48:21.621+0000] {processor.py:183} INFO - Processing /home/airflow/.local/lib/python3.12/site-packages/airflow/example_dags/example_xcomargs.py took 0.191 seconds
[2025-09-29T15:48:51.983+0000] {processor.py:161} INFO - Started process (PID=8246) to work on /home/airflow/.local/lib/python3.12/site-packages/airflow/example_dags/example_xcomargs.py
[2025-09-29T15:48:51.986+0000] {processor.py:830} INFO - Processing file /home/airflow/.local/lib/python3.12/site-packages/airflow/example_dags/example_xcomargs.py for tasks to queue
[2025-09-29T15:48:51.990+0000] {logging_mixin.py:188} INFO - [2025-09-29T15:48:51.989+0000] {dagbag.py:545} INFO - Filling up the DagBag from /home/airflow/.local/lib/python3.12/site-packages/airflow/example_dags/example_xcomargs.py
[2025-09-29T15:48:52.011+0000] {processor.py:840} INFO - DAG(s) 'example_xcom_args_with_operators', 'example_xcom_args' retrieved from /home/airflow/.local/lib/python3.12/site-packages/airflow/example_dags/example_xcomargs.py
[2025-09-29T15:48:52.076+0000] {logging_mixin.py:188} INFO - [2025-09-29T15:48:52.075+0000] {dag.py:3089} INFO - Sync 2 DAGs
[2025-09-29T15:48:52.106+0000] {logging_mixin.py:188} INFO - [2025-09-29T15:48:52.106+0000] {dag.py:3947} INFO - Setting next_dagrun for example_xcom_args to None, run_after=None
[2025-09-29T15:48:52.114+0000] {logging_mixin.py:188} INFO - [2025-09-29T15:48:52.114+0000] {dag.py:3947} INFO - Setting next_dagrun for example_xcom_args_with_operators to None, run_after=None
[2025-09-29T15:48:52.157+0000] {processor.py:183} INFO - Processing /home/airflow/.local/lib/python3.12/site-packages/airflow/example_dags/example_xcomargs.py took 0.189 seconds
[2025-09-29T15:49:22.557+0000] {processor.py:161} INFO - Started process (PID=8508) to work on /home/airflow/.local/lib/python3.12/site-packages/airflow/example_dags/example_xcomargs.py
[2025-09-29T15:49:22.560+0000] {processor.py:830} INFO - Processing file /home/airflow/.local/lib/python3.12/site-packages/airflow/example_dags/example_xcomargs.py for tasks to queue
[2025-09-29T15:49:22.565+0000] {logging_mixin.py:188} INFO - [2025-09-29T15:49:22.564+0000] {dagbag.py:545} INFO - Filling up the DagBag from /home/airflow/.local/lib/python3.12/site-packages/airflow/example_dags/example_xcomargs.py
[2025-09-29T15:49:22.584+0000] {processor.py:840} INFO - DAG(s) 'example_xcom_args_with_operators', 'example_xcom_args' retrieved from /home/airflow/.local/lib/python3.12/site-packages/airflow/example_dags/example_xcomargs.py
[2025-09-29T15:49:22.649+0000] {logging_mixin.py:188} INFO - [2025-09-29T15:49:22.648+0000] {dag.py:3089} INFO - Sync 2 DAGs
[2025-09-29T15:49:22.680+0000] {logging_mixin.py:188} INFO - [2025-09-29T15:49:22.680+0000] {dag.py:3947} INFO - Setting next_dagrun for example_xcom_args to None, run_after=None
[2025-09-29T15:49:22.688+0000] {logging_mixin.py:188} INFO - [2025-09-29T15:49:22.688+0000] {dag.py:3947} INFO - Setting next_dagrun for example_xcom_args_with_operators to None, run_after=None
[2025-09-29T15:49:22.733+0000] {processor.py:183} INFO - Processing /home/airflow/.local/lib/python3.12/site-packages/airflow/example_dags/example_xcomargs.py took 0.190 seconds
[2025-09-29T15:49:54.345+0000] {processor.py:161} INFO - Started process (PID=8785) to work on /home/airflow/.local/lib/python3.12/site-packages/airflow/example_dags/example_xcomargs.py
[2025-09-29T15:49:54.348+0000] {processor.py:830} INFO - Processing file /home/airflow/.local/lib/python3.12/site-packages/airflow/example_dags/example_xcomargs.py for tasks to queue
[2025-09-29T15:49:54.354+0000] {logging_mixin.py:188} INFO - [2025-09-29T15:49:54.353+0000] {dagbag.py:545} INFO - Filling up the DagBag from /home/airflow/.local/lib/python3.12/site-packages/airflow/example_dags/example_xcomargs.py
[2025-09-29T15:49:54.378+0000] {processor.py:840} INFO - DAG(s) 'example_xcom_args_with_operators', 'example_xcom_args' retrieved from /home/airflow/.local/lib/python3.12/site-packages/airflow/example_dags/example_xcomargs.py
[2025-09-29T15:49:54.443+0000] {logging_mixin.py:188} INFO - [2025-09-29T15:49:54.443+0000] {dag.py:3089} INFO - Sync 2 DAGs
[2025-09-29T15:49:54.475+0000] {logging_mixin.py:188} INFO - [2025-09-29T15:49:54.475+0000] {dag.py:3947} INFO - Setting next_dagrun for example_xcom_args to None, run_after=None
[2025-09-29T15:49:54.483+0000] {logging_mixin.py:188} INFO - [2025-09-29T15:49:54.483+0000] {dag.py:3947} INFO - Setting next_dagrun for example_xcom_args_with_operators to None, run_after=None
[2025-09-29T15:49:54.529+0000] {processor.py:183} INFO - Processing /home/airflow/.local/lib/python3.12/site-packages/airflow/example_dags/example_xcomargs.py took 0.205 seconds
[2025-09-29T15:50:25.309+0000] {processor.py:161} INFO - Started process (PID=9047) to work on /home/airflow/.local/lib/python3.12/site-packages/airflow/example_dags/example_xcomargs.py
[2025-09-29T15:50:25.312+0000] {processor.py:830} INFO - Processing file /home/airflow/.local/lib/python3.12/site-packages/airflow/example_dags/example_xcomargs.py for tasks to queue
[2025-09-29T15:50:25.316+0000] {logging_mixin.py:188} INFO - [2025-09-29T15:50:25.315+0000] {dagbag.py:545} INFO - Filling up the DagBag from /home/airflow/.local/lib/python3.12/site-packages/airflow/example_dags/example_xcomargs.py
[2025-09-29T15:50:25.336+0000] {processor.py:840} INFO - DAG(s) 'example_xcom_args', 'example_xcom_args_with_operators' retrieved from /home/airflow/.local/lib/python3.12/site-packages/airflow/example_dags/example_xcomargs.py
[2025-09-29T15:50:25.401+0000] {logging_mixin.py:188} INFO - [2025-09-29T15:50:25.400+0000] {dag.py:3089} INFO - Sync 2 DAGs
[2025-09-29T15:50:25.432+0000] {logging_mixin.py:188} INFO - [2025-09-29T15:50:25.432+0000] {dag.py:3947} INFO - Setting next_dagrun for example_xcom_args to None, run_after=None
[2025-09-29T15:50:25.440+0000] {logging_mixin.py:188} INFO - [2025-09-29T15:50:25.440+0000] {dag.py:3947} INFO - Setting next_dagrun for example_xcom_args_with_operators to None, run_after=None
[2025-09-29T15:50:25.483+0000] {processor.py:183} INFO - Processing /home/airflow/.local/lib/python3.12/site-packages/airflow/example_dags/example_xcomargs.py took 0.189 seconds
[2025-09-29T15:50:56.274+0000] {processor.py:161} INFO - Started process (PID=9309) to work on /home/airflow/.local/lib/python3.12/site-packages/airflow/example_dags/example_xcomargs.py
[2025-09-29T15:50:56.277+0000] {processor.py:830} INFO - Processing file /home/airflow/.local/lib/python3.12/site-packages/airflow/example_dags/example_xcomargs.py for tasks to queue
[2025-09-29T15:50:56.282+0000] {logging_mixin.py:188} INFO - [2025-09-29T15:50:56.281+0000] {dagbag.py:545} INFO - Filling up the DagBag from /home/airflow/.local/lib/python3.12/site-packages/airflow/example_dags/example_xcomargs.py
[2025-09-29T15:50:56.302+0000] {processor.py:840} INFO - DAG(s) 'example_xcom_args_with_operators', 'example_xcom_args' retrieved from /home/airflow/.local/lib/python3.12/site-packages/airflow/example_dags/example_xcomargs.py
[2025-09-29T15:50:56.369+0000] {logging_mixin.py:188} INFO - [2025-09-29T15:50:56.369+0000] {dag.py:3089} INFO - Sync 2 DAGs
[2025-09-29T15:50:56.401+0000] {logging_mixin.py:188} INFO - [2025-09-29T15:50:56.400+0000] {dag.py:3947} INFO - Setting next_dagrun for example_xcom_args to None, run_after=None
[2025-09-29T15:50:56.409+0000] {logging_mixin.py:188} INFO - [2025-09-29T15:50:56.408+0000] {dag.py:3947} INFO - Setting next_dagrun for example_xcom_args_with_operators to None, run_after=None
[2025-09-29T15:50:56.453+0000] {processor.py:183} INFO - Processing /home/airflow/.local/lib/python3.12/site-packages/airflow/example_dags/example_xcomargs.py took 0.193 seconds
[2025-09-29T15:51:27.219+0000] {processor.py:161} INFO - Started process (PID=9571) to work on /home/airflow/.local/lib/python3.12/site-packages/airflow/example_dags/example_xcomargs.py
[2025-09-29T15:51:27.222+0000] {processor.py:830} INFO - Processing file /home/airflow/.local/lib/python3.12/site-packages/airflow/example_dags/example_xcomargs.py for tasks to queue
[2025-09-29T15:51:27.226+0000] {logging_mixin.py:188} INFO - [2025-09-29T15:51:27.225+0000] {dagbag.py:545} INFO - Filling up the DagBag from /home/airflow/.local/lib/python3.12/site-packages/airflow/example_dags/example_xcomargs.py
[2025-09-29T15:51:27.247+0000] {processor.py:840} INFO - DAG(s) 'example_xcom_args', 'example_xcom_args_with_operators' retrieved from /home/airflow/.local/lib/python3.12/site-packages/airflow/example_dags/example_xcomargs.py
[2025-09-29T15:51:27.314+0000] {logging_mixin.py:188} INFO - [2025-09-29T15:51:27.313+0000] {dag.py:3089} INFO - Sync 2 DAGs
[2025-09-29T15:51:27.344+0000] {logging_mixin.py:188} INFO - [2025-09-29T15:51:27.344+0000] {dag.py:3947} INFO - Setting next_dagrun for example_xcom_args to None, run_after=None
[2025-09-29T15:51:27.352+0000] {logging_mixin.py:188} INFO - [2025-09-29T15:51:27.352+0000] {dag.py:3947} INFO - Setting next_dagrun for example_xcom_args_with_operators to None, run_after=None
[2025-09-29T15:51:27.395+0000] {processor.py:183} INFO - Processing /home/airflow/.local/lib/python3.12/site-packages/airflow/example_dags/example_xcomargs.py took 0.192 seconds
[2025-09-29T15:51:58.315+0000] {processor.py:161} INFO - Started process (PID=9831) to work on /home/airflow/.local/lib/python3.12/site-packages/airflow/example_dags/example_xcomargs.py
[2025-09-29T15:51:58.318+0000] {processor.py:830} INFO - Processing file /home/airflow/.local/lib/python3.12/site-packages/airflow/example_dags/example_xcomargs.py for tasks to queue
[2025-09-29T15:51:58.323+0000] {logging_mixin.py:188} INFO - [2025-09-29T15:51:58.322+0000] {dagbag.py:545} INFO - Filling up the DagBag from /home/airflow/.local/lib/python3.12/site-packages/airflow/example_dags/example_xcomargs.py
[2025-09-29T15:51:58.344+0000] {processor.py:840} INFO - DAG(s) 'example_xcom_args', 'example_xcom_args_with_operators' retrieved from /home/airflow/.local/lib/python3.12/site-packages/airflow/example_dags/example_xcomargs.py
[2025-09-29T15:51:58.411+0000] {logging_mixin.py:188} INFO - [2025-09-29T15:51:58.411+0000] {dag.py:3089} INFO - Sync 2 DAGs
[2025-09-29T15:51:58.448+0000] {logging_mixin.py:188} INFO - [2025-09-29T15:51:58.447+0000] {dag.py:3947} INFO - Setting next_dagrun for example_xcom_args to None, run_after=None
[2025-09-29T15:51:58.457+0000] {logging_mixin.py:188} INFO - [2025-09-29T15:51:58.456+0000] {dag.py:3947} INFO - Setting next_dagrun for example_xcom_args_with_operators to None, run_after=None
[2025-09-29T15:51:58.506+0000] {processor.py:183} INFO - Processing /home/airflow/.local/lib/python3.12/site-packages/airflow/example_dags/example_xcomargs.py took 0.206 seconds
[2025-09-29T15:52:28.695+0000] {processor.py:161} INFO - Started process (PID=10093) to work on /home/airflow/.local/lib/python3.12/site-packages/airflow/example_dags/example_xcomargs.py
[2025-09-29T15:52:28.697+0000] {processor.py:830} INFO - Processing file /home/airflow/.local/lib/python3.12/site-packages/airflow/example_dags/example_xcomargs.py for tasks to queue
[2025-09-29T15:52:28.701+0000] {logging_mixin.py:188} INFO - [2025-09-29T15:52:28.701+0000] {dagbag.py:545} INFO - Filling up the DagBag from /home/airflow/.local/lib/python3.12/site-packages/airflow/example_dags/example_xcomargs.py
[2025-09-29T15:52:28.722+0000] {processor.py:840} INFO - DAG(s) 'example_xcom_args', 'example_xcom_args_with_operators' retrieved from /home/airflow/.local/lib/python3.12/site-packages/airflow/example_dags/example_xcomargs.py
[2025-09-29T15:52:28.802+0000] {logging_mixin.py:188} INFO - [2025-09-29T15:52:28.801+0000] {dag.py:3089} INFO - Sync 2 DAGs
[2025-09-29T15:52:28.868+0000] {logging_mixin.py:188} INFO - [2025-09-29T15:52:28.868+0000] {dag.py:3947} INFO - Setting next_dagrun for example_xcom_args to None, run_after=None
[2025-09-29T15:52:28.887+0000] {logging_mixin.py:188} INFO - [2025-09-29T15:52:28.886+0000] {dag.py:3947} INFO - Setting next_dagrun for example_xcom_args_with_operators to None, run_after=None
[2025-09-29T15:52:28.944+0000] {processor.py:183} INFO - Processing /home/airflow/.local/lib/python3.12/site-packages/airflow/example_dags/example_xcomargs.py took 0.263 seconds
[2025-09-29T15:52:59.246+0000] {processor.py:161} INFO - Started process (PID=10355) to work on /home/airflow/.local/lib/python3.12/site-packages/airflow/example_dags/example_xcomargs.py
[2025-09-29T15:52:59.249+0000] {processor.py:830} INFO - Processing file /home/airflow/.local/lib/python3.12/site-packages/airflow/example_dags/example_xcomargs.py for tasks to queue
[2025-09-29T15:52:59.253+0000] {logging_mixin.py:188} INFO - [2025-09-29T15:52:59.252+0000] {dagbag.py:545} INFO - Filling up the DagBag from /home/airflow/.local/lib/python3.12/site-packages/airflow/example_dags/example_xcomargs.py
[2025-09-29T15:52:59.278+0000] {processor.py:840} INFO - DAG(s) 'example_xcom_args', 'example_xcom_args_with_operators' retrieved from /home/airflow/.local/lib/python3.12/site-packages/airflow/example_dags/example_xcomargs.py
[2025-09-29T15:52:59.349+0000] {logging_mixin.py:188} INFO - [2025-09-29T15:52:59.349+0000] {dag.py:3089} INFO - Sync 2 DAGs
[2025-09-29T15:52:59.382+0000] {logging_mixin.py:188} INFO - [2025-09-29T15:52:59.381+0000] {dag.py:3947} INFO - Setting next_dagrun for example_xcom_args to None, run_after=None
[2025-09-29T15:52:59.390+0000] {logging_mixin.py:188} INFO - [2025-09-29T15:52:59.389+0000] {dag.py:3947} INFO - Setting next_dagrun for example_xcom_args_with_operators to None, run_after=None
[2025-09-29T15:52:59.441+0000] {processor.py:183} INFO - Processing /home/airflow/.local/lib/python3.12/site-packages/airflow/example_dags/example_xcomargs.py took 0.210 seconds
[2025-09-29T15:53:29.799+0000] {processor.py:161} INFO - Started process (PID=10617) to work on /home/airflow/.local/lib/python3.12/site-packages/airflow/example_dags/example_xcomargs.py
[2025-09-29T15:53:29.802+0000] {processor.py:830} INFO - Processing file /home/airflow/.local/lib/python3.12/site-packages/airflow/example_dags/example_xcomargs.py for tasks to queue
[2025-09-29T15:53:29.806+0000] {logging_mixin.py:188} INFO - [2025-09-29T15:53:29.805+0000] {dagbag.py:545} INFO - Filling up the DagBag from /home/airflow/.local/lib/python3.12/site-packages/airflow/example_dags/example_xcomargs.py
[2025-09-29T15:53:29.827+0000] {processor.py:840} INFO - DAG(s) 'example_xcom_args', 'example_xcom_args_with_operators' retrieved from /home/airflow/.local/lib/python3.12/site-packages/airflow/example_dags/example_xcomargs.py
[2025-09-29T15:53:29.892+0000] {logging_mixin.py:188} INFO - [2025-09-29T15:53:29.892+0000] {dag.py:3089} INFO - Sync 2 DAGs
[2025-09-29T15:53:29.924+0000] {logging_mixin.py:188} INFO - [2025-09-29T15:53:29.923+0000] {dag.py:3947} INFO - Setting next_dagrun for example_xcom_args to None, run_after=None
[2025-09-29T15:53:29.933+0000] {logging_mixin.py:188} INFO - [2025-09-29T15:53:29.932+0000] {dag.py:3947} INFO - Setting next_dagrun for example_xcom_args_with_operators to None, run_after=None
[2025-09-29T15:53:29.975+0000] {processor.py:183} INFO - Processing /home/airflow/.local/lib/python3.12/site-packages/airflow/example_dags/example_xcomargs.py took 0.190 seconds
[2025-09-29T15:54:03.266+0000] {processor.py:161} INFO - Started process (PID=10879) to work on /home/airflow/.local/lib/python3.12/site-packages/airflow/example_dags/example_xcomargs.py
[2025-09-29T15:54:03.269+0000] {processor.py:830} INFO - Processing file /home/airflow/.local/lib/python3.12/site-packages/airflow/example_dags/example_xcomargs.py for tasks to queue
[2025-09-29T15:54:03.273+0000] {logging_mixin.py:188} INFO - [2025-09-29T15:54:03.272+0000] {dagbag.py:545} INFO - Filling up the DagBag from /home/airflow/.local/lib/python3.12/site-packages/airflow/example_dags/example_xcomargs.py
[2025-09-29T15:54:03.296+0000] {processor.py:840} INFO - DAG(s) 'example_xcom_args_with_operators', 'example_xcom_args' retrieved from /home/airflow/.local/lib/python3.12/site-packages/airflow/example_dags/example_xcomargs.py
[2025-09-29T15:54:03.690+0000] {logging_mixin.py:188} INFO - [2025-09-29T15:54:03.689+0000] {dag.py:3089} INFO - Sync 2 DAGs
[2025-09-29T15:54:03.713+0000] {logging_mixin.py:188} INFO - [2025-09-29T15:54:03.713+0000] {dag.py:3947} INFO - Setting next_dagrun for example_xcom_args to None, run_after=None
[2025-09-29T15:54:03.721+0000] {logging_mixin.py:188} INFO - [2025-09-29T15:54:03.720+0000] {dag.py:3947} INFO - Setting next_dagrun for example_xcom_args_with_operators to None, run_after=None
[2025-09-29T15:54:03.760+0000] {processor.py:183} INFO - Processing /home/airflow/.local/lib/python3.12/site-packages/airflow/example_dags/example_xcomargs.py took 0.509 seconds
[2025-09-29T15:54:34.176+0000] {processor.py:161} INFO - Started process (PID=11141) to work on /home/airflow/.local/lib/python3.12/site-packages/airflow/example_dags/example_xcomargs.py
[2025-09-29T15:54:34.179+0000] {processor.py:830} INFO - Processing file /home/airflow/.local/lib/python3.12/site-packages/airflow/example_dags/example_xcomargs.py for tasks to queue
[2025-09-29T15:54:34.183+0000] {logging_mixin.py:188} INFO - [2025-09-29T15:54:34.182+0000] {dagbag.py:545} INFO - Filling up the DagBag from /home/airflow/.local/lib/python3.12/site-packages/airflow/example_dags/example_xcomargs.py
[2025-09-29T15:54:34.205+0000] {processor.py:840} INFO - DAG(s) 'example_xcom_args', 'example_xcom_args_with_operators' retrieved from /home/airflow/.local/lib/python3.12/site-packages/airflow/example_dags/example_xcomargs.py
[2025-09-29T15:54:34.276+0000] {logging_mixin.py:188} INFO - [2025-09-29T15:54:34.276+0000] {dag.py:3089} INFO - Sync 2 DAGs
[2025-09-29T15:54:34.313+0000] {logging_mixin.py:188} INFO - [2025-09-29T15:54:34.313+0000] {dag.py:3947} INFO - Setting next_dagrun for example_xcom_args to None, run_after=None
[2025-09-29T15:54:34.323+0000] {logging_mixin.py:188} INFO - [2025-09-29T15:54:34.322+0000] {dag.py:3947} INFO - Setting next_dagrun for example_xcom_args_with_operators to None, run_after=None
[2025-09-29T15:54:34.374+0000] {processor.py:183} INFO - Processing /home/airflow/.local/lib/python3.12/site-packages/airflow/example_dags/example_xcomargs.py took 0.213 seconds
[2025-09-29T15:55:04.585+0000] {processor.py:161} INFO - Started process (PID=11402) to work on /home/airflow/.local/lib/python3.12/site-packages/airflow/example_dags/example_xcomargs.py
[2025-09-29T15:55:04.588+0000] {processor.py:830} INFO - Processing file /home/airflow/.local/lib/python3.12/site-packages/airflow/example_dags/example_xcomargs.py for tasks to queue
[2025-09-29T15:55:04.592+0000] {logging_mixin.py:188} INFO - [2025-09-29T15:55:04.591+0000] {dagbag.py:545} INFO - Filling up the DagBag from /home/airflow/.local/lib/python3.12/site-packages/airflow/example_dags/example_xcomargs.py
[2025-09-29T15:55:04.610+0000] {processor.py:840} INFO - DAG(s) 'example_xcom_args_with_operators', 'example_xcom_args' retrieved from /home/airflow/.local/lib/python3.12/site-packages/airflow/example_dags/example_xcomargs.py
[2025-09-29T15:55:04.675+0000] {logging_mixin.py:188} INFO - [2025-09-29T15:55:04.674+0000] {dag.py:3089} INFO - Sync 2 DAGs
[2025-09-29T15:55:04.705+0000] {logging_mixin.py:188} INFO - [2025-09-29T15:55:04.704+0000] {dag.py:3947} INFO - Setting next_dagrun for example_xcom_args to None, run_after=None
[2025-09-29T15:55:04.713+0000] {logging_mixin.py:188} INFO - [2025-09-29T15:55:04.713+0000] {dag.py:3947} INFO - Setting next_dagrun for example_xcom_args_with_operators to None, run_after=None
[2025-09-29T15:55:04.754+0000] {processor.py:183} INFO - Processing /home/airflow/.local/lib/python3.12/site-packages/airflow/example_dags/example_xcomargs.py took 0.184 seconds
[2025-09-29T15:55:35.041+0000] {processor.py:161} INFO - Started process (PID=11661) to work on /home/airflow/.local/lib/python3.12/site-packages/airflow/example_dags/example_xcomargs.py
[2025-09-29T15:55:35.044+0000] {processor.py:830} INFO - Processing file /home/airflow/.local/lib/python3.12/site-packages/airflow/example_dags/example_xcomargs.py for tasks to queue
[2025-09-29T15:55:35.048+0000] {logging_mixin.py:188} INFO - [2025-09-29T15:55:35.047+0000] {dagbag.py:545} INFO - Filling up the DagBag from /home/airflow/.local/lib/python3.12/site-packages/airflow/example_dags/example_xcomargs.py
[2025-09-29T15:55:35.071+0000] {processor.py:840} INFO - DAG(s) 'example_xcom_args_with_operators', 'example_xcom_args' retrieved from /home/airflow/.local/lib/python3.12/site-packages/airflow/example_dags/example_xcomargs.py
[2025-09-29T15:55:35.135+0000] {logging_mixin.py:188} INFO - [2025-09-29T15:55:35.134+0000] {dag.py:3089} INFO - Sync 2 DAGs
[2025-09-29T15:55:35.165+0000] {logging_mixin.py:188} INFO - [2025-09-29T15:55:35.165+0000] {dag.py:3947} INFO - Setting next_dagrun for example_xcom_args to None, run_after=None
[2025-09-29T15:55:35.174+0000] {logging_mixin.py:188} INFO - [2025-09-29T15:55:35.173+0000] {dag.py:3947} INFO - Setting next_dagrun for example_xcom_args_with_operators to None, run_after=None
[2025-09-29T15:55:35.236+0000] {processor.py:183} INFO - Processing /home/airflow/.local/lib/python3.12/site-packages/airflow/example_dags/example_xcomargs.py took 0.210 seconds
[2025-09-29T15:56:05.452+0000] {processor.py:161} INFO - Started process (PID=11921) to work on /home/airflow/.local/lib/python3.12/site-packages/airflow/example_dags/example_xcomargs.py
[2025-09-29T15:56:05.455+0000] {processor.py:830} INFO - Processing file /home/airflow/.local/lib/python3.12/site-packages/airflow/example_dags/example_xcomargs.py for tasks to queue
[2025-09-29T15:56:05.459+0000] {logging_mixin.py:188} INFO - [2025-09-29T15:56:05.458+0000] {dagbag.py:545} INFO - Filling up the DagBag from /home/airflow/.local/lib/python3.12/site-packages/airflow/example_dags/example_xcomargs.py
[2025-09-29T15:56:05.478+0000] {processor.py:840} INFO - DAG(s) 'example_xcom_args_with_operators', 'example_xcom_args' retrieved from /home/airflow/.local/lib/python3.12/site-packages/airflow/example_dags/example_xcomargs.py
[2025-09-29T15:56:05.543+0000] {logging_mixin.py:188} INFO - [2025-09-29T15:56:05.543+0000] {dag.py:3089} INFO - Sync 2 DAGs
[2025-09-29T15:56:05.575+0000] {logging_mixin.py:188} INFO - [2025-09-29T15:56:05.575+0000] {dag.py:3947} INFO - Setting next_dagrun for example_xcom_args to None, run_after=None
[2025-09-29T15:56:05.584+0000] {logging_mixin.py:188} INFO - [2025-09-29T15:56:05.584+0000] {dag.py:3947} INFO - Setting next_dagrun for example_xcom_args_with_operators to None, run_after=None
[2025-09-29T15:56:05.624+0000] {processor.py:183} INFO - Processing /home/airflow/.local/lib/python3.12/site-packages/airflow/example_dags/example_xcomargs.py took 0.188 seconds
[2025-09-29T15:56:36.271+0000] {processor.py:161} INFO - Started process (PID=12183) to work on /home/airflow/.local/lib/python3.12/site-packages/airflow/example_dags/example_xcomargs.py
[2025-09-29T15:56:36.273+0000] {processor.py:830} INFO - Processing file /home/airflow/.local/lib/python3.12/site-packages/airflow/example_dags/example_xcomargs.py for tasks to queue
[2025-09-29T15:56:36.277+0000] {logging_mixin.py:188} INFO - [2025-09-29T15:56:36.277+0000] {dagbag.py:545} INFO - Filling up the DagBag from /home/airflow/.local/lib/python3.12/site-packages/airflow/example_dags/example_xcomargs.py
[2025-09-29T15:56:36.298+0000] {processor.py:840} INFO - DAG(s) 'example_xcom_args_with_operators', 'example_xcom_args' retrieved from /home/airflow/.local/lib/python3.12/site-packages/airflow/example_dags/example_xcomargs.py
[2025-09-29T15:56:36.359+0000] {logging_mixin.py:188} INFO - [2025-09-29T15:56:36.358+0000] {dag.py:3089} INFO - Sync 2 DAGs
[2025-09-29T15:56:36.387+0000] {logging_mixin.py:188} INFO - [2025-09-29T15:56:36.386+0000] {dag.py:3947} INFO - Setting next_dagrun for example_xcom_args to None, run_after=None
[2025-09-29T15:56:36.396+0000] {logging_mixin.py:188} INFO - [2025-09-29T15:56:36.395+0000] {dag.py:3947} INFO - Setting next_dagrun for example_xcom_args_with_operators to None, run_after=None
[2025-09-29T15:56:36.444+0000] {processor.py:183} INFO - Processing /home/airflow/.local/lib/python3.12/site-packages/airflow/example_dags/example_xcomargs.py took 0.187 seconds
[2025-09-29T15:57:07.128+0000] {processor.py:161} INFO - Started process (PID=12440) to work on /home/airflow/.local/lib/python3.12/site-packages/airflow/example_dags/example_xcomargs.py
[2025-09-29T15:57:07.129+0000] {processor.py:830} INFO - Processing file /home/airflow/.local/lib/python3.12/site-packages/airflow/example_dags/example_xcomargs.py for tasks to queue
[2025-09-29T15:57:07.133+0000] {logging_mixin.py:188} INFO - [2025-09-29T15:57:07.133+0000] {dagbag.py:545} INFO - Filling up the DagBag from /home/airflow/.local/lib/python3.12/site-packages/airflow/example_dags/example_xcomargs.py
[2025-09-29T15:57:07.152+0000] {processor.py:840} INFO - DAG(s) 'example_xcom_args', 'example_xcom_args_with_operators' retrieved from /home/airflow/.local/lib/python3.12/site-packages/airflow/example_dags/example_xcomargs.py
[2025-09-29T15:57:07.218+0000] {logging_mixin.py:188} INFO - [2025-09-29T15:57:07.217+0000] {dag.py:3089} INFO - Sync 2 DAGs
[2025-09-29T15:57:07.247+0000] {logging_mixin.py:188} INFO - [2025-09-29T15:57:07.247+0000] {dag.py:3947} INFO - Setting next_dagrun for example_xcom_args to None, run_after=None
[2025-09-29T15:57:07.255+0000] {logging_mixin.py:188} INFO - [2025-09-29T15:57:07.255+0000] {dag.py:3947} INFO - Setting next_dagrun for example_xcom_args_with_operators to None, run_after=None
[2025-09-29T15:57:07.299+0000] {processor.py:183} INFO - Processing /home/airflow/.local/lib/python3.12/site-packages/airflow/example_dags/example_xcomargs.py took 0.185 seconds
[2025-09-29T15:57:37.467+0000] {processor.py:161} INFO - Started process (PID=12702) to work on /home/airflow/.local/lib/python3.12/site-packages/airflow/example_dags/example_xcomargs.py
[2025-09-29T15:57:37.469+0000] {processor.py:830} INFO - Processing file /home/airflow/.local/lib/python3.12/site-packages/airflow/example_dags/example_xcomargs.py for tasks to queue
[2025-09-29T15:57:37.473+0000] {logging_mixin.py:188} INFO - [2025-09-29T15:57:37.472+0000] {dagbag.py:545} INFO - Filling up the DagBag from /home/airflow/.local/lib/python3.12/site-packages/airflow/example_dags/example_xcomargs.py
[2025-09-29T15:57:37.492+0000] {processor.py:840} INFO - DAG(s) 'example_xcom_args', 'example_xcom_args_with_operators' retrieved from /home/airflow/.local/lib/python3.12/site-packages/airflow/example_dags/example_xcomargs.py
[2025-09-29T15:57:37.555+0000] {logging_mixin.py:188} INFO - [2025-09-29T15:57:37.555+0000] {dag.py:3089} INFO - Sync 2 DAGs
[2025-09-29T15:57:37.587+0000] {logging_mixin.py:188} INFO - [2025-09-29T15:57:37.586+0000] {dag.py:3947} INFO - Setting next_dagrun for example_xcom_args to None, run_after=None
[2025-09-29T15:57:37.594+0000] {logging_mixin.py:188} INFO - [2025-09-29T15:57:37.594+0000] {dag.py:3947} INFO - Setting next_dagrun for example_xcom_args_with_operators to None, run_after=None
[2025-09-29T15:57:37.638+0000] {processor.py:183} INFO - Processing /home/airflow/.local/lib/python3.12/site-packages/airflow/example_dags/example_xcomargs.py took 0.186 seconds
[2025-09-29T15:58:08.139+0000] {processor.py:161} INFO - Started process (PID=12964) to work on /home/airflow/.local/lib/python3.12/site-packages/airflow/example_dags/example_xcomargs.py
[2025-09-29T15:58:08.142+0000] {processor.py:830} INFO - Processing file /home/airflow/.local/lib/python3.12/site-packages/airflow/example_dags/example_xcomargs.py for tasks to queue
[2025-09-29T15:58:08.146+0000] {logging_mixin.py:188} INFO - [2025-09-29T15:58:08.145+0000] {dagbag.py:545} INFO - Filling up the DagBag from /home/airflow/.local/lib/python3.12/site-packages/airflow/example_dags/example_xcomargs.py
[2025-09-29T15:58:08.165+0000] {processor.py:840} INFO - DAG(s) 'example_xcom_args_with_operators', 'example_xcom_args' retrieved from /home/airflow/.local/lib/python3.12/site-packages/airflow/example_dags/example_xcomargs.py
[2025-09-29T15:58:08.228+0000] {logging_mixin.py:188} INFO - [2025-09-29T15:58:08.227+0000] {dag.py:3089} INFO - Sync 2 DAGs
[2025-09-29T15:58:08.257+0000] {logging_mixin.py:188} INFO - [2025-09-29T15:58:08.257+0000] {dag.py:3947} INFO - Setting next_dagrun for example_xcom_args to None, run_after=None
[2025-09-29T15:58:08.265+0000] {logging_mixin.py:188} INFO - [2025-09-29T15:58:08.265+0000] {dag.py:3947} INFO - Setting next_dagrun for example_xcom_args_with_operators to None, run_after=None
[2025-09-29T15:58:08.308+0000] {processor.py:183} INFO - Processing /home/airflow/.local/lib/python3.12/site-packages/airflow/example_dags/example_xcomargs.py took 0.182 seconds
[2025-09-29T15:58:38.480+0000] {processor.py:161} INFO - Started process (PID=13226) to work on /home/airflow/.local/lib/python3.12/site-packages/airflow/example_dags/example_xcomargs.py
[2025-09-29T15:58:38.483+0000] {processor.py:830} INFO - Processing file /home/airflow/.local/lib/python3.12/site-packages/airflow/example_dags/example_xcomargs.py for tasks to queue
[2025-09-29T15:58:38.487+0000] {logging_mixin.py:188} INFO - [2025-09-29T15:58:38.486+0000] {dagbag.py:545} INFO - Filling up the DagBag from /home/airflow/.local/lib/python3.12/site-packages/airflow/example_dags/example_xcomargs.py
[2025-09-29T15:58:38.506+0000] {processor.py:840} INFO - DAG(s) 'example_xcom_args_with_operators', 'example_xcom_args' retrieved from /home/airflow/.local/lib/python3.12/site-packages/airflow/example_dags/example_xcomargs.py
[2025-09-29T15:58:38.569+0000] {logging_mixin.py:188} INFO - [2025-09-29T15:58:38.568+0000] {dag.py:3089} INFO - Sync 2 DAGs
[2025-09-29T15:58:38.597+0000] {logging_mixin.py:188} INFO - [2025-09-29T15:58:38.596+0000] {dag.py:3947} INFO - Setting next_dagrun for example_xcom_args to None, run_after=None
[2025-09-29T15:58:38.605+0000] {logging_mixin.py:188} INFO - [2025-09-29T15:58:38.604+0000] {dag.py:3947} INFO - Setting next_dagrun for example_xcom_args_with_operators to None, run_after=None
[2025-09-29T15:58:38.649+0000] {processor.py:183} INFO - Processing /home/airflow/.local/lib/python3.12/site-packages/airflow/example_dags/example_xcomargs.py took 0.184 seconds
[2025-09-29T15:59:08.891+0000] {processor.py:161} INFO - Started process (PID=13488) to work on /home/airflow/.local/lib/python3.12/site-packages/airflow/example_dags/example_xcomargs.py
[2025-09-29T15:59:08.895+0000] {processor.py:830} INFO - Processing file /home/airflow/.local/lib/python3.12/site-packages/airflow/example_dags/example_xcomargs.py for tasks to queue
[2025-09-29T15:59:08.899+0000] {logging_mixin.py:188} INFO - [2025-09-29T15:59:08.898+0000] {dagbag.py:545} INFO - Filling up the DagBag from /home/airflow/.local/lib/python3.12/site-packages/airflow/example_dags/example_xcomargs.py
[2025-09-29T15:59:08.918+0000] {processor.py:840} INFO - DAG(s) 'example_xcom_args', 'example_xcom_args_with_operators' retrieved from /home/airflow/.local/lib/python3.12/site-packages/airflow/example_dags/example_xcomargs.py
[2025-09-29T15:59:08.977+0000] {logging_mixin.py:188} INFO - [2025-09-29T15:59:08.976+0000] {dag.py:3089} INFO - Sync 2 DAGs
[2025-09-29T15:59:09.007+0000] {logging_mixin.py:188} INFO - [2025-09-29T15:59:09.006+0000] {dag.py:3947} INFO - Setting next_dagrun for example_xcom_args to None, run_after=None
[2025-09-29T15:59:09.015+0000] {logging_mixin.py:188} INFO - [2025-09-29T15:59:09.015+0000] {dag.py:3947} INFO - Setting next_dagrun for example_xcom_args_with_operators to None, run_after=None
[2025-09-29T15:59:09.060+0000] {processor.py:183} INFO - Processing /home/airflow/.local/lib/python3.12/site-packages/airflow/example_dags/example_xcomargs.py took 0.183 seconds
[2025-09-29T15:59:39.716+0000] {processor.py:161} INFO - Started process (PID=13755) to work on /home/airflow/.local/lib/python3.12/site-packages/airflow/example_dags/example_xcomargs.py
[2025-09-29T15:59:39.718+0000] {processor.py:830} INFO - Processing file /home/airflow/.local/lib/python3.12/site-packages/airflow/example_dags/example_xcomargs.py for tasks to queue
[2025-09-29T15:59:39.722+0000] {logging_mixin.py:188} INFO - [2025-09-29T15:59:39.721+0000] {dagbag.py:545} INFO - Filling up the DagBag from /home/airflow/.local/lib/python3.12/site-packages/airflow/example_dags/example_xcomargs.py
[2025-09-29T15:59:39.743+0000] {processor.py:840} INFO - DAG(s) 'example_xcom_args', 'example_xcom_args_with_operators' retrieved from /home/airflow/.local/lib/python3.12/site-packages/airflow/example_dags/example_xcomargs.py
[2025-09-29T15:59:39.804+0000] {logging_mixin.py:188} INFO - [2025-09-29T15:59:39.804+0000] {dag.py:3089} INFO - Sync 2 DAGs
[2025-09-29T15:59:39.833+0000] {logging_mixin.py:188} INFO - [2025-09-29T15:59:39.832+0000] {dag.py:3947} INFO - Setting next_dagrun for example_xcom_args to None, run_after=None
[2025-09-29T15:59:39.840+0000] {logging_mixin.py:188} INFO - [2025-09-29T15:59:39.840+0000] {dag.py:3947} INFO - Setting next_dagrun for example_xcom_args_with_operators to None, run_after=None
[2025-09-29T15:59:39.883+0000] {processor.py:183} INFO - Processing /home/airflow/.local/lib/python3.12/site-packages/airflow/example_dags/example_xcomargs.py took 0.182 seconds
[2025-09-29T16:00:10.050+0000] {processor.py:161} INFO - Started process (PID=14017) to work on /home/airflow/.local/lib/python3.12/site-packages/airflow/example_dags/example_xcomargs.py
[2025-09-29T16:00:10.053+0000] {processor.py:830} INFO - Processing file /home/airflow/.local/lib/python3.12/site-packages/airflow/example_dags/example_xcomargs.py for tasks to queue
[2025-09-29T16:00:10.063+0000] {logging_mixin.py:188} INFO - [2025-09-29T16:00:10.059+0000] {dagbag.py:545} INFO - Filling up the DagBag from /home/airflow/.local/lib/python3.12/site-packages/airflow/example_dags/example_xcomargs.py
[2025-09-29T16:00:10.087+0000] {processor.py:840} INFO - DAG(s) 'example_xcom_args', 'example_xcom_args_with_operators' retrieved from /home/airflow/.local/lib/python3.12/site-packages/airflow/example_dags/example_xcomargs.py
[2025-09-29T16:00:10.158+0000] {logging_mixin.py:188} INFO - [2025-09-29T16:00:10.157+0000] {dag.py:3089} INFO - Sync 2 DAGs
[2025-09-29T16:00:10.191+0000] {logging_mixin.py:188} INFO - [2025-09-29T16:00:10.191+0000] {dag.py:3947} INFO - Setting next_dagrun for example_xcom_args to None, run_after=None
[2025-09-29T16:00:10.201+0000] {logging_mixin.py:188} INFO - [2025-09-29T16:00:10.200+0000] {dag.py:3947} INFO - Setting next_dagrun for example_xcom_args_with_operators to None, run_after=None
[2025-09-29T16:00:10.256+0000] {processor.py:183} INFO - Processing /home/airflow/.local/lib/python3.12/site-packages/airflow/example_dags/example_xcomargs.py took 0.225 seconds
[2025-09-29T16:00:40.577+0000] {processor.py:161} INFO - Started process (PID=14279) to work on /home/airflow/.local/lib/python3.12/site-packages/airflow/example_dags/example_xcomargs.py
[2025-09-29T16:00:40.580+0000] {processor.py:830} INFO - Processing file /home/airflow/.local/lib/python3.12/site-packages/airflow/example_dags/example_xcomargs.py for tasks to queue
[2025-09-29T16:00:40.584+0000] {logging_mixin.py:188} INFO - [2025-09-29T16:00:40.583+0000] {dagbag.py:545} INFO - Filling up the DagBag from /home/airflow/.local/lib/python3.12/site-packages/airflow/example_dags/example_xcomargs.py
[2025-09-29T16:00:40.604+0000] {processor.py:840} INFO - DAG(s) 'example_xcom_args_with_operators', 'example_xcom_args' retrieved from /home/airflow/.local/lib/python3.12/site-packages/airflow/example_dags/example_xcomargs.py
[2025-09-29T16:00:40.683+0000] {logging_mixin.py:188} INFO - [2025-09-29T16:00:40.682+0000] {dag.py:3089} INFO - Sync 2 DAGs
[2025-09-29T16:00:40.718+0000] {logging_mixin.py:188} INFO - [2025-09-29T16:00:40.718+0000] {dag.py:3947} INFO - Setting next_dagrun for example_xcom_args to None, run_after=None
[2025-09-29T16:00:40.729+0000] {logging_mixin.py:188} INFO - [2025-09-29T16:00:40.728+0000] {dag.py:3947} INFO - Setting next_dagrun for example_xcom_args_with_operators to None, run_after=None
[2025-09-29T16:00:40.777+0000] {processor.py:183} INFO - Processing /home/airflow/.local/lib/python3.12/site-packages/airflow/example_dags/example_xcomargs.py took 0.215 seconds
[2025-09-29T16:01:11.340+0000] {processor.py:161} INFO - Started process (PID=14543) to work on /home/airflow/.local/lib/python3.12/site-packages/airflow/example_dags/example_xcomargs.py
[2025-09-29T16:01:11.342+0000] {processor.py:830} INFO - Processing file /home/airflow/.local/lib/python3.12/site-packages/airflow/example_dags/example_xcomargs.py for tasks to queue
[2025-09-29T16:01:11.346+0000] {logging_mixin.py:188} INFO - [2025-09-29T16:01:11.346+0000] {dagbag.py:545} INFO - Filling up the DagBag from /home/airflow/.local/lib/python3.12/site-packages/airflow/example_dags/example_xcomargs.py
[2025-09-29T16:01:11.364+0000] {processor.py:840} INFO - DAG(s) 'example_xcom_args', 'example_xcom_args_with_operators' retrieved from /home/airflow/.local/lib/python3.12/site-packages/airflow/example_dags/example_xcomargs.py
[2025-09-29T16:01:11.423+0000] {logging_mixin.py:188} INFO - [2025-09-29T16:01:11.422+0000] {dag.py:3089} INFO - Sync 2 DAGs
[2025-09-29T16:01:11.451+0000] {logging_mixin.py:188} INFO - [2025-09-29T16:01:11.450+0000] {dag.py:3947} INFO - Setting next_dagrun for example_xcom_args to None, run_after=None
[2025-09-29T16:01:11.458+0000] {logging_mixin.py:188} INFO - [2025-09-29T16:01:11.457+0000] {dag.py:3947} INFO - Setting next_dagrun for example_xcom_args_with_operators to None, run_after=None
[2025-09-29T16:01:11.497+0000] {processor.py:183} INFO - Processing /home/airflow/.local/lib/python3.12/site-packages/airflow/example_dags/example_xcomargs.py took 0.171 seconds
[2025-09-29T16:01:42.068+0000] {processor.py:161} INFO - Started process (PID=14792) to work on /home/airflow/.local/lib/python3.12/site-packages/airflow/example_dags/example_xcomargs.py
[2025-09-29T16:01:42.071+0000] {processor.py:830} INFO - Processing file /home/airflow/.local/lib/python3.12/site-packages/airflow/example_dags/example_xcomargs.py for tasks to queue
[2025-09-29T16:01:42.075+0000] {logging_mixin.py:188} INFO - [2025-09-29T16:01:42.074+0000] {dagbag.py:545} INFO - Filling up the DagBag from /home/airflow/.local/lib/python3.12/site-packages/airflow/example_dags/example_xcomargs.py
[2025-09-29T16:01:42.095+0000] {processor.py:840} INFO - DAG(s) 'example_xcom_args', 'example_xcom_args_with_operators' retrieved from /home/airflow/.local/lib/python3.12/site-packages/airflow/example_dags/example_xcomargs.py
[2025-09-29T16:01:42.159+0000] {logging_mixin.py:188} INFO - [2025-09-29T16:01:42.159+0000] {dag.py:3089} INFO - Sync 2 DAGs
[2025-09-29T16:01:42.189+0000] {logging_mixin.py:188} INFO - [2025-09-29T16:01:42.188+0000] {dag.py:3947} INFO - Setting next_dagrun for example_xcom_args to None, run_after=None
[2025-09-29T16:01:42.197+0000] {logging_mixin.py:188} INFO - [2025-09-29T16:01:42.196+0000] {dag.py:3947} INFO - Setting next_dagrun for example_xcom_args_with_operators to None, run_after=None
[2025-09-29T16:01:42.244+0000] {processor.py:183} INFO - Processing /home/airflow/.local/lib/python3.12/site-packages/airflow/example_dags/example_xcomargs.py took 0.192 seconds
[2025-09-29T16:02:12.789+0000] {processor.py:161} INFO - Started process (PID=15054) to work on /home/airflow/.local/lib/python3.12/site-packages/airflow/example_dags/example_xcomargs.py
[2025-09-29T16:02:12.792+0000] {processor.py:830} INFO - Processing file /home/airflow/.local/lib/python3.12/site-packages/airflow/example_dags/example_xcomargs.py for tasks to queue
[2025-09-29T16:02:12.797+0000] {logging_mixin.py:188} INFO - [2025-09-29T16:02:12.796+0000] {dagbag.py:545} INFO - Filling up the DagBag from /home/airflow/.local/lib/python3.12/site-packages/airflow/example_dags/example_xcomargs.py
[2025-09-29T16:02:12.821+0000] {processor.py:840} INFO - DAG(s) 'example_xcom_args_with_operators', 'example_xcom_args' retrieved from /home/airflow/.local/lib/python3.12/site-packages/airflow/example_dags/example_xcomargs.py
[2025-09-29T16:02:12.894+0000] {logging_mixin.py:188} INFO - [2025-09-29T16:02:12.893+0000] {dag.py:3089} INFO - Sync 2 DAGs
[2025-09-29T16:02:12.935+0000] {logging_mixin.py:188} INFO - [2025-09-29T16:02:12.935+0000] {dag.py:3947} INFO - Setting next_dagrun for example_xcom_args to None, run_after=None
[2025-09-29T16:02:12.948+0000] {logging_mixin.py:188} INFO - [2025-09-29T16:02:12.947+0000] {dag.py:3947} INFO - Setting next_dagrun for example_xcom_args_with_operators to None, run_after=None
[2025-09-29T16:02:12.997+0000] {processor.py:183} INFO - Processing /home/airflow/.local/lib/python3.12/site-packages/airflow/example_dags/example_xcomargs.py took 0.231 seconds
[2025-09-29T16:02:43.898+0000] {processor.py:161} INFO - Started process (PID=15318) to work on /home/airflow/.local/lib/python3.12/site-packages/airflow/example_dags/example_xcomargs.py
[2025-09-29T16:02:43.901+0000] {processor.py:830} INFO - Processing file /home/airflow/.local/lib/python3.12/site-packages/airflow/example_dags/example_xcomargs.py for tasks to queue
[2025-09-29T16:02:43.905+0000] {logging_mixin.py:188} INFO - [2025-09-29T16:02:43.905+0000] {dagbag.py:545} INFO - Filling up the DagBag from /home/airflow/.local/lib/python3.12/site-packages/airflow/example_dags/example_xcomargs.py
[2025-09-29T16:02:43.925+0000] {processor.py:840} INFO - DAG(s) 'example_xcom_args', 'example_xcom_args_with_operators' retrieved from /home/airflow/.local/lib/python3.12/site-packages/airflow/example_dags/example_xcomargs.py
[2025-09-29T16:02:43.992+0000] {logging_mixin.py:188} INFO - [2025-09-29T16:02:43.991+0000] {dag.py:3089} INFO - Sync 2 DAGs
[2025-09-29T16:02:44.022+0000] {logging_mixin.py:188} INFO - [2025-09-29T16:02:44.022+0000] {dag.py:3947} INFO - Setting next_dagrun for example_xcom_args to None, run_after=None
[2025-09-29T16:02:44.031+0000] {logging_mixin.py:188} INFO - [2025-09-29T16:02:44.030+0000] {dag.py:3947} INFO - Setting next_dagrun for example_xcom_args_with_operators to None, run_after=None
[2025-09-29T16:02:44.080+0000] {processor.py:183} INFO - Processing /home/airflow/.local/lib/python3.12/site-packages/airflow/example_dags/example_xcomargs.py took 0.197 seconds
[2025-09-29T16:03:14.181+0000] {processor.py:161} INFO - Started process (PID=15580) to work on /home/airflow/.local/lib/python3.12/site-packages/airflow/example_dags/example_xcomargs.py
[2025-09-29T16:03:14.183+0000] {processor.py:830} INFO - Processing file /home/airflow/.local/lib/python3.12/site-packages/airflow/example_dags/example_xcomargs.py for tasks to queue
[2025-09-29T16:03:14.187+0000] {logging_mixin.py:188} INFO - [2025-09-29T16:03:14.186+0000] {dagbag.py:545} INFO - Filling up the DagBag from /home/airflow/.local/lib/python3.12/site-packages/airflow/example_dags/example_xcomargs.py
[2025-09-29T16:03:14.217+0000] {processor.py:840} INFO - DAG(s) 'example_xcom_args', 'example_xcom_args_with_operators' retrieved from /home/airflow/.local/lib/python3.12/site-packages/airflow/example_dags/example_xcomargs.py
[2025-09-29T16:03:14.283+0000] {logging_mixin.py:188} INFO - [2025-09-29T16:03:14.283+0000] {dag.py:3089} INFO - Sync 2 DAGs
[2025-09-29T16:03:14.313+0000] {logging_mixin.py:188} INFO - [2025-09-29T16:03:14.313+0000] {dag.py:3947} INFO - Setting next_dagrun for example_xcom_args to None, run_after=None
[2025-09-29T16:03:14.322+0000] {logging_mixin.py:188} INFO - [2025-09-29T16:03:14.321+0000] {dag.py:3947} INFO - Setting next_dagrun for example_xcom_args_with_operators to None, run_after=None
[2025-09-29T16:03:14.366+0000] {processor.py:183} INFO - Processing /home/airflow/.local/lib/python3.12/site-packages/airflow/example_dags/example_xcomargs.py took 0.200 seconds
[2025-09-29T16:03:44.988+0000] {processor.py:161} INFO - Started process (PID=15842) to work on /home/airflow/.local/lib/python3.12/site-packages/airflow/example_dags/example_xcomargs.py
[2025-09-29T16:03:44.992+0000] {processor.py:830} INFO - Processing file /home/airflow/.local/lib/python3.12/site-packages/airflow/example_dags/example_xcomargs.py for tasks to queue
[2025-09-29T16:03:44.997+0000] {logging_mixin.py:188} INFO - [2025-09-29T16:03:44.996+0000] {dagbag.py:545} INFO - Filling up the DagBag from /home/airflow/.local/lib/python3.12/site-packages/airflow/example_dags/example_xcomargs.py
[2025-09-29T16:03:45.020+0000] {processor.py:840} INFO - DAG(s) 'example_xcom_args_with_operators', 'example_xcom_args' retrieved from /home/airflow/.local/lib/python3.12/site-packages/airflow/example_dags/example_xcomargs.py
[2025-09-29T16:03:45.091+0000] {logging_mixin.py:188} INFO - [2025-09-29T16:03:45.091+0000] {dag.py:3089} INFO - Sync 2 DAGs
[2025-09-29T16:03:45.125+0000] {logging_mixin.py:188} INFO - [2025-09-29T16:03:45.124+0000] {dag.py:3947} INFO - Setting next_dagrun for example_xcom_args to None, run_after=None
[2025-09-29T16:03:45.134+0000] {logging_mixin.py:188} INFO - [2025-09-29T16:03:45.134+0000] {dag.py:3947} INFO - Setting next_dagrun for example_xcom_args_with_operators to None, run_after=None
[2025-09-29T16:03:45.186+0000] {processor.py:183} INFO - Processing /home/airflow/.local/lib/python3.12/site-packages/airflow/example_dags/example_xcomargs.py took 0.215 seconds
[2025-09-29T16:04:15.311+0000] {processor.py:161} INFO - Started process (PID=16104) to work on /home/airflow/.local/lib/python3.12/site-packages/airflow/example_dags/example_xcomargs.py
[2025-09-29T16:04:15.313+0000] {processor.py:830} INFO - Processing file /home/airflow/.local/lib/python3.12/site-packages/airflow/example_dags/example_xcomargs.py for tasks to queue
[2025-09-29T16:04:15.317+0000] {logging_mixin.py:188} INFO - [2025-09-29T16:04:15.316+0000] {dagbag.py:545} INFO - Filling up the DagBag from /home/airflow/.local/lib/python3.12/site-packages/airflow/example_dags/example_xcomargs.py
[2025-09-29T16:04:15.336+0000] {processor.py:840} INFO - DAG(s) 'example_xcom_args', 'example_xcom_args_with_operators' retrieved from /home/airflow/.local/lib/python3.12/site-packages/airflow/example_dags/example_xcomargs.py
[2025-09-29T16:04:15.398+0000] {logging_mixin.py:188} INFO - [2025-09-29T16:04:15.398+0000] {dag.py:3089} INFO - Sync 2 DAGs
[2025-09-29T16:04:15.428+0000] {logging_mixin.py:188} INFO - [2025-09-29T16:04:15.428+0000] {dag.py:3947} INFO - Setting next_dagrun for example_xcom_args to None, run_after=None
[2025-09-29T16:04:15.436+0000] {logging_mixin.py:188} INFO - [2025-09-29T16:04:15.435+0000] {dag.py:3947} INFO - Setting next_dagrun for example_xcom_args_with_operators to None, run_after=None
[2025-09-29T16:04:15.478+0000] {processor.py:183} INFO - Processing /home/airflow/.local/lib/python3.12/site-packages/airflow/example_dags/example_xcomargs.py took 0.182 seconds
[2025-09-29T16:04:46.029+0000] {processor.py:161} INFO - Started process (PID=16366) to work on /home/airflow/.local/lib/python3.12/site-packages/airflow/example_dags/example_xcomargs.py
[2025-09-29T16:04:46.032+0000] {processor.py:830} INFO - Processing file /home/airflow/.local/lib/python3.12/site-packages/airflow/example_dags/example_xcomargs.py for tasks to queue
[2025-09-29T16:04:46.036+0000] {logging_mixin.py:188} INFO - [2025-09-29T16:04:46.036+0000] {dagbag.py:545} INFO - Filling up the DagBag from /home/airflow/.local/lib/python3.12/site-packages/airflow/example_dags/example_xcomargs.py
[2025-09-29T16:04:46.055+0000] {processor.py:840} INFO - DAG(s) 'example_xcom_args_with_operators', 'example_xcom_args' retrieved from /home/airflow/.local/lib/python3.12/site-packages/airflow/example_dags/example_xcomargs.py
[2025-09-29T16:04:46.118+0000] {logging_mixin.py:188} INFO - [2025-09-29T16:04:46.118+0000] {dag.py:3089} INFO - Sync 2 DAGs
[2025-09-29T16:04:46.147+0000] {logging_mixin.py:188} INFO - [2025-09-29T16:04:46.146+0000] {dag.py:3947} INFO - Setting next_dagrun for example_xcom_args to None, run_after=None
[2025-09-29T16:04:46.154+0000] {logging_mixin.py:188} INFO - [2025-09-29T16:04:46.154+0000] {dag.py:3947} INFO - Setting next_dagrun for example_xcom_args_with_operators to None, run_after=None
[2025-09-29T16:04:46.196+0000] {processor.py:183} INFO - Processing /home/airflow/.local/lib/python3.12/site-packages/airflow/example_dags/example_xcomargs.py took 0.183 seconds
[2025-09-29T16:05:16.627+0000] {processor.py:161} INFO - Started process (PID=16628) to work on /home/airflow/.local/lib/python3.12/site-packages/airflow/example_dags/example_xcomargs.py
[2025-09-29T16:05:16.630+0000] {processor.py:830} INFO - Processing file /home/airflow/.local/lib/python3.12/site-packages/airflow/example_dags/example_xcomargs.py for tasks to queue
[2025-09-29T16:05:16.634+0000] {logging_mixin.py:188} INFO - [2025-09-29T16:05:16.633+0000] {dagbag.py:545} INFO - Filling up the DagBag from /home/airflow/.local/lib/python3.12/site-packages/airflow/example_dags/example_xcomargs.py
[2025-09-29T16:05:16.653+0000] {processor.py:840} INFO - DAG(s) 'example_xcom_args', 'example_xcom_args_with_operators' retrieved from /home/airflow/.local/lib/python3.12/site-packages/airflow/example_dags/example_xcomargs.py
[2025-09-29T16:05:16.720+0000] {logging_mixin.py:188} INFO - [2025-09-29T16:05:16.720+0000] {dag.py:3089} INFO - Sync 2 DAGs
[2025-09-29T16:05:16.751+0000] {logging_mixin.py:188} INFO - [2025-09-29T16:05:16.751+0000] {dag.py:3947} INFO - Setting next_dagrun for example_xcom_args to None, run_after=None
[2025-09-29T16:05:16.759+0000] {logging_mixin.py:188} INFO - [2025-09-29T16:05:16.759+0000] {dag.py:3947} INFO - Setting next_dagrun for example_xcom_args_with_operators to None, run_after=None
[2025-09-29T16:05:16.801+0000] {processor.py:183} INFO - Processing /home/airflow/.local/lib/python3.12/site-packages/airflow/example_dags/example_xcomargs.py took 0.188 seconds
[2025-09-29T16:05:47.110+0000] {processor.py:161} INFO - Started process (PID=16890) to work on /home/airflow/.local/lib/python3.12/site-packages/airflow/example_dags/example_xcomargs.py
[2025-09-29T16:05:47.112+0000] {processor.py:830} INFO - Processing file /home/airflow/.local/lib/python3.12/site-packages/airflow/example_dags/example_xcomargs.py for tasks to queue
[2025-09-29T16:05:47.116+0000] {logging_mixin.py:188} INFO - [2025-09-29T16:05:47.116+0000] {dagbag.py:545} INFO - Filling up the DagBag from /home/airflow/.local/lib/python3.12/site-packages/airflow/example_dags/example_xcomargs.py
[2025-09-29T16:05:47.135+0000] {processor.py:840} INFO - DAG(s) 'example_xcom_args_with_operators', 'example_xcom_args' retrieved from /home/airflow/.local/lib/python3.12/site-packages/airflow/example_dags/example_xcomargs.py
[2025-09-29T16:05:47.199+0000] {logging_mixin.py:188} INFO - [2025-09-29T16:05:47.198+0000] {dag.py:3089} INFO - Sync 2 DAGs
[2025-09-29T16:05:47.229+0000] {logging_mixin.py:188} INFO - [2025-09-29T16:05:47.228+0000] {dag.py:3947} INFO - Setting next_dagrun for example_xcom_args to None, run_after=None
[2025-09-29T16:05:47.237+0000] {logging_mixin.py:188} INFO - [2025-09-29T16:05:47.237+0000] {dag.py:3947} INFO - Setting next_dagrun for example_xcom_args_with_operators to None, run_after=None
[2025-09-29T16:05:47.282+0000] {processor.py:183} INFO - Processing /home/airflow/.local/lib/python3.12/site-packages/airflow/example_dags/example_xcomargs.py took 0.187 seconds
[2025-09-29T16:06:18.370+0000] {processor.py:161} INFO - Started process (PID=17152) to work on /home/airflow/.local/lib/python3.12/site-packages/airflow/example_dags/example_xcomargs.py
[2025-09-29T16:06:18.373+0000] {processor.py:830} INFO - Processing file /home/airflow/.local/lib/python3.12/site-packages/airflow/example_dags/example_xcomargs.py for tasks to queue
[2025-09-29T16:06:18.377+0000] {logging_mixin.py:188} INFO - [2025-09-29T16:06:18.377+0000] {dagbag.py:545} INFO - Filling up the DagBag from /home/airflow/.local/lib/python3.12/site-packages/airflow/example_dags/example_xcomargs.py
[2025-09-29T16:06:18.397+0000] {processor.py:840} INFO - DAG(s) 'example_xcom_args', 'example_xcom_args_with_operators' retrieved from /home/airflow/.local/lib/python3.12/site-packages/airflow/example_dags/example_xcomargs.py
[2025-09-29T16:06:18.461+0000] {logging_mixin.py:188} INFO - [2025-09-29T16:06:18.460+0000] {dag.py:3089} INFO - Sync 2 DAGs
[2025-09-29T16:06:18.489+0000] {logging_mixin.py:188} INFO - [2025-09-29T16:06:18.489+0000] {dag.py:3947} INFO - Setting next_dagrun for example_xcom_args to None, run_after=None
[2025-09-29T16:06:18.498+0000] {logging_mixin.py:188} INFO - [2025-09-29T16:06:18.497+0000] {dag.py:3947} INFO - Setting next_dagrun for example_xcom_args_with_operators to None, run_after=None
[2025-09-29T16:06:18.540+0000] {processor.py:183} INFO - Processing /home/airflow/.local/lib/python3.12/site-packages/airflow/example_dags/example_xcomargs.py took 0.184 seconds
[2025-09-29T16:06:49.119+0000] {processor.py:161} INFO - Started process (PID=17414) to work on /home/airflow/.local/lib/python3.12/site-packages/airflow/example_dags/example_xcomargs.py
[2025-09-29T16:06:49.121+0000] {processor.py:830} INFO - Processing file /home/airflow/.local/lib/python3.12/site-packages/airflow/example_dags/example_xcomargs.py for tasks to queue
[2025-09-29T16:06:49.125+0000] {logging_mixin.py:188} INFO - [2025-09-29T16:06:49.124+0000] {dagbag.py:545} INFO - Filling up the DagBag from /home/airflow/.local/lib/python3.12/site-packages/airflow/example_dags/example_xcomargs.py
[2025-09-29T16:06:49.145+0000] {processor.py:840} INFO - DAG(s) 'example_xcom_args_with_operators', 'example_xcom_args' retrieved from /home/airflow/.local/lib/python3.12/site-packages/airflow/example_dags/example_xcomargs.py
[2025-09-29T16:06:49.209+0000] {logging_mixin.py:188} INFO - [2025-09-29T16:06:49.209+0000] {dag.py:3089} INFO - Sync 2 DAGs
[2025-09-29T16:06:49.239+0000] {logging_mixin.py:188} INFO - [2025-09-29T16:06:49.239+0000] {dag.py:3947} INFO - Setting next_dagrun for example_xcom_args to None, run_after=None
[2025-09-29T16:06:49.247+0000] {logging_mixin.py:188} INFO - [2025-09-29T16:06:49.247+0000] {dag.py:3947} INFO - Setting next_dagrun for example_xcom_args_with_operators to None, run_after=None
[2025-09-29T16:06:49.292+0000] {processor.py:183} INFO - Processing /home/airflow/.local/lib/python3.12/site-packages/airflow/example_dags/example_xcomargs.py took 0.188 seconds
[2025-09-29T16:07:19.694+0000] {processor.py:161} INFO - Started process (PID=17676) to work on /home/airflow/.local/lib/python3.12/site-packages/airflow/example_dags/example_xcomargs.py
[2025-09-29T16:07:19.697+0000] {processor.py:830} INFO - Processing file /home/airflow/.local/lib/python3.12/site-packages/airflow/example_dags/example_xcomargs.py for tasks to queue
[2025-09-29T16:07:19.701+0000] {logging_mixin.py:188} INFO - [2025-09-29T16:07:19.701+0000] {dagbag.py:545} INFO - Filling up the DagBag from /home/airflow/.local/lib/python3.12/site-packages/airflow/example_dags/example_xcomargs.py
[2025-09-29T16:07:19.720+0000] {processor.py:840} INFO - DAG(s) 'example_xcom_args', 'example_xcom_args_with_operators' retrieved from /home/airflow/.local/lib/python3.12/site-packages/airflow/example_dags/example_xcomargs.py
[2025-09-29T16:07:19.784+0000] {logging_mixin.py:188} INFO - [2025-09-29T16:07:19.783+0000] {dag.py:3089} INFO - Sync 2 DAGs
[2025-09-29T16:07:19.814+0000] {logging_mixin.py:188} INFO - [2025-09-29T16:07:19.813+0000] {dag.py:3947} INFO - Setting next_dagrun for example_xcom_args to None, run_after=None
[2025-09-29T16:07:19.821+0000] {logging_mixin.py:188} INFO - [2025-09-29T16:07:19.821+0000] {dag.py:3947} INFO - Setting next_dagrun for example_xcom_args_with_operators to None, run_after=None
[2025-09-29T16:07:19.861+0000] {processor.py:183} INFO - Processing /home/airflow/.local/lib/python3.12/site-packages/airflow/example_dags/example_xcomargs.py took 0.181 seconds
[2025-09-29T16:07:50.097+0000] {processor.py:161} INFO - Started process (PID=17938) to work on /home/airflow/.local/lib/python3.12/site-packages/airflow/example_dags/example_xcomargs.py
[2025-09-29T16:07:50.100+0000] {processor.py:830} INFO - Processing file /home/airflow/.local/lib/python3.12/site-packages/airflow/example_dags/example_xcomargs.py for tasks to queue
[2025-09-29T16:07:50.104+0000] {logging_mixin.py:188} INFO - [2025-09-29T16:07:50.103+0000] {dagbag.py:545} INFO - Filling up the DagBag from /home/airflow/.local/lib/python3.12/site-packages/airflow/example_dags/example_xcomargs.py
[2025-09-29T16:07:50.124+0000] {processor.py:840} INFO - DAG(s) 'example_xcom_args', 'example_xcom_args_with_operators' retrieved from /home/airflow/.local/lib/python3.12/site-packages/airflow/example_dags/example_xcomargs.py
[2025-09-29T16:07:50.191+0000] {logging_mixin.py:188} INFO - [2025-09-29T16:07:50.191+0000] {dag.py:3089} INFO - Sync 2 DAGs
[2025-09-29T16:07:50.227+0000] {logging_mixin.py:188} INFO - [2025-09-29T16:07:50.227+0000] {dag.py:3947} INFO - Setting next_dagrun for example_xcom_args to None, run_after=None
[2025-09-29T16:07:50.235+0000] {logging_mixin.py:188} INFO - [2025-09-29T16:07:50.235+0000] {dag.py:3947} INFO - Setting next_dagrun for example_xcom_args_with_operators to None, run_after=None
[2025-09-29T16:07:50.281+0000] {processor.py:183} INFO - Processing /home/airflow/.local/lib/python3.12/site-packages/airflow/example_dags/example_xcomargs.py took 0.200 seconds
[2025-09-29T16:08:20.441+0000] {processor.py:161} INFO - Started process (PID=18200) to work on /home/airflow/.local/lib/python3.12/site-packages/airflow/example_dags/example_xcomargs.py
[2025-09-29T16:08:20.444+0000] {processor.py:830} INFO - Processing file /home/airflow/.local/lib/python3.12/site-packages/airflow/example_dags/example_xcomargs.py for tasks to queue
[2025-09-29T16:08:20.448+0000] {logging_mixin.py:188} INFO - [2025-09-29T16:08:20.448+0000] {dagbag.py:545} INFO - Filling up the DagBag from /home/airflow/.local/lib/python3.12/site-packages/airflow/example_dags/example_xcomargs.py
[2025-09-29T16:08:20.468+0000] {processor.py:840} INFO - DAG(s) 'example_xcom_args', 'example_xcom_args_with_operators' retrieved from /home/airflow/.local/lib/python3.12/site-packages/airflow/example_dags/example_xcomargs.py
[2025-09-29T16:08:20.533+0000] {logging_mixin.py:188} INFO - [2025-09-29T16:08:20.533+0000] {dag.py:3089} INFO - Sync 2 DAGs
[2025-09-29T16:08:20.563+0000] {logging_mixin.py:188} INFO - [2025-09-29T16:08:20.562+0000] {dag.py:3947} INFO - Setting next_dagrun for example_xcom_args to None, run_after=None
[2025-09-29T16:08:20.571+0000] {logging_mixin.py:188} INFO - [2025-09-29T16:08:20.571+0000] {dag.py:3947} INFO - Setting next_dagrun for example_xcom_args_with_operators to None, run_after=None
[2025-09-29T16:08:20.612+0000] {processor.py:183} INFO - Processing /home/airflow/.local/lib/python3.12/site-packages/airflow/example_dags/example_xcomargs.py took 0.186 seconds
[2025-09-29T16:08:51.023+0000] {processor.py:161} INFO - Started process (PID=18462) to work on /home/airflow/.local/lib/python3.12/site-packages/airflow/example_dags/example_xcomargs.py
[2025-09-29T16:08:51.026+0000] {processor.py:830} INFO - Processing file /home/airflow/.local/lib/python3.12/site-packages/airflow/example_dags/example_xcomargs.py for tasks to queue
[2025-09-29T16:08:51.031+0000] {logging_mixin.py:188} INFO - [2025-09-29T16:08:51.030+0000] {dagbag.py:545} INFO - Filling up the DagBag from /home/airflow/.local/lib/python3.12/site-packages/airflow/example_dags/example_xcomargs.py
[2025-09-29T16:08:51.055+0000] {processor.py:840} INFO - DAG(s) 'example_xcom_args_with_operators', 'example_xcom_args' retrieved from /home/airflow/.local/lib/python3.12/site-packages/airflow/example_dags/example_xcomargs.py
[2025-09-29T16:08:51.124+0000] {logging_mixin.py:188} INFO - [2025-09-29T16:08:51.123+0000] {dag.py:3089} INFO - Sync 2 DAGs
[2025-09-29T16:08:51.156+0000] {logging_mixin.py:188} INFO - [2025-09-29T16:08:51.155+0000] {dag.py:3947} INFO - Setting next_dagrun for example_xcom_args to None, run_after=None
[2025-09-29T16:08:51.165+0000] {logging_mixin.py:188} INFO - [2025-09-29T16:08:51.164+0000] {dag.py:3947} INFO - Setting next_dagrun for example_xcom_args_with_operators to None, run_after=None
[2025-09-29T16:08:51.210+0000] {processor.py:183} INFO - Processing /home/airflow/.local/lib/python3.12/site-packages/airflow/example_dags/example_xcomargs.py took 0.203 seconds
[2025-09-29T16:09:21.873+0000] {processor.py:161} INFO - Started process (PID=18723) to work on /home/airflow/.local/lib/python3.12/site-packages/airflow/example_dags/example_xcomargs.py
[2025-09-29T16:09:21.876+0000] {processor.py:830} INFO - Processing file /home/airflow/.local/lib/python3.12/site-packages/airflow/example_dags/example_xcomargs.py for tasks to queue
[2025-09-29T16:09:21.880+0000] {logging_mixin.py:188} INFO - [2025-09-29T16:09:21.879+0000] {dagbag.py:545} INFO - Filling up the DagBag from /home/airflow/.local/lib/python3.12/site-packages/airflow/example_dags/example_xcomargs.py
[2025-09-29T16:09:21.899+0000] {processor.py:840} INFO - DAG(s) 'example_xcom_args', 'example_xcom_args_with_operators' retrieved from /home/airflow/.local/lib/python3.12/site-packages/airflow/example_dags/example_xcomargs.py
[2025-09-29T16:09:21.962+0000] {logging_mixin.py:188} INFO - [2025-09-29T16:09:21.962+0000] {dag.py:3089} INFO - Sync 2 DAGs
[2025-09-29T16:09:21.992+0000] {logging_mixin.py:188} INFO - [2025-09-29T16:09:21.991+0000] {dag.py:3947} INFO - Setting next_dagrun for example_xcom_args to None, run_after=None
[2025-09-29T16:09:22.000+0000] {logging_mixin.py:188} INFO - [2025-09-29T16:09:21.999+0000] {dag.py:3947} INFO - Setting next_dagrun for example_xcom_args_with_operators to None, run_after=None
[2025-09-29T16:09:22.041+0000] {processor.py:183} INFO - Processing /home/airflow/.local/lib/python3.12/site-packages/airflow/example_dags/example_xcomargs.py took 0.183 seconds
[2025-09-29T16:09:52.463+0000] {processor.py:161} INFO - Started process (PID=18984) to work on /home/airflow/.local/lib/python3.12/site-packages/airflow/example_dags/example_xcomargs.py
[2025-09-29T16:09:52.466+0000] {processor.py:830} INFO - Processing file /home/airflow/.local/lib/python3.12/site-packages/airflow/example_dags/example_xcomargs.py for tasks to queue
[2025-09-29T16:09:52.471+0000] {logging_mixin.py:188} INFO - [2025-09-29T16:09:52.471+0000] {dagbag.py:545} INFO - Filling up the DagBag from /home/airflow/.local/lib/python3.12/site-packages/airflow/example_dags/example_xcomargs.py
[2025-09-29T16:09:52.496+0000] {processor.py:840} INFO - DAG(s) 'example_xcom_args_with_operators', 'example_xcom_args' retrieved from /home/airflow/.local/lib/python3.12/site-packages/airflow/example_dags/example_xcomargs.py
[2025-09-29T16:09:52.563+0000] {logging_mixin.py:188} INFO - [2025-09-29T16:09:52.563+0000] {dag.py:3089} INFO - Sync 2 DAGs
[2025-09-29T16:09:52.597+0000] {logging_mixin.py:188} INFO - [2025-09-29T16:09:52.597+0000] {dag.py:3947} INFO - Setting next_dagrun for example_xcom_args to None, run_after=None
[2025-09-29T16:09:52.606+0000] {logging_mixin.py:188} INFO - [2025-09-29T16:09:52.605+0000] {dag.py:3947} INFO - Setting next_dagrun for example_xcom_args_with_operators to None, run_after=None
[2025-09-29T16:09:52.649+0000] {processor.py:183} INFO - Processing /home/airflow/.local/lib/python3.12/site-packages/airflow/example_dags/example_xcomargs.py took 0.211 seconds
[2025-09-29T16:10:23.136+0000] {processor.py:161} INFO - Started process (PID=19245) to work on /home/airflow/.local/lib/python3.12/site-packages/airflow/example_dags/example_xcomargs.py
[2025-09-29T16:10:23.139+0000] {processor.py:830} INFO - Processing file /home/airflow/.local/lib/python3.12/site-packages/airflow/example_dags/example_xcomargs.py for tasks to queue
[2025-09-29T16:10:23.143+0000] {logging_mixin.py:188} INFO - [2025-09-29T16:10:23.143+0000] {dagbag.py:545} INFO - Filling up the DagBag from /home/airflow/.local/lib/python3.12/site-packages/airflow/example_dags/example_xcomargs.py
[2025-09-29T16:10:23.163+0000] {processor.py:840} INFO - DAG(s) 'example_xcom_args_with_operators', 'example_xcom_args' retrieved from /home/airflow/.local/lib/python3.12/site-packages/airflow/example_dags/example_xcomargs.py
[2025-09-29T16:10:23.224+0000] {logging_mixin.py:188} INFO - [2025-09-29T16:10:23.223+0000] {dag.py:3089} INFO - Sync 2 DAGs
[2025-09-29T16:10:23.253+0000] {logging_mixin.py:188} INFO - [2025-09-29T16:10:23.253+0000] {dag.py:3947} INFO - Setting next_dagrun for example_xcom_args to None, run_after=None
[2025-09-29T16:10:23.261+0000] {logging_mixin.py:188} INFO - [2025-09-29T16:10:23.260+0000] {dag.py:3947} INFO - Setting next_dagrun for example_xcom_args_with_operators to None, run_after=None
[2025-09-29T16:10:23.299+0000] {processor.py:183} INFO - Processing /home/airflow/.local/lib/python3.12/site-packages/airflow/example_dags/example_xcomargs.py took 0.178 seconds
[2025-09-29T16:10:53.785+0000] {processor.py:161} INFO - Started process (PID=19506) to work on /home/airflow/.local/lib/python3.12/site-packages/airflow/example_dags/example_xcomargs.py
[2025-09-29T16:10:53.788+0000] {processor.py:830} INFO - Processing file /home/airflow/.local/lib/python3.12/site-packages/airflow/example_dags/example_xcomargs.py for tasks to queue
[2025-09-29T16:10:53.790+0000] {logging_mixin.py:188} INFO - [2025-09-29T16:10:53.789+0000] {dagbag.py:545} INFO - Filling up the DagBag from /home/airflow/.local/lib/python3.12/site-packages/airflow/example_dags/example_xcomargs.py
[2025-09-29T16:10:53.811+0000] {processor.py:840} INFO - DAG(s) 'example_xcom_args', 'example_xcom_args_with_operators' retrieved from /home/airflow/.local/lib/python3.12/site-packages/airflow/example_dags/example_xcomargs.py
[2025-09-29T16:10:53.879+0000] {logging_mixin.py:188} INFO - [2025-09-29T16:10:53.878+0000] {dag.py:3089} INFO - Sync 2 DAGs
[2025-09-29T16:10:53.917+0000] {logging_mixin.py:188} INFO - [2025-09-29T16:10:53.916+0000] {dag.py:3947} INFO - Setting next_dagrun for example_xcom_args to None, run_after=None
[2025-09-29T16:10:53.926+0000] {logging_mixin.py:188} INFO - [2025-09-29T16:10:53.925+0000] {dag.py:3947} INFO - Setting next_dagrun for example_xcom_args_with_operators to None, run_after=None
[2025-09-29T16:10:53.967+0000] {processor.py:183} INFO - Processing /home/airflow/.local/lib/python3.12/site-packages/airflow/example_dags/example_xcomargs.py took 0.209 seconds
[2025-09-29T16:11:24.392+0000] {processor.py:161} INFO - Started process (PID=19767) to work on /home/airflow/.local/lib/python3.12/site-packages/airflow/example_dags/example_xcomargs.py
[2025-09-29T16:11:24.395+0000] {processor.py:830} INFO - Processing file /home/airflow/.local/lib/python3.12/site-packages/airflow/example_dags/example_xcomargs.py for tasks to queue
[2025-09-29T16:11:24.397+0000] {logging_mixin.py:188} INFO - [2025-09-29T16:11:24.396+0000] {dagbag.py:545} INFO - Filling up the DagBag from /home/airflow/.local/lib/python3.12/site-packages/airflow/example_dags/example_xcomargs.py
[2025-09-29T16:11:24.420+0000] {processor.py:840} INFO - DAG(s) 'example_xcom_args', 'example_xcom_args_with_operators' retrieved from /home/airflow/.local/lib/python3.12/site-packages/airflow/example_dags/example_xcomargs.py
[2025-09-29T16:11:24.492+0000] {logging_mixin.py:188} INFO - [2025-09-29T16:11:24.492+0000] {dag.py:3089} INFO - Sync 2 DAGs
[2025-09-29T16:11:24.524+0000] {logging_mixin.py:188} INFO - [2025-09-29T16:11:24.524+0000] {dag.py:3947} INFO - Setting next_dagrun for example_xcom_args to None, run_after=None
[2025-09-29T16:11:24.536+0000] {logging_mixin.py:188} INFO - [2025-09-29T16:11:24.536+0000] {dag.py:3947} INFO - Setting next_dagrun for example_xcom_args_with_operators to None, run_after=None
[2025-09-29T16:11:24.581+0000] {processor.py:183} INFO - Processing /home/airflow/.local/lib/python3.12/site-packages/airflow/example_dags/example_xcomargs.py took 0.205 seconds
[2025-09-29T16:11:55.003+0000] {processor.py:161} INFO - Started process (PID=20026) to work on /home/airflow/.local/lib/python3.12/site-packages/airflow/example_dags/example_xcomargs.py
[2025-09-29T16:11:55.006+0000] {processor.py:830} INFO - Processing file /home/airflow/.local/lib/python3.12/site-packages/airflow/example_dags/example_xcomargs.py for tasks to queue
[2025-09-29T16:11:55.009+0000] {logging_mixin.py:188} INFO - [2025-09-29T16:11:55.008+0000] {dagbag.py:545} INFO - Filling up the DagBag from /home/airflow/.local/lib/python3.12/site-packages/airflow/example_dags/example_xcomargs.py
[2025-09-29T16:11:55.030+0000] {processor.py:840} INFO - DAG(s) 'example_xcom_args', 'example_xcom_args_with_operators' retrieved from /home/airflow/.local/lib/python3.12/site-packages/airflow/example_dags/example_xcomargs.py
[2025-09-29T16:11:55.105+0000] {logging_mixin.py:188} INFO - [2025-09-29T16:11:55.104+0000] {dag.py:3089} INFO - Sync 2 DAGs
[2025-09-29T16:11:55.142+0000] {logging_mixin.py:188} INFO - [2025-09-29T16:11:55.142+0000] {dag.py:3947} INFO - Setting next_dagrun for example_xcom_args to None, run_after=None
[2025-09-29T16:11:55.153+0000] {logging_mixin.py:188} INFO - [2025-09-29T16:11:55.152+0000] {dag.py:3947} INFO - Setting next_dagrun for example_xcom_args_with_operators to None, run_after=None
[2025-09-29T16:11:55.204+0000] {processor.py:183} INFO - Processing /home/airflow/.local/lib/python3.12/site-packages/airflow/example_dags/example_xcomargs.py took 0.217 seconds
[2025-09-29T16:12:24.664+0000] {processor.py:161} INFO - Started process (PID=20289) to work on /home/airflow/.local/lib/python3.12/site-packages/airflow/example_dags/example_xcomargs.py
[2025-09-29T16:12:24.666+0000] {processor.py:830} INFO - Processing file /home/airflow/.local/lib/python3.12/site-packages/airflow/example_dags/example_xcomargs.py for tasks to queue
[2025-09-29T16:12:24.668+0000] {logging_mixin.py:188} INFO - [2025-09-29T16:12:24.667+0000] {dagbag.py:545} INFO - Filling up the DagBag from /home/airflow/.local/lib/python3.12/site-packages/airflow/example_dags/example_xcomargs.py
[2025-09-29T16:12:24.688+0000] {processor.py:840} INFO - DAG(s) 'example_xcom_args_with_operators', 'example_xcom_args' retrieved from /home/airflow/.local/lib/python3.12/site-packages/airflow/example_dags/example_xcomargs.py
[2025-09-29T16:12:24.754+0000] {logging_mixin.py:188} INFO - [2025-09-29T16:12:24.753+0000] {dag.py:3089} INFO - Sync 2 DAGs
[2025-09-29T16:12:24.787+0000] {logging_mixin.py:188} INFO - [2025-09-29T16:12:24.787+0000] {dag.py:3947} INFO - Setting next_dagrun for example_xcom_args to None, run_after=None
[2025-09-29T16:12:24.796+0000] {logging_mixin.py:188} INFO - [2025-09-29T16:12:24.796+0000] {dag.py:3947} INFO - Setting next_dagrun for example_xcom_args_with_operators to None, run_after=None
[2025-09-29T16:12:24.845+0000] {processor.py:183} INFO - Processing /home/airflow/.local/lib/python3.12/site-packages/airflow/example_dags/example_xcomargs.py took 0.196 seconds
[2025-09-29T16:12:55.422+0000] {processor.py:161} INFO - Started process (PID=20538) to work on /home/airflow/.local/lib/python3.12/site-packages/airflow/example_dags/example_xcomargs.py
[2025-09-29T16:12:55.425+0000] {processor.py:830} INFO - Processing file /home/airflow/.local/lib/python3.12/site-packages/airflow/example_dags/example_xcomargs.py for tasks to queue
[2025-09-29T16:12:55.427+0000] {logging_mixin.py:188} INFO - [2025-09-29T16:12:55.426+0000] {dagbag.py:545} INFO - Filling up the DagBag from /home/airflow/.local/lib/python3.12/site-packages/airflow/example_dags/example_xcomargs.py
[2025-09-29T16:12:55.452+0000] {processor.py:840} INFO - DAG(s) 'example_xcom_args_with_operators', 'example_xcom_args' retrieved from /home/airflow/.local/lib/python3.12/site-packages/airflow/example_dags/example_xcomargs.py
[2025-09-29T16:12:55.521+0000] {logging_mixin.py:188} INFO - [2025-09-29T16:12:55.521+0000] {dag.py:3089} INFO - Sync 2 DAGs
[2025-09-29T16:12:55.557+0000] {logging_mixin.py:188} INFO - [2025-09-29T16:12:55.557+0000] {dag.py:3947} INFO - Setting next_dagrun for example_xcom_args to None, run_after=None
[2025-09-29T16:12:55.566+0000] {logging_mixin.py:188} INFO - [2025-09-29T16:12:55.566+0000] {dag.py:3947} INFO - Setting next_dagrun for example_xcom_args_with_operators to None, run_after=None
[2025-09-29T16:12:55.610+0000] {processor.py:183} INFO - Processing /home/airflow/.local/lib/python3.12/site-packages/airflow/example_dags/example_xcomargs.py took 0.203 seconds
[2025-09-29T16:13:25.979+0000] {processor.py:161} INFO - Started process (PID=20804) to work on /home/airflow/.local/lib/python3.12/site-packages/airflow/example_dags/example_xcomargs.py
[2025-09-29T16:13:25.982+0000] {processor.py:830} INFO - Processing file /home/airflow/.local/lib/python3.12/site-packages/airflow/example_dags/example_xcomargs.py for tasks to queue
[2025-09-29T16:13:25.983+0000] {logging_mixin.py:188} INFO - [2025-09-29T16:13:25.983+0000] {dagbag.py:545} INFO - Filling up the DagBag from /home/airflow/.local/lib/python3.12/site-packages/airflow/example_dags/example_xcomargs.py
[2025-09-29T16:13:26.002+0000] {processor.py:840} INFO - DAG(s) 'example_xcom_args', 'example_xcom_args_with_operators' retrieved from /home/airflow/.local/lib/python3.12/site-packages/airflow/example_dags/example_xcomargs.py
[2025-09-29T16:13:26.071+0000] {logging_mixin.py:188} INFO - [2025-09-29T16:13:26.071+0000] {dag.py:3089} INFO - Sync 2 DAGs
[2025-09-29T16:13:26.101+0000] {logging_mixin.py:188} INFO - [2025-09-29T16:13:26.101+0000] {dag.py:3947} INFO - Setting next_dagrun for example_xcom_args to None, run_after=None
[2025-09-29T16:13:26.110+0000] {logging_mixin.py:188} INFO - [2025-09-29T16:13:26.110+0000] {dag.py:3947} INFO - Setting next_dagrun for example_xcom_args_with_operators to None, run_after=None
[2025-09-29T16:13:26.156+0000] {processor.py:183} INFO - Processing /home/airflow/.local/lib/python3.12/site-packages/airflow/example_dags/example_xcomargs.py took 0.194 seconds
[2025-09-29T16:13:56.443+0000] {processor.py:161} INFO - Started process (PID=21065) to work on /home/airflow/.local/lib/python3.12/site-packages/airflow/example_dags/example_xcomargs.py
[2025-09-29T16:13:56.446+0000] {processor.py:830} INFO - Processing file /home/airflow/.local/lib/python3.12/site-packages/airflow/example_dags/example_xcomargs.py for tasks to queue
[2025-09-29T16:13:56.448+0000] {logging_mixin.py:188} INFO - [2025-09-29T16:13:56.447+0000] {dagbag.py:545} INFO - Filling up the DagBag from /home/airflow/.local/lib/python3.12/site-packages/airflow/example_dags/example_xcomargs.py
[2025-09-29T16:13:56.467+0000] {processor.py:840} INFO - DAG(s) 'example_xcom_args_with_operators', 'example_xcom_args' retrieved from /home/airflow/.local/lib/python3.12/site-packages/airflow/example_dags/example_xcomargs.py
[2025-09-29T16:13:56.534+0000] {logging_mixin.py:188} INFO - [2025-09-29T16:13:56.533+0000] {dag.py:3089} INFO - Sync 2 DAGs
[2025-09-29T16:13:56.564+0000] {logging_mixin.py:188} INFO - [2025-09-29T16:13:56.564+0000] {dag.py:3947} INFO - Setting next_dagrun for example_xcom_args to None, run_after=None
[2025-09-29T16:13:56.572+0000] {logging_mixin.py:188} INFO - [2025-09-29T16:13:56.572+0000] {dag.py:3947} INFO - Setting next_dagrun for example_xcom_args_with_operators to None, run_after=None
[2025-09-29T16:13:56.615+0000] {processor.py:183} INFO - Processing /home/airflow/.local/lib/python3.12/site-packages/airflow/example_dags/example_xcomargs.py took 0.187 seconds
[2025-09-29T16:14:27.325+0000] {processor.py:161} INFO - Started process (PID=21331) to work on /home/airflow/.local/lib/python3.12/site-packages/airflow/example_dags/example_xcomargs.py
[2025-09-29T16:14:27.328+0000] {processor.py:830} INFO - Processing file /home/airflow/.local/lib/python3.12/site-packages/airflow/example_dags/example_xcomargs.py for tasks to queue
[2025-09-29T16:14:27.330+0000] {logging_mixin.py:188} INFO - [2025-09-29T16:14:27.329+0000] {dagbag.py:545} INFO - Filling up the DagBag from /home/airflow/.local/lib/python3.12/site-packages/airflow/example_dags/example_xcomargs.py
[2025-09-29T16:14:27.350+0000] {processor.py:840} INFO - DAG(s) 'example_xcom_args_with_operators', 'example_xcom_args' retrieved from /home/airflow/.local/lib/python3.12/site-packages/airflow/example_dags/example_xcomargs.py
[2025-09-29T16:14:27.416+0000] {logging_mixin.py:188} INFO - [2025-09-29T16:14:27.416+0000] {dag.py:3089} INFO - Sync 2 DAGs
[2025-09-29T16:14:27.447+0000] {logging_mixin.py:188} INFO - [2025-09-29T16:14:27.446+0000] {dag.py:3947} INFO - Setting next_dagrun for example_xcom_args to None, run_after=None
[2025-09-29T16:14:27.455+0000] {logging_mixin.py:188} INFO - [2025-09-29T16:14:27.454+0000] {dag.py:3947} INFO - Setting next_dagrun for example_xcom_args_with_operators to None, run_after=None
[2025-09-29T16:14:27.495+0000] {processor.py:183} INFO - Processing /home/airflow/.local/lib/python3.12/site-packages/airflow/example_dags/example_xcomargs.py took 0.184 seconds
[2025-09-29T16:15:02.092+0000] {processor.py:161} INFO - Started process (PID=21592) to work on /home/airflow/.local/lib/python3.12/site-packages/airflow/example_dags/example_xcomargs.py
[2025-09-29T16:15:02.097+0000] {processor.py:830} INFO - Processing file /home/airflow/.local/lib/python3.12/site-packages/airflow/example_dags/example_xcomargs.py for tasks to queue
[2025-09-29T16:15:02.100+0000] {logging_mixin.py:188} INFO - [2025-09-29T16:15:02.099+0000] {dagbag.py:545} INFO - Filling up the DagBag from /home/airflow/.local/lib/python3.12/site-packages/airflow/example_dags/example_xcomargs.py
[2025-09-29T16:15:02.217+0000] {processor.py:840} INFO - DAG(s) 'example_xcom_args', 'example_xcom_args_with_operators' retrieved from /home/airflow/.local/lib/python3.12/site-packages/airflow/example_dags/example_xcomargs.py
[2025-09-29T16:15:02.519+0000] {logging_mixin.py:188} INFO - [2025-09-29T16:15:02.518+0000] {dag.py:3089} INFO - Sync 2 DAGs
[2025-09-29T16:15:02.614+0000] {logging_mixin.py:188} INFO - [2025-09-29T16:15:02.613+0000] {dag.py:3947} INFO - Setting next_dagrun for example_xcom_args to None, run_after=None
[2025-09-29T16:15:02.648+0000] {logging_mixin.py:188} INFO - [2025-09-29T16:15:02.647+0000] {dag.py:3947} INFO - Setting next_dagrun for example_xcom_args_with_operators to None, run_after=None
[2025-09-29T16:15:02.765+0000] {processor.py:183} INFO - Processing /home/airflow/.local/lib/python3.12/site-packages/airflow/example_dags/example_xcomargs.py took 0.768 seconds
[2025-09-29T16:15:33.672+0000] {processor.py:161} INFO - Started process (PID=21855) to work on /home/airflow/.local/lib/python3.12/site-packages/airflow/example_dags/example_xcomargs.py
[2025-09-29T16:15:33.675+0000] {processor.py:830} INFO - Processing file /home/airflow/.local/lib/python3.12/site-packages/airflow/example_dags/example_xcomargs.py for tasks to queue
[2025-09-29T16:15:33.677+0000] {logging_mixin.py:188} INFO - [2025-09-29T16:15:33.676+0000] {dagbag.py:545} INFO - Filling up the DagBag from /home/airflow/.local/lib/python3.12/site-packages/airflow/example_dags/example_xcomargs.py
[2025-09-29T16:15:33.698+0000] {processor.py:840} INFO - DAG(s) 'example_xcom_args', 'example_xcom_args_with_operators' retrieved from /home/airflow/.local/lib/python3.12/site-packages/airflow/example_dags/example_xcomargs.py
[2025-09-29T16:15:33.775+0000] {logging_mixin.py:188} INFO - [2025-09-29T16:15:33.775+0000] {dag.py:3089} INFO - Sync 2 DAGs
[2025-09-29T16:15:33.807+0000] {logging_mixin.py:188} INFO - [2025-09-29T16:15:33.806+0000] {dag.py:3947} INFO - Setting next_dagrun for example_xcom_args to None, run_after=None
[2025-09-29T16:15:33.815+0000] {logging_mixin.py:188} INFO - [2025-09-29T16:15:33.814+0000] {dag.py:3947} INFO - Setting next_dagrun for example_xcom_args_with_operators to None, run_after=None
[2025-09-29T16:15:33.860+0000] {processor.py:183} INFO - Processing /home/airflow/.local/lib/python3.12/site-packages/airflow/example_dags/example_xcomargs.py took 0.202 seconds
[2025-09-29T16:16:04.696+0000] {processor.py:161} INFO - Started process (PID=22116) to work on /home/airflow/.local/lib/python3.12/site-packages/airflow/example_dags/example_xcomargs.py
[2025-09-29T16:16:04.699+0000] {processor.py:830} INFO - Processing file /home/airflow/.local/lib/python3.12/site-packages/airflow/example_dags/example_xcomargs.py for tasks to queue
[2025-09-29T16:16:04.701+0000] {logging_mixin.py:188} INFO - [2025-09-29T16:16:04.700+0000] {dagbag.py:545} INFO - Filling up the DagBag from /home/airflow/.local/lib/python3.12/site-packages/airflow/example_dags/example_xcomargs.py
[2025-09-29T16:16:04.720+0000] {processor.py:840} INFO - DAG(s) 'example_xcom_args', 'example_xcom_args_with_operators' retrieved from /home/airflow/.local/lib/python3.12/site-packages/airflow/example_dags/example_xcomargs.py
[2025-09-29T16:16:04.787+0000] {logging_mixin.py:188} INFO - [2025-09-29T16:16:04.786+0000] {dag.py:3089} INFO - Sync 2 DAGs
[2025-09-29T16:16:04.817+0000] {logging_mixin.py:188} INFO - [2025-09-29T16:16:04.816+0000] {dag.py:3947} INFO - Setting next_dagrun for example_xcom_args to None, run_after=None
[2025-09-29T16:16:04.825+0000] {logging_mixin.py:188} INFO - [2025-09-29T16:16:04.824+0000] {dag.py:3947} INFO - Setting next_dagrun for example_xcom_args_with_operators to None, run_after=None
[2025-09-29T16:16:04.868+0000] {processor.py:183} INFO - Processing /home/airflow/.local/lib/python3.12/site-packages/airflow/example_dags/example_xcomargs.py took 0.188 seconds
[2025-09-29T16:16:35.227+0000] {processor.py:161} INFO - Started process (PID=22377) to work on /home/airflow/.local/lib/python3.12/site-packages/airflow/example_dags/example_xcomargs.py
[2025-09-29T16:16:35.236+0000] {processor.py:830} INFO - Processing file /home/airflow/.local/lib/python3.12/site-packages/airflow/example_dags/example_xcomargs.py for tasks to queue
[2025-09-29T16:16:35.238+0000] {logging_mixin.py:188} INFO - [2025-09-29T16:16:35.237+0000] {dagbag.py:545} INFO - Filling up the DagBag from /home/airflow/.local/lib/python3.12/site-packages/airflow/example_dags/example_xcomargs.py
[2025-09-29T16:16:35.259+0000] {processor.py:840} INFO - DAG(s) 'example_xcom_args', 'example_xcom_args_with_operators' retrieved from /home/airflow/.local/lib/python3.12/site-packages/airflow/example_dags/example_xcomargs.py
[2025-09-29T16:16:35.335+0000] {logging_mixin.py:188} INFO - [2025-09-29T16:16:35.334+0000] {dag.py:3089} INFO - Sync 2 DAGs
[2025-09-29T16:16:35.369+0000] {logging_mixin.py:188} INFO - [2025-09-29T16:16:35.369+0000] {dag.py:3947} INFO - Setting next_dagrun for example_xcom_args to None, run_after=None
[2025-09-29T16:16:35.377+0000] {logging_mixin.py:188} INFO - [2025-09-29T16:16:35.377+0000] {dag.py:3947} INFO - Setting next_dagrun for example_xcom_args_with_operators to None, run_after=None
[2025-09-29T16:16:35.425+0000] {processor.py:183} INFO - Processing /home/airflow/.local/lib/python3.12/site-packages/airflow/example_dags/example_xcomargs.py took 0.214 seconds
[2025-09-29T16:17:05.747+0000] {processor.py:161} INFO - Started process (PID=22638) to work on /home/airflow/.local/lib/python3.12/site-packages/airflow/example_dags/example_xcomargs.py
[2025-09-29T16:17:05.757+0000] {processor.py:830} INFO - Processing file /home/airflow/.local/lib/python3.12/site-packages/airflow/example_dags/example_xcomargs.py for tasks to queue
[2025-09-29T16:17:05.758+0000] {logging_mixin.py:188} INFO - [2025-09-29T16:17:05.758+0000] {dagbag.py:545} INFO - Filling up the DagBag from /home/airflow/.local/lib/python3.12/site-packages/airflow/example_dags/example_xcomargs.py
[2025-09-29T16:17:05.778+0000] {processor.py:840} INFO - DAG(s) 'example_xcom_args_with_operators', 'example_xcom_args' retrieved from /home/airflow/.local/lib/python3.12/site-packages/airflow/example_dags/example_xcomargs.py
[2025-09-29T16:17:05.843+0000] {logging_mixin.py:188} INFO - [2025-09-29T16:17:05.843+0000] {dag.py:3089} INFO - Sync 2 DAGs
[2025-09-29T16:17:05.873+0000] {logging_mixin.py:188} INFO - [2025-09-29T16:17:05.872+0000] {dag.py:3947} INFO - Setting next_dagrun for example_xcom_args to None, run_after=None
[2025-09-29T16:17:05.882+0000] {logging_mixin.py:188} INFO - [2025-09-29T16:17:05.881+0000] {dag.py:3947} INFO - Setting next_dagrun for example_xcom_args_with_operators to None, run_after=None
[2025-09-29T16:17:05.940+0000] {processor.py:183} INFO - Processing /home/airflow/.local/lib/python3.12/site-packages/airflow/example_dags/example_xcomargs.py took 0.207 seconds
[2025-09-29T16:17:36.096+0000] {processor.py:161} INFO - Started process (PID=22899) to work on /home/airflow/.local/lib/python3.12/site-packages/airflow/example_dags/example_xcomargs.py
[2025-09-29T16:17:36.099+0000] {processor.py:830} INFO - Processing file /home/airflow/.local/lib/python3.12/site-packages/airflow/example_dags/example_xcomargs.py for tasks to queue
[2025-09-29T16:17:36.101+0000] {logging_mixin.py:188} INFO - [2025-09-29T16:17:36.100+0000] {dagbag.py:545} INFO - Filling up the DagBag from /home/airflow/.local/lib/python3.12/site-packages/airflow/example_dags/example_xcomargs.py
[2025-09-29T16:17:36.129+0000] {processor.py:840} INFO - DAG(s) 'example_xcom_args_with_operators', 'example_xcom_args' retrieved from /home/airflow/.local/lib/python3.12/site-packages/airflow/example_dags/example_xcomargs.py
[2025-09-29T16:17:36.212+0000] {logging_mixin.py:188} INFO - [2025-09-29T16:17:36.212+0000] {dag.py:3089} INFO - Sync 2 DAGs
[2025-09-29T16:17:36.253+0000] {logging_mixin.py:188} INFO - [2025-09-29T16:17:36.251+0000] {dag.py:3947} INFO - Setting next_dagrun for example_xcom_args to None, run_after=None
[2025-09-29T16:17:36.263+0000] {logging_mixin.py:188} INFO - [2025-09-29T16:17:36.262+0000] {dag.py:3947} INFO - Setting next_dagrun for example_xcom_args_with_operators to None, run_after=None
[2025-09-29T16:17:36.328+0000] {processor.py:183} INFO - Processing /home/airflow/.local/lib/python3.12/site-packages/airflow/example_dags/example_xcomargs.py took 0.251 seconds
[2025-09-29T16:18:06.481+0000] {processor.py:161} INFO - Started process (PID=23160) to work on /home/airflow/.local/lib/python3.12/site-packages/airflow/example_dags/example_xcomargs.py
[2025-09-29T16:18:06.484+0000] {processor.py:830} INFO - Processing file /home/airflow/.local/lib/python3.12/site-packages/airflow/example_dags/example_xcomargs.py for tasks to queue
[2025-09-29T16:18:06.486+0000] {logging_mixin.py:188} INFO - [2025-09-29T16:18:06.485+0000] {dagbag.py:545} INFO - Filling up the DagBag from /home/airflow/.local/lib/python3.12/site-packages/airflow/example_dags/example_xcomargs.py
[2025-09-29T16:18:06.507+0000] {processor.py:840} INFO - DAG(s) 'example_xcom_args', 'example_xcom_args_with_operators' retrieved from /home/airflow/.local/lib/python3.12/site-packages/airflow/example_dags/example_xcomargs.py
[2025-09-29T16:18:05.688+0000] {logging_mixin.py:188} INFO - [2025-09-29T16:18:05.687+0000] {dag.py:3089} INFO - Sync 2 DAGs
[2025-09-29T16:18:05.723+0000] {logging_mixin.py:188} INFO - [2025-09-29T16:18:05.722+0000] {dag.py:3947} INFO - Setting next_dagrun for example_xcom_args to None, run_after=None
[2025-09-29T16:18:05.733+0000] {logging_mixin.py:188} INFO - [2025-09-29T16:18:05.732+0000] {dag.py:3947} INFO - Setting next_dagrun for example_xcom_args_with_operators to None, run_after=None
[2025-09-29T16:18:05.787+0000] {processor.py:183} INFO - Processing /home/airflow/.local/lib/python3.12/site-packages/airflow/example_dags/example_xcomargs.py took 0.215 seconds
[2025-09-29T16:18:37.405+0000] {processor.py:161} INFO - Started process (PID=23421) to work on /home/airflow/.local/lib/python3.12/site-packages/airflow/example_dags/example_xcomargs.py
[2025-09-29T16:18:37.408+0000] {processor.py:830} INFO - Processing file /home/airflow/.local/lib/python3.12/site-packages/airflow/example_dags/example_xcomargs.py for tasks to queue
[2025-09-29T16:18:37.411+0000] {logging_mixin.py:188} INFO - [2025-09-29T16:18:37.410+0000] {dagbag.py:545} INFO - Filling up the DagBag from /home/airflow/.local/lib/python3.12/site-packages/airflow/example_dags/example_xcomargs.py
[2025-09-29T16:18:37.429+0000] {processor.py:840} INFO - DAG(s) 'example_xcom_args_with_operators', 'example_xcom_args' retrieved from /home/airflow/.local/lib/python3.12/site-packages/airflow/example_dags/example_xcomargs.py
[2025-09-29T16:18:37.491+0000] {logging_mixin.py:188} INFO - [2025-09-29T16:18:37.491+0000] {dag.py:3089} INFO - Sync 2 DAGs
[2025-09-29T16:18:37.521+0000] {logging_mixin.py:188} INFO - [2025-09-29T16:18:37.521+0000] {dag.py:3947} INFO - Setting next_dagrun for example_xcom_args to None, run_after=None
[2025-09-29T16:18:37.529+0000] {logging_mixin.py:188} INFO - [2025-09-29T16:18:37.529+0000] {dag.py:3947} INFO - Setting next_dagrun for example_xcom_args_with_operators to None, run_after=None
[2025-09-29T16:18:37.576+0000] {processor.py:183} INFO - Processing /home/airflow/.local/lib/python3.12/site-packages/airflow/example_dags/example_xcomargs.py took 0.190 seconds
[2025-09-29T16:19:07.848+0000] {processor.py:161} INFO - Started process (PID=23682) to work on /home/airflow/.local/lib/python3.12/site-packages/airflow/example_dags/example_xcomargs.py
[2025-09-29T16:19:07.850+0000] {processor.py:830} INFO - Processing file /home/airflow/.local/lib/python3.12/site-packages/airflow/example_dags/example_xcomargs.py for tasks to queue
[2025-09-29T16:19:07.852+0000] {logging_mixin.py:188} INFO - [2025-09-29T16:19:07.851+0000] {dagbag.py:545} INFO - Filling up the DagBag from /home/airflow/.local/lib/python3.12/site-packages/airflow/example_dags/example_xcomargs.py
[2025-09-29T16:19:07.871+0000] {processor.py:840} INFO - DAG(s) 'example_xcom_args_with_operators', 'example_xcom_args' retrieved from /home/airflow/.local/lib/python3.12/site-packages/airflow/example_dags/example_xcomargs.py
[2025-09-29T16:19:07.934+0000] {logging_mixin.py:188} INFO - [2025-09-29T16:19:07.934+0000] {dag.py:3089} INFO - Sync 2 DAGs
[2025-09-29T16:19:07.963+0000] {logging_mixin.py:188} INFO - [2025-09-29T16:19:07.963+0000] {dag.py:3947} INFO - Setting next_dagrun for example_xcom_args to None, run_after=None
[2025-09-29T16:19:07.970+0000] {logging_mixin.py:188} INFO - [2025-09-29T16:19:07.970+0000] {dag.py:3947} INFO - Setting next_dagrun for example_xcom_args_with_operators to None, run_after=None
[2025-09-29T16:19:08.013+0000] {processor.py:183} INFO - Processing /home/airflow/.local/lib/python3.12/site-packages/airflow/example_dags/example_xcomargs.py took 0.180 seconds
[2025-09-29T16:19:38.652+0000] {processor.py:161} INFO - Started process (PID=23943) to work on /home/airflow/.local/lib/python3.12/site-packages/airflow/example_dags/example_xcomargs.py
[2025-09-29T16:19:38.655+0000] {processor.py:830} INFO - Processing file /home/airflow/.local/lib/python3.12/site-packages/airflow/example_dags/example_xcomargs.py for tasks to queue
[2025-09-29T16:19:38.657+0000] {logging_mixin.py:188} INFO - [2025-09-29T16:19:38.656+0000] {dagbag.py:545} INFO - Filling up the DagBag from /home/airflow/.local/lib/python3.12/site-packages/airflow/example_dags/example_xcomargs.py
[2025-09-29T16:19:38.676+0000] {processor.py:840} INFO - DAG(s) 'example_xcom_args_with_operators', 'example_xcom_args' retrieved from /home/airflow/.local/lib/python3.12/site-packages/airflow/example_dags/example_xcomargs.py
[2025-09-29T16:19:38.742+0000] {logging_mixin.py:188} INFO - [2025-09-29T16:19:38.742+0000] {dag.py:3089} INFO - Sync 2 DAGs
[2025-09-29T16:19:38.772+0000] {logging_mixin.py:188} INFO - [2025-09-29T16:19:38.771+0000] {dag.py:3947} INFO - Setting next_dagrun for example_xcom_args to None, run_after=None
[2025-09-29T16:19:38.780+0000] {logging_mixin.py:188} INFO - [2025-09-29T16:19:38.779+0000] {dag.py:3947} INFO - Setting next_dagrun for example_xcom_args_with_operators to None, run_after=None
[2025-09-29T16:19:38.820+0000] {processor.py:183} INFO - Processing /home/airflow/.local/lib/python3.12/site-packages/airflow/example_dags/example_xcomargs.py took 0.183 seconds
[2025-09-29T16:20:09.246+0000] {processor.py:161} INFO - Started process (PID=24207) to work on /home/airflow/.local/lib/python3.12/site-packages/airflow/example_dags/example_xcomargs.py
[2025-09-29T16:20:09.249+0000] {processor.py:830} INFO - Processing file /home/airflow/.local/lib/python3.12/site-packages/airflow/example_dags/example_xcomargs.py for tasks to queue
[2025-09-29T16:20:09.251+0000] {logging_mixin.py:188} INFO - [2025-09-29T16:20:09.250+0000] {dagbag.py:545} INFO - Filling up the DagBag from /home/airflow/.local/lib/python3.12/site-packages/airflow/example_dags/example_xcomargs.py
[2025-09-29T16:20:09.278+0000] {processor.py:840} INFO - DAG(s) 'example_xcom_args_with_operators', 'example_xcom_args' retrieved from /home/airflow/.local/lib/python3.12/site-packages/airflow/example_dags/example_xcomargs.py
[2025-09-29T16:20:09.379+0000] {logging_mixin.py:188} INFO - [2025-09-29T16:20:09.379+0000] {dag.py:3089} INFO - Sync 2 DAGs
[2025-09-29T16:20:09.408+0000] {logging_mixin.py:188} INFO - [2025-09-29T16:20:09.407+0000] {dag.py:3947} INFO - Setting next_dagrun for example_xcom_args to None, run_after=None
[2025-09-29T16:20:09.415+0000] {logging_mixin.py:188} INFO - [2025-09-29T16:20:09.415+0000] {dag.py:3947} INFO - Setting next_dagrun for example_xcom_args_with_operators to None, run_after=None
[2025-09-29T16:20:09.455+0000] {processor.py:183} INFO - Processing /home/airflow/.local/lib/python3.12/site-packages/airflow/example_dags/example_xcomargs.py took 0.231 seconds
[2025-09-29T16:20:39.891+0000] {processor.py:161} INFO - Started process (PID=24468) to work on /home/airflow/.local/lib/python3.12/site-packages/airflow/example_dags/example_xcomargs.py
[2025-09-29T16:20:39.894+0000] {processor.py:830} INFO - Processing file /home/airflow/.local/lib/python3.12/site-packages/airflow/example_dags/example_xcomargs.py for tasks to queue
[2025-09-29T16:20:39.896+0000] {logging_mixin.py:188} INFO - [2025-09-29T16:20:39.895+0000] {dagbag.py:545} INFO - Filling up the DagBag from /home/airflow/.local/lib/python3.12/site-packages/airflow/example_dags/example_xcomargs.py
[2025-09-29T16:20:39.920+0000] {processor.py:840} INFO - DAG(s) 'example_xcom_args_with_operators', 'example_xcom_args' retrieved from /home/airflow/.local/lib/python3.12/site-packages/airflow/example_dags/example_xcomargs.py
[2025-09-29T16:20:39.991+0000] {logging_mixin.py:188} INFO - [2025-09-29T16:20:39.990+0000] {dag.py:3089} INFO - Sync 2 DAGs
[2025-09-29T16:20:40.024+0000] {logging_mixin.py:188} INFO - [2025-09-29T16:20:40.024+0000] {dag.py:3947} INFO - Setting next_dagrun for example_xcom_args to None, run_after=None
[2025-09-29T16:20:40.033+0000] {logging_mixin.py:188} INFO - [2025-09-29T16:20:40.033+0000] {dag.py:3947} INFO - Setting next_dagrun for example_xcom_args_with_operators to None, run_after=None
[2025-09-29T16:20:40.080+0000] {processor.py:183} INFO - Processing /home/airflow/.local/lib/python3.12/site-packages/airflow/example_dags/example_xcomargs.py took 0.206 seconds
[2025-09-29T16:21:10.446+0000] {processor.py:161} INFO - Started process (PID=24729) to work on /home/airflow/.local/lib/python3.12/site-packages/airflow/example_dags/example_xcomargs.py
[2025-09-29T16:21:10.449+0000] {processor.py:830} INFO - Processing file /home/airflow/.local/lib/python3.12/site-packages/airflow/example_dags/example_xcomargs.py for tasks to queue
[2025-09-29T16:21:10.451+0000] {logging_mixin.py:188} INFO - [2025-09-29T16:21:10.450+0000] {dagbag.py:545} INFO - Filling up the DagBag from /home/airflow/.local/lib/python3.12/site-packages/airflow/example_dags/example_xcomargs.py
[2025-09-29T16:21:10.472+0000] {processor.py:840} INFO - DAG(s) 'example_xcom_args', 'example_xcom_args_with_operators' retrieved from /home/airflow/.local/lib/python3.12/site-packages/airflow/example_dags/example_xcomargs.py
[2025-09-29T16:21:10.544+0000] {logging_mixin.py:188} INFO - [2025-09-29T16:21:10.543+0000] {dag.py:3089} INFO - Sync 2 DAGs
[2025-09-29T16:21:10.576+0000] {logging_mixin.py:188} INFO - [2025-09-29T16:21:10.575+0000] {dag.py:3947} INFO - Setting next_dagrun for example_xcom_args to None, run_after=None
[2025-09-29T16:21:10.584+0000] {logging_mixin.py:188} INFO - [2025-09-29T16:21:10.583+0000] {dag.py:3947} INFO - Setting next_dagrun for example_xcom_args_with_operators to None, run_after=None
[2025-09-29T16:21:10.629+0000] {processor.py:183} INFO - Processing /home/airflow/.local/lib/python3.12/site-packages/airflow/example_dags/example_xcomargs.py took 0.197 seconds
[2025-09-29T16:21:41.069+0000] {processor.py:161} INFO - Started process (PID=24990) to work on /home/airflow/.local/lib/python3.12/site-packages/airflow/example_dags/example_xcomargs.py
[2025-09-29T16:21:41.072+0000] {processor.py:830} INFO - Processing file /home/airflow/.local/lib/python3.12/site-packages/airflow/example_dags/example_xcomargs.py for tasks to queue
[2025-09-29T16:21:41.074+0000] {logging_mixin.py:188} INFO - [2025-09-29T16:21:41.073+0000] {dagbag.py:545} INFO - Filling up the DagBag from /home/airflow/.local/lib/python3.12/site-packages/airflow/example_dags/example_xcomargs.py
[2025-09-29T16:21:41.093+0000] {processor.py:840} INFO - DAG(s) 'example_xcom_args', 'example_xcom_args_with_operators' retrieved from /home/airflow/.local/lib/python3.12/site-packages/airflow/example_dags/example_xcomargs.py
[2025-09-29T16:21:41.170+0000] {logging_mixin.py:188} INFO - [2025-09-29T16:21:41.169+0000] {dag.py:3089} INFO - Sync 2 DAGs
[2025-09-29T16:21:41.203+0000] {logging_mixin.py:188} INFO - [2025-09-29T16:21:41.203+0000] {dag.py:3947} INFO - Setting next_dagrun for example_xcom_args to None, run_after=None
[2025-09-29T16:21:41.211+0000] {logging_mixin.py:188} INFO - [2025-09-29T16:21:41.211+0000] {dag.py:3947} INFO - Setting next_dagrun for example_xcom_args_with_operators to None, run_after=None
[2025-09-29T16:21:41.254+0000] {processor.py:183} INFO - Processing /home/airflow/.local/lib/python3.12/site-packages/airflow/example_dags/example_xcomargs.py took 0.200 seconds
[2025-09-29T16:22:11.662+0000] {processor.py:161} INFO - Started process (PID=25251) to work on /home/airflow/.local/lib/python3.12/site-packages/airflow/example_dags/example_xcomargs.py
[2025-09-29T16:22:11.664+0000] {processor.py:830} INFO - Processing file /home/airflow/.local/lib/python3.12/site-packages/airflow/example_dags/example_xcomargs.py for tasks to queue
[2025-09-29T16:22:11.666+0000] {logging_mixin.py:188} INFO - [2025-09-29T16:22:11.665+0000] {dagbag.py:545} INFO - Filling up the DagBag from /home/airflow/.local/lib/python3.12/site-packages/airflow/example_dags/example_xcomargs.py
[2025-09-29T16:22:11.685+0000] {processor.py:840} INFO - DAG(s) 'example_xcom_args', 'example_xcom_args_with_operators' retrieved from /home/airflow/.local/lib/python3.12/site-packages/airflow/example_dags/example_xcomargs.py
[2025-09-29T16:22:11.752+0000] {logging_mixin.py:188} INFO - [2025-09-29T16:22:11.752+0000] {dag.py:3089} INFO - Sync 2 DAGs
[2025-09-29T16:22:11.783+0000] {logging_mixin.py:188} INFO - [2025-09-29T16:22:11.782+0000] {dag.py:3947} INFO - Setting next_dagrun for example_xcom_args to None, run_after=None
[2025-09-29T16:22:11.791+0000] {logging_mixin.py:188} INFO - [2025-09-29T16:22:11.791+0000] {dag.py:3947} INFO - Setting next_dagrun for example_xcom_args_with_operators to None, run_after=None
[2025-09-29T16:22:11.836+0000] {processor.py:183} INFO - Processing /home/airflow/.local/lib/python3.12/site-packages/airflow/example_dags/example_xcomargs.py took 0.188 seconds
[2025-09-29T16:22:42.069+0000] {processor.py:161} INFO - Started process (PID=25512) to work on /home/airflow/.local/lib/python3.12/site-packages/airflow/example_dags/example_xcomargs.py
[2025-09-29T16:22:42.071+0000] {processor.py:830} INFO - Processing file /home/airflow/.local/lib/python3.12/site-packages/airflow/example_dags/example_xcomargs.py for tasks to queue
[2025-09-29T16:22:42.073+0000] {logging_mixin.py:188} INFO - [2025-09-29T16:22:42.072+0000] {dagbag.py:545} INFO - Filling up the DagBag from /home/airflow/.local/lib/python3.12/site-packages/airflow/example_dags/example_xcomargs.py
[2025-09-29T16:22:42.092+0000] {processor.py:840} INFO - DAG(s) 'example_xcom_args_with_operators', 'example_xcom_args' retrieved from /home/airflow/.local/lib/python3.12/site-packages/airflow/example_dags/example_xcomargs.py
[2025-09-29T16:22:42.158+0000] {logging_mixin.py:188} INFO - [2025-09-29T16:22:42.157+0000] {dag.py:3089} INFO - Sync 2 DAGs
[2025-09-29T16:22:42.187+0000] {logging_mixin.py:188} INFO - [2025-09-29T16:22:42.187+0000] {dag.py:3947} INFO - Setting next_dagrun for example_xcom_args to None, run_after=None
[2025-09-29T16:22:42.195+0000] {logging_mixin.py:188} INFO - [2025-09-29T16:22:42.194+0000] {dag.py:3947} INFO - Setting next_dagrun for example_xcom_args_with_operators to None, run_after=None
[2025-09-29T16:22:42.236+0000] {processor.py:183} INFO - Processing /home/airflow/.local/lib/python3.12/site-packages/airflow/example_dags/example_xcomargs.py took 0.182 seconds
[2025-09-29T16:23:13.130+0000] {processor.py:161} INFO - Started process (PID=25773) to work on /home/airflow/.local/lib/python3.12/site-packages/airflow/example_dags/example_xcomargs.py
[2025-09-29T16:23:13.133+0000] {processor.py:830} INFO - Processing file /home/airflow/.local/lib/python3.12/site-packages/airflow/example_dags/example_xcomargs.py for tasks to queue
[2025-09-29T16:23:13.136+0000] {logging_mixin.py:188} INFO - [2025-09-29T16:23:13.135+0000] {dagbag.py:545} INFO - Filling up the DagBag from /home/airflow/.local/lib/python3.12/site-packages/airflow/example_dags/example_xcomargs.py
[2025-09-29T16:23:13.168+0000] {processor.py:840} INFO - DAG(s) 'example_xcom_args', 'example_xcom_args_with_operators' retrieved from /home/airflow/.local/lib/python3.12/site-packages/airflow/example_dags/example_xcomargs.py
[2025-09-29T16:23:13.265+0000] {logging_mixin.py:188} INFO - [2025-09-29T16:23:13.264+0000] {dag.py:3089} INFO - Sync 2 DAGs
[2025-09-29T16:23:13.310+0000] {logging_mixin.py:188} INFO - [2025-09-29T16:23:13.310+0000] {dag.py:3947} INFO - Setting next_dagrun for example_xcom_args to None, run_after=None
[2025-09-29T16:23:13.322+0000] {logging_mixin.py:188} INFO - [2025-09-29T16:23:13.321+0000] {dag.py:3947} INFO - Setting next_dagrun for example_xcom_args_with_operators to None, run_after=None
[2025-09-29T16:23:13.378+0000] {processor.py:183} INFO - Processing /home/airflow/.local/lib/python3.12/site-packages/airflow/example_dags/example_xcomargs.py took 0.267 seconds
[2025-09-29T16:23:43.938+0000] {processor.py:161} INFO - Started process (PID=26034) to work on /home/airflow/.local/lib/python3.12/site-packages/airflow/example_dags/example_xcomargs.py
[2025-09-29T16:23:43.942+0000] {processor.py:830} INFO - Processing file /home/airflow/.local/lib/python3.12/site-packages/airflow/example_dags/example_xcomargs.py for tasks to queue
[2025-09-29T16:23:43.944+0000] {logging_mixin.py:188} INFO - [2025-09-29T16:23:43.943+0000] {dagbag.py:545} INFO - Filling up the DagBag from /home/airflow/.local/lib/python3.12/site-packages/airflow/example_dags/example_xcomargs.py
[2025-09-29T16:23:43.969+0000] {processor.py:840} INFO - DAG(s) 'example_xcom_args_with_operators', 'example_xcom_args' retrieved from /home/airflow/.local/lib/python3.12/site-packages/airflow/example_dags/example_xcomargs.py
[2025-09-29T16:23:44.056+0000] {logging_mixin.py:188} INFO - [2025-09-29T16:23:44.055+0000] {dag.py:3089} INFO - Sync 2 DAGs
[2025-09-29T16:23:44.095+0000] {logging_mixin.py:188} INFO - [2025-09-29T16:23:44.095+0000] {dag.py:3947} INFO - Setting next_dagrun for example_xcom_args to None, run_after=None
[2025-09-29T16:23:44.105+0000] {logging_mixin.py:188} INFO - [2025-09-29T16:23:44.104+0000] {dag.py:3947} INFO - Setting next_dagrun for example_xcom_args_with_operators to None, run_after=None
[2025-09-29T16:23:44.155+0000] {processor.py:183} INFO - Processing /home/airflow/.local/lib/python3.12/site-packages/airflow/example_dags/example_xcomargs.py took 0.239 seconds
[2025-09-29T16:24:14.668+0000] {processor.py:161} INFO - Started process (PID=26295) to work on /home/airflow/.local/lib/python3.12/site-packages/airflow/example_dags/example_xcomargs.py
[2025-09-29T16:24:14.671+0000] {processor.py:830} INFO - Processing file /home/airflow/.local/lib/python3.12/site-packages/airflow/example_dags/example_xcomargs.py for tasks to queue
[2025-09-29T16:24:14.673+0000] {logging_mixin.py:188} INFO - [2025-09-29T16:24:14.672+0000] {dagbag.py:545} INFO - Filling up the DagBag from /home/airflow/.local/lib/python3.12/site-packages/airflow/example_dags/example_xcomargs.py
[2025-09-29T16:24:14.695+0000] {processor.py:840} INFO - DAG(s) 'example_xcom_args', 'example_xcom_args_with_operators' retrieved from /home/airflow/.local/lib/python3.12/site-packages/airflow/example_dags/example_xcomargs.py
[2025-09-29T16:24:14.774+0000] {logging_mixin.py:188} INFO - [2025-09-29T16:24:14.774+0000] {dag.py:3089} INFO - Sync 2 DAGs
[2025-09-29T16:24:14.813+0000] {logging_mixin.py:188} INFO - [2025-09-29T16:24:14.812+0000] {dag.py:3947} INFO - Setting next_dagrun for example_xcom_args to None, run_after=None
[2025-09-29T16:24:14.826+0000] {logging_mixin.py:188} INFO - [2025-09-29T16:24:14.825+0000] {dag.py:3947} INFO - Setting next_dagrun for example_xcom_args_with_operators to None, run_after=None
[2025-09-29T16:24:14.877+0000] {processor.py:183} INFO - Processing /home/airflow/.local/lib/python3.12/site-packages/airflow/example_dags/example_xcomargs.py took 0.230 seconds
[2025-09-29T16:24:43.901+0000] {processor.py:161} INFO - Started process (PID=26556) to work on /home/airflow/.local/lib/python3.12/site-packages/airflow/example_dags/example_xcomargs.py
[2025-09-29T16:24:43.905+0000] {processor.py:830} INFO - Processing file /home/airflow/.local/lib/python3.12/site-packages/airflow/example_dags/example_xcomargs.py for tasks to queue
[2025-09-29T16:24:43.907+0000] {logging_mixin.py:188} INFO - [2025-09-29T16:24:43.906+0000] {dagbag.py:545} INFO - Filling up the DagBag from /home/airflow/.local/lib/python3.12/site-packages/airflow/example_dags/example_xcomargs.py
[2025-09-29T16:24:43.930+0000] {processor.py:840} INFO - DAG(s) 'example_xcom_args', 'example_xcom_args_with_operators' retrieved from /home/airflow/.local/lib/python3.12/site-packages/airflow/example_dags/example_xcomargs.py
[2025-09-29T16:24:44.035+0000] {logging_mixin.py:188} INFO - [2025-09-29T16:24:44.034+0000] {dag.py:3089} INFO - Sync 2 DAGs
[2025-09-29T16:24:44.077+0000] {logging_mixin.py:188} INFO - [2025-09-29T16:24:44.077+0000] {dag.py:3947} INFO - Setting next_dagrun for example_xcom_args to None, run_after=None
[2025-09-29T16:24:44.091+0000] {logging_mixin.py:188} INFO - [2025-09-29T16:24:44.090+0000] {dag.py:3947} INFO - Setting next_dagrun for example_xcom_args_with_operators to None, run_after=None
[2025-09-29T16:24:44.395+0000] {processor.py:183} INFO - Processing /home/airflow/.local/lib/python3.12/site-packages/airflow/example_dags/example_xcomargs.py took 0.510 seconds
[2025-09-29T16:25:15.511+0000] {processor.py:161} INFO - Started process (PID=26811) to work on /home/airflow/.local/lib/python3.12/site-packages/airflow/example_dags/example_xcomargs.py
[2025-09-29T16:25:15.514+0000] {processor.py:830} INFO - Processing file /home/airflow/.local/lib/python3.12/site-packages/airflow/example_dags/example_xcomargs.py for tasks to queue
[2025-09-29T16:25:15.516+0000] {logging_mixin.py:188} INFO - [2025-09-29T16:25:15.515+0000] {dagbag.py:545} INFO - Filling up the DagBag from /home/airflow/.local/lib/python3.12/site-packages/airflow/example_dags/example_xcomargs.py
[2025-09-29T16:25:15.537+0000] {processor.py:840} INFO - DAG(s) 'example_xcom_args', 'example_xcom_args_with_operators' retrieved from /home/airflow/.local/lib/python3.12/site-packages/airflow/example_dags/example_xcomargs.py
[2025-09-29T16:25:15.602+0000] {logging_mixin.py:188} INFO - [2025-09-29T16:25:15.602+0000] {dag.py:3089} INFO - Sync 2 DAGs
[2025-09-29T16:25:15.631+0000] {logging_mixin.py:188} INFO - [2025-09-29T16:25:15.631+0000] {dag.py:3947} INFO - Setting next_dagrun for example_xcom_args to None, run_after=None
[2025-09-29T16:25:15.639+0000] {logging_mixin.py:188} INFO - [2025-09-29T16:25:15.639+0000] {dag.py:3947} INFO - Setting next_dagrun for example_xcom_args_with_operators to None, run_after=None
[2025-09-29T16:25:15.681+0000] {processor.py:183} INFO - Processing /home/airflow/.local/lib/python3.12/site-packages/airflow/example_dags/example_xcomargs.py took 0.185 seconds
[2025-09-29T16:25:46.551+0000] {processor.py:161} INFO - Started process (PID=27072) to work on /home/airflow/.local/lib/python3.12/site-packages/airflow/example_dags/example_xcomargs.py
[2025-09-29T16:25:46.553+0000] {processor.py:830} INFO - Processing file /home/airflow/.local/lib/python3.12/site-packages/airflow/example_dags/example_xcomargs.py for tasks to queue
[2025-09-29T16:25:46.556+0000] {logging_mixin.py:188} INFO - [2025-09-29T16:25:46.555+0000] {dagbag.py:545} INFO - Filling up the DagBag from /home/airflow/.local/lib/python3.12/site-packages/airflow/example_dags/example_xcomargs.py
[2025-09-29T16:25:46.577+0000] {processor.py:840} INFO - DAG(s) 'example_xcom_args_with_operators', 'example_xcom_args' retrieved from /home/airflow/.local/lib/python3.12/site-packages/airflow/example_dags/example_xcomargs.py
[2025-09-29T16:25:46.659+0000] {logging_mixin.py:188} INFO - [2025-09-29T16:25:46.659+0000] {dag.py:3089} INFO - Sync 2 DAGs
[2025-09-29T16:25:46.691+0000] {logging_mixin.py:188} INFO - [2025-09-29T16:25:46.691+0000] {dag.py:3947} INFO - Setting next_dagrun for example_xcom_args to None, run_after=None
[2025-09-29T16:25:46.700+0000] {logging_mixin.py:188} INFO - [2025-09-29T16:25:46.699+0000] {dag.py:3947} INFO - Setting next_dagrun for example_xcom_args_with_operators to None, run_after=None
[2025-09-29T16:25:46.743+0000] {processor.py:183} INFO - Processing /home/airflow/.local/lib/python3.12/site-packages/airflow/example_dags/example_xcomargs.py took 0.208 seconds
[2025-09-29T16:26:17.032+0000] {processor.py:161} INFO - Started process (PID=27333) to work on /home/airflow/.local/lib/python3.12/site-packages/airflow/example_dags/example_xcomargs.py
[2025-09-29T16:26:17.035+0000] {processor.py:830} INFO - Processing file /home/airflow/.local/lib/python3.12/site-packages/airflow/example_dags/example_xcomargs.py for tasks to queue
[2025-09-29T16:26:17.037+0000] {logging_mixin.py:188} INFO - [2025-09-29T16:26:17.036+0000] {dagbag.py:545} INFO - Filling up the DagBag from /home/airflow/.local/lib/python3.12/site-packages/airflow/example_dags/example_xcomargs.py
[2025-09-29T16:26:17.063+0000] {processor.py:840} INFO - DAG(s) 'example_xcom_args_with_operators', 'example_xcom_args' retrieved from /home/airflow/.local/lib/python3.12/site-packages/airflow/example_dags/example_xcomargs.py
[2025-09-29T16:26:17.141+0000] {logging_mixin.py:188} INFO - [2025-09-29T16:26:17.140+0000] {dag.py:3089} INFO - Sync 2 DAGs
[2025-09-29T16:26:17.171+0000] {logging_mixin.py:188} INFO - [2025-09-29T16:26:17.171+0000] {dag.py:3947} INFO - Setting next_dagrun for example_xcom_args to None, run_after=None
[2025-09-29T16:26:17.180+0000] {logging_mixin.py:188} INFO - [2025-09-29T16:26:17.179+0000] {dag.py:3947} INFO - Setting next_dagrun for example_xcom_args_with_operators to None, run_after=None
[2025-09-29T16:26:17.225+0000] {processor.py:183} INFO - Processing /home/airflow/.local/lib/python3.12/site-packages/airflow/example_dags/example_xcomargs.py took 0.216 seconds
[2025-09-29T16:26:47.525+0000] {processor.py:161} INFO - Started process (PID=27596) to work on /home/airflow/.local/lib/python3.12/site-packages/airflow/example_dags/example_xcomargs.py
[2025-09-29T16:26:47.527+0000] {processor.py:830} INFO - Processing file /home/airflow/.local/lib/python3.12/site-packages/airflow/example_dags/example_xcomargs.py for tasks to queue
[2025-09-29T16:26:47.529+0000] {logging_mixin.py:188} INFO - [2025-09-29T16:26:47.528+0000] {dagbag.py:545} INFO - Filling up the DagBag from /home/airflow/.local/lib/python3.12/site-packages/airflow/example_dags/example_xcomargs.py
[2025-09-29T16:26:47.549+0000] {processor.py:840} INFO - DAG(s) 'example_xcom_args', 'example_xcom_args_with_operators' retrieved from /home/airflow/.local/lib/python3.12/site-packages/airflow/example_dags/example_xcomargs.py
[2025-09-29T16:26:47.620+0000] {logging_mixin.py:188} INFO - [2025-09-29T16:26:47.619+0000] {dag.py:3089} INFO - Sync 2 DAGs
[2025-09-29T16:26:47.660+0000] {logging_mixin.py:188} INFO - [2025-09-29T16:26:47.659+0000] {dag.py:3947} INFO - Setting next_dagrun for example_xcom_args to None, run_after=None
[2025-09-29T16:26:47.668+0000] {logging_mixin.py:188} INFO - [2025-09-29T16:26:47.667+0000] {dag.py:3947} INFO - Setting next_dagrun for example_xcom_args_with_operators to None, run_after=None
[2025-09-29T16:26:47.718+0000] {processor.py:183} INFO - Processing /home/airflow/.local/lib/python3.12/site-packages/airflow/example_dags/example_xcomargs.py took 0.208 seconds
[2025-09-29T16:27:18.270+0000] {processor.py:161} INFO - Started process (PID=27855) to work on /home/airflow/.local/lib/python3.12/site-packages/airflow/example_dags/example_xcomargs.py
[2025-09-29T16:27:18.272+0000] {processor.py:830} INFO - Processing file /home/airflow/.local/lib/python3.12/site-packages/airflow/example_dags/example_xcomargs.py for tasks to queue
[2025-09-29T16:27:18.274+0000] {logging_mixin.py:188} INFO - [2025-09-29T16:27:18.273+0000] {dagbag.py:545} INFO - Filling up the DagBag from /home/airflow/.local/lib/python3.12/site-packages/airflow/example_dags/example_xcomargs.py
[2025-09-29T16:27:18.293+0000] {processor.py:840} INFO - DAG(s) 'example_xcom_args_with_operators', 'example_xcom_args' retrieved from /home/airflow/.local/lib/python3.12/site-packages/airflow/example_dags/example_xcomargs.py
[2025-09-29T16:27:18.363+0000] {logging_mixin.py:188} INFO - [2025-09-29T16:27:18.362+0000] {dag.py:3089} INFO - Sync 2 DAGs
[2025-09-29T16:27:18.400+0000] {logging_mixin.py:188} INFO - [2025-09-29T16:27:18.400+0000] {dag.py:3947} INFO - Setting next_dagrun for example_xcom_args to None, run_after=None
[2025-09-29T16:27:18.408+0000] {logging_mixin.py:188} INFO - [2025-09-29T16:27:18.408+0000] {dag.py:3947} INFO - Setting next_dagrun for example_xcom_args_with_operators to None, run_after=None
[2025-09-29T16:27:18.451+0000] {processor.py:183} INFO - Processing /home/airflow/.local/lib/python3.12/site-packages/airflow/example_dags/example_xcomargs.py took 0.196 seconds
[2025-09-29T16:27:48.704+0000] {processor.py:161} INFO - Started process (PID=28118) to work on /home/airflow/.local/lib/python3.12/site-packages/airflow/example_dags/example_xcomargs.py
[2025-09-29T16:27:48.707+0000] {processor.py:830} INFO - Processing file /home/airflow/.local/lib/python3.12/site-packages/airflow/example_dags/example_xcomargs.py for tasks to queue
[2025-09-29T16:27:48.709+0000] {logging_mixin.py:188} INFO - [2025-09-29T16:27:48.708+0000] {dagbag.py:545} INFO - Filling up the DagBag from /home/airflow/.local/lib/python3.12/site-packages/airflow/example_dags/example_xcomargs.py
[2025-09-29T16:27:48.729+0000] {processor.py:840} INFO - DAG(s) 'example_xcom_args_with_operators', 'example_xcom_args' retrieved from /home/airflow/.local/lib/python3.12/site-packages/airflow/example_dags/example_xcomargs.py
[2025-09-29T16:27:48.814+0000] {logging_mixin.py:188} INFO - [2025-09-29T16:27:48.813+0000] {dag.py:3089} INFO - Sync 2 DAGs
[2025-09-29T16:27:48.848+0000] {logging_mixin.py:188} INFO - [2025-09-29T16:27:48.848+0000] {dag.py:3947} INFO - Setting next_dagrun for example_xcom_args to None, run_after=None
[2025-09-29T16:27:48.858+0000] {logging_mixin.py:188} INFO - [2025-09-29T16:27:48.858+0000] {dag.py:3947} INFO - Setting next_dagrun for example_xcom_args_with_operators to None, run_after=None
[2025-09-29T16:27:48.910+0000] {processor.py:183} INFO - Processing /home/airflow/.local/lib/python3.12/site-packages/airflow/example_dags/example_xcomargs.py took 0.223 seconds
[2025-09-29T16:28:19.248+0000] {processor.py:161} INFO - Started process (PID=28379) to work on /home/airflow/.local/lib/python3.12/site-packages/airflow/example_dags/example_xcomargs.py
[2025-09-29T16:28:19.251+0000] {processor.py:830} INFO - Processing file /home/airflow/.local/lib/python3.12/site-packages/airflow/example_dags/example_xcomargs.py for tasks to queue
[2025-09-29T16:28:19.253+0000] {logging_mixin.py:188} INFO - [2025-09-29T16:28:19.252+0000] {dagbag.py:545} INFO - Filling up the DagBag from /home/airflow/.local/lib/python3.12/site-packages/airflow/example_dags/example_xcomargs.py
[2025-09-29T16:28:19.273+0000] {processor.py:840} INFO - DAG(s) 'example_xcom_args', 'example_xcom_args_with_operators' retrieved from /home/airflow/.local/lib/python3.12/site-packages/airflow/example_dags/example_xcomargs.py
[2025-09-29T16:28:19.337+0000] {logging_mixin.py:188} INFO - [2025-09-29T16:28:19.336+0000] {dag.py:3089} INFO - Sync 2 DAGs
[2025-09-29T16:28:19.366+0000] {logging_mixin.py:188} INFO - [2025-09-29T16:28:19.365+0000] {dag.py:3947} INFO - Setting next_dagrun for example_xcom_args to None, run_after=None
[2025-09-29T16:28:19.373+0000] {logging_mixin.py:188} INFO - [2025-09-29T16:28:19.373+0000] {dag.py:3947} INFO - Setting next_dagrun for example_xcom_args_with_operators to None, run_after=None
[2025-09-29T16:28:19.413+0000] {processor.py:183} INFO - Processing /home/airflow/.local/lib/python3.12/site-packages/airflow/example_dags/example_xcomargs.py took 0.180 seconds
[2025-09-29T16:28:49.730+0000] {processor.py:161} INFO - Started process (PID=28638) to work on /home/airflow/.local/lib/python3.12/site-packages/airflow/example_dags/example_xcomargs.py
[2025-09-29T16:28:49.732+0000] {processor.py:830} INFO - Processing file /home/airflow/.local/lib/python3.12/site-packages/airflow/example_dags/example_xcomargs.py for tasks to queue
[2025-09-29T16:28:49.734+0000] {logging_mixin.py:188} INFO - [2025-09-29T16:28:49.733+0000] {dagbag.py:545} INFO - Filling up the DagBag from /home/airflow/.local/lib/python3.12/site-packages/airflow/example_dags/example_xcomargs.py
[2025-09-29T16:28:49.754+0000] {processor.py:840} INFO - DAG(s) 'example_xcom_args_with_operators', 'example_xcom_args' retrieved from /home/airflow/.local/lib/python3.12/site-packages/airflow/example_dags/example_xcomargs.py
[2025-09-29T16:28:49.824+0000] {logging_mixin.py:188} INFO - [2025-09-29T16:28:49.823+0000] {dag.py:3089} INFO - Sync 2 DAGs
[2025-09-29T16:28:49.853+0000] {logging_mixin.py:188} INFO - [2025-09-29T16:28:49.852+0000] {dag.py:3947} INFO - Setting next_dagrun for example_xcom_args to None, run_after=None
[2025-09-29T16:28:49.861+0000] {logging_mixin.py:188} INFO - [2025-09-29T16:28:49.861+0000] {dag.py:3947} INFO - Setting next_dagrun for example_xcom_args_with_operators to None, run_after=None
[2025-09-29T16:28:49.906+0000] {processor.py:183} INFO - Processing /home/airflow/.local/lib/python3.12/site-packages/airflow/example_dags/example_xcomargs.py took 0.191 seconds
[2025-09-29T16:29:20.847+0000] {processor.py:161} INFO - Started process (PID=28899) to work on /home/airflow/.local/lib/python3.12/site-packages/airflow/example_dags/example_xcomargs.py
[2025-09-29T16:29:20.850+0000] {processor.py:830} INFO - Processing file /home/airflow/.local/lib/python3.12/site-packages/airflow/example_dags/example_xcomargs.py for tasks to queue
[2025-09-29T16:29:20.852+0000] {logging_mixin.py:188} INFO - [2025-09-29T16:29:20.851+0000] {dagbag.py:545} INFO - Filling up the DagBag from /home/airflow/.local/lib/python3.12/site-packages/airflow/example_dags/example_xcomargs.py
[2025-09-29T16:29:20.873+0000] {processor.py:840} INFO - DAG(s) 'example_xcom_args', 'example_xcom_args_with_operators' retrieved from /home/airflow/.local/lib/python3.12/site-packages/airflow/example_dags/example_xcomargs.py
[2025-09-29T16:29:20.948+0000] {logging_mixin.py:188} INFO - [2025-09-29T16:29:20.947+0000] {dag.py:3089} INFO - Sync 2 DAGs
[2025-09-29T16:29:20.980+0000] {logging_mixin.py:188} INFO - [2025-09-29T16:29:20.979+0000] {dag.py:3947} INFO - Setting next_dagrun for example_xcom_args to None, run_after=None
[2025-09-29T16:29:20.989+0000] {logging_mixin.py:188} INFO - [2025-09-29T16:29:20.988+0000] {dag.py:3947} INFO - Setting next_dagrun for example_xcom_args_with_operators to None, run_after=None
[2025-09-29T16:29:21.033+0000] {processor.py:183} INFO - Processing /home/airflow/.local/lib/python3.12/site-packages/airflow/example_dags/example_xcomargs.py took 0.200 seconds
[2025-09-29T16:29:51.822+0000] {processor.py:161} INFO - Started process (PID=29160) to work on /home/airflow/.local/lib/python3.12/site-packages/airflow/example_dags/example_xcomargs.py
[2025-09-29T16:29:51.825+0000] {processor.py:830} INFO - Processing file /home/airflow/.local/lib/python3.12/site-packages/airflow/example_dags/example_xcomargs.py for tasks to queue
[2025-09-29T16:29:51.827+0000] {logging_mixin.py:188} INFO - [2025-09-29T16:29:51.826+0000] {dagbag.py:545} INFO - Filling up the DagBag from /home/airflow/.local/lib/python3.12/site-packages/airflow/example_dags/example_xcomargs.py
[2025-09-29T16:29:51.847+0000] {processor.py:840} INFO - DAG(s) 'example_xcom_args_with_operators', 'example_xcom_args' retrieved from /home/airflow/.local/lib/python3.12/site-packages/airflow/example_dags/example_xcomargs.py
[2025-09-29T16:29:51.913+0000] {logging_mixin.py:188} INFO - [2025-09-29T16:29:51.912+0000] {dag.py:3089} INFO - Sync 2 DAGs
[2025-09-29T16:29:51.946+0000] {logging_mixin.py:188} INFO - [2025-09-29T16:29:51.946+0000] {dag.py:3947} INFO - Setting next_dagrun for example_xcom_args to None, run_after=None
[2025-09-29T16:29:51.956+0000] {logging_mixin.py:188} INFO - [2025-09-29T16:29:51.955+0000] {dag.py:3947} INFO - Setting next_dagrun for example_xcom_args_with_operators to None, run_after=None
[2025-09-29T16:29:51.999+0000] {processor.py:183} INFO - Processing /home/airflow/.local/lib/python3.12/site-packages/airflow/example_dags/example_xcomargs.py took 0.192 seconds
[2025-09-29T16:30:22.567+0000] {processor.py:161} INFO - Started process (PID=29421) to work on /home/airflow/.local/lib/python3.12/site-packages/airflow/example_dags/example_xcomargs.py
[2025-09-29T16:30:22.570+0000] {processor.py:830} INFO - Processing file /home/airflow/.local/lib/python3.12/site-packages/airflow/example_dags/example_xcomargs.py for tasks to queue
[2025-09-29T16:30:22.572+0000] {logging_mixin.py:188} INFO - [2025-09-29T16:30:22.571+0000] {dagbag.py:545} INFO - Filling up the DagBag from /home/airflow/.local/lib/python3.12/site-packages/airflow/example_dags/example_xcomargs.py
[2025-09-29T16:30:22.595+0000] {processor.py:840} INFO - DAG(s) 'example_xcom_args_with_operators', 'example_xcom_args' retrieved from /home/airflow/.local/lib/python3.12/site-packages/airflow/example_dags/example_xcomargs.py
[2025-09-29T16:30:22.669+0000] {logging_mixin.py:188} INFO - [2025-09-29T16:30:22.668+0000] {dag.py:3089} INFO - Sync 2 DAGs
[2025-09-29T16:30:22.699+0000] {logging_mixin.py:188} INFO - [2025-09-29T16:30:22.698+0000] {dag.py:3947} INFO - Setting next_dagrun for example_xcom_args to None, run_after=None
[2025-09-29T16:30:22.708+0000] {logging_mixin.py:188} INFO - [2025-09-29T16:30:22.707+0000] {dag.py:3947} INFO - Setting next_dagrun for example_xcom_args_with_operators to None, run_after=None
[2025-09-29T16:30:22.759+0000] {processor.py:183} INFO - Processing /home/airflow/.local/lib/python3.12/site-packages/airflow/example_dags/example_xcomargs.py took 0.207 seconds
[2025-09-29T16:30:53.070+0000] {processor.py:161} INFO - Started process (PID=29682) to work on /home/airflow/.local/lib/python3.12/site-packages/airflow/example_dags/example_xcomargs.py
[2025-09-29T16:30:53.073+0000] {processor.py:830} INFO - Processing file /home/airflow/.local/lib/python3.12/site-packages/airflow/example_dags/example_xcomargs.py for tasks to queue
[2025-09-29T16:30:53.075+0000] {logging_mixin.py:188} INFO - [2025-09-29T16:30:53.074+0000] {dagbag.py:545} INFO - Filling up the DagBag from /home/airflow/.local/lib/python3.12/site-packages/airflow/example_dags/example_xcomargs.py
[2025-09-29T16:30:53.097+0000] {processor.py:840} INFO - DAG(s) 'example_xcom_args_with_operators', 'example_xcom_args' retrieved from /home/airflow/.local/lib/python3.12/site-packages/airflow/example_dags/example_xcomargs.py
[2025-09-29T16:30:53.173+0000] {logging_mixin.py:188} INFO - [2025-09-29T16:30:53.172+0000] {dag.py:3089} INFO - Sync 2 DAGs
[2025-09-29T16:30:53.205+0000] {logging_mixin.py:188} INFO - [2025-09-29T16:30:53.205+0000] {dag.py:3947} INFO - Setting next_dagrun for example_xcom_args to None, run_after=None
[2025-09-29T16:30:53.214+0000] {logging_mixin.py:188} INFO - [2025-09-29T16:30:53.213+0000] {dag.py:3947} INFO - Setting next_dagrun for example_xcom_args_with_operators to None, run_after=None
[2025-09-29T16:30:53.262+0000] {processor.py:183} INFO - Processing /home/airflow/.local/lib/python3.12/site-packages/airflow/example_dags/example_xcomargs.py took 0.209 seconds
[2025-09-29T16:31:23.566+0000] {processor.py:161} INFO - Started process (PID=29943) to work on /home/airflow/.local/lib/python3.12/site-packages/airflow/example_dags/example_xcomargs.py
[2025-09-29T16:31:23.569+0000] {processor.py:830} INFO - Processing file /home/airflow/.local/lib/python3.12/site-packages/airflow/example_dags/example_xcomargs.py for tasks to queue
[2025-09-29T16:31:23.570+0000] {logging_mixin.py:188} INFO - [2025-09-29T16:31:23.570+0000] {dagbag.py:545} INFO - Filling up the DagBag from /home/airflow/.local/lib/python3.12/site-packages/airflow/example_dags/example_xcomargs.py
[2025-09-29T16:31:23.591+0000] {processor.py:840} INFO - DAG(s) 'example_xcom_args_with_operators', 'example_xcom_args' retrieved from /home/airflow/.local/lib/python3.12/site-packages/airflow/example_dags/example_xcomargs.py
[2025-09-29T16:31:23.672+0000] {logging_mixin.py:188} INFO - [2025-09-29T16:31:23.671+0000] {dag.py:3089} INFO - Sync 2 DAGs
[2025-09-29T16:31:23.705+0000] {logging_mixin.py:188} INFO - [2025-09-29T16:31:23.705+0000] {dag.py:3947} INFO - Setting next_dagrun for example_xcom_args to None, run_after=None
[2025-09-29T16:31:23.714+0000] {logging_mixin.py:188} INFO - [2025-09-29T16:31:23.713+0000] {dag.py:3947} INFO - Setting next_dagrun for example_xcom_args_with_operators to None, run_after=None
[2025-09-29T16:31:23.755+0000] {processor.py:183} INFO - Processing /home/airflow/.local/lib/python3.12/site-packages/airflow/example_dags/example_xcomargs.py took 0.204 seconds
[2025-09-29T16:31:54.142+0000] {processor.py:161} INFO - Started process (PID=30204) to work on /home/airflow/.local/lib/python3.12/site-packages/airflow/example_dags/example_xcomargs.py
[2025-09-29T16:31:54.145+0000] {processor.py:830} INFO - Processing file /home/airflow/.local/lib/python3.12/site-packages/airflow/example_dags/example_xcomargs.py for tasks to queue
[2025-09-29T16:31:54.146+0000] {logging_mixin.py:188} INFO - [2025-09-29T16:31:54.146+0000] {dagbag.py:545} INFO - Filling up the DagBag from /home/airflow/.local/lib/python3.12/site-packages/airflow/example_dags/example_xcomargs.py
[2025-09-29T16:31:54.165+0000] {processor.py:840} INFO - DAG(s) 'example_xcom_args_with_operators', 'example_xcom_args' retrieved from /home/airflow/.local/lib/python3.12/site-packages/airflow/example_dags/example_xcomargs.py
[2025-09-29T16:31:54.230+0000] {logging_mixin.py:188} INFO - [2025-09-29T16:31:54.230+0000] {dag.py:3089} INFO - Sync 2 DAGs
[2025-09-29T16:31:54.260+0000] {logging_mixin.py:188} INFO - [2025-09-29T16:31:54.260+0000] {dag.py:3947} INFO - Setting next_dagrun for example_xcom_args to None, run_after=None
[2025-09-29T16:31:54.268+0000] {logging_mixin.py:188} INFO - [2025-09-29T16:31:54.267+0000] {dag.py:3947} INFO - Setting next_dagrun for example_xcom_args_with_operators to None, run_after=None
[2025-09-29T16:31:54.310+0000] {processor.py:183} INFO - Processing /home/airflow/.local/lib/python3.12/site-packages/airflow/example_dags/example_xcomargs.py took 0.183 seconds
[2025-09-29T16:32:24.916+0000] {processor.py:161} INFO - Started process (PID=30465) to work on /home/airflow/.local/lib/python3.12/site-packages/airflow/example_dags/example_xcomargs.py
[2025-09-29T16:32:24.919+0000] {processor.py:830} INFO - Processing file /home/airflow/.local/lib/python3.12/site-packages/airflow/example_dags/example_xcomargs.py for tasks to queue
[2025-09-29T16:32:24.921+0000] {logging_mixin.py:188} INFO - [2025-09-29T16:32:24.920+0000] {dagbag.py:545} INFO - Filling up the DagBag from /home/airflow/.local/lib/python3.12/site-packages/airflow/example_dags/example_xcomargs.py
[2025-09-29T16:32:24.949+0000] {processor.py:840} INFO - DAG(s) 'example_xcom_args', 'example_xcom_args_with_operators' retrieved from /home/airflow/.local/lib/python3.12/site-packages/airflow/example_dags/example_xcomargs.py
[2025-09-29T16:32:25.023+0000] {logging_mixin.py:188} INFO - [2025-09-29T16:32:25.022+0000] {dag.py:3089} INFO - Sync 2 DAGs
[2025-09-29T16:32:25.057+0000] {logging_mixin.py:188} INFO - [2025-09-29T16:32:25.057+0000] {dag.py:3947} INFO - Setting next_dagrun for example_xcom_args to None, run_after=None
[2025-09-29T16:32:25.070+0000] {logging_mixin.py:188} INFO - [2025-09-29T16:32:25.069+0000] {dag.py:3947} INFO - Setting next_dagrun for example_xcom_args_with_operators to None, run_after=None
[2025-09-29T16:32:25.135+0000] {processor.py:183} INFO - Processing /home/airflow/.local/lib/python3.12/site-packages/airflow/example_dags/example_xcomargs.py took 0.240 seconds
[2025-09-29T16:32:55.391+0000] {processor.py:161} INFO - Started process (PID=30726) to work on /home/airflow/.local/lib/python3.12/site-packages/airflow/example_dags/example_xcomargs.py
[2025-09-29T16:32:55.394+0000] {processor.py:830} INFO - Processing file /home/airflow/.local/lib/python3.12/site-packages/airflow/example_dags/example_xcomargs.py for tasks to queue
[2025-09-29T16:32:55.396+0000] {logging_mixin.py:188} INFO - [2025-09-29T16:32:55.395+0000] {dagbag.py:545} INFO - Filling up the DagBag from /home/airflow/.local/lib/python3.12/site-packages/airflow/example_dags/example_xcomargs.py
[2025-09-29T16:32:55.420+0000] {processor.py:840} INFO - DAG(s) 'example_xcom_args', 'example_xcom_args_with_operators' retrieved from /home/airflow/.local/lib/python3.12/site-packages/airflow/example_dags/example_xcomargs.py
[2025-09-29T16:32:55.492+0000] {logging_mixin.py:188} INFO - [2025-09-29T16:32:55.491+0000] {dag.py:3089} INFO - Sync 2 DAGs
[2025-09-29T16:32:55.530+0000] {logging_mixin.py:188} INFO - [2025-09-29T16:32:55.529+0000] {dag.py:3947} INFO - Setting next_dagrun for example_xcom_args to None, run_after=None
[2025-09-29T16:32:55.538+0000] {logging_mixin.py:188} INFO - [2025-09-29T16:32:55.538+0000] {dag.py:3947} INFO - Setting next_dagrun for example_xcom_args_with_operators to None, run_after=None
[2025-09-29T16:32:55.583+0000] {processor.py:183} INFO - Processing /home/airflow/.local/lib/python3.12/site-packages/airflow/example_dags/example_xcomargs.py took 0.210 seconds
[2025-09-29T16:33:25.899+0000] {processor.py:161} INFO - Started process (PID=30987) to work on /home/airflow/.local/lib/python3.12/site-packages/airflow/example_dags/example_xcomargs.py
[2025-09-29T16:33:25.902+0000] {processor.py:830} INFO - Processing file /home/airflow/.local/lib/python3.12/site-packages/airflow/example_dags/example_xcomargs.py for tasks to queue
[2025-09-29T16:33:25.904+0000] {logging_mixin.py:188} INFO - [2025-09-29T16:33:25.904+0000] {dagbag.py:545} INFO - Filling up the DagBag from /home/airflow/.local/lib/python3.12/site-packages/airflow/example_dags/example_xcomargs.py
[2025-09-29T16:33:25.926+0000] {processor.py:840} INFO - DAG(s) 'example_xcom_args', 'example_xcom_args_with_operators' retrieved from /home/airflow/.local/lib/python3.12/site-packages/airflow/example_dags/example_xcomargs.py
[2025-09-29T16:33:26.005+0000] {logging_mixin.py:188} INFO - [2025-09-29T16:33:26.004+0000] {dag.py:3089} INFO - Sync 2 DAGs
[2025-09-29T16:33:26.046+0000] {logging_mixin.py:188} INFO - [2025-09-29T16:33:26.045+0000] {dag.py:3947} INFO - Setting next_dagrun for example_xcom_args to None, run_after=None
[2025-09-29T16:33:26.059+0000] {logging_mixin.py:188} INFO - [2025-09-29T16:33:26.059+0000] {dag.py:3947} INFO - Setting next_dagrun for example_xcom_args_with_operators to None, run_after=None
[2025-09-29T16:33:26.113+0000] {processor.py:183} INFO - Processing /home/airflow/.local/lib/python3.12/site-packages/airflow/example_dags/example_xcomargs.py took 0.230 seconds
[2025-09-29T16:33:57.005+0000] {processor.py:161} INFO - Started process (PID=31248) to work on /home/airflow/.local/lib/python3.12/site-packages/airflow/example_dags/example_xcomargs.py
[2025-09-29T16:33:57.008+0000] {processor.py:830} INFO - Processing file /home/airflow/.local/lib/python3.12/site-packages/airflow/example_dags/example_xcomargs.py for tasks to queue
[2025-09-29T16:33:57.010+0000] {logging_mixin.py:188} INFO - [2025-09-29T16:33:57.009+0000] {dagbag.py:545} INFO - Filling up the DagBag from /home/airflow/.local/lib/python3.12/site-packages/airflow/example_dags/example_xcomargs.py
[2025-09-29T16:33:57.034+0000] {processor.py:840} INFO - DAG(s) 'example_xcom_args_with_operators', 'example_xcom_args' retrieved from /home/airflow/.local/lib/python3.12/site-packages/airflow/example_dags/example_xcomargs.py
[2025-09-29T16:33:57.106+0000] {logging_mixin.py:188} INFO - [2025-09-29T16:33:57.105+0000] {dag.py:3089} INFO - Sync 2 DAGs
[2025-09-29T16:33:57.139+0000] {logging_mixin.py:188} INFO - [2025-09-29T16:33:57.139+0000] {dag.py:3947} INFO - Setting next_dagrun for example_xcom_args to None, run_after=None
[2025-09-29T16:33:57.148+0000] {logging_mixin.py:188} INFO - [2025-09-29T16:33:57.148+0000] {dag.py:3947} INFO - Setting next_dagrun for example_xcom_args_with_operators to None, run_after=None
[2025-09-29T16:33:57.200+0000] {processor.py:183} INFO - Processing /home/airflow/.local/lib/python3.12/site-packages/airflow/example_dags/example_xcomargs.py took 0.213 seconds
[2025-09-29T16:34:28.920+0000] {processor.py:161} INFO - Started process (PID=31511) to work on /home/airflow/.local/lib/python3.12/site-packages/airflow/example_dags/example_xcomargs.py
[2025-09-29T16:34:28.924+0000] {processor.py:830} INFO - Processing file /home/airflow/.local/lib/python3.12/site-packages/airflow/example_dags/example_xcomargs.py for tasks to queue
[2025-09-29T16:34:28.926+0000] {logging_mixin.py:188} INFO - [2025-09-29T16:34:28.925+0000] {dagbag.py:545} INFO - Filling up the DagBag from /home/airflow/.local/lib/python3.12/site-packages/airflow/example_dags/example_xcomargs.py
[2025-09-29T16:34:28.949+0000] {processor.py:840} INFO - DAG(s) 'example_xcom_args', 'example_xcom_args_with_operators' retrieved from /home/airflow/.local/lib/python3.12/site-packages/airflow/example_dags/example_xcomargs.py
[2025-09-29T16:34:29.025+0000] {logging_mixin.py:188} INFO - [2025-09-29T16:34:29.024+0000] {dag.py:3089} INFO - Sync 2 DAGs
[2025-09-29T16:34:29.058+0000] {logging_mixin.py:188} INFO - [2025-09-29T16:34:29.057+0000] {dag.py:3947} INFO - Setting next_dagrun for example_xcom_args to None, run_after=None
[2025-09-29T16:34:29.068+0000] {logging_mixin.py:188} INFO - [2025-09-29T16:34:29.067+0000] {dag.py:3947} INFO - Setting next_dagrun for example_xcom_args_with_operators to None, run_after=None
[2025-09-29T16:34:29.111+0000] {processor.py:183} INFO - Processing /home/airflow/.local/lib/python3.12/site-packages/airflow/example_dags/example_xcomargs.py took 0.209 seconds
[2025-09-29T16:47:35.532+0000] {processor.py:161} INFO - Started process (PID=387) to work on /home/airflow/.local/lib/python3.12/site-packages/airflow/example_dags/example_xcomargs.py
[2025-09-29T16:47:35.535+0000] {processor.py:830} INFO - Processing file /home/airflow/.local/lib/python3.12/site-packages/airflow/example_dags/example_xcomargs.py for tasks to queue
[2025-09-29T16:47:35.539+0000] {logging_mixin.py:188} INFO - [2025-09-29T16:47:35.539+0000] {dagbag.py:545} INFO - Filling up the DagBag from /home/airflow/.local/lib/python3.12/site-packages/airflow/example_dags/example_xcomargs.py
[2025-09-29T16:47:35.561+0000] {processor.py:840} INFO - DAG(s) 'example_xcom_args', 'example_xcom_args_with_operators' retrieved from /home/airflow/.local/lib/python3.12/site-packages/airflow/example_dags/example_xcomargs.py
[2025-09-29T16:47:35.599+0000] {logging_mixin.py:188} INFO - [2025-09-29T16:47:35.599+0000] {dag.py:3089} INFO - Sync 2 DAGs
[2025-09-29T16:47:35.636+0000] {logging_mixin.py:188} INFO - [2025-09-29T16:47:35.635+0000] {dag.py:3947} INFO - Setting next_dagrun for example_xcom_args to None, run_after=None
[2025-09-29T16:47:35.645+0000] {logging_mixin.py:188} INFO - [2025-09-29T16:47:35.645+0000] {dag.py:3947} INFO - Setting next_dagrun for example_xcom_args_with_operators to None, run_after=None
[2025-09-29T16:47:35.688+0000] {processor.py:183} INFO - Processing /home/airflow/.local/lib/python3.12/site-packages/airflow/example_dags/example_xcomargs.py took 0.170 seconds
[2025-09-29T16:48:15.251+0000] {processor.py:161} INFO - Started process (PID=661) to work on /home/airflow/.local/lib/python3.12/site-packages/airflow/example_dags/example_xcomargs.py
[2025-09-29T16:48:15.345+0000] {processor.py:830} INFO - Processing file /home/airflow/.local/lib/python3.12/site-packages/airflow/example_dags/example_xcomargs.py for tasks to queue
[2025-09-29T16:48:15.350+0000] {logging_mixin.py:188} INFO - [2025-09-29T16:48:15.349+0000] {dagbag.py:545} INFO - Filling up the DagBag from /home/airflow/.local/lib/python3.12/site-packages/airflow/example_dags/example_xcomargs.py
[2025-09-29T16:48:15.373+0000] {processor.py:840} INFO - DAG(s) 'example_xcom_args', 'example_xcom_args_with_operators' retrieved from /home/airflow/.local/lib/python3.12/site-packages/airflow/example_dags/example_xcomargs.py
[2025-09-29T16:48:15.696+0000] {logging_mixin.py:188} INFO - [2025-09-29T16:48:15.696+0000] {dag.py:3089} INFO - Sync 2 DAGs
[2025-09-29T16:48:15.723+0000] {logging_mixin.py:188} INFO - [2025-09-29T16:48:15.723+0000] {dag.py:3947} INFO - Setting next_dagrun for example_xcom_args to None, run_after=None
[2025-09-29T16:48:15.732+0000] {logging_mixin.py:188} INFO - [2025-09-29T16:48:15.731+0000] {dag.py:3947} INFO - Setting next_dagrun for example_xcom_args_with_operators to None, run_after=None
[2025-09-29T16:48:15.983+0000] {processor.py:183} INFO - Processing /home/airflow/.local/lib/python3.12/site-packages/airflow/example_dags/example_xcomargs.py took 0.747 seconds
[2025-09-29T16:48:46.313+0000] {processor.py:161} INFO - Started process (PID=931) to work on /home/airflow/.local/lib/python3.12/site-packages/airflow/example_dags/example_xcomargs.py
[2025-09-29T16:48:46.316+0000] {processor.py:830} INFO - Processing file /home/airflow/.local/lib/python3.12/site-packages/airflow/example_dags/example_xcomargs.py for tasks to queue
[2025-09-29T16:48:46.321+0000] {logging_mixin.py:188} INFO - [2025-09-29T16:48:46.320+0000] {dagbag.py:545} INFO - Filling up the DagBag from /home/airflow/.local/lib/python3.12/site-packages/airflow/example_dags/example_xcomargs.py
[2025-09-29T16:48:46.346+0000] {processor.py:840} INFO - DAG(s) 'example_xcom_args', 'example_xcom_args_with_operators' retrieved from /home/airflow/.local/lib/python3.12/site-packages/airflow/example_dags/example_xcomargs.py
[2025-09-29T16:48:46.436+0000] {logging_mixin.py:188} INFO - [2025-09-29T16:48:46.435+0000] {dag.py:3089} INFO - Sync 2 DAGs
[2025-09-29T16:48:46.497+0000] {logging_mixin.py:188} INFO - [2025-09-29T16:48:46.496+0000] {dag.py:3947} INFO - Setting next_dagrun for example_xcom_args to None, run_after=None
[2025-09-29T16:48:46.509+0000] {logging_mixin.py:188} INFO - [2025-09-29T16:48:46.508+0000] {dag.py:3947} INFO - Setting next_dagrun for example_xcom_args_with_operators to None, run_after=None
[2025-09-29T16:48:46.571+0000] {processor.py:183} INFO - Processing /home/airflow/.local/lib/python3.12/site-packages/airflow/example_dags/example_xcomargs.py took 0.278 seconds
[2025-09-29T16:55:38.693+0000] {processor.py:161} INFO - Started process (PID=416) to work on /home/airflow/.local/lib/python3.12/site-packages/airflow/example_dags/example_xcomargs.py
[2025-09-29T16:55:38.696+0000] {processor.py:830} INFO - Processing file /home/airflow/.local/lib/python3.12/site-packages/airflow/example_dags/example_xcomargs.py for tasks to queue
[2025-09-29T16:55:38.700+0000] {logging_mixin.py:188} INFO - [2025-09-29T16:55:38.699+0000] {dagbag.py:545} INFO - Filling up the DagBag from /home/airflow/.local/lib/python3.12/site-packages/airflow/example_dags/example_xcomargs.py
[2025-09-29T16:55:38.729+0000] {processor.py:840} INFO - DAG(s) 'example_xcom_args_with_operators', 'example_xcom_args' retrieved from /home/airflow/.local/lib/python3.12/site-packages/airflow/example_dags/example_xcomargs.py
[2025-09-29T16:55:38.768+0000] {logging_mixin.py:188} INFO - [2025-09-29T16:55:38.768+0000] {dag.py:3089} INFO - Sync 2 DAGs
[2025-09-29T16:55:38.816+0000] {logging_mixin.py:188} INFO - [2025-09-29T16:55:38.816+0000] {dag.py:3947} INFO - Setting next_dagrun for example_xcom_args to None, run_after=None
[2025-09-29T16:55:38.826+0000] {logging_mixin.py:188} INFO - [2025-09-29T16:55:38.825+0000] {dag.py:3947} INFO - Setting next_dagrun for example_xcom_args_with_operators to None, run_after=None
[2025-09-29T16:55:38.873+0000] {processor.py:183} INFO - Processing /home/airflow/.local/lib/python3.12/site-packages/airflow/example_dags/example_xcomargs.py took 0.194 seconds
[2025-09-29T16:56:19.163+0000] {processor.py:161} INFO - Started process (PID=689) to work on /home/airflow/.local/lib/python3.12/site-packages/airflow/example_dags/example_xcomargs.py
[2025-09-29T16:56:19.166+0000] {processor.py:830} INFO - Processing file /home/airflow/.local/lib/python3.12/site-packages/airflow/example_dags/example_xcomargs.py for tasks to queue
[2025-09-29T16:56:19.170+0000] {logging_mixin.py:188} INFO - [2025-09-29T16:56:19.169+0000] {dagbag.py:545} INFO - Filling up the DagBag from /home/airflow/.local/lib/python3.12/site-packages/airflow/example_dags/example_xcomargs.py
[2025-09-29T16:56:19.190+0000] {processor.py:840} INFO - DAG(s) 'example_xcom_args', 'example_xcom_args_with_operators' retrieved from /home/airflow/.local/lib/python3.12/site-packages/airflow/example_dags/example_xcomargs.py
[2025-09-29T16:56:19.476+0000] {logging_mixin.py:188} INFO - [2025-09-29T16:56:19.475+0000] {dag.py:3089} INFO - Sync 2 DAGs
[2025-09-29T16:56:19.504+0000] {logging_mixin.py:188} INFO - [2025-09-29T16:56:19.504+0000] {dag.py:3947} INFO - Setting next_dagrun for example_xcom_args to None, run_after=None
[2025-09-29T16:56:19.512+0000] {logging_mixin.py:188} INFO - [2025-09-29T16:56:19.512+0000] {dag.py:3947} INFO - Setting next_dagrun for example_xcom_args_with_operators to None, run_after=None
[2025-09-29T16:56:19.567+0000] {processor.py:183} INFO - Processing /home/airflow/.local/lib/python3.12/site-packages/airflow/example_dags/example_xcomargs.py took 0.419 seconds
[2025-09-29T16:56:49.735+0000] {processor.py:161} INFO - Started process (PID=955) to work on /home/airflow/.local/lib/python3.12/site-packages/airflow/example_dags/example_xcomargs.py
[2025-09-29T16:56:49.737+0000] {processor.py:830} INFO - Processing file /home/airflow/.local/lib/python3.12/site-packages/airflow/example_dags/example_xcomargs.py for tasks to queue
[2025-09-29T16:56:49.744+0000] {logging_mixin.py:188} INFO - [2025-09-29T16:56:49.743+0000] {dagbag.py:545} INFO - Filling up the DagBag from /home/airflow/.local/lib/python3.12/site-packages/airflow/example_dags/example_xcomargs.py
[2025-09-29T16:56:49.765+0000] {processor.py:840} INFO - DAG(s) 'example_xcom_args', 'example_xcom_args_with_operators' retrieved from /home/airflow/.local/lib/python3.12/site-packages/airflow/example_dags/example_xcomargs.py
[2025-09-29T16:56:49.838+0000] {logging_mixin.py:188} INFO - [2025-09-29T16:56:49.838+0000] {dag.py:3089} INFO - Sync 2 DAGs
[2025-09-29T16:56:49.874+0000] {logging_mixin.py:188} INFO - [2025-09-29T16:56:49.873+0000] {dag.py:3947} INFO - Setting next_dagrun for example_xcom_args to None, run_after=None
[2025-09-29T16:56:49.883+0000] {logging_mixin.py:188} INFO - [2025-09-29T16:56:49.882+0000] {dag.py:3947} INFO - Setting next_dagrun for example_xcom_args_with_operators to None, run_after=None
[2025-09-29T16:56:49.936+0000] {processor.py:183} INFO - Processing /home/airflow/.local/lib/python3.12/site-packages/airflow/example_dags/example_xcomargs.py took 0.220 seconds
[2025-09-29T16:57:24.095+0000] {processor.py:161} INFO - Started process (PID=1224) to work on /home/airflow/.local/lib/python3.12/site-packages/airflow/example_dags/example_xcomargs.py
[2025-09-29T16:57:24.099+0000] {processor.py:830} INFO - Processing file /home/airflow/.local/lib/python3.12/site-packages/airflow/example_dags/example_xcomargs.py for tasks to queue
[2025-09-29T16:57:24.104+0000] {logging_mixin.py:188} INFO - [2025-09-29T16:57:24.103+0000] {dagbag.py:545} INFO - Filling up the DagBag from /home/airflow/.local/lib/python3.12/site-packages/airflow/example_dags/example_xcomargs.py
[2025-09-29T16:57:24.155+0000] {processor.py:840} INFO - DAG(s) 'example_xcom_args_with_operators', 'example_xcom_args' retrieved from /home/airflow/.local/lib/python3.12/site-packages/airflow/example_dags/example_xcomargs.py
[2025-09-29T16:57:24.315+0000] {logging_mixin.py:188} INFO - [2025-09-29T16:57:24.314+0000] {dag.py:3089} INFO - Sync 2 DAGs
[2025-09-29T16:57:24.406+0000] {logging_mixin.py:188} INFO - [2025-09-29T16:57:24.404+0000] {dag.py:3947} INFO - Setting next_dagrun for example_xcom_args to None, run_after=None
[2025-09-29T16:57:24.421+0000] {logging_mixin.py:188} INFO - [2025-09-29T16:57:24.421+0000] {dag.py:3947} INFO - Setting next_dagrun for example_xcom_args_with_operators to None, run_after=None
[2025-09-29T16:57:24.481+0000] {processor.py:183} INFO - Processing /home/airflow/.local/lib/python3.12/site-packages/airflow/example_dags/example_xcomargs.py took 0.405 seconds
[2025-09-29T16:57:55.162+0000] {processor.py:161} INFO - Started process (PID=1486) to work on /home/airflow/.local/lib/python3.12/site-packages/airflow/example_dags/example_xcomargs.py
[2025-09-29T16:57:55.166+0000] {processor.py:830} INFO - Processing file /home/airflow/.local/lib/python3.12/site-packages/airflow/example_dags/example_xcomargs.py for tasks to queue
[2025-09-29T16:57:55.178+0000] {logging_mixin.py:188} INFO - [2025-09-29T16:57:55.176+0000] {dagbag.py:545} INFO - Filling up the DagBag from /home/airflow/.local/lib/python3.12/site-packages/airflow/example_dags/example_xcomargs.py
[2025-09-29T16:57:54.502+0000] {processor.py:840} INFO - DAG(s) 'example_xcom_args', 'example_xcom_args_with_operators' retrieved from /home/airflow/.local/lib/python3.12/site-packages/airflow/example_dags/example_xcomargs.py
[2025-09-29T16:57:53.720+0000] {logging_mixin.py:188} INFO - [2025-09-29T16:57:53.720+0000] {dag.py:3089} INFO - Sync 2 DAGs
[2025-09-29T16:57:53.762+0000] {logging_mixin.py:188} INFO - [2025-09-29T16:57:53.761+0000] {dag.py:3947} INFO - Setting next_dagrun for example_xcom_args to None, run_after=None
[2025-09-29T16:57:53.771+0000] {logging_mixin.py:188} INFO - [2025-09-29T16:57:53.770+0000] {dag.py:3947} INFO - Setting next_dagrun for example_xcom_args_with_operators to None, run_after=None
[2025-09-29T16:57:53.834+0000] {processor.py:183} INFO - Processing /home/airflow/.local/lib/python3.12/site-packages/airflow/example_dags/example_xcomargs.py took 0.306 seconds
[2025-09-29T16:58:25.113+0000] {processor.py:161} INFO - Started process (PID=1723) to work on /home/airflow/.local/lib/python3.12/site-packages/airflow/example_dags/example_xcomargs.py
[2025-09-29T16:58:25.116+0000] {processor.py:830} INFO - Processing file /home/airflow/.local/lib/python3.12/site-packages/airflow/example_dags/example_xcomargs.py for tasks to queue
[2025-09-29T16:58:25.121+0000] {logging_mixin.py:188} INFO - [2025-09-29T16:58:25.120+0000] {dagbag.py:545} INFO - Filling up the DagBag from /home/airflow/.local/lib/python3.12/site-packages/airflow/example_dags/example_xcomargs.py
[2025-09-29T16:58:25.147+0000] {processor.py:840} INFO - DAG(s) 'example_xcom_args_with_operators', 'example_xcom_args' retrieved from /home/airflow/.local/lib/python3.12/site-packages/airflow/example_dags/example_xcomargs.py
[2025-09-29T16:58:25.225+0000] {logging_mixin.py:188} INFO - [2025-09-29T16:58:25.224+0000] {dag.py:3089} INFO - Sync 2 DAGs
[2025-09-29T16:58:25.259+0000] {logging_mixin.py:188} INFO - [2025-09-29T16:58:25.258+0000] {dag.py:3947} INFO - Setting next_dagrun for example_xcom_args to None, run_after=None
[2025-09-29T16:58:25.267+0000] {logging_mixin.py:188} INFO - [2025-09-29T16:58:25.267+0000] {dag.py:3947} INFO - Setting next_dagrun for example_xcom_args_with_operators to None, run_after=None
[2025-09-29T16:58:25.310+0000] {processor.py:183} INFO - Processing /home/airflow/.local/lib/python3.12/site-packages/airflow/example_dags/example_xcomargs.py took 0.215 seconds
[2025-09-29T16:58:56.784+0000] {processor.py:161} INFO - Started process (PID=2005) to work on /home/airflow/.local/lib/python3.12/site-packages/airflow/example_dags/example_xcomargs.py
[2025-09-29T16:58:56.787+0000] {processor.py:830} INFO - Processing file /home/airflow/.local/lib/python3.12/site-packages/airflow/example_dags/example_xcomargs.py for tasks to queue
[2025-09-29T16:58:56.792+0000] {logging_mixin.py:188} INFO - [2025-09-29T16:58:56.791+0000] {dagbag.py:545} INFO - Filling up the DagBag from /home/airflow/.local/lib/python3.12/site-packages/airflow/example_dags/example_xcomargs.py
[2025-09-29T16:58:56.813+0000] {processor.py:840} INFO - DAG(s) 'example_xcom_args_with_operators', 'example_xcom_args' retrieved from /home/airflow/.local/lib/python3.12/site-packages/airflow/example_dags/example_xcomargs.py
[2025-09-29T16:58:56.877+0000] {logging_mixin.py:188} INFO - [2025-09-29T16:58:56.877+0000] {dag.py:3089} INFO - Sync 2 DAGs
[2025-09-29T16:58:56.908+0000] {logging_mixin.py:188} INFO - [2025-09-29T16:58:56.908+0000] {dag.py:3947} INFO - Setting next_dagrun for example_xcom_args to None, run_after=None
[2025-09-29T16:58:56.917+0000] {logging_mixin.py:188} INFO - [2025-09-29T16:58:56.916+0000] {dag.py:3947} INFO - Setting next_dagrun for example_xcom_args_with_operators to None, run_after=None
[2025-09-29T16:58:56.958+0000] {processor.py:183} INFO - Processing /home/airflow/.local/lib/python3.12/site-packages/airflow/example_dags/example_xcomargs.py took 0.190 seconds
[2025-09-29T16:59:28.084+0000] {processor.py:161} INFO - Started process (PID=2272) to work on /home/airflow/.local/lib/python3.12/site-packages/airflow/example_dags/example_xcomargs.py
[2025-09-29T16:59:28.087+0000] {processor.py:830} INFO - Processing file /home/airflow/.local/lib/python3.12/site-packages/airflow/example_dags/example_xcomargs.py for tasks to queue
[2025-09-29T16:59:28.091+0000] {logging_mixin.py:188} INFO - [2025-09-29T16:59:28.090+0000] {dagbag.py:545} INFO - Filling up the DagBag from /home/airflow/.local/lib/python3.12/site-packages/airflow/example_dags/example_xcomargs.py
[2025-09-29T16:59:28.111+0000] {processor.py:840} INFO - DAG(s) 'example_xcom_args_with_operators', 'example_xcom_args' retrieved from /home/airflow/.local/lib/python3.12/site-packages/airflow/example_dags/example_xcomargs.py
[2025-09-29T16:59:28.179+0000] {logging_mixin.py:188} INFO - [2025-09-29T16:59:28.179+0000] {dag.py:3089} INFO - Sync 2 DAGs
[2025-09-29T16:59:28.212+0000] {logging_mixin.py:188} INFO - [2025-09-29T16:59:28.211+0000] {dag.py:3947} INFO - Setting next_dagrun for example_xcom_args to None, run_after=None
[2025-09-29T16:59:28.220+0000] {logging_mixin.py:188} INFO - [2025-09-29T16:59:28.220+0000] {dag.py:3947} INFO - Setting next_dagrun for example_xcom_args_with_operators to None, run_after=None
[2025-09-29T16:59:28.263+0000] {processor.py:183} INFO - Processing /home/airflow/.local/lib/python3.12/site-packages/airflow/example_dags/example_xcomargs.py took 0.194 seconds
[2025-09-29T16:59:59.159+0000] {processor.py:161} INFO - Started process (PID=2534) to work on /home/airflow/.local/lib/python3.12/site-packages/airflow/example_dags/example_xcomargs.py
[2025-09-29T16:59:59.163+0000] {processor.py:830} INFO - Processing file /home/airflow/.local/lib/python3.12/site-packages/airflow/example_dags/example_xcomargs.py for tasks to queue
[2025-09-29T16:59:59.168+0000] {logging_mixin.py:188} INFO - [2025-09-29T16:59:59.166+0000] {dagbag.py:545} INFO - Filling up the DagBag from /home/airflow/.local/lib/python3.12/site-packages/airflow/example_dags/example_xcomargs.py
[2025-09-29T16:59:59.189+0000] {processor.py:840} INFO - DAG(s) 'example_xcom_args', 'example_xcom_args_with_operators' retrieved from /home/airflow/.local/lib/python3.12/site-packages/airflow/example_dags/example_xcomargs.py
[2025-09-29T16:59:59.260+0000] {logging_mixin.py:188} INFO - [2025-09-29T16:59:59.259+0000] {dag.py:3089} INFO - Sync 2 DAGs
[2025-09-29T16:59:59.294+0000] {logging_mixin.py:188} INFO - [2025-09-29T16:59:59.293+0000] {dag.py:3947} INFO - Setting next_dagrun for example_xcom_args to None, run_after=None
[2025-09-29T16:59:59.302+0000] {logging_mixin.py:188} INFO - [2025-09-29T16:59:59.301+0000] {dag.py:3947} INFO - Setting next_dagrun for example_xcom_args_with_operators to None, run_after=None
[2025-09-29T16:59:59.348+0000] {processor.py:183} INFO - Processing /home/airflow/.local/lib/python3.12/site-packages/airflow/example_dags/example_xcomargs.py took 0.205 seconds
[2025-09-29T17:00:30.274+0000] {processor.py:161} INFO - Started process (PID=2796) to work on /home/airflow/.local/lib/python3.12/site-packages/airflow/example_dags/example_xcomargs.py
[2025-09-29T17:00:30.277+0000] {processor.py:830} INFO - Processing file /home/airflow/.local/lib/python3.12/site-packages/airflow/example_dags/example_xcomargs.py for tasks to queue
[2025-09-29T17:00:30.281+0000] {logging_mixin.py:188} INFO - [2025-09-29T17:00:30.281+0000] {dagbag.py:545} INFO - Filling up the DagBag from /home/airflow/.local/lib/python3.12/site-packages/airflow/example_dags/example_xcomargs.py
[2025-09-29T17:00:30.303+0000] {processor.py:840} INFO - DAG(s) 'example_xcom_args_with_operators', 'example_xcom_args' retrieved from /home/airflow/.local/lib/python3.12/site-packages/airflow/example_dags/example_xcomargs.py
[2025-09-29T17:00:30.373+0000] {logging_mixin.py:188} INFO - [2025-09-29T17:00:30.372+0000] {dag.py:3089} INFO - Sync 2 DAGs
[2025-09-29T17:00:30.413+0000] {logging_mixin.py:188} INFO - [2025-09-29T17:00:30.413+0000] {dag.py:3947} INFO - Setting next_dagrun for example_xcom_args to None, run_after=None
[2025-09-29T17:00:30.425+0000] {logging_mixin.py:188} INFO - [2025-09-29T17:00:30.424+0000] {dag.py:3947} INFO - Setting next_dagrun for example_xcom_args_with_operators to None, run_after=None
[2025-09-29T17:00:30.482+0000] {processor.py:183} INFO - Processing /home/airflow/.local/lib/python3.12/site-packages/airflow/example_dags/example_xcomargs.py took 0.224 seconds
[2025-09-29T17:01:01.026+0000] {processor.py:161} INFO - Started process (PID=3052) to work on /home/airflow/.local/lib/python3.12/site-packages/airflow/example_dags/example_xcomargs.py
[2025-09-29T17:01:01.029+0000] {processor.py:830} INFO - Processing file /home/airflow/.local/lib/python3.12/site-packages/airflow/example_dags/example_xcomargs.py for tasks to queue
[2025-09-29T17:01:01.038+0000] {logging_mixin.py:188} INFO - [2025-09-29T17:01:01.037+0000] {dagbag.py:545} INFO - Filling up the DagBag from /home/airflow/.local/lib/python3.12/site-packages/airflow/example_dags/example_xcomargs.py
[2025-09-29T17:01:01.065+0000] {processor.py:840} INFO - DAG(s) 'example_xcom_args_with_operators', 'example_xcom_args' retrieved from /home/airflow/.local/lib/python3.12/site-packages/airflow/example_dags/example_xcomargs.py
[2025-09-29T17:01:01.142+0000] {logging_mixin.py:188} INFO - [2025-09-29T17:01:01.141+0000] {dag.py:3089} INFO - Sync 2 DAGs
[2025-09-29T17:01:01.173+0000] {logging_mixin.py:188} INFO - [2025-09-29T17:01:01.172+0000] {dag.py:3947} INFO - Setting next_dagrun for example_xcom_args to None, run_after=None
[2025-09-29T17:01:01.181+0000] {logging_mixin.py:188} INFO - [2025-09-29T17:01:01.180+0000] {dag.py:3947} INFO - Setting next_dagrun for example_xcom_args_with_operators to None, run_after=None
[2025-09-29T17:01:01.225+0000] {processor.py:183} INFO - Processing /home/airflow/.local/lib/python3.12/site-packages/airflow/example_dags/example_xcomargs.py took 0.213 seconds
[2025-09-29T17:01:31.491+0000] {processor.py:161} INFO - Started process (PID=3314) to work on /home/airflow/.local/lib/python3.12/site-packages/airflow/example_dags/example_xcomargs.py
[2025-09-29T17:01:31.494+0000] {processor.py:830} INFO - Processing file /home/airflow/.local/lib/python3.12/site-packages/airflow/example_dags/example_xcomargs.py for tasks to queue
[2025-09-29T17:01:31.499+0000] {logging_mixin.py:188} INFO - [2025-09-29T17:01:31.498+0000] {dagbag.py:545} INFO - Filling up the DagBag from /home/airflow/.local/lib/python3.12/site-packages/airflow/example_dags/example_xcomargs.py
[2025-09-29T17:01:31.525+0000] {processor.py:840} INFO - DAG(s) 'example_xcom_args', 'example_xcom_args_with_operators' retrieved from /home/airflow/.local/lib/python3.12/site-packages/airflow/example_dags/example_xcomargs.py
[2025-09-29T17:01:31.604+0000] {logging_mixin.py:188} INFO - [2025-09-29T17:01:31.603+0000] {dag.py:3089} INFO - Sync 2 DAGs
[2025-09-29T17:01:31.640+0000] {logging_mixin.py:188} INFO - [2025-09-29T17:01:31.640+0000] {dag.py:3947} INFO - Setting next_dagrun for example_xcom_args to None, run_after=None
[2025-09-29T17:01:31.649+0000] {logging_mixin.py:188} INFO - [2025-09-29T17:01:31.649+0000] {dag.py:3947} INFO - Setting next_dagrun for example_xcom_args_with_operators to None, run_after=None
[2025-09-29T17:01:31.698+0000] {processor.py:183} INFO - Processing /home/airflow/.local/lib/python3.12/site-packages/airflow/example_dags/example_xcomargs.py took 0.225 seconds
[2025-09-29T17:02:02.430+0000] {processor.py:161} INFO - Started process (PID=3576) to work on /home/airflow/.local/lib/python3.12/site-packages/airflow/example_dags/example_xcomargs.py
[2025-09-29T17:02:02.433+0000] {processor.py:830} INFO - Processing file /home/airflow/.local/lib/python3.12/site-packages/airflow/example_dags/example_xcomargs.py for tasks to queue
[2025-09-29T17:02:02.437+0000] {logging_mixin.py:188} INFO - [2025-09-29T17:02:02.436+0000] {dagbag.py:545} INFO - Filling up the DagBag from /home/airflow/.local/lib/python3.12/site-packages/airflow/example_dags/example_xcomargs.py
[2025-09-29T17:02:02.458+0000] {processor.py:840} INFO - DAG(s) 'example_xcom_args', 'example_xcom_args_with_operators' retrieved from /home/airflow/.local/lib/python3.12/site-packages/airflow/example_dags/example_xcomargs.py
[2025-09-29T17:02:02.534+0000] {logging_mixin.py:188} INFO - [2025-09-29T17:02:02.534+0000] {dag.py:3089} INFO - Sync 2 DAGs
[2025-09-29T17:02:02.570+0000] {logging_mixin.py:188} INFO - [2025-09-29T17:02:02.569+0000] {dag.py:3947} INFO - Setting next_dagrun for example_xcom_args to None, run_after=None
[2025-09-29T17:02:02.584+0000] {logging_mixin.py:188} INFO - [2025-09-29T17:02:02.583+0000] {dag.py:3947} INFO - Setting next_dagrun for example_xcom_args_with_operators to None, run_after=None
[2025-09-29T17:02:02.653+0000] {processor.py:183} INFO - Processing /home/airflow/.local/lib/python3.12/site-packages/airflow/example_dags/example_xcomargs.py took 0.240 seconds
[2025-09-29T17:02:32.841+0000] {processor.py:161} INFO - Started process (PID=3838) to work on /home/airflow/.local/lib/python3.12/site-packages/airflow/example_dags/example_xcomargs.py
[2025-09-29T17:02:32.844+0000] {processor.py:830} INFO - Processing file /home/airflow/.local/lib/python3.12/site-packages/airflow/example_dags/example_xcomargs.py for tasks to queue
[2025-09-29T17:02:32.849+0000] {logging_mixin.py:188} INFO - [2025-09-29T17:02:32.848+0000] {dagbag.py:545} INFO - Filling up the DagBag from /home/airflow/.local/lib/python3.12/site-packages/airflow/example_dags/example_xcomargs.py
[2025-09-29T17:02:32.869+0000] {processor.py:840} INFO - DAG(s) 'example_xcom_args', 'example_xcom_args_with_operators' retrieved from /home/airflow/.local/lib/python3.12/site-packages/airflow/example_dags/example_xcomargs.py
[2025-09-29T17:02:32.941+0000] {logging_mixin.py:188} INFO - [2025-09-29T17:02:32.940+0000] {dag.py:3089} INFO - Sync 2 DAGs
[2025-09-29T17:02:32.974+0000] {logging_mixin.py:188} INFO - [2025-09-29T17:02:32.973+0000] {dag.py:3947} INFO - Setting next_dagrun for example_xcom_args to None, run_after=None
[2025-09-29T17:02:32.982+0000] {logging_mixin.py:188} INFO - [2025-09-29T17:02:32.982+0000] {dag.py:3947} INFO - Setting next_dagrun for example_xcom_args_with_operators to None, run_after=None
[2025-09-29T17:02:33.030+0000] {processor.py:183} INFO - Processing /home/airflow/.local/lib/python3.12/site-packages/airflow/example_dags/example_xcomargs.py took 0.205 seconds
[2025-09-29T17:03:03.206+0000] {processor.py:161} INFO - Started process (PID=4100) to work on /home/airflow/.local/lib/python3.12/site-packages/airflow/example_dags/example_xcomargs.py
[2025-09-29T17:03:03.209+0000] {processor.py:830} INFO - Processing file /home/airflow/.local/lib/python3.12/site-packages/airflow/example_dags/example_xcomargs.py for tasks to queue
[2025-09-29T17:03:03.213+0000] {logging_mixin.py:188} INFO - [2025-09-29T17:03:03.213+0000] {dagbag.py:545} INFO - Filling up the DagBag from /home/airflow/.local/lib/python3.12/site-packages/airflow/example_dags/example_xcomargs.py
[2025-09-29T17:03:03.235+0000] {processor.py:840} INFO - DAG(s) 'example_xcom_args_with_operators', 'example_xcom_args' retrieved from /home/airflow/.local/lib/python3.12/site-packages/airflow/example_dags/example_xcomargs.py
[2025-09-29T17:03:03.305+0000] {logging_mixin.py:188} INFO - [2025-09-29T17:03:03.305+0000] {dag.py:3089} INFO - Sync 2 DAGs
[2025-09-29T17:03:03.338+0000] {logging_mixin.py:188} INFO - [2025-09-29T17:03:03.337+0000] {dag.py:3947} INFO - Setting next_dagrun for example_xcom_args to None, run_after=None
[2025-09-29T17:03:03.346+0000] {logging_mixin.py:188} INFO - [2025-09-29T17:03:03.345+0000] {dag.py:3947} INFO - Setting next_dagrun for example_xcom_args_with_operators to None, run_after=None
[2025-09-29T17:03:03.391+0000] {processor.py:183} INFO - Processing /home/airflow/.local/lib/python3.12/site-packages/airflow/example_dags/example_xcomargs.py took 0.200 seconds
[2025-09-29T17:03:33.614+0000] {processor.py:161} INFO - Started process (PID=4362) to work on /home/airflow/.local/lib/python3.12/site-packages/airflow/example_dags/example_xcomargs.py
[2025-09-29T17:03:33.617+0000] {processor.py:830} INFO - Processing file /home/airflow/.local/lib/python3.12/site-packages/airflow/example_dags/example_xcomargs.py for tasks to queue
[2025-09-29T17:03:33.621+0000] {logging_mixin.py:188} INFO - [2025-09-29T17:03:33.620+0000] {dagbag.py:545} INFO - Filling up the DagBag from /home/airflow/.local/lib/python3.12/site-packages/airflow/example_dags/example_xcomargs.py
[2025-09-29T17:03:33.641+0000] {processor.py:840} INFO - DAG(s) 'example_xcom_args_with_operators', 'example_xcom_args' retrieved from /home/airflow/.local/lib/python3.12/site-packages/airflow/example_dags/example_xcomargs.py
[2025-09-29T17:03:33.707+0000] {logging_mixin.py:188} INFO - [2025-09-29T17:03:33.707+0000] {dag.py:3089} INFO - Sync 2 DAGs
[2025-09-29T17:03:33.738+0000] {logging_mixin.py:188} INFO - [2025-09-29T17:03:33.737+0000] {dag.py:3947} INFO - Setting next_dagrun for example_xcom_args to None, run_after=None
[2025-09-29T17:03:33.746+0000] {logging_mixin.py:188} INFO - [2025-09-29T17:03:33.746+0000] {dag.py:3947} INFO - Setting next_dagrun for example_xcom_args_with_operators to None, run_after=None
[2025-09-29T17:03:33.793+0000] {processor.py:183} INFO - Processing /home/airflow/.local/lib/python3.12/site-packages/airflow/example_dags/example_xcomargs.py took 0.194 seconds
[2025-09-29T17:04:03.910+0000] {processor.py:161} INFO - Started process (PID=4624) to work on /home/airflow/.local/lib/python3.12/site-packages/airflow/example_dags/example_xcomargs.py
[2025-09-29T17:04:03.912+0000] {processor.py:830} INFO - Processing file /home/airflow/.local/lib/python3.12/site-packages/airflow/example_dags/example_xcomargs.py for tasks to queue
[2025-09-29T17:04:03.917+0000] {logging_mixin.py:188} INFO - [2025-09-29T17:04:03.916+0000] {dagbag.py:545} INFO - Filling up the DagBag from /home/airflow/.local/lib/python3.12/site-packages/airflow/example_dags/example_xcomargs.py
[2025-09-29T17:04:03.937+0000] {processor.py:840} INFO - DAG(s) 'example_xcom_args_with_operators', 'example_xcom_args' retrieved from /home/airflow/.local/lib/python3.12/site-packages/airflow/example_dags/example_xcomargs.py
[2025-09-29T17:04:04.004+0000] {logging_mixin.py:188} INFO - [2025-09-29T17:04:04.003+0000] {dag.py:3089} INFO - Sync 2 DAGs
[2025-09-29T17:04:04.037+0000] {logging_mixin.py:188} INFO - [2025-09-29T17:04:04.036+0000] {dag.py:3947} INFO - Setting next_dagrun for example_xcom_args to None, run_after=None
[2025-09-29T17:04:04.045+0000] {logging_mixin.py:188} INFO - [2025-09-29T17:04:04.044+0000] {dag.py:3947} INFO - Setting next_dagrun for example_xcom_args_with_operators to None, run_after=None
[2025-09-29T17:04:04.090+0000] {processor.py:183} INFO - Processing /home/airflow/.local/lib/python3.12/site-packages/airflow/example_dags/example_xcomargs.py took 0.196 seconds
[2025-09-29T17:04:35.154+0000] {processor.py:161} INFO - Started process (PID=4886) to work on /home/airflow/.local/lib/python3.12/site-packages/airflow/example_dags/example_xcomargs.py
[2025-09-29T17:04:35.157+0000] {processor.py:830} INFO - Processing file /home/airflow/.local/lib/python3.12/site-packages/airflow/example_dags/example_xcomargs.py for tasks to queue
[2025-09-29T17:04:35.162+0000] {logging_mixin.py:188} INFO - [2025-09-29T17:04:35.161+0000] {dagbag.py:545} INFO - Filling up the DagBag from /home/airflow/.local/lib/python3.12/site-packages/airflow/example_dags/example_xcomargs.py
[2025-09-29T17:04:35.182+0000] {processor.py:840} INFO - DAG(s) 'example_xcom_args_with_operators', 'example_xcom_args' retrieved from /home/airflow/.local/lib/python3.12/site-packages/airflow/example_dags/example_xcomargs.py
[2025-09-29T17:04:35.245+0000] {logging_mixin.py:188} INFO - [2025-09-29T17:04:35.244+0000] {dag.py:3089} INFO - Sync 2 DAGs
[2025-09-29T17:04:35.277+0000] {logging_mixin.py:188} INFO - [2025-09-29T17:04:35.277+0000] {dag.py:3947} INFO - Setting next_dagrun for example_xcom_args to None, run_after=None
[2025-09-29T17:04:35.285+0000] {logging_mixin.py:188} INFO - [2025-09-29T17:04:35.285+0000] {dag.py:3947} INFO - Setting next_dagrun for example_xcom_args_with_operators to None, run_after=None
[2025-09-29T17:04:35.329+0000] {processor.py:183} INFO - Processing /home/airflow/.local/lib/python3.12/site-packages/airflow/example_dags/example_xcomargs.py took 0.188 seconds
[2025-09-29T17:05:05.636+0000] {processor.py:161} INFO - Started process (PID=5154) to work on /home/airflow/.local/lib/python3.12/site-packages/airflow/example_dags/example_xcomargs.py
[2025-09-29T17:05:05.639+0000] {processor.py:830} INFO - Processing file /home/airflow/.local/lib/python3.12/site-packages/airflow/example_dags/example_xcomargs.py for tasks to queue
[2025-09-29T17:05:05.643+0000] {logging_mixin.py:188} INFO - [2025-09-29T17:05:05.643+0000] {dagbag.py:545} INFO - Filling up the DagBag from /home/airflow/.local/lib/python3.12/site-packages/airflow/example_dags/example_xcomargs.py
[2025-09-29T17:05:05.665+0000] {processor.py:840} INFO - DAG(s) 'example_xcom_args_with_operators', 'example_xcom_args' retrieved from /home/airflow/.local/lib/python3.12/site-packages/airflow/example_dags/example_xcomargs.py
[2025-09-29T17:05:05.728+0000] {logging_mixin.py:188} INFO - [2025-09-29T17:05:05.728+0000] {dag.py:3089} INFO - Sync 2 DAGs
[2025-09-29T17:05:05.761+0000] {logging_mixin.py:188} INFO - [2025-09-29T17:05:05.760+0000] {dag.py:3947} INFO - Setting next_dagrun for example_xcom_args to None, run_after=None
[2025-09-29T17:05:05.770+0000] {logging_mixin.py:188} INFO - [2025-09-29T17:05:05.770+0000] {dag.py:3947} INFO - Setting next_dagrun for example_xcom_args_with_operators to None, run_after=None
[2025-09-29T17:05:05.814+0000] {processor.py:183} INFO - Processing /home/airflow/.local/lib/python3.12/site-packages/airflow/example_dags/example_xcomargs.py took 0.191 seconds
[2025-09-29T17:05:36.734+0000] {processor.py:161} INFO - Started process (PID=5431) to work on /home/airflow/.local/lib/python3.12/site-packages/airflow/example_dags/example_xcomargs.py
[2025-09-29T17:05:36.738+0000] {processor.py:830} INFO - Processing file /home/airflow/.local/lib/python3.12/site-packages/airflow/example_dags/example_xcomargs.py for tasks to queue
[2025-09-29T17:05:36.742+0000] {logging_mixin.py:188} INFO - [2025-09-29T17:05:36.742+0000] {dagbag.py:545} INFO - Filling up the DagBag from /home/airflow/.local/lib/python3.12/site-packages/airflow/example_dags/example_xcomargs.py
[2025-09-29T17:05:36.765+0000] {processor.py:840} INFO - DAG(s) 'example_xcom_args_with_operators', 'example_xcom_args' retrieved from /home/airflow/.local/lib/python3.12/site-packages/airflow/example_dags/example_xcomargs.py
[2025-09-29T17:05:36.845+0000] {logging_mixin.py:188} INFO - [2025-09-29T17:05:36.844+0000] {dag.py:3089} INFO - Sync 2 DAGs
[2025-09-29T17:05:36.892+0000] {logging_mixin.py:188} INFO - [2025-09-29T17:05:36.891+0000] {dag.py:3947} INFO - Setting next_dagrun for example_xcom_args to None, run_after=None
[2025-09-29T17:05:36.902+0000] {logging_mixin.py:188} INFO - [2025-09-29T17:05:36.902+0000] {dag.py:3947} INFO - Setting next_dagrun for example_xcom_args_with_operators to None, run_after=None
[2025-09-29T17:05:36.959+0000] {processor.py:183} INFO - Processing /home/airflow/.local/lib/python3.12/site-packages/airflow/example_dags/example_xcomargs.py took 0.245 seconds
[2025-09-29T17:06:09.099+0000] {processor.py:161} INFO - Started process (PID=5695) to work on /home/airflow/.local/lib/python3.12/site-packages/airflow/example_dags/example_xcomargs.py
[2025-09-29T17:06:09.102+0000] {processor.py:830} INFO - Processing file /home/airflow/.local/lib/python3.12/site-packages/airflow/example_dags/example_xcomargs.py for tasks to queue
[2025-09-29T17:06:09.107+0000] {logging_mixin.py:188} INFO - [2025-09-29T17:06:09.106+0000] {dagbag.py:545} INFO - Filling up the DagBag from /home/airflow/.local/lib/python3.12/site-packages/airflow/example_dags/example_xcomargs.py
[2025-09-29T17:06:09.127+0000] {processor.py:840} INFO - DAG(s) 'example_xcom_args', 'example_xcom_args_with_operators' retrieved from /home/airflow/.local/lib/python3.12/site-packages/airflow/example_dags/example_xcomargs.py
[2025-09-29T17:06:09.202+0000] {logging_mixin.py:188} INFO - [2025-09-29T17:06:09.202+0000] {dag.py:3089} INFO - Sync 2 DAGs
[2025-09-29T17:06:09.236+0000] {logging_mixin.py:188} INFO - [2025-09-29T17:06:09.235+0000] {dag.py:3947} INFO - Setting next_dagrun for example_xcom_args to None, run_after=None
[2025-09-29T17:06:09.244+0000] {logging_mixin.py:188} INFO - [2025-09-29T17:06:09.243+0000] {dag.py:3947} INFO - Setting next_dagrun for example_xcom_args_with_operators to None, run_after=None
[2025-09-29T17:06:09.290+0000] {processor.py:183} INFO - Processing /home/airflow/.local/lib/python3.12/site-packages/airflow/example_dags/example_xcomargs.py took 0.205 seconds
[2025-09-29T17:06:39.830+0000] {processor.py:161} INFO - Started process (PID=5955) to work on /home/airflow/.local/lib/python3.12/site-packages/airflow/example_dags/example_xcomargs.py
[2025-09-29T17:06:39.834+0000] {processor.py:830} INFO - Processing file /home/airflow/.local/lib/python3.12/site-packages/airflow/example_dags/example_xcomargs.py for tasks to queue
[2025-09-29T17:06:39.841+0000] {logging_mixin.py:188} INFO - [2025-09-29T17:06:39.839+0000] {dagbag.py:545} INFO - Filling up the DagBag from /home/airflow/.local/lib/python3.12/site-packages/airflow/example_dags/example_xcomargs.py
[2025-09-29T17:06:39.867+0000] {processor.py:840} INFO - DAG(s) 'example_xcom_args', 'example_xcom_args_with_operators' retrieved from /home/airflow/.local/lib/python3.12/site-packages/airflow/example_dags/example_xcomargs.py
[2025-09-29T17:06:39.940+0000] {logging_mixin.py:188} INFO - [2025-09-29T17:06:39.940+0000] {dag.py:3089} INFO - Sync 2 DAGs
[2025-09-29T17:06:39.988+0000] {logging_mixin.py:188} INFO - [2025-09-29T17:06:39.987+0000] {dag.py:3947} INFO - Setting next_dagrun for example_xcom_args to None, run_after=None
[2025-09-29T17:06:40.002+0000] {logging_mixin.py:188} INFO - [2025-09-29T17:06:40.001+0000] {dag.py:3947} INFO - Setting next_dagrun for example_xcom_args_with_operators to None, run_after=None
[2025-09-29T17:06:40.082+0000] {processor.py:183} INFO - Processing /home/airflow/.local/lib/python3.12/site-packages/airflow/example_dags/example_xcomargs.py took 0.275 seconds
[2025-09-29T17:07:13.455+0000] {processor.py:161} INFO - Started process (PID=6217) to work on /home/airflow/.local/lib/python3.12/site-packages/airflow/example_dags/example_xcomargs.py
[2025-09-29T17:07:13.458+0000] {processor.py:830} INFO - Processing file /home/airflow/.local/lib/python3.12/site-packages/airflow/example_dags/example_xcomargs.py for tasks to queue
[2025-09-29T17:07:13.465+0000] {logging_mixin.py:188} INFO - [2025-09-29T17:07:13.464+0000] {dagbag.py:545} INFO - Filling up the DagBag from /home/airflow/.local/lib/python3.12/site-packages/airflow/example_dags/example_xcomargs.py
[2025-09-29T17:07:13.491+0000] {processor.py:840} INFO - DAG(s) 'example_xcom_args_with_operators', 'example_xcom_args' retrieved from /home/airflow/.local/lib/python3.12/site-packages/airflow/example_dags/example_xcomargs.py
[2025-09-29T17:07:13.576+0000] {logging_mixin.py:188} INFO - [2025-09-29T17:07:13.575+0000] {dag.py:3089} INFO - Sync 2 DAGs
[2025-09-29T17:07:13.623+0000] {logging_mixin.py:188} INFO - [2025-09-29T17:07:13.623+0000] {dag.py:3947} INFO - Setting next_dagrun for example_xcom_args to None, run_after=None
[2025-09-29T17:07:13.637+0000] {logging_mixin.py:188} INFO - [2025-09-29T17:07:13.636+0000] {dag.py:3947} INFO - Setting next_dagrun for example_xcom_args_with_operators to None, run_after=None
[2025-09-29T17:07:13.690+0000] {processor.py:183} INFO - Processing /home/airflow/.local/lib/python3.12/site-packages/airflow/example_dags/example_xcomargs.py took 0.254 seconds
[2025-09-29T17:07:44.866+0000] {processor.py:161} INFO - Started process (PID=6481) to work on /home/airflow/.local/lib/python3.12/site-packages/airflow/example_dags/example_xcomargs.py
[2025-09-29T17:07:44.869+0000] {processor.py:830} INFO - Processing file /home/airflow/.local/lib/python3.12/site-packages/airflow/example_dags/example_xcomargs.py for tasks to queue
[2025-09-29T17:07:44.877+0000] {logging_mixin.py:188} INFO - [2025-09-29T17:07:44.876+0000] {dagbag.py:545} INFO - Filling up the DagBag from /home/airflow/.local/lib/python3.12/site-packages/airflow/example_dags/example_xcomargs.py
[2025-09-29T17:07:44.901+0000] {processor.py:840} INFO - DAG(s) 'example_xcom_args_with_operators', 'example_xcom_args' retrieved from /home/airflow/.local/lib/python3.12/site-packages/airflow/example_dags/example_xcomargs.py
[2025-09-29T17:07:45.004+0000] {logging_mixin.py:188} INFO - [2025-09-29T17:07:45.003+0000] {dag.py:3089} INFO - Sync 2 DAGs
[2025-09-29T17:07:45.056+0000] {logging_mixin.py:188} INFO - [2025-09-29T17:07:45.055+0000] {dag.py:3947} INFO - Setting next_dagrun for example_xcom_args to None, run_after=None
[2025-09-29T17:07:45.068+0000] {logging_mixin.py:188} INFO - [2025-09-29T17:07:45.068+0000] {dag.py:3947} INFO - Setting next_dagrun for example_xcom_args_with_operators to None, run_after=None
[2025-09-29T17:07:45.132+0000] {processor.py:183} INFO - Processing /home/airflow/.local/lib/python3.12/site-packages/airflow/example_dags/example_xcomargs.py took 0.286 seconds
[2025-09-29T17:08:15.387+0000] {processor.py:161} INFO - Started process (PID=6741) to work on /home/airflow/.local/lib/python3.12/site-packages/airflow/example_dags/example_xcomargs.py
[2025-09-29T17:08:15.390+0000] {processor.py:830} INFO - Processing file /home/airflow/.local/lib/python3.12/site-packages/airflow/example_dags/example_xcomargs.py for tasks to queue
[2025-09-29T17:08:15.395+0000] {logging_mixin.py:188} INFO - [2025-09-29T17:08:15.394+0000] {dagbag.py:545} INFO - Filling up the DagBag from /home/airflow/.local/lib/python3.12/site-packages/airflow/example_dags/example_xcomargs.py
[2025-09-29T17:08:15.419+0000] {processor.py:840} INFO - DAG(s) 'example_xcom_args_with_operators', 'example_xcom_args' retrieved from /home/airflow/.local/lib/python3.12/site-packages/airflow/example_dags/example_xcomargs.py
[2025-09-29T17:08:15.486+0000] {logging_mixin.py:188} INFO - [2025-09-29T17:08:15.486+0000] {dag.py:3089} INFO - Sync 2 DAGs
[2025-09-29T17:08:15.519+0000] {logging_mixin.py:188} INFO - [2025-09-29T17:08:15.519+0000] {dag.py:3947} INFO - Setting next_dagrun for example_xcom_args to None, run_after=None
[2025-09-29T17:08:15.528+0000] {logging_mixin.py:188} INFO - [2025-09-29T17:08:15.527+0000] {dag.py:3947} INFO - Setting next_dagrun for example_xcom_args_with_operators to None, run_after=None
[2025-09-29T17:08:15.575+0000] {processor.py:183} INFO - Processing /home/airflow/.local/lib/python3.12/site-packages/airflow/example_dags/example_xcomargs.py took 0.210 seconds
[2025-09-29T17:08:47.587+0000] {processor.py:161} INFO - Started process (PID=7003) to work on /home/airflow/.local/lib/python3.12/site-packages/airflow/example_dags/example_xcomargs.py
[2025-09-29T17:08:47.590+0000] {processor.py:830} INFO - Processing file /home/airflow/.local/lib/python3.12/site-packages/airflow/example_dags/example_xcomargs.py for tasks to queue
[2025-09-29T17:08:47.597+0000] {logging_mixin.py:188} INFO - [2025-09-29T17:08:47.595+0000] {dagbag.py:545} INFO - Filling up the DagBag from /home/airflow/.local/lib/python3.12/site-packages/airflow/example_dags/example_xcomargs.py
[2025-09-29T17:08:47.630+0000] {processor.py:840} INFO - DAG(s) 'example_xcom_args', 'example_xcom_args_with_operators' retrieved from /home/airflow/.local/lib/python3.12/site-packages/airflow/example_dags/example_xcomargs.py
[2025-09-29T17:08:47.710+0000] {logging_mixin.py:188} INFO - [2025-09-29T17:08:47.710+0000] {dag.py:3089} INFO - Sync 2 DAGs
[2025-09-29T17:08:47.751+0000] {logging_mixin.py:188} INFO - [2025-09-29T17:08:47.751+0000] {dag.py:3947} INFO - Setting next_dagrun for example_xcom_args to None, run_after=None
[2025-09-29T17:08:47.761+0000] {logging_mixin.py:188} INFO - [2025-09-29T17:08:47.761+0000] {dag.py:3947} INFO - Setting next_dagrun for example_xcom_args_with_operators to None, run_after=None
[2025-09-29T17:08:47.822+0000] {processor.py:183} INFO - Processing /home/airflow/.local/lib/python3.12/site-packages/airflow/example_dags/example_xcomargs.py took 0.255 seconds
[2025-09-29T17:09:30.600+0000] {processor.py:161} INFO - Started process (PID=7290) to work on /home/airflow/.local/lib/python3.12/site-packages/airflow/example_dags/example_xcomargs.py
[2025-09-29T17:09:30.604+0000] {processor.py:830} INFO - Processing file /home/airflow/.local/lib/python3.12/site-packages/airflow/example_dags/example_xcomargs.py for tasks to queue
[2025-09-29T17:09:30.609+0000] {logging_mixin.py:188} INFO - [2025-09-29T17:09:30.608+0000] {dagbag.py:545} INFO - Filling up the DagBag from /home/airflow/.local/lib/python3.12/site-packages/airflow/example_dags/example_xcomargs.py
[2025-09-29T17:09:30.634+0000] {processor.py:840} INFO - DAG(s) 'example_xcom_args_with_operators', 'example_xcom_args' retrieved from /home/airflow/.local/lib/python3.12/site-packages/airflow/example_dags/example_xcomargs.py
[2025-09-29T17:09:30.823+0000] {logging_mixin.py:188} INFO - [2025-09-29T17:09:30.822+0000] {dag.py:3089} INFO - Sync 2 DAGs
[2025-09-29T17:09:30.861+0000] {logging_mixin.py:188} INFO - [2025-09-29T17:09:30.860+0000] {dag.py:3947} INFO - Setting next_dagrun for example_xcom_args to None, run_after=None
[2025-09-29T17:09:30.869+0000] {logging_mixin.py:188} INFO - [2025-09-29T17:09:30.869+0000] {dag.py:3947} INFO - Setting next_dagrun for example_xcom_args_with_operators to None, run_after=None
[2025-09-29T17:09:31.047+0000] {processor.py:183} INFO - Processing /home/airflow/.local/lib/python3.12/site-packages/airflow/example_dags/example_xcomargs.py took 0.466 seconds
[2025-09-29T17:10:03.925+0000] {processor.py:161} INFO - Started process (PID=7554) to work on /home/airflow/.local/lib/python3.12/site-packages/airflow/example_dags/example_xcomargs.py
[2025-09-29T17:10:03.929+0000] {processor.py:830} INFO - Processing file /home/airflow/.local/lib/python3.12/site-packages/airflow/example_dags/example_xcomargs.py for tasks to queue
[2025-09-29T17:10:03.934+0000] {logging_mixin.py:188} INFO - [2025-09-29T17:10:03.933+0000] {dagbag.py:545} INFO - Filling up the DagBag from /home/airflow/.local/lib/python3.12/site-packages/airflow/example_dags/example_xcomargs.py
[2025-09-29T17:10:03.957+0000] {processor.py:840} INFO - DAG(s) 'example_xcom_args', 'example_xcom_args_with_operators' retrieved from /home/airflow/.local/lib/python3.12/site-packages/airflow/example_dags/example_xcomargs.py
[2025-09-29T17:10:04.029+0000] {logging_mixin.py:188} INFO - [2025-09-29T17:10:04.029+0000] {dag.py:3089} INFO - Sync 2 DAGs
[2025-09-29T17:10:04.065+0000] {logging_mixin.py:188} INFO - [2025-09-29T17:10:04.064+0000] {dag.py:3947} INFO - Setting next_dagrun for example_xcom_args to None, run_after=None
[2025-09-29T17:10:04.074+0000] {logging_mixin.py:188} INFO - [2025-09-29T17:10:04.074+0000] {dag.py:3947} INFO - Setting next_dagrun for example_xcom_args_with_operators to None, run_after=None
[2025-09-29T17:10:04.126+0000] {processor.py:183} INFO - Processing /home/airflow/.local/lib/python3.12/site-packages/airflow/example_dags/example_xcomargs.py took 0.219 seconds
[2025-09-29T17:10:35.553+0000] {processor.py:161} INFO - Started process (PID=7816) to work on /home/airflow/.local/lib/python3.12/site-packages/airflow/example_dags/example_xcomargs.py
[2025-09-29T17:10:35.557+0000] {processor.py:830} INFO - Processing file /home/airflow/.local/lib/python3.12/site-packages/airflow/example_dags/example_xcomargs.py for tasks to queue
[2025-09-29T17:10:35.565+0000] {logging_mixin.py:188} INFO - [2025-09-29T17:10:35.563+0000] {dagbag.py:545} INFO - Filling up the DagBag from /home/airflow/.local/lib/python3.12/site-packages/airflow/example_dags/example_xcomargs.py
[2025-09-29T17:10:35.606+0000] {processor.py:840} INFO - DAG(s) 'example_xcom_args', 'example_xcom_args_with_operators' retrieved from /home/airflow/.local/lib/python3.12/site-packages/airflow/example_dags/example_xcomargs.py
[2025-09-29T17:10:35.696+0000] {logging_mixin.py:188} INFO - [2025-09-29T17:10:35.696+0000] {dag.py:3089} INFO - Sync 2 DAGs
[2025-09-29T17:10:35.740+0000] {logging_mixin.py:188} INFO - [2025-09-29T17:10:35.739+0000] {dag.py:3947} INFO - Setting next_dagrun for example_xcom_args to None, run_after=None
[2025-09-29T17:10:35.753+0000] {logging_mixin.py:188} INFO - [2025-09-29T17:10:35.752+0000] {dag.py:3947} INFO - Setting next_dagrun for example_xcom_args_with_operators to None, run_after=None
[2025-09-29T17:10:35.810+0000] {processor.py:183} INFO - Processing /home/airflow/.local/lib/python3.12/site-packages/airflow/example_dags/example_xcomargs.py took 0.291 seconds
[2025-09-29T17:11:07.504+0000] {processor.py:161} INFO - Started process (PID=8079) to work on /home/airflow/.local/lib/python3.12/site-packages/airflow/example_dags/example_xcomargs.py
[2025-09-29T17:11:07.507+0000] {processor.py:830} INFO - Processing file /home/airflow/.local/lib/python3.12/site-packages/airflow/example_dags/example_xcomargs.py for tasks to queue
[2025-09-29T17:11:07.512+0000] {logging_mixin.py:188} INFO - [2025-09-29T17:11:07.512+0000] {dagbag.py:545} INFO - Filling up the DagBag from /home/airflow/.local/lib/python3.12/site-packages/airflow/example_dags/example_xcomargs.py
[2025-09-29T17:11:07.536+0000] {processor.py:840} INFO - DAG(s) 'example_xcom_args', 'example_xcom_args_with_operators' retrieved from /home/airflow/.local/lib/python3.12/site-packages/airflow/example_dags/example_xcomargs.py
[2025-09-29T17:11:07.606+0000] {logging_mixin.py:188} INFO - [2025-09-29T17:11:07.606+0000] {dag.py:3089} INFO - Sync 2 DAGs
[2025-09-29T17:11:07.640+0000] {logging_mixin.py:188} INFO - [2025-09-29T17:11:07.639+0000] {dag.py:3947} INFO - Setting next_dagrun for example_xcom_args to None, run_after=None
[2025-09-29T17:11:07.648+0000] {logging_mixin.py:188} INFO - [2025-09-29T17:11:07.648+0000] {dag.py:3947} INFO - Setting next_dagrun for example_xcom_args_with_operators to None, run_after=None
[2025-09-29T17:11:07.693+0000] {processor.py:183} INFO - Processing /home/airflow/.local/lib/python3.12/site-packages/airflow/example_dags/example_xcomargs.py took 0.206 seconds
[2025-09-29T17:11:39.105+0000] {processor.py:161} INFO - Started process (PID=8341) to work on /home/airflow/.local/lib/python3.12/site-packages/airflow/example_dags/example_xcomargs.py
[2025-09-29T17:11:39.108+0000] {processor.py:830} INFO - Processing file /home/airflow/.local/lib/python3.12/site-packages/airflow/example_dags/example_xcomargs.py for tasks to queue
[2025-09-29T17:11:39.113+0000] {logging_mixin.py:188} INFO - [2025-09-29T17:11:39.112+0000] {dagbag.py:545} INFO - Filling up the DagBag from /home/airflow/.local/lib/python3.12/site-packages/airflow/example_dags/example_xcomargs.py
[2025-09-29T17:11:39.136+0000] {processor.py:840} INFO - DAG(s) 'example_xcom_args', 'example_xcom_args_with_operators' retrieved from /home/airflow/.local/lib/python3.12/site-packages/airflow/example_dags/example_xcomargs.py
[2025-09-29T17:11:39.209+0000] {logging_mixin.py:188} INFO - [2025-09-29T17:11:39.207+0000] {dag.py:3089} INFO - Sync 2 DAGs
[2025-09-29T17:11:39.246+0000] {logging_mixin.py:188} INFO - [2025-09-29T17:11:39.245+0000] {dag.py:3947} INFO - Setting next_dagrun for example_xcom_args to None, run_after=None
[2025-09-29T17:11:39.255+0000] {logging_mixin.py:188} INFO - [2025-09-29T17:11:39.255+0000] {dag.py:3947} INFO - Setting next_dagrun for example_xcom_args_with_operators to None, run_after=None
[2025-09-29T17:11:39.304+0000] {processor.py:183} INFO - Processing /home/airflow/.local/lib/python3.12/site-packages/airflow/example_dags/example_xcomargs.py took 0.216 seconds
[2025-09-29T17:12:10.474+0000] {processor.py:161} INFO - Started process (PID=8608) to work on /home/airflow/.local/lib/python3.12/site-packages/airflow/example_dags/example_xcomargs.py
[2025-09-29T17:12:10.478+0000] {processor.py:830} INFO - Processing file /home/airflow/.local/lib/python3.12/site-packages/airflow/example_dags/example_xcomargs.py for tasks to queue
[2025-09-29T17:12:10.487+0000] {logging_mixin.py:188} INFO - [2025-09-29T17:12:10.484+0000] {dagbag.py:545} INFO - Filling up the DagBag from /home/airflow/.local/lib/python3.12/site-packages/airflow/example_dags/example_xcomargs.py
[2025-09-29T17:12:10.531+0000] {processor.py:840} INFO - DAG(s) 'example_xcom_args', 'example_xcom_args_with_operators' retrieved from /home/airflow/.local/lib/python3.12/site-packages/airflow/example_dags/example_xcomargs.py
[2025-09-29T17:12:10.654+0000] {logging_mixin.py:188} INFO - [2025-09-29T17:12:10.653+0000] {dag.py:3089} INFO - Sync 2 DAGs
[2025-09-29T17:12:10.715+0000] {logging_mixin.py:188} INFO - [2025-09-29T17:12:10.714+0000] {dag.py:3947} INFO - Setting next_dagrun for example_xcom_args to None, run_after=None
[2025-09-29T17:12:10.729+0000] {logging_mixin.py:188} INFO - [2025-09-29T17:12:10.728+0000] {dag.py:3947} INFO - Setting next_dagrun for example_xcom_args_with_operators to None, run_after=None
[2025-09-29T17:12:10.789+0000] {processor.py:183} INFO - Processing /home/airflow/.local/lib/python3.12/site-packages/airflow/example_dags/example_xcomargs.py took 0.343 seconds
[2025-09-29T17:12:45.303+0000] {processor.py:161} INFO - Started process (PID=8890) to work on /home/airflow/.local/lib/python3.12/site-packages/airflow/example_dags/example_xcomargs.py
[2025-09-29T17:12:45.392+0000] {processor.py:830} INFO - Processing file /home/airflow/.local/lib/python3.12/site-packages/airflow/example_dags/example_xcomargs.py for tasks to queue
[2025-09-29T17:12:45.399+0000] {logging_mixin.py:188} INFO - [2025-09-29T17:12:45.398+0000] {dagbag.py:545} INFO - Filling up the DagBag from /home/airflow/.local/lib/python3.12/site-packages/airflow/example_dags/example_xcomargs.py
[2025-09-29T17:12:45.495+0000] {processor.py:840} INFO - DAG(s) 'example_xcom_args_with_operators', 'example_xcom_args' retrieved from /home/airflow/.local/lib/python3.12/site-packages/airflow/example_dags/example_xcomargs.py
[2025-09-29T17:12:45.575+0000] {logging_mixin.py:188} INFO - [2025-09-29T17:12:45.574+0000] {dag.py:3089} INFO - Sync 2 DAGs
[2025-09-29T17:12:45.611+0000] {logging_mixin.py:188} INFO - [2025-09-29T17:12:45.611+0000] {dag.py:3947} INFO - Setting next_dagrun for example_xcom_args to None, run_after=None
[2025-09-29T17:12:45.622+0000] {logging_mixin.py:188} INFO - [2025-09-29T17:12:45.621+0000] {dag.py:3947} INFO - Setting next_dagrun for example_xcom_args_with_operators to None, run_after=None
[2025-09-29T17:12:45.718+0000] {processor.py:183} INFO - Processing /home/airflow/.local/lib/python3.12/site-packages/airflow/example_dags/example_xcomargs.py took 0.432 seconds
[2025-09-29T17:13:16.329+0000] {processor.py:161} INFO - Started process (PID=9152) to work on /home/airflow/.local/lib/python3.12/site-packages/airflow/example_dags/example_xcomargs.py
[2025-09-29T17:13:16.332+0000] {processor.py:830} INFO - Processing file /home/airflow/.local/lib/python3.12/site-packages/airflow/example_dags/example_xcomargs.py for tasks to queue
[2025-09-29T17:13:16.338+0000] {logging_mixin.py:188} INFO - [2025-09-29T17:13:16.337+0000] {dagbag.py:545} INFO - Filling up the DagBag from /home/airflow/.local/lib/python3.12/site-packages/airflow/example_dags/example_xcomargs.py
[2025-09-29T17:13:16.371+0000] {processor.py:840} INFO - DAG(s) 'example_xcom_args_with_operators', 'example_xcom_args' retrieved from /home/airflow/.local/lib/python3.12/site-packages/airflow/example_dags/example_xcomargs.py
[2025-09-29T17:13:16.455+0000] {logging_mixin.py:188} INFO - [2025-09-29T17:13:16.454+0000] {dag.py:3089} INFO - Sync 2 DAGs
[2025-09-29T17:13:16.488+0000] {logging_mixin.py:188} INFO - [2025-09-29T17:13:16.488+0000] {dag.py:3947} INFO - Setting next_dagrun for example_xcom_args to None, run_after=None
[2025-09-29T17:13:16.496+0000] {logging_mixin.py:188} INFO - [2025-09-29T17:13:16.496+0000] {dag.py:3947} INFO - Setting next_dagrun for example_xcom_args_with_operators to None, run_after=None
[2025-09-29T17:13:16.544+0000] {processor.py:183} INFO - Processing /home/airflow/.local/lib/python3.12/site-packages/airflow/example_dags/example_xcomargs.py took 0.231 seconds
[2025-09-29T17:13:47.412+0000] {processor.py:161} INFO - Started process (PID=9414) to work on /home/airflow/.local/lib/python3.12/site-packages/airflow/example_dags/example_xcomargs.py
[2025-09-29T17:13:47.414+0000] {processor.py:830} INFO - Processing file /home/airflow/.local/lib/python3.12/site-packages/airflow/example_dags/example_xcomargs.py for tasks to queue
[2025-09-29T17:13:47.420+0000] {logging_mixin.py:188} INFO - [2025-09-29T17:13:47.419+0000] {dagbag.py:545} INFO - Filling up the DagBag from /home/airflow/.local/lib/python3.12/site-packages/airflow/example_dags/example_xcomargs.py
[2025-09-29T17:13:47.444+0000] {processor.py:840} INFO - DAG(s) 'example_xcom_args_with_operators', 'example_xcom_args' retrieved from /home/airflow/.local/lib/python3.12/site-packages/airflow/example_dags/example_xcomargs.py
[2025-09-29T17:13:47.516+0000] {logging_mixin.py:188} INFO - [2025-09-29T17:13:47.515+0000] {dag.py:3089} INFO - Sync 2 DAGs
[2025-09-29T17:13:47.551+0000] {logging_mixin.py:188} INFO - [2025-09-29T17:13:47.550+0000] {dag.py:3947} INFO - Setting next_dagrun for example_xcom_args to None, run_after=None
[2025-09-29T17:13:47.559+0000] {logging_mixin.py:188} INFO - [2025-09-29T17:13:47.558+0000] {dag.py:3947} INFO - Setting next_dagrun for example_xcom_args_with_operators to None, run_after=None
[2025-09-29T17:13:47.603+0000] {processor.py:183} INFO - Processing /home/airflow/.local/lib/python3.12/site-packages/airflow/example_dags/example_xcomargs.py took 0.209 seconds
[2025-09-29T17:14:18.570+0000] {processor.py:161} INFO - Started process (PID=9676) to work on /home/airflow/.local/lib/python3.12/site-packages/airflow/example_dags/example_xcomargs.py
[2025-09-29T17:14:18.574+0000] {processor.py:830} INFO - Processing file /home/airflow/.local/lib/python3.12/site-packages/airflow/example_dags/example_xcomargs.py for tasks to queue
[2025-09-29T17:14:18.580+0000] {logging_mixin.py:188} INFO - [2025-09-29T17:14:18.579+0000] {dagbag.py:545} INFO - Filling up the DagBag from /home/airflow/.local/lib/python3.12/site-packages/airflow/example_dags/example_xcomargs.py
[2025-09-29T17:14:18.607+0000] {processor.py:840} INFO - DAG(s) 'example_xcom_args', 'example_xcom_args_with_operators' retrieved from /home/airflow/.local/lib/python3.12/site-packages/airflow/example_dags/example_xcomargs.py
[2025-09-29T17:14:18.683+0000] {logging_mixin.py:188} INFO - [2025-09-29T17:14:18.683+0000] {dag.py:3089} INFO - Sync 2 DAGs
[2025-09-29T17:14:18.722+0000] {logging_mixin.py:188} INFO - [2025-09-29T17:14:18.722+0000] {dag.py:3947} INFO - Setting next_dagrun for example_xcom_args to None, run_after=None
[2025-09-29T17:14:18.731+0000] {logging_mixin.py:188} INFO - [2025-09-29T17:14:18.731+0000] {dag.py:3947} INFO - Setting next_dagrun for example_xcom_args_with_operators to None, run_after=None
[2025-09-29T17:14:18.783+0000] {processor.py:183} INFO - Processing /home/airflow/.local/lib/python3.12/site-packages/airflow/example_dags/example_xcomargs.py took 0.233 seconds
[2025-09-29T17:14:49.133+0000] {processor.py:161} INFO - Started process (PID=9937) to work on /home/airflow/.local/lib/python3.12/site-packages/airflow/example_dags/example_xcomargs.py
[2025-09-29T17:14:49.136+0000] {processor.py:830} INFO - Processing file /home/airflow/.local/lib/python3.12/site-packages/airflow/example_dags/example_xcomargs.py for tasks to queue
[2025-09-29T17:14:49.141+0000] {logging_mixin.py:188} INFO - [2025-09-29T17:14:49.140+0000] {dagbag.py:545} INFO - Filling up the DagBag from /home/airflow/.local/lib/python3.12/site-packages/airflow/example_dags/example_xcomargs.py
[2025-09-29T17:14:49.165+0000] {processor.py:840} INFO - DAG(s) 'example_xcom_args_with_operators', 'example_xcom_args' retrieved from /home/airflow/.local/lib/python3.12/site-packages/airflow/example_dags/example_xcomargs.py
[2025-09-29T17:14:49.234+0000] {logging_mixin.py:188} INFO - [2025-09-29T17:14:49.233+0000] {dag.py:3089} INFO - Sync 2 DAGs
[2025-09-29T17:14:49.268+0000] {logging_mixin.py:188} INFO - [2025-09-29T17:14:49.267+0000] {dag.py:3947} INFO - Setting next_dagrun for example_xcom_args to None, run_after=None
[2025-09-29T17:14:49.276+0000] {logging_mixin.py:188} INFO - [2025-09-29T17:14:49.275+0000] {dag.py:3947} INFO - Setting next_dagrun for example_xcom_args_with_operators to None, run_after=None
[2025-09-29T17:14:49.328+0000] {processor.py:183} INFO - Processing /home/airflow/.local/lib/python3.12/site-packages/airflow/example_dags/example_xcomargs.py took 0.215 seconds
[2025-09-29T17:15:20.358+0000] {processor.py:161} INFO - Started process (PID=10188) to work on /home/airflow/.local/lib/python3.12/site-packages/airflow/example_dags/example_xcomargs.py
[2025-09-29T17:15:20.361+0000] {processor.py:830} INFO - Processing file /home/airflow/.local/lib/python3.12/site-packages/airflow/example_dags/example_xcomargs.py for tasks to queue
[2025-09-29T17:15:20.367+0000] {logging_mixin.py:188} INFO - [2025-09-29T17:15:20.366+0000] {dagbag.py:545} INFO - Filling up the DagBag from /home/airflow/.local/lib/python3.12/site-packages/airflow/example_dags/example_xcomargs.py
[2025-09-29T17:15:20.397+0000] {processor.py:840} INFO - DAG(s) 'example_xcom_args', 'example_xcom_args_with_operators' retrieved from /home/airflow/.local/lib/python3.12/site-packages/airflow/example_dags/example_xcomargs.py
[2025-09-29T17:15:20.498+0000] {logging_mixin.py:188} INFO - [2025-09-29T17:15:20.498+0000] {dag.py:3089} INFO - Sync 2 DAGs
[2025-09-29T17:15:20.552+0000] {logging_mixin.py:188} INFO - [2025-09-29T17:15:20.551+0000] {dag.py:3947} INFO - Setting next_dagrun for example_xcom_args to None, run_after=None
[2025-09-29T17:15:20.565+0000] {logging_mixin.py:188} INFO - [2025-09-29T17:15:20.564+0000] {dag.py:3947} INFO - Setting next_dagrun for example_xcom_args_with_operators to None, run_after=None
[2025-09-29T17:15:20.635+0000] {processor.py:183} INFO - Processing /home/airflow/.local/lib/python3.12/site-packages/airflow/example_dags/example_xcomargs.py took 0.301 seconds
[2025-09-29T17:15:51.267+0000] {processor.py:161} INFO - Started process (PID=10450) to work on /home/airflow/.local/lib/python3.12/site-packages/airflow/example_dags/example_xcomargs.py
[2025-09-29T17:15:51.271+0000] {processor.py:830} INFO - Processing file /home/airflow/.local/lib/python3.12/site-packages/airflow/example_dags/example_xcomargs.py for tasks to queue
[2025-09-29T17:15:51.277+0000] {logging_mixin.py:188} INFO - [2025-09-29T17:15:51.275+0000] {dagbag.py:545} INFO - Filling up the DagBag from /home/airflow/.local/lib/python3.12/site-packages/airflow/example_dags/example_xcomargs.py
[2025-09-29T17:15:51.304+0000] {processor.py:840} INFO - DAG(s) 'example_xcom_args', 'example_xcom_args_with_operators' retrieved from /home/airflow/.local/lib/python3.12/site-packages/airflow/example_dags/example_xcomargs.py
[2025-09-29T17:15:51.376+0000] {logging_mixin.py:188} INFO - [2025-09-29T17:15:51.376+0000] {dag.py:3089} INFO - Sync 2 DAGs
[2025-09-29T17:15:51.413+0000] {logging_mixin.py:188} INFO - [2025-09-29T17:15:51.412+0000] {dag.py:3947} INFO - Setting next_dagrun for example_xcom_args to None, run_after=None
[2025-09-29T17:15:51.422+0000] {logging_mixin.py:188} INFO - [2025-09-29T17:15:51.422+0000] {dag.py:3947} INFO - Setting next_dagrun for example_xcom_args_with_operators to None, run_after=None
[2025-09-29T17:15:51.482+0000] {processor.py:183} INFO - Processing /home/airflow/.local/lib/python3.12/site-packages/airflow/example_dags/example_xcomargs.py took 0.235 seconds
[2025-09-29T17:16:23.033+0000] {processor.py:161} INFO - Started process (PID=10718) to work on /home/airflow/.local/lib/python3.12/site-packages/airflow/example_dags/example_xcomargs.py
[2025-09-29T17:16:23.036+0000] {processor.py:830} INFO - Processing file /home/airflow/.local/lib/python3.12/site-packages/airflow/example_dags/example_xcomargs.py for tasks to queue
[2025-09-29T17:16:23.042+0000] {logging_mixin.py:188} INFO - [2025-09-29T17:16:23.041+0000] {dagbag.py:545} INFO - Filling up the DagBag from /home/airflow/.local/lib/python3.12/site-packages/airflow/example_dags/example_xcomargs.py
[2025-09-29T17:16:23.067+0000] {processor.py:840} INFO - DAG(s) 'example_xcom_args', 'example_xcom_args_with_operators' retrieved from /home/airflow/.local/lib/python3.12/site-packages/airflow/example_dags/example_xcomargs.py
[2025-09-29T17:16:23.137+0000] {logging_mixin.py:188} INFO - [2025-09-29T17:16:23.137+0000] {dag.py:3089} INFO - Sync 2 DAGs
[2025-09-29T17:16:23.172+0000] {logging_mixin.py:188} INFO - [2025-09-29T17:16:23.172+0000] {dag.py:3947} INFO - Setting next_dagrun for example_xcom_args to None, run_after=None
[2025-09-29T17:16:23.182+0000] {logging_mixin.py:188} INFO - [2025-09-29T17:16:23.182+0000] {dag.py:3947} INFO - Setting next_dagrun for example_xcom_args_with_operators to None, run_after=None
[2025-09-29T17:16:23.647+0000] {processor.py:183} INFO - Processing /home/airflow/.local/lib/python3.12/site-packages/airflow/example_dags/example_xcomargs.py took 0.631 seconds
[2025-09-29T17:16:54.210+0000] {processor.py:161} INFO - Started process (PID=10980) to work on /home/airflow/.local/lib/python3.12/site-packages/airflow/example_dags/example_xcomargs.py
[2025-09-29T17:16:54.213+0000] {processor.py:830} INFO - Processing file /home/airflow/.local/lib/python3.12/site-packages/airflow/example_dags/example_xcomargs.py for tasks to queue
[2025-09-29T17:16:54.222+0000] {logging_mixin.py:188} INFO - [2025-09-29T17:16:54.220+0000] {dagbag.py:545} INFO - Filling up the DagBag from /home/airflow/.local/lib/python3.12/site-packages/airflow/example_dags/example_xcomargs.py
[2025-09-29T17:16:54.291+0000] {processor.py:840} INFO - DAG(s) 'example_xcom_args', 'example_xcom_args_with_operators' retrieved from /home/airflow/.local/lib/python3.12/site-packages/airflow/example_dags/example_xcomargs.py
[2025-09-29T17:16:54.375+0000] {logging_mixin.py:188} INFO - [2025-09-29T17:16:54.374+0000] {dag.py:3089} INFO - Sync 2 DAGs
[2025-09-29T17:16:54.473+0000] {logging_mixin.py:188} INFO - [2025-09-29T17:16:54.472+0000] {dag.py:3947} INFO - Setting next_dagrun for example_xcom_args to None, run_after=None
[2025-09-29T17:16:54.482+0000] {logging_mixin.py:188} INFO - [2025-09-29T17:16:54.482+0000] {dag.py:3947} INFO - Setting next_dagrun for example_xcom_args_with_operators to None, run_after=None
[2025-09-29T17:16:54.595+0000] {processor.py:183} INFO - Processing /home/airflow/.local/lib/python3.12/site-packages/airflow/example_dags/example_xcomargs.py took 0.440 seconds
