[2025-09-29T15:33:23.752+0000] {processor.py:161} INFO - Started process (PID=353) to work on /home/airflow/.local/lib/python3.12/site-packages/airflow/example_dags/example_params_ui_tutorial.py
[2025-09-29T15:33:23.755+0000] {processor.py:830} INFO - Processing file /home/airflow/.local/lib/python3.12/site-packages/airflow/example_dags/example_params_ui_tutorial.py for tasks to queue
[2025-09-29T15:33:23.759+0000] {logging_mixin.py:188} INFO - [2025-09-29T15:33:23.758+0000] {dagbag.py:545} INFO - Filling up the DagBag from /home/airflow/.local/lib/python3.12/site-packages/airflow/example_dags/example_params_ui_tutorial.py
[2025-09-29T15:33:23.806+0000] {processor.py:840} INFO - DAG(s) 'example_params_ui_tutorial' retrieved from /home/airflow/.local/lib/python3.12/site-packages/airflow/example_dags/example_params_ui_tutorial.py
[2025-09-29T15:33:23.941+0000] {logging_mixin.py:188} INFO - [2025-09-29T15:33:23.940+0000] {dag.py:3089} INFO - Sync 1 DAGs
[2025-09-29T15:33:23.994+0000] {logging_mixin.py:188} INFO - [2025-09-29T15:33:23.994+0000] {dag.py:3947} INFO - Setting next_dagrun for example_params_ui_tutorial to None, run_after=None
[2025-09-29T15:33:24.276+0000] {processor.py:183} INFO - Processing /home/airflow/.local/lib/python3.12/site-packages/airflow/example_dags/example_params_ui_tutorial.py took 0.545 seconds
[2025-09-29T15:33:58.475+0000] {processor.py:161} INFO - Started process (PID=628) to work on /home/airflow/.local/lib/python3.12/site-packages/airflow/example_dags/example_params_ui_tutorial.py
[2025-09-29T15:33:58.480+0000] {processor.py:830} INFO - Processing file /home/airflow/.local/lib/python3.12/site-packages/airflow/example_dags/example_params_ui_tutorial.py for tasks to queue
[2025-09-29T15:33:58.492+0000] {logging_mixin.py:188} INFO - [2025-09-29T15:33:58.490+0000] {dagbag.py:545} INFO - Filling up the DagBag from /home/airflow/.local/lib/python3.12/site-packages/airflow/example_dags/example_params_ui_tutorial.py
[2025-09-29T15:33:58.566+0000] {processor.py:840} INFO - DAG(s) 'example_params_ui_tutorial' retrieved from /home/airflow/.local/lib/python3.12/site-packages/airflow/example_dags/example_params_ui_tutorial.py
[2025-09-29T15:33:57.863+0000] {logging_mixin.py:188} INFO - [2025-09-29T15:33:57.862+0000] {dag.py:3089} INFO - Sync 1 DAGs
[2025-09-29T15:33:57.917+0000] {logging_mixin.py:188} INFO - [2025-09-29T15:33:57.916+0000] {dag.py:3947} INFO - Setting next_dagrun for example_params_ui_tutorial to None, run_after=None
[2025-09-29T15:33:58.047+0000] {processor.py:183} INFO - Processing /home/airflow/.local/lib/python3.12/site-packages/airflow/example_dags/example_params_ui_tutorial.py took 1.038 seconds
[2025-09-29T15:34:28.263+0000] {processor.py:161} INFO - Started process (PID=891) to work on /home/airflow/.local/lib/python3.12/site-packages/airflow/example_dags/example_params_ui_tutorial.py
[2025-09-29T15:34:28.265+0000] {processor.py:830} INFO - Processing file /home/airflow/.local/lib/python3.12/site-packages/airflow/example_dags/example_params_ui_tutorial.py for tasks to queue
[2025-09-29T15:34:28.270+0000] {logging_mixin.py:188} INFO - [2025-09-29T15:34:28.269+0000] {dagbag.py:545} INFO - Filling up the DagBag from /home/airflow/.local/lib/python3.12/site-packages/airflow/example_dags/example_params_ui_tutorial.py
[2025-09-29T15:34:28.287+0000] {processor.py:840} INFO - DAG(s) 'example_params_ui_tutorial' retrieved from /home/airflow/.local/lib/python3.12/site-packages/airflow/example_dags/example_params_ui_tutorial.py
[2025-09-29T15:34:28.325+0000] {logging_mixin.py:188} INFO - [2025-09-29T15:34:28.324+0000] {dag.py:3089} INFO - Sync 1 DAGs
[2025-09-29T15:34:28.358+0000] {logging_mixin.py:188} INFO - [2025-09-29T15:34:28.357+0000] {dag.py:3947} INFO - Setting next_dagrun for example_params_ui_tutorial to None, run_after=None
[2025-09-29T15:34:28.406+0000] {processor.py:183} INFO - Processing /home/airflow/.local/lib/python3.12/site-packages/airflow/example_dags/example_params_ui_tutorial.py took 0.165 seconds
[2025-09-29T15:34:59.132+0000] {processor.py:161} INFO - Started process (PID=1153) to work on /home/airflow/.local/lib/python3.12/site-packages/airflow/example_dags/example_params_ui_tutorial.py
[2025-09-29T15:34:59.135+0000] {processor.py:830} INFO - Processing file /home/airflow/.local/lib/python3.12/site-packages/airflow/example_dags/example_params_ui_tutorial.py for tasks to queue
[2025-09-29T15:34:59.140+0000] {logging_mixin.py:188} INFO - [2025-09-29T15:34:59.139+0000] {dagbag.py:545} INFO - Filling up the DagBag from /home/airflow/.local/lib/python3.12/site-packages/airflow/example_dags/example_params_ui_tutorial.py
[2025-09-29T15:34:59.157+0000] {processor.py:840} INFO - DAG(s) 'example_params_ui_tutorial' retrieved from /home/airflow/.local/lib/python3.12/site-packages/airflow/example_dags/example_params_ui_tutorial.py
[2025-09-29T15:34:59.280+0000] {logging_mixin.py:188} INFO - [2025-09-29T15:34:59.280+0000] {dag.py:3089} INFO - Sync 1 DAGs
[2025-09-29T15:34:59.316+0000] {logging_mixin.py:188} INFO - [2025-09-29T15:34:59.315+0000] {dag.py:3947} INFO - Setting next_dagrun for example_params_ui_tutorial to None, run_after=None
[2025-09-29T15:34:59.385+0000] {processor.py:183} INFO - Processing /home/airflow/.local/lib/python3.12/site-packages/airflow/example_dags/example_params_ui_tutorial.py took 0.268 seconds
[2025-09-29T15:35:31.302+0000] {processor.py:161} INFO - Started process (PID=1424) to work on /home/airflow/.local/lib/python3.12/site-packages/airflow/example_dags/example_params_ui_tutorial.py
[2025-09-29T15:35:31.305+0000] {processor.py:830} INFO - Processing file /home/airflow/.local/lib/python3.12/site-packages/airflow/example_dags/example_params_ui_tutorial.py for tasks to queue
[2025-09-29T15:35:31.311+0000] {logging_mixin.py:188} INFO - [2025-09-29T15:35:31.310+0000] {dagbag.py:545} INFO - Filling up the DagBag from /home/airflow/.local/lib/python3.12/site-packages/airflow/example_dags/example_params_ui_tutorial.py
[2025-09-29T15:35:31.332+0000] {processor.py:840} INFO - DAG(s) 'example_params_ui_tutorial' retrieved from /home/airflow/.local/lib/python3.12/site-packages/airflow/example_dags/example_params_ui_tutorial.py
[2025-09-29T15:35:31.482+0000] {logging_mixin.py:188} INFO - [2025-09-29T15:35:31.482+0000] {dag.py:3089} INFO - Sync 1 DAGs
[2025-09-29T15:35:31.516+0000] {logging_mixin.py:188} INFO - [2025-09-29T15:35:31.516+0000] {dag.py:3947} INFO - Setting next_dagrun for example_params_ui_tutorial to None, run_after=None
[2025-09-29T15:35:31.564+0000] {processor.py:183} INFO - Processing /home/airflow/.local/lib/python3.12/site-packages/airflow/example_dags/example_params_ui_tutorial.py took 0.281 seconds
[2025-09-29T15:36:02.704+0000] {processor.py:161} INFO - Started process (PID=1686) to work on /home/airflow/.local/lib/python3.12/site-packages/airflow/example_dags/example_params_ui_tutorial.py
[2025-09-29T15:36:02.707+0000] {processor.py:830} INFO - Processing file /home/airflow/.local/lib/python3.12/site-packages/airflow/example_dags/example_params_ui_tutorial.py for tasks to queue
[2025-09-29T15:36:02.712+0000] {logging_mixin.py:188} INFO - [2025-09-29T15:36:02.711+0000] {dagbag.py:545} INFO - Filling up the DagBag from /home/airflow/.local/lib/python3.12/site-packages/airflow/example_dags/example_params_ui_tutorial.py
[2025-09-29T15:36:02.729+0000] {processor.py:840} INFO - DAG(s) 'example_params_ui_tutorial' retrieved from /home/airflow/.local/lib/python3.12/site-packages/airflow/example_dags/example_params_ui_tutorial.py
[2025-09-29T15:36:02.852+0000] {logging_mixin.py:188} INFO - [2025-09-29T15:36:02.851+0000] {dag.py:3089} INFO - Sync 1 DAGs
[2025-09-29T15:36:02.881+0000] {logging_mixin.py:188} INFO - [2025-09-29T15:36:02.881+0000] {dag.py:3947} INFO - Setting next_dagrun for example_params_ui_tutorial to None, run_after=None
[2025-09-29T15:36:02.931+0000] {processor.py:183} INFO - Processing /home/airflow/.local/lib/python3.12/site-packages/airflow/example_dags/example_params_ui_tutorial.py took 0.243 seconds
[2025-09-29T15:36:33.834+0000] {processor.py:161} INFO - Started process (PID=1948) to work on /home/airflow/.local/lib/python3.12/site-packages/airflow/example_dags/example_params_ui_tutorial.py
[2025-09-29T15:36:33.839+0000] {processor.py:830} INFO - Processing file /home/airflow/.local/lib/python3.12/site-packages/airflow/example_dags/example_params_ui_tutorial.py for tasks to queue
[2025-09-29T15:36:33.845+0000] {logging_mixin.py:188} INFO - [2025-09-29T15:36:33.844+0000] {dagbag.py:545} INFO - Filling up the DagBag from /home/airflow/.local/lib/python3.12/site-packages/airflow/example_dags/example_params_ui_tutorial.py
[2025-09-29T15:36:33.868+0000] {processor.py:840} INFO - DAG(s) 'example_params_ui_tutorial' retrieved from /home/airflow/.local/lib/python3.12/site-packages/airflow/example_dags/example_params_ui_tutorial.py
[2025-09-29T15:36:33.990+0000] {logging_mixin.py:188} INFO - [2025-09-29T15:36:33.990+0000] {dag.py:3089} INFO - Sync 1 DAGs
[2025-09-29T15:36:34.020+0000] {logging_mixin.py:188} INFO - [2025-09-29T15:36:34.020+0000] {dag.py:3947} INFO - Setting next_dagrun for example_params_ui_tutorial to None, run_after=None
[2025-09-29T15:36:34.066+0000] {processor.py:183} INFO - Processing /home/airflow/.local/lib/python3.12/site-packages/airflow/example_dags/example_params_ui_tutorial.py took 0.264 seconds
[2025-09-29T15:37:04.337+0000] {processor.py:161} INFO - Started process (PID=2209) to work on /home/airflow/.local/lib/python3.12/site-packages/airflow/example_dags/example_params_ui_tutorial.py
[2025-09-29T15:37:04.340+0000] {processor.py:830} INFO - Processing file /home/airflow/.local/lib/python3.12/site-packages/airflow/example_dags/example_params_ui_tutorial.py for tasks to queue
[2025-09-29T15:37:04.344+0000] {logging_mixin.py:188} INFO - [2025-09-29T15:37:04.343+0000] {dagbag.py:545} INFO - Filling up the DagBag from /home/airflow/.local/lib/python3.12/site-packages/airflow/example_dags/example_params_ui_tutorial.py
[2025-09-29T15:37:04.361+0000] {processor.py:840} INFO - DAG(s) 'example_params_ui_tutorial' retrieved from /home/airflow/.local/lib/python3.12/site-packages/airflow/example_dags/example_params_ui_tutorial.py
[2025-09-29T15:37:04.485+0000] {logging_mixin.py:188} INFO - [2025-09-29T15:37:04.484+0000] {dag.py:3089} INFO - Sync 1 DAGs
[2025-09-29T15:37:04.517+0000] {logging_mixin.py:188} INFO - [2025-09-29T15:37:04.516+0000] {dag.py:3947} INFO - Setting next_dagrun for example_params_ui_tutorial to None, run_after=None
[2025-09-29T15:37:04.568+0000] {processor.py:183} INFO - Processing /home/airflow/.local/lib/python3.12/site-packages/airflow/example_dags/example_params_ui_tutorial.py took 0.246 seconds
[2025-09-29T15:37:34.745+0000] {processor.py:161} INFO - Started process (PID=2468) to work on /home/airflow/.local/lib/python3.12/site-packages/airflow/example_dags/example_params_ui_tutorial.py
[2025-09-29T15:37:34.748+0000] {processor.py:830} INFO - Processing file /home/airflow/.local/lib/python3.12/site-packages/airflow/example_dags/example_params_ui_tutorial.py for tasks to queue
[2025-09-29T15:37:34.752+0000] {logging_mixin.py:188} INFO - [2025-09-29T15:37:34.751+0000] {dagbag.py:545} INFO - Filling up the DagBag from /home/airflow/.local/lib/python3.12/site-packages/airflow/example_dags/example_params_ui_tutorial.py
[2025-09-29T15:37:34.769+0000] {processor.py:840} INFO - DAG(s) 'example_params_ui_tutorial' retrieved from /home/airflow/.local/lib/python3.12/site-packages/airflow/example_dags/example_params_ui_tutorial.py
[2025-09-29T15:37:34.896+0000] {logging_mixin.py:188} INFO - [2025-09-29T15:37:34.896+0000] {dag.py:3089} INFO - Sync 1 DAGs
[2025-09-29T15:37:34.930+0000] {logging_mixin.py:188} INFO - [2025-09-29T15:37:34.929+0000] {dag.py:3947} INFO - Setting next_dagrun for example_params_ui_tutorial to None, run_after=None
[2025-09-29T15:37:34.975+0000] {processor.py:183} INFO - Processing /home/airflow/.local/lib/python3.12/site-packages/airflow/example_dags/example_params_ui_tutorial.py took 0.244 seconds
[2025-09-29T15:38:05.788+0000] {processor.py:161} INFO - Started process (PID=2730) to work on /home/airflow/.local/lib/python3.12/site-packages/airflow/example_dags/example_params_ui_tutorial.py
[2025-09-29T15:38:05.791+0000] {processor.py:830} INFO - Processing file /home/airflow/.local/lib/python3.12/site-packages/airflow/example_dags/example_params_ui_tutorial.py for tasks to queue
[2025-09-29T15:38:05.796+0000] {logging_mixin.py:188} INFO - [2025-09-29T15:38:05.795+0000] {dagbag.py:545} INFO - Filling up the DagBag from /home/airflow/.local/lib/python3.12/site-packages/airflow/example_dags/example_params_ui_tutorial.py
[2025-09-29T15:38:05.812+0000] {processor.py:840} INFO - DAG(s) 'example_params_ui_tutorial' retrieved from /home/airflow/.local/lib/python3.12/site-packages/airflow/example_dags/example_params_ui_tutorial.py
[2025-09-29T15:38:05.937+0000] {logging_mixin.py:188} INFO - [2025-09-29T15:38:05.936+0000] {dag.py:3089} INFO - Sync 1 DAGs
[2025-09-29T15:38:05.967+0000] {logging_mixin.py:188} INFO - [2025-09-29T15:38:05.967+0000] {dag.py:3947} INFO - Setting next_dagrun for example_params_ui_tutorial to None, run_after=None
[2025-09-29T15:38:06.018+0000] {processor.py:183} INFO - Processing /home/airflow/.local/lib/python3.12/site-packages/airflow/example_dags/example_params_ui_tutorial.py took 0.245 seconds
[2025-09-29T15:38:36.577+0000] {processor.py:161} INFO - Started process (PID=2992) to work on /home/airflow/.local/lib/python3.12/site-packages/airflow/example_dags/example_params_ui_tutorial.py
[2025-09-29T15:38:36.580+0000] {processor.py:830} INFO - Processing file /home/airflow/.local/lib/python3.12/site-packages/airflow/example_dags/example_params_ui_tutorial.py for tasks to queue
[2025-09-29T15:38:36.584+0000] {logging_mixin.py:188} INFO - [2025-09-29T15:38:36.583+0000] {dagbag.py:545} INFO - Filling up the DagBag from /home/airflow/.local/lib/python3.12/site-packages/airflow/example_dags/example_params_ui_tutorial.py
[2025-09-29T15:38:36.601+0000] {processor.py:840} INFO - DAG(s) 'example_params_ui_tutorial' retrieved from /home/airflow/.local/lib/python3.12/site-packages/airflow/example_dags/example_params_ui_tutorial.py
[2025-09-29T15:38:36.731+0000] {logging_mixin.py:188} INFO - [2025-09-29T15:38:36.730+0000] {dag.py:3089} INFO - Sync 1 DAGs
[2025-09-29T15:38:36.761+0000] {logging_mixin.py:188} INFO - [2025-09-29T15:38:36.761+0000] {dag.py:3947} INFO - Setting next_dagrun for example_params_ui_tutorial to None, run_after=None
[2025-09-29T15:38:36.811+0000] {processor.py:183} INFO - Processing /home/airflow/.local/lib/python3.12/site-packages/airflow/example_dags/example_params_ui_tutorial.py took 0.249 seconds
[2025-09-29T15:39:06.969+0000] {processor.py:161} INFO - Started process (PID=3254) to work on /home/airflow/.local/lib/python3.12/site-packages/airflow/example_dags/example_params_ui_tutorial.py
[2025-09-29T15:39:06.971+0000] {processor.py:830} INFO - Processing file /home/airflow/.local/lib/python3.12/site-packages/airflow/example_dags/example_params_ui_tutorial.py for tasks to queue
[2025-09-29T15:39:06.975+0000] {logging_mixin.py:188} INFO - [2025-09-29T15:39:06.975+0000] {dagbag.py:545} INFO - Filling up the DagBag from /home/airflow/.local/lib/python3.12/site-packages/airflow/example_dags/example_params_ui_tutorial.py
[2025-09-29T15:39:06.992+0000] {processor.py:840} INFO - DAG(s) 'example_params_ui_tutorial' retrieved from /home/airflow/.local/lib/python3.12/site-packages/airflow/example_dags/example_params_ui_tutorial.py
[2025-09-29T15:39:07.114+0000] {logging_mixin.py:188} INFO - [2025-09-29T15:39:07.113+0000] {dag.py:3089} INFO - Sync 1 DAGs
[2025-09-29T15:39:07.143+0000] {logging_mixin.py:188} INFO - [2025-09-29T15:39:07.143+0000] {dag.py:3947} INFO - Setting next_dagrun for example_params_ui_tutorial to None, run_after=None
[2025-09-29T15:39:07.190+0000] {processor.py:183} INFO - Processing /home/airflow/.local/lib/python3.12/site-packages/airflow/example_dags/example_params_ui_tutorial.py took 0.237 seconds
[2025-09-29T15:39:37.473+0000] {processor.py:161} INFO - Started process (PID=3516) to work on /home/airflow/.local/lib/python3.12/site-packages/airflow/example_dags/example_params_ui_tutorial.py
[2025-09-29T15:39:37.477+0000] {processor.py:830} INFO - Processing file /home/airflow/.local/lib/python3.12/site-packages/airflow/example_dags/example_params_ui_tutorial.py for tasks to queue
[2025-09-29T15:39:37.482+0000] {logging_mixin.py:188} INFO - [2025-09-29T15:39:37.481+0000] {dagbag.py:545} INFO - Filling up the DagBag from /home/airflow/.local/lib/python3.12/site-packages/airflow/example_dags/example_params_ui_tutorial.py
[2025-09-29T15:39:37.504+0000] {processor.py:840} INFO - DAG(s) 'example_params_ui_tutorial' retrieved from /home/airflow/.local/lib/python3.12/site-packages/airflow/example_dags/example_params_ui_tutorial.py
[2025-09-29T15:39:37.664+0000] {logging_mixin.py:188} INFO - [2025-09-29T15:39:37.663+0000] {dag.py:3089} INFO - Sync 1 DAGs
[2025-09-29T15:39:37.706+0000] {logging_mixin.py:188} INFO - [2025-09-29T15:39:37.705+0000] {dag.py:3947} INFO - Setting next_dagrun for example_params_ui_tutorial to None, run_after=None
[2025-09-29T15:39:37.772+0000] {processor.py:183} INFO - Processing /home/airflow/.local/lib/python3.12/site-packages/airflow/example_dags/example_params_ui_tutorial.py took 0.316 seconds
[2025-09-29T15:40:08.427+0000] {processor.py:161} INFO - Started process (PID=3778) to work on /home/airflow/.local/lib/python3.12/site-packages/airflow/example_dags/example_params_ui_tutorial.py
[2025-09-29T15:40:08.430+0000] {processor.py:830} INFO - Processing file /home/airflow/.local/lib/python3.12/site-packages/airflow/example_dags/example_params_ui_tutorial.py for tasks to queue
[2025-09-29T15:40:08.435+0000] {logging_mixin.py:188} INFO - [2025-09-29T15:40:08.434+0000] {dagbag.py:545} INFO - Filling up the DagBag from /home/airflow/.local/lib/python3.12/site-packages/airflow/example_dags/example_params_ui_tutorial.py
[2025-09-29T15:40:08.454+0000] {processor.py:840} INFO - DAG(s) 'example_params_ui_tutorial' retrieved from /home/airflow/.local/lib/python3.12/site-packages/airflow/example_dags/example_params_ui_tutorial.py
[2025-09-29T15:40:08.575+0000] {logging_mixin.py:188} INFO - [2025-09-29T15:40:08.574+0000] {dag.py:3089} INFO - Sync 1 DAGs
[2025-09-29T15:40:08.604+0000] {logging_mixin.py:188} INFO - [2025-09-29T15:40:08.604+0000] {dag.py:3947} INFO - Setting next_dagrun for example_params_ui_tutorial to None, run_after=None
[2025-09-29T15:40:08.653+0000] {processor.py:183} INFO - Processing /home/airflow/.local/lib/python3.12/site-packages/airflow/example_dags/example_params_ui_tutorial.py took 0.239 seconds
[2025-09-29T15:40:39.184+0000] {processor.py:161} INFO - Started process (PID=4040) to work on /home/airflow/.local/lib/python3.12/site-packages/airflow/example_dags/example_params_ui_tutorial.py
[2025-09-29T15:40:39.187+0000] {processor.py:830} INFO - Processing file /home/airflow/.local/lib/python3.12/site-packages/airflow/example_dags/example_params_ui_tutorial.py for tasks to queue
[2025-09-29T15:40:39.191+0000] {logging_mixin.py:188} INFO - [2025-09-29T15:40:39.190+0000] {dagbag.py:545} INFO - Filling up the DagBag from /home/airflow/.local/lib/python3.12/site-packages/airflow/example_dags/example_params_ui_tutorial.py
[2025-09-29T15:40:39.208+0000] {processor.py:840} INFO - DAG(s) 'example_params_ui_tutorial' retrieved from /home/airflow/.local/lib/python3.12/site-packages/airflow/example_dags/example_params_ui_tutorial.py
[2025-09-29T15:40:39.329+0000] {logging_mixin.py:188} INFO - [2025-09-29T15:40:39.328+0000] {dag.py:3089} INFO - Sync 1 DAGs
[2025-09-29T15:40:39.358+0000] {logging_mixin.py:188} INFO - [2025-09-29T15:40:39.358+0000] {dag.py:3947} INFO - Setting next_dagrun for example_params_ui_tutorial to None, run_after=None
[2025-09-29T15:40:39.411+0000] {processor.py:183} INFO - Processing /home/airflow/.local/lib/python3.12/site-packages/airflow/example_dags/example_params_ui_tutorial.py took 0.241 seconds
[2025-09-29T15:41:10.610+0000] {processor.py:161} INFO - Started process (PID=4300) to work on /home/airflow/.local/lib/python3.12/site-packages/airflow/example_dags/example_params_ui_tutorial.py
[2025-09-29T15:41:10.613+0000] {processor.py:830} INFO - Processing file /home/airflow/.local/lib/python3.12/site-packages/airflow/example_dags/example_params_ui_tutorial.py for tasks to queue
[2025-09-29T15:41:10.619+0000] {logging_mixin.py:188} INFO - [2025-09-29T15:41:10.618+0000] {dagbag.py:545} INFO - Filling up the DagBag from /home/airflow/.local/lib/python3.12/site-packages/airflow/example_dags/example_params_ui_tutorial.py
[2025-09-29T15:41:10.642+0000] {processor.py:840} INFO - DAG(s) 'example_params_ui_tutorial' retrieved from /home/airflow/.local/lib/python3.12/site-packages/airflow/example_dags/example_params_ui_tutorial.py
[2025-09-29T15:41:10.802+0000] {logging_mixin.py:188} INFO - [2025-09-29T15:41:10.801+0000] {dag.py:3089} INFO - Sync 1 DAGs
[2025-09-29T15:41:10.837+0000] {logging_mixin.py:188} INFO - [2025-09-29T15:41:10.837+0000] {dag.py:3947} INFO - Setting next_dagrun for example_params_ui_tutorial to None, run_after=None
[2025-09-29T15:41:10.895+0000] {processor.py:183} INFO - Processing /home/airflow/.local/lib/python3.12/site-packages/airflow/example_dags/example_params_ui_tutorial.py took 0.301 seconds
[2025-09-29T15:41:41.449+0000] {processor.py:161} INFO - Started process (PID=4562) to work on /home/airflow/.local/lib/python3.12/site-packages/airflow/example_dags/example_params_ui_tutorial.py
[2025-09-29T15:41:41.453+0000] {processor.py:830} INFO - Processing file /home/airflow/.local/lib/python3.12/site-packages/airflow/example_dags/example_params_ui_tutorial.py for tasks to queue
[2025-09-29T15:41:41.459+0000] {logging_mixin.py:188} INFO - [2025-09-29T15:41:41.458+0000] {dagbag.py:545} INFO - Filling up the DagBag from /home/airflow/.local/lib/python3.12/site-packages/airflow/example_dags/example_params_ui_tutorial.py
[2025-09-29T15:41:41.489+0000] {processor.py:840} INFO - DAG(s) 'example_params_ui_tutorial' retrieved from /home/airflow/.local/lib/python3.12/site-packages/airflow/example_dags/example_params_ui_tutorial.py
[2025-09-29T15:41:41.722+0000] {logging_mixin.py:188} INFO - [2025-09-29T15:41:41.721+0000] {dag.py:3089} INFO - Sync 1 DAGs
[2025-09-29T15:41:41.780+0000] {logging_mixin.py:188} INFO - [2025-09-29T15:41:41.780+0000] {dag.py:3947} INFO - Setting next_dagrun for example_params_ui_tutorial to None, run_after=None
[2025-09-29T15:41:41.868+0000] {processor.py:183} INFO - Processing /home/airflow/.local/lib/python3.12/site-packages/airflow/example_dags/example_params_ui_tutorial.py took 0.443 seconds
[2025-09-29T15:42:12.456+0000] {processor.py:161} INFO - Started process (PID=4820) to work on /home/airflow/.local/lib/python3.12/site-packages/airflow/example_dags/example_params_ui_tutorial.py
[2025-09-29T15:42:12.459+0000] {processor.py:830} INFO - Processing file /home/airflow/.local/lib/python3.12/site-packages/airflow/example_dags/example_params_ui_tutorial.py for tasks to queue
[2025-09-29T15:42:12.463+0000] {logging_mixin.py:188} INFO - [2025-09-29T15:42:12.462+0000] {dagbag.py:545} INFO - Filling up the DagBag from /home/airflow/.local/lib/python3.12/site-packages/airflow/example_dags/example_params_ui_tutorial.py
[2025-09-29T15:42:12.479+0000] {processor.py:840} INFO - DAG(s) 'example_params_ui_tutorial' retrieved from /home/airflow/.local/lib/python3.12/site-packages/airflow/example_dags/example_params_ui_tutorial.py
[2025-09-29T15:42:12.602+0000] {logging_mixin.py:188} INFO - [2025-09-29T15:42:12.601+0000] {dag.py:3089} INFO - Sync 1 DAGs
[2025-09-29T15:42:12.632+0000] {logging_mixin.py:188} INFO - [2025-09-29T15:42:12.631+0000] {dag.py:3947} INFO - Setting next_dagrun for example_params_ui_tutorial to None, run_after=None
[2025-09-29T15:42:12.684+0000] {processor.py:183} INFO - Processing /home/airflow/.local/lib/python3.12/site-packages/airflow/example_dags/example_params_ui_tutorial.py took 0.243 seconds
[2025-09-29T15:42:42.802+0000] {processor.py:161} INFO - Started process (PID=5082) to work on /home/airflow/.local/lib/python3.12/site-packages/airflow/example_dags/example_params_ui_tutorial.py
[2025-09-29T15:42:42.804+0000] {processor.py:830} INFO - Processing file /home/airflow/.local/lib/python3.12/site-packages/airflow/example_dags/example_params_ui_tutorial.py for tasks to queue
[2025-09-29T15:42:42.808+0000] {logging_mixin.py:188} INFO - [2025-09-29T15:42:42.807+0000] {dagbag.py:545} INFO - Filling up the DagBag from /home/airflow/.local/lib/python3.12/site-packages/airflow/example_dags/example_params_ui_tutorial.py
[2025-09-29T15:42:42.824+0000] {processor.py:840} INFO - DAG(s) 'example_params_ui_tutorial' retrieved from /home/airflow/.local/lib/python3.12/site-packages/airflow/example_dags/example_params_ui_tutorial.py
[2025-09-29T15:42:42.943+0000] {logging_mixin.py:188} INFO - [2025-09-29T15:42:42.943+0000] {dag.py:3089} INFO - Sync 1 DAGs
[2025-09-29T15:42:42.973+0000] {logging_mixin.py:188} INFO - [2025-09-29T15:42:42.972+0000] {dag.py:3947} INFO - Setting next_dagrun for example_params_ui_tutorial to None, run_after=None
[2025-09-29T15:42:43.022+0000] {processor.py:183} INFO - Processing /home/airflow/.local/lib/python3.12/site-packages/airflow/example_dags/example_params_ui_tutorial.py took 0.234 seconds
[2025-09-29T15:43:13.278+0000] {processor.py:161} INFO - Started process (PID=5344) to work on /home/airflow/.local/lib/python3.12/site-packages/airflow/example_dags/example_params_ui_tutorial.py
[2025-09-29T15:43:13.280+0000] {processor.py:830} INFO - Processing file /home/airflow/.local/lib/python3.12/site-packages/airflow/example_dags/example_params_ui_tutorial.py for tasks to queue
[2025-09-29T15:43:13.284+0000] {logging_mixin.py:188} INFO - [2025-09-29T15:43:13.284+0000] {dagbag.py:545} INFO - Filling up the DagBag from /home/airflow/.local/lib/python3.12/site-packages/airflow/example_dags/example_params_ui_tutorial.py
[2025-09-29T15:43:13.301+0000] {processor.py:840} INFO - DAG(s) 'example_params_ui_tutorial' retrieved from /home/airflow/.local/lib/python3.12/site-packages/airflow/example_dags/example_params_ui_tutorial.py
[2025-09-29T15:43:13.419+0000] {logging_mixin.py:188} INFO - [2025-09-29T15:43:13.418+0000] {dag.py:3089} INFO - Sync 1 DAGs
[2025-09-29T15:43:13.449+0000] {logging_mixin.py:188} INFO - [2025-09-29T15:43:13.449+0000] {dag.py:3947} INFO - Setting next_dagrun for example_params_ui_tutorial to None, run_after=None
[2025-09-29T15:43:13.499+0000] {processor.py:183} INFO - Processing /home/airflow/.local/lib/python3.12/site-packages/airflow/example_dags/example_params_ui_tutorial.py took 0.235 seconds
[2025-09-29T15:43:44.228+0000] {processor.py:161} INFO - Started process (PID=5606) to work on /home/airflow/.local/lib/python3.12/site-packages/airflow/example_dags/example_params_ui_tutorial.py
[2025-09-29T15:43:44.234+0000] {processor.py:830} INFO - Processing file /home/airflow/.local/lib/python3.12/site-packages/airflow/example_dags/example_params_ui_tutorial.py for tasks to queue
[2025-09-29T15:43:44.239+0000] {logging_mixin.py:188} INFO - [2025-09-29T15:43:44.238+0000] {dagbag.py:545} INFO - Filling up the DagBag from /home/airflow/.local/lib/python3.12/site-packages/airflow/example_dags/example_params_ui_tutorial.py
[2025-09-29T15:43:44.258+0000] {processor.py:840} INFO - DAG(s) 'example_params_ui_tutorial' retrieved from /home/airflow/.local/lib/python3.12/site-packages/airflow/example_dags/example_params_ui_tutorial.py
[2025-09-29T15:43:44.396+0000] {logging_mixin.py:188} INFO - [2025-09-29T15:43:44.396+0000] {dag.py:3089} INFO - Sync 1 DAGs
[2025-09-29T15:43:44.436+0000] {logging_mixin.py:188} INFO - [2025-09-29T15:43:44.435+0000] {dag.py:3947} INFO - Setting next_dagrun for example_params_ui_tutorial to None, run_after=None
[2025-09-29T15:43:44.504+0000] {processor.py:183} INFO - Processing /home/airflow/.local/lib/python3.12/site-packages/airflow/example_dags/example_params_ui_tutorial.py took 0.291 seconds
[2025-09-29T15:44:14.901+0000] {processor.py:161} INFO - Started process (PID=5868) to work on /home/airflow/.local/lib/python3.12/site-packages/airflow/example_dags/example_params_ui_tutorial.py
[2025-09-29T15:44:14.903+0000] {processor.py:830} INFO - Processing file /home/airflow/.local/lib/python3.12/site-packages/airflow/example_dags/example_params_ui_tutorial.py for tasks to queue
[2025-09-29T15:44:14.907+0000] {logging_mixin.py:188} INFO - [2025-09-29T15:44:14.906+0000] {dagbag.py:545} INFO - Filling up the DagBag from /home/airflow/.local/lib/python3.12/site-packages/airflow/example_dags/example_params_ui_tutorial.py
[2025-09-29T15:44:14.924+0000] {processor.py:840} INFO - DAG(s) 'example_params_ui_tutorial' retrieved from /home/airflow/.local/lib/python3.12/site-packages/airflow/example_dags/example_params_ui_tutorial.py
[2025-09-29T15:44:15.045+0000] {logging_mixin.py:188} INFO - [2025-09-29T15:44:15.044+0000] {dag.py:3089} INFO - Sync 1 DAGs
[2025-09-29T15:44:15.074+0000] {logging_mixin.py:188} INFO - [2025-09-29T15:44:15.073+0000] {dag.py:3947} INFO - Setting next_dagrun for example_params_ui_tutorial to None, run_after=None
[2025-09-29T15:44:15.125+0000] {processor.py:183} INFO - Processing /home/airflow/.local/lib/python3.12/site-packages/airflow/example_dags/example_params_ui_tutorial.py took 0.239 seconds
[2025-09-29T15:44:45.387+0000] {processor.py:161} INFO - Started process (PID=6130) to work on /home/airflow/.local/lib/python3.12/site-packages/airflow/example_dags/example_params_ui_tutorial.py
[2025-09-29T15:44:45.390+0000] {processor.py:830} INFO - Processing file /home/airflow/.local/lib/python3.12/site-packages/airflow/example_dags/example_params_ui_tutorial.py for tasks to queue
[2025-09-29T15:44:45.394+0000] {logging_mixin.py:188} INFO - [2025-09-29T15:44:45.393+0000] {dagbag.py:545} INFO - Filling up the DagBag from /home/airflow/.local/lib/python3.12/site-packages/airflow/example_dags/example_params_ui_tutorial.py
[2025-09-29T15:44:45.412+0000] {processor.py:840} INFO - DAG(s) 'example_params_ui_tutorial' retrieved from /home/airflow/.local/lib/python3.12/site-packages/airflow/example_dags/example_params_ui_tutorial.py
[2025-09-29T15:44:45.535+0000] {logging_mixin.py:188} INFO - [2025-09-29T15:44:45.534+0000] {dag.py:3089} INFO - Sync 1 DAGs
[2025-09-29T15:44:45.565+0000] {logging_mixin.py:188} INFO - [2025-09-29T15:44:45.565+0000] {dag.py:3947} INFO - Setting next_dagrun for example_params_ui_tutorial to None, run_after=None
[2025-09-29T15:44:45.617+0000] {processor.py:183} INFO - Processing /home/airflow/.local/lib/python3.12/site-packages/airflow/example_dags/example_params_ui_tutorial.py took 0.245 seconds
[2025-09-29T15:45:16.054+0000] {processor.py:161} INFO - Started process (PID=6392) to work on /home/airflow/.local/lib/python3.12/site-packages/airflow/example_dags/example_params_ui_tutorial.py
[2025-09-29T15:45:16.056+0000] {processor.py:830} INFO - Processing file /home/airflow/.local/lib/python3.12/site-packages/airflow/example_dags/example_params_ui_tutorial.py for tasks to queue
[2025-09-29T15:45:16.060+0000] {logging_mixin.py:188} INFO - [2025-09-29T15:45:16.059+0000] {dagbag.py:545} INFO - Filling up the DagBag from /home/airflow/.local/lib/python3.12/site-packages/airflow/example_dags/example_params_ui_tutorial.py
[2025-09-29T15:45:16.078+0000] {processor.py:840} INFO - DAG(s) 'example_params_ui_tutorial' retrieved from /home/airflow/.local/lib/python3.12/site-packages/airflow/example_dags/example_params_ui_tutorial.py
[2025-09-29T15:45:16.203+0000] {logging_mixin.py:188} INFO - [2025-09-29T15:45:16.203+0000] {dag.py:3089} INFO - Sync 1 DAGs
[2025-09-29T15:45:16.234+0000] {logging_mixin.py:188} INFO - [2025-09-29T15:45:16.234+0000] {dag.py:3947} INFO - Setting next_dagrun for example_params_ui_tutorial to None, run_after=None
[2025-09-29T15:45:16.282+0000] {processor.py:183} INFO - Processing /home/airflow/.local/lib/python3.12/site-packages/airflow/example_dags/example_params_ui_tutorial.py took 0.242 seconds
[2025-09-29T15:45:46.495+0000] {processor.py:161} INFO - Started process (PID=6654) to work on /home/airflow/.local/lib/python3.12/site-packages/airflow/example_dags/example_params_ui_tutorial.py
[2025-09-29T15:45:46.498+0000] {processor.py:830} INFO - Processing file /home/airflow/.local/lib/python3.12/site-packages/airflow/example_dags/example_params_ui_tutorial.py for tasks to queue
[2025-09-29T15:45:46.502+0000] {logging_mixin.py:188} INFO - [2025-09-29T15:45:46.501+0000] {dagbag.py:545} INFO - Filling up the DagBag from /home/airflow/.local/lib/python3.12/site-packages/airflow/example_dags/example_params_ui_tutorial.py
[2025-09-29T15:45:46.521+0000] {processor.py:840} INFO - DAG(s) 'example_params_ui_tutorial' retrieved from /home/airflow/.local/lib/python3.12/site-packages/airflow/example_dags/example_params_ui_tutorial.py
[2025-09-29T15:45:46.650+0000] {logging_mixin.py:188} INFO - [2025-09-29T15:45:46.650+0000] {dag.py:3089} INFO - Sync 1 DAGs
[2025-09-29T15:45:46.681+0000] {logging_mixin.py:188} INFO - [2025-09-29T15:45:46.681+0000] {dag.py:3947} INFO - Setting next_dagrun for example_params_ui_tutorial to None, run_after=None
[2025-09-29T15:45:46.732+0000] {processor.py:183} INFO - Processing /home/airflow/.local/lib/python3.12/site-packages/airflow/example_dags/example_params_ui_tutorial.py took 0.251 seconds
[2025-09-29T15:46:17.564+0000] {processor.py:161} INFO - Started process (PID=6916) to work on /home/airflow/.local/lib/python3.12/site-packages/airflow/example_dags/example_params_ui_tutorial.py
[2025-09-29T15:46:17.566+0000] {processor.py:830} INFO - Processing file /home/airflow/.local/lib/python3.12/site-packages/airflow/example_dags/example_params_ui_tutorial.py for tasks to queue
[2025-09-29T15:46:17.570+0000] {logging_mixin.py:188} INFO - [2025-09-29T15:46:17.570+0000] {dagbag.py:545} INFO - Filling up the DagBag from /home/airflow/.local/lib/python3.12/site-packages/airflow/example_dags/example_params_ui_tutorial.py
[2025-09-29T15:46:17.587+0000] {processor.py:840} INFO - DAG(s) 'example_params_ui_tutorial' retrieved from /home/airflow/.local/lib/python3.12/site-packages/airflow/example_dags/example_params_ui_tutorial.py
[2025-09-29T15:46:17.708+0000] {logging_mixin.py:188} INFO - [2025-09-29T15:46:17.708+0000] {dag.py:3089} INFO - Sync 1 DAGs
[2025-09-29T15:46:17.739+0000] {logging_mixin.py:188} INFO - [2025-09-29T15:46:17.738+0000] {dag.py:3947} INFO - Setting next_dagrun for example_params_ui_tutorial to None, run_after=None
[2025-09-29T15:46:17.784+0000] {processor.py:183} INFO - Processing /home/airflow/.local/lib/python3.12/site-packages/airflow/example_dags/example_params_ui_tutorial.py took 0.234 seconds
[2025-09-29T15:46:47.997+0000] {processor.py:161} INFO - Started process (PID=7178) to work on /home/airflow/.local/lib/python3.12/site-packages/airflow/example_dags/example_params_ui_tutorial.py
[2025-09-29T15:46:48.012+0000] {processor.py:830} INFO - Processing file /home/airflow/.local/lib/python3.12/site-packages/airflow/example_dags/example_params_ui_tutorial.py for tasks to queue
[2025-09-29T15:46:48.016+0000] {logging_mixin.py:188} INFO - [2025-09-29T15:46:48.016+0000] {dagbag.py:545} INFO - Filling up the DagBag from /home/airflow/.local/lib/python3.12/site-packages/airflow/example_dags/example_params_ui_tutorial.py
[2025-09-29T15:46:48.033+0000] {processor.py:840} INFO - DAG(s) 'example_params_ui_tutorial' retrieved from /home/airflow/.local/lib/python3.12/site-packages/airflow/example_dags/example_params_ui_tutorial.py
[2025-09-29T15:46:48.156+0000] {logging_mixin.py:188} INFO - [2025-09-29T15:46:48.155+0000] {dag.py:3089} INFO - Sync 1 DAGs
[2025-09-29T15:46:48.185+0000] {logging_mixin.py:188} INFO - [2025-09-29T15:46:48.185+0000] {dag.py:3947} INFO - Setting next_dagrun for example_params_ui_tutorial to None, run_after=None
[2025-09-29T15:46:48.231+0000] {processor.py:183} INFO - Processing /home/airflow/.local/lib/python3.12/site-packages/airflow/example_dags/example_params_ui_tutorial.py took 0.248 seconds
[2025-09-29T15:47:19.120+0000] {processor.py:161} INFO - Started process (PID=7440) to work on /home/airflow/.local/lib/python3.12/site-packages/airflow/example_dags/example_params_ui_tutorial.py
[2025-09-29T15:47:19.123+0000] {processor.py:830} INFO - Processing file /home/airflow/.local/lib/python3.12/site-packages/airflow/example_dags/example_params_ui_tutorial.py for tasks to queue
[2025-09-29T15:47:19.127+0000] {logging_mixin.py:188} INFO - [2025-09-29T15:47:19.126+0000] {dagbag.py:545} INFO - Filling up the DagBag from /home/airflow/.local/lib/python3.12/site-packages/airflow/example_dags/example_params_ui_tutorial.py
[2025-09-29T15:47:19.148+0000] {processor.py:840} INFO - DAG(s) 'example_params_ui_tutorial' retrieved from /home/airflow/.local/lib/python3.12/site-packages/airflow/example_dags/example_params_ui_tutorial.py
[2025-09-29T15:47:19.283+0000] {logging_mixin.py:188} INFO - [2025-09-29T15:47:19.282+0000] {dag.py:3089} INFO - Sync 1 DAGs
[2025-09-29T15:47:19.326+0000] {logging_mixin.py:188} INFO - [2025-09-29T15:47:19.325+0000] {dag.py:3947} INFO - Setting next_dagrun for example_params_ui_tutorial to None, run_after=None
[2025-09-29T15:47:19.390+0000] {processor.py:183} INFO - Processing /home/airflow/.local/lib/python3.12/site-packages/airflow/example_dags/example_params_ui_tutorial.py took 0.287 seconds
[2025-09-29T15:47:49.492+0000] {processor.py:161} INFO - Started process (PID=7702) to work on /home/airflow/.local/lib/python3.12/site-packages/airflow/example_dags/example_params_ui_tutorial.py
[2025-09-29T15:47:49.495+0000] {processor.py:830} INFO - Processing file /home/airflow/.local/lib/python3.12/site-packages/airflow/example_dags/example_params_ui_tutorial.py for tasks to queue
[2025-09-29T15:47:49.499+0000] {logging_mixin.py:188} INFO - [2025-09-29T15:47:49.499+0000] {dagbag.py:545} INFO - Filling up the DagBag from /home/airflow/.local/lib/python3.12/site-packages/airflow/example_dags/example_params_ui_tutorial.py
[2025-09-29T15:47:49.517+0000] {processor.py:840} INFO - DAG(s) 'example_params_ui_tutorial' retrieved from /home/airflow/.local/lib/python3.12/site-packages/airflow/example_dags/example_params_ui_tutorial.py
[2025-09-29T15:47:49.648+0000] {logging_mixin.py:188} INFO - [2025-09-29T15:47:49.648+0000] {dag.py:3089} INFO - Sync 1 DAGs
[2025-09-29T15:47:49.680+0000] {logging_mixin.py:188} INFO - [2025-09-29T15:47:49.679+0000] {dag.py:3947} INFO - Setting next_dagrun for example_params_ui_tutorial to None, run_after=None
[2025-09-29T15:47:49.731+0000] {processor.py:183} INFO - Processing /home/airflow/.local/lib/python3.12/site-packages/airflow/example_dags/example_params_ui_tutorial.py took 0.253 seconds
[2025-09-29T15:48:19.834+0000] {processor.py:161} INFO - Started process (PID=7964) to work on /home/airflow/.local/lib/python3.12/site-packages/airflow/example_dags/example_params_ui_tutorial.py
[2025-09-29T15:48:19.849+0000] {processor.py:830} INFO - Processing file /home/airflow/.local/lib/python3.12/site-packages/airflow/example_dags/example_params_ui_tutorial.py for tasks to queue
[2025-09-29T15:48:19.853+0000] {logging_mixin.py:188} INFO - [2025-09-29T15:48:19.852+0000] {dagbag.py:545} INFO - Filling up the DagBag from /home/airflow/.local/lib/python3.12/site-packages/airflow/example_dags/example_params_ui_tutorial.py
[2025-09-29T15:48:19.873+0000] {processor.py:840} INFO - DAG(s) 'example_params_ui_tutorial' retrieved from /home/airflow/.local/lib/python3.12/site-packages/airflow/example_dags/example_params_ui_tutorial.py
[2025-09-29T15:48:20.008+0000] {logging_mixin.py:188} INFO - [2025-09-29T15:48:20.007+0000] {dag.py:3089} INFO - Sync 1 DAGs
[2025-09-29T15:48:20.038+0000] {logging_mixin.py:188} INFO - [2025-09-29T15:48:20.037+0000] {dag.py:3947} INFO - Setting next_dagrun for example_params_ui_tutorial to None, run_after=None
[2025-09-29T15:48:20.121+0000] {processor.py:183} INFO - Processing /home/airflow/.local/lib/python3.12/site-packages/airflow/example_dags/example_params_ui_tutorial.py took 0.302 seconds
[2025-09-29T15:48:50.460+0000] {processor.py:161} INFO - Started process (PID=8226) to work on /home/airflow/.local/lib/python3.12/site-packages/airflow/example_dags/example_params_ui_tutorial.py
[2025-09-29T15:48:50.474+0000] {processor.py:830} INFO - Processing file /home/airflow/.local/lib/python3.12/site-packages/airflow/example_dags/example_params_ui_tutorial.py for tasks to queue
[2025-09-29T15:48:50.479+0000] {logging_mixin.py:188} INFO - [2025-09-29T15:48:50.478+0000] {dagbag.py:545} INFO - Filling up the DagBag from /home/airflow/.local/lib/python3.12/site-packages/airflow/example_dags/example_params_ui_tutorial.py
[2025-09-29T15:48:50.495+0000] {processor.py:840} INFO - DAG(s) 'example_params_ui_tutorial' retrieved from /home/airflow/.local/lib/python3.12/site-packages/airflow/example_dags/example_params_ui_tutorial.py
[2025-09-29T15:48:50.615+0000] {logging_mixin.py:188} INFO - [2025-09-29T15:48:50.614+0000] {dag.py:3089} INFO - Sync 1 DAGs
[2025-09-29T15:48:50.649+0000] {logging_mixin.py:188} INFO - [2025-09-29T15:48:50.649+0000] {dag.py:3947} INFO - Setting next_dagrun for example_params_ui_tutorial to None, run_after=None
[2025-09-29T15:48:50.694+0000] {processor.py:183} INFO - Processing /home/airflow/.local/lib/python3.12/site-packages/airflow/example_dags/example_params_ui_tutorial.py took 0.248 seconds
[2025-09-29T15:49:21.011+0000] {processor.py:161} INFO - Started process (PID=8488) to work on /home/airflow/.local/lib/python3.12/site-packages/airflow/example_dags/example_params_ui_tutorial.py
[2025-09-29T15:49:21.014+0000] {processor.py:830} INFO - Processing file /home/airflow/.local/lib/python3.12/site-packages/airflow/example_dags/example_params_ui_tutorial.py for tasks to queue
[2025-09-29T15:49:21.018+0000] {logging_mixin.py:188} INFO - [2025-09-29T15:49:21.017+0000] {dagbag.py:545} INFO - Filling up the DagBag from /home/airflow/.local/lib/python3.12/site-packages/airflow/example_dags/example_params_ui_tutorial.py
[2025-09-29T15:49:21.035+0000] {processor.py:840} INFO - DAG(s) 'example_params_ui_tutorial' retrieved from /home/airflow/.local/lib/python3.12/site-packages/airflow/example_dags/example_params_ui_tutorial.py
[2025-09-29T15:49:21.155+0000] {logging_mixin.py:188} INFO - [2025-09-29T15:49:21.154+0000] {dag.py:3089} INFO - Sync 1 DAGs
[2025-09-29T15:49:21.185+0000] {logging_mixin.py:188} INFO - [2025-09-29T15:49:21.184+0000] {dag.py:3947} INFO - Setting next_dagrun for example_params_ui_tutorial to None, run_after=None
[2025-09-29T15:49:21.234+0000] {processor.py:183} INFO - Processing /home/airflow/.local/lib/python3.12/site-packages/airflow/example_dags/example_params_ui_tutorial.py took 0.237 seconds
[2025-09-29T15:49:52.173+0000] {processor.py:161} INFO - Started process (PID=8750) to work on /home/airflow/.local/lib/python3.12/site-packages/airflow/example_dags/example_params_ui_tutorial.py
[2025-09-29T15:49:52.187+0000] {processor.py:830} INFO - Processing file /home/airflow/.local/lib/python3.12/site-packages/airflow/example_dags/example_params_ui_tutorial.py for tasks to queue
[2025-09-29T15:49:52.192+0000] {logging_mixin.py:188} INFO - [2025-09-29T15:49:52.191+0000] {dagbag.py:545} INFO - Filling up the DagBag from /home/airflow/.local/lib/python3.12/site-packages/airflow/example_dags/example_params_ui_tutorial.py
[2025-09-29T15:49:52.210+0000] {processor.py:840} INFO - DAG(s) 'example_params_ui_tutorial' retrieved from /home/airflow/.local/lib/python3.12/site-packages/airflow/example_dags/example_params_ui_tutorial.py
[2025-09-29T15:49:52.333+0000] {logging_mixin.py:188} INFO - [2025-09-29T15:49:52.333+0000] {dag.py:3089} INFO - Sync 1 DAGs
[2025-09-29T15:49:52.365+0000] {logging_mixin.py:188} INFO - [2025-09-29T15:49:52.365+0000] {dag.py:3947} INFO - Setting next_dagrun for example_params_ui_tutorial to None, run_after=None
[2025-09-29T15:49:52.412+0000] {processor.py:183} INFO - Processing /home/airflow/.local/lib/python3.12/site-packages/airflow/example_dags/example_params_ui_tutorial.py took 0.257 seconds
[2025-09-29T15:50:23.273+0000] {processor.py:161} INFO - Started process (PID=9012) to work on /home/airflow/.local/lib/python3.12/site-packages/airflow/example_dags/example_params_ui_tutorial.py
[2025-09-29T15:50:23.276+0000] {processor.py:830} INFO - Processing file /home/airflow/.local/lib/python3.12/site-packages/airflow/example_dags/example_params_ui_tutorial.py for tasks to queue
[2025-09-29T15:50:23.280+0000] {logging_mixin.py:188} INFO - [2025-09-29T15:50:23.279+0000] {dagbag.py:545} INFO - Filling up the DagBag from /home/airflow/.local/lib/python3.12/site-packages/airflow/example_dags/example_params_ui_tutorial.py
[2025-09-29T15:50:23.297+0000] {processor.py:840} INFO - DAG(s) 'example_params_ui_tutorial' retrieved from /home/airflow/.local/lib/python3.12/site-packages/airflow/example_dags/example_params_ui_tutorial.py
[2025-09-29T15:50:23.421+0000] {logging_mixin.py:188} INFO - [2025-09-29T15:50:23.420+0000] {dag.py:3089} INFO - Sync 1 DAGs
[2025-09-29T15:50:23.451+0000] {logging_mixin.py:188} INFO - [2025-09-29T15:50:23.451+0000] {dag.py:3947} INFO - Setting next_dagrun for example_params_ui_tutorial to None, run_after=None
[2025-09-29T15:50:23.498+0000] {processor.py:183} INFO - Processing /home/airflow/.local/lib/python3.12/site-packages/airflow/example_dags/example_params_ui_tutorial.py took 0.239 seconds
[2025-09-29T15:50:54.234+0000] {processor.py:161} INFO - Started process (PID=9274) to work on /home/airflow/.local/lib/python3.12/site-packages/airflow/example_dags/example_params_ui_tutorial.py
[2025-09-29T15:50:54.237+0000] {processor.py:830} INFO - Processing file /home/airflow/.local/lib/python3.12/site-packages/airflow/example_dags/example_params_ui_tutorial.py for tasks to queue
[2025-09-29T15:50:54.241+0000] {logging_mixin.py:188} INFO - [2025-09-29T15:50:54.240+0000] {dagbag.py:545} INFO - Filling up the DagBag from /home/airflow/.local/lib/python3.12/site-packages/airflow/example_dags/example_params_ui_tutorial.py
[2025-09-29T15:50:54.258+0000] {processor.py:840} INFO - DAG(s) 'example_params_ui_tutorial' retrieved from /home/airflow/.local/lib/python3.12/site-packages/airflow/example_dags/example_params_ui_tutorial.py
[2025-09-29T15:50:54.378+0000] {logging_mixin.py:188} INFO - [2025-09-29T15:50:54.378+0000] {dag.py:3089} INFO - Sync 1 DAGs
[2025-09-29T15:50:54.408+0000] {logging_mixin.py:188} INFO - [2025-09-29T15:50:54.407+0000] {dag.py:3947} INFO - Setting next_dagrun for example_params_ui_tutorial to None, run_after=None
[2025-09-29T15:50:54.454+0000] {processor.py:183} INFO - Processing /home/airflow/.local/lib/python3.12/site-packages/airflow/example_dags/example_params_ui_tutorial.py took 0.235 seconds
[2025-09-29T15:51:25.175+0000] {processor.py:161} INFO - Started process (PID=9536) to work on /home/airflow/.local/lib/python3.12/site-packages/airflow/example_dags/example_params_ui_tutorial.py
[2025-09-29T15:51:25.183+0000] {processor.py:830} INFO - Processing file /home/airflow/.local/lib/python3.12/site-packages/airflow/example_dags/example_params_ui_tutorial.py for tasks to queue
[2025-09-29T15:51:25.187+0000] {logging_mixin.py:188} INFO - [2025-09-29T15:51:25.186+0000] {dagbag.py:545} INFO - Filling up the DagBag from /home/airflow/.local/lib/python3.12/site-packages/airflow/example_dags/example_params_ui_tutorial.py
[2025-09-29T15:51:25.204+0000] {processor.py:840} INFO - DAG(s) 'example_params_ui_tutorial' retrieved from /home/airflow/.local/lib/python3.12/site-packages/airflow/example_dags/example_params_ui_tutorial.py
[2025-09-29T15:51:25.323+0000] {logging_mixin.py:188} INFO - [2025-09-29T15:51:25.322+0000] {dag.py:3089} INFO - Sync 1 DAGs
[2025-09-29T15:51:25.354+0000] {logging_mixin.py:188} INFO - [2025-09-29T15:51:25.353+0000] {dag.py:3947} INFO - Setting next_dagrun for example_params_ui_tutorial to None, run_after=None
[2025-09-29T15:51:25.400+0000] {processor.py:183} INFO - Processing /home/airflow/.local/lib/python3.12/site-packages/airflow/example_dags/example_params_ui_tutorial.py took 0.240 seconds
[2025-09-29T15:51:55.533+0000] {processor.py:161} INFO - Started process (PID=9796) to work on /home/airflow/.local/lib/python3.12/site-packages/airflow/example_dags/example_params_ui_tutorial.py
[2025-09-29T15:51:55.542+0000] {processor.py:830} INFO - Processing file /home/airflow/.local/lib/python3.12/site-packages/airflow/example_dags/example_params_ui_tutorial.py for tasks to queue
[2025-09-29T15:51:55.548+0000] {logging_mixin.py:188} INFO - [2025-09-29T15:51:55.547+0000] {dagbag.py:545} INFO - Filling up the DagBag from /home/airflow/.local/lib/python3.12/site-packages/airflow/example_dags/example_params_ui_tutorial.py
[2025-09-29T15:51:55.570+0000] {processor.py:840} INFO - DAG(s) 'example_params_ui_tutorial' retrieved from /home/airflow/.local/lib/python3.12/site-packages/airflow/example_dags/example_params_ui_tutorial.py
[2025-09-29T15:51:55.726+0000] {logging_mixin.py:188} INFO - [2025-09-29T15:51:55.725+0000] {dag.py:3089} INFO - Sync 1 DAGs
[2025-09-29T15:51:55.814+0000] {logging_mixin.py:188} INFO - [2025-09-29T15:51:55.814+0000] {dag.py:3947} INFO - Setting next_dagrun for example_params_ui_tutorial to None, run_after=None
[2025-09-29T15:51:55.904+0000] {processor.py:183} INFO - Processing /home/airflow/.local/lib/python3.12/site-packages/airflow/example_dags/example_params_ui_tutorial.py took 0.391 seconds
[2025-09-29T15:52:26.785+0000] {processor.py:161} INFO - Started process (PID=10057) to work on /home/airflow/.local/lib/python3.12/site-packages/airflow/example_dags/example_params_ui_tutorial.py
[2025-09-29T15:52:26.788+0000] {processor.py:830} INFO - Processing file /home/airflow/.local/lib/python3.12/site-packages/airflow/example_dags/example_params_ui_tutorial.py for tasks to queue
[2025-09-29T15:52:26.792+0000] {logging_mixin.py:188} INFO - [2025-09-29T15:52:26.791+0000] {dagbag.py:545} INFO - Filling up the DagBag from /home/airflow/.local/lib/python3.12/site-packages/airflow/example_dags/example_params_ui_tutorial.py
[2025-09-29T15:52:26.809+0000] {processor.py:840} INFO - DAG(s) 'example_params_ui_tutorial' retrieved from /home/airflow/.local/lib/python3.12/site-packages/airflow/example_dags/example_params_ui_tutorial.py
[2025-09-29T15:52:26.933+0000] {logging_mixin.py:188} INFO - [2025-09-29T15:52:26.933+0000] {dag.py:3089} INFO - Sync 1 DAGs
[2025-09-29T15:52:26.962+0000] {logging_mixin.py:188} INFO - [2025-09-29T15:52:26.962+0000] {dag.py:3947} INFO - Setting next_dagrun for example_params_ui_tutorial to None, run_after=None
[2025-09-29T15:52:27.012+0000] {processor.py:183} INFO - Processing /home/airflow/.local/lib/python3.12/site-packages/airflow/example_dags/example_params_ui_tutorial.py took 0.240 seconds
[2025-09-29T15:52:57.818+0000] {processor.py:161} INFO - Started process (PID=10316) to work on /home/airflow/.local/lib/python3.12/site-packages/airflow/example_dags/example_params_ui_tutorial.py
[2025-09-29T15:52:57.834+0000] {processor.py:830} INFO - Processing file /home/airflow/.local/lib/python3.12/site-packages/airflow/example_dags/example_params_ui_tutorial.py for tasks to queue
[2025-09-29T15:52:57.838+0000] {logging_mixin.py:188} INFO - [2025-09-29T15:52:57.837+0000] {dagbag.py:545} INFO - Filling up the DagBag from /home/airflow/.local/lib/python3.12/site-packages/airflow/example_dags/example_params_ui_tutorial.py
[2025-09-29T15:52:57.856+0000] {processor.py:840} INFO - DAG(s) 'example_params_ui_tutorial' retrieved from /home/airflow/.local/lib/python3.12/site-packages/airflow/example_dags/example_params_ui_tutorial.py
[2025-09-29T15:52:57.987+0000] {logging_mixin.py:188} INFO - [2025-09-29T15:52:57.986+0000] {dag.py:3089} INFO - Sync 1 DAGs
[2025-09-29T15:52:58.019+0000] {logging_mixin.py:188} INFO - [2025-09-29T15:52:58.018+0000] {dag.py:3947} INFO - Setting next_dagrun for example_params_ui_tutorial to None, run_after=None
[2025-09-29T15:52:58.071+0000] {processor.py:183} INFO - Processing /home/airflow/.local/lib/python3.12/site-packages/airflow/example_dags/example_params_ui_tutorial.py took 0.269 seconds
[2025-09-29T15:53:28.376+0000] {processor.py:161} INFO - Started process (PID=10586) to work on /home/airflow/.local/lib/python3.12/site-packages/airflow/example_dags/example_params_ui_tutorial.py
[2025-09-29T15:53:28.378+0000] {processor.py:830} INFO - Processing file /home/airflow/.local/lib/python3.12/site-packages/airflow/example_dags/example_params_ui_tutorial.py for tasks to queue
[2025-09-29T15:53:28.383+0000] {logging_mixin.py:188} INFO - [2025-09-29T15:53:28.382+0000] {dagbag.py:545} INFO - Filling up the DagBag from /home/airflow/.local/lib/python3.12/site-packages/airflow/example_dags/example_params_ui_tutorial.py
[2025-09-29T15:53:28.399+0000] {processor.py:840} INFO - DAG(s) 'example_params_ui_tutorial' retrieved from /home/airflow/.local/lib/python3.12/site-packages/airflow/example_dags/example_params_ui_tutorial.py
[2025-09-29T15:53:28.521+0000] {logging_mixin.py:188} INFO - [2025-09-29T15:53:28.520+0000] {dag.py:3089} INFO - Sync 1 DAGs
[2025-09-29T15:53:28.551+0000] {logging_mixin.py:188} INFO - [2025-09-29T15:53:28.551+0000] {dag.py:3947} INFO - Setting next_dagrun for example_params_ui_tutorial to None, run_after=None
[2025-09-29T15:53:28.602+0000] {processor.py:183} INFO - Processing /home/airflow/.local/lib/python3.12/site-packages/airflow/example_dags/example_params_ui_tutorial.py took 0.241 seconds
[2025-09-29T15:53:59.746+0000] {processor.py:161} INFO - Started process (PID=10835) to work on /home/airflow/.local/lib/python3.12/site-packages/airflow/example_dags/example_params_ui_tutorial.py
[2025-09-29T15:53:59.749+0000] {processor.py:830} INFO - Processing file /home/airflow/.local/lib/python3.12/site-packages/airflow/example_dags/example_params_ui_tutorial.py for tasks to queue
[2025-09-29T15:53:59.755+0000] {logging_mixin.py:188} INFO - [2025-09-29T15:53:59.754+0000] {dagbag.py:545} INFO - Filling up the DagBag from /home/airflow/.local/lib/python3.12/site-packages/airflow/example_dags/example_params_ui_tutorial.py
[2025-09-29T15:53:59.773+0000] {processor.py:840} INFO - DAG(s) 'example_params_ui_tutorial' retrieved from /home/airflow/.local/lib/python3.12/site-packages/airflow/example_dags/example_params_ui_tutorial.py
[2025-09-29T15:54:00.284+0000] {logging_mixin.py:188} INFO - [2025-09-29T15:54:00.283+0000] {dag.py:3089} INFO - Sync 1 DAGs
[2025-09-29T15:54:00.314+0000] {logging_mixin.py:188} INFO - [2025-09-29T15:54:00.313+0000] {dag.py:3947} INFO - Setting next_dagrun for example_params_ui_tutorial to None, run_after=None
[2025-09-29T15:54:00.363+0000] {processor.py:183} INFO - Processing /home/airflow/.local/lib/python3.12/site-packages/airflow/example_dags/example_params_ui_tutorial.py took 0.631 seconds
[2025-09-29T15:54:31.088+0000] {processor.py:161} INFO - Started process (PID=11097) to work on /home/airflow/.local/lib/python3.12/site-packages/airflow/example_dags/example_params_ui_tutorial.py
[2025-09-29T15:54:31.091+0000] {processor.py:830} INFO - Processing file /home/airflow/.local/lib/python3.12/site-packages/airflow/example_dags/example_params_ui_tutorial.py for tasks to queue
[2025-09-29T15:54:31.095+0000] {logging_mixin.py:188} INFO - [2025-09-29T15:54:31.095+0000] {dagbag.py:545} INFO - Filling up the DagBag from /home/airflow/.local/lib/python3.12/site-packages/airflow/example_dags/example_params_ui_tutorial.py
[2025-09-29T15:54:31.111+0000] {processor.py:840} INFO - DAG(s) 'example_params_ui_tutorial' retrieved from /home/airflow/.local/lib/python3.12/site-packages/airflow/example_dags/example_params_ui_tutorial.py
[2025-09-29T15:54:31.230+0000] {logging_mixin.py:188} INFO - [2025-09-29T15:54:31.230+0000] {dag.py:3089} INFO - Sync 1 DAGs
[2025-09-29T15:54:31.261+0000] {logging_mixin.py:188} INFO - [2025-09-29T15:54:31.261+0000] {dag.py:3947} INFO - Setting next_dagrun for example_params_ui_tutorial to None, run_after=None
[2025-09-29T15:54:31.310+0000] {processor.py:183} INFO - Processing /home/airflow/.local/lib/python3.12/site-packages/airflow/example_dags/example_params_ui_tutorial.py took 0.236 seconds
[2025-09-29T15:55:01.403+0000] {processor.py:161} INFO - Started process (PID=11359) to work on /home/airflow/.local/lib/python3.12/site-packages/airflow/example_dags/example_params_ui_tutorial.py
[2025-09-29T15:55:01.406+0000] {processor.py:830} INFO - Processing file /home/airflow/.local/lib/python3.12/site-packages/airflow/example_dags/example_params_ui_tutorial.py for tasks to queue
[2025-09-29T15:55:01.410+0000] {logging_mixin.py:188} INFO - [2025-09-29T15:55:01.409+0000] {dagbag.py:545} INFO - Filling up the DagBag from /home/airflow/.local/lib/python3.12/site-packages/airflow/example_dags/example_params_ui_tutorial.py
[2025-09-29T15:55:01.427+0000] {processor.py:840} INFO - DAG(s) 'example_params_ui_tutorial' retrieved from /home/airflow/.local/lib/python3.12/site-packages/airflow/example_dags/example_params_ui_tutorial.py
[2025-09-29T15:55:01.549+0000] {logging_mixin.py:188} INFO - [2025-09-29T15:55:01.549+0000] {dag.py:3089} INFO - Sync 1 DAGs
[2025-09-29T15:55:01.584+0000] {logging_mixin.py:188} INFO - [2025-09-29T15:55:01.584+0000] {dag.py:3947} INFO - Setting next_dagrun for example_params_ui_tutorial to None, run_after=None
[2025-09-29T15:55:01.633+0000] {processor.py:183} INFO - Processing /home/airflow/.local/lib/python3.12/site-packages/airflow/example_dags/example_params_ui_tutorial.py took 0.248 seconds
[2025-09-29T15:55:31.809+0000] {processor.py:161} INFO - Started process (PID=11621) to work on /home/airflow/.local/lib/python3.12/site-packages/airflow/example_dags/example_params_ui_tutorial.py
[2025-09-29T15:55:31.812+0000] {processor.py:830} INFO - Processing file /home/airflow/.local/lib/python3.12/site-packages/airflow/example_dags/example_params_ui_tutorial.py for tasks to queue
[2025-09-29T15:55:31.819+0000] {logging_mixin.py:188} INFO - [2025-09-29T15:55:31.818+0000] {dagbag.py:545} INFO - Filling up the DagBag from /home/airflow/.local/lib/python3.12/site-packages/airflow/example_dags/example_params_ui_tutorial.py
[2025-09-29T15:55:31.843+0000] {processor.py:840} INFO - DAG(s) 'example_params_ui_tutorial' retrieved from /home/airflow/.local/lib/python3.12/site-packages/airflow/example_dags/example_params_ui_tutorial.py
[2025-09-29T15:55:31.988+0000] {logging_mixin.py:188} INFO - [2025-09-29T15:55:31.987+0000] {dag.py:3089} INFO - Sync 1 DAGs
[2025-09-29T15:55:32.024+0000] {logging_mixin.py:188} INFO - [2025-09-29T15:55:32.024+0000] {dag.py:3947} INFO - Setting next_dagrun for example_params_ui_tutorial to None, run_after=None
[2025-09-29T15:55:32.078+0000] {processor.py:183} INFO - Processing /home/airflow/.local/lib/python3.12/site-packages/airflow/example_dags/example_params_ui_tutorial.py took 0.291 seconds
[2025-09-29T15:56:02.212+0000] {processor.py:161} INFO - Started process (PID=11883) to work on /home/airflow/.local/lib/python3.12/site-packages/airflow/example_dags/example_params_ui_tutorial.py
[2025-09-29T15:56:02.215+0000] {processor.py:830} INFO - Processing file /home/airflow/.local/lib/python3.12/site-packages/airflow/example_dags/example_params_ui_tutorial.py for tasks to queue
[2025-09-29T15:56:02.219+0000] {logging_mixin.py:188} INFO - [2025-09-29T15:56:02.218+0000] {dagbag.py:545} INFO - Filling up the DagBag from /home/airflow/.local/lib/python3.12/site-packages/airflow/example_dags/example_params_ui_tutorial.py
[2025-09-29T15:56:02.236+0000] {processor.py:840} INFO - DAG(s) 'example_params_ui_tutorial' retrieved from /home/airflow/.local/lib/python3.12/site-packages/airflow/example_dags/example_params_ui_tutorial.py
[2025-09-29T15:56:02.357+0000] {logging_mixin.py:188} INFO - [2025-09-29T15:56:02.357+0000] {dag.py:3089} INFO - Sync 1 DAGs
[2025-09-29T15:56:02.389+0000] {logging_mixin.py:188} INFO - [2025-09-29T15:56:02.389+0000] {dag.py:3947} INFO - Setting next_dagrun for example_params_ui_tutorial to None, run_after=None
[2025-09-29T15:56:02.434+0000] {processor.py:183} INFO - Processing /home/airflow/.local/lib/python3.12/site-packages/airflow/example_dags/example_params_ui_tutorial.py took 0.237 seconds
[2025-09-29T15:56:32.949+0000] {processor.py:161} INFO - Started process (PID=12145) to work on /home/airflow/.local/lib/python3.12/site-packages/airflow/example_dags/example_params_ui_tutorial.py
[2025-09-29T15:56:32.953+0000] {processor.py:830} INFO - Processing file /home/airflow/.local/lib/python3.12/site-packages/airflow/example_dags/example_params_ui_tutorial.py for tasks to queue
[2025-09-29T15:56:32.957+0000] {logging_mixin.py:188} INFO - [2025-09-29T15:56:32.956+0000] {dagbag.py:545} INFO - Filling up the DagBag from /home/airflow/.local/lib/python3.12/site-packages/airflow/example_dags/example_params_ui_tutorial.py
[2025-09-29T15:56:32.975+0000] {processor.py:840} INFO - DAG(s) 'example_params_ui_tutorial' retrieved from /home/airflow/.local/lib/python3.12/site-packages/airflow/example_dags/example_params_ui_tutorial.py
[2025-09-29T15:56:33.103+0000] {logging_mixin.py:188} INFO - [2025-09-29T15:56:33.102+0000] {dag.py:3089} INFO - Sync 1 DAGs
[2025-09-29T15:56:33.137+0000] {logging_mixin.py:188} INFO - [2025-09-29T15:56:33.137+0000] {dag.py:3947} INFO - Setting next_dagrun for example_params_ui_tutorial to None, run_after=None
[2025-09-29T15:56:33.188+0000] {processor.py:183} INFO - Processing /home/airflow/.local/lib/python3.12/site-packages/airflow/example_dags/example_params_ui_tutorial.py took 0.255 seconds
[2025-09-29T15:57:03.298+0000] {processor.py:161} INFO - Started process (PID=12407) to work on /home/airflow/.local/lib/python3.12/site-packages/airflow/example_dags/example_params_ui_tutorial.py
[2025-09-29T15:57:03.300+0000] {processor.py:830} INFO - Processing file /home/airflow/.local/lib/python3.12/site-packages/airflow/example_dags/example_params_ui_tutorial.py for tasks to queue
[2025-09-29T15:57:03.304+0000] {logging_mixin.py:188} INFO - [2025-09-29T15:57:03.303+0000] {dagbag.py:545} INFO - Filling up the DagBag from /home/airflow/.local/lib/python3.12/site-packages/airflow/example_dags/example_params_ui_tutorial.py
[2025-09-29T15:57:03.321+0000] {processor.py:840} INFO - DAG(s) 'example_params_ui_tutorial' retrieved from /home/airflow/.local/lib/python3.12/site-packages/airflow/example_dags/example_params_ui_tutorial.py
[2025-09-29T15:57:03.440+0000] {logging_mixin.py:188} INFO - [2025-09-29T15:57:03.440+0000] {dag.py:3089} INFO - Sync 1 DAGs
[2025-09-29T15:57:03.468+0000] {logging_mixin.py:188} INFO - [2025-09-29T15:57:03.467+0000] {dag.py:3947} INFO - Setting next_dagrun for example_params_ui_tutorial to None, run_after=None
[2025-09-29T15:57:03.515+0000] {processor.py:183} INFO - Processing /home/airflow/.local/lib/python3.12/site-packages/airflow/example_dags/example_params_ui_tutorial.py took 0.232 seconds
[2025-09-29T15:57:33.617+0000] {processor.py:161} INFO - Started process (PID=12669) to work on /home/airflow/.local/lib/python3.12/site-packages/airflow/example_dags/example_params_ui_tutorial.py
[2025-09-29T15:57:33.620+0000] {processor.py:830} INFO - Processing file /home/airflow/.local/lib/python3.12/site-packages/airflow/example_dags/example_params_ui_tutorial.py for tasks to queue
[2025-09-29T15:57:33.624+0000] {logging_mixin.py:188} INFO - [2025-09-29T15:57:33.623+0000] {dagbag.py:545} INFO - Filling up the DagBag from /home/airflow/.local/lib/python3.12/site-packages/airflow/example_dags/example_params_ui_tutorial.py
[2025-09-29T15:57:33.642+0000] {processor.py:840} INFO - DAG(s) 'example_params_ui_tutorial' retrieved from /home/airflow/.local/lib/python3.12/site-packages/airflow/example_dags/example_params_ui_tutorial.py
[2025-09-29T15:57:33.768+0000] {logging_mixin.py:188} INFO - [2025-09-29T15:57:33.767+0000] {dag.py:3089} INFO - Sync 1 DAGs
[2025-09-29T15:57:33.800+0000] {logging_mixin.py:188} INFO - [2025-09-29T15:57:33.799+0000] {dag.py:3947} INFO - Setting next_dagrun for example_params_ui_tutorial to None, run_after=None
[2025-09-29T15:57:33.849+0000] {processor.py:183} INFO - Processing /home/airflow/.local/lib/python3.12/site-packages/airflow/example_dags/example_params_ui_tutorial.py took 0.248 seconds
[2025-09-29T15:58:04.344+0000] {processor.py:161} INFO - Started process (PID=12931) to work on /home/airflow/.local/lib/python3.12/site-packages/airflow/example_dags/example_params_ui_tutorial.py
[2025-09-29T15:58:04.347+0000] {processor.py:830} INFO - Processing file /home/airflow/.local/lib/python3.12/site-packages/airflow/example_dags/example_params_ui_tutorial.py for tasks to queue
[2025-09-29T15:58:04.351+0000] {logging_mixin.py:188} INFO - [2025-09-29T15:58:04.350+0000] {dagbag.py:545} INFO - Filling up the DagBag from /home/airflow/.local/lib/python3.12/site-packages/airflow/example_dags/example_params_ui_tutorial.py
[2025-09-29T15:58:04.367+0000] {processor.py:840} INFO - DAG(s) 'example_params_ui_tutorial' retrieved from /home/airflow/.local/lib/python3.12/site-packages/airflow/example_dags/example_params_ui_tutorial.py
[2025-09-29T15:58:04.489+0000] {logging_mixin.py:188} INFO - [2025-09-29T15:58:04.489+0000] {dag.py:3089} INFO - Sync 1 DAGs
[2025-09-29T15:58:04.518+0000] {logging_mixin.py:188} INFO - [2025-09-29T15:58:04.517+0000] {dag.py:3947} INFO - Setting next_dagrun for example_params_ui_tutorial to None, run_after=None
[2025-09-29T15:58:04.565+0000] {processor.py:183} INFO - Processing /home/airflow/.local/lib/python3.12/site-packages/airflow/example_dags/example_params_ui_tutorial.py took 0.235 seconds
[2025-09-29T15:58:35.444+0000] {processor.py:161} INFO - Started process (PID=13193) to work on /home/airflow/.local/lib/python3.12/site-packages/airflow/example_dags/example_params_ui_tutorial.py
[2025-09-29T15:58:35.447+0000] {processor.py:830} INFO - Processing file /home/airflow/.local/lib/python3.12/site-packages/airflow/example_dags/example_params_ui_tutorial.py for tasks to queue
[2025-09-29T15:58:35.451+0000] {logging_mixin.py:188} INFO - [2025-09-29T15:58:35.450+0000] {dagbag.py:545} INFO - Filling up the DagBag from /home/airflow/.local/lib/python3.12/site-packages/airflow/example_dags/example_params_ui_tutorial.py
[2025-09-29T15:58:35.467+0000] {processor.py:840} INFO - DAG(s) 'example_params_ui_tutorial' retrieved from /home/airflow/.local/lib/python3.12/site-packages/airflow/example_dags/example_params_ui_tutorial.py
[2025-09-29T15:58:35.589+0000] {logging_mixin.py:188} INFO - [2025-09-29T15:58:35.589+0000] {dag.py:3089} INFO - Sync 1 DAGs
[2025-09-29T15:58:35.618+0000] {logging_mixin.py:188} INFO - [2025-09-29T15:58:35.618+0000] {dag.py:3947} INFO - Setting next_dagrun for example_params_ui_tutorial to None, run_after=None
[2025-09-29T15:58:35.668+0000] {processor.py:183} INFO - Processing /home/airflow/.local/lib/python3.12/site-packages/airflow/example_dags/example_params_ui_tutorial.py took 0.239 seconds
[2025-09-29T15:59:05.860+0000] {processor.py:161} INFO - Started process (PID=13452) to work on /home/airflow/.local/lib/python3.12/site-packages/airflow/example_dags/example_params_ui_tutorial.py
[2025-09-29T15:59:05.863+0000] {processor.py:830} INFO - Processing file /home/airflow/.local/lib/python3.12/site-packages/airflow/example_dags/example_params_ui_tutorial.py for tasks to queue
[2025-09-29T15:59:05.868+0000] {logging_mixin.py:188} INFO - [2025-09-29T15:59:05.867+0000] {dagbag.py:545} INFO - Filling up the DagBag from /home/airflow/.local/lib/python3.12/site-packages/airflow/example_dags/example_params_ui_tutorial.py
[2025-09-29T15:59:05.884+0000] {processor.py:840} INFO - DAG(s) 'example_params_ui_tutorial' retrieved from /home/airflow/.local/lib/python3.12/site-packages/airflow/example_dags/example_params_ui_tutorial.py
[2025-09-29T15:59:06.005+0000] {logging_mixin.py:188} INFO - [2025-09-29T15:59:06.004+0000] {dag.py:3089} INFO - Sync 1 DAGs
[2025-09-29T15:59:06.034+0000] {logging_mixin.py:188} INFO - [2025-09-29T15:59:06.033+0000] {dag.py:3947} INFO - Setting next_dagrun for example_params_ui_tutorial to None, run_after=None
[2025-09-29T15:59:06.088+0000] {processor.py:183} INFO - Processing /home/airflow/.local/lib/python3.12/site-packages/airflow/example_dags/example_params_ui_tutorial.py took 0.242 seconds
[2025-09-29T15:59:36.584+0000] {processor.py:161} INFO - Started process (PID=13711) to work on /home/airflow/.local/lib/python3.12/site-packages/airflow/example_dags/example_params_ui_tutorial.py
[2025-09-29T15:59:36.588+0000] {processor.py:830} INFO - Processing file /home/airflow/.local/lib/python3.12/site-packages/airflow/example_dags/example_params_ui_tutorial.py for tasks to queue
[2025-09-29T15:59:36.592+0000] {logging_mixin.py:188} INFO - [2025-09-29T15:59:36.591+0000] {dagbag.py:545} INFO - Filling up the DagBag from /home/airflow/.local/lib/python3.12/site-packages/airflow/example_dags/example_params_ui_tutorial.py
[2025-09-29T15:59:36.608+0000] {processor.py:840} INFO - DAG(s) 'example_params_ui_tutorial' retrieved from /home/airflow/.local/lib/python3.12/site-packages/airflow/example_dags/example_params_ui_tutorial.py
[2025-09-29T15:59:36.728+0000] {logging_mixin.py:188} INFO - [2025-09-29T15:59:36.727+0000] {dag.py:3089} INFO - Sync 1 DAGs
[2025-09-29T15:59:36.755+0000] {logging_mixin.py:188} INFO - [2025-09-29T15:59:36.755+0000] {dag.py:3947} INFO - Setting next_dagrun for example_params_ui_tutorial to None, run_after=None
[2025-09-29T15:59:36.801+0000] {processor.py:183} INFO - Processing /home/airflow/.local/lib/python3.12/site-packages/airflow/example_dags/example_params_ui_tutorial.py took 0.232 seconds
[2025-09-29T16:00:07.379+0000] {processor.py:161} INFO - Started process (PID=13977) to work on /home/airflow/.local/lib/python3.12/site-packages/airflow/example_dags/example_params_ui_tutorial.py
[2025-09-29T16:00:07.382+0000] {processor.py:830} INFO - Processing file /home/airflow/.local/lib/python3.12/site-packages/airflow/example_dags/example_params_ui_tutorial.py for tasks to queue
[2025-09-29T16:00:07.386+0000] {logging_mixin.py:188} INFO - [2025-09-29T16:00:07.386+0000] {dagbag.py:545} INFO - Filling up the DagBag from /home/airflow/.local/lib/python3.12/site-packages/airflow/example_dags/example_params_ui_tutorial.py
[2025-09-29T16:00:07.404+0000] {processor.py:840} INFO - DAG(s) 'example_params_ui_tutorial' retrieved from /home/airflow/.local/lib/python3.12/site-packages/airflow/example_dags/example_params_ui_tutorial.py
[2025-09-29T16:00:07.532+0000] {logging_mixin.py:188} INFO - [2025-09-29T16:00:07.532+0000] {dag.py:3089} INFO - Sync 1 DAGs
[2025-09-29T16:00:07.565+0000] {logging_mixin.py:188} INFO - [2025-09-29T16:00:07.565+0000] {dag.py:3947} INFO - Setting next_dagrun for example_params_ui_tutorial to None, run_after=None
[2025-09-29T16:00:07.629+0000] {processor.py:183} INFO - Processing /home/airflow/.local/lib/python3.12/site-packages/airflow/example_dags/example_params_ui_tutorial.py took 0.264 seconds
[2025-09-29T16:00:38.659+0000] {processor.py:161} INFO - Started process (PID=14235) to work on /home/airflow/.local/lib/python3.12/site-packages/airflow/example_dags/example_params_ui_tutorial.py
[2025-09-29T16:00:38.675+0000] {processor.py:830} INFO - Processing file /home/airflow/.local/lib/python3.12/site-packages/airflow/example_dags/example_params_ui_tutorial.py for tasks to queue
[2025-09-29T16:00:38.679+0000] {logging_mixin.py:188} INFO - [2025-09-29T16:00:38.678+0000] {dagbag.py:545} INFO - Filling up the DagBag from /home/airflow/.local/lib/python3.12/site-packages/airflow/example_dags/example_params_ui_tutorial.py
[2025-09-29T16:00:38.696+0000] {processor.py:840} INFO - DAG(s) 'example_params_ui_tutorial' retrieved from /home/airflow/.local/lib/python3.12/site-packages/airflow/example_dags/example_params_ui_tutorial.py
[2025-09-29T16:00:38.819+0000] {logging_mixin.py:188} INFO - [2025-09-29T16:00:38.818+0000] {dag.py:3089} INFO - Sync 1 DAGs
[2025-09-29T16:00:38.851+0000] {logging_mixin.py:188} INFO - [2025-09-29T16:00:38.851+0000] {dag.py:3947} INFO - Setting next_dagrun for example_params_ui_tutorial to None, run_after=None
[2025-09-29T16:00:38.898+0000] {processor.py:183} INFO - Processing /home/airflow/.local/lib/python3.12/site-packages/airflow/example_dags/example_params_ui_tutorial.py took 0.255 seconds
[2025-09-29T16:01:09.464+0000] {processor.py:161} INFO - Started process (PID=14497) to work on /home/airflow/.local/lib/python3.12/site-packages/airflow/example_dags/example_params_ui_tutorial.py
[2025-09-29T16:01:09.479+0000] {processor.py:830} INFO - Processing file /home/airflow/.local/lib/python3.12/site-packages/airflow/example_dags/example_params_ui_tutorial.py for tasks to queue
[2025-09-29T16:01:09.483+0000] {logging_mixin.py:188} INFO - [2025-09-29T16:01:09.483+0000] {dagbag.py:545} INFO - Filling up the DagBag from /home/airflow/.local/lib/python3.12/site-packages/airflow/example_dags/example_params_ui_tutorial.py
[2025-09-29T16:01:09.500+0000] {processor.py:840} INFO - DAG(s) 'example_params_ui_tutorial' retrieved from /home/airflow/.local/lib/python3.12/site-packages/airflow/example_dags/example_params_ui_tutorial.py
[2025-09-29T16:01:09.621+0000] {logging_mixin.py:188} INFO - [2025-09-29T16:01:09.620+0000] {dag.py:3089} INFO - Sync 1 DAGs
[2025-09-29T16:01:09.650+0000] {logging_mixin.py:188} INFO - [2025-09-29T16:01:09.649+0000] {dag.py:3947} INFO - Setting next_dagrun for example_params_ui_tutorial to None, run_after=None
[2025-09-29T16:01:09.698+0000] {processor.py:183} INFO - Processing /home/airflow/.local/lib/python3.12/site-packages/airflow/example_dags/example_params_ui_tutorial.py took 0.251 seconds
[2025-09-29T16:01:40.205+0000] {processor.py:161} INFO - Started process (PID=14759) to work on /home/airflow/.local/lib/python3.12/site-packages/airflow/example_dags/example_params_ui_tutorial.py
[2025-09-29T16:01:40.214+0000] {processor.py:830} INFO - Processing file /home/airflow/.local/lib/python3.12/site-packages/airflow/example_dags/example_params_ui_tutorial.py for tasks to queue
[2025-09-29T16:01:40.218+0000] {logging_mixin.py:188} INFO - [2025-09-29T16:01:40.217+0000] {dagbag.py:545} INFO - Filling up the DagBag from /home/airflow/.local/lib/python3.12/site-packages/airflow/example_dags/example_params_ui_tutorial.py
[2025-09-29T16:01:40.235+0000] {processor.py:840} INFO - DAG(s) 'example_params_ui_tutorial' retrieved from /home/airflow/.local/lib/python3.12/site-packages/airflow/example_dags/example_params_ui_tutorial.py
[2025-09-29T16:01:40.372+0000] {logging_mixin.py:188} INFO - [2025-09-29T16:01:40.371+0000] {dag.py:3089} INFO - Sync 1 DAGs
[2025-09-29T16:01:40.406+0000] {logging_mixin.py:188} INFO - [2025-09-29T16:01:40.405+0000] {dag.py:3947} INFO - Setting next_dagrun for example_params_ui_tutorial to None, run_after=None
[2025-09-29T16:01:40.453+0000] {processor.py:183} INFO - Processing /home/airflow/.local/lib/python3.12/site-packages/airflow/example_dags/example_params_ui_tutorial.py took 0.263 seconds
[2025-09-29T16:02:10.913+0000] {processor.py:161} INFO - Started process (PID=15021) to work on /home/airflow/.local/lib/python3.12/site-packages/airflow/example_dags/example_params_ui_tutorial.py
[2025-09-29T16:02:10.921+0000] {processor.py:830} INFO - Processing file /home/airflow/.local/lib/python3.12/site-packages/airflow/example_dags/example_params_ui_tutorial.py for tasks to queue
[2025-09-29T16:02:10.925+0000] {logging_mixin.py:188} INFO - [2025-09-29T16:02:10.924+0000] {dagbag.py:545} INFO - Filling up the DagBag from /home/airflow/.local/lib/python3.12/site-packages/airflow/example_dags/example_params_ui_tutorial.py
[2025-09-29T16:02:10.941+0000] {processor.py:840} INFO - DAG(s) 'example_params_ui_tutorial' retrieved from /home/airflow/.local/lib/python3.12/site-packages/airflow/example_dags/example_params_ui_tutorial.py
[2025-09-29T16:02:11.077+0000] {logging_mixin.py:188} INFO - [2025-09-29T16:02:11.077+0000] {dag.py:3089} INFO - Sync 1 DAGs
[2025-09-29T16:02:11.112+0000] {logging_mixin.py:188} INFO - [2025-09-29T16:02:11.112+0000] {dag.py:3947} INFO - Setting next_dagrun for example_params_ui_tutorial to None, run_after=None
[2025-09-29T16:02:11.169+0000] {processor.py:183} INFO - Processing /home/airflow/.local/lib/python3.12/site-packages/airflow/example_dags/example_params_ui_tutorial.py took 0.272 seconds
[2025-09-29T16:02:41.820+0000] {processor.py:161} INFO - Started process (PID=15283) to work on /home/airflow/.local/lib/python3.12/site-packages/airflow/example_dags/example_params_ui_tutorial.py
[2025-09-29T16:02:41.825+0000] {processor.py:830} INFO - Processing file /home/airflow/.local/lib/python3.12/site-packages/airflow/example_dags/example_params_ui_tutorial.py for tasks to queue
[2025-09-29T16:02:41.831+0000] {logging_mixin.py:188} INFO - [2025-09-29T16:02:41.830+0000] {dagbag.py:545} INFO - Filling up the DagBag from /home/airflow/.local/lib/python3.12/site-packages/airflow/example_dags/example_params_ui_tutorial.py
[2025-09-29T16:02:41.855+0000] {processor.py:840} INFO - DAG(s) 'example_params_ui_tutorial' retrieved from /home/airflow/.local/lib/python3.12/site-packages/airflow/example_dags/example_params_ui_tutorial.py
[2025-09-29T16:02:41.993+0000] {logging_mixin.py:188} INFO - [2025-09-29T16:02:41.992+0000] {dag.py:3089} INFO - Sync 1 DAGs
[2025-09-29T16:02:42.025+0000] {logging_mixin.py:188} INFO - [2025-09-29T16:02:42.024+0000] {dag.py:3947} INFO - Setting next_dagrun for example_params_ui_tutorial to None, run_after=None
[2025-09-29T16:02:42.072+0000] {processor.py:183} INFO - Processing /home/airflow/.local/lib/python3.12/site-packages/airflow/example_dags/example_params_ui_tutorial.py took 0.274 seconds
[2025-09-29T16:03:12.306+0000] {processor.py:161} INFO - Started process (PID=15550) to work on /home/airflow/.local/lib/python3.12/site-packages/airflow/example_dags/example_params_ui_tutorial.py
[2025-09-29T16:03:12.308+0000] {processor.py:830} INFO - Processing file /home/airflow/.local/lib/python3.12/site-packages/airflow/example_dags/example_params_ui_tutorial.py for tasks to queue
[2025-09-29T16:03:12.312+0000] {logging_mixin.py:188} INFO - [2025-09-29T16:03:12.311+0000] {dagbag.py:545} INFO - Filling up the DagBag from /home/airflow/.local/lib/python3.12/site-packages/airflow/example_dags/example_params_ui_tutorial.py
[2025-09-29T16:03:12.329+0000] {processor.py:840} INFO - DAG(s) 'example_params_ui_tutorial' retrieved from /home/airflow/.local/lib/python3.12/site-packages/airflow/example_dags/example_params_ui_tutorial.py
[2025-09-29T16:03:12.449+0000] {logging_mixin.py:188} INFO - [2025-09-29T16:03:12.449+0000] {dag.py:3089} INFO - Sync 1 DAGs
[2025-09-29T16:03:12.480+0000] {logging_mixin.py:188} INFO - [2025-09-29T16:03:12.479+0000] {dag.py:3947} INFO - Setting next_dagrun for example_params_ui_tutorial to None, run_after=None
[2025-09-29T16:03:12.533+0000] {processor.py:183} INFO - Processing /home/airflow/.local/lib/python3.12/site-packages/airflow/example_dags/example_params_ui_tutorial.py took 0.242 seconds
[2025-09-29T16:03:42.867+0000] {processor.py:161} INFO - Started process (PID=15807) to work on /home/airflow/.local/lib/python3.12/site-packages/airflow/example_dags/example_params_ui_tutorial.py
[2025-09-29T16:03:42.870+0000] {processor.py:830} INFO - Processing file /home/airflow/.local/lib/python3.12/site-packages/airflow/example_dags/example_params_ui_tutorial.py for tasks to queue
[2025-09-29T16:03:42.875+0000] {logging_mixin.py:188} INFO - [2025-09-29T16:03:42.874+0000] {dagbag.py:545} INFO - Filling up the DagBag from /home/airflow/.local/lib/python3.12/site-packages/airflow/example_dags/example_params_ui_tutorial.py
[2025-09-29T16:03:42.893+0000] {processor.py:840} INFO - DAG(s) 'example_params_ui_tutorial' retrieved from /home/airflow/.local/lib/python3.12/site-packages/airflow/example_dags/example_params_ui_tutorial.py
[2025-09-29T16:03:43.016+0000] {logging_mixin.py:188} INFO - [2025-09-29T16:03:43.015+0000] {dag.py:3089} INFO - Sync 1 DAGs
[2025-09-29T16:03:43.048+0000] {logging_mixin.py:188} INFO - [2025-09-29T16:03:43.047+0000] {dag.py:3947} INFO - Setting next_dagrun for example_params_ui_tutorial to None, run_after=None
[2025-09-29T16:03:43.095+0000] {processor.py:183} INFO - Processing /home/airflow/.local/lib/python3.12/site-packages/airflow/example_dags/example_params_ui_tutorial.py took 0.243 seconds
[2025-09-29T16:04:13.307+0000] {processor.py:161} INFO - Started process (PID=16069) to work on /home/airflow/.local/lib/python3.12/site-packages/airflow/example_dags/example_params_ui_tutorial.py
[2025-09-29T16:04:13.309+0000] {processor.py:830} INFO - Processing file /home/airflow/.local/lib/python3.12/site-packages/airflow/example_dags/example_params_ui_tutorial.py for tasks to queue
[2025-09-29T16:04:13.313+0000] {logging_mixin.py:188} INFO - [2025-09-29T16:04:13.312+0000] {dagbag.py:545} INFO - Filling up the DagBag from /home/airflow/.local/lib/python3.12/site-packages/airflow/example_dags/example_params_ui_tutorial.py
[2025-09-29T16:04:13.330+0000] {processor.py:840} INFO - DAG(s) 'example_params_ui_tutorial' retrieved from /home/airflow/.local/lib/python3.12/site-packages/airflow/example_dags/example_params_ui_tutorial.py
[2025-09-29T16:04:13.451+0000] {logging_mixin.py:188} INFO - [2025-09-29T16:04:13.451+0000] {dag.py:3089} INFO - Sync 1 DAGs
[2025-09-29T16:04:13.483+0000] {logging_mixin.py:188} INFO - [2025-09-29T16:04:13.482+0000] {dag.py:3947} INFO - Setting next_dagrun for example_params_ui_tutorial to None, run_after=None
[2025-09-29T16:04:13.531+0000] {processor.py:183} INFO - Processing /home/airflow/.local/lib/python3.12/site-packages/airflow/example_dags/example_params_ui_tutorial.py took 0.239 seconds
[2025-09-29T16:04:44.015+0000] {processor.py:161} INFO - Started process (PID=16331) to work on /home/airflow/.local/lib/python3.12/site-packages/airflow/example_dags/example_params_ui_tutorial.py
[2025-09-29T16:04:44.018+0000] {processor.py:830} INFO - Processing file /home/airflow/.local/lib/python3.12/site-packages/airflow/example_dags/example_params_ui_tutorial.py for tasks to queue
[2025-09-29T16:04:44.022+0000] {logging_mixin.py:188} INFO - [2025-09-29T16:04:44.021+0000] {dagbag.py:545} INFO - Filling up the DagBag from /home/airflow/.local/lib/python3.12/site-packages/airflow/example_dags/example_params_ui_tutorial.py
[2025-09-29T16:04:44.038+0000] {processor.py:840} INFO - DAG(s) 'example_params_ui_tutorial' retrieved from /home/airflow/.local/lib/python3.12/site-packages/airflow/example_dags/example_params_ui_tutorial.py
[2025-09-29T16:04:44.157+0000] {logging_mixin.py:188} INFO - [2025-09-29T16:04:44.156+0000] {dag.py:3089} INFO - Sync 1 DAGs
[2025-09-29T16:04:44.185+0000] {logging_mixin.py:188} INFO - [2025-09-29T16:04:44.185+0000] {dag.py:3947} INFO - Setting next_dagrun for example_params_ui_tutorial to None, run_after=None
[2025-09-29T16:04:44.230+0000] {processor.py:183} INFO - Processing /home/airflow/.local/lib/python3.12/site-packages/airflow/example_dags/example_params_ui_tutorial.py took 0.230 seconds
[2025-09-29T16:05:14.604+0000] {processor.py:161} INFO - Started process (PID=16593) to work on /home/airflow/.local/lib/python3.12/site-packages/airflow/example_dags/example_params_ui_tutorial.py
[2025-09-29T16:05:14.606+0000] {processor.py:830} INFO - Processing file /home/airflow/.local/lib/python3.12/site-packages/airflow/example_dags/example_params_ui_tutorial.py for tasks to queue
[2025-09-29T16:05:14.610+0000] {logging_mixin.py:188} INFO - [2025-09-29T16:05:14.609+0000] {dagbag.py:545} INFO - Filling up the DagBag from /home/airflow/.local/lib/python3.12/site-packages/airflow/example_dags/example_params_ui_tutorial.py
[2025-09-29T16:05:14.626+0000] {processor.py:840} INFO - DAG(s) 'example_params_ui_tutorial' retrieved from /home/airflow/.local/lib/python3.12/site-packages/airflow/example_dags/example_params_ui_tutorial.py
[2025-09-29T16:05:14.759+0000] {logging_mixin.py:188} INFO - [2025-09-29T16:05:14.759+0000] {dag.py:3089} INFO - Sync 1 DAGs
[2025-09-29T16:05:14.790+0000] {logging_mixin.py:188} INFO - [2025-09-29T16:05:14.789+0000] {dag.py:3947} INFO - Setting next_dagrun for example_params_ui_tutorial to None, run_after=None
[2025-09-29T16:05:14.837+0000] {processor.py:183} INFO - Processing /home/airflow/.local/lib/python3.12/site-packages/airflow/example_dags/example_params_ui_tutorial.py took 0.248 seconds
[2025-09-29T16:05:45.082+0000] {processor.py:161} INFO - Started process (PID=16855) to work on /home/airflow/.local/lib/python3.12/site-packages/airflow/example_dags/example_params_ui_tutorial.py
[2025-09-29T16:05:45.085+0000] {processor.py:830} INFO - Processing file /home/airflow/.local/lib/python3.12/site-packages/airflow/example_dags/example_params_ui_tutorial.py for tasks to queue
[2025-09-29T16:05:45.089+0000] {logging_mixin.py:188} INFO - [2025-09-29T16:05:45.088+0000] {dagbag.py:545} INFO - Filling up the DagBag from /home/airflow/.local/lib/python3.12/site-packages/airflow/example_dags/example_params_ui_tutorial.py
[2025-09-29T16:05:45.106+0000] {processor.py:840} INFO - DAG(s) 'example_params_ui_tutorial' retrieved from /home/airflow/.local/lib/python3.12/site-packages/airflow/example_dags/example_params_ui_tutorial.py
[2025-09-29T16:05:45.236+0000] {logging_mixin.py:188} INFO - [2025-09-29T16:05:45.235+0000] {dag.py:3089} INFO - Sync 1 DAGs
[2025-09-29T16:05:45.267+0000] {logging_mixin.py:188} INFO - [2025-09-29T16:05:45.267+0000] {dag.py:3947} INFO - Setting next_dagrun for example_params_ui_tutorial to None, run_after=None
[2025-09-29T16:05:45.322+0000] {processor.py:183} INFO - Processing /home/airflow/.local/lib/python3.12/site-packages/airflow/example_dags/example_params_ui_tutorial.py took 0.255 seconds
[2025-09-29T16:06:15.847+0000] {processor.py:161} INFO - Started process (PID=17117) to work on /home/airflow/.local/lib/python3.12/site-packages/airflow/example_dags/example_params_ui_tutorial.py
[2025-09-29T16:06:15.862+0000] {processor.py:830} INFO - Processing file /home/airflow/.local/lib/python3.12/site-packages/airflow/example_dags/example_params_ui_tutorial.py for tasks to queue
[2025-09-29T16:06:15.866+0000] {logging_mixin.py:188} INFO - [2025-09-29T16:06:15.866+0000] {dagbag.py:545} INFO - Filling up the DagBag from /home/airflow/.local/lib/python3.12/site-packages/airflow/example_dags/example_params_ui_tutorial.py
[2025-09-29T16:06:15.883+0000] {processor.py:840} INFO - DAG(s) 'example_params_ui_tutorial' retrieved from /home/airflow/.local/lib/python3.12/site-packages/airflow/example_dags/example_params_ui_tutorial.py
[2025-09-29T16:06:16.001+0000] {logging_mixin.py:188} INFO - [2025-09-29T16:06:16.000+0000] {dag.py:3089} INFO - Sync 1 DAGs
[2025-09-29T16:06:16.029+0000] {logging_mixin.py:188} INFO - [2025-09-29T16:06:16.028+0000] {dag.py:3947} INFO - Setting next_dagrun for example_params_ui_tutorial to None, run_after=None
[2025-09-29T16:06:16.077+0000] {processor.py:183} INFO - Processing /home/airflow/.local/lib/python3.12/site-packages/airflow/example_dags/example_params_ui_tutorial.py took 0.246 seconds
[2025-09-29T16:06:46.343+0000] {processor.py:161} INFO - Started process (PID=17389) to work on /home/airflow/.local/lib/python3.12/site-packages/airflow/example_dags/example_params_ui_tutorial.py
[2025-09-29T16:06:46.346+0000] {processor.py:830} INFO - Processing file /home/airflow/.local/lib/python3.12/site-packages/airflow/example_dags/example_params_ui_tutorial.py for tasks to queue
[2025-09-29T16:06:46.351+0000] {logging_mixin.py:188} INFO - [2025-09-29T16:06:46.350+0000] {dagbag.py:545} INFO - Filling up the DagBag from /home/airflow/.local/lib/python3.12/site-packages/airflow/example_dags/example_params_ui_tutorial.py
[2025-09-29T16:06:46.368+0000] {processor.py:840} INFO - DAG(s) 'example_params_ui_tutorial' retrieved from /home/airflow/.local/lib/python3.12/site-packages/airflow/example_dags/example_params_ui_tutorial.py
[2025-09-29T16:06:46.495+0000] {logging_mixin.py:188} INFO - [2025-09-29T16:06:46.494+0000] {dag.py:3089} INFO - Sync 1 DAGs
[2025-09-29T16:06:46.525+0000] {logging_mixin.py:188} INFO - [2025-09-29T16:06:46.525+0000] {dag.py:3947} INFO - Setting next_dagrun for example_params_ui_tutorial to None, run_after=None
[2025-09-29T16:06:46.573+0000] {processor.py:183} INFO - Processing /home/airflow/.local/lib/python3.12/site-packages/airflow/example_dags/example_params_ui_tutorial.py took 0.246 seconds
[2025-09-29T16:07:16.864+0000] {processor.py:161} INFO - Started process (PID=17651) to work on /home/airflow/.local/lib/python3.12/site-packages/airflow/example_dags/example_params_ui_tutorial.py
[2025-09-29T16:07:16.879+0000] {processor.py:830} INFO - Processing file /home/airflow/.local/lib/python3.12/site-packages/airflow/example_dags/example_params_ui_tutorial.py for tasks to queue
[2025-09-29T16:07:16.884+0000] {logging_mixin.py:188} INFO - [2025-09-29T16:07:16.883+0000] {dagbag.py:545} INFO - Filling up the DagBag from /home/airflow/.local/lib/python3.12/site-packages/airflow/example_dags/example_params_ui_tutorial.py
[2025-09-29T16:07:16.899+0000] {processor.py:840} INFO - DAG(s) 'example_params_ui_tutorial' retrieved from /home/airflow/.local/lib/python3.12/site-packages/airflow/example_dags/example_params_ui_tutorial.py
[2025-09-29T16:07:17.018+0000] {logging_mixin.py:188} INFO - [2025-09-29T16:07:17.018+0000] {dag.py:3089} INFO - Sync 1 DAGs
[2025-09-29T16:07:17.047+0000] {logging_mixin.py:188} INFO - [2025-09-29T16:07:17.046+0000] {dag.py:3947} INFO - Setting next_dagrun for example_params_ui_tutorial to None, run_after=None
[2025-09-29T16:07:17.092+0000] {processor.py:183} INFO - Processing /home/airflow/.local/lib/python3.12/site-packages/airflow/example_dags/example_params_ui_tutorial.py took 0.243 seconds
[2025-09-29T16:07:47.281+0000] {processor.py:161} INFO - Started process (PID=17913) to work on /home/airflow/.local/lib/python3.12/site-packages/airflow/example_dags/example_params_ui_tutorial.py
[2025-09-29T16:07:47.283+0000] {processor.py:830} INFO - Processing file /home/airflow/.local/lib/python3.12/site-packages/airflow/example_dags/example_params_ui_tutorial.py for tasks to queue
[2025-09-29T16:07:47.288+0000] {logging_mixin.py:188} INFO - [2025-09-29T16:07:47.287+0000] {dagbag.py:545} INFO - Filling up the DagBag from /home/airflow/.local/lib/python3.12/site-packages/airflow/example_dags/example_params_ui_tutorial.py
[2025-09-29T16:07:47.304+0000] {processor.py:840} INFO - DAG(s) 'example_params_ui_tutorial' retrieved from /home/airflow/.local/lib/python3.12/site-packages/airflow/example_dags/example_params_ui_tutorial.py
[2025-09-29T16:07:47.427+0000] {logging_mixin.py:188} INFO - [2025-09-29T16:07:47.427+0000] {dag.py:3089} INFO - Sync 1 DAGs
[2025-09-29T16:07:47.463+0000] {logging_mixin.py:188} INFO - [2025-09-29T16:07:47.463+0000] {dag.py:3947} INFO - Setting next_dagrun for example_params_ui_tutorial to None, run_after=None
[2025-09-29T16:07:47.518+0000] {processor.py:183} INFO - Processing /home/airflow/.local/lib/python3.12/site-packages/airflow/example_dags/example_params_ui_tutorial.py took 0.253 seconds
[2025-09-29T16:08:17.612+0000] {processor.py:161} INFO - Started process (PID=18175) to work on /home/airflow/.local/lib/python3.12/site-packages/airflow/example_dags/example_params_ui_tutorial.py
[2025-09-29T16:08:17.616+0000] {processor.py:830} INFO - Processing file /home/airflow/.local/lib/python3.12/site-packages/airflow/example_dags/example_params_ui_tutorial.py for tasks to queue
[2025-09-29T16:08:17.622+0000] {logging_mixin.py:188} INFO - [2025-09-29T16:08:17.621+0000] {dagbag.py:545} INFO - Filling up the DagBag from /home/airflow/.local/lib/python3.12/site-packages/airflow/example_dags/example_params_ui_tutorial.py
[2025-09-29T16:08:17.639+0000] {processor.py:840} INFO - DAG(s) 'example_params_ui_tutorial' retrieved from /home/airflow/.local/lib/python3.12/site-packages/airflow/example_dags/example_params_ui_tutorial.py
[2025-09-29T16:08:17.768+0000] {logging_mixin.py:188} INFO - [2025-09-29T16:08:17.767+0000] {dag.py:3089} INFO - Sync 1 DAGs
[2025-09-29T16:08:17.798+0000] {logging_mixin.py:188} INFO - [2025-09-29T16:08:17.797+0000] {dag.py:3947} INFO - Setting next_dagrun for example_params_ui_tutorial to None, run_after=None
[2025-09-29T16:08:17.844+0000] {processor.py:183} INFO - Processing /home/airflow/.local/lib/python3.12/site-packages/airflow/example_dags/example_params_ui_tutorial.py took 0.254 seconds
[2025-09-29T16:08:49.031+0000] {processor.py:161} INFO - Started process (PID=18430) to work on /home/airflow/.local/lib/python3.12/site-packages/airflow/example_dags/example_params_ui_tutorial.py
[2025-09-29T16:08:49.034+0000] {processor.py:830} INFO - Processing file /home/airflow/.local/lib/python3.12/site-packages/airflow/example_dags/example_params_ui_tutorial.py for tasks to queue
[2025-09-29T16:08:49.038+0000] {logging_mixin.py:188} INFO - [2025-09-29T16:08:49.037+0000] {dagbag.py:545} INFO - Filling up the DagBag from /home/airflow/.local/lib/python3.12/site-packages/airflow/example_dags/example_params_ui_tutorial.py
[2025-09-29T16:08:49.054+0000] {processor.py:840} INFO - DAG(s) 'example_params_ui_tutorial' retrieved from /home/airflow/.local/lib/python3.12/site-packages/airflow/example_dags/example_params_ui_tutorial.py
[2025-09-29T16:08:49.175+0000] {logging_mixin.py:188} INFO - [2025-09-29T16:08:49.174+0000] {dag.py:3089} INFO - Sync 1 DAGs
[2025-09-29T16:08:49.203+0000] {logging_mixin.py:188} INFO - [2025-09-29T16:08:49.203+0000] {dag.py:3947} INFO - Setting next_dagrun for example_params_ui_tutorial to None, run_after=None
[2025-09-29T16:08:49.252+0000] {processor.py:183} INFO - Processing /home/airflow/.local/lib/python3.12/site-packages/airflow/example_dags/example_params_ui_tutorial.py took 0.238 seconds
[2025-09-29T16:09:19.670+0000] {processor.py:161} INFO - Started process (PID=18686) to work on /home/airflow/.local/lib/python3.12/site-packages/airflow/example_dags/example_params_ui_tutorial.py
[2025-09-29T16:09:19.673+0000] {processor.py:830} INFO - Processing file /home/airflow/.local/lib/python3.12/site-packages/airflow/example_dags/example_params_ui_tutorial.py for tasks to queue
[2025-09-29T16:09:19.677+0000] {logging_mixin.py:188} INFO - [2025-09-29T16:09:19.676+0000] {dagbag.py:545} INFO - Filling up the DagBag from /home/airflow/.local/lib/python3.12/site-packages/airflow/example_dags/example_params_ui_tutorial.py
[2025-09-29T16:09:19.694+0000] {processor.py:840} INFO - DAG(s) 'example_params_ui_tutorial' retrieved from /home/airflow/.local/lib/python3.12/site-packages/airflow/example_dags/example_params_ui_tutorial.py
[2025-09-29T16:09:19.816+0000] {logging_mixin.py:188} INFO - [2025-09-29T16:09:19.815+0000] {dag.py:3089} INFO - Sync 1 DAGs
[2025-09-29T16:09:19.852+0000] {logging_mixin.py:188} INFO - [2025-09-29T16:09:19.851+0000] {dag.py:3947} INFO - Setting next_dagrun for example_params_ui_tutorial to None, run_after=None
[2025-09-29T16:09:19.904+0000] {processor.py:183} INFO - Processing /home/airflow/.local/lib/python3.12/site-packages/airflow/example_dags/example_params_ui_tutorial.py took 0.250 seconds
[2025-09-29T16:09:50.326+0000] {processor.py:161} INFO - Started process (PID=18947) to work on /home/airflow/.local/lib/python3.12/site-packages/airflow/example_dags/example_params_ui_tutorial.py
[2025-09-29T16:09:50.329+0000] {processor.py:830} INFO - Processing file /home/airflow/.local/lib/python3.12/site-packages/airflow/example_dags/example_params_ui_tutorial.py for tasks to queue
[2025-09-29T16:09:50.333+0000] {logging_mixin.py:188} INFO - [2025-09-29T16:09:50.332+0000] {dagbag.py:545} INFO - Filling up the DagBag from /home/airflow/.local/lib/python3.12/site-packages/airflow/example_dags/example_params_ui_tutorial.py
[2025-09-29T16:09:50.349+0000] {processor.py:840} INFO - DAG(s) 'example_params_ui_tutorial' retrieved from /home/airflow/.local/lib/python3.12/site-packages/airflow/example_dags/example_params_ui_tutorial.py
[2025-09-29T16:09:50.470+0000] {logging_mixin.py:188} INFO - [2025-09-29T16:09:50.469+0000] {dag.py:3089} INFO - Sync 1 DAGs
[2025-09-29T16:09:50.501+0000] {logging_mixin.py:188} INFO - [2025-09-29T16:09:50.500+0000] {dag.py:3947} INFO - Setting next_dagrun for example_params_ui_tutorial to None, run_after=None
[2025-09-29T16:09:50.550+0000] {processor.py:183} INFO - Processing /home/airflow/.local/lib/python3.12/site-packages/airflow/example_dags/example_params_ui_tutorial.py took 0.239 seconds
[2025-09-29T16:10:20.869+0000] {processor.py:161} INFO - Started process (PID=19208) to work on /home/airflow/.local/lib/python3.12/site-packages/airflow/example_dags/example_params_ui_tutorial.py
[2025-09-29T16:10:20.872+0000] {processor.py:830} INFO - Processing file /home/airflow/.local/lib/python3.12/site-packages/airflow/example_dags/example_params_ui_tutorial.py for tasks to queue
[2025-09-29T16:10:20.876+0000] {logging_mixin.py:188} INFO - [2025-09-29T16:10:20.876+0000] {dagbag.py:545} INFO - Filling up the DagBag from /home/airflow/.local/lib/python3.12/site-packages/airflow/example_dags/example_params_ui_tutorial.py
[2025-09-29T16:10:20.898+0000] {processor.py:840} INFO - DAG(s) 'example_params_ui_tutorial' retrieved from /home/airflow/.local/lib/python3.12/site-packages/airflow/example_dags/example_params_ui_tutorial.py
[2025-09-29T16:10:21.035+0000] {logging_mixin.py:188} INFO - [2025-09-29T16:10:21.035+0000] {dag.py:3089} INFO - Sync 1 DAGs
[2025-09-29T16:10:21.061+0000] {logging_mixin.py:188} INFO - [2025-09-29T16:10:21.061+0000] {dag.py:3947} INFO - Setting next_dagrun for example_params_ui_tutorial to None, run_after=None
[2025-09-29T16:10:21.211+0000] {processor.py:183} INFO - Processing /home/airflow/.local/lib/python3.12/site-packages/airflow/example_dags/example_params_ui_tutorial.py took 0.357 seconds
[2025-09-29T16:10:51.632+0000] {processor.py:161} INFO - Started process (PID=19469) to work on /home/airflow/.local/lib/python3.12/site-packages/airflow/example_dags/example_params_ui_tutorial.py
[2025-09-29T16:10:51.637+0000] {processor.py:830} INFO - Processing file /home/airflow/.local/lib/python3.12/site-packages/airflow/example_dags/example_params_ui_tutorial.py for tasks to queue
[2025-09-29T16:10:51.640+0000] {logging_mixin.py:188} INFO - [2025-09-29T16:10:51.639+0000] {dagbag.py:545} INFO - Filling up the DagBag from /home/airflow/.local/lib/python3.12/site-packages/airflow/example_dags/example_params_ui_tutorial.py
[2025-09-29T16:10:51.656+0000] {processor.py:840} INFO - DAG(s) 'example_params_ui_tutorial' retrieved from /home/airflow/.local/lib/python3.12/site-packages/airflow/example_dags/example_params_ui_tutorial.py
[2025-09-29T16:10:51.778+0000] {logging_mixin.py:188} INFO - [2025-09-29T16:10:51.777+0000] {dag.py:3089} INFO - Sync 1 DAGs
[2025-09-29T16:10:51.809+0000] {logging_mixin.py:188} INFO - [2025-09-29T16:10:51.809+0000] {dag.py:3947} INFO - Setting next_dagrun for example_params_ui_tutorial to None, run_after=None
[2025-09-29T16:10:51.858+0000] {processor.py:183} INFO - Processing /home/airflow/.local/lib/python3.12/site-packages/airflow/example_dags/example_params_ui_tutorial.py took 0.241 seconds
[2025-09-29T16:11:22.274+0000] {processor.py:161} INFO - Started process (PID=19730) to work on /home/airflow/.local/lib/python3.12/site-packages/airflow/example_dags/example_params_ui_tutorial.py
[2025-09-29T16:11:22.276+0000] {processor.py:830} INFO - Processing file /home/airflow/.local/lib/python3.12/site-packages/airflow/example_dags/example_params_ui_tutorial.py for tasks to queue
[2025-09-29T16:11:22.278+0000] {logging_mixin.py:188} INFO - [2025-09-29T16:11:22.277+0000] {dagbag.py:545} INFO - Filling up the DagBag from /home/airflow/.local/lib/python3.12/site-packages/airflow/example_dags/example_params_ui_tutorial.py
[2025-09-29T16:11:22.298+0000] {processor.py:840} INFO - DAG(s) 'example_params_ui_tutorial' retrieved from /home/airflow/.local/lib/python3.12/site-packages/airflow/example_dags/example_params_ui_tutorial.py
[2025-09-29T16:11:22.419+0000] {logging_mixin.py:188} INFO - [2025-09-29T16:11:22.418+0000] {dag.py:3089} INFO - Sync 1 DAGs
[2025-09-29T16:11:22.449+0000] {logging_mixin.py:188} INFO - [2025-09-29T16:11:22.448+0000] {dag.py:3947} INFO - Setting next_dagrun for example_params_ui_tutorial to None, run_after=None
[2025-09-29T16:11:22.511+0000] {processor.py:183} INFO - Processing /home/airflow/.local/lib/python3.12/site-packages/airflow/example_dags/example_params_ui_tutorial.py took 0.254 seconds
[2025-09-29T16:11:53.011+0000] {processor.py:161} INFO - Started process (PID=19991) to work on /home/airflow/.local/lib/python3.12/site-packages/airflow/example_dags/example_params_ui_tutorial.py
[2025-09-29T16:11:53.014+0000] {processor.py:830} INFO - Processing file /home/airflow/.local/lib/python3.12/site-packages/airflow/example_dags/example_params_ui_tutorial.py for tasks to queue
[2025-09-29T16:11:53.017+0000] {logging_mixin.py:188} INFO - [2025-09-29T16:11:53.016+0000] {dagbag.py:545} INFO - Filling up the DagBag from /home/airflow/.local/lib/python3.12/site-packages/airflow/example_dags/example_params_ui_tutorial.py
[2025-09-29T16:11:53.036+0000] {processor.py:840} INFO - DAG(s) 'example_params_ui_tutorial' retrieved from /home/airflow/.local/lib/python3.12/site-packages/airflow/example_dags/example_params_ui_tutorial.py
[2025-09-29T16:11:53.182+0000] {logging_mixin.py:188} INFO - [2025-09-29T16:11:53.182+0000] {dag.py:3089} INFO - Sync 1 DAGs
[2025-09-29T16:11:53.213+0000] {logging_mixin.py:188} INFO - [2025-09-29T16:11:53.212+0000] {dag.py:3947} INFO - Setting next_dagrun for example_params_ui_tutorial to None, run_after=None
[2025-09-29T16:11:53.267+0000] {processor.py:183} INFO - Processing /home/airflow/.local/lib/python3.12/site-packages/airflow/example_dags/example_params_ui_tutorial.py took 0.276 seconds
[2025-09-29T16:12:24.066+0000] {processor.py:161} INFO - Started process (PID=20252) to work on /home/airflow/.local/lib/python3.12/site-packages/airflow/example_dags/example_params_ui_tutorial.py
[2025-09-29T16:12:24.069+0000] {processor.py:830} INFO - Processing file /home/airflow/.local/lib/python3.12/site-packages/airflow/example_dags/example_params_ui_tutorial.py for tasks to queue
[2025-09-29T16:12:24.071+0000] {logging_mixin.py:188} INFO - [2025-09-29T16:12:24.070+0000] {dagbag.py:545} INFO - Filling up the DagBag from /home/airflow/.local/lib/python3.12/site-packages/airflow/example_dags/example_params_ui_tutorial.py
[2025-09-29T16:12:24.091+0000] {processor.py:840} INFO - DAG(s) 'example_params_ui_tutorial' retrieved from /home/airflow/.local/lib/python3.12/site-packages/airflow/example_dags/example_params_ui_tutorial.py
[2025-09-29T16:12:24.215+0000] {logging_mixin.py:188} INFO - [2025-09-29T16:12:24.214+0000] {dag.py:3089} INFO - Sync 1 DAGs
[2025-09-29T16:12:24.245+0000] {logging_mixin.py:188} INFO - [2025-09-29T16:12:24.244+0000] {dag.py:3947} INFO - Setting next_dagrun for example_params_ui_tutorial to None, run_after=None
[2025-09-29T16:12:24.293+0000] {processor.py:183} INFO - Processing /home/airflow/.local/lib/python3.12/site-packages/airflow/example_dags/example_params_ui_tutorial.py took 0.243 seconds
[2025-09-29T16:12:54.601+0000] {processor.py:161} INFO - Started process (PID=20513) to work on /home/airflow/.local/lib/python3.12/site-packages/airflow/example_dags/example_params_ui_tutorial.py
[2025-09-29T16:12:54.604+0000] {processor.py:830} INFO - Processing file /home/airflow/.local/lib/python3.12/site-packages/airflow/example_dags/example_params_ui_tutorial.py for tasks to queue
[2025-09-29T16:12:54.606+0000] {logging_mixin.py:188} INFO - [2025-09-29T16:12:54.605+0000] {dagbag.py:545} INFO - Filling up the DagBag from /home/airflow/.local/lib/python3.12/site-packages/airflow/example_dags/example_params_ui_tutorial.py
[2025-09-29T16:12:54.625+0000] {processor.py:840} INFO - DAG(s) 'example_params_ui_tutorial' retrieved from /home/airflow/.local/lib/python3.12/site-packages/airflow/example_dags/example_params_ui_tutorial.py
[2025-09-29T16:12:54.765+0000] {logging_mixin.py:188} INFO - [2025-09-29T16:12:54.765+0000] {dag.py:3089} INFO - Sync 1 DAGs
[2025-09-29T16:12:54.802+0000] {logging_mixin.py:188} INFO - [2025-09-29T16:12:54.801+0000] {dag.py:3947} INFO - Setting next_dagrun for example_params_ui_tutorial to None, run_after=None
[2025-09-29T16:12:54.862+0000] {processor.py:183} INFO - Processing /home/airflow/.local/lib/python3.12/site-packages/airflow/example_dags/example_params_ui_tutorial.py took 0.277 seconds
[2025-09-29T16:13:25.144+0000] {processor.py:161} INFO - Started process (PID=20774) to work on /home/airflow/.local/lib/python3.12/site-packages/airflow/example_dags/example_params_ui_tutorial.py
[2025-09-29T16:13:25.147+0000] {processor.py:830} INFO - Processing file /home/airflow/.local/lib/python3.12/site-packages/airflow/example_dags/example_params_ui_tutorial.py for tasks to queue
[2025-09-29T16:13:25.149+0000] {logging_mixin.py:188} INFO - [2025-09-29T16:13:25.149+0000] {dagbag.py:545} INFO - Filling up the DagBag from /home/airflow/.local/lib/python3.12/site-packages/airflow/example_dags/example_params_ui_tutorial.py
[2025-09-29T16:13:25.167+0000] {processor.py:840} INFO - DAG(s) 'example_params_ui_tutorial' retrieved from /home/airflow/.local/lib/python3.12/site-packages/airflow/example_dags/example_params_ui_tutorial.py
[2025-09-29T16:13:25.295+0000] {logging_mixin.py:188} INFO - [2025-09-29T16:13:25.294+0000] {dag.py:3089} INFO - Sync 1 DAGs
[2025-09-29T16:13:25.327+0000] {logging_mixin.py:188} INFO - [2025-09-29T16:13:25.327+0000] {dag.py:3947} INFO - Setting next_dagrun for example_params_ui_tutorial to None, run_after=None
[2025-09-29T16:13:25.376+0000] {processor.py:183} INFO - Processing /home/airflow/.local/lib/python3.12/site-packages/airflow/example_dags/example_params_ui_tutorial.py took 0.248 seconds
[2025-09-29T16:13:55.626+0000] {processor.py:161} INFO - Started process (PID=21035) to work on /home/airflow/.local/lib/python3.12/site-packages/airflow/example_dags/example_params_ui_tutorial.py
[2025-09-29T16:13:55.629+0000] {processor.py:830} INFO - Processing file /home/airflow/.local/lib/python3.12/site-packages/airflow/example_dags/example_params_ui_tutorial.py for tasks to queue
[2025-09-29T16:13:55.631+0000] {logging_mixin.py:188} INFO - [2025-09-29T16:13:55.630+0000] {dagbag.py:545} INFO - Filling up the DagBag from /home/airflow/.local/lib/python3.12/site-packages/airflow/example_dags/example_params_ui_tutorial.py
[2025-09-29T16:13:55.649+0000] {processor.py:840} INFO - DAG(s) 'example_params_ui_tutorial' retrieved from /home/airflow/.local/lib/python3.12/site-packages/airflow/example_dags/example_params_ui_tutorial.py
[2025-09-29T16:13:55.771+0000] {logging_mixin.py:188} INFO - [2025-09-29T16:13:55.770+0000] {dag.py:3089} INFO - Sync 1 DAGs
[2025-09-29T16:13:55.802+0000] {logging_mixin.py:188} INFO - [2025-09-29T16:13:55.801+0000] {dag.py:3947} INFO - Setting next_dagrun for example_params_ui_tutorial to None, run_after=None
[2025-09-29T16:13:55.851+0000] {processor.py:183} INFO - Processing /home/airflow/.local/lib/python3.12/site-packages/airflow/example_dags/example_params_ui_tutorial.py took 0.243 seconds
[2025-09-29T16:14:26.332+0000] {processor.py:161} INFO - Started process (PID=21296) to work on /home/airflow/.local/lib/python3.12/site-packages/airflow/example_dags/example_params_ui_tutorial.py
[2025-09-29T16:14:26.336+0000] {processor.py:830} INFO - Processing file /home/airflow/.local/lib/python3.12/site-packages/airflow/example_dags/example_params_ui_tutorial.py for tasks to queue
[2025-09-29T16:14:26.339+0000] {logging_mixin.py:188} INFO - [2025-09-29T16:14:26.338+0000] {dagbag.py:545} INFO - Filling up the DagBag from /home/airflow/.local/lib/python3.12/site-packages/airflow/example_dags/example_params_ui_tutorial.py
[2025-09-29T16:14:26.362+0000] {processor.py:840} INFO - DAG(s) 'example_params_ui_tutorial' retrieved from /home/airflow/.local/lib/python3.12/site-packages/airflow/example_dags/example_params_ui_tutorial.py
[2025-09-29T16:14:26.502+0000] {logging_mixin.py:188} INFO - [2025-09-29T16:14:26.501+0000] {dag.py:3089} INFO - Sync 1 DAGs
[2025-09-29T16:14:26.532+0000] {logging_mixin.py:188} INFO - [2025-09-29T16:14:26.532+0000] {dag.py:3947} INFO - Setting next_dagrun for example_params_ui_tutorial to None, run_after=None
[2025-09-29T16:14:26.585+0000] {processor.py:183} INFO - Processing /home/airflow/.local/lib/python3.12/site-packages/airflow/example_dags/example_params_ui_tutorial.py took 0.275 seconds
[2025-09-29T16:14:58.581+0000] {processor.py:161} INFO - Started process (PID=21557) to work on /home/airflow/.local/lib/python3.12/site-packages/airflow/example_dags/example_params_ui_tutorial.py
[2025-09-29T16:14:58.586+0000] {processor.py:830} INFO - Processing file /home/airflow/.local/lib/python3.12/site-packages/airflow/example_dags/example_params_ui_tutorial.py for tasks to queue
[2025-09-29T16:14:58.616+0000] {logging_mixin.py:188} INFO - [2025-09-29T16:14:58.614+0000] {dagbag.py:545} INFO - Filling up the DagBag from /home/airflow/.local/lib/python3.12/site-packages/airflow/example_dags/example_params_ui_tutorial.py
[2025-09-29T16:14:58.717+0000] {processor.py:840} INFO - DAG(s) 'example_params_ui_tutorial' retrieved from /home/airflow/.local/lib/python3.12/site-packages/airflow/example_dags/example_params_ui_tutorial.py
[2025-09-29T16:14:59.042+0000] {logging_mixin.py:188} INFO - [2025-09-29T16:14:59.041+0000] {dag.py:3089} INFO - Sync 1 DAGs
[2025-09-29T16:14:59.126+0000] {logging_mixin.py:188} INFO - [2025-09-29T16:14:59.125+0000] {dag.py:3947} INFO - Setting next_dagrun for example_params_ui_tutorial to None, run_after=None
[2025-09-29T16:14:59.308+0000] {processor.py:183} INFO - Processing /home/airflow/.local/lib/python3.12/site-packages/airflow/example_dags/example_params_ui_tutorial.py took 0.783 seconds
[2025-09-29T16:15:30.038+0000] {processor.py:161} INFO - Started process (PID=21820) to work on /home/airflow/.local/lib/python3.12/site-packages/airflow/example_dags/example_params_ui_tutorial.py
[2025-09-29T16:15:30.041+0000] {processor.py:830} INFO - Processing file /home/airflow/.local/lib/python3.12/site-packages/airflow/example_dags/example_params_ui_tutorial.py for tasks to queue
[2025-09-29T16:15:30.043+0000] {logging_mixin.py:188} INFO - [2025-09-29T16:15:30.042+0000] {dagbag.py:545} INFO - Filling up the DagBag from /home/airflow/.local/lib/python3.12/site-packages/airflow/example_dags/example_params_ui_tutorial.py
[2025-09-29T16:15:30.060+0000] {processor.py:840} INFO - DAG(s) 'example_params_ui_tutorial' retrieved from /home/airflow/.local/lib/python3.12/site-packages/airflow/example_dags/example_params_ui_tutorial.py
[2025-09-29T16:15:30.199+0000] {logging_mixin.py:188} INFO - [2025-09-29T16:15:30.198+0000] {dag.py:3089} INFO - Sync 1 DAGs
[2025-09-29T16:15:30.229+0000] {logging_mixin.py:188} INFO - [2025-09-29T16:15:30.228+0000] {dag.py:3947} INFO - Setting next_dagrun for example_params_ui_tutorial to None, run_after=None
[2025-09-29T16:15:30.284+0000] {processor.py:183} INFO - Processing /home/airflow/.local/lib/python3.12/site-packages/airflow/example_dags/example_params_ui_tutorial.py took 0.264 seconds
[2025-09-29T16:16:00.752+0000] {processor.py:161} INFO - Started process (PID=22081) to work on /home/airflow/.local/lib/python3.12/site-packages/airflow/example_dags/example_params_ui_tutorial.py
[2025-09-29T16:16:00.755+0000] {processor.py:830} INFO - Processing file /home/airflow/.local/lib/python3.12/site-packages/airflow/example_dags/example_params_ui_tutorial.py for tasks to queue
[2025-09-29T16:16:00.757+0000] {logging_mixin.py:188} INFO - [2025-09-29T16:16:00.756+0000] {dagbag.py:545} INFO - Filling up the DagBag from /home/airflow/.local/lib/python3.12/site-packages/airflow/example_dags/example_params_ui_tutorial.py
[2025-09-29T16:16:00.774+0000] {processor.py:840} INFO - DAG(s) 'example_params_ui_tutorial' retrieved from /home/airflow/.local/lib/python3.12/site-packages/airflow/example_dags/example_params_ui_tutorial.py
[2025-09-29T16:16:00.927+0000] {logging_mixin.py:188} INFO - [2025-09-29T16:16:00.926+0000] {dag.py:3089} INFO - Sync 1 DAGs
[2025-09-29T16:16:00.961+0000] {logging_mixin.py:188} INFO - [2025-09-29T16:16:00.961+0000] {dag.py:3947} INFO - Setting next_dagrun for example_params_ui_tutorial to None, run_after=None
[2025-09-29T16:16:01.016+0000] {processor.py:183} INFO - Processing /home/airflow/.local/lib/python3.12/site-packages/airflow/example_dags/example_params_ui_tutorial.py took 0.279 seconds
[2025-09-29T16:16:31.302+0000] {processor.py:161} INFO - Started process (PID=22342) to work on /home/airflow/.local/lib/python3.12/site-packages/airflow/example_dags/example_params_ui_tutorial.py
[2025-09-29T16:16:31.305+0000] {processor.py:830} INFO - Processing file /home/airflow/.local/lib/python3.12/site-packages/airflow/example_dags/example_params_ui_tutorial.py for tasks to queue
[2025-09-29T16:16:31.307+0000] {logging_mixin.py:188} INFO - [2025-09-29T16:16:31.306+0000] {dagbag.py:545} INFO - Filling up the DagBag from /home/airflow/.local/lib/python3.12/site-packages/airflow/example_dags/example_params_ui_tutorial.py
[2025-09-29T16:16:31.325+0000] {processor.py:840} INFO - DAG(s) 'example_params_ui_tutorial' retrieved from /home/airflow/.local/lib/python3.12/site-packages/airflow/example_dags/example_params_ui_tutorial.py
[2025-09-29T16:16:31.487+0000] {logging_mixin.py:188} INFO - [2025-09-29T16:16:31.487+0000] {dag.py:3089} INFO - Sync 1 DAGs
[2025-09-29T16:16:31.522+0000] {logging_mixin.py:188} INFO - [2025-09-29T16:16:31.521+0000] {dag.py:3947} INFO - Setting next_dagrun for example_params_ui_tutorial to None, run_after=None
[2025-09-29T16:16:31.583+0000] {processor.py:183} INFO - Processing /home/airflow/.local/lib/python3.12/site-packages/airflow/example_dags/example_params_ui_tutorial.py took 0.297 seconds
[2025-09-29T16:17:02.039+0000] {processor.py:161} INFO - Started process (PID=22603) to work on /home/airflow/.local/lib/python3.12/site-packages/airflow/example_dags/example_params_ui_tutorial.py
[2025-09-29T16:17:02.050+0000] {processor.py:830} INFO - Processing file /home/airflow/.local/lib/python3.12/site-packages/airflow/example_dags/example_params_ui_tutorial.py for tasks to queue
[2025-09-29T16:17:02.052+0000] {logging_mixin.py:188} INFO - [2025-09-29T16:17:02.051+0000] {dagbag.py:545} INFO - Filling up the DagBag from /home/airflow/.local/lib/python3.12/site-packages/airflow/example_dags/example_params_ui_tutorial.py
[2025-09-29T16:17:02.071+0000] {processor.py:840} INFO - DAG(s) 'example_params_ui_tutorial' retrieved from /home/airflow/.local/lib/python3.12/site-packages/airflow/example_dags/example_params_ui_tutorial.py
[2025-09-29T16:17:02.222+0000] {logging_mixin.py:188} INFO - [2025-09-29T16:17:02.221+0000] {dag.py:3089} INFO - Sync 1 DAGs
[2025-09-29T16:17:02.265+0000] {logging_mixin.py:188} INFO - [2025-09-29T16:17:02.264+0000] {dag.py:3947} INFO - Setting next_dagrun for example_params_ui_tutorial to None, run_after=None
[2025-09-29T16:17:02.319+0000] {processor.py:183} INFO - Processing /home/airflow/.local/lib/python3.12/site-packages/airflow/example_dags/example_params_ui_tutorial.py took 0.295 seconds
[2025-09-29T16:17:32.955+0000] {processor.py:161} INFO - Started process (PID=22864) to work on /home/airflow/.local/lib/python3.12/site-packages/airflow/example_dags/example_params_ui_tutorial.py
[2025-09-29T16:17:32.971+0000] {processor.py:830} INFO - Processing file /home/airflow/.local/lib/python3.12/site-packages/airflow/example_dags/example_params_ui_tutorial.py for tasks to queue
[2025-09-29T16:17:32.973+0000] {logging_mixin.py:188} INFO - [2025-09-29T16:17:32.972+0000] {dagbag.py:545} INFO - Filling up the DagBag from /home/airflow/.local/lib/python3.12/site-packages/airflow/example_dags/example_params_ui_tutorial.py
[2025-09-29T16:17:32.991+0000] {processor.py:840} INFO - DAG(s) 'example_params_ui_tutorial' retrieved from /home/airflow/.local/lib/python3.12/site-packages/airflow/example_dags/example_params_ui_tutorial.py
[2025-09-29T16:17:33.122+0000] {logging_mixin.py:188} INFO - [2025-09-29T16:17:33.122+0000] {dag.py:3089} INFO - Sync 1 DAGs
[2025-09-29T16:17:33.154+0000] {logging_mixin.py:188} INFO - [2025-09-29T16:17:33.153+0000] {dag.py:3947} INFO - Setting next_dagrun for example_params_ui_tutorial to None, run_after=None
[2025-09-29T16:17:33.208+0000] {processor.py:183} INFO - Processing /home/airflow/.local/lib/python3.12/site-packages/airflow/example_dags/example_params_ui_tutorial.py took 0.270 seconds
[2025-09-29T16:18:03.441+0000] {processor.py:161} INFO - Started process (PID=23125) to work on /home/airflow/.local/lib/python3.12/site-packages/airflow/example_dags/example_params_ui_tutorial.py
[2025-09-29T16:18:03.445+0000] {processor.py:830} INFO - Processing file /home/airflow/.local/lib/python3.12/site-packages/airflow/example_dags/example_params_ui_tutorial.py for tasks to queue
[2025-09-29T16:18:03.447+0000] {logging_mixin.py:188} INFO - [2025-09-29T16:18:03.446+0000] {dagbag.py:545} INFO - Filling up the DagBag from /home/airflow/.local/lib/python3.12/site-packages/airflow/example_dags/example_params_ui_tutorial.py
[2025-09-29T16:18:03.465+0000] {processor.py:840} INFO - DAG(s) 'example_params_ui_tutorial' retrieved from /home/airflow/.local/lib/python3.12/site-packages/airflow/example_dags/example_params_ui_tutorial.py
[2025-09-29T16:18:03.603+0000] {logging_mixin.py:188} INFO - [2025-09-29T16:18:03.603+0000] {dag.py:3089} INFO - Sync 1 DAGs
[2025-09-29T16:18:03.634+0000] {logging_mixin.py:188} INFO - [2025-09-29T16:18:03.633+0000] {dag.py:3947} INFO - Setting next_dagrun for example_params_ui_tutorial to None, run_after=None
[2025-09-29T16:18:03.687+0000] {processor.py:183} INFO - Processing /home/airflow/.local/lib/python3.12/site-packages/airflow/example_dags/example_params_ui_tutorial.py took 0.263 seconds
[2025-09-29T16:18:33.804+0000] {processor.py:161} INFO - Started process (PID=23386) to work on /home/airflow/.local/lib/python3.12/site-packages/airflow/example_dags/example_params_ui_tutorial.py
[2025-09-29T16:18:33.815+0000] {processor.py:830} INFO - Processing file /home/airflow/.local/lib/python3.12/site-packages/airflow/example_dags/example_params_ui_tutorial.py for tasks to queue
[2025-09-29T16:18:33.817+0000] {logging_mixin.py:188} INFO - [2025-09-29T16:18:33.816+0000] {dagbag.py:545} INFO - Filling up the DagBag from /home/airflow/.local/lib/python3.12/site-packages/airflow/example_dags/example_params_ui_tutorial.py
[2025-09-29T16:18:33.833+0000] {processor.py:840} INFO - DAG(s) 'example_params_ui_tutorial' retrieved from /home/airflow/.local/lib/python3.12/site-packages/airflow/example_dags/example_params_ui_tutorial.py
[2025-09-29T16:18:33.968+0000] {logging_mixin.py:188} INFO - [2025-09-29T16:18:33.967+0000] {dag.py:3089} INFO - Sync 1 DAGs
[2025-09-29T16:18:33.999+0000] {logging_mixin.py:188} INFO - [2025-09-29T16:18:33.998+0000] {dag.py:3947} INFO - Setting next_dagrun for example_params_ui_tutorial to None, run_after=None
[2025-09-29T16:18:34.046+0000] {processor.py:183} INFO - Processing /home/airflow/.local/lib/python3.12/site-packages/airflow/example_dags/example_params_ui_tutorial.py took 0.257 seconds
[2025-09-29T16:19:04.911+0000] {processor.py:161} INFO - Started process (PID=23647) to work on /home/airflow/.local/lib/python3.12/site-packages/airflow/example_dags/example_params_ui_tutorial.py
[2025-09-29T16:19:04.913+0000] {processor.py:830} INFO - Processing file /home/airflow/.local/lib/python3.12/site-packages/airflow/example_dags/example_params_ui_tutorial.py for tasks to queue
[2025-09-29T16:19:04.916+0000] {logging_mixin.py:188} INFO - [2025-09-29T16:19:04.914+0000] {dagbag.py:545} INFO - Filling up the DagBag from /home/airflow/.local/lib/python3.12/site-packages/airflow/example_dags/example_params_ui_tutorial.py
[2025-09-29T16:19:04.933+0000] {processor.py:840} INFO - DAG(s) 'example_params_ui_tutorial' retrieved from /home/airflow/.local/lib/python3.12/site-packages/airflow/example_dags/example_params_ui_tutorial.py
[2025-09-29T16:19:05.081+0000] {logging_mixin.py:188} INFO - [2025-09-29T16:19:05.080+0000] {dag.py:3089} INFO - Sync 1 DAGs
[2025-09-29T16:19:05.122+0000] {logging_mixin.py:188} INFO - [2025-09-29T16:19:05.121+0000] {dag.py:3947} INFO - Setting next_dagrun for example_params_ui_tutorial to None, run_after=None
[2025-09-29T16:19:05.175+0000] {processor.py:183} INFO - Processing /home/airflow/.local/lib/python3.12/site-packages/airflow/example_dags/example_params_ui_tutorial.py took 0.281 seconds
[2025-09-29T16:19:35.782+0000] {processor.py:161} INFO - Started process (PID=23908) to work on /home/airflow/.local/lib/python3.12/site-packages/airflow/example_dags/example_params_ui_tutorial.py
[2025-09-29T16:19:35.797+0000] {processor.py:830} INFO - Processing file /home/airflow/.local/lib/python3.12/site-packages/airflow/example_dags/example_params_ui_tutorial.py for tasks to queue
[2025-09-29T16:19:35.799+0000] {logging_mixin.py:188} INFO - [2025-09-29T16:19:35.798+0000] {dagbag.py:545} INFO - Filling up the DagBag from /home/airflow/.local/lib/python3.12/site-packages/airflow/example_dags/example_params_ui_tutorial.py
[2025-09-29T16:19:35.815+0000] {processor.py:840} INFO - DAG(s) 'example_params_ui_tutorial' retrieved from /home/airflow/.local/lib/python3.12/site-packages/airflow/example_dags/example_params_ui_tutorial.py
[2025-09-29T16:19:35.937+0000] {logging_mixin.py:188} INFO - [2025-09-29T16:19:35.936+0000] {dag.py:3089} INFO - Sync 1 DAGs
[2025-09-29T16:19:35.969+0000] {logging_mixin.py:188} INFO - [2025-09-29T16:19:35.968+0000] {dag.py:3947} INFO - Setting next_dagrun for example_params_ui_tutorial to None, run_after=None
[2025-09-29T16:19:36.016+0000] {processor.py:183} INFO - Processing /home/airflow/.local/lib/python3.12/site-packages/airflow/example_dags/example_params_ui_tutorial.py took 0.249 seconds
[2025-09-29T16:20:06.352+0000] {processor.py:161} INFO - Started process (PID=24169) to work on /home/airflow/.local/lib/python3.12/site-packages/airflow/example_dags/example_params_ui_tutorial.py
[2025-09-29T16:20:06.360+0000] {processor.py:830} INFO - Processing file /home/airflow/.local/lib/python3.12/site-packages/airflow/example_dags/example_params_ui_tutorial.py for tasks to queue
[2025-09-29T16:20:06.362+0000] {logging_mixin.py:188} INFO - [2025-09-29T16:20:06.362+0000] {dagbag.py:545} INFO - Filling up the DagBag from /home/airflow/.local/lib/python3.12/site-packages/airflow/example_dags/example_params_ui_tutorial.py
[2025-09-29T16:20:06.378+0000] {processor.py:840} INFO - DAG(s) 'example_params_ui_tutorial' retrieved from /home/airflow/.local/lib/python3.12/site-packages/airflow/example_dags/example_params_ui_tutorial.py
[2025-09-29T16:20:06.504+0000] {logging_mixin.py:188} INFO - [2025-09-29T16:20:06.503+0000] {dag.py:3089} INFO - Sync 1 DAGs
[2025-09-29T16:20:06.537+0000] {logging_mixin.py:188} INFO - [2025-09-29T16:20:06.536+0000] {dag.py:3947} INFO - Setting next_dagrun for example_params_ui_tutorial to None, run_after=None
[2025-09-29T16:20:06.584+0000] {processor.py:183} INFO - Processing /home/airflow/.local/lib/python3.12/site-packages/airflow/example_dags/example_params_ui_tutorial.py took 0.246 seconds
[2025-09-29T16:20:36.965+0000] {processor.py:161} INFO - Started process (PID=24430) to work on /home/airflow/.local/lib/python3.12/site-packages/airflow/example_dags/example_params_ui_tutorial.py
[2025-09-29T16:20:36.968+0000] {processor.py:830} INFO - Processing file /home/airflow/.local/lib/python3.12/site-packages/airflow/example_dags/example_params_ui_tutorial.py for tasks to queue
[2025-09-29T16:20:36.970+0000] {logging_mixin.py:188} INFO - [2025-09-29T16:20:36.969+0000] {dagbag.py:545} INFO - Filling up the DagBag from /home/airflow/.local/lib/python3.12/site-packages/airflow/example_dags/example_params_ui_tutorial.py
[2025-09-29T16:20:36.985+0000] {processor.py:840} INFO - DAG(s) 'example_params_ui_tutorial' retrieved from /home/airflow/.local/lib/python3.12/site-packages/airflow/example_dags/example_params_ui_tutorial.py
[2025-09-29T16:20:37.106+0000] {logging_mixin.py:188} INFO - [2025-09-29T16:20:37.106+0000] {dag.py:3089} INFO - Sync 1 DAGs
[2025-09-29T16:20:37.137+0000] {logging_mixin.py:188} INFO - [2025-09-29T16:20:37.136+0000] {dag.py:3947} INFO - Setting next_dagrun for example_params_ui_tutorial to None, run_after=None
[2025-09-29T16:20:37.186+0000] {processor.py:183} INFO - Processing /home/airflow/.local/lib/python3.12/site-packages/airflow/example_dags/example_params_ui_tutorial.py took 0.236 seconds
[2025-09-29T16:21:07.482+0000] {processor.py:161} INFO - Started process (PID=24691) to work on /home/airflow/.local/lib/python3.12/site-packages/airflow/example_dags/example_params_ui_tutorial.py
[2025-09-29T16:21:07.485+0000] {processor.py:830} INFO - Processing file /home/airflow/.local/lib/python3.12/site-packages/airflow/example_dags/example_params_ui_tutorial.py for tasks to queue
[2025-09-29T16:21:07.487+0000] {logging_mixin.py:188} INFO - [2025-09-29T16:21:07.486+0000] {dagbag.py:545} INFO - Filling up the DagBag from /home/airflow/.local/lib/python3.12/site-packages/airflow/example_dags/example_params_ui_tutorial.py
[2025-09-29T16:21:07.504+0000] {processor.py:840} INFO - DAG(s) 'example_params_ui_tutorial' retrieved from /home/airflow/.local/lib/python3.12/site-packages/airflow/example_dags/example_params_ui_tutorial.py
[2025-09-29T16:21:07.633+0000] {logging_mixin.py:188} INFO - [2025-09-29T16:21:07.633+0000] {dag.py:3089} INFO - Sync 1 DAGs
[2025-09-29T16:21:07.664+0000] {logging_mixin.py:188} INFO - [2025-09-29T16:21:07.663+0000] {dag.py:3947} INFO - Setting next_dagrun for example_params_ui_tutorial to None, run_after=None
[2025-09-29T16:21:07.712+0000] {processor.py:183} INFO - Processing /home/airflow/.local/lib/python3.12/site-packages/airflow/example_dags/example_params_ui_tutorial.py took 0.246 seconds
[2025-09-29T16:21:38.305+0000] {processor.py:161} INFO - Started process (PID=24952) to work on /home/airflow/.local/lib/python3.12/site-packages/airflow/example_dags/example_params_ui_tutorial.py
[2025-09-29T16:21:38.308+0000] {processor.py:830} INFO - Processing file /home/airflow/.local/lib/python3.12/site-packages/airflow/example_dags/example_params_ui_tutorial.py for tasks to queue
[2025-09-29T16:21:38.311+0000] {logging_mixin.py:188} INFO - [2025-09-29T16:21:38.310+0000] {dagbag.py:545} INFO - Filling up the DagBag from /home/airflow/.local/lib/python3.12/site-packages/airflow/example_dags/example_params_ui_tutorial.py
[2025-09-29T16:21:38.328+0000] {processor.py:840} INFO - DAG(s) 'example_params_ui_tutorial' retrieved from /home/airflow/.local/lib/python3.12/site-packages/airflow/example_dags/example_params_ui_tutorial.py
[2025-09-29T16:21:38.453+0000] {logging_mixin.py:188} INFO - [2025-09-29T16:21:38.452+0000] {dag.py:3089} INFO - Sync 1 DAGs
[2025-09-29T16:21:38.485+0000] {logging_mixin.py:188} INFO - [2025-09-29T16:21:38.484+0000] {dag.py:3947} INFO - Setting next_dagrun for example_params_ui_tutorial to None, run_after=None
[2025-09-29T16:21:38.533+0000] {processor.py:183} INFO - Processing /home/airflow/.local/lib/python3.12/site-packages/airflow/example_dags/example_params_ui_tutorial.py took 0.244 seconds
[2025-09-29T16:22:08.895+0000] {processor.py:161} INFO - Started process (PID=25213) to work on /home/airflow/.local/lib/python3.12/site-packages/airflow/example_dags/example_params_ui_tutorial.py
[2025-09-29T16:22:08.897+0000] {processor.py:830} INFO - Processing file /home/airflow/.local/lib/python3.12/site-packages/airflow/example_dags/example_params_ui_tutorial.py for tasks to queue
[2025-09-29T16:22:08.900+0000] {logging_mixin.py:188} INFO - [2025-09-29T16:22:08.899+0000] {dagbag.py:545} INFO - Filling up the DagBag from /home/airflow/.local/lib/python3.12/site-packages/airflow/example_dags/example_params_ui_tutorial.py
[2025-09-29T16:22:08.916+0000] {processor.py:840} INFO - DAG(s) 'example_params_ui_tutorial' retrieved from /home/airflow/.local/lib/python3.12/site-packages/airflow/example_dags/example_params_ui_tutorial.py
[2025-09-29T16:22:09.039+0000] {logging_mixin.py:188} INFO - [2025-09-29T16:22:09.038+0000] {dag.py:3089} INFO - Sync 1 DAGs
[2025-09-29T16:22:09.072+0000] {logging_mixin.py:188} INFO - [2025-09-29T16:22:09.071+0000] {dag.py:3947} INFO - Setting next_dagrun for example_params_ui_tutorial to None, run_after=None
[2025-09-29T16:22:09.120+0000] {processor.py:183} INFO - Processing /home/airflow/.local/lib/python3.12/site-packages/airflow/example_dags/example_params_ui_tutorial.py took 0.240 seconds
[2025-09-29T16:22:39.320+0000] {processor.py:161} INFO - Started process (PID=25474) to work on /home/airflow/.local/lib/python3.12/site-packages/airflow/example_dags/example_params_ui_tutorial.py
[2025-09-29T16:22:39.323+0000] {processor.py:830} INFO - Processing file /home/airflow/.local/lib/python3.12/site-packages/airflow/example_dags/example_params_ui_tutorial.py for tasks to queue
[2025-09-29T16:22:39.325+0000] {logging_mixin.py:188} INFO - [2025-09-29T16:22:39.324+0000] {dagbag.py:545} INFO - Filling up the DagBag from /home/airflow/.local/lib/python3.12/site-packages/airflow/example_dags/example_params_ui_tutorial.py
[2025-09-29T16:22:39.340+0000] {processor.py:840} INFO - DAG(s) 'example_params_ui_tutorial' retrieved from /home/airflow/.local/lib/python3.12/site-packages/airflow/example_dags/example_params_ui_tutorial.py
[2025-09-29T16:22:39.460+0000] {logging_mixin.py:188} INFO - [2025-09-29T16:22:39.460+0000] {dag.py:3089} INFO - Sync 1 DAGs
[2025-09-29T16:22:39.489+0000] {logging_mixin.py:188} INFO - [2025-09-29T16:22:39.489+0000] {dag.py:3947} INFO - Setting next_dagrun for example_params_ui_tutorial to None, run_after=None
[2025-09-29T16:22:39.535+0000] {processor.py:183} INFO - Processing /home/airflow/.local/lib/python3.12/site-packages/airflow/example_dags/example_params_ui_tutorial.py took 0.229 seconds
[2025-09-29T16:23:10.122+0000] {processor.py:161} INFO - Started process (PID=25735) to work on /home/airflow/.local/lib/python3.12/site-packages/airflow/example_dags/example_params_ui_tutorial.py
[2025-09-29T16:23:10.125+0000] {processor.py:830} INFO - Processing file /home/airflow/.local/lib/python3.12/site-packages/airflow/example_dags/example_params_ui_tutorial.py for tasks to queue
[2025-09-29T16:23:10.127+0000] {logging_mixin.py:188} INFO - [2025-09-29T16:23:10.126+0000] {dagbag.py:545} INFO - Filling up the DagBag from /home/airflow/.local/lib/python3.12/site-packages/airflow/example_dags/example_params_ui_tutorial.py
[2025-09-29T16:23:10.144+0000] {processor.py:840} INFO - DAG(s) 'example_params_ui_tutorial' retrieved from /home/airflow/.local/lib/python3.12/site-packages/airflow/example_dags/example_params_ui_tutorial.py
[2025-09-29T16:23:10.286+0000] {logging_mixin.py:188} INFO - [2025-09-29T16:23:10.286+0000] {dag.py:3089} INFO - Sync 1 DAGs
[2025-09-29T16:23:10.319+0000] {logging_mixin.py:188} INFO - [2025-09-29T16:23:10.319+0000] {dag.py:3947} INFO - Setting next_dagrun for example_params_ui_tutorial to None, run_after=None
[2025-09-29T16:23:10.377+0000] {processor.py:183} INFO - Processing /home/airflow/.local/lib/python3.12/site-packages/airflow/example_dags/example_params_ui_tutorial.py took 0.273 seconds
[2025-09-29T16:23:40.849+0000] {processor.py:161} INFO - Started process (PID=25994) to work on /home/airflow/.local/lib/python3.12/site-packages/airflow/example_dags/example_params_ui_tutorial.py
[2025-09-29T16:23:40.855+0000] {processor.py:830} INFO - Processing file /home/airflow/.local/lib/python3.12/site-packages/airflow/example_dags/example_params_ui_tutorial.py for tasks to queue
[2025-09-29T16:23:40.860+0000] {logging_mixin.py:188} INFO - [2025-09-29T16:23:40.859+0000] {dagbag.py:545} INFO - Filling up the DagBag from /home/airflow/.local/lib/python3.12/site-packages/airflow/example_dags/example_params_ui_tutorial.py
[2025-09-29T16:23:40.907+0000] {processor.py:840} INFO - DAG(s) 'example_params_ui_tutorial' retrieved from /home/airflow/.local/lib/python3.12/site-packages/airflow/example_dags/example_params_ui_tutorial.py
[2025-09-29T16:23:41.182+0000] {logging_mixin.py:188} INFO - [2025-09-29T16:23:41.181+0000] {dag.py:3089} INFO - Sync 1 DAGs
[2025-09-29T16:23:41.263+0000] {logging_mixin.py:188} INFO - [2025-09-29T16:23:41.261+0000] {dag.py:3947} INFO - Setting next_dagrun for example_params_ui_tutorial to None, run_after=None
[2025-09-29T16:23:41.393+0000] {processor.py:183} INFO - Processing /home/airflow/.local/lib/python3.12/site-packages/airflow/example_dags/example_params_ui_tutorial.py took 0.582 seconds
[2025-09-29T16:24:11.763+0000] {processor.py:161} INFO - Started process (PID=26251) to work on /home/airflow/.local/lib/python3.12/site-packages/airflow/example_dags/example_params_ui_tutorial.py
[2025-09-29T16:24:11.767+0000] {processor.py:830} INFO - Processing file /home/airflow/.local/lib/python3.12/site-packages/airflow/example_dags/example_params_ui_tutorial.py for tasks to queue
[2025-09-29T16:24:11.770+0000] {logging_mixin.py:188} INFO - [2025-09-29T16:24:11.769+0000] {dagbag.py:545} INFO - Filling up the DagBag from /home/airflow/.local/lib/python3.12/site-packages/airflow/example_dags/example_params_ui_tutorial.py
[2025-09-29T16:24:11.794+0000] {processor.py:840} INFO - DAG(s) 'example_params_ui_tutorial' retrieved from /home/airflow/.local/lib/python3.12/site-packages/airflow/example_dags/example_params_ui_tutorial.py
[2025-09-29T16:24:11.931+0000] {logging_mixin.py:188} INFO - [2025-09-29T16:24:11.930+0000] {dag.py:3089} INFO - Sync 1 DAGs
[2025-09-29T16:24:11.969+0000] {logging_mixin.py:188} INFO - [2025-09-29T16:24:11.968+0000] {dag.py:3947} INFO - Setting next_dagrun for example_params_ui_tutorial to None, run_after=None
[2025-09-29T16:24:12.024+0000] {processor.py:183} INFO - Processing /home/airflow/.local/lib/python3.12/site-packages/airflow/example_dags/example_params_ui_tutorial.py took 0.277 seconds
[2025-09-29T16:24:42.467+0000] {processor.py:161} INFO - Started process (PID=26512) to work on /home/airflow/.local/lib/python3.12/site-packages/airflow/example_dags/example_params_ui_tutorial.py
[2025-09-29T16:24:42.470+0000] {processor.py:830} INFO - Processing file /home/airflow/.local/lib/python3.12/site-packages/airflow/example_dags/example_params_ui_tutorial.py for tasks to queue
[2025-09-29T16:24:42.474+0000] {logging_mixin.py:188} INFO - [2025-09-29T16:24:42.472+0000] {dagbag.py:545} INFO - Filling up the DagBag from /home/airflow/.local/lib/python3.12/site-packages/airflow/example_dags/example_params_ui_tutorial.py
[2025-09-29T16:24:42.503+0000] {processor.py:840} INFO - DAG(s) 'example_params_ui_tutorial' retrieved from /home/airflow/.local/lib/python3.12/site-packages/airflow/example_dags/example_params_ui_tutorial.py
[2025-09-29T16:24:42.668+0000] {logging_mixin.py:188} INFO - [2025-09-29T16:24:42.667+0000] {dag.py:3089} INFO - Sync 1 DAGs
[2025-09-29T16:24:42.712+0000] {logging_mixin.py:188} INFO - [2025-09-29T16:24:42.711+0000] {dag.py:3947} INFO - Setting next_dagrun for example_params_ui_tutorial to None, run_after=None
[2025-09-29T16:24:42.781+0000] {processor.py:183} INFO - Processing /home/airflow/.local/lib/python3.12/site-packages/airflow/example_dags/example_params_ui_tutorial.py took 0.341 seconds
[2025-09-29T16:25:13.000+0000] {processor.py:161} INFO - Started process (PID=26773) to work on /home/airflow/.local/lib/python3.12/site-packages/airflow/example_dags/example_params_ui_tutorial.py
[2025-09-29T16:25:13.003+0000] {processor.py:830} INFO - Processing file /home/airflow/.local/lib/python3.12/site-packages/airflow/example_dags/example_params_ui_tutorial.py for tasks to queue
[2025-09-29T16:25:13.005+0000] {logging_mixin.py:188} INFO - [2025-09-29T16:25:13.004+0000] {dagbag.py:545} INFO - Filling up the DagBag from /home/airflow/.local/lib/python3.12/site-packages/airflow/example_dags/example_params_ui_tutorial.py
[2025-09-29T16:25:13.021+0000] {processor.py:840} INFO - DAG(s) 'example_params_ui_tutorial' retrieved from /home/airflow/.local/lib/python3.12/site-packages/airflow/example_dags/example_params_ui_tutorial.py
[2025-09-29T16:25:13.166+0000] {logging_mixin.py:188} INFO - [2025-09-29T16:25:13.165+0000] {dag.py:3089} INFO - Sync 1 DAGs
[2025-09-29T16:25:13.195+0000] {logging_mixin.py:188} INFO - [2025-09-29T16:25:13.194+0000] {dag.py:3947} INFO - Setting next_dagrun for example_params_ui_tutorial to None, run_after=None
[2025-09-29T16:25:13.242+0000] {processor.py:183} INFO - Processing /home/airflow/.local/lib/python3.12/site-packages/airflow/example_dags/example_params_ui_tutorial.py took 0.258 seconds
[2025-09-29T16:25:43.453+0000] {processor.py:161} INFO - Started process (PID=27039) to work on /home/airflow/.local/lib/python3.12/site-packages/airflow/example_dags/example_params_ui_tutorial.py
[2025-09-29T16:25:43.456+0000] {processor.py:830} INFO - Processing file /home/airflow/.local/lib/python3.12/site-packages/airflow/example_dags/example_params_ui_tutorial.py for tasks to queue
[2025-09-29T16:25:43.459+0000] {logging_mixin.py:188} INFO - [2025-09-29T16:25:43.457+0000] {dagbag.py:545} INFO - Filling up the DagBag from /home/airflow/.local/lib/python3.12/site-packages/airflow/example_dags/example_params_ui_tutorial.py
[2025-09-29T16:25:43.484+0000] {processor.py:840} INFO - DAG(s) 'example_params_ui_tutorial' retrieved from /home/airflow/.local/lib/python3.12/site-packages/airflow/example_dags/example_params_ui_tutorial.py
[2025-09-29T16:25:43.648+0000] {logging_mixin.py:188} INFO - [2025-09-29T16:25:43.648+0000] {dag.py:3089} INFO - Sync 1 DAGs
[2025-09-29T16:25:43.678+0000] {logging_mixin.py:188} INFO - [2025-09-29T16:25:43.678+0000] {dag.py:3947} INFO - Setting next_dagrun for example_params_ui_tutorial to None, run_after=None
[2025-09-29T16:25:43.729+0000] {processor.py:183} INFO - Processing /home/airflow/.local/lib/python3.12/site-packages/airflow/example_dags/example_params_ui_tutorial.py took 0.291 seconds
[2025-09-29T16:26:13.938+0000] {processor.py:161} INFO - Started process (PID=27300) to work on /home/airflow/.local/lib/python3.12/site-packages/airflow/example_dags/example_params_ui_tutorial.py
[2025-09-29T16:26:13.941+0000] {processor.py:830} INFO - Processing file /home/airflow/.local/lib/python3.12/site-packages/airflow/example_dags/example_params_ui_tutorial.py for tasks to queue
[2025-09-29T16:26:13.944+0000] {logging_mixin.py:188} INFO - [2025-09-29T16:26:13.943+0000] {dagbag.py:545} INFO - Filling up the DagBag from /home/airflow/.local/lib/python3.12/site-packages/airflow/example_dags/example_params_ui_tutorial.py
[2025-09-29T16:26:13.963+0000] {processor.py:840} INFO - DAG(s) 'example_params_ui_tutorial' retrieved from /home/airflow/.local/lib/python3.12/site-packages/airflow/example_dags/example_params_ui_tutorial.py
[2025-09-29T16:26:14.105+0000] {logging_mixin.py:188} INFO - [2025-09-29T16:26:14.104+0000] {dag.py:3089} INFO - Sync 1 DAGs
[2025-09-29T16:26:14.139+0000] {logging_mixin.py:188} INFO - [2025-09-29T16:26:14.138+0000] {dag.py:3947} INFO - Setting next_dagrun for example_params_ui_tutorial to None, run_after=None
[2025-09-29T16:26:14.193+0000] {processor.py:183} INFO - Processing /home/airflow/.local/lib/python3.12/site-packages/airflow/example_dags/example_params_ui_tutorial.py took 0.271 seconds
[2025-09-29T16:26:44.369+0000] {processor.py:161} INFO - Started process (PID=27559) to work on /home/airflow/.local/lib/python3.12/site-packages/airflow/example_dags/example_params_ui_tutorial.py
[2025-09-29T16:26:44.372+0000] {processor.py:830} INFO - Processing file /home/airflow/.local/lib/python3.12/site-packages/airflow/example_dags/example_params_ui_tutorial.py for tasks to queue
[2025-09-29T16:26:44.374+0000] {logging_mixin.py:188} INFO - [2025-09-29T16:26:44.373+0000] {dagbag.py:545} INFO - Filling up the DagBag from /home/airflow/.local/lib/python3.12/site-packages/airflow/example_dags/example_params_ui_tutorial.py
[2025-09-29T16:26:44.392+0000] {processor.py:840} INFO - DAG(s) 'example_params_ui_tutorial' retrieved from /home/airflow/.local/lib/python3.12/site-packages/airflow/example_dags/example_params_ui_tutorial.py
[2025-09-29T16:26:44.531+0000] {logging_mixin.py:188} INFO - [2025-09-29T16:26:44.530+0000] {dag.py:3089} INFO - Sync 1 DAGs
[2025-09-29T16:26:44.559+0000] {logging_mixin.py:188} INFO - [2025-09-29T16:26:44.558+0000] {dag.py:3947} INFO - Setting next_dagrun for example_params_ui_tutorial to None, run_after=None
[2025-09-29T16:26:44.607+0000] {processor.py:183} INFO - Processing /home/airflow/.local/lib/python3.12/site-packages/airflow/example_dags/example_params_ui_tutorial.py took 0.254 seconds
[2025-09-29T16:27:15.322+0000] {processor.py:161} INFO - Started process (PID=27817) to work on /home/airflow/.local/lib/python3.12/site-packages/airflow/example_dags/example_params_ui_tutorial.py
[2025-09-29T16:27:15.325+0000] {processor.py:830} INFO - Processing file /home/airflow/.local/lib/python3.12/site-packages/airflow/example_dags/example_params_ui_tutorial.py for tasks to queue
[2025-09-29T16:27:15.330+0000] {logging_mixin.py:188} INFO - [2025-09-29T16:27:15.326+0000] {dagbag.py:545} INFO - Filling up the DagBag from /home/airflow/.local/lib/python3.12/site-packages/airflow/example_dags/example_params_ui_tutorial.py
[2025-09-29T16:27:15.347+0000] {processor.py:840} INFO - DAG(s) 'example_params_ui_tutorial' retrieved from /home/airflow/.local/lib/python3.12/site-packages/airflow/example_dags/example_params_ui_tutorial.py
[2025-09-29T16:27:15.481+0000] {logging_mixin.py:188} INFO - [2025-09-29T16:27:15.480+0000] {dag.py:3089} INFO - Sync 1 DAGs
[2025-09-29T16:27:15.511+0000] {logging_mixin.py:188} INFO - [2025-09-29T16:27:15.511+0000] {dag.py:3947} INFO - Setting next_dagrun for example_params_ui_tutorial to None, run_after=None
[2025-09-29T16:27:15.557+0000] {processor.py:183} INFO - Processing /home/airflow/.local/lib/python3.12/site-packages/airflow/example_dags/example_params_ui_tutorial.py took 0.258 seconds
[2025-09-29T16:27:46.176+0000] {processor.py:161} INFO - Started process (PID=28078) to work on /home/airflow/.local/lib/python3.12/site-packages/airflow/example_dags/example_params_ui_tutorial.py
[2025-09-29T16:27:46.179+0000] {processor.py:830} INFO - Processing file /home/airflow/.local/lib/python3.12/site-packages/airflow/example_dags/example_params_ui_tutorial.py for tasks to queue
[2025-09-29T16:27:46.182+0000] {logging_mixin.py:188} INFO - [2025-09-29T16:27:46.181+0000] {dagbag.py:545} INFO - Filling up the DagBag from /home/airflow/.local/lib/python3.12/site-packages/airflow/example_dags/example_params_ui_tutorial.py
[2025-09-29T16:27:46.199+0000] {processor.py:840} INFO - DAG(s) 'example_params_ui_tutorial' retrieved from /home/airflow/.local/lib/python3.12/site-packages/airflow/example_dags/example_params_ui_tutorial.py
[2025-09-29T16:27:46.359+0000] {logging_mixin.py:188} INFO - [2025-09-29T16:27:46.359+0000] {dag.py:3089} INFO - Sync 1 DAGs
[2025-09-29T16:27:46.409+0000] {logging_mixin.py:188} INFO - [2025-09-29T16:27:46.409+0000] {dag.py:3947} INFO - Setting next_dagrun for example_params_ui_tutorial to None, run_after=None
[2025-09-29T16:27:46.487+0000] {processor.py:183} INFO - Processing /home/airflow/.local/lib/python3.12/site-packages/airflow/example_dags/example_params_ui_tutorial.py took 0.326 seconds
[2025-09-29T16:28:16.751+0000] {processor.py:161} INFO - Started process (PID=28339) to work on /home/airflow/.local/lib/python3.12/site-packages/airflow/example_dags/example_params_ui_tutorial.py
[2025-09-29T16:28:16.754+0000] {processor.py:830} INFO - Processing file /home/airflow/.local/lib/python3.12/site-packages/airflow/example_dags/example_params_ui_tutorial.py for tasks to queue
[2025-09-29T16:28:16.756+0000] {logging_mixin.py:188} INFO - [2025-09-29T16:28:16.756+0000] {dagbag.py:545} INFO - Filling up the DagBag from /home/airflow/.local/lib/python3.12/site-packages/airflow/example_dags/example_params_ui_tutorial.py
[2025-09-29T16:28:16.778+0000] {processor.py:840} INFO - DAG(s) 'example_params_ui_tutorial' retrieved from /home/airflow/.local/lib/python3.12/site-packages/airflow/example_dags/example_params_ui_tutorial.py
[2025-09-29T16:28:16.913+0000] {logging_mixin.py:188} INFO - [2025-09-29T16:28:16.912+0000] {dag.py:3089} INFO - Sync 1 DAGs
[2025-09-29T16:28:16.944+0000] {logging_mixin.py:188} INFO - [2025-09-29T16:28:16.943+0000] {dag.py:3947} INFO - Setting next_dagrun for example_params_ui_tutorial to None, run_after=None
[2025-09-29T16:28:16.995+0000] {processor.py:183} INFO - Processing /home/airflow/.local/lib/python3.12/site-packages/airflow/example_dags/example_params_ui_tutorial.py took 0.259 seconds
[2025-09-29T16:28:47.735+0000] {processor.py:161} INFO - Started process (PID=28600) to work on /home/airflow/.local/lib/python3.12/site-packages/airflow/example_dags/example_params_ui_tutorial.py
[2025-09-29T16:28:47.738+0000] {processor.py:830} INFO - Processing file /home/airflow/.local/lib/python3.12/site-packages/airflow/example_dags/example_params_ui_tutorial.py for tasks to queue
[2025-09-29T16:28:47.739+0000] {logging_mixin.py:188} INFO - [2025-09-29T16:28:47.739+0000] {dagbag.py:545} INFO - Filling up the DagBag from /home/airflow/.local/lib/python3.12/site-packages/airflow/example_dags/example_params_ui_tutorial.py
[2025-09-29T16:28:47.755+0000] {processor.py:840} INFO - DAG(s) 'example_params_ui_tutorial' retrieved from /home/airflow/.local/lib/python3.12/site-packages/airflow/example_dags/example_params_ui_tutorial.py
[2025-09-29T16:28:47.934+0000] {logging_mixin.py:188} INFO - [2025-09-29T16:28:47.933+0000] {dag.py:3089} INFO - Sync 1 DAGs
[2025-09-29T16:28:47.967+0000] {logging_mixin.py:188} INFO - [2025-09-29T16:28:47.967+0000] {dag.py:3947} INFO - Setting next_dagrun for example_params_ui_tutorial to None, run_after=None
[2025-09-29T16:28:48.012+0000] {processor.py:183} INFO - Processing /home/airflow/.local/lib/python3.12/site-packages/airflow/example_dags/example_params_ui_tutorial.py took 0.292 seconds
[2025-09-29T16:29:18.748+0000] {processor.py:161} INFO - Started process (PID=28861) to work on /home/airflow/.local/lib/python3.12/site-packages/airflow/example_dags/example_params_ui_tutorial.py
[2025-09-29T16:29:18.750+0000] {processor.py:830} INFO - Processing file /home/airflow/.local/lib/python3.12/site-packages/airflow/example_dags/example_params_ui_tutorial.py for tasks to queue
[2025-09-29T16:29:18.753+0000] {logging_mixin.py:188} INFO - [2025-09-29T16:29:18.752+0000] {dagbag.py:545} INFO - Filling up the DagBag from /home/airflow/.local/lib/python3.12/site-packages/airflow/example_dags/example_params_ui_tutorial.py
[2025-09-29T16:29:18.775+0000] {processor.py:840} INFO - DAG(s) 'example_params_ui_tutorial' retrieved from /home/airflow/.local/lib/python3.12/site-packages/airflow/example_dags/example_params_ui_tutorial.py
[2025-09-29T16:29:18.910+0000] {logging_mixin.py:188} INFO - [2025-09-29T16:29:18.909+0000] {dag.py:3089} INFO - Sync 1 DAGs
[2025-09-29T16:29:18.941+0000] {logging_mixin.py:188} INFO - [2025-09-29T16:29:18.941+0000] {dag.py:3947} INFO - Setting next_dagrun for example_params_ui_tutorial to None, run_after=None
[2025-09-29T16:29:18.999+0000] {processor.py:183} INFO - Processing /home/airflow/.local/lib/python3.12/site-packages/airflow/example_dags/example_params_ui_tutorial.py took 0.266 seconds
[2025-09-29T16:29:49.738+0000] {processor.py:161} INFO - Started process (PID=29122) to work on /home/airflow/.local/lib/python3.12/site-packages/airflow/example_dags/example_params_ui_tutorial.py
[2025-09-29T16:29:49.754+0000] {processor.py:830} INFO - Processing file /home/airflow/.local/lib/python3.12/site-packages/airflow/example_dags/example_params_ui_tutorial.py for tasks to queue
[2025-09-29T16:29:49.756+0000] {logging_mixin.py:188} INFO - [2025-09-29T16:29:49.755+0000] {dagbag.py:545} INFO - Filling up the DagBag from /home/airflow/.local/lib/python3.12/site-packages/airflow/example_dags/example_params_ui_tutorial.py
[2025-09-29T16:29:49.777+0000] {processor.py:840} INFO - DAG(s) 'example_params_ui_tutorial' retrieved from /home/airflow/.local/lib/python3.12/site-packages/airflow/example_dags/example_params_ui_tutorial.py
[2025-09-29T16:29:49.932+0000] {logging_mixin.py:188} INFO - [2025-09-29T16:29:49.931+0000] {dag.py:3089} INFO - Sync 1 DAGs
[2025-09-29T16:29:49.968+0000] {logging_mixin.py:188} INFO - [2025-09-29T16:29:49.968+0000] {dag.py:3947} INFO - Setting next_dagrun for example_params_ui_tutorial to None, run_after=None
[2025-09-29T16:29:50.027+0000] {processor.py:183} INFO - Processing /home/airflow/.local/lib/python3.12/site-packages/airflow/example_dags/example_params_ui_tutorial.py took 0.307 seconds
[2025-09-29T16:30:20.468+0000] {processor.py:161} INFO - Started process (PID=29383) to work on /home/airflow/.local/lib/python3.12/site-packages/airflow/example_dags/example_params_ui_tutorial.py
[2025-09-29T16:30:20.471+0000] {processor.py:830} INFO - Processing file /home/airflow/.local/lib/python3.12/site-packages/airflow/example_dags/example_params_ui_tutorial.py for tasks to queue
[2025-09-29T16:30:20.473+0000] {logging_mixin.py:188} INFO - [2025-09-29T16:30:20.472+0000] {dagbag.py:545} INFO - Filling up the DagBag from /home/airflow/.local/lib/python3.12/site-packages/airflow/example_dags/example_params_ui_tutorial.py
[2025-09-29T16:30:20.490+0000] {processor.py:840} INFO - DAG(s) 'example_params_ui_tutorial' retrieved from /home/airflow/.local/lib/python3.12/site-packages/airflow/example_dags/example_params_ui_tutorial.py
[2025-09-29T16:30:20.696+0000] {logging_mixin.py:188} INFO - [2025-09-29T16:30:20.695+0000] {dag.py:3089} INFO - Sync 1 DAGs
[2025-09-29T16:30:20.759+0000] {logging_mixin.py:188} INFO - [2025-09-29T16:30:20.759+0000] {dag.py:3947} INFO - Setting next_dagrun for example_params_ui_tutorial to None, run_after=None
[2025-09-29T16:30:20.824+0000] {processor.py:183} INFO - Processing /home/airflow/.local/lib/python3.12/site-packages/airflow/example_dags/example_params_ui_tutorial.py took 0.372 seconds
[2025-09-29T16:30:50.998+0000] {processor.py:161} INFO - Started process (PID=29644) to work on /home/airflow/.local/lib/python3.12/site-packages/airflow/example_dags/example_params_ui_tutorial.py
[2025-09-29T16:30:51.001+0000] {processor.py:830} INFO - Processing file /home/airflow/.local/lib/python3.12/site-packages/airflow/example_dags/example_params_ui_tutorial.py for tasks to queue
[2025-09-29T16:30:51.003+0000] {logging_mixin.py:188} INFO - [2025-09-29T16:30:51.002+0000] {dagbag.py:545} INFO - Filling up the DagBag from /home/airflow/.local/lib/python3.12/site-packages/airflow/example_dags/example_params_ui_tutorial.py
[2025-09-29T16:30:51.018+0000] {processor.py:840} INFO - DAG(s) 'example_params_ui_tutorial' retrieved from /home/airflow/.local/lib/python3.12/site-packages/airflow/example_dags/example_params_ui_tutorial.py
[2025-09-29T16:30:51.151+0000] {logging_mixin.py:188} INFO - [2025-09-29T16:30:51.150+0000] {dag.py:3089} INFO - Sync 1 DAGs
[2025-09-29T16:30:51.180+0000] {logging_mixin.py:188} INFO - [2025-09-29T16:30:51.180+0000] {dag.py:3947} INFO - Setting next_dagrun for example_params_ui_tutorial to None, run_after=None
[2025-09-29T16:30:51.230+0000] {processor.py:183} INFO - Processing /home/airflow/.local/lib/python3.12/site-packages/airflow/example_dags/example_params_ui_tutorial.py took 0.246 seconds
[2025-09-29T16:31:22.142+0000] {processor.py:161} INFO - Started process (PID=29905) to work on /home/airflow/.local/lib/python3.12/site-packages/airflow/example_dags/example_params_ui_tutorial.py
[2025-09-29T16:31:22.146+0000] {processor.py:830} INFO - Processing file /home/airflow/.local/lib/python3.12/site-packages/airflow/example_dags/example_params_ui_tutorial.py for tasks to queue
[2025-09-29T16:31:22.148+0000] {logging_mixin.py:188} INFO - [2025-09-29T16:31:22.147+0000] {dagbag.py:545} INFO - Filling up the DagBag from /home/airflow/.local/lib/python3.12/site-packages/airflow/example_dags/example_params_ui_tutorial.py
[2025-09-29T16:31:22.163+0000] {processor.py:840} INFO - DAG(s) 'example_params_ui_tutorial' retrieved from /home/airflow/.local/lib/python3.12/site-packages/airflow/example_dags/example_params_ui_tutorial.py
[2025-09-29T16:31:22.292+0000] {logging_mixin.py:188} INFO - [2025-09-29T16:31:22.291+0000] {dag.py:3089} INFO - Sync 1 DAGs
[2025-09-29T16:31:22.325+0000] {logging_mixin.py:188} INFO - [2025-09-29T16:31:22.324+0000] {dag.py:3947} INFO - Setting next_dagrun for example_params_ui_tutorial to None, run_after=None
[2025-09-29T16:31:22.377+0000] {processor.py:183} INFO - Processing /home/airflow/.local/lib/python3.12/site-packages/airflow/example_dags/example_params_ui_tutorial.py took 0.254 seconds
[2025-09-29T16:31:53.180+0000] {processor.py:161} INFO - Started process (PID=30166) to work on /home/airflow/.local/lib/python3.12/site-packages/airflow/example_dags/example_params_ui_tutorial.py
[2025-09-29T16:31:53.195+0000] {processor.py:830} INFO - Processing file /home/airflow/.local/lib/python3.12/site-packages/airflow/example_dags/example_params_ui_tutorial.py for tasks to queue
[2025-09-29T16:31:53.197+0000] {logging_mixin.py:188} INFO - [2025-09-29T16:31:53.196+0000] {dagbag.py:545} INFO - Filling up the DagBag from /home/airflow/.local/lib/python3.12/site-packages/airflow/example_dags/example_params_ui_tutorial.py
[2025-09-29T16:31:53.214+0000] {processor.py:840} INFO - DAG(s) 'example_params_ui_tutorial' retrieved from /home/airflow/.local/lib/python3.12/site-packages/airflow/example_dags/example_params_ui_tutorial.py
[2025-09-29T16:31:53.337+0000] {logging_mixin.py:188} INFO - [2025-09-29T16:31:53.336+0000] {dag.py:3089} INFO - Sync 1 DAGs
[2025-09-29T16:31:53.365+0000] {logging_mixin.py:188} INFO - [2025-09-29T16:31:53.364+0000] {dag.py:3947} INFO - Setting next_dagrun for example_params_ui_tutorial to None, run_after=None
[2025-09-29T16:31:53.413+0000] {processor.py:183} INFO - Processing /home/airflow/.local/lib/python3.12/site-packages/airflow/example_dags/example_params_ui_tutorial.py took 0.248 seconds
[2025-09-29T16:32:23.910+0000] {processor.py:161} INFO - Started process (PID=30430) to work on /home/airflow/.local/lib/python3.12/site-packages/airflow/example_dags/example_params_ui_tutorial.py
[2025-09-29T16:32:23.913+0000] {processor.py:830} INFO - Processing file /home/airflow/.local/lib/python3.12/site-packages/airflow/example_dags/example_params_ui_tutorial.py for tasks to queue
[2025-09-29T16:32:23.915+0000] {logging_mixin.py:188} INFO - [2025-09-29T16:32:23.914+0000] {dagbag.py:545} INFO - Filling up the DagBag from /home/airflow/.local/lib/python3.12/site-packages/airflow/example_dags/example_params_ui_tutorial.py
[2025-09-29T16:32:23.932+0000] {processor.py:840} INFO - DAG(s) 'example_params_ui_tutorial' retrieved from /home/airflow/.local/lib/python3.12/site-packages/airflow/example_dags/example_params_ui_tutorial.py
[2025-09-29T16:32:24.073+0000] {logging_mixin.py:188} INFO - [2025-09-29T16:32:24.072+0000] {dag.py:3089} INFO - Sync 1 DAGs
[2025-09-29T16:32:24.101+0000] {logging_mixin.py:188} INFO - [2025-09-29T16:32:24.101+0000] {dag.py:3947} INFO - Setting next_dagrun for example_params_ui_tutorial to None, run_after=None
[2025-09-29T16:32:24.153+0000] {processor.py:183} INFO - Processing /home/airflow/.local/lib/python3.12/site-packages/airflow/example_dags/example_params_ui_tutorial.py took 0.260 seconds
[2025-09-29T16:32:54.467+0000] {processor.py:161} INFO - Started process (PID=30691) to work on /home/airflow/.local/lib/python3.12/site-packages/airflow/example_dags/example_params_ui_tutorial.py
[2025-09-29T16:32:54.469+0000] {processor.py:830} INFO - Processing file /home/airflow/.local/lib/python3.12/site-packages/airflow/example_dags/example_params_ui_tutorial.py for tasks to queue
[2025-09-29T16:32:54.472+0000] {logging_mixin.py:188} INFO - [2025-09-29T16:32:54.471+0000] {dagbag.py:545} INFO - Filling up the DagBag from /home/airflow/.local/lib/python3.12/site-packages/airflow/example_dags/example_params_ui_tutorial.py
[2025-09-29T16:32:54.488+0000] {processor.py:840} INFO - DAG(s) 'example_params_ui_tutorial' retrieved from /home/airflow/.local/lib/python3.12/site-packages/airflow/example_dags/example_params_ui_tutorial.py
[2025-09-29T16:32:54.612+0000] {logging_mixin.py:188} INFO - [2025-09-29T16:32:54.611+0000] {dag.py:3089} INFO - Sync 1 DAGs
[2025-09-29T16:32:54.641+0000] {logging_mixin.py:188} INFO - [2025-09-29T16:32:54.640+0000] {dag.py:3947} INFO - Setting next_dagrun for example_params_ui_tutorial to None, run_after=None
[2025-09-29T16:32:54.690+0000] {processor.py:183} INFO - Processing /home/airflow/.local/lib/python3.12/site-packages/airflow/example_dags/example_params_ui_tutorial.py took 0.239 seconds
[2025-09-29T16:33:24.777+0000] {processor.py:161} INFO - Started process (PID=30954) to work on /home/airflow/.local/lib/python3.12/site-packages/airflow/example_dags/example_params_ui_tutorial.py
[2025-09-29T16:33:24.780+0000] {processor.py:830} INFO - Processing file /home/airflow/.local/lib/python3.12/site-packages/airflow/example_dags/example_params_ui_tutorial.py for tasks to queue
[2025-09-29T16:33:24.782+0000] {logging_mixin.py:188} INFO - [2025-09-29T16:33:24.781+0000] {dagbag.py:545} INFO - Filling up the DagBag from /home/airflow/.local/lib/python3.12/site-packages/airflow/example_dags/example_params_ui_tutorial.py
[2025-09-29T16:33:24.799+0000] {processor.py:840} INFO - DAG(s) 'example_params_ui_tutorial' retrieved from /home/airflow/.local/lib/python3.12/site-packages/airflow/example_dags/example_params_ui_tutorial.py
[2025-09-29T16:33:24.930+0000] {logging_mixin.py:188} INFO - [2025-09-29T16:33:24.929+0000] {dag.py:3089} INFO - Sync 1 DAGs
[2025-09-29T16:33:24.961+0000] {logging_mixin.py:188} INFO - [2025-09-29T16:33:24.960+0000] {dag.py:3947} INFO - Setting next_dagrun for example_params_ui_tutorial to None, run_after=None
[2025-09-29T16:33:25.014+0000] {processor.py:183} INFO - Processing /home/airflow/.local/lib/python3.12/site-packages/airflow/example_dags/example_params_ui_tutorial.py took 0.253 seconds
[2025-09-29T16:33:55.896+0000] {processor.py:161} INFO - Started process (PID=31213) to work on /home/airflow/.local/lib/python3.12/site-packages/airflow/example_dags/example_params_ui_tutorial.py
[2025-09-29T16:33:55.899+0000] {processor.py:830} INFO - Processing file /home/airflow/.local/lib/python3.12/site-packages/airflow/example_dags/example_params_ui_tutorial.py for tasks to queue
[2025-09-29T16:33:55.901+0000] {logging_mixin.py:188} INFO - [2025-09-29T16:33:55.900+0000] {dagbag.py:545} INFO - Filling up the DagBag from /home/airflow/.local/lib/python3.12/site-packages/airflow/example_dags/example_params_ui_tutorial.py
[2025-09-29T16:33:55.921+0000] {processor.py:840} INFO - DAG(s) 'example_params_ui_tutorial' retrieved from /home/airflow/.local/lib/python3.12/site-packages/airflow/example_dags/example_params_ui_tutorial.py
[2025-09-29T16:33:56.053+0000] {logging_mixin.py:188} INFO - [2025-09-29T16:33:56.052+0000] {dag.py:3089} INFO - Sync 1 DAGs
[2025-09-29T16:33:56.082+0000] {logging_mixin.py:188} INFO - [2025-09-29T16:33:56.082+0000] {dag.py:3947} INFO - Setting next_dagrun for example_params_ui_tutorial to None, run_after=None
[2025-09-29T16:33:56.133+0000] {processor.py:183} INFO - Processing /home/airflow/.local/lib/python3.12/site-packages/airflow/example_dags/example_params_ui_tutorial.py took 0.253 seconds
[2025-09-29T16:34:27.611+0000] {processor.py:161} INFO - Started process (PID=31474) to work on /home/airflow/.local/lib/python3.12/site-packages/airflow/example_dags/example_params_ui_tutorial.py
[2025-09-29T16:34:27.614+0000] {processor.py:830} INFO - Processing file /home/airflow/.local/lib/python3.12/site-packages/airflow/example_dags/example_params_ui_tutorial.py for tasks to queue
[2025-09-29T16:34:27.617+0000] {logging_mixin.py:188} INFO - [2025-09-29T16:34:27.616+0000] {dagbag.py:545} INFO - Filling up the DagBag from /home/airflow/.local/lib/python3.12/site-packages/airflow/example_dags/example_params_ui_tutorial.py
[2025-09-29T16:34:27.637+0000] {processor.py:840} INFO - DAG(s) 'example_params_ui_tutorial' retrieved from /home/airflow/.local/lib/python3.12/site-packages/airflow/example_dags/example_params_ui_tutorial.py
[2025-09-29T16:34:27.790+0000] {logging_mixin.py:188} INFO - [2025-09-29T16:34:27.789+0000] {dag.py:3089} INFO - Sync 1 DAGs
[2025-09-29T16:34:27.842+0000] {logging_mixin.py:188} INFO - [2025-09-29T16:34:27.841+0000] {dag.py:3947} INFO - Setting next_dagrun for example_params_ui_tutorial to None, run_after=None
[2025-09-29T16:34:27.913+0000] {processor.py:183} INFO - Processing /home/airflow/.local/lib/python3.12/site-packages/airflow/example_dags/example_params_ui_tutorial.py took 0.322 seconds
[2025-09-29T16:47:34.647+0000] {processor.py:161} INFO - Started process (PID=352) to work on /home/airflow/.local/lib/python3.12/site-packages/airflow/example_dags/example_params_ui_tutorial.py
[2025-09-29T16:47:34.650+0000] {processor.py:830} INFO - Processing file /home/airflow/.local/lib/python3.12/site-packages/airflow/example_dags/example_params_ui_tutorial.py for tasks to queue
[2025-09-29T16:47:34.654+0000] {logging_mixin.py:188} INFO - [2025-09-29T16:47:34.653+0000] {dagbag.py:545} INFO - Filling up the DagBag from /home/airflow/.local/lib/python3.12/site-packages/airflow/example_dags/example_params_ui_tutorial.py
[2025-09-29T16:47:34.678+0000] {processor.py:840} INFO - DAG(s) 'example_params_ui_tutorial' retrieved from /home/airflow/.local/lib/python3.12/site-packages/airflow/example_dags/example_params_ui_tutorial.py
[2025-09-29T16:47:34.719+0000] {logging_mixin.py:188} INFO - [2025-09-29T16:47:34.718+0000] {dag.py:3089} INFO - Sync 1 DAGs
[2025-09-29T16:47:34.757+0000] {logging_mixin.py:188} INFO - [2025-09-29T16:47:34.757+0000] {dag.py:3947} INFO - Setting next_dagrun for example_params_ui_tutorial to None, run_after=None
[2025-09-29T16:47:34.809+0000] {processor.py:183} INFO - Processing /home/airflow/.local/lib/python3.12/site-packages/airflow/example_dags/example_params_ui_tutorial.py took 0.179 seconds
[2025-09-29T16:48:12.400+0000] {processor.py:161} INFO - Started process (PID=626) to work on /home/airflow/.local/lib/python3.12/site-packages/airflow/example_dags/example_params_ui_tutorial.py
[2025-09-29T16:48:12.404+0000] {processor.py:830} INFO - Processing file /home/airflow/.local/lib/python3.12/site-packages/airflow/example_dags/example_params_ui_tutorial.py for tasks to queue
[2025-09-29T16:48:12.408+0000] {logging_mixin.py:188} INFO - [2025-09-29T16:48:12.407+0000] {dagbag.py:545} INFO - Filling up the DagBag from /home/airflow/.local/lib/python3.12/site-packages/airflow/example_dags/example_params_ui_tutorial.py
[2025-09-29T16:48:12.428+0000] {processor.py:840} INFO - DAG(s) 'example_params_ui_tutorial' retrieved from /home/airflow/.local/lib/python3.12/site-packages/airflow/example_dags/example_params_ui_tutorial.py
[2025-09-29T16:48:12.795+0000] {logging_mixin.py:188} INFO - [2025-09-29T16:48:12.795+0000] {dag.py:3089} INFO - Sync 1 DAGs
[2025-09-29T16:48:12.896+0000] {logging_mixin.py:188} INFO - [2025-09-29T16:48:12.895+0000] {dag.py:3947} INFO - Setting next_dagrun for example_params_ui_tutorial to None, run_after=None
[2025-09-29T16:48:12.982+0000] {processor.py:183} INFO - Processing /home/airflow/.local/lib/python3.12/site-packages/airflow/example_dags/example_params_ui_tutorial.py took 0.598 seconds
[2025-09-29T16:48:43.386+0000] {processor.py:161} INFO - Started process (PID=896) to work on /home/airflow/.local/lib/python3.12/site-packages/airflow/example_dags/example_params_ui_tutorial.py
[2025-09-29T16:48:43.389+0000] {processor.py:830} INFO - Processing file /home/airflow/.local/lib/python3.12/site-packages/airflow/example_dags/example_params_ui_tutorial.py for tasks to queue
[2025-09-29T16:48:43.394+0000] {logging_mixin.py:188} INFO - [2025-09-29T16:48:43.393+0000] {dagbag.py:545} INFO - Filling up the DagBag from /home/airflow/.local/lib/python3.12/site-packages/airflow/example_dags/example_params_ui_tutorial.py
[2025-09-29T16:48:43.412+0000] {processor.py:840} INFO - DAG(s) 'example_params_ui_tutorial' retrieved from /home/airflow/.local/lib/python3.12/site-packages/airflow/example_dags/example_params_ui_tutorial.py
[2025-09-29T16:48:43.542+0000] {logging_mixin.py:188} INFO - [2025-09-29T16:48:43.542+0000] {dag.py:3089} INFO - Sync 1 DAGs
[2025-09-29T16:48:43.579+0000] {logging_mixin.py:188} INFO - [2025-09-29T16:48:43.578+0000] {dag.py:3947} INFO - Setting next_dagrun for example_params_ui_tutorial to None, run_after=None
[2025-09-29T16:48:43.627+0000] {processor.py:183} INFO - Processing /home/airflow/.local/lib/python3.12/site-packages/airflow/example_dags/example_params_ui_tutorial.py took 0.258 seconds
[2025-09-29T16:55:37.642+0000] {processor.py:161} INFO - Started process (PID=372) to work on /home/airflow/.local/lib/python3.12/site-packages/airflow/example_dags/example_params_ui_tutorial.py
[2025-09-29T16:55:37.645+0000] {processor.py:830} INFO - Processing file /home/airflow/.local/lib/python3.12/site-packages/airflow/example_dags/example_params_ui_tutorial.py for tasks to queue
[2025-09-29T16:55:37.649+0000] {logging_mixin.py:188} INFO - [2025-09-29T16:55:37.648+0000] {dagbag.py:545} INFO - Filling up the DagBag from /home/airflow/.local/lib/python3.12/site-packages/airflow/example_dags/example_params_ui_tutorial.py
[2025-09-29T16:55:37.671+0000] {processor.py:840} INFO - DAG(s) 'example_params_ui_tutorial' retrieved from /home/airflow/.local/lib/python3.12/site-packages/airflow/example_dags/example_params_ui_tutorial.py
[2025-09-29T16:55:37.707+0000] {logging_mixin.py:188} INFO - [2025-09-29T16:55:37.707+0000] {dag.py:3089} INFO - Sync 1 DAGs
[2025-09-29T16:55:37.743+0000] {logging_mixin.py:188} INFO - [2025-09-29T16:55:37.742+0000] {dag.py:3947} INFO - Setting next_dagrun for example_params_ui_tutorial to None, run_after=None
[2025-09-29T16:55:37.794+0000] {processor.py:183} INFO - Processing /home/airflow/.local/lib/python3.12/site-packages/airflow/example_dags/example_params_ui_tutorial.py took 0.166 seconds
[2025-09-29T16:56:16.790+0000] {processor.py:161} INFO - Started process (PID=652) to work on /home/airflow/.local/lib/python3.12/site-packages/airflow/example_dags/example_params_ui_tutorial.py
[2025-09-29T16:56:16.792+0000] {processor.py:830} INFO - Processing file /home/airflow/.local/lib/python3.12/site-packages/airflow/example_dags/example_params_ui_tutorial.py for tasks to queue
[2025-09-29T16:56:16.797+0000] {logging_mixin.py:188} INFO - [2025-09-29T16:56:16.796+0000] {dagbag.py:545} INFO - Filling up the DagBag from /home/airflow/.local/lib/python3.12/site-packages/airflow/example_dags/example_params_ui_tutorial.py
[2025-09-29T16:56:16.814+0000] {processor.py:840} INFO - DAG(s) 'example_params_ui_tutorial' retrieved from /home/airflow/.local/lib/python3.12/site-packages/airflow/example_dags/example_params_ui_tutorial.py
[2025-09-29T16:56:17.204+0000] {logging_mixin.py:188} INFO - [2025-09-29T16:56:17.203+0000] {dag.py:3089} INFO - Sync 1 DAGs
[2025-09-29T16:56:17.230+0000] {logging_mixin.py:188} INFO - [2025-09-29T16:56:17.229+0000] {dag.py:3947} INFO - Setting next_dagrun for example_params_ui_tutorial to None, run_after=None
[2025-09-29T16:56:17.314+0000] {processor.py:183} INFO - Processing /home/airflow/.local/lib/python3.12/site-packages/airflow/example_dags/example_params_ui_tutorial.py took 0.540 seconds
[2025-09-29T16:56:47.794+0000] {processor.py:161} INFO - Started process (PID=918) to work on /home/airflow/.local/lib/python3.12/site-packages/airflow/example_dags/example_params_ui_tutorial.py
[2025-09-29T16:56:47.824+0000] {processor.py:830} INFO - Processing file /home/airflow/.local/lib/python3.12/site-packages/airflow/example_dags/example_params_ui_tutorial.py for tasks to queue
[2025-09-29T16:56:47.829+0000] {logging_mixin.py:188} INFO - [2025-09-29T16:56:47.828+0000] {dagbag.py:545} INFO - Filling up the DagBag from /home/airflow/.local/lib/python3.12/site-packages/airflow/example_dags/example_params_ui_tutorial.py
[2025-09-29T16:56:47.946+0000] {processor.py:840} INFO - DAG(s) 'example_params_ui_tutorial' retrieved from /home/airflow/.local/lib/python3.12/site-packages/airflow/example_dags/example_params_ui_tutorial.py
[2025-09-29T16:56:48.079+0000] {logging_mixin.py:188} INFO - [2025-09-29T16:56:48.078+0000] {dag.py:3089} INFO - Sync 1 DAGs
[2025-09-29T16:56:48.114+0000] {logging_mixin.py:188} INFO - [2025-09-29T16:56:48.113+0000] {dag.py:3947} INFO - Setting next_dagrun for example_params_ui_tutorial to None, run_after=None
[2025-09-29T16:56:48.424+0000] {processor.py:183} INFO - Processing /home/airflow/.local/lib/python3.12/site-packages/airflow/example_dags/example_params_ui_tutorial.py took 0.648 seconds
[2025-09-29T16:57:22.317+0000] {processor.py:161} INFO - Started process (PID=1186) to work on /home/airflow/.local/lib/python3.12/site-packages/airflow/example_dags/example_params_ui_tutorial.py
[2025-09-29T16:57:22.321+0000] {processor.py:830} INFO - Processing file /home/airflow/.local/lib/python3.12/site-packages/airflow/example_dags/example_params_ui_tutorial.py for tasks to queue
[2025-09-29T16:57:22.325+0000] {logging_mixin.py:188} INFO - [2025-09-29T16:57:22.324+0000] {dagbag.py:545} INFO - Filling up the DagBag from /home/airflow/.local/lib/python3.12/site-packages/airflow/example_dags/example_params_ui_tutorial.py
[2025-09-29T16:57:22.346+0000] {processor.py:840} INFO - DAG(s) 'example_params_ui_tutorial' retrieved from /home/airflow/.local/lib/python3.12/site-packages/airflow/example_dags/example_params_ui_tutorial.py
[2025-09-29T16:57:22.506+0000] {logging_mixin.py:188} INFO - [2025-09-29T16:57:22.505+0000] {dag.py:3089} INFO - Sync 1 DAGs
[2025-09-29T16:57:22.546+0000] {logging_mixin.py:188} INFO - [2025-09-29T16:57:22.545+0000] {dag.py:3947} INFO - Setting next_dagrun for example_params_ui_tutorial to None, run_after=None
[2025-09-29T16:57:22.604+0000] {processor.py:183} INFO - Processing /home/airflow/.local/lib/python3.12/site-packages/airflow/example_dags/example_params_ui_tutorial.py took 0.305 seconds
[2025-09-29T16:57:53.945+0000] {processor.py:161} INFO - Started process (PID=1451) to work on /home/airflow/.local/lib/python3.12/site-packages/airflow/example_dags/example_params_ui_tutorial.py
[2025-09-29T16:57:53.948+0000] {processor.py:830} INFO - Processing file /home/airflow/.local/lib/python3.12/site-packages/airflow/example_dags/example_params_ui_tutorial.py for tasks to queue
[2025-09-29T16:57:53.955+0000] {logging_mixin.py:188} INFO - [2025-09-29T16:57:53.954+0000] {dagbag.py:545} INFO - Filling up the DagBag from /home/airflow/.local/lib/python3.12/site-packages/airflow/example_dags/example_params_ui_tutorial.py
[2025-09-29T16:57:53.976+0000] {processor.py:840} INFO - DAG(s) 'example_params_ui_tutorial' retrieved from /home/airflow/.local/lib/python3.12/site-packages/airflow/example_dags/example_params_ui_tutorial.py
[2025-09-29T16:57:54.110+0000] {logging_mixin.py:188} INFO - [2025-09-29T16:57:54.109+0000] {dag.py:3089} INFO - Sync 1 DAGs
[2025-09-29T16:57:54.146+0000] {logging_mixin.py:188} INFO - [2025-09-29T16:57:54.146+0000] {dag.py:3947} INFO - Setting next_dagrun for example_params_ui_tutorial to None, run_after=None
[2025-09-29T16:57:54.222+0000] {processor.py:183} INFO - Processing /home/airflow/.local/lib/python3.12/site-packages/airflow/example_dags/example_params_ui_tutorial.py took 0.294 seconds
[2025-09-29T16:58:24.760+0000] {processor.py:161} INFO - Started process (PID=1713) to work on /home/airflow/.local/lib/python3.12/site-packages/airflow/example_dags/example_params_ui_tutorial.py
[2025-09-29T16:58:24.763+0000] {processor.py:830} INFO - Processing file /home/airflow/.local/lib/python3.12/site-packages/airflow/example_dags/example_params_ui_tutorial.py for tasks to queue
[2025-09-29T16:58:24.768+0000] {logging_mixin.py:188} INFO - [2025-09-29T16:58:24.767+0000] {dagbag.py:545} INFO - Filling up the DagBag from /home/airflow/.local/lib/python3.12/site-packages/airflow/example_dags/example_params_ui_tutorial.py
[2025-09-29T16:58:24.785+0000] {processor.py:840} INFO - DAG(s) 'example_params_ui_tutorial' retrieved from /home/airflow/.local/lib/python3.12/site-packages/airflow/example_dags/example_params_ui_tutorial.py
[2025-09-29T16:58:24.929+0000] {logging_mixin.py:188} INFO - [2025-09-29T16:58:24.929+0000] {dag.py:3089} INFO - Sync 1 DAGs
[2025-09-29T16:58:24.965+0000] {logging_mixin.py:188} INFO - [2025-09-29T16:58:24.964+0000] {dag.py:3947} INFO - Setting next_dagrun for example_params_ui_tutorial to None, run_after=None
[2025-09-29T16:58:25.020+0000] {processor.py:183} INFO - Processing /home/airflow/.local/lib/python3.12/site-packages/airflow/example_dags/example_params_ui_tutorial.py took 0.278 seconds
[2025-09-29T16:58:55.866+0000] {processor.py:161} INFO - Started process (PID=1975) to work on /home/airflow/.local/lib/python3.12/site-packages/airflow/example_dags/example_params_ui_tutorial.py
[2025-09-29T16:58:55.869+0000] {processor.py:830} INFO - Processing file /home/airflow/.local/lib/python3.12/site-packages/airflow/example_dags/example_params_ui_tutorial.py for tasks to queue
[2025-09-29T16:58:55.873+0000] {logging_mixin.py:188} INFO - [2025-09-29T16:58:55.872+0000] {dagbag.py:545} INFO - Filling up the DagBag from /home/airflow/.local/lib/python3.12/site-packages/airflow/example_dags/example_params_ui_tutorial.py
[2025-09-29T16:58:55.902+0000] {processor.py:840} INFO - DAG(s) 'example_params_ui_tutorial' retrieved from /home/airflow/.local/lib/python3.12/site-packages/airflow/example_dags/example_params_ui_tutorial.py
[2025-09-29T16:58:56.098+0000] {logging_mixin.py:188} INFO - [2025-09-29T16:58:56.097+0000] {dag.py:3089} INFO - Sync 1 DAGs
[2025-09-29T16:58:56.129+0000] {logging_mixin.py:188} INFO - [2025-09-29T16:58:56.129+0000] {dag.py:3947} INFO - Setting next_dagrun for example_params_ui_tutorial to None, run_after=None
[2025-09-29T16:58:56.179+0000] {processor.py:183} INFO - Processing /home/airflow/.local/lib/python3.12/site-packages/airflow/example_dags/example_params_ui_tutorial.py took 0.327 seconds
[2025-09-29T16:59:26.851+0000] {processor.py:161} INFO - Started process (PID=2237) to work on /home/airflow/.local/lib/python3.12/site-packages/airflow/example_dags/example_params_ui_tutorial.py
[2025-09-29T16:59:26.854+0000] {processor.py:830} INFO - Processing file /home/airflow/.local/lib/python3.12/site-packages/airflow/example_dags/example_params_ui_tutorial.py for tasks to queue
[2025-09-29T16:59:26.859+0000] {logging_mixin.py:188} INFO - [2025-09-29T16:59:26.858+0000] {dagbag.py:545} INFO - Filling up the DagBag from /home/airflow/.local/lib/python3.12/site-packages/airflow/example_dags/example_params_ui_tutorial.py
[2025-09-29T16:59:26.875+0000] {processor.py:840} INFO - DAG(s) 'example_params_ui_tutorial' retrieved from /home/airflow/.local/lib/python3.12/site-packages/airflow/example_dags/example_params_ui_tutorial.py
[2025-09-29T16:59:27.002+0000] {logging_mixin.py:188} INFO - [2025-09-29T16:59:27.001+0000] {dag.py:3089} INFO - Sync 1 DAGs
[2025-09-29T16:59:27.041+0000] {logging_mixin.py:188} INFO - [2025-09-29T16:59:27.040+0000] {dag.py:3947} INFO - Setting next_dagrun for example_params_ui_tutorial to None, run_after=None
[2025-09-29T16:59:27.095+0000] {processor.py:183} INFO - Processing /home/airflow/.local/lib/python3.12/site-packages/airflow/example_dags/example_params_ui_tutorial.py took 0.258 seconds
[2025-09-29T16:59:57.376+0000] {processor.py:161} INFO - Started process (PID=2495) to work on /home/airflow/.local/lib/python3.12/site-packages/airflow/example_dags/example_params_ui_tutorial.py
[2025-09-29T16:59:57.379+0000] {processor.py:830} INFO - Processing file /home/airflow/.local/lib/python3.12/site-packages/airflow/example_dags/example_params_ui_tutorial.py for tasks to queue
[2025-09-29T16:59:57.383+0000] {logging_mixin.py:188} INFO - [2025-09-29T16:59:57.383+0000] {dagbag.py:545} INFO - Filling up the DagBag from /home/airflow/.local/lib/python3.12/site-packages/airflow/example_dags/example_params_ui_tutorial.py
[2025-09-29T16:59:57.400+0000] {processor.py:840} INFO - DAG(s) 'example_params_ui_tutorial' retrieved from /home/airflow/.local/lib/python3.12/site-packages/airflow/example_dags/example_params_ui_tutorial.py
[2025-09-29T16:59:57.522+0000] {logging_mixin.py:188} INFO - [2025-09-29T16:59:57.521+0000] {dag.py:3089} INFO - Sync 1 DAGs
[2025-09-29T16:59:57.552+0000] {logging_mixin.py:188} INFO - [2025-09-29T16:59:57.551+0000] {dag.py:3947} INFO - Setting next_dagrun for example_params_ui_tutorial to None, run_after=None
[2025-09-29T16:59:57.603+0000] {processor.py:183} INFO - Processing /home/airflow/.local/lib/python3.12/site-packages/airflow/example_dags/example_params_ui_tutorial.py took 0.240 seconds
[2025-09-29T17:00:28.678+0000] {processor.py:161} INFO - Started process (PID=2757) to work on /home/airflow/.local/lib/python3.12/site-packages/airflow/example_dags/example_params_ui_tutorial.py
[2025-09-29T17:00:28.681+0000] {processor.py:830} INFO - Processing file /home/airflow/.local/lib/python3.12/site-packages/airflow/example_dags/example_params_ui_tutorial.py for tasks to queue
[2025-09-29T17:00:28.686+0000] {logging_mixin.py:188} INFO - [2025-09-29T17:00:28.685+0000] {dagbag.py:545} INFO - Filling up the DagBag from /home/airflow/.local/lib/python3.12/site-packages/airflow/example_dags/example_params_ui_tutorial.py
[2025-09-29T17:00:28.704+0000] {processor.py:840} INFO - DAG(s) 'example_params_ui_tutorial' retrieved from /home/airflow/.local/lib/python3.12/site-packages/airflow/example_dags/example_params_ui_tutorial.py
[2025-09-29T17:00:28.833+0000] {logging_mixin.py:188} INFO - [2025-09-29T17:00:28.833+0000] {dag.py:3089} INFO - Sync 1 DAGs
[2025-09-29T17:00:28.865+0000] {logging_mixin.py:188} INFO - [2025-09-29T17:00:28.864+0000] {dag.py:3947} INFO - Setting next_dagrun for example_params_ui_tutorial to None, run_after=None
[2025-09-29T17:00:28.935+0000] {processor.py:183} INFO - Processing /home/airflow/.local/lib/python3.12/site-packages/airflow/example_dags/example_params_ui_tutorial.py took 0.273 seconds
[2025-09-29T17:00:59.104+0000] {processor.py:161} INFO - Started process (PID=3019) to work on /home/airflow/.local/lib/python3.12/site-packages/airflow/example_dags/example_params_ui_tutorial.py
[2025-09-29T17:00:59.107+0000] {processor.py:830} INFO - Processing file /home/airflow/.local/lib/python3.12/site-packages/airflow/example_dags/example_params_ui_tutorial.py for tasks to queue
[2025-09-29T17:00:59.111+0000] {logging_mixin.py:188} INFO - [2025-09-29T17:00:59.110+0000] {dagbag.py:545} INFO - Filling up the DagBag from /home/airflow/.local/lib/python3.12/site-packages/airflow/example_dags/example_params_ui_tutorial.py
[2025-09-29T17:00:59.128+0000] {processor.py:840} INFO - DAG(s) 'example_params_ui_tutorial' retrieved from /home/airflow/.local/lib/python3.12/site-packages/airflow/example_dags/example_params_ui_tutorial.py
[2025-09-29T17:00:59.250+0000] {logging_mixin.py:188} INFO - [2025-09-29T17:00:59.249+0000] {dag.py:3089} INFO - Sync 1 DAGs
[2025-09-29T17:00:59.279+0000] {logging_mixin.py:188} INFO - [2025-09-29T17:00:59.279+0000] {dag.py:3947} INFO - Setting next_dagrun for example_params_ui_tutorial to None, run_after=None
[2025-09-29T17:00:59.334+0000] {processor.py:183} INFO - Processing /home/airflow/.local/lib/python3.12/site-packages/airflow/example_dags/example_params_ui_tutorial.py took 0.245 seconds
[2025-09-29T17:01:29.625+0000] {processor.py:161} INFO - Started process (PID=3281) to work on /home/airflow/.local/lib/python3.12/site-packages/airflow/example_dags/example_params_ui_tutorial.py
[2025-09-29T17:01:29.642+0000] {processor.py:830} INFO - Processing file /home/airflow/.local/lib/python3.12/site-packages/airflow/example_dags/example_params_ui_tutorial.py for tasks to queue
[2025-09-29T17:01:29.647+0000] {logging_mixin.py:188} INFO - [2025-09-29T17:01:29.646+0000] {dagbag.py:545} INFO - Filling up the DagBag from /home/airflow/.local/lib/python3.12/site-packages/airflow/example_dags/example_params_ui_tutorial.py
[2025-09-29T17:01:29.668+0000] {processor.py:840} INFO - DAG(s) 'example_params_ui_tutorial' retrieved from /home/airflow/.local/lib/python3.12/site-packages/airflow/example_dags/example_params_ui_tutorial.py
[2025-09-29T17:01:29.811+0000] {logging_mixin.py:188} INFO - [2025-09-29T17:01:29.810+0000] {dag.py:3089} INFO - Sync 1 DAGs
[2025-09-29T17:01:29.843+0000] {logging_mixin.py:188} INFO - [2025-09-29T17:01:29.842+0000] {dag.py:3947} INFO - Setting next_dagrun for example_params_ui_tutorial to None, run_after=None
[2025-09-29T17:01:29.893+0000] {processor.py:183} INFO - Processing /home/airflow/.local/lib/python3.12/site-packages/airflow/example_dags/example_params_ui_tutorial.py took 0.284 seconds
[2025-09-29T17:02:00.234+0000] {processor.py:161} INFO - Started process (PID=3543) to work on /home/airflow/.local/lib/python3.12/site-packages/airflow/example_dags/example_params_ui_tutorial.py
[2025-09-29T17:02:00.237+0000] {processor.py:830} INFO - Processing file /home/airflow/.local/lib/python3.12/site-packages/airflow/example_dags/example_params_ui_tutorial.py for tasks to queue
[2025-09-29T17:02:00.242+0000] {logging_mixin.py:188} INFO - [2025-09-29T17:02:00.241+0000] {dagbag.py:545} INFO - Filling up the DagBag from /home/airflow/.local/lib/python3.12/site-packages/airflow/example_dags/example_params_ui_tutorial.py
[2025-09-29T17:02:00.266+0000] {processor.py:840} INFO - DAG(s) 'example_params_ui_tutorial' retrieved from /home/airflow/.local/lib/python3.12/site-packages/airflow/example_dags/example_params_ui_tutorial.py
[2025-09-29T17:02:00.429+0000] {logging_mixin.py:188} INFO - [2025-09-29T17:02:00.429+0000] {dag.py:3089} INFO - Sync 1 DAGs
[2025-09-29T17:02:00.482+0000] {logging_mixin.py:188} INFO - [2025-09-29T17:02:00.481+0000] {dag.py:3947} INFO - Setting next_dagrun for example_params_ui_tutorial to None, run_after=None
[2025-09-29T17:02:00.562+0000] {processor.py:183} INFO - Processing /home/airflow/.local/lib/python3.12/site-packages/airflow/example_dags/example_params_ui_tutorial.py took 0.348 seconds
[2025-09-29T17:02:30.857+0000] {processor.py:161} INFO - Started process (PID=3810) to work on /home/airflow/.local/lib/python3.12/site-packages/airflow/example_dags/example_params_ui_tutorial.py
[2025-09-29T17:02:30.860+0000] {processor.py:830} INFO - Processing file /home/airflow/.local/lib/python3.12/site-packages/airflow/example_dags/example_params_ui_tutorial.py for tasks to queue
[2025-09-29T17:02:30.864+0000] {logging_mixin.py:188} INFO - [2025-09-29T17:02:30.863+0000] {dagbag.py:545} INFO - Filling up the DagBag from /home/airflow/.local/lib/python3.12/site-packages/airflow/example_dags/example_params_ui_tutorial.py
[2025-09-29T17:02:30.883+0000] {processor.py:840} INFO - DAG(s) 'example_params_ui_tutorial' retrieved from /home/airflow/.local/lib/python3.12/site-packages/airflow/example_dags/example_params_ui_tutorial.py
[2025-09-29T17:02:31.030+0000] {logging_mixin.py:188} INFO - [2025-09-29T17:02:31.029+0000] {dag.py:3089} INFO - Sync 1 DAGs
[2025-09-29T17:02:31.081+0000] {logging_mixin.py:188} INFO - [2025-09-29T17:02:31.081+0000] {dag.py:3947} INFO - Setting next_dagrun for example_params_ui_tutorial to None, run_after=None
[2025-09-29T17:02:31.134+0000] {processor.py:183} INFO - Processing /home/airflow/.local/lib/python3.12/site-packages/airflow/example_dags/example_params_ui_tutorial.py took 0.293 seconds
[2025-09-29T17:03:01.269+0000] {processor.py:161} INFO - Started process (PID=4072) to work on /home/airflow/.local/lib/python3.12/site-packages/airflow/example_dags/example_params_ui_tutorial.py
[2025-09-29T17:03:01.272+0000] {processor.py:830} INFO - Processing file /home/airflow/.local/lib/python3.12/site-packages/airflow/example_dags/example_params_ui_tutorial.py for tasks to queue
[2025-09-29T17:03:01.277+0000] {logging_mixin.py:188} INFO - [2025-09-29T17:03:01.276+0000] {dagbag.py:545} INFO - Filling up the DagBag from /home/airflow/.local/lib/python3.12/site-packages/airflow/example_dags/example_params_ui_tutorial.py
[2025-09-29T17:03:01.295+0000] {processor.py:840} INFO - DAG(s) 'example_params_ui_tutorial' retrieved from /home/airflow/.local/lib/python3.12/site-packages/airflow/example_dags/example_params_ui_tutorial.py
[2025-09-29T17:03:01.422+0000] {logging_mixin.py:188} INFO - [2025-09-29T17:03:01.421+0000] {dag.py:3089} INFO - Sync 1 DAGs
[2025-09-29T17:03:01.460+0000] {logging_mixin.py:188} INFO - [2025-09-29T17:03:01.460+0000] {dag.py:3947} INFO - Setting next_dagrun for example_params_ui_tutorial to None, run_after=None
[2025-09-29T17:03:01.513+0000] {processor.py:183} INFO - Processing /home/airflow/.local/lib/python3.12/site-packages/airflow/example_dags/example_params_ui_tutorial.py took 0.259 seconds
[2025-09-29T17:03:31.717+0000] {processor.py:161} INFO - Started process (PID=4329) to work on /home/airflow/.local/lib/python3.12/site-packages/airflow/example_dags/example_params_ui_tutorial.py
[2025-09-29T17:03:31.720+0000] {processor.py:830} INFO - Processing file /home/airflow/.local/lib/python3.12/site-packages/airflow/example_dags/example_params_ui_tutorial.py for tasks to queue
[2025-09-29T17:03:31.724+0000] {logging_mixin.py:188} INFO - [2025-09-29T17:03:31.723+0000] {dagbag.py:545} INFO - Filling up the DagBag from /home/airflow/.local/lib/python3.12/site-packages/airflow/example_dags/example_params_ui_tutorial.py
[2025-09-29T17:03:31.743+0000] {processor.py:840} INFO - DAG(s) 'example_params_ui_tutorial' retrieved from /home/airflow/.local/lib/python3.12/site-packages/airflow/example_dags/example_params_ui_tutorial.py
[2025-09-29T17:03:31.873+0000] {logging_mixin.py:188} INFO - [2025-09-29T17:03:31.872+0000] {dag.py:3089} INFO - Sync 1 DAGs
[2025-09-29T17:03:31.905+0000] {logging_mixin.py:188} INFO - [2025-09-29T17:03:31.904+0000] {dag.py:3947} INFO - Setting next_dagrun for example_params_ui_tutorial to None, run_after=None
[2025-09-29T17:03:31.960+0000] {processor.py:183} INFO - Processing /home/airflow/.local/lib/python3.12/site-packages/airflow/example_dags/example_params_ui_tutorial.py took 0.259 seconds
[2025-09-29T17:04:02.070+0000] {processor.py:161} INFO - Started process (PID=4591) to work on /home/airflow/.local/lib/python3.12/site-packages/airflow/example_dags/example_params_ui_tutorial.py
[2025-09-29T17:04:02.073+0000] {processor.py:830} INFO - Processing file /home/airflow/.local/lib/python3.12/site-packages/airflow/example_dags/example_params_ui_tutorial.py for tasks to queue
[2025-09-29T17:04:02.077+0000] {logging_mixin.py:188} INFO - [2025-09-29T17:04:02.076+0000] {dagbag.py:545} INFO - Filling up the DagBag from /home/airflow/.local/lib/python3.12/site-packages/airflow/example_dags/example_params_ui_tutorial.py
[2025-09-29T17:04:02.096+0000] {processor.py:840} INFO - DAG(s) 'example_params_ui_tutorial' retrieved from /home/airflow/.local/lib/python3.12/site-packages/airflow/example_dags/example_params_ui_tutorial.py
[2025-09-29T17:04:02.221+0000] {logging_mixin.py:188} INFO - [2025-09-29T17:04:02.221+0000] {dag.py:3089} INFO - Sync 1 DAGs
[2025-09-29T17:04:02.251+0000] {logging_mixin.py:188} INFO - [2025-09-29T17:04:02.251+0000] {dag.py:3947} INFO - Setting next_dagrun for example_params_ui_tutorial to None, run_after=None
[2025-09-29T17:04:02.300+0000] {processor.py:183} INFO - Processing /home/airflow/.local/lib/python3.12/site-packages/airflow/example_dags/example_params_ui_tutorial.py took 0.244 seconds
[2025-09-29T17:04:32.536+0000] {processor.py:161} INFO - Started process (PID=4853) to work on /home/airflow/.local/lib/python3.12/site-packages/airflow/example_dags/example_params_ui_tutorial.py
[2025-09-29T17:04:32.552+0000] {processor.py:830} INFO - Processing file /home/airflow/.local/lib/python3.12/site-packages/airflow/example_dags/example_params_ui_tutorial.py for tasks to queue
[2025-09-29T17:04:32.556+0000] {logging_mixin.py:188} INFO - [2025-09-29T17:04:32.555+0000] {dagbag.py:545} INFO - Filling up the DagBag from /home/airflow/.local/lib/python3.12/site-packages/airflow/example_dags/example_params_ui_tutorial.py
[2025-09-29T17:04:32.574+0000] {processor.py:840} INFO - DAG(s) 'example_params_ui_tutorial' retrieved from /home/airflow/.local/lib/python3.12/site-packages/airflow/example_dags/example_params_ui_tutorial.py
[2025-09-29T17:04:32.711+0000] {logging_mixin.py:188} INFO - [2025-09-29T17:04:32.711+0000] {dag.py:3089} INFO - Sync 1 DAGs
[2025-09-29T17:04:32.745+0000] {logging_mixin.py:188} INFO - [2025-09-29T17:04:32.744+0000] {dag.py:3947} INFO - Setting next_dagrun for example_params_ui_tutorial to None, run_after=None
[2025-09-29T17:04:32.803+0000] {processor.py:183} INFO - Processing /home/airflow/.local/lib/python3.12/site-packages/airflow/example_dags/example_params_ui_tutorial.py took 0.281 seconds
[2025-09-29T17:05:02.901+0000] {processor.py:161} INFO - Started process (PID=5126) to work on /home/airflow/.local/lib/python3.12/site-packages/airflow/example_dags/example_params_ui_tutorial.py
[2025-09-29T17:05:02.909+0000] {processor.py:830} INFO - Processing file /home/airflow/.local/lib/python3.12/site-packages/airflow/example_dags/example_params_ui_tutorial.py for tasks to queue
[2025-09-29T17:05:02.917+0000] {logging_mixin.py:188} INFO - [2025-09-29T17:05:02.915+0000] {dagbag.py:545} INFO - Filling up the DagBag from /home/airflow/.local/lib/python3.12/site-packages/airflow/example_dags/example_params_ui_tutorial.py
[2025-09-29T17:05:02.942+0000] {processor.py:840} INFO - DAG(s) 'example_params_ui_tutorial' retrieved from /home/airflow/.local/lib/python3.12/site-packages/airflow/example_dags/example_params_ui_tutorial.py
[2025-09-29T17:05:03.076+0000] {logging_mixin.py:188} INFO - [2025-09-29T17:05:03.075+0000] {dag.py:3089} INFO - Sync 1 DAGs
[2025-09-29T17:05:03.110+0000] {logging_mixin.py:188} INFO - [2025-09-29T17:05:03.110+0000] {dag.py:3947} INFO - Setting next_dagrun for example_params_ui_tutorial to None, run_after=None
[2025-09-29T17:05:03.161+0000] {processor.py:183} INFO - Processing /home/airflow/.local/lib/python3.12/site-packages/airflow/example_dags/example_params_ui_tutorial.py took 0.275 seconds
[2025-09-29T17:05:35.627+0000] {processor.py:161} INFO - Started process (PID=5398) to work on /home/airflow/.local/lib/python3.12/site-packages/airflow/example_dags/example_params_ui_tutorial.py
[2025-09-29T17:05:35.631+0000] {processor.py:830} INFO - Processing file /home/airflow/.local/lib/python3.12/site-packages/airflow/example_dags/example_params_ui_tutorial.py for tasks to queue
[2025-09-29T17:05:35.636+0000] {logging_mixin.py:188} INFO - [2025-09-29T17:05:35.635+0000] {dagbag.py:545} INFO - Filling up the DagBag from /home/airflow/.local/lib/python3.12/site-packages/airflow/example_dags/example_params_ui_tutorial.py
[2025-09-29T17:05:35.656+0000] {processor.py:840} INFO - DAG(s) 'example_params_ui_tutorial' retrieved from /home/airflow/.local/lib/python3.12/site-packages/airflow/example_dags/example_params_ui_tutorial.py
[2025-09-29T17:05:35.809+0000] {logging_mixin.py:188} INFO - [2025-09-29T17:05:35.808+0000] {dag.py:3089} INFO - Sync 1 DAGs
[2025-09-29T17:05:35.858+0000] {logging_mixin.py:188} INFO - [2025-09-29T17:05:35.858+0000] {dag.py:3947} INFO - Setting next_dagrun for example_params_ui_tutorial to None, run_after=None
[2025-09-29T17:05:35.926+0000] {processor.py:183} INFO - Processing /home/airflow/.local/lib/python3.12/site-packages/airflow/example_dags/example_params_ui_tutorial.py took 0.314 seconds
[2025-09-29T17:06:07.600+0000] {processor.py:161} INFO - Started process (PID=5660) to work on /home/airflow/.local/lib/python3.12/site-packages/airflow/example_dags/example_params_ui_tutorial.py
[2025-09-29T17:06:07.603+0000] {processor.py:830} INFO - Processing file /home/airflow/.local/lib/python3.12/site-packages/airflow/example_dags/example_params_ui_tutorial.py for tasks to queue
[2025-09-29T17:06:07.607+0000] {logging_mixin.py:188} INFO - [2025-09-29T17:06:07.607+0000] {dagbag.py:545} INFO - Filling up the DagBag from /home/airflow/.local/lib/python3.12/site-packages/airflow/example_dags/example_params_ui_tutorial.py
[2025-09-29T17:06:07.626+0000] {processor.py:840} INFO - DAG(s) 'example_params_ui_tutorial' retrieved from /home/airflow/.local/lib/python3.12/site-packages/airflow/example_dags/example_params_ui_tutorial.py
[2025-09-29T17:06:07.807+0000] {logging_mixin.py:188} INFO - [2025-09-29T17:06:07.806+0000] {dag.py:3089} INFO - Sync 1 DAGs
[2025-09-29T17:06:07.852+0000] {logging_mixin.py:188} INFO - [2025-09-29T17:06:07.851+0000] {dag.py:3947} INFO - Setting next_dagrun for example_params_ui_tutorial to None, run_after=None
[2025-09-29T17:06:07.905+0000] {processor.py:183} INFO - Processing /home/airflow/.local/lib/python3.12/site-packages/airflow/example_dags/example_params_ui_tutorial.py took 0.322 seconds
[2025-09-29T17:06:38.728+0000] {processor.py:161} INFO - Started process (PID=5920) to work on /home/airflow/.local/lib/python3.12/site-packages/airflow/example_dags/example_params_ui_tutorial.py
[2025-09-29T17:06:38.731+0000] {processor.py:830} INFO - Processing file /home/airflow/.local/lib/python3.12/site-packages/airflow/example_dags/example_params_ui_tutorial.py for tasks to queue
[2025-09-29T17:06:38.736+0000] {logging_mixin.py:188} INFO - [2025-09-29T17:06:38.735+0000] {dagbag.py:545} INFO - Filling up the DagBag from /home/airflow/.local/lib/python3.12/site-packages/airflow/example_dags/example_params_ui_tutorial.py
[2025-09-29T17:06:38.756+0000] {processor.py:840} INFO - DAG(s) 'example_params_ui_tutorial' retrieved from /home/airflow/.local/lib/python3.12/site-packages/airflow/example_dags/example_params_ui_tutorial.py
[2025-09-29T17:06:38.909+0000] {logging_mixin.py:188} INFO - [2025-09-29T17:06:38.908+0000] {dag.py:3089} INFO - Sync 1 DAGs
[2025-09-29T17:06:38.951+0000] {logging_mixin.py:188} INFO - [2025-09-29T17:06:38.950+0000] {dag.py:3947} INFO - Setting next_dagrun for example_params_ui_tutorial to None, run_after=None
[2025-09-29T17:06:39.007+0000] {processor.py:183} INFO - Processing /home/airflow/.local/lib/python3.12/site-packages/airflow/example_dags/example_params_ui_tutorial.py took 0.295 seconds
[2025-09-29T17:07:12.135+0000] {processor.py:161} INFO - Started process (PID=6182) to work on /home/airflow/.local/lib/python3.12/site-packages/airflow/example_dags/example_params_ui_tutorial.py
[2025-09-29T17:07:12.138+0000] {processor.py:830} INFO - Processing file /home/airflow/.local/lib/python3.12/site-packages/airflow/example_dags/example_params_ui_tutorial.py for tasks to queue
[2025-09-29T17:07:12.143+0000] {logging_mixin.py:188} INFO - [2025-09-29T17:07:12.142+0000] {dagbag.py:545} INFO - Filling up the DagBag from /home/airflow/.local/lib/python3.12/site-packages/airflow/example_dags/example_params_ui_tutorial.py
[2025-09-29T17:07:12.168+0000] {processor.py:840} INFO - DAG(s) 'example_params_ui_tutorial' retrieved from /home/airflow/.local/lib/python3.12/site-packages/airflow/example_dags/example_params_ui_tutorial.py
[2025-09-29T17:07:12.340+0000] {logging_mixin.py:188} INFO - [2025-09-29T17:07:12.339+0000] {dag.py:3089} INFO - Sync 1 DAGs
[2025-09-29T17:07:12.392+0000] {logging_mixin.py:188} INFO - [2025-09-29T17:07:12.391+0000] {dag.py:3947} INFO - Setting next_dagrun for example_params_ui_tutorial to None, run_after=None
[2025-09-29T17:07:12.480+0000] {processor.py:183} INFO - Processing /home/airflow/.local/lib/python3.12/site-packages/airflow/example_dags/example_params_ui_tutorial.py took 0.364 seconds
[2025-09-29T17:07:43.034+0000] {processor.py:161} INFO - Started process (PID=6444) to work on /home/airflow/.local/lib/python3.12/site-packages/airflow/example_dags/example_params_ui_tutorial.py
[2025-09-29T17:07:43.037+0000] {processor.py:830} INFO - Processing file /home/airflow/.local/lib/python3.12/site-packages/airflow/example_dags/example_params_ui_tutorial.py for tasks to queue
[2025-09-29T17:07:43.042+0000] {logging_mixin.py:188} INFO - [2025-09-29T17:07:43.041+0000] {dagbag.py:545} INFO - Filling up the DagBag from /home/airflow/.local/lib/python3.12/site-packages/airflow/example_dags/example_params_ui_tutorial.py
[2025-09-29T17:07:43.064+0000] {processor.py:840} INFO - DAG(s) 'example_params_ui_tutorial' retrieved from /home/airflow/.local/lib/python3.12/site-packages/airflow/example_dags/example_params_ui_tutorial.py
[2025-09-29T17:07:43.207+0000] {logging_mixin.py:188} INFO - [2025-09-29T17:07:43.206+0000] {dag.py:3089} INFO - Sync 1 DAGs
[2025-09-29T17:07:43.243+0000] {logging_mixin.py:188} INFO - [2025-09-29T17:07:43.243+0000] {dag.py:3947} INFO - Setting next_dagrun for example_params_ui_tutorial to None, run_after=None
[2025-09-29T17:07:43.300+0000] {processor.py:183} INFO - Processing /home/airflow/.local/lib/python3.12/site-packages/airflow/example_dags/example_params_ui_tutorial.py took 0.284 seconds
[2025-09-29T17:08:14.245+0000] {processor.py:161} INFO - Started process (PID=6706) to work on /home/airflow/.local/lib/python3.12/site-packages/airflow/example_dags/example_params_ui_tutorial.py
[2025-09-29T17:08:14.248+0000] {processor.py:830} INFO - Processing file /home/airflow/.local/lib/python3.12/site-packages/airflow/example_dags/example_params_ui_tutorial.py for tasks to queue
[2025-09-29T17:08:14.253+0000] {logging_mixin.py:188} INFO - [2025-09-29T17:08:14.252+0000] {dagbag.py:545} INFO - Filling up the DagBag from /home/airflow/.local/lib/python3.12/site-packages/airflow/example_dags/example_params_ui_tutorial.py
[2025-09-29T17:08:14.275+0000] {processor.py:840} INFO - DAG(s) 'example_params_ui_tutorial' retrieved from /home/airflow/.local/lib/python3.12/site-packages/airflow/example_dags/example_params_ui_tutorial.py
[2025-09-29T17:08:14.462+0000] {logging_mixin.py:188} INFO - [2025-09-29T17:08:14.462+0000] {dag.py:3089} INFO - Sync 1 DAGs
[2025-09-29T17:08:14.504+0000] {logging_mixin.py:188} INFO - [2025-09-29T17:08:14.503+0000] {dag.py:3947} INFO - Setting next_dagrun for example_params_ui_tutorial to None, run_after=None
[2025-09-29T17:08:14.568+0000] {processor.py:183} INFO - Processing /home/airflow/.local/lib/python3.12/site-packages/airflow/example_dags/example_params_ui_tutorial.py took 0.341 seconds
[2025-09-29T17:08:47.433+0000] {processor.py:161} INFO - Started process (PID=6968) to work on /home/airflow/.local/lib/python3.12/site-packages/airflow/example_dags/example_params_ui_tutorial.py
[2025-09-29T17:08:47.474+0000] {processor.py:830} INFO - Processing file /home/airflow/.local/lib/python3.12/site-packages/airflow/example_dags/example_params_ui_tutorial.py for tasks to queue
[2025-09-29T17:08:47.480+0000] {logging_mixin.py:188} INFO - [2025-09-29T17:08:47.479+0000] {dagbag.py:545} INFO - Filling up the DagBag from /home/airflow/.local/lib/python3.12/site-packages/airflow/example_dags/example_params_ui_tutorial.py
[2025-09-29T17:08:47.503+0000] {processor.py:840} INFO - DAG(s) 'example_params_ui_tutorial' retrieved from /home/airflow/.local/lib/python3.12/site-packages/airflow/example_dags/example_params_ui_tutorial.py
[2025-09-29T17:08:47.671+0000] {logging_mixin.py:188} INFO - [2025-09-29T17:08:47.670+0000] {dag.py:3089} INFO - Sync 1 DAGs
[2025-09-29T17:08:47.714+0000] {logging_mixin.py:188} INFO - [2025-09-29T17:08:47.713+0000] {dag.py:3947} INFO - Setting next_dagrun for example_params_ui_tutorial to None, run_after=None
[2025-09-29T17:08:47.906+0000] {processor.py:183} INFO - Processing /home/airflow/.local/lib/python3.12/site-packages/airflow/example_dags/example_params_ui_tutorial.py took 0.492 seconds
[2025-09-29T17:09:30.209+0000] {processor.py:161} INFO - Started process (PID=7280) to work on /home/airflow/.local/lib/python3.12/site-packages/airflow/example_dags/example_params_ui_tutorial.py
[2025-09-29T17:09:30.213+0000] {processor.py:830} INFO - Processing file /home/airflow/.local/lib/python3.12/site-packages/airflow/example_dags/example_params_ui_tutorial.py for tasks to queue
[2025-09-29T17:09:30.223+0000] {logging_mixin.py:188} INFO - [2025-09-29T17:09:30.221+0000] {dagbag.py:545} INFO - Filling up the DagBag from /home/airflow/.local/lib/python3.12/site-packages/airflow/example_dags/example_params_ui_tutorial.py
[2025-09-29T17:09:30.245+0000] {processor.py:840} INFO - DAG(s) 'example_params_ui_tutorial' retrieved from /home/airflow/.local/lib/python3.12/site-packages/airflow/example_dags/example_params_ui_tutorial.py
[2025-09-29T17:09:30.404+0000] {logging_mixin.py:188} INFO - [2025-09-29T17:09:30.404+0000] {dag.py:3089} INFO - Sync 1 DAGs
[2025-09-29T17:09:30.439+0000] {logging_mixin.py:188} INFO - [2025-09-29T17:09:30.439+0000] {dag.py:3947} INFO - Setting next_dagrun for example_params_ui_tutorial to None, run_after=None
[2025-09-29T17:09:30.498+0000] {processor.py:183} INFO - Processing /home/airflow/.local/lib/python3.12/site-packages/airflow/example_dags/example_params_ui_tutorial.py took 0.310 seconds
[2025-09-29T17:10:02.866+0000] {processor.py:161} INFO - Started process (PID=7527) to work on /home/airflow/.local/lib/python3.12/site-packages/airflow/example_dags/example_params_ui_tutorial.py
[2025-09-29T17:10:02.925+0000] {processor.py:830} INFO - Processing file /home/airflow/.local/lib/python3.12/site-packages/airflow/example_dags/example_params_ui_tutorial.py for tasks to queue
[2025-09-29T17:10:02.932+0000] {logging_mixin.py:188} INFO - [2025-09-29T17:10:02.930+0000] {dagbag.py:545} INFO - Filling up the DagBag from /home/airflow/.local/lib/python3.12/site-packages/airflow/example_dags/example_params_ui_tutorial.py
[2025-09-29T17:10:02.953+0000] {processor.py:840} INFO - DAG(s) 'example_params_ui_tutorial' retrieved from /home/airflow/.local/lib/python3.12/site-packages/airflow/example_dags/example_params_ui_tutorial.py
[2025-09-29T17:10:03.087+0000] {logging_mixin.py:188} INFO - [2025-09-29T17:10:03.086+0000] {dag.py:3089} INFO - Sync 1 DAGs
[2025-09-29T17:10:03.122+0000] {logging_mixin.py:188} INFO - [2025-09-29T17:10:03.121+0000] {dag.py:3947} INFO - Setting next_dagrun for example_params_ui_tutorial to None, run_after=None
[2025-09-29T17:10:03.273+0000] {processor.py:183} INFO - Processing /home/airflow/.local/lib/python3.12/site-packages/airflow/example_dags/example_params_ui_tutorial.py took 0.428 seconds
[2025-09-29T17:10:34.483+0000] {processor.py:161} INFO - Started process (PID=7791) to work on /home/airflow/.local/lib/python3.12/site-packages/airflow/example_dags/example_params_ui_tutorial.py
[2025-09-29T17:10:34.486+0000] {processor.py:830} INFO - Processing file /home/airflow/.local/lib/python3.12/site-packages/airflow/example_dags/example_params_ui_tutorial.py for tasks to queue
[2025-09-29T17:10:34.494+0000] {logging_mixin.py:188} INFO - [2025-09-29T17:10:34.493+0000] {dagbag.py:545} INFO - Filling up the DagBag from /home/airflow/.local/lib/python3.12/site-packages/airflow/example_dags/example_params_ui_tutorial.py
[2025-09-29T17:10:34.518+0000] {processor.py:840} INFO - DAG(s) 'example_params_ui_tutorial' retrieved from /home/airflow/.local/lib/python3.12/site-packages/airflow/example_dags/example_params_ui_tutorial.py
[2025-09-29T17:10:34.707+0000] {logging_mixin.py:188} INFO - [2025-09-29T17:10:34.705+0000] {dag.py:3089} INFO - Sync 1 DAGs
[2025-09-29T17:10:34.751+0000] {logging_mixin.py:188} INFO - [2025-09-29T17:10:34.750+0000] {dag.py:3947} INFO - Setting next_dagrun for example_params_ui_tutorial to None, run_after=None
[2025-09-29T17:10:34.822+0000] {processor.py:183} INFO - Processing /home/airflow/.local/lib/python3.12/site-packages/airflow/example_dags/example_params_ui_tutorial.py took 0.361 seconds
[2025-09-29T17:11:06.714+0000] {processor.py:161} INFO - Started process (PID=8054) to work on /home/airflow/.local/lib/python3.12/site-packages/airflow/example_dags/example_params_ui_tutorial.py
[2025-09-29T17:11:06.717+0000] {processor.py:830} INFO - Processing file /home/airflow/.local/lib/python3.12/site-packages/airflow/example_dags/example_params_ui_tutorial.py for tasks to queue
[2025-09-29T17:11:06.723+0000] {logging_mixin.py:188} INFO - [2025-09-29T17:11:06.722+0000] {dagbag.py:545} INFO - Filling up the DagBag from /home/airflow/.local/lib/python3.12/site-packages/airflow/example_dags/example_params_ui_tutorial.py
[2025-09-29T17:11:06.743+0000] {processor.py:840} INFO - DAG(s) 'example_params_ui_tutorial' retrieved from /home/airflow/.local/lib/python3.12/site-packages/airflow/example_dags/example_params_ui_tutorial.py
[2025-09-29T17:11:06.876+0000] {logging_mixin.py:188} INFO - [2025-09-29T17:11:06.875+0000] {dag.py:3089} INFO - Sync 1 DAGs
[2025-09-29T17:11:06.908+0000] {logging_mixin.py:188} INFO - [2025-09-29T17:11:06.908+0000] {dag.py:3947} INFO - Setting next_dagrun for example_params_ui_tutorial to None, run_after=None
[2025-09-29T17:11:06.958+0000] {processor.py:183} INFO - Processing /home/airflow/.local/lib/python3.12/site-packages/airflow/example_dags/example_params_ui_tutorial.py took 0.262 seconds
[2025-09-29T17:11:38.460+0000] {processor.py:161} INFO - Started process (PID=8316) to work on /home/airflow/.local/lib/python3.12/site-packages/airflow/example_dags/example_params_ui_tutorial.py
[2025-09-29T17:11:38.463+0000] {processor.py:830} INFO - Processing file /home/airflow/.local/lib/python3.12/site-packages/airflow/example_dags/example_params_ui_tutorial.py for tasks to queue
[2025-09-29T17:11:38.468+0000] {logging_mixin.py:188} INFO - [2025-09-29T17:11:38.467+0000] {dagbag.py:545} INFO - Filling up the DagBag from /home/airflow/.local/lib/python3.12/site-packages/airflow/example_dags/example_params_ui_tutorial.py
[2025-09-29T17:11:38.488+0000] {processor.py:840} INFO - DAG(s) 'example_params_ui_tutorial' retrieved from /home/airflow/.local/lib/python3.12/site-packages/airflow/example_dags/example_params_ui_tutorial.py
[2025-09-29T17:11:38.617+0000] {logging_mixin.py:188} INFO - [2025-09-29T17:11:38.616+0000] {dag.py:3089} INFO - Sync 1 DAGs
[2025-09-29T17:11:38.647+0000] {logging_mixin.py:188} INFO - [2025-09-29T17:11:38.647+0000] {dag.py:3947} INFO - Setting next_dagrun for example_params_ui_tutorial to None, run_after=None
[2025-09-29T17:11:38.693+0000] {processor.py:183} INFO - Processing /home/airflow/.local/lib/python3.12/site-packages/airflow/example_dags/example_params_ui_tutorial.py took 0.252 seconds
[2025-09-29T17:12:09.254+0000] {processor.py:161} INFO - Started process (PID=8578) to work on /home/airflow/.local/lib/python3.12/site-packages/airflow/example_dags/example_params_ui_tutorial.py
[2025-09-29T17:12:09.261+0000] {processor.py:830} INFO - Processing file /home/airflow/.local/lib/python3.12/site-packages/airflow/example_dags/example_params_ui_tutorial.py for tasks to queue
[2025-09-29T17:12:09.271+0000] {logging_mixin.py:188} INFO - [2025-09-29T17:12:09.270+0000] {dagbag.py:545} INFO - Filling up the DagBag from /home/airflow/.local/lib/python3.12/site-packages/airflow/example_dags/example_params_ui_tutorial.py
[2025-09-29T17:12:09.304+0000] {processor.py:840} INFO - DAG(s) 'example_params_ui_tutorial' retrieved from /home/airflow/.local/lib/python3.12/site-packages/airflow/example_dags/example_params_ui_tutorial.py
[2025-09-29T17:12:09.505+0000] {logging_mixin.py:188} INFO - [2025-09-29T17:12:09.504+0000] {dag.py:3089} INFO - Sync 1 DAGs
[2025-09-29T17:12:09.548+0000] {logging_mixin.py:188} INFO - [2025-09-29T17:12:09.547+0000] {dag.py:3947} INFO - Setting next_dagrun for example_params_ui_tutorial to None, run_after=None
[2025-09-29T17:12:09.606+0000] {processor.py:183} INFO - Processing /home/airflow/.local/lib/python3.12/site-packages/airflow/example_dags/example_params_ui_tutorial.py took 0.378 seconds
[2025-09-29T17:12:42.238+0000] {processor.py:161} INFO - Started process (PID=8840) to work on /home/airflow/.local/lib/python3.12/site-packages/airflow/example_dags/example_params_ui_tutorial.py
[2025-09-29T17:12:42.243+0000] {processor.py:830} INFO - Processing file /home/airflow/.local/lib/python3.12/site-packages/airflow/example_dags/example_params_ui_tutorial.py for tasks to queue
[2025-09-29T17:12:42.251+0000] {logging_mixin.py:188} INFO - [2025-09-29T17:12:42.250+0000] {dagbag.py:545} INFO - Filling up the DagBag from /home/airflow/.local/lib/python3.12/site-packages/airflow/example_dags/example_params_ui_tutorial.py
[2025-09-29T17:12:42.286+0000] {processor.py:840} INFO - DAG(s) 'example_params_ui_tutorial' retrieved from /home/airflow/.local/lib/python3.12/site-packages/airflow/example_dags/example_params_ui_tutorial.py
[2025-09-29T17:12:42.469+0000] {logging_mixin.py:188} INFO - [2025-09-29T17:12:42.468+0000] {dag.py:3089} INFO - Sync 1 DAGs
[2025-09-29T17:12:42.515+0000] {logging_mixin.py:188} INFO - [2025-09-29T17:12:42.514+0000] {dag.py:3947} INFO - Setting next_dagrun for example_params_ui_tutorial to None, run_after=None
[2025-09-29T17:12:42.582+0000] {processor.py:183} INFO - Processing /home/airflow/.local/lib/python3.12/site-packages/airflow/example_dags/example_params_ui_tutorial.py took 0.364 seconds
[2025-09-29T17:13:12.762+0000] {processor.py:161} INFO - Started process (PID=9096) to work on /home/airflow/.local/lib/python3.12/site-packages/airflow/example_dags/example_params_ui_tutorial.py
[2025-09-29T17:13:12.765+0000] {processor.py:830} INFO - Processing file /home/airflow/.local/lib/python3.12/site-packages/airflow/example_dags/example_params_ui_tutorial.py for tasks to queue
[2025-09-29T17:13:12.771+0000] {logging_mixin.py:188} INFO - [2025-09-29T17:13:12.770+0000] {dagbag.py:545} INFO - Filling up the DagBag from /home/airflow/.local/lib/python3.12/site-packages/airflow/example_dags/example_params_ui_tutorial.py
[2025-09-29T17:13:12.793+0000] {processor.py:840} INFO - DAG(s) 'example_params_ui_tutorial' retrieved from /home/airflow/.local/lib/python3.12/site-packages/airflow/example_dags/example_params_ui_tutorial.py
[2025-09-29T17:13:12.935+0000] {logging_mixin.py:188} INFO - [2025-09-29T17:13:12.935+0000] {dag.py:3089} INFO - Sync 1 DAGs
[2025-09-29T17:13:12.967+0000] {logging_mixin.py:188} INFO - [2025-09-29T17:13:12.967+0000] {dag.py:3947} INFO - Setting next_dagrun for example_params_ui_tutorial to None, run_after=None
[2025-09-29T17:13:13.017+0000] {processor.py:183} INFO - Processing /home/airflow/.local/lib/python3.12/site-packages/airflow/example_dags/example_params_ui_tutorial.py took 0.272 seconds
[2025-09-29T17:13:43.661+0000] {processor.py:161} INFO - Started process (PID=9354) to work on /home/airflow/.local/lib/python3.12/site-packages/airflow/example_dags/example_params_ui_tutorial.py
[2025-09-29T17:13:43.664+0000] {processor.py:830} INFO - Processing file /home/airflow/.local/lib/python3.12/site-packages/airflow/example_dags/example_params_ui_tutorial.py for tasks to queue
[2025-09-29T17:13:43.669+0000] {logging_mixin.py:188} INFO - [2025-09-29T17:13:43.668+0000] {dagbag.py:545} INFO - Filling up the DagBag from /home/airflow/.local/lib/python3.12/site-packages/airflow/example_dags/example_params_ui_tutorial.py
[2025-09-29T17:13:43.690+0000] {processor.py:840} INFO - DAG(s) 'example_params_ui_tutorial' retrieved from /home/airflow/.local/lib/python3.12/site-packages/airflow/example_dags/example_params_ui_tutorial.py
[2025-09-29T17:13:43.821+0000] {logging_mixin.py:188} INFO - [2025-09-29T17:13:43.820+0000] {dag.py:3089} INFO - Sync 1 DAGs
[2025-09-29T17:13:43.853+0000] {logging_mixin.py:188} INFO - [2025-09-29T17:13:43.852+0000] {dag.py:3947} INFO - Setting next_dagrun for example_params_ui_tutorial to None, run_after=None
[2025-09-29T17:13:43.909+0000] {processor.py:183} INFO - Processing /home/airflow/.local/lib/python3.12/site-packages/airflow/example_dags/example_params_ui_tutorial.py took 0.267 seconds
[2025-09-29T17:14:14.683+0000] {processor.py:161} INFO - Started process (PID=9616) to work on /home/airflow/.local/lib/python3.12/site-packages/airflow/example_dags/example_params_ui_tutorial.py
[2025-09-29T17:14:14.686+0000] {processor.py:830} INFO - Processing file /home/airflow/.local/lib/python3.12/site-packages/airflow/example_dags/example_params_ui_tutorial.py for tasks to queue
[2025-09-29T17:14:14.692+0000] {logging_mixin.py:188} INFO - [2025-09-29T17:14:14.691+0000] {dagbag.py:545} INFO - Filling up the DagBag from /home/airflow/.local/lib/python3.12/site-packages/airflow/example_dags/example_params_ui_tutorial.py
[2025-09-29T17:14:14.713+0000] {processor.py:840} INFO - DAG(s) 'example_params_ui_tutorial' retrieved from /home/airflow/.local/lib/python3.12/site-packages/airflow/example_dags/example_params_ui_tutorial.py
[2025-09-29T17:14:14.851+0000] {logging_mixin.py:188} INFO - [2025-09-29T17:14:14.850+0000] {dag.py:3089} INFO - Sync 1 DAGs
[2025-09-29T17:14:14.884+0000] {logging_mixin.py:188} INFO - [2025-09-29T17:14:14.883+0000] {dag.py:3947} INFO - Setting next_dagrun for example_params_ui_tutorial to None, run_after=None
[2025-09-29T17:14:14.936+0000] {processor.py:183} INFO - Processing /home/airflow/.local/lib/python3.12/site-packages/airflow/example_dags/example_params_ui_tutorial.py took 0.271 seconds
[2025-09-29T17:14:45.364+0000] {processor.py:161} INFO - Started process (PID=9878) to work on /home/airflow/.local/lib/python3.12/site-packages/airflow/example_dags/example_params_ui_tutorial.py
[2025-09-29T17:14:45.367+0000] {processor.py:830} INFO - Processing file /home/airflow/.local/lib/python3.12/site-packages/airflow/example_dags/example_params_ui_tutorial.py for tasks to queue
[2025-09-29T17:14:45.375+0000] {logging_mixin.py:188} INFO - [2025-09-29T17:14:45.374+0000] {dagbag.py:545} INFO - Filling up the DagBag from /home/airflow/.local/lib/python3.12/site-packages/airflow/example_dags/example_params_ui_tutorial.py
[2025-09-29T17:14:45.404+0000] {processor.py:840} INFO - DAG(s) 'example_params_ui_tutorial' retrieved from /home/airflow/.local/lib/python3.12/site-packages/airflow/example_dags/example_params_ui_tutorial.py
[2025-09-29T17:14:45.554+0000] {logging_mixin.py:188} INFO - [2025-09-29T17:14:45.554+0000] {dag.py:3089} INFO - Sync 1 DAGs
[2025-09-29T17:14:45.586+0000] {logging_mixin.py:188} INFO - [2025-09-29T17:14:45.585+0000] {dag.py:3947} INFO - Setting next_dagrun for example_params_ui_tutorial to None, run_after=None
[2025-09-29T17:14:45.640+0000] {processor.py:183} INFO - Processing /home/airflow/.local/lib/python3.12/site-packages/airflow/example_dags/example_params_ui_tutorial.py took 0.301 seconds
[2025-09-29T17:15:16.542+0000] {processor.py:161} INFO - Started process (PID=10143) to work on /home/airflow/.local/lib/python3.12/site-packages/airflow/example_dags/example_params_ui_tutorial.py
[2025-09-29T17:15:16.546+0000] {processor.py:830} INFO - Processing file /home/airflow/.local/lib/python3.12/site-packages/airflow/example_dags/example_params_ui_tutorial.py for tasks to queue
[2025-09-29T17:15:16.553+0000] {logging_mixin.py:188} INFO - [2025-09-29T17:15:16.552+0000] {dagbag.py:545} INFO - Filling up the DagBag from /home/airflow/.local/lib/python3.12/site-packages/airflow/example_dags/example_params_ui_tutorial.py
[2025-09-29T17:15:16.581+0000] {processor.py:840} INFO - DAG(s) 'example_params_ui_tutorial' retrieved from /home/airflow/.local/lib/python3.12/site-packages/airflow/example_dags/example_params_ui_tutorial.py
[2025-09-29T17:15:16.763+0000] {logging_mixin.py:188} INFO - [2025-09-29T17:15:16.763+0000] {dag.py:3089} INFO - Sync 1 DAGs
[2025-09-29T17:15:16.800+0000] {logging_mixin.py:188} INFO - [2025-09-29T17:15:16.799+0000] {dag.py:3947} INFO - Setting next_dagrun for example_params_ui_tutorial to None, run_after=None
[2025-09-29T17:15:16.861+0000] {processor.py:183} INFO - Processing /home/airflow/.local/lib/python3.12/site-packages/airflow/example_dags/example_params_ui_tutorial.py took 0.338 seconds
[2025-09-29T17:15:48.166+0000] {processor.py:161} INFO - Started process (PID=10407) to work on /home/airflow/.local/lib/python3.12/site-packages/airflow/example_dags/example_params_ui_tutorial.py
[2025-09-29T17:15:48.170+0000] {processor.py:830} INFO - Processing file /home/airflow/.local/lib/python3.12/site-packages/airflow/example_dags/example_params_ui_tutorial.py for tasks to queue
[2025-09-29T17:15:48.176+0000] {logging_mixin.py:188} INFO - [2025-09-29T17:15:48.175+0000] {dagbag.py:545} INFO - Filling up the DagBag from /home/airflow/.local/lib/python3.12/site-packages/airflow/example_dags/example_params_ui_tutorial.py
[2025-09-29T17:15:48.202+0000] {processor.py:840} INFO - DAG(s) 'example_params_ui_tutorial' retrieved from /home/airflow/.local/lib/python3.12/site-packages/airflow/example_dags/example_params_ui_tutorial.py
[2025-09-29T17:15:48.349+0000] {logging_mixin.py:188} INFO - [2025-09-29T17:15:48.348+0000] {dag.py:3089} INFO - Sync 1 DAGs
[2025-09-29T17:15:48.386+0000] {logging_mixin.py:188} INFO - [2025-09-29T17:15:48.385+0000] {dag.py:3947} INFO - Setting next_dagrun for example_params_ui_tutorial to None, run_after=None
[2025-09-29T17:15:48.448+0000] {processor.py:183} INFO - Processing /home/airflow/.local/lib/python3.12/site-packages/airflow/example_dags/example_params_ui_tutorial.py took 0.303 seconds
[2025-09-29T17:16:19.000+0000] {processor.py:161} INFO - Started process (PID=10678) to work on /home/airflow/.local/lib/python3.12/site-packages/airflow/example_dags/example_params_ui_tutorial.py
[2025-09-29T17:16:19.003+0000] {processor.py:830} INFO - Processing file /home/airflow/.local/lib/python3.12/site-packages/airflow/example_dags/example_params_ui_tutorial.py for tasks to queue
[2025-09-29T17:16:19.008+0000] {logging_mixin.py:188} INFO - [2025-09-29T17:16:19.007+0000] {dagbag.py:545} INFO - Filling up the DagBag from /home/airflow/.local/lib/python3.12/site-packages/airflow/example_dags/example_params_ui_tutorial.py
[2025-09-29T17:16:19.030+0000] {processor.py:840} INFO - DAG(s) 'example_params_ui_tutorial' retrieved from /home/airflow/.local/lib/python3.12/site-packages/airflow/example_dags/example_params_ui_tutorial.py
[2025-09-29T17:16:19.164+0000] {logging_mixin.py:188} INFO - [2025-09-29T17:16:19.164+0000] {dag.py:3089} INFO - Sync 1 DAGs
[2025-09-29T17:16:19.199+0000] {logging_mixin.py:188} INFO - [2025-09-29T17:16:19.198+0000] {dag.py:3947} INFO - Setting next_dagrun for example_params_ui_tutorial to None, run_after=None
[2025-09-29T17:16:19.679+0000] {processor.py:183} INFO - Processing /home/airflow/.local/lib/python3.12/site-packages/airflow/example_dags/example_params_ui_tutorial.py took 0.697 seconds
[2025-09-29T17:16:50.401+0000] {processor.py:161} INFO - Started process (PID=10940) to work on /home/airflow/.local/lib/python3.12/site-packages/airflow/example_dags/example_params_ui_tutorial.py
[2025-09-29T17:16:50.404+0000] {processor.py:830} INFO - Processing file /home/airflow/.local/lib/python3.12/site-packages/airflow/example_dags/example_params_ui_tutorial.py for tasks to queue
[2025-09-29T17:16:50.409+0000] {logging_mixin.py:188} INFO - [2025-09-29T17:16:50.409+0000] {dagbag.py:545} INFO - Filling up the DagBag from /home/airflow/.local/lib/python3.12/site-packages/airflow/example_dags/example_params_ui_tutorial.py
[2025-09-29T17:16:50.431+0000] {processor.py:840} INFO - DAG(s) 'example_params_ui_tutorial' retrieved from /home/airflow/.local/lib/python3.12/site-packages/airflow/example_dags/example_params_ui_tutorial.py
[2025-09-29T17:16:50.646+0000] {logging_mixin.py:188} INFO - [2025-09-29T17:16:50.645+0000] {dag.py:3089} INFO - Sync 1 DAGs
[2025-09-29T17:16:50.683+0000] {logging_mixin.py:188} INFO - [2025-09-29T17:16:50.683+0000] {dag.py:3947} INFO - Setting next_dagrun for example_params_ui_tutorial to None, run_after=None
[2025-09-29T17:16:50.772+0000] {processor.py:183} INFO - Processing /home/airflow/.local/lib/python3.12/site-packages/airflow/example_dags/example_params_ui_tutorial.py took 0.390 seconds
