[2025-09-29T15:33:19.662+0000] {processor.py:161} INFO - Started process (PID=272) to work on /home/airflow/.local/lib/python3.12/site-packages/airflow/example_dags/example_bash_operator.py
[2025-09-29T15:33:19.664+0000] {processor.py:830} INFO - Processing file /home/airflow/.local/lib/python3.12/site-packages/airflow/example_dags/example_bash_operator.py for tasks to queue
[2025-09-29T15:33:19.668+0000] {logging_mixin.py:188} INFO - [2025-09-29T15:33:19.667+0000] {dagbag.py:545} INFO - Filling up the DagBag from /home/airflow/.local/lib/python3.12/site-packages/airflow/example_dags/example_bash_operator.py
[2025-09-29T15:33:19.713+0000] {processor.py:840} INFO - DAG(s) 'example_bash_operator' retrieved from /home/airflow/.local/lib/python3.12/site-packages/airflow/example_dags/example_bash_operator.py
[2025-09-29T15:33:19.761+0000] {logging_mixin.py:188} INFO - [2025-09-29T15:33:19.761+0000] {dag.py:3089} INFO - Sync 1 DAGs
[2025-09-29T15:33:19.838+0000] {logging_mixin.py:188} INFO - [2025-09-29T15:33:19.837+0000] {dag.py:3947} INFO - Setting next_dagrun for example_bash_operator to 2025-09-28 00:00:00+00:00, run_after=2025-09-29 00:00:00+00:00
[2025-09-29T15:33:19.894+0000] {processor.py:183} INFO - Processing /home/airflow/.local/lib/python3.12/site-packages/airflow/example_dags/example_bash_operator.py took 0.248 seconds
[2025-09-29T15:33:53.071+0000] {processor.py:161} INFO - Started process (PID=548) to work on /home/airflow/.local/lib/python3.12/site-packages/airflow/example_dags/example_bash_operator.py
[2025-09-29T15:33:53.074+0000] {processor.py:830} INFO - Processing file /home/airflow/.local/lib/python3.12/site-packages/airflow/example_dags/example_bash_operator.py for tasks to queue
[2025-09-29T15:33:53.078+0000] {logging_mixin.py:188} INFO - [2025-09-29T15:33:53.077+0000] {dagbag.py:545} INFO - Filling up the DagBag from /home/airflow/.local/lib/python3.12/site-packages/airflow/example_dags/example_bash_operator.py
[2025-09-29T15:33:53.104+0000] {processor.py:840} INFO - DAG(s) 'example_bash_operator' retrieved from /home/airflow/.local/lib/python3.12/site-packages/airflow/example_dags/example_bash_operator.py
[2025-09-29T15:33:53.398+0000] {logging_mixin.py:188} INFO - [2025-09-29T15:33:53.398+0000] {dag.py:3089} INFO - Sync 1 DAGs
[2025-09-29T15:33:53.445+0000] {logging_mixin.py:188} INFO - [2025-09-29T15:33:53.444+0000] {dag.py:3947} INFO - Setting next_dagrun for example_bash_operator to 2025-09-28 00:00:00+00:00, run_after=2025-09-29 00:00:00+00:00
[2025-09-29T15:33:53.494+0000] {processor.py:183} INFO - Processing /home/airflow/.local/lib/python3.12/site-packages/airflow/example_dags/example_bash_operator.py took 0.438 seconds
[2025-09-29T15:34:24.198+0000] {processor.py:161} INFO - Started process (PID=821) to work on /home/airflow/.local/lib/python3.12/site-packages/airflow/example_dags/example_bash_operator.py
[2025-09-29T15:34:24.200+0000] {processor.py:830} INFO - Processing file /home/airflow/.local/lib/python3.12/site-packages/airflow/example_dags/example_bash_operator.py for tasks to queue
[2025-09-29T15:34:24.204+0000] {logging_mixin.py:188} INFO - [2025-09-29T15:34:24.204+0000] {dagbag.py:545} INFO - Filling up the DagBag from /home/airflow/.local/lib/python3.12/site-packages/airflow/example_dags/example_bash_operator.py
[2025-09-29T15:34:24.234+0000] {processor.py:840} INFO - DAG(s) 'example_bash_operator' retrieved from /home/airflow/.local/lib/python3.12/site-packages/airflow/example_dags/example_bash_operator.py
[2025-09-29T15:34:24.305+0000] {logging_mixin.py:188} INFO - [2025-09-29T15:34:24.305+0000] {dag.py:3089} INFO - Sync 1 DAGs
[2025-09-29T15:34:24.360+0000] {logging_mixin.py:188} INFO - [2025-09-29T15:34:24.360+0000] {dag.py:3947} INFO - Setting next_dagrun for example_bash_operator to 2025-09-28 00:00:00+00:00, run_after=2025-09-29 00:00:00+00:00
[2025-09-29T15:34:24.410+0000] {processor.py:183} INFO - Processing /home/airflow/.local/lib/python3.12/site-packages/airflow/example_dags/example_bash_operator.py took 0.226 seconds
[2025-09-29T15:34:55.539+0000] {processor.py:161} INFO - Started process (PID=1081) to work on /home/airflow/.local/lib/python3.12/site-packages/airflow/example_dags/example_bash_operator.py
[2025-09-29T15:34:55.543+0000] {processor.py:830} INFO - Processing file /home/airflow/.local/lib/python3.12/site-packages/airflow/example_dags/example_bash_operator.py for tasks to queue
[2025-09-29T15:34:55.547+0000] {logging_mixin.py:188} INFO - [2025-09-29T15:34:55.546+0000] {dagbag.py:545} INFO - Filling up the DagBag from /home/airflow/.local/lib/python3.12/site-packages/airflow/example_dags/example_bash_operator.py
[2025-09-29T15:34:55.575+0000] {processor.py:840} INFO - DAG(s) 'example_bash_operator' retrieved from /home/airflow/.local/lib/python3.12/site-packages/airflow/example_dags/example_bash_operator.py
[2025-09-29T15:34:55.648+0000] {logging_mixin.py:188} INFO - [2025-09-29T15:34:55.648+0000] {dag.py:3089} INFO - Sync 1 DAGs
[2025-09-29T15:34:55.712+0000] {logging_mixin.py:188} INFO - [2025-09-29T15:34:55.711+0000] {dag.py:3947} INFO - Setting next_dagrun for example_bash_operator to 2025-09-28 00:00:00+00:00, run_after=2025-09-29 00:00:00+00:00
[2025-09-29T15:34:55.763+0000] {processor.py:183} INFO - Processing /home/airflow/.local/lib/python3.12/site-packages/airflow/example_dags/example_bash_operator.py took 0.243 seconds
[2025-09-29T15:35:27.488+0000] {processor.py:161} INFO - Started process (PID=1363) to work on /home/airflow/.local/lib/python3.12/site-packages/airflow/example_dags/example_bash_operator.py
[2025-09-29T15:35:27.491+0000] {processor.py:830} INFO - Processing file /home/airflow/.local/lib/python3.12/site-packages/airflow/example_dags/example_bash_operator.py for tasks to queue
[2025-09-29T15:35:27.496+0000] {logging_mixin.py:188} INFO - [2025-09-29T15:35:27.495+0000] {dagbag.py:545} INFO - Filling up the DagBag from /home/airflow/.local/lib/python3.12/site-packages/airflow/example_dags/example_bash_operator.py
[2025-09-29T15:35:27.526+0000] {processor.py:840} INFO - DAG(s) 'example_bash_operator' retrieved from /home/airflow/.local/lib/python3.12/site-packages/airflow/example_dags/example_bash_operator.py
[2025-09-29T15:35:27.622+0000] {logging_mixin.py:188} INFO - [2025-09-29T15:35:27.622+0000] {dag.py:3089} INFO - Sync 1 DAGs
[2025-09-29T15:35:27.860+0000] {logging_mixin.py:188} INFO - [2025-09-29T15:35:27.860+0000] {dag.py:3947} INFO - Setting next_dagrun for example_bash_operator to 2025-09-28 00:00:00+00:00, run_after=2025-09-29 00:00:00+00:00
[2025-09-29T15:35:27.935+0000] {processor.py:183} INFO - Processing /home/airflow/.local/lib/python3.12/site-packages/airflow/example_dags/example_bash_operator.py took 0.461 seconds
[2025-09-29T15:35:58.068+0000] {processor.py:161} INFO - Started process (PID=1620) to work on /home/airflow/.local/lib/python3.12/site-packages/airflow/example_dags/example_bash_operator.py
[2025-09-29T15:35:58.072+0000] {processor.py:830} INFO - Processing file /home/airflow/.local/lib/python3.12/site-packages/airflow/example_dags/example_bash_operator.py for tasks to queue
[2025-09-29T15:35:58.077+0000] {logging_mixin.py:188} INFO - [2025-09-29T15:35:58.076+0000] {dagbag.py:545} INFO - Filling up the DagBag from /home/airflow/.local/lib/python3.12/site-packages/airflow/example_dags/example_bash_operator.py
[2025-09-29T15:35:58.104+0000] {processor.py:840} INFO - DAG(s) 'example_bash_operator' retrieved from /home/airflow/.local/lib/python3.12/site-packages/airflow/example_dags/example_bash_operator.py
[2025-09-29T15:35:58.201+0000] {logging_mixin.py:188} INFO - [2025-09-29T15:35:58.200+0000] {dag.py:3089} INFO - Sync 1 DAGs
[2025-09-29T15:35:58.261+0000] {logging_mixin.py:188} INFO - [2025-09-29T15:35:58.260+0000] {dag.py:3947} INFO - Setting next_dagrun for example_bash_operator to 2025-09-28 00:00:00+00:00, run_after=2025-09-29 00:00:00+00:00
[2025-09-29T15:35:58.308+0000] {processor.py:183} INFO - Processing /home/airflow/.local/lib/python3.12/site-packages/airflow/example_dags/example_bash_operator.py took 0.258 seconds
[2025-09-29T15:36:28.465+0000] {processor.py:161} INFO - Started process (PID=1882) to work on /home/airflow/.local/lib/python3.12/site-packages/airflow/example_dags/example_bash_operator.py
[2025-09-29T15:36:28.468+0000] {processor.py:830} INFO - Processing file /home/airflow/.local/lib/python3.12/site-packages/airflow/example_dags/example_bash_operator.py for tasks to queue
[2025-09-29T15:36:28.472+0000] {logging_mixin.py:188} INFO - [2025-09-29T15:36:28.472+0000] {dagbag.py:545} INFO - Filling up the DagBag from /home/airflow/.local/lib/python3.12/site-packages/airflow/example_dags/example_bash_operator.py
[2025-09-29T15:36:28.498+0000] {processor.py:840} INFO - DAG(s) 'example_bash_operator' retrieved from /home/airflow/.local/lib/python3.12/site-packages/airflow/example_dags/example_bash_operator.py
[2025-09-29T15:36:28.573+0000] {logging_mixin.py:188} INFO - [2025-09-29T15:36:28.572+0000] {dag.py:3089} INFO - Sync 1 DAGs
[2025-09-29T15:36:28.633+0000] {logging_mixin.py:188} INFO - [2025-09-29T15:36:28.633+0000] {dag.py:3947} INFO - Setting next_dagrun for example_bash_operator to 2025-09-28 00:00:00+00:00, run_after=2025-09-29 00:00:00+00:00
[2025-09-29T15:36:28.682+0000] {processor.py:183} INFO - Processing /home/airflow/.local/lib/python3.12/site-packages/airflow/example_dags/example_bash_operator.py took 0.236 seconds
[2025-09-29T15:36:58.855+0000] {processor.py:161} INFO - Started process (PID=2129) to work on /home/airflow/.local/lib/python3.12/site-packages/airflow/example_dags/example_bash_operator.py
[2025-09-29T15:36:58.861+0000] {processor.py:830} INFO - Processing file /home/airflow/.local/lib/python3.12/site-packages/airflow/example_dags/example_bash_operator.py for tasks to queue
[2025-09-29T15:36:58.866+0000] {logging_mixin.py:188} INFO - [2025-09-29T15:36:58.865+0000] {dagbag.py:545} INFO - Filling up the DagBag from /home/airflow/.local/lib/python3.12/site-packages/airflow/example_dags/example_bash_operator.py
[2025-09-29T15:36:58.970+0000] {processor.py:840} INFO - DAG(s) 'example_bash_operator' retrieved from /home/airflow/.local/lib/python3.12/site-packages/airflow/example_dags/example_bash_operator.py
[2025-09-29T15:36:59.049+0000] {logging_mixin.py:188} INFO - [2025-09-29T15:36:59.048+0000] {dag.py:3089} INFO - Sync 1 DAGs
[2025-09-29T15:36:59.101+0000] {logging_mixin.py:188} INFO - [2025-09-29T15:36:59.101+0000] {dag.py:3947} INFO - Setting next_dagrun for example_bash_operator to 2025-09-28 00:00:00+00:00, run_after=2025-09-29 00:00:00+00:00
[2025-09-29T15:36:59.149+0000] {processor.py:183} INFO - Processing /home/airflow/.local/lib/python3.12/site-packages/airflow/example_dags/example_bash_operator.py took 0.313 seconds
[2025-09-29T15:37:29.477+0000] {processor.py:161} INFO - Started process (PID=2393) to work on /home/airflow/.local/lib/python3.12/site-packages/airflow/example_dags/example_bash_operator.py
[2025-09-29T15:37:29.481+0000] {processor.py:830} INFO - Processing file /home/airflow/.local/lib/python3.12/site-packages/airflow/example_dags/example_bash_operator.py for tasks to queue
[2025-09-29T15:37:29.486+0000] {logging_mixin.py:188} INFO - [2025-09-29T15:37:29.485+0000] {dagbag.py:545} INFO - Filling up the DagBag from /home/airflow/.local/lib/python3.12/site-packages/airflow/example_dags/example_bash_operator.py
[2025-09-29T15:37:29.515+0000] {processor.py:840} INFO - DAG(s) 'example_bash_operator' retrieved from /home/airflow/.local/lib/python3.12/site-packages/airflow/example_dags/example_bash_operator.py
[2025-09-29T15:37:29.588+0000] {logging_mixin.py:188} INFO - [2025-09-29T15:37:29.588+0000] {dag.py:3089} INFO - Sync 1 DAGs
[2025-09-29T15:37:29.646+0000] {logging_mixin.py:188} INFO - [2025-09-29T15:37:29.645+0000] {dag.py:3947} INFO - Setting next_dagrun for example_bash_operator to 2025-09-28 00:00:00+00:00, run_after=2025-09-29 00:00:00+00:00
[2025-09-29T15:37:29.700+0000] {processor.py:183} INFO - Processing /home/airflow/.local/lib/python3.12/site-packages/airflow/example_dags/example_bash_operator.py took 0.238 seconds
[2025-09-29T15:38:00.619+0000] {processor.py:161} INFO - Started process (PID=2655) to work on /home/airflow/.local/lib/python3.12/site-packages/airflow/example_dags/example_bash_operator.py
[2025-09-29T15:38:00.622+0000] {processor.py:830} INFO - Processing file /home/airflow/.local/lib/python3.12/site-packages/airflow/example_dags/example_bash_operator.py for tasks to queue
[2025-09-29T15:38:00.626+0000] {logging_mixin.py:188} INFO - [2025-09-29T15:38:00.626+0000] {dagbag.py:545} INFO - Filling up the DagBag from /home/airflow/.local/lib/python3.12/site-packages/airflow/example_dags/example_bash_operator.py
[2025-09-29T15:38:00.652+0000] {processor.py:840} INFO - DAG(s) 'example_bash_operator' retrieved from /home/airflow/.local/lib/python3.12/site-packages/airflow/example_dags/example_bash_operator.py
[2025-09-29T15:38:00.729+0000] {logging_mixin.py:188} INFO - [2025-09-29T15:38:00.728+0000] {dag.py:3089} INFO - Sync 1 DAGs
[2025-09-29T15:38:00.781+0000] {logging_mixin.py:188} INFO - [2025-09-29T15:38:00.780+0000] {dag.py:3947} INFO - Setting next_dagrun for example_bash_operator to 2025-09-28 00:00:00+00:00, run_after=2025-09-29 00:00:00+00:00
[2025-09-29T15:38:00.827+0000] {processor.py:183} INFO - Processing /home/airflow/.local/lib/python3.12/site-packages/airflow/example_dags/example_bash_operator.py took 0.222 seconds
[2025-09-29T15:38:31.097+0000] {processor.py:161} INFO - Started process (PID=2910) to work on /home/airflow/.local/lib/python3.12/site-packages/airflow/example_dags/example_bash_operator.py
[2025-09-29T15:38:31.100+0000] {processor.py:830} INFO - Processing file /home/airflow/.local/lib/python3.12/site-packages/airflow/example_dags/example_bash_operator.py for tasks to queue
[2025-09-29T15:38:31.104+0000] {logging_mixin.py:188} INFO - [2025-09-29T15:38:31.103+0000] {dagbag.py:545} INFO - Filling up the DagBag from /home/airflow/.local/lib/python3.12/site-packages/airflow/example_dags/example_bash_operator.py
[2025-09-29T15:38:31.143+0000] {processor.py:840} INFO - DAG(s) 'example_bash_operator' retrieved from /home/airflow/.local/lib/python3.12/site-packages/airflow/example_dags/example_bash_operator.py
[2025-09-29T15:38:31.222+0000] {logging_mixin.py:188} INFO - [2025-09-29T15:38:31.221+0000] {dag.py:3089} INFO - Sync 1 DAGs
[2025-09-29T15:38:31.277+0000] {logging_mixin.py:188} INFO - [2025-09-29T15:38:31.276+0000] {dag.py:3947} INFO - Setting next_dagrun for example_bash_operator to 2025-09-28 00:00:00+00:00, run_after=2025-09-29 00:00:00+00:00
[2025-09-29T15:38:31.327+0000] {processor.py:183} INFO - Processing /home/airflow/.local/lib/python3.12/site-packages/airflow/example_dags/example_bash_operator.py took 0.247 seconds
[2025-09-29T15:39:02.024+0000] {processor.py:161} INFO - Started process (PID=3172) to work on /home/airflow/.local/lib/python3.12/site-packages/airflow/example_dags/example_bash_operator.py
[2025-09-29T15:39:02.027+0000] {processor.py:830} INFO - Processing file /home/airflow/.local/lib/python3.12/site-packages/airflow/example_dags/example_bash_operator.py for tasks to queue
[2025-09-29T15:39:02.031+0000] {logging_mixin.py:188} INFO - [2025-09-29T15:39:02.031+0000] {dagbag.py:545} INFO - Filling up the DagBag from /home/airflow/.local/lib/python3.12/site-packages/airflow/example_dags/example_bash_operator.py
[2025-09-29T15:39:02.059+0000] {processor.py:840} INFO - DAG(s) 'example_bash_operator' retrieved from /home/airflow/.local/lib/python3.12/site-packages/airflow/example_dags/example_bash_operator.py
[2025-09-29T15:39:02.135+0000] {logging_mixin.py:188} INFO - [2025-09-29T15:39:02.134+0000] {dag.py:3089} INFO - Sync 1 DAGs
[2025-09-29T15:39:02.193+0000] {logging_mixin.py:188} INFO - [2025-09-29T15:39:02.193+0000] {dag.py:3947} INFO - Setting next_dagrun for example_bash_operator to 2025-09-28 00:00:00+00:00, run_after=2025-09-29 00:00:00+00:00
[2025-09-29T15:39:02.248+0000] {processor.py:183} INFO - Processing /home/airflow/.local/lib/python3.12/site-packages/airflow/example_dags/example_bash_operator.py took 0.239 seconds
[2025-09-29T15:39:33.073+0000] {processor.py:161} INFO - Started process (PID=3430) to work on /home/airflow/.local/lib/python3.12/site-packages/airflow/example_dags/example_bash_operator.py
[2025-09-29T15:39:33.089+0000] {processor.py:830} INFO - Processing file /home/airflow/.local/lib/python3.12/site-packages/airflow/example_dags/example_bash_operator.py for tasks to queue
[2025-09-29T15:39:33.093+0000] {logging_mixin.py:188} INFO - [2025-09-29T15:39:33.092+0000] {dagbag.py:545} INFO - Filling up the DagBag from /home/airflow/.local/lib/python3.12/site-packages/airflow/example_dags/example_bash_operator.py
[2025-09-29T15:39:33.121+0000] {processor.py:840} INFO - DAG(s) 'example_bash_operator' retrieved from /home/airflow/.local/lib/python3.12/site-packages/airflow/example_dags/example_bash_operator.py
[2025-09-29T15:39:33.197+0000] {logging_mixin.py:188} INFO - [2025-09-29T15:39:33.197+0000] {dag.py:3089} INFO - Sync 1 DAGs
[2025-09-29T15:39:33.255+0000] {logging_mixin.py:188} INFO - [2025-09-29T15:39:33.255+0000] {dag.py:3947} INFO - Setting next_dagrun for example_bash_operator to 2025-09-28 00:00:00+00:00, run_after=2025-09-29 00:00:00+00:00
[2025-09-29T15:39:33.307+0000] {processor.py:183} INFO - Processing /home/airflow/.local/lib/python3.12/site-packages/airflow/example_dags/example_bash_operator.py took 0.251 seconds
[2025-09-29T15:40:03.893+0000] {processor.py:161} INFO - Started process (PID=3692) to work on /home/airflow/.local/lib/python3.12/site-packages/airflow/example_dags/example_bash_operator.py
[2025-09-29T15:40:03.896+0000] {processor.py:830} INFO - Processing file /home/airflow/.local/lib/python3.12/site-packages/airflow/example_dags/example_bash_operator.py for tasks to queue
[2025-09-29T15:40:03.900+0000] {logging_mixin.py:188} INFO - [2025-09-29T15:40:03.900+0000] {dagbag.py:545} INFO - Filling up the DagBag from /home/airflow/.local/lib/python3.12/site-packages/airflow/example_dags/example_bash_operator.py
[2025-09-29T15:40:03.930+0000] {processor.py:840} INFO - DAG(s) 'example_bash_operator' retrieved from /home/airflow/.local/lib/python3.12/site-packages/airflow/example_dags/example_bash_operator.py
[2025-09-29T15:40:04.008+0000] {logging_mixin.py:188} INFO - [2025-09-29T15:40:04.007+0000] {dag.py:3089} INFO - Sync 1 DAGs
[2025-09-29T15:40:04.066+0000] {logging_mixin.py:188} INFO - [2025-09-29T15:40:04.066+0000] {dag.py:3947} INFO - Setting next_dagrun for example_bash_operator to 2025-09-28 00:00:00+00:00, run_after=2025-09-29 00:00:00+00:00
[2025-09-29T15:40:04.119+0000] {processor.py:183} INFO - Processing /home/airflow/.local/lib/python3.12/site-packages/airflow/example_dags/example_bash_operator.py took 0.241 seconds
[2025-09-29T15:40:34.824+0000] {processor.py:161} INFO - Started process (PID=3954) to work on /home/airflow/.local/lib/python3.12/site-packages/airflow/example_dags/example_bash_operator.py
[2025-09-29T15:40:34.838+0000] {processor.py:830} INFO - Processing file /home/airflow/.local/lib/python3.12/site-packages/airflow/example_dags/example_bash_operator.py for tasks to queue
[2025-09-29T15:40:34.842+0000] {logging_mixin.py:188} INFO - [2025-09-29T15:40:34.842+0000] {dagbag.py:545} INFO - Filling up the DagBag from /home/airflow/.local/lib/python3.12/site-packages/airflow/example_dags/example_bash_operator.py
[2025-09-29T15:40:34.870+0000] {processor.py:840} INFO - DAG(s) 'example_bash_operator' retrieved from /home/airflow/.local/lib/python3.12/site-packages/airflow/example_dags/example_bash_operator.py
[2025-09-29T15:40:34.943+0000] {logging_mixin.py:188} INFO - [2025-09-29T15:40:34.943+0000] {dag.py:3089} INFO - Sync 1 DAGs
[2025-09-29T15:40:34.994+0000] {logging_mixin.py:188} INFO - [2025-09-29T15:40:34.994+0000] {dag.py:3947} INFO - Setting next_dagrun for example_bash_operator to 2025-09-28 00:00:00+00:00, run_after=2025-09-29 00:00:00+00:00
[2025-09-29T15:40:35.040+0000] {processor.py:183} INFO - Processing /home/airflow/.local/lib/python3.12/site-packages/airflow/example_dags/example_bash_operator.py took 0.230 seconds
[2025-09-29T15:41:05.552+0000] {processor.py:161} INFO - Started process (PID=4216) to work on /home/airflow/.local/lib/python3.12/site-packages/airflow/example_dags/example_bash_operator.py
[2025-09-29T15:41:05.555+0000] {processor.py:830} INFO - Processing file /home/airflow/.local/lib/python3.12/site-packages/airflow/example_dags/example_bash_operator.py for tasks to queue
[2025-09-29T15:41:05.561+0000] {logging_mixin.py:188} INFO - [2025-09-29T15:41:05.560+0000] {dagbag.py:545} INFO - Filling up the DagBag from /home/airflow/.local/lib/python3.12/site-packages/airflow/example_dags/example_bash_operator.py
[2025-09-29T15:41:05.595+0000] {processor.py:840} INFO - DAG(s) 'example_bash_operator' retrieved from /home/airflow/.local/lib/python3.12/site-packages/airflow/example_dags/example_bash_operator.py
[2025-09-29T15:41:05.683+0000] {logging_mixin.py:188} INFO - [2025-09-29T15:41:05.682+0000] {dag.py:3089} INFO - Sync 1 DAGs
[2025-09-29T15:41:05.751+0000] {logging_mixin.py:188} INFO - [2025-09-29T15:41:05.751+0000] {dag.py:3947} INFO - Setting next_dagrun for example_bash_operator to 2025-09-28 00:00:00+00:00, run_after=2025-09-29 00:00:00+00:00
[2025-09-29T15:41:05.809+0000] {processor.py:183} INFO - Processing /home/airflow/.local/lib/python3.12/site-packages/airflow/example_dags/example_bash_operator.py took 0.274 seconds
[2025-09-29T15:41:36.021+0000] {processor.py:161} INFO - Started process (PID=4483) to work on /home/airflow/.local/lib/python3.12/site-packages/airflow/example_dags/example_bash_operator.py
[2025-09-29T15:41:36.023+0000] {processor.py:830} INFO - Processing file /home/airflow/.local/lib/python3.12/site-packages/airflow/example_dags/example_bash_operator.py for tasks to queue
[2025-09-29T15:41:36.027+0000] {logging_mixin.py:188} INFO - [2025-09-29T15:41:36.027+0000] {dagbag.py:545} INFO - Filling up the DagBag from /home/airflow/.local/lib/python3.12/site-packages/airflow/example_dags/example_bash_operator.py
[2025-09-29T15:41:36.055+0000] {processor.py:840} INFO - DAG(s) 'example_bash_operator' retrieved from /home/airflow/.local/lib/python3.12/site-packages/airflow/example_dags/example_bash_operator.py
[2025-09-29T15:41:36.127+0000] {logging_mixin.py:188} INFO - [2025-09-29T15:41:36.126+0000] {dag.py:3089} INFO - Sync 1 DAGs
[2025-09-29T15:41:36.179+0000] {logging_mixin.py:188} INFO - [2025-09-29T15:41:36.178+0000] {dag.py:3947} INFO - Setting next_dagrun for example_bash_operator to 2025-09-28 00:00:00+00:00, run_after=2025-09-29 00:00:00+00:00
[2025-09-29T15:41:36.230+0000] {processor.py:183} INFO - Processing /home/airflow/.local/lib/python3.12/site-packages/airflow/example_dags/example_bash_operator.py took 0.225 seconds
[2025-09-29T15:42:06.660+0000] {processor.py:161} INFO - Started process (PID=4740) to work on /home/airflow/.local/lib/python3.12/site-packages/airflow/example_dags/example_bash_operator.py
[2025-09-29T15:42:06.663+0000] {processor.py:830} INFO - Processing file /home/airflow/.local/lib/python3.12/site-packages/airflow/example_dags/example_bash_operator.py for tasks to queue
[2025-09-29T15:42:06.667+0000] {logging_mixin.py:188} INFO - [2025-09-29T15:42:06.666+0000] {dagbag.py:545} INFO - Filling up the DagBag from /home/airflow/.local/lib/python3.12/site-packages/airflow/example_dags/example_bash_operator.py
[2025-09-29T15:42:06.696+0000] {processor.py:840} INFO - DAG(s) 'example_bash_operator' retrieved from /home/airflow/.local/lib/python3.12/site-packages/airflow/example_dags/example_bash_operator.py
[2025-09-29T15:42:06.772+0000] {logging_mixin.py:188} INFO - [2025-09-29T15:42:06.771+0000] {dag.py:3089} INFO - Sync 1 DAGs
[2025-09-29T15:42:06.827+0000] {logging_mixin.py:188} INFO - [2025-09-29T15:42:06.827+0000] {dag.py:3947} INFO - Setting next_dagrun for example_bash_operator to 2025-09-28 00:00:00+00:00, run_after=2025-09-29 00:00:00+00:00
[2025-09-29T15:42:06.878+0000] {processor.py:183} INFO - Processing /home/airflow/.local/lib/python3.12/site-packages/airflow/example_dags/example_bash_operator.py took 0.235 seconds
[2025-09-29T15:42:37.135+0000] {processor.py:161} INFO - Started process (PID=5002) to work on /home/airflow/.local/lib/python3.12/site-packages/airflow/example_dags/example_bash_operator.py
[2025-09-29T15:42:37.137+0000] {processor.py:830} INFO - Processing file /home/airflow/.local/lib/python3.12/site-packages/airflow/example_dags/example_bash_operator.py for tasks to queue
[2025-09-29T15:42:37.141+0000] {logging_mixin.py:188} INFO - [2025-09-29T15:42:37.140+0000] {dagbag.py:545} INFO - Filling up the DagBag from /home/airflow/.local/lib/python3.12/site-packages/airflow/example_dags/example_bash_operator.py
[2025-09-29T15:42:37.167+0000] {processor.py:840} INFO - DAG(s) 'example_bash_operator' retrieved from /home/airflow/.local/lib/python3.12/site-packages/airflow/example_dags/example_bash_operator.py
[2025-09-29T15:42:37.253+0000] {logging_mixin.py:188} INFO - [2025-09-29T15:42:37.252+0000] {dag.py:3089} INFO - Sync 1 DAGs
[2025-09-29T15:42:37.332+0000] {logging_mixin.py:188} INFO - [2025-09-29T15:42:37.330+0000] {dag.py:3947} INFO - Setting next_dagrun for example_bash_operator to 2025-09-28 00:00:00+00:00, run_after=2025-09-29 00:00:00+00:00
[2025-09-29T15:42:37.412+0000] {processor.py:183} INFO - Processing /home/airflow/.local/lib/python3.12/site-packages/airflow/example_dags/example_bash_operator.py took 0.291 seconds
[2025-09-29T15:43:07.678+0000] {processor.py:161} INFO - Started process (PID=5264) to work on /home/airflow/.local/lib/python3.12/site-packages/airflow/example_dags/example_bash_operator.py
[2025-09-29T15:43:07.680+0000] {processor.py:830} INFO - Processing file /home/airflow/.local/lib/python3.12/site-packages/airflow/example_dags/example_bash_operator.py for tasks to queue
[2025-09-29T15:43:07.685+0000] {logging_mixin.py:188} INFO - [2025-09-29T15:43:07.684+0000] {dagbag.py:545} INFO - Filling up the DagBag from /home/airflow/.local/lib/python3.12/site-packages/airflow/example_dags/example_bash_operator.py
[2025-09-29T15:43:07.714+0000] {processor.py:840} INFO - DAG(s) 'example_bash_operator' retrieved from /home/airflow/.local/lib/python3.12/site-packages/airflow/example_dags/example_bash_operator.py
[2025-09-29T15:43:07.786+0000] {logging_mixin.py:188} INFO - [2025-09-29T15:43:07.785+0000] {dag.py:3089} INFO - Sync 1 DAGs
[2025-09-29T15:43:07.840+0000] {logging_mixin.py:188} INFO - [2025-09-29T15:43:07.839+0000] {dag.py:3947} INFO - Setting next_dagrun for example_bash_operator to 2025-09-28 00:00:00+00:00, run_after=2025-09-29 00:00:00+00:00
[2025-09-29T15:43:07.889+0000] {processor.py:183} INFO - Processing /home/airflow/.local/lib/python3.12/site-packages/airflow/example_dags/example_bash_operator.py took 0.226 seconds
[2025-09-29T15:43:38.153+0000] {processor.py:161} INFO - Started process (PID=5526) to work on /home/airflow/.local/lib/python3.12/site-packages/airflow/example_dags/example_bash_operator.py
[2025-09-29T15:43:38.156+0000] {processor.py:830} INFO - Processing file /home/airflow/.local/lib/python3.12/site-packages/airflow/example_dags/example_bash_operator.py for tasks to queue
[2025-09-29T15:43:38.161+0000] {logging_mixin.py:188} INFO - [2025-09-29T15:43:38.160+0000] {dagbag.py:545} INFO - Filling up the DagBag from /home/airflow/.local/lib/python3.12/site-packages/airflow/example_dags/example_bash_operator.py
[2025-09-29T15:43:38.191+0000] {processor.py:840} INFO - DAG(s) 'example_bash_operator' retrieved from /home/airflow/.local/lib/python3.12/site-packages/airflow/example_dags/example_bash_operator.py
[2025-09-29T15:43:38.271+0000] {logging_mixin.py:188} INFO - [2025-09-29T15:43:38.270+0000] {dag.py:3089} INFO - Sync 1 DAGs
[2025-09-29T15:43:38.342+0000] {logging_mixin.py:188} INFO - [2025-09-29T15:43:38.342+0000] {dag.py:3947} INFO - Setting next_dagrun for example_bash_operator to 2025-09-28 00:00:00+00:00, run_after=2025-09-29 00:00:00+00:00
[2025-09-29T15:43:38.404+0000] {processor.py:183} INFO - Processing /home/airflow/.local/lib/python3.12/site-packages/airflow/example_dags/example_bash_operator.py took 0.269 seconds
[2025-09-29T15:44:08.786+0000] {processor.py:161} INFO - Started process (PID=5788) to work on /home/airflow/.local/lib/python3.12/site-packages/airflow/example_dags/example_bash_operator.py
[2025-09-29T15:44:08.788+0000] {processor.py:830} INFO - Processing file /home/airflow/.local/lib/python3.12/site-packages/airflow/example_dags/example_bash_operator.py for tasks to queue
[2025-09-29T15:44:08.792+0000] {logging_mixin.py:188} INFO - [2025-09-29T15:44:08.791+0000] {dagbag.py:545} INFO - Filling up the DagBag from /home/airflow/.local/lib/python3.12/site-packages/airflow/example_dags/example_bash_operator.py
[2025-09-29T15:44:08.820+0000] {processor.py:840} INFO - DAG(s) 'example_bash_operator' retrieved from /home/airflow/.local/lib/python3.12/site-packages/airflow/example_dags/example_bash_operator.py
[2025-09-29T15:44:08.895+0000] {logging_mixin.py:188} INFO - [2025-09-29T15:44:08.894+0000] {dag.py:3089} INFO - Sync 1 DAGs
[2025-09-29T15:44:08.951+0000] {logging_mixin.py:188} INFO - [2025-09-29T15:44:08.950+0000] {dag.py:3947} INFO - Setting next_dagrun for example_bash_operator to 2025-09-28 00:00:00+00:00, run_after=2025-09-29 00:00:00+00:00
[2025-09-29T15:44:08.997+0000] {processor.py:183} INFO - Processing /home/airflow/.local/lib/python3.12/site-packages/airflow/example_dags/example_bash_operator.py took 0.225 seconds
[2025-09-29T15:44:39.317+0000] {processor.py:161} INFO - Started process (PID=6055) to work on /home/airflow/.local/lib/python3.12/site-packages/airflow/example_dags/example_bash_operator.py
[2025-09-29T15:44:39.320+0000] {processor.py:830} INFO - Processing file /home/airflow/.local/lib/python3.12/site-packages/airflow/example_dags/example_bash_operator.py for tasks to queue
[2025-09-29T15:44:39.324+0000] {logging_mixin.py:188} INFO - [2025-09-29T15:44:39.323+0000] {dagbag.py:545} INFO - Filling up the DagBag from /home/airflow/.local/lib/python3.12/site-packages/airflow/example_dags/example_bash_operator.py
[2025-09-29T15:44:39.351+0000] {processor.py:840} INFO - DAG(s) 'example_bash_operator' retrieved from /home/airflow/.local/lib/python3.12/site-packages/airflow/example_dags/example_bash_operator.py
[2025-09-29T15:44:39.421+0000] {logging_mixin.py:188} INFO - [2025-09-29T15:44:39.420+0000] {dag.py:3089} INFO - Sync 1 DAGs
[2025-09-29T15:44:39.476+0000] {logging_mixin.py:188} INFO - [2025-09-29T15:44:39.475+0000] {dag.py:3947} INFO - Setting next_dagrun for example_bash_operator to 2025-09-28 00:00:00+00:00, run_after=2025-09-29 00:00:00+00:00
[2025-09-29T15:44:39.521+0000] {processor.py:183} INFO - Processing /home/airflow/.local/lib/python3.12/site-packages/airflow/example_dags/example_bash_operator.py took 0.219 seconds
[2025-09-29T15:45:09.779+0000] {processor.py:161} INFO - Started process (PID=6315) to work on /home/airflow/.local/lib/python3.12/site-packages/airflow/example_dags/example_bash_operator.py
[2025-09-29T15:45:09.781+0000] {processor.py:830} INFO - Processing file /home/airflow/.local/lib/python3.12/site-packages/airflow/example_dags/example_bash_operator.py for tasks to queue
[2025-09-29T15:45:09.786+0000] {logging_mixin.py:188} INFO - [2025-09-29T15:45:09.785+0000] {dagbag.py:545} INFO - Filling up the DagBag from /home/airflow/.local/lib/python3.12/site-packages/airflow/example_dags/example_bash_operator.py
[2025-09-29T15:45:09.816+0000] {processor.py:840} INFO - DAG(s) 'example_bash_operator' retrieved from /home/airflow/.local/lib/python3.12/site-packages/airflow/example_dags/example_bash_operator.py
[2025-09-29T15:45:09.900+0000] {logging_mixin.py:188} INFO - [2025-09-29T15:45:09.900+0000] {dag.py:3089} INFO - Sync 1 DAGs
[2025-09-29T15:45:09.955+0000] {logging_mixin.py:188} INFO - [2025-09-29T15:45:09.954+0000] {dag.py:3947} INFO - Setting next_dagrun for example_bash_operator to 2025-09-28 00:00:00+00:00, run_after=2025-09-29 00:00:00+00:00
[2025-09-29T15:45:10.004+0000] {processor.py:183} INFO - Processing /home/airflow/.local/lib/python3.12/site-packages/airflow/example_dags/example_bash_operator.py took 0.239 seconds
[2025-09-29T15:45:40.356+0000] {processor.py:161} INFO - Started process (PID=6573) to work on /home/airflow/.local/lib/python3.12/site-packages/airflow/example_dags/example_bash_operator.py
[2025-09-29T15:45:40.359+0000] {processor.py:830} INFO - Processing file /home/airflow/.local/lib/python3.12/site-packages/airflow/example_dags/example_bash_operator.py for tasks to queue
[2025-09-29T15:45:40.363+0000] {logging_mixin.py:188} INFO - [2025-09-29T15:45:40.362+0000] {dagbag.py:545} INFO - Filling up the DagBag from /home/airflow/.local/lib/python3.12/site-packages/airflow/example_dags/example_bash_operator.py
[2025-09-29T15:45:40.391+0000] {processor.py:840} INFO - DAG(s) 'example_bash_operator' retrieved from /home/airflow/.local/lib/python3.12/site-packages/airflow/example_dags/example_bash_operator.py
[2025-09-29T15:45:40.458+0000] {logging_mixin.py:188} INFO - [2025-09-29T15:45:40.457+0000] {dag.py:3089} INFO - Sync 1 DAGs
[2025-09-29T15:45:40.510+0000] {logging_mixin.py:188} INFO - [2025-09-29T15:45:40.510+0000] {dag.py:3947} INFO - Setting next_dagrun for example_bash_operator to 2025-09-28 00:00:00+00:00, run_after=2025-09-29 00:00:00+00:00
[2025-09-29T15:45:40.568+0000] {processor.py:183} INFO - Processing /home/airflow/.local/lib/python3.12/site-packages/airflow/example_dags/example_bash_operator.py took 0.226 seconds
[2025-09-29T15:46:11.044+0000] {processor.py:161} INFO - Started process (PID=6834) to work on /home/airflow/.local/lib/python3.12/site-packages/airflow/example_dags/example_bash_operator.py
[2025-09-29T15:46:11.047+0000] {processor.py:830} INFO - Processing file /home/airflow/.local/lib/python3.12/site-packages/airflow/example_dags/example_bash_operator.py for tasks to queue
[2025-09-29T15:46:11.051+0000] {logging_mixin.py:188} INFO - [2025-09-29T15:46:11.051+0000] {dagbag.py:545} INFO - Filling up the DagBag from /home/airflow/.local/lib/python3.12/site-packages/airflow/example_dags/example_bash_operator.py
[2025-09-29T15:46:11.081+0000] {processor.py:840} INFO - DAG(s) 'example_bash_operator' retrieved from /home/airflow/.local/lib/python3.12/site-packages/airflow/example_dags/example_bash_operator.py
[2025-09-29T15:46:11.151+0000] {logging_mixin.py:188} INFO - [2025-09-29T15:46:11.150+0000] {dag.py:3089} INFO - Sync 1 DAGs
[2025-09-29T15:46:11.205+0000] {logging_mixin.py:188} INFO - [2025-09-29T15:46:11.205+0000] {dag.py:3947} INFO - Setting next_dagrun for example_bash_operator to 2025-09-28 00:00:00+00:00, run_after=2025-09-29 00:00:00+00:00
[2025-09-29T15:46:11.253+0000] {processor.py:183} INFO - Processing /home/airflow/.local/lib/python3.12/site-packages/airflow/example_dags/example_bash_operator.py took 0.224 seconds
[2025-09-29T15:46:41.438+0000] {processor.py:161} INFO - Started process (PID=7097) to work on /home/airflow/.local/lib/python3.12/site-packages/airflow/example_dags/example_bash_operator.py
[2025-09-29T15:46:41.440+0000] {processor.py:830} INFO - Processing file /home/airflow/.local/lib/python3.12/site-packages/airflow/example_dags/example_bash_operator.py for tasks to queue
[2025-09-29T15:46:41.444+0000] {logging_mixin.py:188} INFO - [2025-09-29T15:46:41.443+0000] {dagbag.py:545} INFO - Filling up the DagBag from /home/airflow/.local/lib/python3.12/site-packages/airflow/example_dags/example_bash_operator.py
[2025-09-29T15:46:41.471+0000] {processor.py:840} INFO - DAG(s) 'example_bash_operator' retrieved from /home/airflow/.local/lib/python3.12/site-packages/airflow/example_dags/example_bash_operator.py
[2025-09-29T15:46:41.541+0000] {logging_mixin.py:188} INFO - [2025-09-29T15:46:41.541+0000] {dag.py:3089} INFO - Sync 1 DAGs
[2025-09-29T15:46:41.595+0000] {logging_mixin.py:188} INFO - [2025-09-29T15:46:41.595+0000] {dag.py:3947} INFO - Setting next_dagrun for example_bash_operator to 2025-09-28 00:00:00+00:00, run_after=2025-09-29 00:00:00+00:00
[2025-09-29T15:46:41.647+0000] {processor.py:183} INFO - Processing /home/airflow/.local/lib/python3.12/site-packages/airflow/example_dags/example_bash_operator.py took 0.223 seconds
[2025-09-29T15:47:12.913+0000] {processor.py:161} INFO - Started process (PID=7358) to work on /home/airflow/.local/lib/python3.12/site-packages/airflow/example_dags/example_bash_operator.py
[2025-09-29T15:47:12.916+0000] {processor.py:830} INFO - Processing file /home/airflow/.local/lib/python3.12/site-packages/airflow/example_dags/example_bash_operator.py for tasks to queue
[2025-09-29T15:47:12.920+0000] {logging_mixin.py:188} INFO - [2025-09-29T15:47:12.920+0000] {dagbag.py:545} INFO - Filling up the DagBag from /home/airflow/.local/lib/python3.12/site-packages/airflow/example_dags/example_bash_operator.py
[2025-09-29T15:47:12.951+0000] {processor.py:840} INFO - DAG(s) 'example_bash_operator' retrieved from /home/airflow/.local/lib/python3.12/site-packages/airflow/example_dags/example_bash_operator.py
[2025-09-29T15:47:13.026+0000] {logging_mixin.py:188} INFO - [2025-09-29T15:47:13.025+0000] {dag.py:3089} INFO - Sync 1 DAGs
[2025-09-29T15:47:13.084+0000] {logging_mixin.py:188} INFO - [2025-09-29T15:47:13.083+0000] {dag.py:3947} INFO - Setting next_dagrun for example_bash_operator to 2025-09-28 00:00:00+00:00, run_after=2025-09-29 00:00:00+00:00
[2025-09-29T15:47:13.141+0000] {processor.py:183} INFO - Processing /home/airflow/.local/lib/python3.12/site-packages/airflow/example_dags/example_bash_operator.py took 0.246 seconds
[2025-09-29T15:47:44.252+0000] {processor.py:161} INFO - Started process (PID=7622) to work on /home/airflow/.local/lib/python3.12/site-packages/airflow/example_dags/example_bash_operator.py
[2025-09-29T15:47:44.255+0000] {processor.py:830} INFO - Processing file /home/airflow/.local/lib/python3.12/site-packages/airflow/example_dags/example_bash_operator.py for tasks to queue
[2025-09-29T15:47:44.259+0000] {logging_mixin.py:188} INFO - [2025-09-29T15:47:44.258+0000] {dagbag.py:545} INFO - Filling up the DagBag from /home/airflow/.local/lib/python3.12/site-packages/airflow/example_dags/example_bash_operator.py
[2025-09-29T15:47:44.288+0000] {processor.py:840} INFO - DAG(s) 'example_bash_operator' retrieved from /home/airflow/.local/lib/python3.12/site-packages/airflow/example_dags/example_bash_operator.py
[2025-09-29T15:47:44.361+0000] {logging_mixin.py:188} INFO - [2025-09-29T15:47:44.360+0000] {dag.py:3089} INFO - Sync 1 DAGs
[2025-09-29T15:47:44.414+0000] {logging_mixin.py:188} INFO - [2025-09-29T15:47:44.414+0000] {dag.py:3947} INFO - Setting next_dagrun for example_bash_operator to 2025-09-28 00:00:00+00:00, run_after=2025-09-29 00:00:00+00:00
[2025-09-29T15:47:44.462+0000] {processor.py:183} INFO - Processing /home/airflow/.local/lib/python3.12/site-packages/airflow/example_dags/example_bash_operator.py took 0.226 seconds
[2025-09-29T15:48:15.219+0000] {processor.py:161} INFO - Started process (PID=7884) to work on /home/airflow/.local/lib/python3.12/site-packages/airflow/example_dags/example_bash_operator.py
[2025-09-29T15:48:15.222+0000] {processor.py:830} INFO - Processing file /home/airflow/.local/lib/python3.12/site-packages/airflow/example_dags/example_bash_operator.py for tasks to queue
[2025-09-29T15:48:15.226+0000] {logging_mixin.py:188} INFO - [2025-09-29T15:48:15.225+0000] {dagbag.py:545} INFO - Filling up the DagBag from /home/airflow/.local/lib/python3.12/site-packages/airflow/example_dags/example_bash_operator.py
[2025-09-29T15:48:15.253+0000] {processor.py:840} INFO - DAG(s) 'example_bash_operator' retrieved from /home/airflow/.local/lib/python3.12/site-packages/airflow/example_dags/example_bash_operator.py
[2025-09-29T15:48:15.321+0000] {logging_mixin.py:188} INFO - [2025-09-29T15:48:15.321+0000] {dag.py:3089} INFO - Sync 1 DAGs
[2025-09-29T15:48:15.382+0000] {logging_mixin.py:188} INFO - [2025-09-29T15:48:15.382+0000] {dag.py:3947} INFO - Setting next_dagrun for example_bash_operator to 2025-09-28 00:00:00+00:00, run_after=2025-09-29 00:00:00+00:00
[2025-09-29T15:48:15.435+0000] {processor.py:183} INFO - Processing /home/airflow/.local/lib/python3.12/site-packages/airflow/example_dags/example_bash_operator.py took 0.229 seconds
[2025-09-29T15:48:45.862+0000] {processor.py:161} INFO - Started process (PID=8144) to work on /home/airflow/.local/lib/python3.12/site-packages/airflow/example_dags/example_bash_operator.py
[2025-09-29T15:48:45.865+0000] {processor.py:830} INFO - Processing file /home/airflow/.local/lib/python3.12/site-packages/airflow/example_dags/example_bash_operator.py for tasks to queue
[2025-09-29T15:48:45.870+0000] {logging_mixin.py:188} INFO - [2025-09-29T15:48:45.869+0000] {dagbag.py:545} INFO - Filling up the DagBag from /home/airflow/.local/lib/python3.12/site-packages/airflow/example_dags/example_bash_operator.py
[2025-09-29T15:48:45.897+0000] {processor.py:840} INFO - DAG(s) 'example_bash_operator' retrieved from /home/airflow/.local/lib/python3.12/site-packages/airflow/example_dags/example_bash_operator.py
[2025-09-29T15:48:45.973+0000] {logging_mixin.py:188} INFO - [2025-09-29T15:48:45.972+0000] {dag.py:3089} INFO - Sync 1 DAGs
[2025-09-29T15:48:46.027+0000] {logging_mixin.py:188} INFO - [2025-09-29T15:48:46.026+0000] {dag.py:3947} INFO - Setting next_dagrun for example_bash_operator to 2025-09-28 00:00:00+00:00, run_after=2025-09-29 00:00:00+00:00
[2025-09-29T15:48:46.076+0000] {processor.py:183} INFO - Processing /home/airflow/.local/lib/python3.12/site-packages/airflow/example_dags/example_bash_operator.py took 0.230 seconds
[2025-09-29T15:49:16.228+0000] {processor.py:161} INFO - Started process (PID=8406) to work on /home/airflow/.local/lib/python3.12/site-packages/airflow/example_dags/example_bash_operator.py
[2025-09-29T15:49:16.230+0000] {processor.py:830} INFO - Processing file /home/airflow/.local/lib/python3.12/site-packages/airflow/example_dags/example_bash_operator.py for tasks to queue
[2025-09-29T15:49:16.234+0000] {logging_mixin.py:188} INFO - [2025-09-29T15:49:16.233+0000] {dagbag.py:545} INFO - Filling up the DagBag from /home/airflow/.local/lib/python3.12/site-packages/airflow/example_dags/example_bash_operator.py
[2025-09-29T15:49:16.263+0000] {processor.py:840} INFO - DAG(s) 'example_bash_operator' retrieved from /home/airflow/.local/lib/python3.12/site-packages/airflow/example_dags/example_bash_operator.py
[2025-09-29T15:49:16.341+0000] {logging_mixin.py:188} INFO - [2025-09-29T15:49:16.341+0000] {dag.py:3089} INFO - Sync 1 DAGs
[2025-09-29T15:49:16.400+0000] {logging_mixin.py:188} INFO - [2025-09-29T15:49:16.399+0000] {dag.py:3947} INFO - Setting next_dagrun for example_bash_operator to 2025-09-28 00:00:00+00:00, run_after=2025-09-29 00:00:00+00:00
[2025-09-29T15:49:16.449+0000] {processor.py:183} INFO - Processing /home/airflow/.local/lib/python3.12/site-packages/airflow/example_dags/example_bash_operator.py took 0.235 seconds
[2025-09-29T15:49:46.811+0000] {processor.py:161} INFO - Started process (PID=8662) to work on /home/airflow/.local/lib/python3.12/site-packages/airflow/example_dags/example_bash_operator.py
[2025-09-29T15:49:46.813+0000] {processor.py:830} INFO - Processing file /home/airflow/.local/lib/python3.12/site-packages/airflow/example_dags/example_bash_operator.py for tasks to queue
[2025-09-29T15:49:46.817+0000] {logging_mixin.py:188} INFO - [2025-09-29T15:49:46.816+0000] {dagbag.py:545} INFO - Filling up the DagBag from /home/airflow/.local/lib/python3.12/site-packages/airflow/example_dags/example_bash_operator.py
[2025-09-29T15:49:46.844+0000] {processor.py:840} INFO - DAG(s) 'example_bash_operator' retrieved from /home/airflow/.local/lib/python3.12/site-packages/airflow/example_dags/example_bash_operator.py
[2025-09-29T15:49:46.913+0000] {logging_mixin.py:188} INFO - [2025-09-29T15:49:46.912+0000] {dag.py:3089} INFO - Sync 1 DAGs
[2025-09-29T15:49:46.968+0000] {logging_mixin.py:188} INFO - [2025-09-29T15:49:46.968+0000] {dag.py:3947} INFO - Setting next_dagrun for example_bash_operator to 2025-09-28 00:00:00+00:00, run_after=2025-09-29 00:00:00+00:00
[2025-09-29T15:49:47.014+0000] {processor.py:183} INFO - Processing /home/airflow/.local/lib/python3.12/site-packages/airflow/example_dags/example_bash_operator.py took 0.217 seconds
[2025-09-29T15:50:18.279+0000] {processor.py:161} INFO - Started process (PID=8924) to work on /home/airflow/.local/lib/python3.12/site-packages/airflow/example_dags/example_bash_operator.py
[2025-09-29T15:50:18.282+0000] {processor.py:830} INFO - Processing file /home/airflow/.local/lib/python3.12/site-packages/airflow/example_dags/example_bash_operator.py for tasks to queue
[2025-09-29T15:50:18.286+0000] {logging_mixin.py:188} INFO - [2025-09-29T15:50:18.285+0000] {dagbag.py:545} INFO - Filling up the DagBag from /home/airflow/.local/lib/python3.12/site-packages/airflow/example_dags/example_bash_operator.py
[2025-09-29T15:50:18.314+0000] {processor.py:840} INFO - DAG(s) 'example_bash_operator' retrieved from /home/airflow/.local/lib/python3.12/site-packages/airflow/example_dags/example_bash_operator.py
[2025-09-29T15:50:18.390+0000] {logging_mixin.py:188} INFO - [2025-09-29T15:50:18.390+0000] {dag.py:3089} INFO - Sync 1 DAGs
[2025-09-29T15:50:18.446+0000] {logging_mixin.py:188} INFO - [2025-09-29T15:50:18.445+0000] {dag.py:3947} INFO - Setting next_dagrun for example_bash_operator to 2025-09-28 00:00:00+00:00, run_after=2025-09-29 00:00:00+00:00
[2025-09-29T15:50:18.490+0000] {processor.py:183} INFO - Processing /home/airflow/.local/lib/python3.12/site-packages/airflow/example_dags/example_bash_operator.py took 0.225 seconds
[2025-09-29T15:50:48.767+0000] {processor.py:161} INFO - Started process (PID=9186) to work on /home/airflow/.local/lib/python3.12/site-packages/airflow/example_dags/example_bash_operator.py
[2025-09-29T15:50:48.770+0000] {processor.py:830} INFO - Processing file /home/airflow/.local/lib/python3.12/site-packages/airflow/example_dags/example_bash_operator.py for tasks to queue
[2025-09-29T15:50:48.775+0000] {logging_mixin.py:188} INFO - [2025-09-29T15:50:48.774+0000] {dagbag.py:545} INFO - Filling up the DagBag from /home/airflow/.local/lib/python3.12/site-packages/airflow/example_dags/example_bash_operator.py
[2025-09-29T15:50:48.810+0000] {processor.py:840} INFO - DAG(s) 'example_bash_operator' retrieved from /home/airflow/.local/lib/python3.12/site-packages/airflow/example_dags/example_bash_operator.py
[2025-09-29T15:50:48.909+0000] {logging_mixin.py:188} INFO - [2025-09-29T15:50:48.908+0000] {dag.py:3089} INFO - Sync 1 DAGs
[2025-09-29T15:50:49.026+0000] {logging_mixin.py:188} INFO - [2025-09-29T15:50:49.025+0000] {dag.py:3947} INFO - Setting next_dagrun for example_bash_operator to 2025-09-28 00:00:00+00:00, run_after=2025-09-29 00:00:00+00:00
[2025-09-29T15:50:49.101+0000] {processor.py:183} INFO - Processing /home/airflow/.local/lib/python3.12/site-packages/airflow/example_dags/example_bash_operator.py took 0.349 seconds
[2025-09-29T15:51:19.881+0000] {processor.py:161} INFO - Started process (PID=9445) to work on /home/airflow/.local/lib/python3.12/site-packages/airflow/example_dags/example_bash_operator.py
[2025-09-29T15:51:19.884+0000] {processor.py:830} INFO - Processing file /home/airflow/.local/lib/python3.12/site-packages/airflow/example_dags/example_bash_operator.py for tasks to queue
[2025-09-29T15:51:19.888+0000] {logging_mixin.py:188} INFO - [2025-09-29T15:51:19.887+0000] {dagbag.py:545} INFO - Filling up the DagBag from /home/airflow/.local/lib/python3.12/site-packages/airflow/example_dags/example_bash_operator.py
[2025-09-29T15:51:19.914+0000] {processor.py:840} INFO - DAG(s) 'example_bash_operator' retrieved from /home/airflow/.local/lib/python3.12/site-packages/airflow/example_dags/example_bash_operator.py
[2025-09-29T15:51:19.988+0000] {logging_mixin.py:188} INFO - [2025-09-29T15:51:19.988+0000] {dag.py:3089} INFO - Sync 1 DAGs
[2025-09-29T15:51:20.040+0000] {logging_mixin.py:188} INFO - [2025-09-29T15:51:20.039+0000] {dag.py:3947} INFO - Setting next_dagrun for example_bash_operator to 2025-09-28 00:00:00+00:00, run_after=2025-09-29 00:00:00+00:00
[2025-09-29T15:51:20.085+0000] {processor.py:183} INFO - Processing /home/airflow/.local/lib/python3.12/site-packages/airflow/example_dags/example_bash_operator.py took 0.218 seconds
[2025-09-29T15:51:50.223+0000] {processor.py:161} INFO - Started process (PID=9707) to work on /home/airflow/.local/lib/python3.12/site-packages/airflow/example_dags/example_bash_operator.py
[2025-09-29T15:51:50.239+0000] {processor.py:830} INFO - Processing file /home/airflow/.local/lib/python3.12/site-packages/airflow/example_dags/example_bash_operator.py for tasks to queue
[2025-09-29T15:51:50.243+0000] {logging_mixin.py:188} INFO - [2025-09-29T15:51:50.242+0000] {dagbag.py:545} INFO - Filling up the DagBag from /home/airflow/.local/lib/python3.12/site-packages/airflow/example_dags/example_bash_operator.py
[2025-09-29T15:51:50.277+0000] {processor.py:840} INFO - DAG(s) 'example_bash_operator' retrieved from /home/airflow/.local/lib/python3.12/site-packages/airflow/example_dags/example_bash_operator.py
[2025-09-29T15:51:50.347+0000] {logging_mixin.py:188} INFO - [2025-09-29T15:51:50.347+0000] {dag.py:3089} INFO - Sync 1 DAGs
[2025-09-29T15:51:50.398+0000] {logging_mixin.py:188} INFO - [2025-09-29T15:51:50.398+0000] {dag.py:3947} INFO - Setting next_dagrun for example_bash_operator to 2025-09-28 00:00:00+00:00, run_after=2025-09-29 00:00:00+00:00
[2025-09-29T15:51:50.441+0000] {processor.py:183} INFO - Processing /home/airflow/.local/lib/python3.12/site-packages/airflow/example_dags/example_bash_operator.py took 0.233 seconds
[2025-09-29T15:52:21.001+0000] {processor.py:161} INFO - Started process (PID=9969) to work on /home/airflow/.local/lib/python3.12/site-packages/airflow/example_dags/example_bash_operator.py
[2025-09-29T15:52:21.004+0000] {processor.py:830} INFO - Processing file /home/airflow/.local/lib/python3.12/site-packages/airflow/example_dags/example_bash_operator.py for tasks to queue
[2025-09-29T15:52:21.008+0000] {logging_mixin.py:188} INFO - [2025-09-29T15:52:21.007+0000] {dagbag.py:545} INFO - Filling up the DagBag from /home/airflow/.local/lib/python3.12/site-packages/airflow/example_dags/example_bash_operator.py
[2025-09-29T15:52:21.038+0000] {processor.py:840} INFO - DAG(s) 'example_bash_operator' retrieved from /home/airflow/.local/lib/python3.12/site-packages/airflow/example_dags/example_bash_operator.py
[2025-09-29T15:52:21.111+0000] {logging_mixin.py:188} INFO - [2025-09-29T15:52:21.110+0000] {dag.py:3089} INFO - Sync 1 DAGs
[2025-09-29T15:52:21.164+0000] {logging_mixin.py:188} INFO - [2025-09-29T15:52:21.163+0000] {dag.py:3947} INFO - Setting next_dagrun for example_bash_operator to 2025-09-28 00:00:00+00:00, run_after=2025-09-29 00:00:00+00:00
[2025-09-29T15:52:21.218+0000] {processor.py:183} INFO - Processing /home/airflow/.local/lib/python3.12/site-packages/airflow/example_dags/example_bash_operator.py took 0.231 seconds
[2025-09-29T15:52:51.871+0000] {processor.py:161} INFO - Started process (PID=10231) to work on /home/airflow/.local/lib/python3.12/site-packages/airflow/example_dags/example_bash_operator.py
[2025-09-29T15:52:51.886+0000] {processor.py:830} INFO - Processing file /home/airflow/.local/lib/python3.12/site-packages/airflow/example_dags/example_bash_operator.py for tasks to queue
[2025-09-29T15:52:51.891+0000] {logging_mixin.py:188} INFO - [2025-09-29T15:52:51.890+0000] {dagbag.py:545} INFO - Filling up the DagBag from /home/airflow/.local/lib/python3.12/site-packages/airflow/example_dags/example_bash_operator.py
[2025-09-29T15:52:51.928+0000] {processor.py:840} INFO - DAG(s) 'example_bash_operator' retrieved from /home/airflow/.local/lib/python3.12/site-packages/airflow/example_dags/example_bash_operator.py
[2025-09-29T15:52:52.011+0000] {logging_mixin.py:188} INFO - [2025-09-29T15:52:52.011+0000] {dag.py:3089} INFO - Sync 1 DAGs
[2025-09-29T15:52:52.069+0000] {logging_mixin.py:188} INFO - [2025-09-29T15:52:52.068+0000] {dag.py:3947} INFO - Setting next_dagrun for example_bash_operator to 2025-09-28 00:00:00+00:00, run_after=2025-09-29 00:00:00+00:00
[2025-09-29T15:52:52.131+0000] {processor.py:183} INFO - Processing /home/airflow/.local/lib/python3.12/site-packages/airflow/example_dags/example_bash_operator.py took 0.276 seconds
[2025-09-29T15:53:23.007+0000] {processor.py:161} INFO - Started process (PID=10493) to work on /home/airflow/.local/lib/python3.12/site-packages/airflow/example_dags/example_bash_operator.py
[2025-09-29T15:53:23.010+0000] {processor.py:830} INFO - Processing file /home/airflow/.local/lib/python3.12/site-packages/airflow/example_dags/example_bash_operator.py for tasks to queue
[2025-09-29T15:53:23.015+0000] {logging_mixin.py:188} INFO - [2025-09-29T15:53:23.014+0000] {dagbag.py:545} INFO - Filling up the DagBag from /home/airflow/.local/lib/python3.12/site-packages/airflow/example_dags/example_bash_operator.py
[2025-09-29T15:53:23.042+0000] {processor.py:840} INFO - DAG(s) 'example_bash_operator' retrieved from /home/airflow/.local/lib/python3.12/site-packages/airflow/example_dags/example_bash_operator.py
[2025-09-29T15:53:23.433+0000] {logging_mixin.py:188} INFO - [2025-09-29T15:53:23.432+0000] {dag.py:3089} INFO - Sync 1 DAGs
[2025-09-29T15:53:23.476+0000] {logging_mixin.py:188} INFO - [2025-09-29T15:53:23.476+0000] {dag.py:3947} INFO - Setting next_dagrun for example_bash_operator to 2025-09-28 00:00:00+00:00, run_after=2025-09-29 00:00:00+00:00
[2025-09-29T15:53:23.519+0000] {processor.py:183} INFO - Processing /home/airflow/.local/lib/python3.12/site-packages/airflow/example_dags/example_bash_operator.py took 0.528 seconds
[2025-09-29T15:53:53.752+0000] {processor.py:161} INFO - Started process (PID=10755) to work on /home/airflow/.local/lib/python3.12/site-packages/airflow/example_dags/example_bash_operator.py
[2025-09-29T15:53:53.768+0000] {processor.py:830} INFO - Processing file /home/airflow/.local/lib/python3.12/site-packages/airflow/example_dags/example_bash_operator.py for tasks to queue
[2025-09-29T15:53:53.772+0000] {logging_mixin.py:188} INFO - [2025-09-29T15:53:53.771+0000] {dagbag.py:545} INFO - Filling up the DagBag from /home/airflow/.local/lib/python3.12/site-packages/airflow/example_dags/example_bash_operator.py
[2025-09-29T15:53:53.800+0000] {processor.py:840} INFO - DAG(s) 'example_bash_operator' retrieved from /home/airflow/.local/lib/python3.12/site-packages/airflow/example_dags/example_bash_operator.py
[2025-09-29T15:53:53.869+0000] {logging_mixin.py:188} INFO - [2025-09-29T15:53:53.868+0000] {dag.py:3089} INFO - Sync 1 DAGs
[2025-09-29T15:53:54.281+0000] {logging_mixin.py:188} INFO - [2025-09-29T15:53:54.280+0000] {dag.py:3947} INFO - Setting next_dagrun for example_bash_operator to 2025-09-28 00:00:00+00:00, run_after=2025-09-29 00:00:00+00:00
[2025-09-29T15:53:54.324+0000] {processor.py:183} INFO - Processing /home/airflow/.local/lib/python3.12/site-packages/airflow/example_dags/example_bash_operator.py took 0.586 seconds
[2025-09-29T15:54:24.594+0000] {processor.py:161} INFO - Started process (PID=11017) to work on /home/airflow/.local/lib/python3.12/site-packages/airflow/example_dags/example_bash_operator.py
[2025-09-29T15:54:24.597+0000] {processor.py:830} INFO - Processing file /home/airflow/.local/lib/python3.12/site-packages/airflow/example_dags/example_bash_operator.py for tasks to queue
[2025-09-29T15:54:24.601+0000] {logging_mixin.py:188} INFO - [2025-09-29T15:54:24.600+0000] {dagbag.py:545} INFO - Filling up the DagBag from /home/airflow/.local/lib/python3.12/site-packages/airflow/example_dags/example_bash_operator.py
[2025-09-29T15:54:23.992+0000] {processor.py:840} INFO - DAG(s) 'example_bash_operator' retrieved from /home/airflow/.local/lib/python3.12/site-packages/airflow/example_dags/example_bash_operator.py
[2025-09-29T15:54:24.060+0000] {logging_mixin.py:188} INFO - [2025-09-29T15:54:24.060+0000] {dag.py:3089} INFO - Sync 1 DAGs
[2025-09-29T15:54:23.207+0000] {logging_mixin.py:188} INFO - [2025-09-29T15:54:23.206+0000] {dag.py:3947} INFO - Setting next_dagrun for example_bash_operator to 2025-09-28 00:00:00+00:00, run_after=2025-09-29 00:00:00+00:00
[2025-09-29T15:54:23.255+0000] {processor.py:183} INFO - Processing /home/airflow/.local/lib/python3.12/site-packages/airflow/example_dags/example_bash_operator.py took 0.219 seconds
[2025-09-29T15:54:53.910+0000] {processor.py:161} INFO - Started process (PID=11274) to work on /home/airflow/.local/lib/python3.12/site-packages/airflow/example_dags/example_bash_operator.py
[2025-09-29T15:54:53.913+0000] {processor.py:830} INFO - Processing file /home/airflow/.local/lib/python3.12/site-packages/airflow/example_dags/example_bash_operator.py for tasks to queue
[2025-09-29T15:54:53.919+0000] {logging_mixin.py:188} INFO - [2025-09-29T15:54:53.918+0000] {dagbag.py:545} INFO - Filling up the DagBag from /home/airflow/.local/lib/python3.12/site-packages/airflow/example_dags/example_bash_operator.py
[2025-09-29T15:54:53.947+0000] {processor.py:840} INFO - DAG(s) 'example_bash_operator' retrieved from /home/airflow/.local/lib/python3.12/site-packages/airflow/example_dags/example_bash_operator.py
[2025-09-29T15:54:54.026+0000] {logging_mixin.py:188} INFO - [2025-09-29T15:54:54.025+0000] {dag.py:3089} INFO - Sync 1 DAGs
[2025-09-29T15:54:54.075+0000] {logging_mixin.py:188} INFO - [2025-09-29T15:54:54.075+0000] {dag.py:3947} INFO - Setting next_dagrun for example_bash_operator to 2025-09-28 00:00:00+00:00, run_after=2025-09-29 00:00:00+00:00
[2025-09-29T15:54:54.124+0000] {processor.py:183} INFO - Processing /home/airflow/.local/lib/python3.12/site-packages/airflow/example_dags/example_bash_operator.py took 0.228 seconds
[2025-09-29T15:55:25.121+0000] {processor.py:161} INFO - Started process (PID=11541) to work on /home/airflow/.local/lib/python3.12/site-packages/airflow/example_dags/example_bash_operator.py
[2025-09-29T15:55:25.124+0000] {processor.py:830} INFO - Processing file /home/airflow/.local/lib/python3.12/site-packages/airflow/example_dags/example_bash_operator.py for tasks to queue
[2025-09-29T15:55:25.128+0000] {logging_mixin.py:188} INFO - [2025-09-29T15:55:25.127+0000] {dagbag.py:545} INFO - Filling up the DagBag from /home/airflow/.local/lib/python3.12/site-packages/airflow/example_dags/example_bash_operator.py
[2025-09-29T15:55:25.153+0000] {processor.py:840} INFO - DAG(s) 'example_bash_operator' retrieved from /home/airflow/.local/lib/python3.12/site-packages/airflow/example_dags/example_bash_operator.py
[2025-09-29T15:55:25.224+0000] {logging_mixin.py:188} INFO - [2025-09-29T15:55:25.224+0000] {dag.py:3089} INFO - Sync 1 DAGs
[2025-09-29T15:55:25.277+0000] {logging_mixin.py:188} INFO - [2025-09-29T15:55:25.276+0000] {dag.py:3947} INFO - Setting next_dagrun for example_bash_operator to 2025-09-28 00:00:00+00:00, run_after=2025-09-29 00:00:00+00:00
[2025-09-29T15:55:25.325+0000] {processor.py:183} INFO - Processing /home/airflow/.local/lib/python3.12/site-packages/airflow/example_dags/example_bash_operator.py took 0.220 seconds
[2025-09-29T15:55:56.180+0000] {processor.py:161} INFO - Started process (PID=11806) to work on /home/airflow/.local/lib/python3.12/site-packages/airflow/example_dags/example_bash_operator.py
[2025-09-29T15:55:56.183+0000] {processor.py:830} INFO - Processing file /home/airflow/.local/lib/python3.12/site-packages/airflow/example_dags/example_bash_operator.py for tasks to queue
[2025-09-29T15:55:56.187+0000] {logging_mixin.py:188} INFO - [2025-09-29T15:55:56.186+0000] {dagbag.py:545} INFO - Filling up the DagBag from /home/airflow/.local/lib/python3.12/site-packages/airflow/example_dags/example_bash_operator.py
[2025-09-29T15:55:56.213+0000] {processor.py:840} INFO - DAG(s) 'example_bash_operator' retrieved from /home/airflow/.local/lib/python3.12/site-packages/airflow/example_dags/example_bash_operator.py
[2025-09-29T15:55:56.284+0000] {logging_mixin.py:188} INFO - [2025-09-29T15:55:56.283+0000] {dag.py:3089} INFO - Sync 1 DAGs
[2025-09-29T15:55:56.338+0000] {logging_mixin.py:188} INFO - [2025-09-29T15:55:56.338+0000] {dag.py:3947} INFO - Setting next_dagrun for example_bash_operator to 2025-09-28 00:00:00+00:00, run_after=2025-09-29 00:00:00+00:00
[2025-09-29T15:55:56.387+0000] {processor.py:183} INFO - Processing /home/airflow/.local/lib/python3.12/site-packages/airflow/example_dags/example_bash_operator.py took 0.221 seconds
[2025-09-29T15:56:26.495+0000] {processor.py:161} INFO - Started process (PID=12059) to work on /home/airflow/.local/lib/python3.12/site-packages/airflow/example_dags/example_bash_operator.py
[2025-09-29T15:56:26.498+0000] {processor.py:830} INFO - Processing file /home/airflow/.local/lib/python3.12/site-packages/airflow/example_dags/example_bash_operator.py for tasks to queue
[2025-09-29T15:56:26.502+0000] {logging_mixin.py:188} INFO - [2025-09-29T15:56:26.501+0000] {dagbag.py:545} INFO - Filling up the DagBag from /home/airflow/.local/lib/python3.12/site-packages/airflow/example_dags/example_bash_operator.py
[2025-09-29T15:56:26.528+0000] {processor.py:840} INFO - DAG(s) 'example_bash_operator' retrieved from /home/airflow/.local/lib/python3.12/site-packages/airflow/example_dags/example_bash_operator.py
[2025-09-29T15:56:26.599+0000] {logging_mixin.py:188} INFO - [2025-09-29T15:56:26.599+0000] {dag.py:3089} INFO - Sync 1 DAGs
[2025-09-29T15:56:26.650+0000] {logging_mixin.py:188} INFO - [2025-09-29T15:56:26.649+0000] {dag.py:3947} INFO - Setting next_dagrun for example_bash_operator to 2025-09-28 00:00:00+00:00, run_after=2025-09-29 00:00:00+00:00
[2025-09-29T15:56:26.699+0000] {processor.py:183} INFO - Processing /home/airflow/.local/lib/python3.12/site-packages/airflow/example_dags/example_bash_operator.py took 0.219 seconds
[2025-09-29T15:56:57.321+0000] {processor.py:161} INFO - Started process (PID=12321) to work on /home/airflow/.local/lib/python3.12/site-packages/airflow/example_dags/example_bash_operator.py
[2025-09-29T15:56:57.323+0000] {processor.py:830} INFO - Processing file /home/airflow/.local/lib/python3.12/site-packages/airflow/example_dags/example_bash_operator.py for tasks to queue
[2025-09-29T15:56:57.328+0000] {logging_mixin.py:188} INFO - [2025-09-29T15:56:57.327+0000] {dagbag.py:545} INFO - Filling up the DagBag from /home/airflow/.local/lib/python3.12/site-packages/airflow/example_dags/example_bash_operator.py
[2025-09-29T15:56:57.355+0000] {processor.py:840} INFO - DAG(s) 'example_bash_operator' retrieved from /home/airflow/.local/lib/python3.12/site-packages/airflow/example_dags/example_bash_operator.py
[2025-09-29T15:56:57.426+0000] {logging_mixin.py:188} INFO - [2025-09-29T15:56:57.425+0000] {dag.py:3089} INFO - Sync 1 DAGs
[2025-09-29T15:56:57.479+0000] {logging_mixin.py:188} INFO - [2025-09-29T15:56:57.479+0000] {dag.py:3947} INFO - Setting next_dagrun for example_bash_operator to 2025-09-28 00:00:00+00:00, run_after=2025-09-29 00:00:00+00:00
[2025-09-29T15:56:57.525+0000] {processor.py:183} INFO - Processing /home/airflow/.local/lib/python3.12/site-packages/airflow/example_dags/example_bash_operator.py took 0.219 seconds
[2025-09-29T15:57:27.818+0000] {processor.py:161} INFO - Started process (PID=12583) to work on /home/airflow/.local/lib/python3.12/site-packages/airflow/example_dags/example_bash_operator.py
[2025-09-29T15:57:27.819+0000] {processor.py:830} INFO - Processing file /home/airflow/.local/lib/python3.12/site-packages/airflow/example_dags/example_bash_operator.py for tasks to queue
[2025-09-29T15:57:27.823+0000] {logging_mixin.py:188} INFO - [2025-09-29T15:57:27.823+0000] {dagbag.py:545} INFO - Filling up the DagBag from /home/airflow/.local/lib/python3.12/site-packages/airflow/example_dags/example_bash_operator.py
[2025-09-29T15:57:27.849+0000] {processor.py:840} INFO - DAG(s) 'example_bash_operator' retrieved from /home/airflow/.local/lib/python3.12/site-packages/airflow/example_dags/example_bash_operator.py
[2025-09-29T15:57:27.919+0000] {logging_mixin.py:188} INFO - [2025-09-29T15:57:27.918+0000] {dag.py:3089} INFO - Sync 1 DAGs
[2025-09-29T15:57:27.973+0000] {logging_mixin.py:188} INFO - [2025-09-29T15:57:27.972+0000] {dag.py:3947} INFO - Setting next_dagrun for example_bash_operator to 2025-09-28 00:00:00+00:00, run_after=2025-09-29 00:00:00+00:00
[2025-09-29T15:57:28.019+0000] {processor.py:183} INFO - Processing /home/airflow/.local/lib/python3.12/site-packages/airflow/example_dags/example_bash_operator.py took 0.217 seconds
[2025-09-29T15:57:58.738+0000] {processor.py:161} INFO - Started process (PID=12845) to work on /home/airflow/.local/lib/python3.12/site-packages/airflow/example_dags/example_bash_operator.py
[2025-09-29T15:57:58.741+0000] {processor.py:830} INFO - Processing file /home/airflow/.local/lib/python3.12/site-packages/airflow/example_dags/example_bash_operator.py for tasks to queue
[2025-09-29T15:57:58.745+0000] {logging_mixin.py:188} INFO - [2025-09-29T15:57:58.745+0000] {dagbag.py:545} INFO - Filling up the DagBag from /home/airflow/.local/lib/python3.12/site-packages/airflow/example_dags/example_bash_operator.py
[2025-09-29T15:57:58.771+0000] {processor.py:840} INFO - DAG(s) 'example_bash_operator' retrieved from /home/airflow/.local/lib/python3.12/site-packages/airflow/example_dags/example_bash_operator.py
[2025-09-29T15:57:58.840+0000] {logging_mixin.py:188} INFO - [2025-09-29T15:57:58.839+0000] {dag.py:3089} INFO - Sync 1 DAGs
[2025-09-29T15:57:58.890+0000] {logging_mixin.py:188} INFO - [2025-09-29T15:57:58.889+0000] {dag.py:3947} INFO - Setting next_dagrun for example_bash_operator to 2025-09-28 00:00:00+00:00, run_after=2025-09-29 00:00:00+00:00
[2025-09-29T15:57:58.939+0000] {processor.py:183} INFO - Processing /home/airflow/.local/lib/python3.12/site-packages/airflow/example_dags/example_bash_operator.py took 0.218 seconds
[2025-09-29T15:58:29.631+0000] {processor.py:161} INFO - Started process (PID=13107) to work on /home/airflow/.local/lib/python3.12/site-packages/airflow/example_dags/example_bash_operator.py
[2025-09-29T15:58:29.634+0000] {processor.py:830} INFO - Processing file /home/airflow/.local/lib/python3.12/site-packages/airflow/example_dags/example_bash_operator.py for tasks to queue
[2025-09-29T15:58:29.638+0000] {logging_mixin.py:188} INFO - [2025-09-29T15:58:29.637+0000] {dagbag.py:545} INFO - Filling up the DagBag from /home/airflow/.local/lib/python3.12/site-packages/airflow/example_dags/example_bash_operator.py
[2025-09-29T15:58:29.663+0000] {processor.py:840} INFO - DAG(s) 'example_bash_operator' retrieved from /home/airflow/.local/lib/python3.12/site-packages/airflow/example_dags/example_bash_operator.py
[2025-09-29T15:58:29.733+0000] {logging_mixin.py:188} INFO - [2025-09-29T15:58:29.733+0000] {dag.py:3089} INFO - Sync 1 DAGs
[2025-09-29T15:58:29.781+0000] {logging_mixin.py:188} INFO - [2025-09-29T15:58:29.781+0000] {dag.py:3947} INFO - Setting next_dagrun for example_bash_operator to 2025-09-28 00:00:00+00:00, run_after=2025-09-29 00:00:00+00:00
[2025-09-29T15:58:29.826+0000] {processor.py:183} INFO - Processing /home/airflow/.local/lib/python3.12/site-packages/airflow/example_dags/example_bash_operator.py took 0.209 seconds
[2025-09-29T15:59:00.440+0000] {processor.py:161} INFO - Started process (PID=13369) to work on /home/airflow/.local/lib/python3.12/site-packages/airflow/example_dags/example_bash_operator.py
[2025-09-29T15:59:00.444+0000] {processor.py:830} INFO - Processing file /home/airflow/.local/lib/python3.12/site-packages/airflow/example_dags/example_bash_operator.py for tasks to queue
[2025-09-29T15:59:00.448+0000] {logging_mixin.py:188} INFO - [2025-09-29T15:59:00.447+0000] {dagbag.py:545} INFO - Filling up the DagBag from /home/airflow/.local/lib/python3.12/site-packages/airflow/example_dags/example_bash_operator.py
[2025-09-29T15:59:00.476+0000] {processor.py:840} INFO - DAG(s) 'example_bash_operator' retrieved from /home/airflow/.local/lib/python3.12/site-packages/airflow/example_dags/example_bash_operator.py
[2025-09-29T15:59:00.547+0000] {logging_mixin.py:188} INFO - [2025-09-29T15:59:00.546+0000] {dag.py:3089} INFO - Sync 1 DAGs
[2025-09-29T15:59:00.602+0000] {logging_mixin.py:188} INFO - [2025-09-29T15:59:00.601+0000] {dag.py:3947} INFO - Setting next_dagrun for example_bash_operator to 2025-09-28 00:00:00+00:00, run_after=2025-09-29 00:00:00+00:00
[2025-09-29T15:59:00.655+0000] {processor.py:183} INFO - Processing /home/airflow/.local/lib/python3.12/site-packages/airflow/example_dags/example_bash_operator.py took 0.230 seconds
[2025-09-29T15:59:31.309+0000] {processor.py:161} INFO - Started process (PID=13631) to work on /home/airflow/.local/lib/python3.12/site-packages/airflow/example_dags/example_bash_operator.py
[2025-09-29T15:59:31.312+0000] {processor.py:830} INFO - Processing file /home/airflow/.local/lib/python3.12/site-packages/airflow/example_dags/example_bash_operator.py for tasks to queue
[2025-09-29T15:59:31.316+0000] {logging_mixin.py:188} INFO - [2025-09-29T15:59:31.316+0000] {dagbag.py:545} INFO - Filling up the DagBag from /home/airflow/.local/lib/python3.12/site-packages/airflow/example_dags/example_bash_operator.py
[2025-09-29T15:59:31.342+0000] {processor.py:840} INFO - DAG(s) 'example_bash_operator' retrieved from /home/airflow/.local/lib/python3.12/site-packages/airflow/example_dags/example_bash_operator.py
[2025-09-29T15:59:31.414+0000] {logging_mixin.py:188} INFO - [2025-09-29T15:59:31.413+0000] {dag.py:3089} INFO - Sync 1 DAGs
[2025-09-29T15:59:31.465+0000] {logging_mixin.py:188} INFO - [2025-09-29T15:59:31.464+0000] {dag.py:3947} INFO - Setting next_dagrun for example_bash_operator to 2025-09-28 00:00:00+00:00, run_after=2025-09-29 00:00:00+00:00
[2025-09-29T15:59:31.525+0000] {processor.py:183} INFO - Processing /home/airflow/.local/lib/python3.12/site-packages/airflow/example_dags/example_bash_operator.py took 0.233 seconds
[2025-09-29T16:00:01.637+0000] {processor.py:161} INFO - Started process (PID=13893) to work on /home/airflow/.local/lib/python3.12/site-packages/airflow/example_dags/example_bash_operator.py
[2025-09-29T16:00:01.640+0000] {processor.py:830} INFO - Processing file /home/airflow/.local/lib/python3.12/site-packages/airflow/example_dags/example_bash_operator.py for tasks to queue
[2025-09-29T16:00:01.644+0000] {logging_mixin.py:188} INFO - [2025-09-29T16:00:01.643+0000] {dagbag.py:545} INFO - Filling up the DagBag from /home/airflow/.local/lib/python3.12/site-packages/airflow/example_dags/example_bash_operator.py
[2025-09-29T16:00:01.671+0000] {processor.py:840} INFO - DAG(s) 'example_bash_operator' retrieved from /home/airflow/.local/lib/python3.12/site-packages/airflow/example_dags/example_bash_operator.py
[2025-09-29T16:00:01.745+0000] {logging_mixin.py:188} INFO - [2025-09-29T16:00:01.744+0000] {dag.py:3089} INFO - Sync 1 DAGs
[2025-09-29T16:00:01.798+0000] {logging_mixin.py:188} INFO - [2025-09-29T16:00:01.797+0000] {dag.py:3947} INFO - Setting next_dagrun for example_bash_operator to 2025-09-28 00:00:00+00:00, run_after=2025-09-29 00:00:00+00:00
[2025-09-29T16:00:01.844+0000] {processor.py:183} INFO - Processing /home/airflow/.local/lib/python3.12/site-packages/airflow/example_dags/example_bash_operator.py took 0.222 seconds
[2025-09-29T16:00:32.430+0000] {processor.py:161} INFO - Started process (PID=14155) to work on /home/airflow/.local/lib/python3.12/site-packages/airflow/example_dags/example_bash_operator.py
[2025-09-29T16:00:32.433+0000] {processor.py:830} INFO - Processing file /home/airflow/.local/lib/python3.12/site-packages/airflow/example_dags/example_bash_operator.py for tasks to queue
[2025-09-29T16:00:32.439+0000] {logging_mixin.py:188} INFO - [2025-09-29T16:00:32.438+0000] {dagbag.py:545} INFO - Filling up the DagBag from /home/airflow/.local/lib/python3.12/site-packages/airflow/example_dags/example_bash_operator.py
[2025-09-29T16:00:32.471+0000] {processor.py:840} INFO - DAG(s) 'example_bash_operator' retrieved from /home/airflow/.local/lib/python3.12/site-packages/airflow/example_dags/example_bash_operator.py
[2025-09-29T16:00:32.570+0000] {logging_mixin.py:188} INFO - [2025-09-29T16:00:32.570+0000] {dag.py:3089} INFO - Sync 1 DAGs
[2025-09-29T16:00:32.633+0000] {logging_mixin.py:188} INFO - [2025-09-29T16:00:32.632+0000] {dag.py:3947} INFO - Setting next_dagrun for example_bash_operator to 2025-09-28 00:00:00+00:00, run_after=2025-09-29 00:00:00+00:00
[2025-09-29T16:00:32.683+0000] {processor.py:183} INFO - Processing /home/airflow/.local/lib/python3.12/site-packages/airflow/example_dags/example_bash_operator.py took 0.269 seconds
[2025-09-29T16:01:01.811+0000] {processor.py:161} INFO - Started process (PID=14417) to work on /home/airflow/.local/lib/python3.12/site-packages/airflow/example_dags/example_bash_operator.py
[2025-09-29T16:01:01.814+0000] {processor.py:830} INFO - Processing file /home/airflow/.local/lib/python3.12/site-packages/airflow/example_dags/example_bash_operator.py for tasks to queue
[2025-09-29T16:01:01.818+0000] {logging_mixin.py:188} INFO - [2025-09-29T16:01:01.817+0000] {dagbag.py:545} INFO - Filling up the DagBag from /home/airflow/.local/lib/python3.12/site-packages/airflow/example_dags/example_bash_operator.py
[2025-09-29T16:01:01.845+0000] {processor.py:840} INFO - DAG(s) 'example_bash_operator' retrieved from /home/airflow/.local/lib/python3.12/site-packages/airflow/example_dags/example_bash_operator.py
[2025-09-29T16:01:01.918+0000] {logging_mixin.py:188} INFO - [2025-09-29T16:01:01.917+0000] {dag.py:3089} INFO - Sync 1 DAGs
[2025-09-29T16:01:01.969+0000] {logging_mixin.py:188} INFO - [2025-09-29T16:01:01.968+0000] {dag.py:3947} INFO - Setting next_dagrun for example_bash_operator to 2025-09-28 00:00:00+00:00, run_after=2025-09-29 00:00:00+00:00
[2025-09-29T16:01:02.016+0000] {processor.py:183} INFO - Processing /home/airflow/.local/lib/python3.12/site-packages/airflow/example_dags/example_bash_operator.py took 0.220 seconds
[2025-09-29T16:01:32.788+0000] {processor.py:161} INFO - Started process (PID=14667) to work on /home/airflow/.local/lib/python3.12/site-packages/airflow/example_dags/example_bash_operator.py
[2025-09-29T16:01:32.790+0000] {processor.py:830} INFO - Processing file /home/airflow/.local/lib/python3.12/site-packages/airflow/example_dags/example_bash_operator.py for tasks to queue
[2025-09-29T16:01:32.795+0000] {logging_mixin.py:188} INFO - [2025-09-29T16:01:32.794+0000] {dagbag.py:545} INFO - Filling up the DagBag from /home/airflow/.local/lib/python3.12/site-packages/airflow/example_dags/example_bash_operator.py
[2025-09-29T16:01:32.822+0000] {processor.py:840} INFO - DAG(s) 'example_bash_operator' retrieved from /home/airflow/.local/lib/python3.12/site-packages/airflow/example_dags/example_bash_operator.py
[2025-09-29T16:01:32.894+0000] {logging_mixin.py:188} INFO - [2025-09-29T16:01:32.893+0000] {dag.py:3089} INFO - Sync 1 DAGs
[2025-09-29T16:01:32.946+0000] {logging_mixin.py:188} INFO - [2025-09-29T16:01:32.946+0000] {dag.py:3947} INFO - Setting next_dagrun for example_bash_operator to 2025-09-28 00:00:00+00:00, run_after=2025-09-29 00:00:00+00:00
[2025-09-29T16:01:32.993+0000] {processor.py:183} INFO - Processing /home/airflow/.local/lib/python3.12/site-packages/airflow/example_dags/example_bash_operator.py took 0.221 seconds
[2025-09-29T16:02:03.498+0000] {processor.py:161} INFO - Started process (PID=14929) to work on /home/airflow/.local/lib/python3.12/site-packages/airflow/example_dags/example_bash_operator.py
[2025-09-29T16:02:03.501+0000] {processor.py:830} INFO - Processing file /home/airflow/.local/lib/python3.12/site-packages/airflow/example_dags/example_bash_operator.py for tasks to queue
[2025-09-29T16:02:03.505+0000] {logging_mixin.py:188} INFO - [2025-09-29T16:02:03.505+0000] {dagbag.py:545} INFO - Filling up the DagBag from /home/airflow/.local/lib/python3.12/site-packages/airflow/example_dags/example_bash_operator.py
[2025-09-29T16:02:03.530+0000] {processor.py:840} INFO - DAG(s) 'example_bash_operator' retrieved from /home/airflow/.local/lib/python3.12/site-packages/airflow/example_dags/example_bash_operator.py
[2025-09-29T16:02:03.598+0000] {logging_mixin.py:188} INFO - [2025-09-29T16:02:03.598+0000] {dag.py:3089} INFO - Sync 1 DAGs
[2025-09-29T16:02:03.648+0000] {logging_mixin.py:188} INFO - [2025-09-29T16:02:03.647+0000] {dag.py:3947} INFO - Setting next_dagrun for example_bash_operator to 2025-09-28 00:00:00+00:00, run_after=2025-09-29 00:00:00+00:00
[2025-09-29T16:02:03.697+0000] {processor.py:183} INFO - Processing /home/airflow/.local/lib/python3.12/site-packages/airflow/example_dags/example_bash_operator.py took 0.213 seconds
[2025-09-29T16:02:35.090+0000] {processor.py:161} INFO - Started process (PID=15203) to work on /home/airflow/.local/lib/python3.12/site-packages/airflow/example_dags/example_bash_operator.py
[2025-09-29T16:02:35.093+0000] {processor.py:830} INFO - Processing file /home/airflow/.local/lib/python3.12/site-packages/airflow/example_dags/example_bash_operator.py for tasks to queue
[2025-09-29T16:02:35.099+0000] {logging_mixin.py:188} INFO - [2025-09-29T16:02:35.098+0000] {dagbag.py:545} INFO - Filling up the DagBag from /home/airflow/.local/lib/python3.12/site-packages/airflow/example_dags/example_bash_operator.py
[2025-09-29T16:02:35.126+0000] {processor.py:840} INFO - DAG(s) 'example_bash_operator' retrieved from /home/airflow/.local/lib/python3.12/site-packages/airflow/example_dags/example_bash_operator.py
[2025-09-29T16:02:35.203+0000] {logging_mixin.py:188} INFO - [2025-09-29T16:02:35.202+0000] {dag.py:3089} INFO - Sync 1 DAGs
[2025-09-29T16:02:35.257+0000] {logging_mixin.py:188} INFO - [2025-09-29T16:02:35.257+0000] {dag.py:3947} INFO - Setting next_dagrun for example_bash_operator to 2025-09-28 00:00:00+00:00, run_after=2025-09-29 00:00:00+00:00
[2025-09-29T16:02:35.310+0000] {processor.py:183} INFO - Processing /home/airflow/.local/lib/python3.12/site-packages/airflow/example_dags/example_bash_operator.py took 0.235 seconds
[2025-09-29T16:03:05.989+0000] {processor.py:161} INFO - Started process (PID=15465) to work on /home/airflow/.local/lib/python3.12/site-packages/airflow/example_dags/example_bash_operator.py
[2025-09-29T16:03:05.992+0000] {processor.py:830} INFO - Processing file /home/airflow/.local/lib/python3.12/site-packages/airflow/example_dags/example_bash_operator.py for tasks to queue
[2025-09-29T16:03:05.997+0000] {logging_mixin.py:188} INFO - [2025-09-29T16:03:05.996+0000] {dagbag.py:545} INFO - Filling up the DagBag from /home/airflow/.local/lib/python3.12/site-packages/airflow/example_dags/example_bash_operator.py
[2025-09-29T16:03:06.028+0000] {processor.py:840} INFO - DAG(s) 'example_bash_operator' retrieved from /home/airflow/.local/lib/python3.12/site-packages/airflow/example_dags/example_bash_operator.py
[2025-09-29T16:03:06.107+0000] {logging_mixin.py:188} INFO - [2025-09-29T16:03:06.106+0000] {dag.py:3089} INFO - Sync 1 DAGs
[2025-09-29T16:03:06.163+0000] {logging_mixin.py:188} INFO - [2025-09-29T16:03:06.162+0000] {dag.py:3947} INFO - Setting next_dagrun for example_bash_operator to 2025-09-28 00:00:00+00:00, run_after=2025-09-29 00:00:00+00:00
[2025-09-29T16:03:06.218+0000] {processor.py:183} INFO - Processing /home/airflow/.local/lib/python3.12/site-packages/airflow/example_dags/example_bash_operator.py took 0.247 seconds
[2025-09-29T16:03:36.503+0000] {processor.py:161} INFO - Started process (PID=15725) to work on /home/airflow/.local/lib/python3.12/site-packages/airflow/example_dags/example_bash_operator.py
[2025-09-29T16:03:36.505+0000] {processor.py:830} INFO - Processing file /home/airflow/.local/lib/python3.12/site-packages/airflow/example_dags/example_bash_operator.py for tasks to queue
[2025-09-29T16:03:36.509+0000] {logging_mixin.py:188} INFO - [2025-09-29T16:03:36.508+0000] {dagbag.py:545} INFO - Filling up the DagBag from /home/airflow/.local/lib/python3.12/site-packages/airflow/example_dags/example_bash_operator.py
[2025-09-29T16:03:36.535+0000] {processor.py:840} INFO - DAG(s) 'example_bash_operator' retrieved from /home/airflow/.local/lib/python3.12/site-packages/airflow/example_dags/example_bash_operator.py
[2025-09-29T16:03:36.606+0000] {logging_mixin.py:188} INFO - [2025-09-29T16:03:36.606+0000] {dag.py:3089} INFO - Sync 1 DAGs
[2025-09-29T16:03:36.655+0000] {logging_mixin.py:188} INFO - [2025-09-29T16:03:36.655+0000] {dag.py:3947} INFO - Setting next_dagrun for example_bash_operator to 2025-09-28 00:00:00+00:00, run_after=2025-09-29 00:00:00+00:00
[2025-09-29T16:03:36.700+0000] {processor.py:183} INFO - Processing /home/airflow/.local/lib/python3.12/site-packages/airflow/example_dags/example_bash_operator.py took 0.213 seconds
[2025-09-29T16:04:07.030+0000] {processor.py:161} INFO - Started process (PID=15989) to work on /home/airflow/.local/lib/python3.12/site-packages/airflow/example_dags/example_bash_operator.py
[2025-09-29T16:04:07.032+0000] {processor.py:830} INFO - Processing file /home/airflow/.local/lib/python3.12/site-packages/airflow/example_dags/example_bash_operator.py for tasks to queue
[2025-09-29T16:04:07.037+0000] {logging_mixin.py:188} INFO - [2025-09-29T16:04:07.036+0000] {dagbag.py:545} INFO - Filling up the DagBag from /home/airflow/.local/lib/python3.12/site-packages/airflow/example_dags/example_bash_operator.py
[2025-09-29T16:04:07.062+0000] {processor.py:840} INFO - DAG(s) 'example_bash_operator' retrieved from /home/airflow/.local/lib/python3.12/site-packages/airflow/example_dags/example_bash_operator.py
[2025-09-29T16:04:07.133+0000] {logging_mixin.py:188} INFO - [2025-09-29T16:04:07.133+0000] {dag.py:3089} INFO - Sync 1 DAGs
[2025-09-29T16:04:07.185+0000] {logging_mixin.py:188} INFO - [2025-09-29T16:04:07.185+0000] {dag.py:3947} INFO - Setting next_dagrun for example_bash_operator to 2025-09-28 00:00:00+00:00, run_after=2025-09-29 00:00:00+00:00
[2025-09-29T16:04:07.231+0000] {processor.py:183} INFO - Processing /home/airflow/.local/lib/python3.12/site-packages/airflow/example_dags/example_bash_operator.py took 0.217 seconds
[2025-09-29T16:04:37.726+0000] {processor.py:161} INFO - Started process (PID=16251) to work on /home/airflow/.local/lib/python3.12/site-packages/airflow/example_dags/example_bash_operator.py
[2025-09-29T16:04:37.728+0000] {processor.py:830} INFO - Processing file /home/airflow/.local/lib/python3.12/site-packages/airflow/example_dags/example_bash_operator.py for tasks to queue
[2025-09-29T16:04:37.732+0000] {logging_mixin.py:188} INFO - [2025-09-29T16:04:37.731+0000] {dagbag.py:545} INFO - Filling up the DagBag from /home/airflow/.local/lib/python3.12/site-packages/airflow/example_dags/example_bash_operator.py
[2025-09-29T16:04:37.757+0000] {processor.py:840} INFO - DAG(s) 'example_bash_operator' retrieved from /home/airflow/.local/lib/python3.12/site-packages/airflow/example_dags/example_bash_operator.py
[2025-09-29T16:04:37.825+0000] {logging_mixin.py:188} INFO - [2025-09-29T16:04:37.825+0000] {dag.py:3089} INFO - Sync 1 DAGs
[2025-09-29T16:04:37.874+0000] {logging_mixin.py:188} INFO - [2025-09-29T16:04:37.874+0000] {dag.py:3947} INFO - Setting next_dagrun for example_bash_operator to 2025-09-28 00:00:00+00:00, run_after=2025-09-29 00:00:00+00:00
[2025-09-29T16:04:37.918+0000] {processor.py:183} INFO - Processing /home/airflow/.local/lib/python3.12/site-packages/airflow/example_dags/example_bash_operator.py took 0.207 seconds
[2025-09-29T16:05:08.452+0000] {processor.py:161} INFO - Started process (PID=16513) to work on /home/airflow/.local/lib/python3.12/site-packages/airflow/example_dags/example_bash_operator.py
[2025-09-29T16:05:08.455+0000] {processor.py:830} INFO - Processing file /home/airflow/.local/lib/python3.12/site-packages/airflow/example_dags/example_bash_operator.py for tasks to queue
[2025-09-29T16:05:08.459+0000] {logging_mixin.py:188} INFO - [2025-09-29T16:05:08.458+0000] {dagbag.py:545} INFO - Filling up the DagBag from /home/airflow/.local/lib/python3.12/site-packages/airflow/example_dags/example_bash_operator.py
[2025-09-29T16:05:08.485+0000] {processor.py:840} INFO - DAG(s) 'example_bash_operator' retrieved from /home/airflow/.local/lib/python3.12/site-packages/airflow/example_dags/example_bash_operator.py
[2025-09-29T16:05:08.558+0000] {logging_mixin.py:188} INFO - [2025-09-29T16:05:08.557+0000] {dag.py:3089} INFO - Sync 1 DAGs
[2025-09-29T16:05:08.609+0000] {logging_mixin.py:188} INFO - [2025-09-29T16:05:08.609+0000] {dag.py:3947} INFO - Setting next_dagrun for example_bash_operator to 2025-09-28 00:00:00+00:00, run_after=2025-09-29 00:00:00+00:00
[2025-09-29T16:05:08.658+0000] {processor.py:183} INFO - Processing /home/airflow/.local/lib/python3.12/site-packages/airflow/example_dags/example_bash_operator.py took 0.222 seconds
[2025-09-29T16:05:38.986+0000] {processor.py:161} INFO - Started process (PID=16775) to work on /home/airflow/.local/lib/python3.12/site-packages/airflow/example_dags/example_bash_operator.py
[2025-09-29T16:05:38.987+0000] {processor.py:830} INFO - Processing file /home/airflow/.local/lib/python3.12/site-packages/airflow/example_dags/example_bash_operator.py for tasks to queue
[2025-09-29T16:05:38.991+0000] {logging_mixin.py:188} INFO - [2025-09-29T16:05:38.991+0000] {dagbag.py:545} INFO - Filling up the DagBag from /home/airflow/.local/lib/python3.12/site-packages/airflow/example_dags/example_bash_operator.py
[2025-09-29T16:05:39.017+0000] {processor.py:840} INFO - DAG(s) 'example_bash_operator' retrieved from /home/airflow/.local/lib/python3.12/site-packages/airflow/example_dags/example_bash_operator.py
[2025-09-29T16:05:39.109+0000] {logging_mixin.py:188} INFO - [2025-09-29T16:05:39.109+0000] {dag.py:3089} INFO - Sync 1 DAGs
[2025-09-29T16:05:39.202+0000] {logging_mixin.py:188} INFO - [2025-09-29T16:05:39.202+0000] {dag.py:3947} INFO - Setting next_dagrun for example_bash_operator to 2025-09-28 00:00:00+00:00, run_after=2025-09-29 00:00:00+00:00
[2025-09-29T16:05:39.256+0000] {processor.py:183} INFO - Processing /home/airflow/.local/lib/python3.12/site-packages/airflow/example_dags/example_bash_operator.py took 0.285 seconds
[2025-09-29T16:06:09.387+0000] {processor.py:161} INFO - Started process (PID=17037) to work on /home/airflow/.local/lib/python3.12/site-packages/airflow/example_dags/example_bash_operator.py
[2025-09-29T16:06:09.389+0000] {processor.py:830} INFO - Processing file /home/airflow/.local/lib/python3.12/site-packages/airflow/example_dags/example_bash_operator.py for tasks to queue
[2025-09-29T16:06:09.394+0000] {logging_mixin.py:188} INFO - [2025-09-29T16:06:09.393+0000] {dagbag.py:545} INFO - Filling up the DagBag from /home/airflow/.local/lib/python3.12/site-packages/airflow/example_dags/example_bash_operator.py
[2025-09-29T16:06:09.421+0000] {processor.py:840} INFO - DAG(s) 'example_bash_operator' retrieved from /home/airflow/.local/lib/python3.12/site-packages/airflow/example_dags/example_bash_operator.py
[2025-09-29T16:06:09.495+0000] {logging_mixin.py:188} INFO - [2025-09-29T16:06:09.495+0000] {dag.py:3089} INFO - Sync 1 DAGs
[2025-09-29T16:06:09.553+0000] {logging_mixin.py:188} INFO - [2025-09-29T16:06:09.553+0000] {dag.py:3947} INFO - Setting next_dagrun for example_bash_operator to 2025-09-28 00:00:00+00:00, run_after=2025-09-29 00:00:00+00:00
[2025-09-29T16:06:09.605+0000] {processor.py:183} INFO - Processing /home/airflow/.local/lib/python3.12/site-packages/airflow/example_dags/example_bash_operator.py took 0.235 seconds
[2025-09-29T16:06:41.141+0000] {processor.py:161} INFO - Started process (PID=17299) to work on /home/airflow/.local/lib/python3.12/site-packages/airflow/example_dags/example_bash_operator.py
[2025-09-29T16:06:41.144+0000] {processor.py:830} INFO - Processing file /home/airflow/.local/lib/python3.12/site-packages/airflow/example_dags/example_bash_operator.py for tasks to queue
[2025-09-29T16:06:41.148+0000] {logging_mixin.py:188} INFO - [2025-09-29T16:06:41.148+0000] {dagbag.py:545} INFO - Filling up the DagBag from /home/airflow/.local/lib/python3.12/site-packages/airflow/example_dags/example_bash_operator.py
[2025-09-29T16:06:41.176+0000] {processor.py:840} INFO - DAG(s) 'example_bash_operator' retrieved from /home/airflow/.local/lib/python3.12/site-packages/airflow/example_dags/example_bash_operator.py
[2025-09-29T16:06:41.252+0000] {logging_mixin.py:188} INFO - [2025-09-29T16:06:41.252+0000] {dag.py:3089} INFO - Sync 1 DAGs
[2025-09-29T16:06:41.307+0000] {logging_mixin.py:188} INFO - [2025-09-29T16:06:41.306+0000] {dag.py:3947} INFO - Setting next_dagrun for example_bash_operator to 2025-09-28 00:00:00+00:00, run_after=2025-09-29 00:00:00+00:00
[2025-09-29T16:06:41.351+0000] {processor.py:183} INFO - Processing /home/airflow/.local/lib/python3.12/site-packages/airflow/example_dags/example_bash_operator.py took 0.224 seconds
[2025-09-29T16:07:11.967+0000] {processor.py:161} INFO - Started process (PID=17559) to work on /home/airflow/.local/lib/python3.12/site-packages/airflow/example_dags/example_bash_operator.py
[2025-09-29T16:07:11.970+0000] {processor.py:830} INFO - Processing file /home/airflow/.local/lib/python3.12/site-packages/airflow/example_dags/example_bash_operator.py for tasks to queue
[2025-09-29T16:07:11.974+0000] {logging_mixin.py:188} INFO - [2025-09-29T16:07:11.973+0000] {dagbag.py:545} INFO - Filling up the DagBag from /home/airflow/.local/lib/python3.12/site-packages/airflow/example_dags/example_bash_operator.py
[2025-09-29T16:07:12.002+0000] {processor.py:840} INFO - DAG(s) 'example_bash_operator' retrieved from /home/airflow/.local/lib/python3.12/site-packages/airflow/example_dags/example_bash_operator.py
[2025-09-29T16:07:12.093+0000] {logging_mixin.py:188} INFO - [2025-09-29T16:07:12.093+0000] {dag.py:3089} INFO - Sync 1 DAGs
[2025-09-29T16:07:12.179+0000] {logging_mixin.py:188} INFO - [2025-09-29T16:07:12.179+0000] {dag.py:3947} INFO - Setting next_dagrun for example_bash_operator to 2025-09-28 00:00:00+00:00, run_after=2025-09-29 00:00:00+00:00
[2025-09-29T16:07:12.230+0000] {processor.py:183} INFO - Processing /home/airflow/.local/lib/python3.12/site-packages/airflow/example_dags/example_bash_operator.py took 0.279 seconds
[2025-09-29T16:07:43.875+0000] {processor.py:161} INFO - Started process (PID=17836) to work on /home/airflow/.local/lib/python3.12/site-packages/airflow/example_dags/example_bash_operator.py
[2025-09-29T16:07:43.878+0000] {processor.py:830} INFO - Processing file /home/airflow/.local/lib/python3.12/site-packages/airflow/example_dags/example_bash_operator.py for tasks to queue
[2025-09-29T16:07:43.883+0000] {logging_mixin.py:188} INFO - [2025-09-29T16:07:43.882+0000] {dagbag.py:545} INFO - Filling up the DagBag from /home/airflow/.local/lib/python3.12/site-packages/airflow/example_dags/example_bash_operator.py
[2025-09-29T16:07:43.915+0000] {processor.py:840} INFO - DAG(s) 'example_bash_operator' retrieved from /home/airflow/.local/lib/python3.12/site-packages/airflow/example_dags/example_bash_operator.py
[2025-09-29T16:07:43.994+0000] {logging_mixin.py:188} INFO - [2025-09-29T16:07:43.993+0000] {dag.py:3089} INFO - Sync 1 DAGs
[2025-09-29T16:07:44.047+0000] {logging_mixin.py:188} INFO - [2025-09-29T16:07:44.047+0000] {dag.py:3947} INFO - Setting next_dagrun for example_bash_operator to 2025-09-28 00:00:00+00:00, run_after=2025-09-29 00:00:00+00:00
[2025-09-29T16:07:44.098+0000] {processor.py:183} INFO - Processing /home/airflow/.local/lib/python3.12/site-packages/airflow/example_dags/example_bash_operator.py took 0.242 seconds
[2025-09-29T16:08:14.228+0000] {processor.py:161} INFO - Started process (PID=18097) to work on /home/airflow/.local/lib/python3.12/site-packages/airflow/example_dags/example_bash_operator.py
[2025-09-29T16:08:14.231+0000] {processor.py:830} INFO - Processing file /home/airflow/.local/lib/python3.12/site-packages/airflow/example_dags/example_bash_operator.py for tasks to queue
[2025-09-29T16:08:14.235+0000] {logging_mixin.py:188} INFO - [2025-09-29T16:08:14.234+0000] {dagbag.py:545} INFO - Filling up the DagBag from /home/airflow/.local/lib/python3.12/site-packages/airflow/example_dags/example_bash_operator.py
[2025-09-29T16:08:14.261+0000] {processor.py:840} INFO - DAG(s) 'example_bash_operator' retrieved from /home/airflow/.local/lib/python3.12/site-packages/airflow/example_dags/example_bash_operator.py
[2025-09-29T16:08:14.331+0000] {logging_mixin.py:188} INFO - [2025-09-29T16:08:14.331+0000] {dag.py:3089} INFO - Sync 1 DAGs
[2025-09-29T16:08:14.381+0000] {logging_mixin.py:188} INFO - [2025-09-29T16:08:14.381+0000] {dag.py:3947} INFO - Setting next_dagrun for example_bash_operator to 2025-09-28 00:00:00+00:00, run_after=2025-09-29 00:00:00+00:00
[2025-09-29T16:08:14.432+0000] {processor.py:183} INFO - Processing /home/airflow/.local/lib/python3.12/site-packages/airflow/example_dags/example_bash_operator.py took 0.219 seconds
[2025-09-29T16:08:44.858+0000] {processor.py:161} INFO - Started process (PID=18356) to work on /home/airflow/.local/lib/python3.12/site-packages/airflow/example_dags/example_bash_operator.py
[2025-09-29T16:08:44.861+0000] {processor.py:830} INFO - Processing file /home/airflow/.local/lib/python3.12/site-packages/airflow/example_dags/example_bash_operator.py for tasks to queue
[2025-09-29T16:08:44.865+0000] {logging_mixin.py:188} INFO - [2025-09-29T16:08:44.864+0000] {dagbag.py:545} INFO - Filling up the DagBag from /home/airflow/.local/lib/python3.12/site-packages/airflow/example_dags/example_bash_operator.py
[2025-09-29T16:08:44.896+0000] {processor.py:840} INFO - DAG(s) 'example_bash_operator' retrieved from /home/airflow/.local/lib/python3.12/site-packages/airflow/example_dags/example_bash_operator.py
[2025-09-29T16:08:44.983+0000] {logging_mixin.py:188} INFO - [2025-09-29T16:08:44.983+0000] {dag.py:3089} INFO - Sync 1 DAGs
[2025-09-29T16:08:45.037+0000] {logging_mixin.py:188} INFO - [2025-09-29T16:08:45.037+0000] {dag.py:3947} INFO - Setting next_dagrun for example_bash_operator to 2025-09-28 00:00:00+00:00, run_after=2025-09-29 00:00:00+00:00
[2025-09-29T16:08:45.095+0000] {processor.py:183} INFO - Processing /home/airflow/.local/lib/python3.12/site-packages/airflow/example_dags/example_bash_operator.py took 0.253 seconds
[2025-09-29T16:09:15.625+0000] {processor.py:161} INFO - Started process (PID=18623) to work on /home/airflow/.local/lib/python3.12/site-packages/airflow/example_dags/example_bash_operator.py
[2025-09-29T16:09:15.635+0000] {processor.py:830} INFO - Processing file /home/airflow/.local/lib/python3.12/site-packages/airflow/example_dags/example_bash_operator.py for tasks to queue
[2025-09-29T16:09:15.640+0000] {logging_mixin.py:188} INFO - [2025-09-29T16:09:15.639+0000] {dagbag.py:545} INFO - Filling up the DagBag from /home/airflow/.local/lib/python3.12/site-packages/airflow/example_dags/example_bash_operator.py
[2025-09-29T16:09:15.667+0000] {processor.py:840} INFO - DAG(s) 'example_bash_operator' retrieved from /home/airflow/.local/lib/python3.12/site-packages/airflow/example_dags/example_bash_operator.py
[2025-09-29T16:09:15.737+0000] {logging_mixin.py:188} INFO - [2025-09-29T16:09:15.737+0000] {dag.py:3089} INFO - Sync 1 DAGs
[2025-09-29T16:09:15.790+0000] {logging_mixin.py:188} INFO - [2025-09-29T16:09:15.790+0000] {dag.py:3947} INFO - Setting next_dagrun for example_bash_operator to 2025-09-28 00:00:00+00:00, run_after=2025-09-29 00:00:00+00:00
[2025-09-29T16:09:15.841+0000] {processor.py:183} INFO - Processing /home/airflow/.local/lib/python3.12/site-packages/airflow/example_dags/example_bash_operator.py took 0.232 seconds
[2025-09-29T16:09:46.210+0000] {processor.py:161} INFO - Started process (PID=18884) to work on /home/airflow/.local/lib/python3.12/site-packages/airflow/example_dags/example_bash_operator.py
[2025-09-29T16:09:46.213+0000] {processor.py:830} INFO - Processing file /home/airflow/.local/lib/python3.12/site-packages/airflow/example_dags/example_bash_operator.py for tasks to queue
[2025-09-29T16:09:46.219+0000] {logging_mixin.py:188} INFO - [2025-09-29T16:09:46.217+0000] {dagbag.py:545} INFO - Filling up the DagBag from /home/airflow/.local/lib/python3.12/site-packages/airflow/example_dags/example_bash_operator.py
[2025-09-29T16:09:46.249+0000] {processor.py:840} INFO - DAG(s) 'example_bash_operator' retrieved from /home/airflow/.local/lib/python3.12/site-packages/airflow/example_dags/example_bash_operator.py
[2025-09-29T16:09:46.331+0000] {logging_mixin.py:188} INFO - [2025-09-29T16:09:46.330+0000] {dag.py:3089} INFO - Sync 1 DAGs
[2025-09-29T16:09:46.397+0000] {logging_mixin.py:188} INFO - [2025-09-29T16:09:46.396+0000] {dag.py:3947} INFO - Setting next_dagrun for example_bash_operator to 2025-09-28 00:00:00+00:00, run_after=2025-09-29 00:00:00+00:00
[2025-09-29T16:09:46.479+0000] {processor.py:183} INFO - Processing /home/airflow/.local/lib/python3.12/site-packages/airflow/example_dags/example_bash_operator.py took 0.286 seconds
[2025-09-29T16:10:16.928+0000] {processor.py:161} INFO - Started process (PID=19145) to work on /home/airflow/.local/lib/python3.12/site-packages/airflow/example_dags/example_bash_operator.py
[2025-09-29T16:10:16.944+0000] {processor.py:830} INFO - Processing file /home/airflow/.local/lib/python3.12/site-packages/airflow/example_dags/example_bash_operator.py for tasks to queue
[2025-09-29T16:10:16.948+0000] {logging_mixin.py:188} INFO - [2025-09-29T16:10:16.947+0000] {dagbag.py:545} INFO - Filling up the DagBag from /home/airflow/.local/lib/python3.12/site-packages/airflow/example_dags/example_bash_operator.py
[2025-09-29T16:10:16.973+0000] {processor.py:840} INFO - DAG(s) 'example_bash_operator' retrieved from /home/airflow/.local/lib/python3.12/site-packages/airflow/example_dags/example_bash_operator.py
[2025-09-29T16:10:17.040+0000] {logging_mixin.py:188} INFO - [2025-09-29T16:10:17.039+0000] {dag.py:3089} INFO - Sync 1 DAGs
[2025-09-29T16:10:17.093+0000] {logging_mixin.py:188} INFO - [2025-09-29T16:10:17.092+0000] {dag.py:3947} INFO - Setting next_dagrun for example_bash_operator to 2025-09-28 00:00:00+00:00, run_after=2025-09-29 00:00:00+00:00
[2025-09-29T16:10:17.145+0000] {processor.py:183} INFO - Processing /home/airflow/.local/lib/python3.12/site-packages/airflow/example_dags/example_bash_operator.py took 0.232 seconds
[2025-09-29T16:10:47.375+0000] {processor.py:161} INFO - Started process (PID=19406) to work on /home/airflow/.local/lib/python3.12/site-packages/airflow/example_dags/example_bash_operator.py
[2025-09-29T16:10:47.386+0000] {processor.py:830} INFO - Processing file /home/airflow/.local/lib/python3.12/site-packages/airflow/example_dags/example_bash_operator.py for tasks to queue
[2025-09-29T16:10:47.388+0000] {logging_mixin.py:188} INFO - [2025-09-29T16:10:47.388+0000] {dagbag.py:545} INFO - Filling up the DagBag from /home/airflow/.local/lib/python3.12/site-packages/airflow/example_dags/example_bash_operator.py
[2025-09-29T16:10:47.413+0000] {processor.py:840} INFO - DAG(s) 'example_bash_operator' retrieved from /home/airflow/.local/lib/python3.12/site-packages/airflow/example_dags/example_bash_operator.py
[2025-09-29T16:10:47.486+0000] {logging_mixin.py:188} INFO - [2025-09-29T16:10:47.485+0000] {dag.py:3089} INFO - Sync 1 DAGs
[2025-09-29T16:10:47.540+0000] {logging_mixin.py:188} INFO - [2025-09-29T16:10:47.540+0000] {dag.py:3947} INFO - Setting next_dagrun for example_bash_operator to 2025-09-28 00:00:00+00:00, run_after=2025-09-29 00:00:00+00:00
[2025-09-29T16:10:47.589+0000] {processor.py:183} INFO - Processing /home/airflow/.local/lib/python3.12/site-packages/airflow/example_dags/example_bash_operator.py took 0.229 seconds
[2025-09-29T16:11:18.336+0000] {processor.py:161} INFO - Started process (PID=19667) to work on /home/airflow/.local/lib/python3.12/site-packages/airflow/example_dags/example_bash_operator.py
[2025-09-29T16:11:18.339+0000] {processor.py:830} INFO - Processing file /home/airflow/.local/lib/python3.12/site-packages/airflow/example_dags/example_bash_operator.py for tasks to queue
[2025-09-29T16:11:18.341+0000] {logging_mixin.py:188} INFO - [2025-09-29T16:11:18.340+0000] {dagbag.py:545} INFO - Filling up the DagBag from /home/airflow/.local/lib/python3.12/site-packages/airflow/example_dags/example_bash_operator.py
[2025-09-29T16:11:18.368+0000] {processor.py:840} INFO - DAG(s) 'example_bash_operator' retrieved from /home/airflow/.local/lib/python3.12/site-packages/airflow/example_dags/example_bash_operator.py
[2025-09-29T16:11:18.439+0000] {logging_mixin.py:188} INFO - [2025-09-29T16:11:18.438+0000] {dag.py:3089} INFO - Sync 1 DAGs
[2025-09-29T16:11:18.489+0000] {logging_mixin.py:188} INFO - [2025-09-29T16:11:18.489+0000] {dag.py:3947} INFO - Setting next_dagrun for example_bash_operator to 2025-09-28 00:00:00+00:00, run_after=2025-09-29 00:00:00+00:00
[2025-09-29T16:11:18.536+0000] {processor.py:183} INFO - Processing /home/airflow/.local/lib/python3.12/site-packages/airflow/example_dags/example_bash_operator.py took 0.214 seconds
[2025-09-29T16:11:48.916+0000] {processor.py:161} INFO - Started process (PID=19928) to work on /home/airflow/.local/lib/python3.12/site-packages/airflow/example_dags/example_bash_operator.py
[2025-09-29T16:11:48.931+0000] {processor.py:830} INFO - Processing file /home/airflow/.local/lib/python3.12/site-packages/airflow/example_dags/example_bash_operator.py for tasks to queue
[2025-09-29T16:11:48.933+0000] {logging_mixin.py:188} INFO - [2025-09-29T16:11:48.932+0000] {dagbag.py:545} INFO - Filling up the DagBag from /home/airflow/.local/lib/python3.12/site-packages/airflow/example_dags/example_bash_operator.py
[2025-09-29T16:11:48.963+0000] {processor.py:840} INFO - DAG(s) 'example_bash_operator' retrieved from /home/airflow/.local/lib/python3.12/site-packages/airflow/example_dags/example_bash_operator.py
[2025-09-29T16:11:49.044+0000] {logging_mixin.py:188} INFO - [2025-09-29T16:11:49.043+0000] {dag.py:3089} INFO - Sync 1 DAGs
[2025-09-29T16:11:49.100+0000] {logging_mixin.py:188} INFO - [2025-09-29T16:11:49.100+0000] {dag.py:3947} INFO - Setting next_dagrun for example_bash_operator to 2025-09-28 00:00:00+00:00, run_after=2025-09-29 00:00:00+00:00
[2025-09-29T16:11:49.152+0000] {processor.py:183} INFO - Processing /home/airflow/.local/lib/python3.12/site-packages/airflow/example_dags/example_bash_operator.py took 0.250 seconds
[2025-09-29T16:12:19.418+0000] {processor.py:161} INFO - Started process (PID=20189) to work on /home/airflow/.local/lib/python3.12/site-packages/airflow/example_dags/example_bash_operator.py
[2025-09-29T16:12:19.434+0000] {processor.py:830} INFO - Processing file /home/airflow/.local/lib/python3.12/site-packages/airflow/example_dags/example_bash_operator.py for tasks to queue
[2025-09-29T16:12:19.436+0000] {logging_mixin.py:188} INFO - [2025-09-29T16:12:19.435+0000] {dagbag.py:545} INFO - Filling up the DagBag from /home/airflow/.local/lib/python3.12/site-packages/airflow/example_dags/example_bash_operator.py
[2025-09-29T16:12:19.465+0000] {processor.py:840} INFO - DAG(s) 'example_bash_operator' retrieved from /home/airflow/.local/lib/python3.12/site-packages/airflow/example_dags/example_bash_operator.py
[2025-09-29T16:12:19.562+0000] {logging_mixin.py:188} INFO - [2025-09-29T16:12:19.561+0000] {dag.py:3089} INFO - Sync 1 DAGs
[2025-09-29T16:12:19.655+0000] {logging_mixin.py:188} INFO - [2025-09-29T16:12:19.654+0000] {dag.py:3947} INFO - Setting next_dagrun for example_bash_operator to 2025-09-28 00:00:00+00:00, run_after=2025-09-29 00:00:00+00:00
[2025-09-29T16:12:19.702+0000] {processor.py:183} INFO - Processing /home/airflow/.local/lib/python3.12/site-packages/airflow/example_dags/example_bash_operator.py took 0.298 seconds
[2025-09-29T16:12:50.139+0000] {processor.py:161} INFO - Started process (PID=20450) to work on /home/airflow/.local/lib/python3.12/site-packages/airflow/example_dags/example_bash_operator.py
[2025-09-29T16:12:50.142+0000] {processor.py:830} INFO - Processing file /home/airflow/.local/lib/python3.12/site-packages/airflow/example_dags/example_bash_operator.py for tasks to queue
[2025-09-29T16:12:50.144+0000] {logging_mixin.py:188} INFO - [2025-09-29T16:12:50.143+0000] {dagbag.py:545} INFO - Filling up the DagBag from /home/airflow/.local/lib/python3.12/site-packages/airflow/example_dags/example_bash_operator.py
[2025-09-29T16:12:50.170+0000] {processor.py:840} INFO - DAG(s) 'example_bash_operator' retrieved from /home/airflow/.local/lib/python3.12/site-packages/airflow/example_dags/example_bash_operator.py
[2025-09-29T16:12:50.245+0000] {logging_mixin.py:188} INFO - [2025-09-29T16:12:50.245+0000] {dag.py:3089} INFO - Sync 1 DAGs
[2025-09-29T16:12:50.299+0000] {logging_mixin.py:188} INFO - [2025-09-29T16:12:50.299+0000] {dag.py:3947} INFO - Setting next_dagrun for example_bash_operator to 2025-09-28 00:00:00+00:00, run_after=2025-09-29 00:00:00+00:00
[2025-09-29T16:12:50.351+0000] {processor.py:183} INFO - Processing /home/airflow/.local/lib/python3.12/site-packages/airflow/example_dags/example_bash_operator.py took 0.227 seconds
[2025-09-29T16:13:20.962+0000] {processor.py:161} INFO - Started process (PID=20711) to work on /home/airflow/.local/lib/python3.12/site-packages/airflow/example_dags/example_bash_operator.py
[2025-09-29T16:13:20.971+0000] {processor.py:830} INFO - Processing file /home/airflow/.local/lib/python3.12/site-packages/airflow/example_dags/example_bash_operator.py for tasks to queue
[2025-09-29T16:13:20.974+0000] {logging_mixin.py:188} INFO - [2025-09-29T16:13:20.972+0000] {dagbag.py:545} INFO - Filling up the DagBag from /home/airflow/.local/lib/python3.12/site-packages/airflow/example_dags/example_bash_operator.py
[2025-09-29T16:13:21.033+0000] {processor.py:840} INFO - DAG(s) 'example_bash_operator' retrieved from /home/airflow/.local/lib/python3.12/site-packages/airflow/example_dags/example_bash_operator.py
[2025-09-29T16:13:21.329+0000] {logging_mixin.py:188} INFO - [2025-09-29T16:13:21.328+0000] {dag.py:3089} INFO - Sync 1 DAGs
[2025-09-29T16:13:21.444+0000] {logging_mixin.py:188} INFO - [2025-09-29T16:13:21.442+0000] {dag.py:3947} INFO - Setting next_dagrun for example_bash_operator to 2025-09-28 00:00:00+00:00, run_after=2025-09-29 00:00:00+00:00
[2025-09-29T16:13:21.527+0000] {processor.py:183} INFO - Processing /home/airflow/.local/lib/python3.12/site-packages/airflow/example_dags/example_bash_operator.py took 0.612 seconds
[2025-09-29T16:13:51.654+0000] {processor.py:161} INFO - Started process (PID=20972) to work on /home/airflow/.local/lib/python3.12/site-packages/airflow/example_dags/example_bash_operator.py
[2025-09-29T16:13:51.669+0000] {processor.py:830} INFO - Processing file /home/airflow/.local/lib/python3.12/site-packages/airflow/example_dags/example_bash_operator.py for tasks to queue
[2025-09-29T16:13:51.671+0000] {logging_mixin.py:188} INFO - [2025-09-29T16:13:51.670+0000] {dagbag.py:545} INFO - Filling up the DagBag from /home/airflow/.local/lib/python3.12/site-packages/airflow/example_dags/example_bash_operator.py
[2025-09-29T16:13:51.699+0000] {processor.py:840} INFO - DAG(s) 'example_bash_operator' retrieved from /home/airflow/.local/lib/python3.12/site-packages/airflow/example_dags/example_bash_operator.py
[2025-09-29T16:13:51.772+0000] {logging_mixin.py:188} INFO - [2025-09-29T16:13:51.771+0000] {dag.py:3089} INFO - Sync 1 DAGs
[2025-09-29T16:13:51.826+0000] {logging_mixin.py:188} INFO - [2025-09-29T16:13:51.825+0000] {dag.py:3947} INFO - Setting next_dagrun for example_bash_operator to 2025-09-28 00:00:00+00:00, run_after=2025-09-29 00:00:00+00:00
[2025-09-29T16:13:51.882+0000] {processor.py:183} INFO - Processing /home/airflow/.local/lib/python3.12/site-packages/airflow/example_dags/example_bash_operator.py took 0.243 seconds
[2025-09-29T16:14:22.106+0000] {processor.py:161} INFO - Started process (PID=21233) to work on /home/airflow/.local/lib/python3.12/site-packages/airflow/example_dags/example_bash_operator.py
[2025-09-29T16:14:22.109+0000] {processor.py:830} INFO - Processing file /home/airflow/.local/lib/python3.12/site-packages/airflow/example_dags/example_bash_operator.py for tasks to queue
[2025-09-29T16:14:22.113+0000] {logging_mixin.py:188} INFO - [2025-09-29T16:14:22.112+0000] {dagbag.py:545} INFO - Filling up the DagBag from /home/airflow/.local/lib/python3.12/site-packages/airflow/example_dags/example_bash_operator.py
[2025-09-29T16:14:22.157+0000] {processor.py:840} INFO - DAG(s) 'example_bash_operator' retrieved from /home/airflow/.local/lib/python3.12/site-packages/airflow/example_dags/example_bash_operator.py
[2025-09-29T16:14:22.322+0000] {logging_mixin.py:188} INFO - [2025-09-29T16:14:22.322+0000] {dag.py:3089} INFO - Sync 1 DAGs
[2025-09-29T16:14:22.398+0000] {logging_mixin.py:188} INFO - [2025-09-29T16:14:22.397+0000] {dag.py:3947} INFO - Setting next_dagrun for example_bash_operator to 2025-09-28 00:00:00+00:00, run_after=2025-09-29 00:00:00+00:00
[2025-09-29T16:14:22.460+0000] {processor.py:183} INFO - Processing /home/airflow/.local/lib/python3.12/site-packages/airflow/example_dags/example_bash_operator.py took 0.376 seconds
[2025-09-29T16:14:52.682+0000] {processor.py:161} INFO - Started process (PID=21494) to work on /home/airflow/.local/lib/python3.12/site-packages/airflow/example_dags/example_bash_operator.py
[2025-09-29T16:14:52.685+0000] {processor.py:830} INFO - Processing file /home/airflow/.local/lib/python3.12/site-packages/airflow/example_dags/example_bash_operator.py for tasks to queue
[2025-09-29T16:14:52.686+0000] {logging_mixin.py:188} INFO - [2025-09-29T16:14:52.686+0000] {dagbag.py:545} INFO - Filling up the DagBag from /home/airflow/.local/lib/python3.12/site-packages/airflow/example_dags/example_bash_operator.py
[2025-09-29T16:14:52.712+0000] {processor.py:840} INFO - DAG(s) 'example_bash_operator' retrieved from /home/airflow/.local/lib/python3.12/site-packages/airflow/example_dags/example_bash_operator.py
[2025-09-29T16:14:52.793+0000] {logging_mixin.py:188} INFO - [2025-09-29T16:14:52.793+0000] {dag.py:3089} INFO - Sync 1 DAGs
[2025-09-29T16:14:52.848+0000] {logging_mixin.py:188} INFO - [2025-09-29T16:14:52.848+0000] {dag.py:3947} INFO - Setting next_dagrun for example_bash_operator to 2025-09-28 00:00:00+00:00, run_after=2025-09-29 00:00:00+00:00
[2025-09-29T16:14:52.903+0000] {processor.py:183} INFO - Processing /home/airflow/.local/lib/python3.12/site-packages/airflow/example_dags/example_bash_operator.py took 0.235 seconds
[2025-09-29T16:15:23.107+0000] {processor.py:161} INFO - Started process (PID=21755) to work on /home/airflow/.local/lib/python3.12/site-packages/airflow/example_dags/example_bash_operator.py
[2025-09-29T16:15:23.109+0000] {processor.py:830} INFO - Processing file /home/airflow/.local/lib/python3.12/site-packages/airflow/example_dags/example_bash_operator.py for tasks to queue
[2025-09-29T16:15:23.111+0000] {logging_mixin.py:188} INFO - [2025-09-29T16:15:23.110+0000] {dagbag.py:545} INFO - Filling up the DagBag from /home/airflow/.local/lib/python3.12/site-packages/airflow/example_dags/example_bash_operator.py
[2025-09-29T16:15:23.137+0000] {processor.py:840} INFO - DAG(s) 'example_bash_operator' retrieved from /home/airflow/.local/lib/python3.12/site-packages/airflow/example_dags/example_bash_operator.py
[2025-09-29T16:15:23.209+0000] {logging_mixin.py:188} INFO - [2025-09-29T16:15:23.208+0000] {dag.py:3089} INFO - Sync 1 DAGs
[2025-09-29T16:15:23.258+0000] {logging_mixin.py:188} INFO - [2025-09-29T16:15:23.257+0000] {dag.py:3947} INFO - Setting next_dagrun for example_bash_operator to 2025-09-28 00:00:00+00:00, run_after=2025-09-29 00:00:00+00:00
[2025-09-29T16:15:23.307+0000] {processor.py:183} INFO - Processing /home/airflow/.local/lib/python3.12/site-packages/airflow/example_dags/example_bash_operator.py took 0.215 seconds
[2025-09-29T16:15:53.512+0000] {processor.py:161} INFO - Started process (PID=22016) to work on /home/airflow/.local/lib/python3.12/site-packages/airflow/example_dags/example_bash_operator.py
[2025-09-29T16:15:53.516+0000] {processor.py:830} INFO - Processing file /home/airflow/.local/lib/python3.12/site-packages/airflow/example_dags/example_bash_operator.py for tasks to queue
[2025-09-29T16:15:53.518+0000] {logging_mixin.py:188} INFO - [2025-09-29T16:15:53.517+0000] {dagbag.py:545} INFO - Filling up the DagBag from /home/airflow/.local/lib/python3.12/site-packages/airflow/example_dags/example_bash_operator.py
[2025-09-29T16:15:53.554+0000] {processor.py:840} INFO - DAG(s) 'example_bash_operator' retrieved from /home/airflow/.local/lib/python3.12/site-packages/airflow/example_dags/example_bash_operator.py
[2025-09-29T16:15:53.647+0000] {logging_mixin.py:188} INFO - [2025-09-29T16:15:53.646+0000] {dag.py:3089} INFO - Sync 1 DAGs
[2025-09-29T16:15:53.715+0000] {logging_mixin.py:188} INFO - [2025-09-29T16:15:53.714+0000] {dag.py:3947} INFO - Setting next_dagrun for example_bash_operator to 2025-09-28 00:00:00+00:00, run_after=2025-09-29 00:00:00+00:00
[2025-09-29T16:15:53.776+0000] {processor.py:183} INFO - Processing /home/airflow/.local/lib/python3.12/site-packages/airflow/example_dags/example_bash_operator.py took 0.300 seconds
[2025-09-29T16:16:24.075+0000] {processor.py:161} INFO - Started process (PID=22277) to work on /home/airflow/.local/lib/python3.12/site-packages/airflow/example_dags/example_bash_operator.py
[2025-09-29T16:16:24.078+0000] {processor.py:830} INFO - Processing file /home/airflow/.local/lib/python3.12/site-packages/airflow/example_dags/example_bash_operator.py for tasks to queue
[2025-09-29T16:16:24.081+0000] {logging_mixin.py:188} INFO - [2025-09-29T16:16:24.080+0000] {dagbag.py:545} INFO - Filling up the DagBag from /home/airflow/.local/lib/python3.12/site-packages/airflow/example_dags/example_bash_operator.py
[2025-09-29T16:16:24.120+0000] {processor.py:840} INFO - DAG(s) 'example_bash_operator' retrieved from /home/airflow/.local/lib/python3.12/site-packages/airflow/example_dags/example_bash_operator.py
[2025-09-29T16:16:24.252+0000] {logging_mixin.py:188} INFO - [2025-09-29T16:16:24.251+0000] {dag.py:3089} INFO - Sync 1 DAGs
[2025-09-29T16:16:24.308+0000] {logging_mixin.py:188} INFO - [2025-09-29T16:16:24.307+0000] {dag.py:3947} INFO - Setting next_dagrun for example_bash_operator to 2025-09-28 00:00:00+00:00, run_after=2025-09-29 00:00:00+00:00
[2025-09-29T16:16:24.367+0000] {processor.py:183} INFO - Processing /home/airflow/.local/lib/python3.12/site-packages/airflow/example_dags/example_bash_operator.py took 0.310 seconds
[2025-09-29T16:16:54.596+0000] {processor.py:161} INFO - Started process (PID=22538) to work on /home/airflow/.local/lib/python3.12/site-packages/airflow/example_dags/example_bash_operator.py
[2025-09-29T16:16:54.599+0000] {processor.py:830} INFO - Processing file /home/airflow/.local/lib/python3.12/site-packages/airflow/example_dags/example_bash_operator.py for tasks to queue
[2025-09-29T16:16:54.601+0000] {logging_mixin.py:188} INFO - [2025-09-29T16:16:54.600+0000] {dagbag.py:545} INFO - Filling up the DagBag from /home/airflow/.local/lib/python3.12/site-packages/airflow/example_dags/example_bash_operator.py
[2025-09-29T16:16:54.633+0000] {processor.py:840} INFO - DAG(s) 'example_bash_operator' retrieved from /home/airflow/.local/lib/python3.12/site-packages/airflow/example_dags/example_bash_operator.py
[2025-09-29T16:16:54.726+0000] {logging_mixin.py:188} INFO - [2025-09-29T16:16:54.725+0000] {dag.py:3089} INFO - Sync 1 DAGs
[2025-09-29T16:16:54.785+0000] {logging_mixin.py:188} INFO - [2025-09-29T16:16:54.784+0000] {dag.py:3947} INFO - Setting next_dagrun for example_bash_operator to 2025-09-28 00:00:00+00:00, run_after=2025-09-29 00:00:00+00:00
[2025-09-29T16:16:54.843+0000] {processor.py:183} INFO - Processing /home/airflow/.local/lib/python3.12/site-packages/airflow/example_dags/example_bash_operator.py took 0.265 seconds
[2025-09-29T16:17:25.102+0000] {processor.py:161} INFO - Started process (PID=22799) to work on /home/airflow/.local/lib/python3.12/site-packages/airflow/example_dags/example_bash_operator.py
[2025-09-29T16:17:25.104+0000] {processor.py:830} INFO - Processing file /home/airflow/.local/lib/python3.12/site-packages/airflow/example_dags/example_bash_operator.py for tasks to queue
[2025-09-29T16:17:25.106+0000] {logging_mixin.py:188} INFO - [2025-09-29T16:17:25.105+0000] {dagbag.py:545} INFO - Filling up the DagBag from /home/airflow/.local/lib/python3.12/site-packages/airflow/example_dags/example_bash_operator.py
[2025-09-29T16:17:25.135+0000] {processor.py:840} INFO - DAG(s) 'example_bash_operator' retrieved from /home/airflow/.local/lib/python3.12/site-packages/airflow/example_dags/example_bash_operator.py
[2025-09-29T16:17:25.214+0000] {logging_mixin.py:188} INFO - [2025-09-29T16:17:25.213+0000] {dag.py:3089} INFO - Sync 1 DAGs
[2025-09-29T16:17:25.284+0000] {logging_mixin.py:188} INFO - [2025-09-29T16:17:25.283+0000] {dag.py:3947} INFO - Setting next_dagrun for example_bash_operator to 2025-09-28 00:00:00+00:00, run_after=2025-09-29 00:00:00+00:00
[2025-09-29T16:17:25.333+0000] {processor.py:183} INFO - Processing /home/airflow/.local/lib/python3.12/site-packages/airflow/example_dags/example_bash_operator.py took 0.246 seconds
[2025-09-29T16:17:55.457+0000] {processor.py:161} INFO - Started process (PID=23060) to work on /home/airflow/.local/lib/python3.12/site-packages/airflow/example_dags/example_bash_operator.py
[2025-09-29T16:17:55.466+0000] {processor.py:830} INFO - Processing file /home/airflow/.local/lib/python3.12/site-packages/airflow/example_dags/example_bash_operator.py for tasks to queue
[2025-09-29T16:17:55.468+0000] {logging_mixin.py:188} INFO - [2025-09-29T16:17:55.467+0000] {dagbag.py:545} INFO - Filling up the DagBag from /home/airflow/.local/lib/python3.12/site-packages/airflow/example_dags/example_bash_operator.py
[2025-09-29T16:17:55.496+0000] {processor.py:840} INFO - DAG(s) 'example_bash_operator' retrieved from /home/airflow/.local/lib/python3.12/site-packages/airflow/example_dags/example_bash_operator.py
[2025-09-29T16:17:55.570+0000] {logging_mixin.py:188} INFO - [2025-09-29T16:17:55.570+0000] {dag.py:3089} INFO - Sync 1 DAGs
[2025-09-29T16:17:55.623+0000] {logging_mixin.py:188} INFO - [2025-09-29T16:17:55.622+0000] {dag.py:3947} INFO - Setting next_dagrun for example_bash_operator to 2025-09-28 00:00:00+00:00, run_after=2025-09-29 00:00:00+00:00
[2025-09-29T16:17:55.669+0000] {processor.py:183} INFO - Processing /home/airflow/.local/lib/python3.12/site-packages/airflow/example_dags/example_bash_operator.py took 0.227 seconds
[2025-09-29T16:18:25.890+0000] {processor.py:161} INFO - Started process (PID=23321) to work on /home/airflow/.local/lib/python3.12/site-packages/airflow/example_dags/example_bash_operator.py
[2025-09-29T16:18:25.895+0000] {processor.py:830} INFO - Processing file /home/airflow/.local/lib/python3.12/site-packages/airflow/example_dags/example_bash_operator.py for tasks to queue
[2025-09-29T16:18:25.897+0000] {logging_mixin.py:188} INFO - [2025-09-29T16:18:25.896+0000] {dagbag.py:545} INFO - Filling up the DagBag from /home/airflow/.local/lib/python3.12/site-packages/airflow/example_dags/example_bash_operator.py
[2025-09-29T16:18:25.924+0000] {processor.py:840} INFO - DAG(s) 'example_bash_operator' retrieved from /home/airflow/.local/lib/python3.12/site-packages/airflow/example_dags/example_bash_operator.py
[2025-09-29T16:18:26.000+0000] {logging_mixin.py:188} INFO - [2025-09-29T16:18:26.000+0000] {dag.py:3089} INFO - Sync 1 DAGs
[2025-09-29T16:18:26.057+0000] {logging_mixin.py:188} INFO - [2025-09-29T16:18:26.057+0000] {dag.py:3947} INFO - Setting next_dagrun for example_bash_operator to 2025-09-28 00:00:00+00:00, run_after=2025-09-29 00:00:00+00:00
[2025-09-29T16:18:26.108+0000] {processor.py:183} INFO - Processing /home/airflow/.local/lib/python3.12/site-packages/airflow/example_dags/example_bash_operator.py took 0.232 seconds
[2025-09-29T16:18:56.947+0000] {processor.py:161} INFO - Started process (PID=23582) to work on /home/airflow/.local/lib/python3.12/site-packages/airflow/example_dags/example_bash_operator.py
[2025-09-29T16:18:56.949+0000] {processor.py:830} INFO - Processing file /home/airflow/.local/lib/python3.12/site-packages/airflow/example_dags/example_bash_operator.py for tasks to queue
[2025-09-29T16:18:56.951+0000] {logging_mixin.py:188} INFO - [2025-09-29T16:18:56.950+0000] {dagbag.py:545} INFO - Filling up the DagBag from /home/airflow/.local/lib/python3.12/site-packages/airflow/example_dags/example_bash_operator.py
[2025-09-29T16:18:56.982+0000] {processor.py:840} INFO - DAG(s) 'example_bash_operator' retrieved from /home/airflow/.local/lib/python3.12/site-packages/airflow/example_dags/example_bash_operator.py
[2025-09-29T16:18:57.086+0000] {logging_mixin.py:188} INFO - [2025-09-29T16:18:57.086+0000] {dag.py:3089} INFO - Sync 1 DAGs
[2025-09-29T16:18:57.148+0000] {logging_mixin.py:188} INFO - [2025-09-29T16:18:57.147+0000] {dag.py:3947} INFO - Setting next_dagrun for example_bash_operator to 2025-09-28 00:00:00+00:00, run_after=2025-09-29 00:00:00+00:00
[2025-09-29T16:18:57.203+0000] {processor.py:183} INFO - Processing /home/airflow/.local/lib/python3.12/site-packages/airflow/example_dags/example_bash_operator.py took 0.275 seconds
[2025-09-29T16:19:27.347+0000] {processor.py:161} INFO - Started process (PID=23843) to work on /home/airflow/.local/lib/python3.12/site-packages/airflow/example_dags/example_bash_operator.py
[2025-09-29T16:19:27.350+0000] {processor.py:830} INFO - Processing file /home/airflow/.local/lib/python3.12/site-packages/airflow/example_dags/example_bash_operator.py for tasks to queue
[2025-09-29T16:19:27.352+0000] {logging_mixin.py:188} INFO - [2025-09-29T16:19:27.351+0000] {dagbag.py:545} INFO - Filling up the DagBag from /home/airflow/.local/lib/python3.12/site-packages/airflow/example_dags/example_bash_operator.py
[2025-09-29T16:19:27.381+0000] {processor.py:840} INFO - DAG(s) 'example_bash_operator' retrieved from /home/airflow/.local/lib/python3.12/site-packages/airflow/example_dags/example_bash_operator.py
[2025-09-29T16:19:27.461+0000] {logging_mixin.py:188} INFO - [2025-09-29T16:19:27.461+0000] {dag.py:3089} INFO - Sync 1 DAGs
[2025-09-29T16:19:27.523+0000] {logging_mixin.py:188} INFO - [2025-09-29T16:19:27.522+0000] {dag.py:3947} INFO - Setting next_dagrun for example_bash_operator to 2025-09-28 00:00:00+00:00, run_after=2025-09-29 00:00:00+00:00
[2025-09-29T16:19:27.574+0000] {processor.py:183} INFO - Processing /home/airflow/.local/lib/python3.12/site-packages/airflow/example_dags/example_bash_operator.py took 0.241 seconds
[2025-09-29T16:19:58.823+0000] {processor.py:161} INFO - Started process (PID=24102) to work on /home/airflow/.local/lib/python3.12/site-packages/airflow/example_dags/example_bash_operator.py
[2025-09-29T16:19:58.825+0000] {processor.py:830} INFO - Processing file /home/airflow/.local/lib/python3.12/site-packages/airflow/example_dags/example_bash_operator.py for tasks to queue
[2025-09-29T16:19:58.827+0000] {logging_mixin.py:188} INFO - [2025-09-29T16:19:58.826+0000] {dagbag.py:545} INFO - Filling up the DagBag from /home/airflow/.local/lib/python3.12/site-packages/airflow/example_dags/example_bash_operator.py
[2025-09-29T16:19:58.861+0000] {processor.py:840} INFO - DAG(s) 'example_bash_operator' retrieved from /home/airflow/.local/lib/python3.12/site-packages/airflow/example_dags/example_bash_operator.py
[2025-09-29T16:19:58.943+0000] {logging_mixin.py:188} INFO - [2025-09-29T16:19:58.942+0000] {dag.py:3089} INFO - Sync 1 DAGs
[2025-09-29T16:19:59.007+0000] {logging_mixin.py:188} INFO - [2025-09-29T16:19:59.007+0000] {dag.py:3947} INFO - Setting next_dagrun for example_bash_operator to 2025-09-28 00:00:00+00:00, run_after=2025-09-29 00:00:00+00:00
[2025-09-29T16:19:59.062+0000] {processor.py:183} INFO - Processing /home/airflow/.local/lib/python3.12/site-packages/airflow/example_dags/example_bash_operator.py took 0.257 seconds
[2025-09-29T16:20:28.685+0000] {processor.py:161} INFO - Started process (PID=24359) to work on /home/airflow/.local/lib/python3.12/site-packages/airflow/example_dags/example_bash_operator.py
[2025-09-29T16:20:28.687+0000] {processor.py:830} INFO - Processing file /home/airflow/.local/lib/python3.12/site-packages/airflow/example_dags/example_bash_operator.py for tasks to queue
[2025-09-29T16:20:28.690+0000] {logging_mixin.py:188} INFO - [2025-09-29T16:20:28.689+0000] {dagbag.py:545} INFO - Filling up the DagBag from /home/airflow/.local/lib/python3.12/site-packages/airflow/example_dags/example_bash_operator.py
[2025-09-29T16:20:28.717+0000] {processor.py:840} INFO - DAG(s) 'example_bash_operator' retrieved from /home/airflow/.local/lib/python3.12/site-packages/airflow/example_dags/example_bash_operator.py
[2025-09-29T16:20:27.897+0000] {logging_mixin.py:188} INFO - [2025-09-29T16:20:27.896+0000] {dag.py:3089} INFO - Sync 1 DAGs
[2025-09-29T16:20:27.957+0000] {logging_mixin.py:188} INFO - [2025-09-29T16:20:27.956+0000] {dag.py:3947} INFO - Setting next_dagrun for example_bash_operator to 2025-09-28 00:00:00+00:00, run_after=2025-09-29 00:00:00+00:00
[2025-09-29T16:20:28.013+0000] {processor.py:183} INFO - Processing /home/airflow/.local/lib/python3.12/site-packages/airflow/example_dags/example_bash_operator.py took 0.241 seconds
[2025-09-29T16:20:58.513+0000] {processor.py:161} INFO - Started process (PID=24610) to work on /home/airflow/.local/lib/python3.12/site-packages/airflow/example_dags/example_bash_operator.py
[2025-09-29T16:20:58.516+0000] {processor.py:830} INFO - Processing file /home/airflow/.local/lib/python3.12/site-packages/airflow/example_dags/example_bash_operator.py for tasks to queue
[2025-09-29T16:20:58.518+0000] {logging_mixin.py:188} INFO - [2025-09-29T16:20:58.517+0000] {dagbag.py:545} INFO - Filling up the DagBag from /home/airflow/.local/lib/python3.12/site-packages/airflow/example_dags/example_bash_operator.py
[2025-09-29T16:20:58.544+0000] {processor.py:840} INFO - DAG(s) 'example_bash_operator' retrieved from /home/airflow/.local/lib/python3.12/site-packages/airflow/example_dags/example_bash_operator.py
[2025-09-29T16:20:58.616+0000] {logging_mixin.py:188} INFO - [2025-09-29T16:20:58.616+0000] {dag.py:3089} INFO - Sync 1 DAGs
[2025-09-29T16:20:58.665+0000] {logging_mixin.py:188} INFO - [2025-09-29T16:20:58.664+0000] {dag.py:3947} INFO - Setting next_dagrun for example_bash_operator to 2025-09-28 00:00:00+00:00, run_after=2025-09-29 00:00:00+00:00
[2025-09-29T16:20:58.719+0000] {processor.py:183} INFO - Processing /home/airflow/.local/lib/python3.12/site-packages/airflow/example_dags/example_bash_operator.py took 0.223 seconds
[2025-09-29T16:21:29.269+0000] {processor.py:161} INFO - Started process (PID=24871) to work on /home/airflow/.local/lib/python3.12/site-packages/airflow/example_dags/example_bash_operator.py
[2025-09-29T16:21:29.272+0000] {processor.py:830} INFO - Processing file /home/airflow/.local/lib/python3.12/site-packages/airflow/example_dags/example_bash_operator.py for tasks to queue
[2025-09-29T16:21:29.274+0000] {logging_mixin.py:188} INFO - [2025-09-29T16:21:29.273+0000] {dagbag.py:545} INFO - Filling up the DagBag from /home/airflow/.local/lib/python3.12/site-packages/airflow/example_dags/example_bash_operator.py
[2025-09-29T16:21:29.304+0000] {processor.py:840} INFO - DAG(s) 'example_bash_operator' retrieved from /home/airflow/.local/lib/python3.12/site-packages/airflow/example_dags/example_bash_operator.py
[2025-09-29T16:21:29.384+0000] {logging_mixin.py:188} INFO - [2025-09-29T16:21:29.384+0000] {dag.py:3089} INFO - Sync 1 DAGs
[2025-09-29T16:21:29.442+0000] {logging_mixin.py:188} INFO - [2025-09-29T16:21:29.442+0000] {dag.py:3947} INFO - Setting next_dagrun for example_bash_operator to 2025-09-28 00:00:00+00:00, run_after=2025-09-29 00:00:00+00:00
[2025-09-29T16:21:29.492+0000] {processor.py:183} INFO - Processing /home/airflow/.local/lib/python3.12/site-packages/airflow/example_dags/example_bash_operator.py took 0.239 seconds
[2025-09-29T16:21:59.741+0000] {processor.py:161} INFO - Started process (PID=25132) to work on /home/airflow/.local/lib/python3.12/site-packages/airflow/example_dags/example_bash_operator.py
[2025-09-29T16:21:59.743+0000] {processor.py:830} INFO - Processing file /home/airflow/.local/lib/python3.12/site-packages/airflow/example_dags/example_bash_operator.py for tasks to queue
[2025-09-29T16:21:59.745+0000] {logging_mixin.py:188} INFO - [2025-09-29T16:21:59.744+0000] {dagbag.py:545} INFO - Filling up the DagBag from /home/airflow/.local/lib/python3.12/site-packages/airflow/example_dags/example_bash_operator.py
[2025-09-29T16:21:59.770+0000] {processor.py:840} INFO - DAG(s) 'example_bash_operator' retrieved from /home/airflow/.local/lib/python3.12/site-packages/airflow/example_dags/example_bash_operator.py
[2025-09-29T16:21:59.844+0000] {logging_mixin.py:188} INFO - [2025-09-29T16:21:59.843+0000] {dag.py:3089} INFO - Sync 1 DAGs
[2025-09-29T16:21:59.901+0000] {logging_mixin.py:188} INFO - [2025-09-29T16:21:59.900+0000] {dag.py:3947} INFO - Setting next_dagrun for example_bash_operator to 2025-09-28 00:00:00+00:00, run_after=2025-09-29 00:00:00+00:00
[2025-09-29T16:21:59.950+0000] {processor.py:183} INFO - Processing /home/airflow/.local/lib/python3.12/site-packages/airflow/example_dags/example_bash_operator.py took 0.223 seconds
[2025-09-29T16:22:30.051+0000] {processor.py:161} INFO - Started process (PID=25393) to work on /home/airflow/.local/lib/python3.12/site-packages/airflow/example_dags/example_bash_operator.py
[2025-09-29T16:22:30.054+0000] {processor.py:830} INFO - Processing file /home/airflow/.local/lib/python3.12/site-packages/airflow/example_dags/example_bash_operator.py for tasks to queue
[2025-09-29T16:22:30.056+0000] {logging_mixin.py:188} INFO - [2025-09-29T16:22:30.055+0000] {dagbag.py:545} INFO - Filling up the DagBag from /home/airflow/.local/lib/python3.12/site-packages/airflow/example_dags/example_bash_operator.py
[2025-09-29T16:22:30.081+0000] {processor.py:840} INFO - DAG(s) 'example_bash_operator' retrieved from /home/airflow/.local/lib/python3.12/site-packages/airflow/example_dags/example_bash_operator.py
[2025-09-29T16:22:30.151+0000] {logging_mixin.py:188} INFO - [2025-09-29T16:22:30.151+0000] {dag.py:3089} INFO - Sync 1 DAGs
[2025-09-29T16:22:30.199+0000] {logging_mixin.py:188} INFO - [2025-09-29T16:22:30.199+0000] {dag.py:3947} INFO - Setting next_dagrun for example_bash_operator to 2025-09-28 00:00:00+00:00, run_after=2025-09-29 00:00:00+00:00
[2025-09-29T16:22:30.245+0000] {processor.py:183} INFO - Processing /home/airflow/.local/lib/python3.12/site-packages/airflow/example_dags/example_bash_operator.py took 0.208 seconds
[2025-09-29T16:23:00.765+0000] {processor.py:161} INFO - Started process (PID=25654) to work on /home/airflow/.local/lib/python3.12/site-packages/airflow/example_dags/example_bash_operator.py
[2025-09-29T16:23:00.767+0000] {processor.py:830} INFO - Processing file /home/airflow/.local/lib/python3.12/site-packages/airflow/example_dags/example_bash_operator.py for tasks to queue
[2025-09-29T16:23:00.769+0000] {logging_mixin.py:188} INFO - [2025-09-29T16:23:00.768+0000] {dagbag.py:545} INFO - Filling up the DagBag from /home/airflow/.local/lib/python3.12/site-packages/airflow/example_dags/example_bash_operator.py
[2025-09-29T16:23:00.795+0000] {processor.py:840} INFO - DAG(s) 'example_bash_operator' retrieved from /home/airflow/.local/lib/python3.12/site-packages/airflow/example_dags/example_bash_operator.py
[2025-09-29T16:23:00.864+0000] {logging_mixin.py:188} INFO - [2025-09-29T16:23:00.864+0000] {dag.py:3089} INFO - Sync 1 DAGs
[2025-09-29T16:23:00.916+0000] {logging_mixin.py:188} INFO - [2025-09-29T16:23:00.916+0000] {dag.py:3947} INFO - Setting next_dagrun for example_bash_operator to 2025-09-28 00:00:00+00:00, run_after=2025-09-29 00:00:00+00:00
[2025-09-29T16:23:00.966+0000] {processor.py:183} INFO - Processing /home/airflow/.local/lib/python3.12/site-packages/airflow/example_dags/example_bash_operator.py took 0.217 seconds
[2025-09-29T16:23:31.508+0000] {processor.py:161} INFO - Started process (PID=25915) to work on /home/airflow/.local/lib/python3.12/site-packages/airflow/example_dags/example_bash_operator.py
[2025-09-29T16:23:31.517+0000] {processor.py:830} INFO - Processing file /home/airflow/.local/lib/python3.12/site-packages/airflow/example_dags/example_bash_operator.py for tasks to queue
[2025-09-29T16:23:31.520+0000] {logging_mixin.py:188} INFO - [2025-09-29T16:23:31.519+0000] {dagbag.py:545} INFO - Filling up the DagBag from /home/airflow/.local/lib/python3.12/site-packages/airflow/example_dags/example_bash_operator.py
[2025-09-29T16:23:31.549+0000] {processor.py:840} INFO - DAG(s) 'example_bash_operator' retrieved from /home/airflow/.local/lib/python3.12/site-packages/airflow/example_dags/example_bash_operator.py
[2025-09-29T16:23:31.639+0000] {logging_mixin.py:188} INFO - [2025-09-29T16:23:31.638+0000] {dag.py:3089} INFO - Sync 1 DAGs
[2025-09-29T16:23:31.705+0000] {logging_mixin.py:188} INFO - [2025-09-29T16:23:31.705+0000] {dag.py:3947} INFO - Setting next_dagrun for example_bash_operator to 2025-09-28 00:00:00+00:00, run_after=2025-09-29 00:00:00+00:00
[2025-09-29T16:23:31.796+0000] {processor.py:183} INFO - Processing /home/airflow/.local/lib/python3.12/site-packages/airflow/example_dags/example_bash_operator.py took 0.306 seconds
[2025-09-29T16:24:02.251+0000] {processor.py:161} INFO - Started process (PID=26176) to work on /home/airflow/.local/lib/python3.12/site-packages/airflow/example_dags/example_bash_operator.py
[2025-09-29T16:24:02.254+0000] {processor.py:830} INFO - Processing file /home/airflow/.local/lib/python3.12/site-packages/airflow/example_dags/example_bash_operator.py for tasks to queue
[2025-09-29T16:24:02.257+0000] {logging_mixin.py:188} INFO - [2025-09-29T16:24:02.256+0000] {dagbag.py:545} INFO - Filling up the DagBag from /home/airflow/.local/lib/python3.12/site-packages/airflow/example_dags/example_bash_operator.py
[2025-09-29T16:24:02.288+0000] {processor.py:840} INFO - DAG(s) 'example_bash_operator' retrieved from /home/airflow/.local/lib/python3.12/site-packages/airflow/example_dags/example_bash_operator.py
[2025-09-29T16:24:02.410+0000] {logging_mixin.py:188} INFO - [2025-09-29T16:24:02.409+0000] {dag.py:3089} INFO - Sync 1 DAGs
[2025-09-29T16:24:02.474+0000] {logging_mixin.py:188} INFO - [2025-09-29T16:24:02.474+0000] {dag.py:3947} INFO - Setting next_dagrun for example_bash_operator to 2025-09-28 00:00:00+00:00, run_after=2025-09-29 00:00:00+00:00
[2025-09-29T16:24:02.535+0000] {processor.py:183} INFO - Processing /home/airflow/.local/lib/python3.12/site-packages/airflow/example_dags/example_bash_operator.py took 0.305 seconds
[2025-09-29T16:24:33.034+0000] {processor.py:161} INFO - Started process (PID=26437) to work on /home/airflow/.local/lib/python3.12/site-packages/airflow/example_dags/example_bash_operator.py
[2025-09-29T16:24:33.037+0000] {processor.py:830} INFO - Processing file /home/airflow/.local/lib/python3.12/site-packages/airflow/example_dags/example_bash_operator.py for tasks to queue
[2025-09-29T16:24:33.039+0000] {logging_mixin.py:188} INFO - [2025-09-29T16:24:33.038+0000] {dagbag.py:545} INFO - Filling up the DagBag from /home/airflow/.local/lib/python3.12/site-packages/airflow/example_dags/example_bash_operator.py
[2025-09-29T16:24:33.067+0000] {processor.py:840} INFO - DAG(s) 'example_bash_operator' retrieved from /home/airflow/.local/lib/python3.12/site-packages/airflow/example_dags/example_bash_operator.py
[2025-09-29T16:24:33.154+0000] {logging_mixin.py:188} INFO - [2025-09-29T16:24:33.153+0000] {dag.py:3089} INFO - Sync 1 DAGs
[2025-09-29T16:24:33.224+0000] {logging_mixin.py:188} INFO - [2025-09-29T16:24:33.223+0000] {dag.py:3947} INFO - Setting next_dagrun for example_bash_operator to 2025-09-28 00:00:00+00:00, run_after=2025-09-29 00:00:00+00:00
[2025-09-29T16:24:33.285+0000] {processor.py:183} INFO - Processing /home/airflow/.local/lib/python3.12/site-packages/airflow/example_dags/example_bash_operator.py took 0.267 seconds
[2025-09-29T16:25:03.610+0000] {processor.py:161} INFO - Started process (PID=26698) to work on /home/airflow/.local/lib/python3.12/site-packages/airflow/example_dags/example_bash_operator.py
[2025-09-29T16:25:03.614+0000] {processor.py:830} INFO - Processing file /home/airflow/.local/lib/python3.12/site-packages/airflow/example_dags/example_bash_operator.py for tasks to queue
[2025-09-29T16:25:03.615+0000] {logging_mixin.py:188} INFO - [2025-09-29T16:25:03.615+0000] {dagbag.py:545} INFO - Filling up the DagBag from /home/airflow/.local/lib/python3.12/site-packages/airflow/example_dags/example_bash_operator.py
[2025-09-29T16:25:03.646+0000] {processor.py:840} INFO - DAG(s) 'example_bash_operator' retrieved from /home/airflow/.local/lib/python3.12/site-packages/airflow/example_dags/example_bash_operator.py
[2025-09-29T16:25:03.722+0000] {logging_mixin.py:188} INFO - [2025-09-29T16:25:03.721+0000] {dag.py:3089} INFO - Sync 1 DAGs
[2025-09-29T16:25:03.773+0000] {logging_mixin.py:188} INFO - [2025-09-29T16:25:03.773+0000] {dag.py:3947} INFO - Setting next_dagrun for example_bash_operator to 2025-09-28 00:00:00+00:00, run_after=2025-09-29 00:00:00+00:00
[2025-09-29T16:25:03.821+0000] {processor.py:183} INFO - Processing /home/airflow/.local/lib/python3.12/site-packages/airflow/example_dags/example_bash_operator.py took 0.225 seconds
[2025-09-29T16:25:34.416+0000] {processor.py:161} INFO - Started process (PID=26959) to work on /home/airflow/.local/lib/python3.12/site-packages/airflow/example_dags/example_bash_operator.py
[2025-09-29T16:25:34.420+0000] {processor.py:830} INFO - Processing file /home/airflow/.local/lib/python3.12/site-packages/airflow/example_dags/example_bash_operator.py for tasks to queue
[2025-09-29T16:25:34.422+0000] {logging_mixin.py:188} INFO - [2025-09-29T16:25:34.421+0000] {dagbag.py:545} INFO - Filling up the DagBag from /home/airflow/.local/lib/python3.12/site-packages/airflow/example_dags/example_bash_operator.py
[2025-09-29T16:25:34.458+0000] {processor.py:840} INFO - DAG(s) 'example_bash_operator' retrieved from /home/airflow/.local/lib/python3.12/site-packages/airflow/example_dags/example_bash_operator.py
[2025-09-29T16:25:34.535+0000] {logging_mixin.py:188} INFO - [2025-09-29T16:25:34.534+0000] {dag.py:3089} INFO - Sync 1 DAGs
[2025-09-29T16:25:34.586+0000] {logging_mixin.py:188} INFO - [2025-09-29T16:25:34.585+0000] {dag.py:3947} INFO - Setting next_dagrun for example_bash_operator to 2025-09-28 00:00:00+00:00, run_after=2025-09-29 00:00:00+00:00
[2025-09-29T16:25:34.638+0000] {processor.py:183} INFO - Processing /home/airflow/.local/lib/python3.12/site-packages/airflow/example_dags/example_bash_operator.py took 0.243 seconds
[2025-09-29T16:26:04.995+0000] {processor.py:161} INFO - Started process (PID=27225) to work on /home/airflow/.local/lib/python3.12/site-packages/airflow/example_dags/example_bash_operator.py
[2025-09-29T16:26:04.997+0000] {processor.py:830} INFO - Processing file /home/airflow/.local/lib/python3.12/site-packages/airflow/example_dags/example_bash_operator.py for tasks to queue
[2025-09-29T16:26:04.999+0000] {logging_mixin.py:188} INFO - [2025-09-29T16:26:04.998+0000] {dagbag.py:545} INFO - Filling up the DagBag from /home/airflow/.local/lib/python3.12/site-packages/airflow/example_dags/example_bash_operator.py
[2025-09-29T16:26:05.030+0000] {processor.py:840} INFO - DAG(s) 'example_bash_operator' retrieved from /home/airflow/.local/lib/python3.12/site-packages/airflow/example_dags/example_bash_operator.py
[2025-09-29T16:26:05.111+0000] {logging_mixin.py:188} INFO - [2025-09-29T16:26:05.110+0000] {dag.py:3089} INFO - Sync 1 DAGs
[2025-09-29T16:26:05.164+0000] {logging_mixin.py:188} INFO - [2025-09-29T16:26:05.163+0000] {dag.py:3947} INFO - Setting next_dagrun for example_bash_operator to 2025-09-28 00:00:00+00:00, run_after=2025-09-29 00:00:00+00:00
[2025-09-29T16:26:05.216+0000] {processor.py:183} INFO - Processing /home/airflow/.local/lib/python3.12/site-packages/airflow/example_dags/example_bash_operator.py took 0.239 seconds
[2025-09-29T16:26:35.589+0000] {processor.py:161} INFO - Started process (PID=27479) to work on /home/airflow/.local/lib/python3.12/site-packages/airflow/example_dags/example_bash_operator.py
[2025-09-29T16:26:35.593+0000] {processor.py:830} INFO - Processing file /home/airflow/.local/lib/python3.12/site-packages/airflow/example_dags/example_bash_operator.py for tasks to queue
[2025-09-29T16:26:35.596+0000] {logging_mixin.py:188} INFO - [2025-09-29T16:26:35.595+0000] {dagbag.py:545} INFO - Filling up the DagBag from /home/airflow/.local/lib/python3.12/site-packages/airflow/example_dags/example_bash_operator.py
[2025-09-29T16:26:35.632+0000] {processor.py:840} INFO - DAG(s) 'example_bash_operator' retrieved from /home/airflow/.local/lib/python3.12/site-packages/airflow/example_dags/example_bash_operator.py
[2025-09-29T16:26:35.723+0000] {logging_mixin.py:188} INFO - [2025-09-29T16:26:35.723+0000] {dag.py:3089} INFO - Sync 1 DAGs
[2025-09-29T16:26:35.776+0000] {logging_mixin.py:188} INFO - [2025-09-29T16:26:35.776+0000] {dag.py:3947} INFO - Setting next_dagrun for example_bash_operator to 2025-09-28 00:00:00+00:00, run_after=2025-09-29 00:00:00+00:00
[2025-09-29T16:26:35.828+0000] {processor.py:183} INFO - Processing /home/airflow/.local/lib/python3.12/site-packages/airflow/example_dags/example_bash_operator.py took 0.259 seconds
[2025-09-29T16:27:06.358+0000] {processor.py:161} INFO - Started process (PID=27737) to work on /home/airflow/.local/lib/python3.12/site-packages/airflow/example_dags/example_bash_operator.py
[2025-09-29T16:27:06.359+0000] {processor.py:830} INFO - Processing file /home/airflow/.local/lib/python3.12/site-packages/airflow/example_dags/example_bash_operator.py for tasks to queue
[2025-09-29T16:27:06.361+0000] {logging_mixin.py:188} INFO - [2025-09-29T16:27:06.360+0000] {dagbag.py:545} INFO - Filling up the DagBag from /home/airflow/.local/lib/python3.12/site-packages/airflow/example_dags/example_bash_operator.py
[2025-09-29T16:27:06.387+0000] {processor.py:840} INFO - DAG(s) 'example_bash_operator' retrieved from /home/airflow/.local/lib/python3.12/site-packages/airflow/example_dags/example_bash_operator.py
[2025-09-29T16:27:06.460+0000] {logging_mixin.py:188} INFO - [2025-09-29T16:27:06.460+0000] {dag.py:3089} INFO - Sync 1 DAGs
[2025-09-29T16:27:06.514+0000] {logging_mixin.py:188} INFO - [2025-09-29T16:27:06.514+0000] {dag.py:3947} INFO - Setting next_dagrun for example_bash_operator to 2025-09-28 00:00:00+00:00, run_after=2025-09-29 00:00:00+00:00
[2025-09-29T16:27:06.577+0000] {processor.py:183} INFO - Processing /home/airflow/.local/lib/python3.12/site-packages/airflow/example_dags/example_bash_operator.py took 0.233 seconds
[2025-09-29T16:27:36.785+0000] {processor.py:161} INFO - Started process (PID=28003) to work on /home/airflow/.local/lib/python3.12/site-packages/airflow/example_dags/example_bash_operator.py
[2025-09-29T16:27:36.787+0000] {processor.py:830} INFO - Processing file /home/airflow/.local/lib/python3.12/site-packages/airflow/example_dags/example_bash_operator.py for tasks to queue
[2025-09-29T16:27:36.789+0000] {logging_mixin.py:188} INFO - [2025-09-29T16:27:36.788+0000] {dagbag.py:545} INFO - Filling up the DagBag from /home/airflow/.local/lib/python3.12/site-packages/airflow/example_dags/example_bash_operator.py
[2025-09-29T16:27:36.815+0000] {processor.py:840} INFO - DAG(s) 'example_bash_operator' retrieved from /home/airflow/.local/lib/python3.12/site-packages/airflow/example_dags/example_bash_operator.py
[2025-09-29T16:27:36.889+0000] {logging_mixin.py:188} INFO - [2025-09-29T16:27:36.888+0000] {dag.py:3089} INFO - Sync 1 DAGs
[2025-09-29T16:27:36.952+0000] {logging_mixin.py:188} INFO - [2025-09-29T16:27:36.952+0000] {dag.py:3947} INFO - Setting next_dagrun for example_bash_operator to 2025-09-28 00:00:00+00:00, run_after=2025-09-29 00:00:00+00:00
[2025-09-29T16:27:36.999+0000] {processor.py:183} INFO - Processing /home/airflow/.local/lib/python3.12/site-packages/airflow/example_dags/example_bash_operator.py took 0.229 seconds
[2025-09-29T16:28:07.279+0000] {processor.py:161} INFO - Started process (PID=28259) to work on /home/airflow/.local/lib/python3.12/site-packages/airflow/example_dags/example_bash_operator.py
[2025-09-29T16:28:07.287+0000] {processor.py:830} INFO - Processing file /home/airflow/.local/lib/python3.12/site-packages/airflow/example_dags/example_bash_operator.py for tasks to queue
[2025-09-29T16:28:07.290+0000] {logging_mixin.py:188} INFO - [2025-09-29T16:28:07.289+0000] {dagbag.py:545} INFO - Filling up the DagBag from /home/airflow/.local/lib/python3.12/site-packages/airflow/example_dags/example_bash_operator.py
[2025-09-29T16:28:07.319+0000] {processor.py:840} INFO - DAG(s) 'example_bash_operator' retrieved from /home/airflow/.local/lib/python3.12/site-packages/airflow/example_dags/example_bash_operator.py
[2025-09-29T16:28:07.394+0000] {logging_mixin.py:188} INFO - [2025-09-29T16:28:07.394+0000] {dag.py:3089} INFO - Sync 1 DAGs
[2025-09-29T16:28:07.456+0000] {logging_mixin.py:188} INFO - [2025-09-29T16:28:07.455+0000] {dag.py:3947} INFO - Setting next_dagrun for example_bash_operator to 2025-09-28 00:00:00+00:00, run_after=2025-09-29 00:00:00+00:00
[2025-09-29T16:28:07.514+0000] {processor.py:183} INFO - Processing /home/airflow/.local/lib/python3.12/site-packages/airflow/example_dags/example_bash_operator.py took 0.252 seconds
[2025-09-29T16:28:37.782+0000] {processor.py:161} INFO - Started process (PID=28520) to work on /home/airflow/.local/lib/python3.12/site-packages/airflow/example_dags/example_bash_operator.py
[2025-09-29T16:28:37.785+0000] {processor.py:830} INFO - Processing file /home/airflow/.local/lib/python3.12/site-packages/airflow/example_dags/example_bash_operator.py for tasks to queue
[2025-09-29T16:28:37.787+0000] {logging_mixin.py:188} INFO - [2025-09-29T16:28:37.786+0000] {dagbag.py:545} INFO - Filling up the DagBag from /home/airflow/.local/lib/python3.12/site-packages/airflow/example_dags/example_bash_operator.py
[2025-09-29T16:28:37.816+0000] {processor.py:840} INFO - DAG(s) 'example_bash_operator' retrieved from /home/airflow/.local/lib/python3.12/site-packages/airflow/example_dags/example_bash_operator.py
[2025-09-29T16:28:37.909+0000] {logging_mixin.py:188} INFO - [2025-09-29T16:28:37.909+0000] {dag.py:3089} INFO - Sync 1 DAGs
[2025-09-29T16:28:37.967+0000] {logging_mixin.py:188} INFO - [2025-09-29T16:28:37.966+0000] {dag.py:3947} INFO - Setting next_dagrun for example_bash_operator to 2025-09-28 00:00:00+00:00, run_after=2025-09-29 00:00:00+00:00
[2025-09-29T16:28:38.016+0000] {processor.py:183} INFO - Processing /home/airflow/.local/lib/python3.12/site-packages/airflow/example_dags/example_bash_operator.py took 0.249 seconds
[2025-09-29T16:29:08.403+0000] {processor.py:161} INFO - Started process (PID=28781) to work on /home/airflow/.local/lib/python3.12/site-packages/airflow/example_dags/example_bash_operator.py
[2025-09-29T16:29:08.406+0000] {processor.py:830} INFO - Processing file /home/airflow/.local/lib/python3.12/site-packages/airflow/example_dags/example_bash_operator.py for tasks to queue
[2025-09-29T16:29:08.408+0000] {logging_mixin.py:188} INFO - [2025-09-29T16:29:08.407+0000] {dagbag.py:545} INFO - Filling up the DagBag from /home/airflow/.local/lib/python3.12/site-packages/airflow/example_dags/example_bash_operator.py
[2025-09-29T16:29:08.435+0000] {processor.py:840} INFO - DAG(s) 'example_bash_operator' retrieved from /home/airflow/.local/lib/python3.12/site-packages/airflow/example_dags/example_bash_operator.py
[2025-09-29T16:29:08.516+0000] {logging_mixin.py:188} INFO - [2025-09-29T16:29:08.515+0000] {dag.py:3089} INFO - Sync 1 DAGs
[2025-09-29T16:29:08.567+0000] {logging_mixin.py:188} INFO - [2025-09-29T16:29:08.566+0000] {dag.py:3947} INFO - Setting next_dagrun for example_bash_operator to 2025-09-28 00:00:00+00:00, run_after=2025-09-29 00:00:00+00:00
[2025-09-29T16:29:08.630+0000] {processor.py:183} INFO - Processing /home/airflow/.local/lib/python3.12/site-packages/airflow/example_dags/example_bash_operator.py took 0.242 seconds
[2025-09-29T16:29:38.734+0000] {processor.py:161} INFO - Started process (PID=29042) to work on /home/airflow/.local/lib/python3.12/site-packages/airflow/example_dags/example_bash_operator.py
[2025-09-29T16:29:38.736+0000] {processor.py:830} INFO - Processing file /home/airflow/.local/lib/python3.12/site-packages/airflow/example_dags/example_bash_operator.py for tasks to queue
[2025-09-29T16:29:38.737+0000] {logging_mixin.py:188} INFO - [2025-09-29T16:29:38.737+0000] {dagbag.py:545} INFO - Filling up the DagBag from /home/airflow/.local/lib/python3.12/site-packages/airflow/example_dags/example_bash_operator.py
[2025-09-29T16:29:38.764+0000] {processor.py:840} INFO - DAG(s) 'example_bash_operator' retrieved from /home/airflow/.local/lib/python3.12/site-packages/airflow/example_dags/example_bash_operator.py
[2025-09-29T16:29:38.837+0000] {logging_mixin.py:188} INFO - [2025-09-29T16:29:38.837+0000] {dag.py:3089} INFO - Sync 1 DAGs
[2025-09-29T16:29:38.887+0000] {logging_mixin.py:188} INFO - [2025-09-29T16:29:38.887+0000] {dag.py:3947} INFO - Setting next_dagrun for example_bash_operator to 2025-09-28 00:00:00+00:00, run_after=2025-09-29 00:00:00+00:00
[2025-09-29T16:29:38.933+0000] {processor.py:183} INFO - Processing /home/airflow/.local/lib/python3.12/site-packages/airflow/example_dags/example_bash_operator.py took 0.214 seconds
[2025-09-29T16:30:09.122+0000] {processor.py:161} INFO - Started process (PID=29303) to work on /home/airflow/.local/lib/python3.12/site-packages/airflow/example_dags/example_bash_operator.py
[2025-09-29T16:30:09.138+0000] {processor.py:830} INFO - Processing file /home/airflow/.local/lib/python3.12/site-packages/airflow/example_dags/example_bash_operator.py for tasks to queue
[2025-09-29T16:30:09.141+0000] {logging_mixin.py:188} INFO - [2025-09-29T16:30:09.140+0000] {dagbag.py:545} INFO - Filling up the DagBag from /home/airflow/.local/lib/python3.12/site-packages/airflow/example_dags/example_bash_operator.py
[2025-09-29T16:30:09.175+0000] {processor.py:840} INFO - DAG(s) 'example_bash_operator' retrieved from /home/airflow/.local/lib/python3.12/site-packages/airflow/example_dags/example_bash_operator.py
[2025-09-29T16:30:09.260+0000] {logging_mixin.py:188} INFO - [2025-09-29T16:30:09.259+0000] {dag.py:3089} INFO - Sync 1 DAGs
[2025-09-29T16:30:09.341+0000] {logging_mixin.py:188} INFO - [2025-09-29T16:30:09.340+0000] {dag.py:3947} INFO - Setting next_dagrun for example_bash_operator to 2025-09-28 00:00:00+00:00, run_after=2025-09-29 00:00:00+00:00
[2025-09-29T16:30:09.420+0000] {processor.py:183} INFO - Processing /home/airflow/.local/lib/python3.12/site-packages/airflow/example_dags/example_bash_operator.py took 0.320 seconds
[2025-09-29T16:30:39.637+0000] {processor.py:161} INFO - Started process (PID=29564) to work on /home/airflow/.local/lib/python3.12/site-packages/airflow/example_dags/example_bash_operator.py
[2025-09-29T16:30:39.653+0000] {processor.py:830} INFO - Processing file /home/airflow/.local/lib/python3.12/site-packages/airflow/example_dags/example_bash_operator.py for tasks to queue
[2025-09-29T16:30:39.655+0000] {logging_mixin.py:188} INFO - [2025-09-29T16:30:39.654+0000] {dagbag.py:545} INFO - Filling up the DagBag from /home/airflow/.local/lib/python3.12/site-packages/airflow/example_dags/example_bash_operator.py
[2025-09-29T16:30:39.690+0000] {processor.py:840} INFO - DAG(s) 'example_bash_operator' retrieved from /home/airflow/.local/lib/python3.12/site-packages/airflow/example_dags/example_bash_operator.py
[2025-09-29T16:30:39.769+0000] {logging_mixin.py:188} INFO - [2025-09-29T16:30:39.768+0000] {dag.py:3089} INFO - Sync 1 DAGs
[2025-09-29T16:30:39.821+0000] {logging_mixin.py:188} INFO - [2025-09-29T16:30:39.821+0000] {dag.py:3947} INFO - Setting next_dagrun for example_bash_operator to 2025-09-28 00:00:00+00:00, run_after=2025-09-29 00:00:00+00:00
[2025-09-29T16:30:39.869+0000] {processor.py:183} INFO - Processing /home/airflow/.local/lib/python3.12/site-packages/airflow/example_dags/example_bash_operator.py took 0.248 seconds
[2025-09-29T16:31:10.626+0000] {processor.py:161} INFO - Started process (PID=29825) to work on /home/airflow/.local/lib/python3.12/site-packages/airflow/example_dags/example_bash_operator.py
[2025-09-29T16:31:10.629+0000] {processor.py:830} INFO - Processing file /home/airflow/.local/lib/python3.12/site-packages/airflow/example_dags/example_bash_operator.py for tasks to queue
[2025-09-29T16:31:10.630+0000] {logging_mixin.py:188} INFO - [2025-09-29T16:31:10.629+0000] {dagbag.py:545} INFO - Filling up the DagBag from /home/airflow/.local/lib/python3.12/site-packages/airflow/example_dags/example_bash_operator.py
[2025-09-29T16:31:10.657+0000] {processor.py:840} INFO - DAG(s) 'example_bash_operator' retrieved from /home/airflow/.local/lib/python3.12/site-packages/airflow/example_dags/example_bash_operator.py
[2025-09-29T16:31:10.728+0000] {logging_mixin.py:188} INFO - [2025-09-29T16:31:10.728+0000] {dag.py:3089} INFO - Sync 1 DAGs
[2025-09-29T16:31:10.780+0000] {logging_mixin.py:188} INFO - [2025-09-29T16:31:10.779+0000] {dag.py:3947} INFO - Setting next_dagrun for example_bash_operator to 2025-09-28 00:00:00+00:00, run_after=2025-09-29 00:00:00+00:00
[2025-09-29T16:31:10.832+0000] {processor.py:183} INFO - Processing /home/airflow/.local/lib/python3.12/site-packages/airflow/example_dags/example_bash_operator.py took 0.223 seconds
[2025-09-29T16:31:41.024+0000] {processor.py:161} INFO - Started process (PID=30086) to work on /home/airflow/.local/lib/python3.12/site-packages/airflow/example_dags/example_bash_operator.py
[2025-09-29T16:31:41.027+0000] {processor.py:830} INFO - Processing file /home/airflow/.local/lib/python3.12/site-packages/airflow/example_dags/example_bash_operator.py for tasks to queue
[2025-09-29T16:31:41.029+0000] {logging_mixin.py:188} INFO - [2025-09-29T16:31:41.029+0000] {dagbag.py:545} INFO - Filling up the DagBag from /home/airflow/.local/lib/python3.12/site-packages/airflow/example_dags/example_bash_operator.py
[2025-09-29T16:31:41.055+0000] {processor.py:840} INFO - DAG(s) 'example_bash_operator' retrieved from /home/airflow/.local/lib/python3.12/site-packages/airflow/example_dags/example_bash_operator.py
[2025-09-29T16:31:41.128+0000] {logging_mixin.py:188} INFO - [2025-09-29T16:31:41.127+0000] {dag.py:3089} INFO - Sync 1 DAGs
[2025-09-29T16:31:41.177+0000] {logging_mixin.py:188} INFO - [2025-09-29T16:31:41.177+0000] {dag.py:3947} INFO - Setting next_dagrun for example_bash_operator to 2025-09-28 00:00:00+00:00, run_after=2025-09-29 00:00:00+00:00
[2025-09-29T16:31:41.235+0000] {processor.py:183} INFO - Processing /home/airflow/.local/lib/python3.12/site-packages/airflow/example_dags/example_bash_operator.py took 0.226 seconds
[2025-09-29T16:32:11.540+0000] {processor.py:161} INFO - Started process (PID=30347) to work on /home/airflow/.local/lib/python3.12/site-packages/airflow/example_dags/example_bash_operator.py
[2025-09-29T16:32:11.557+0000] {processor.py:830} INFO - Processing file /home/airflow/.local/lib/python3.12/site-packages/airflow/example_dags/example_bash_operator.py for tasks to queue
[2025-09-29T16:32:11.559+0000] {logging_mixin.py:188} INFO - [2025-09-29T16:32:11.558+0000] {dagbag.py:545} INFO - Filling up the DagBag from /home/airflow/.local/lib/python3.12/site-packages/airflow/example_dags/example_bash_operator.py
[2025-09-29T16:32:11.586+0000] {processor.py:840} INFO - DAG(s) 'example_bash_operator' retrieved from /home/airflow/.local/lib/python3.12/site-packages/airflow/example_dags/example_bash_operator.py
[2025-09-29T16:32:11.667+0000] {logging_mixin.py:188} INFO - [2025-09-29T16:32:11.666+0000] {dag.py:3089} INFO - Sync 1 DAGs
[2025-09-29T16:32:11.724+0000] {logging_mixin.py:188} INFO - [2025-09-29T16:32:11.724+0000] {dag.py:3947} INFO - Setting next_dagrun for example_bash_operator to 2025-09-28 00:00:00+00:00, run_after=2025-09-29 00:00:00+00:00
[2025-09-29T16:32:11.785+0000] {processor.py:183} INFO - Processing /home/airflow/.local/lib/python3.12/site-packages/airflow/example_dags/example_bash_operator.py took 0.264 seconds
[2025-09-29T16:32:42.047+0000] {processor.py:161} INFO - Started process (PID=30606) to work on /home/airflow/.local/lib/python3.12/site-packages/airflow/example_dags/example_bash_operator.py
[2025-09-29T16:32:42.052+0000] {processor.py:830} INFO - Processing file /home/airflow/.local/lib/python3.12/site-packages/airflow/example_dags/example_bash_operator.py for tasks to queue
[2025-09-29T16:32:42.055+0000] {logging_mixin.py:188} INFO - [2025-09-29T16:32:42.053+0000] {dagbag.py:545} INFO - Filling up the DagBag from /home/airflow/.local/lib/python3.12/site-packages/airflow/example_dags/example_bash_operator.py
[2025-09-29T16:32:42.090+0000] {processor.py:840} INFO - DAG(s) 'example_bash_operator' retrieved from /home/airflow/.local/lib/python3.12/site-packages/airflow/example_dags/example_bash_operator.py
[2025-09-29T16:32:42.176+0000] {logging_mixin.py:188} INFO - [2025-09-29T16:32:42.175+0000] {dag.py:3089} INFO - Sync 1 DAGs
[2025-09-29T16:32:42.233+0000] {logging_mixin.py:188} INFO - [2025-09-29T16:32:42.232+0000] {dag.py:3947} INFO - Setting next_dagrun for example_bash_operator to 2025-09-28 00:00:00+00:00, run_after=2025-09-29 00:00:00+00:00
[2025-09-29T16:32:42.283+0000] {processor.py:183} INFO - Processing /home/airflow/.local/lib/python3.12/site-packages/airflow/example_dags/example_bash_operator.py took 0.255 seconds
[2025-09-29T16:33:12.421+0000] {processor.py:161} INFO - Started process (PID=30863) to work on /home/airflow/.local/lib/python3.12/site-packages/airflow/example_dags/example_bash_operator.py
[2025-09-29T16:33:12.436+0000] {processor.py:830} INFO - Processing file /home/airflow/.local/lib/python3.12/site-packages/airflow/example_dags/example_bash_operator.py for tasks to queue
[2025-09-29T16:33:12.438+0000] {logging_mixin.py:188} INFO - [2025-09-29T16:33:12.437+0000] {dagbag.py:545} INFO - Filling up the DagBag from /home/airflow/.local/lib/python3.12/site-packages/airflow/example_dags/example_bash_operator.py
[2025-09-29T16:33:12.463+0000] {processor.py:840} INFO - DAG(s) 'example_bash_operator' retrieved from /home/airflow/.local/lib/python3.12/site-packages/airflow/example_dags/example_bash_operator.py
[2025-09-29T16:33:12.540+0000] {logging_mixin.py:188} INFO - [2025-09-29T16:33:12.539+0000] {dag.py:3089} INFO - Sync 1 DAGs
[2025-09-29T16:33:12.593+0000] {logging_mixin.py:188} INFO - [2025-09-29T16:33:12.592+0000] {dag.py:3947} INFO - Setting next_dagrun for example_bash_operator to 2025-09-28 00:00:00+00:00, run_after=2025-09-29 00:00:00+00:00
[2025-09-29T16:33:12.640+0000] {processor.py:183} INFO - Processing /home/airflow/.local/lib/python3.12/site-packages/airflow/example_dags/example_bash_operator.py took 0.234 seconds
[2025-09-29T16:33:42.809+0000] {processor.py:161} INFO - Started process (PID=31124) to work on /home/airflow/.local/lib/python3.12/site-packages/airflow/example_dags/example_bash_operator.py
[2025-09-29T16:33:42.812+0000] {processor.py:830} INFO - Processing file /home/airflow/.local/lib/python3.12/site-packages/airflow/example_dags/example_bash_operator.py for tasks to queue
[2025-09-29T16:33:42.813+0000] {logging_mixin.py:188} INFO - [2025-09-29T16:33:42.813+0000] {dagbag.py:545} INFO - Filling up the DagBag from /home/airflow/.local/lib/python3.12/site-packages/airflow/example_dags/example_bash_operator.py
[2025-09-29T16:33:42.842+0000] {processor.py:840} INFO - DAG(s) 'example_bash_operator' retrieved from /home/airflow/.local/lib/python3.12/site-packages/airflow/example_dags/example_bash_operator.py
[2025-09-29T16:33:42.917+0000] {logging_mixin.py:188} INFO - [2025-09-29T16:33:42.916+0000] {dag.py:3089} INFO - Sync 1 DAGs
[2025-09-29T16:33:42.971+0000] {logging_mixin.py:188} INFO - [2025-09-29T16:33:42.970+0000] {dag.py:3947} INFO - Setting next_dagrun for example_bash_operator to 2025-09-28 00:00:00+00:00, run_after=2025-09-29 00:00:00+00:00
[2025-09-29T16:33:43.018+0000] {processor.py:183} INFO - Processing /home/airflow/.local/lib/python3.12/site-packages/airflow/example_dags/example_bash_operator.py took 0.226 seconds
[2025-09-29T16:34:13.550+0000] {processor.py:161} INFO - Started process (PID=31385) to work on /home/airflow/.local/lib/python3.12/site-packages/airflow/example_dags/example_bash_operator.py
[2025-09-29T16:34:13.562+0000] {processor.py:830} INFO - Processing file /home/airflow/.local/lib/python3.12/site-packages/airflow/example_dags/example_bash_operator.py for tasks to queue
[2025-09-29T16:34:13.565+0000] {logging_mixin.py:188} INFO - [2025-09-29T16:34:13.564+0000] {dagbag.py:545} INFO - Filling up the DagBag from /home/airflow/.local/lib/python3.12/site-packages/airflow/example_dags/example_bash_operator.py
[2025-09-29T16:34:13.591+0000] {processor.py:840} INFO - DAG(s) 'example_bash_operator' retrieved from /home/airflow/.local/lib/python3.12/site-packages/airflow/example_dags/example_bash_operator.py
[2025-09-29T16:34:13.662+0000] {logging_mixin.py:188} INFO - [2025-09-29T16:34:13.662+0000] {dag.py:3089} INFO - Sync 1 DAGs
[2025-09-29T16:34:13.712+0000] {logging_mixin.py:188} INFO - [2025-09-29T16:34:13.712+0000] {dag.py:3947} INFO - Setting next_dagrun for example_bash_operator to 2025-09-28 00:00:00+00:00, run_after=2025-09-29 00:00:00+00:00
[2025-09-29T16:34:13.760+0000] {processor.py:183} INFO - Processing /home/airflow/.local/lib/python3.12/site-packages/airflow/example_dags/example_bash_operator.py took 0.225 seconds
[2025-09-29T16:34:44.288+0000] {processor.py:161} INFO - Started process (PID=31646) to work on /home/airflow/.local/lib/python3.12/site-packages/airflow/example_dags/example_bash_operator.py
[2025-09-29T16:34:44.291+0000] {processor.py:830} INFO - Processing file /home/airflow/.local/lib/python3.12/site-packages/airflow/example_dags/example_bash_operator.py for tasks to queue
[2025-09-29T16:34:44.293+0000] {logging_mixin.py:188} INFO - [2025-09-29T16:34:44.292+0000] {dagbag.py:545} INFO - Filling up the DagBag from /home/airflow/.local/lib/python3.12/site-packages/airflow/example_dags/example_bash_operator.py
[2025-09-29T16:34:44.321+0000] {processor.py:840} INFO - DAG(s) 'example_bash_operator' retrieved from /home/airflow/.local/lib/python3.12/site-packages/airflow/example_dags/example_bash_operator.py
[2025-09-29T16:34:44.395+0000] {logging_mixin.py:188} INFO - [2025-09-29T16:34:44.395+0000] {dag.py:3089} INFO - Sync 1 DAGs
[2025-09-29T16:34:44.446+0000] {logging_mixin.py:188} INFO - [2025-09-29T16:34:44.445+0000] {dag.py:3947} INFO - Setting next_dagrun for example_bash_operator to 2025-09-28 00:00:00+00:00, run_after=2025-09-29 00:00:00+00:00
[2025-09-29T16:34:44.491+0000] {processor.py:183} INFO - Processing /home/airflow/.local/lib/python3.12/site-packages/airflow/example_dags/example_bash_operator.py took 0.217 seconds
[2025-09-29T16:47:32.046+0000] {processor.py:161} INFO - Started process (PID=273) to work on /home/airflow/.local/lib/python3.12/site-packages/airflow/example_dags/example_bash_operator.py
[2025-09-29T16:47:32.049+0000] {processor.py:830} INFO - Processing file /home/airflow/.local/lib/python3.12/site-packages/airflow/example_dags/example_bash_operator.py for tasks to queue
[2025-09-29T16:47:32.054+0000] {logging_mixin.py:188} INFO - [2025-09-29T16:47:32.053+0000] {dagbag.py:545} INFO - Filling up the DagBag from /home/airflow/.local/lib/python3.12/site-packages/airflow/example_dags/example_bash_operator.py
[2025-09-29T16:47:32.088+0000] {processor.py:840} INFO - DAG(s) 'example_bash_operator' retrieved from /home/airflow/.local/lib/python3.12/site-packages/airflow/example_dags/example_bash_operator.py
[2025-09-29T16:47:32.136+0000] {logging_mixin.py:188} INFO - [2025-09-29T16:47:32.135+0000] {dag.py:3089} INFO - Sync 1 DAGs
[2025-09-29T16:47:32.198+0000] {logging_mixin.py:188} INFO - [2025-09-29T16:47:32.197+0000] {dag.py:3947} INFO - Setting next_dagrun for example_bash_operator to 2025-09-28 00:00:00+00:00, run_after=2025-09-29 00:00:00+00:00
[2025-09-29T16:47:32.253+0000] {processor.py:183} INFO - Processing /home/airflow/.local/lib/python3.12/site-packages/airflow/example_dags/example_bash_operator.py took 0.222 seconds
[2025-09-29T16:48:06.822+0000] {processor.py:161} INFO - Started process (PID=545) to work on /home/airflow/.local/lib/python3.12/site-packages/airflow/example_dags/example_bash_operator.py
[2025-09-29T16:48:06.827+0000] {processor.py:830} INFO - Processing file /home/airflow/.local/lib/python3.12/site-packages/airflow/example_dags/example_bash_operator.py for tasks to queue
[2025-09-29T16:48:06.834+0000] {logging_mixin.py:188} INFO - [2025-09-29T16:48:06.832+0000] {dagbag.py:545} INFO - Filling up the DagBag from /home/airflow/.local/lib/python3.12/site-packages/airflow/example_dags/example_bash_operator.py
[2025-09-29T16:48:06.883+0000] {processor.py:840} INFO - DAG(s) 'example_bash_operator' retrieved from /home/airflow/.local/lib/python3.12/site-packages/airflow/example_dags/example_bash_operator.py
[2025-09-29T16:48:07.312+0000] {logging_mixin.py:188} INFO - [2025-09-29T16:48:07.311+0000] {dag.py:3089} INFO - Sync 1 DAGs
[2025-09-29T16:48:07.374+0000] {logging_mixin.py:188} INFO - [2025-09-29T16:48:07.373+0000] {dag.py:3947} INFO - Setting next_dagrun for example_bash_operator to 2025-09-28 00:00:00+00:00, run_after=2025-09-29 00:00:00+00:00
[2025-09-29T16:48:07.432+0000] {processor.py:183} INFO - Processing /home/airflow/.local/lib/python3.12/site-packages/airflow/example_dags/example_bash_operator.py took 0.635 seconds
[2025-09-29T16:48:37.706+0000] {processor.py:161} INFO - Started process (PID=818) to work on /home/airflow/.local/lib/python3.12/site-packages/airflow/example_dags/example_bash_operator.py
[2025-09-29T16:48:37.708+0000] {processor.py:830} INFO - Processing file /home/airflow/.local/lib/python3.12/site-packages/airflow/example_dags/example_bash_operator.py for tasks to queue
[2025-09-29T16:48:37.713+0000] {logging_mixin.py:188} INFO - [2025-09-29T16:48:37.712+0000] {dagbag.py:545} INFO - Filling up the DagBag from /home/airflow/.local/lib/python3.12/site-packages/airflow/example_dags/example_bash_operator.py
[2025-09-29T16:48:37.739+0000] {processor.py:840} INFO - DAG(s) 'example_bash_operator' retrieved from /home/airflow/.local/lib/python3.12/site-packages/airflow/example_dags/example_bash_operator.py
[2025-09-29T16:48:37.807+0000] {logging_mixin.py:188} INFO - [2025-09-29T16:48:37.807+0000] {dag.py:3089} INFO - Sync 1 DAGs
[2025-09-29T16:48:37.859+0000] {logging_mixin.py:188} INFO - [2025-09-29T16:48:37.858+0000] {dag.py:3947} INFO - Setting next_dagrun for example_bash_operator to 2025-09-28 00:00:00+00:00, run_after=2025-09-29 00:00:00+00:00
[2025-09-29T16:48:37.910+0000] {processor.py:183} INFO - Processing /home/airflow/.local/lib/python3.12/site-packages/airflow/example_dags/example_bash_operator.py took 0.219 seconds
[2025-09-29T16:55:34.779+0000] {processor.py:161} INFO - Started process (PID=289) to work on /home/airflow/.local/lib/python3.12/site-packages/airflow/example_dags/example_bash_operator.py
[2025-09-29T16:55:34.782+0000] {processor.py:830} INFO - Processing file /home/airflow/.local/lib/python3.12/site-packages/airflow/example_dags/example_bash_operator.py for tasks to queue
[2025-09-29T16:55:34.786+0000] {logging_mixin.py:188} INFO - [2025-09-29T16:55:34.785+0000] {dagbag.py:545} INFO - Filling up the DagBag from /home/airflow/.local/lib/python3.12/site-packages/airflow/example_dags/example_bash_operator.py
[2025-09-29T16:55:34.824+0000] {processor.py:840} INFO - DAG(s) 'example_bash_operator' retrieved from /home/airflow/.local/lib/python3.12/site-packages/airflow/example_dags/example_bash_operator.py
[2025-09-29T16:55:34.866+0000] {logging_mixin.py:188} INFO - [2025-09-29T16:55:34.865+0000] {dag.py:3089} INFO - Sync 1 DAGs
[2025-09-29T16:55:34.920+0000] {logging_mixin.py:188} INFO - [2025-09-29T16:55:34.920+0000] {dag.py:3947} INFO - Setting next_dagrun for example_bash_operator to 2025-09-28 00:00:00+00:00, run_after=2025-09-29 00:00:00+00:00
[2025-09-29T16:55:34.966+0000] {processor.py:183} INFO - Processing /home/airflow/.local/lib/python3.12/site-packages/airflow/example_dags/example_bash_operator.py took 0.205 seconds
[2025-09-29T16:56:11.393+0000] {processor.py:161} INFO - Started process (PID=565) to work on /home/airflow/.local/lib/python3.12/site-packages/airflow/example_dags/example_bash_operator.py
[2025-09-29T16:56:11.396+0000] {processor.py:830} INFO - Processing file /home/airflow/.local/lib/python3.12/site-packages/airflow/example_dags/example_bash_operator.py for tasks to queue
[2025-09-29T16:56:11.401+0000] {logging_mixin.py:188} INFO - [2025-09-29T16:56:11.400+0000] {dagbag.py:545} INFO - Filling up the DagBag from /home/airflow/.local/lib/python3.12/site-packages/airflow/example_dags/example_bash_operator.py
[2025-09-29T16:56:11.431+0000] {processor.py:840} INFO - DAG(s) 'example_bash_operator' retrieved from /home/airflow/.local/lib/python3.12/site-packages/airflow/example_dags/example_bash_operator.py
[2025-09-29T16:56:11.759+0000] {logging_mixin.py:188} INFO - [2025-09-29T16:56:11.758+0000] {dag.py:3089} INFO - Sync 1 DAGs
[2025-09-29T16:56:11.813+0000] {logging_mixin.py:188} INFO - [2025-09-29T16:56:11.812+0000] {dag.py:3947} INFO - Setting next_dagrun for example_bash_operator to 2025-09-28 00:00:00+00:00, run_after=2025-09-29 00:00:00+00:00
[2025-09-29T16:56:11.875+0000] {processor.py:183} INFO - Processing /home/airflow/.local/lib/python3.12/site-packages/airflow/example_dags/example_bash_operator.py took 0.503 seconds
[2025-09-29T16:56:44.176+0000] {processor.py:161} INFO - Started process (PID=840) to work on /home/airflow/.local/lib/python3.12/site-packages/airflow/example_dags/example_bash_operator.py
[2025-09-29T16:56:44.180+0000] {processor.py:830} INFO - Processing file /home/airflow/.local/lib/python3.12/site-packages/airflow/example_dags/example_bash_operator.py for tasks to queue
[2025-09-29T16:56:44.184+0000] {logging_mixin.py:188} INFO - [2025-09-29T16:56:44.184+0000] {dagbag.py:545} INFO - Filling up the DagBag from /home/airflow/.local/lib/python3.12/site-packages/airflow/example_dags/example_bash_operator.py
[2025-09-29T16:56:44.217+0000] {processor.py:840} INFO - DAG(s) 'example_bash_operator' retrieved from /home/airflow/.local/lib/python3.12/site-packages/airflow/example_dags/example_bash_operator.py
[2025-09-29T16:56:44.308+0000] {logging_mixin.py:188} INFO - [2025-09-29T16:56:44.307+0000] {dag.py:3089} INFO - Sync 1 DAGs
[2025-09-29T16:56:44.367+0000] {logging_mixin.py:188} INFO - [2025-09-29T16:56:44.366+0000] {dag.py:3947} INFO - Setting next_dagrun for example_bash_operator to 2025-09-28 00:00:00+00:00, run_after=2025-09-29 00:00:00+00:00
[2025-09-29T16:56:44.424+0000] {processor.py:183} INFO - Processing /home/airflow/.local/lib/python3.12/site-packages/airflow/example_dags/example_bash_operator.py took 0.266 seconds
[2025-09-29T16:57:15.121+0000] {processor.py:161} INFO - Started process (PID=1103) to work on /home/airflow/.local/lib/python3.12/site-packages/airflow/example_dags/example_bash_operator.py
[2025-09-29T16:57:15.124+0000] {processor.py:830} INFO - Processing file /home/airflow/.local/lib/python3.12/site-packages/airflow/example_dags/example_bash_operator.py for tasks to queue
[2025-09-29T16:57:15.130+0000] {logging_mixin.py:188} INFO - [2025-09-29T16:57:15.129+0000] {dagbag.py:545} INFO - Filling up the DagBag from /home/airflow/.local/lib/python3.12/site-packages/airflow/example_dags/example_bash_operator.py
[2025-09-29T16:57:15.175+0000] {processor.py:840} INFO - DAG(s) 'example_bash_operator' retrieved from /home/airflow/.local/lib/python3.12/site-packages/airflow/example_dags/example_bash_operator.py
[2025-09-29T16:57:15.343+0000] {logging_mixin.py:188} INFO - [2025-09-29T16:57:15.342+0000] {dag.py:3089} INFO - Sync 1 DAGs
[2025-09-29T16:57:15.489+0000] {logging_mixin.py:188} INFO - [2025-09-29T16:57:15.488+0000] {dag.py:3947} INFO - Setting next_dagrun for example_bash_operator to 2025-09-28 00:00:00+00:00, run_after=2025-09-29 00:00:00+00:00
[2025-09-29T16:57:15.668+0000] {processor.py:183} INFO - Processing /home/airflow/.local/lib/python3.12/site-packages/airflow/example_dags/example_bash_operator.py took 0.570 seconds
[2025-09-29T16:57:45.945+0000] {processor.py:161} INFO - Started process (PID=1367) to work on /home/airflow/.local/lib/python3.12/site-packages/airflow/example_dags/example_bash_operator.py
[2025-09-29T16:57:45.948+0000] {processor.py:830} INFO - Processing file /home/airflow/.local/lib/python3.12/site-packages/airflow/example_dags/example_bash_operator.py for tasks to queue
[2025-09-29T16:57:45.952+0000] {logging_mixin.py:188} INFO - [2025-09-29T16:57:45.951+0000] {dagbag.py:545} INFO - Filling up the DagBag from /home/airflow/.local/lib/python3.12/site-packages/airflow/example_dags/example_bash_operator.py
[2025-09-29T16:57:45.982+0000] {processor.py:840} INFO - DAG(s) 'example_bash_operator' retrieved from /home/airflow/.local/lib/python3.12/site-packages/airflow/example_dags/example_bash_operator.py
[2025-09-29T16:57:46.058+0000] {logging_mixin.py:188} INFO - [2025-09-29T16:57:46.057+0000] {dag.py:3089} INFO - Sync 1 DAGs
[2025-09-29T16:57:46.114+0000] {logging_mixin.py:188} INFO - [2025-09-29T16:57:46.114+0000] {dag.py:3947} INFO - Setting next_dagrun for example_bash_operator to 2025-09-28 00:00:00+00:00, run_after=2025-09-29 00:00:00+00:00
[2025-09-29T16:57:46.166+0000] {processor.py:183} INFO - Processing /home/airflow/.local/lib/python3.12/site-packages/airflow/example_dags/example_bash_operator.py took 0.236 seconds
[2025-09-29T16:58:17.170+0000] {processor.py:161} INFO - Started process (PID=1629) to work on /home/airflow/.local/lib/python3.12/site-packages/airflow/example_dags/example_bash_operator.py
[2025-09-29T16:58:17.173+0000] {processor.py:830} INFO - Processing file /home/airflow/.local/lib/python3.12/site-packages/airflow/example_dags/example_bash_operator.py for tasks to queue
[2025-09-29T16:58:17.177+0000] {logging_mixin.py:188} INFO - [2025-09-29T16:58:17.176+0000] {dagbag.py:545} INFO - Filling up the DagBag from /home/airflow/.local/lib/python3.12/site-packages/airflow/example_dags/example_bash_operator.py
[2025-09-29T16:58:17.207+0000] {processor.py:840} INFO - DAG(s) 'example_bash_operator' retrieved from /home/airflow/.local/lib/python3.12/site-packages/airflow/example_dags/example_bash_operator.py
[2025-09-29T16:58:17.295+0000] {logging_mixin.py:188} INFO - [2025-09-29T16:58:17.294+0000] {dag.py:3089} INFO - Sync 1 DAGs
[2025-09-29T16:58:17.358+0000] {logging_mixin.py:188} INFO - [2025-09-29T16:58:17.357+0000] {dag.py:3947} INFO - Setting next_dagrun for example_bash_operator to 2025-09-28 00:00:00+00:00, run_after=2025-09-29 00:00:00+00:00
[2025-09-29T16:58:17.409+0000] {processor.py:183} INFO - Processing /home/airflow/.local/lib/python3.12/site-packages/airflow/example_dags/example_bash_operator.py took 0.254 seconds
[2025-09-29T16:58:47.810+0000] {processor.py:161} INFO - Started process (PID=1891) to work on /home/airflow/.local/lib/python3.12/site-packages/airflow/example_dags/example_bash_operator.py
[2025-09-29T16:58:47.813+0000] {processor.py:830} INFO - Processing file /home/airflow/.local/lib/python3.12/site-packages/airflow/example_dags/example_bash_operator.py for tasks to queue
[2025-09-29T16:58:47.818+0000] {logging_mixin.py:188} INFO - [2025-09-29T16:58:47.817+0000] {dagbag.py:545} INFO - Filling up the DagBag from /home/airflow/.local/lib/python3.12/site-packages/airflow/example_dags/example_bash_operator.py
[2025-09-29T16:58:47.845+0000] {processor.py:840} INFO - DAG(s) 'example_bash_operator' retrieved from /home/airflow/.local/lib/python3.12/site-packages/airflow/example_dags/example_bash_operator.py
[2025-09-29T16:58:47.921+0000] {logging_mixin.py:188} INFO - [2025-09-29T16:58:47.920+0000] {dag.py:3089} INFO - Sync 1 DAGs
[2025-09-29T16:58:47.972+0000] {logging_mixin.py:188} INFO - [2025-09-29T16:58:47.972+0000] {dag.py:3947} INFO - Setting next_dagrun for example_bash_operator to 2025-09-28 00:00:00+00:00, run_after=2025-09-29 00:00:00+00:00
[2025-09-29T16:58:48.018+0000] {processor.py:183} INFO - Processing /home/airflow/.local/lib/python3.12/site-packages/airflow/example_dags/example_bash_operator.py took 0.223 seconds
[2025-09-29T16:59:18.792+0000] {processor.py:161} INFO - Started process (PID=2153) to work on /home/airflow/.local/lib/python3.12/site-packages/airflow/example_dags/example_bash_operator.py
[2025-09-29T16:59:18.795+0000] {processor.py:830} INFO - Processing file /home/airflow/.local/lib/python3.12/site-packages/airflow/example_dags/example_bash_operator.py for tasks to queue
[2025-09-29T16:59:18.800+0000] {logging_mixin.py:188} INFO - [2025-09-29T16:59:18.799+0000] {dagbag.py:545} INFO - Filling up the DagBag from /home/airflow/.local/lib/python3.12/site-packages/airflow/example_dags/example_bash_operator.py
[2025-09-29T16:59:18.830+0000] {processor.py:840} INFO - DAG(s) 'example_bash_operator' retrieved from /home/airflow/.local/lib/python3.12/site-packages/airflow/example_dags/example_bash_operator.py
[2025-09-29T16:59:18.904+0000] {logging_mixin.py:188} INFO - [2025-09-29T16:59:18.903+0000] {dag.py:3089} INFO - Sync 1 DAGs
[2025-09-29T16:59:18.958+0000] {logging_mixin.py:188} INFO - [2025-09-29T16:59:18.958+0000] {dag.py:3947} INFO - Setting next_dagrun for example_bash_operator to 2025-09-28 00:00:00+00:00, run_after=2025-09-29 00:00:00+00:00
[2025-09-29T16:59:19.008+0000] {processor.py:183} INFO - Processing /home/airflow/.local/lib/python3.12/site-packages/airflow/example_dags/example_bash_operator.py took 0.232 seconds
[2025-09-29T16:59:49.936+0000] {processor.py:161} INFO - Started process (PID=2415) to work on /home/airflow/.local/lib/python3.12/site-packages/airflow/example_dags/example_bash_operator.py
[2025-09-29T16:59:49.939+0000] {processor.py:830} INFO - Processing file /home/airflow/.local/lib/python3.12/site-packages/airflow/example_dags/example_bash_operator.py for tasks to queue
[2025-09-29T16:59:49.943+0000] {logging_mixin.py:188} INFO - [2025-09-29T16:59:49.942+0000] {dagbag.py:545} INFO - Filling up the DagBag from /home/airflow/.local/lib/python3.12/site-packages/airflow/example_dags/example_bash_operator.py
[2025-09-29T16:59:49.969+0000] {processor.py:840} INFO - DAG(s) 'example_bash_operator' retrieved from /home/airflow/.local/lib/python3.12/site-packages/airflow/example_dags/example_bash_operator.py
[2025-09-29T16:59:50.037+0000] {logging_mixin.py:188} INFO - [2025-09-29T16:59:50.037+0000] {dag.py:3089} INFO - Sync 1 DAGs
[2025-09-29T16:59:50.088+0000] {logging_mixin.py:188} INFO - [2025-09-29T16:59:50.087+0000] {dag.py:3947} INFO - Setting next_dagrun for example_bash_operator to 2025-09-28 00:00:00+00:00, run_after=2025-09-29 00:00:00+00:00
[2025-09-29T16:59:50.136+0000] {processor.py:183} INFO - Processing /home/airflow/.local/lib/python3.12/site-packages/airflow/example_dags/example_bash_operator.py took 0.212 seconds
[2025-09-29T17:00:20.626+0000] {processor.py:161} INFO - Started process (PID=2677) to work on /home/airflow/.local/lib/python3.12/site-packages/airflow/example_dags/example_bash_operator.py
[2025-09-29T17:00:20.630+0000] {processor.py:830} INFO - Processing file /home/airflow/.local/lib/python3.12/site-packages/airflow/example_dags/example_bash_operator.py for tasks to queue
[2025-09-29T17:00:20.634+0000] {logging_mixin.py:188} INFO - [2025-09-29T17:00:20.633+0000] {dagbag.py:545} INFO - Filling up the DagBag from /home/airflow/.local/lib/python3.12/site-packages/airflow/example_dags/example_bash_operator.py
[2025-09-29T17:00:20.663+0000] {processor.py:840} INFO - DAG(s) 'example_bash_operator' retrieved from /home/airflow/.local/lib/python3.12/site-packages/airflow/example_dags/example_bash_operator.py
[2025-09-29T17:00:20.736+0000] {logging_mixin.py:188} INFO - [2025-09-29T17:00:20.735+0000] {dag.py:3089} INFO - Sync 1 DAGs
[2025-09-29T17:00:20.798+0000] {logging_mixin.py:188} INFO - [2025-09-29T17:00:20.797+0000] {dag.py:3947} INFO - Setting next_dagrun for example_bash_operator to 2025-09-28 00:00:00+00:00, run_after=2025-09-29 00:00:00+00:00
[2025-09-29T17:00:20.857+0000] {processor.py:183} INFO - Processing /home/airflow/.local/lib/python3.12/site-packages/airflow/example_dags/example_bash_operator.py took 0.246 seconds
[2025-09-29T17:00:51.346+0000] {processor.py:161} INFO - Started process (PID=2939) to work on /home/airflow/.local/lib/python3.12/site-packages/airflow/example_dags/example_bash_operator.py
[2025-09-29T17:00:51.349+0000] {processor.py:830} INFO - Processing file /home/airflow/.local/lib/python3.12/site-packages/airflow/example_dags/example_bash_operator.py for tasks to queue
[2025-09-29T17:00:51.354+0000] {logging_mixin.py:188} INFO - [2025-09-29T17:00:51.353+0000] {dagbag.py:545} INFO - Filling up the DagBag from /home/airflow/.local/lib/python3.12/site-packages/airflow/example_dags/example_bash_operator.py
[2025-09-29T17:00:51.385+0000] {processor.py:840} INFO - DAG(s) 'example_bash_operator' retrieved from /home/airflow/.local/lib/python3.12/site-packages/airflow/example_dags/example_bash_operator.py
[2025-09-29T17:00:51.464+0000] {logging_mixin.py:188} INFO - [2025-09-29T17:00:51.464+0000] {dag.py:3089} INFO - Sync 1 DAGs
[2025-09-29T17:00:51.524+0000] {logging_mixin.py:188} INFO - [2025-09-29T17:00:51.524+0000] {dag.py:3947} INFO - Setting next_dagrun for example_bash_operator to 2025-09-28 00:00:00+00:00, run_after=2025-09-29 00:00:00+00:00
[2025-09-29T17:00:51.571+0000] {processor.py:183} INFO - Processing /home/airflow/.local/lib/python3.12/site-packages/airflow/example_dags/example_bash_operator.py took 0.238 seconds
[2025-09-29T17:01:21.670+0000] {processor.py:161} INFO - Started process (PID=3201) to work on /home/airflow/.local/lib/python3.12/site-packages/airflow/example_dags/example_bash_operator.py
[2025-09-29T17:01:21.673+0000] {processor.py:830} INFO - Processing file /home/airflow/.local/lib/python3.12/site-packages/airflow/example_dags/example_bash_operator.py for tasks to queue
[2025-09-29T17:01:21.677+0000] {logging_mixin.py:188} INFO - [2025-09-29T17:01:21.676+0000] {dagbag.py:545} INFO - Filling up the DagBag from /home/airflow/.local/lib/python3.12/site-packages/airflow/example_dags/example_bash_operator.py
[2025-09-29T17:01:21.705+0000] {processor.py:840} INFO - DAG(s) 'example_bash_operator' retrieved from /home/airflow/.local/lib/python3.12/site-packages/airflow/example_dags/example_bash_operator.py
[2025-09-29T17:01:21.779+0000] {logging_mixin.py:188} INFO - [2025-09-29T17:01:21.778+0000] {dag.py:3089} INFO - Sync 1 DAGs
[2025-09-29T17:01:21.832+0000] {logging_mixin.py:188} INFO - [2025-09-29T17:01:21.832+0000] {dag.py:3947} INFO - Setting next_dagrun for example_bash_operator to 2025-09-28 00:00:00+00:00, run_after=2025-09-29 00:00:00+00:00
[2025-09-29T17:01:21.883+0000] {processor.py:183} INFO - Processing /home/airflow/.local/lib/python3.12/site-packages/airflow/example_dags/example_bash_operator.py took 0.228 seconds
[2025-09-29T17:01:52.257+0000] {processor.py:161} INFO - Started process (PID=3463) to work on /home/airflow/.local/lib/python3.12/site-packages/airflow/example_dags/example_bash_operator.py
[2025-09-29T17:01:52.261+0000] {processor.py:830} INFO - Processing file /home/airflow/.local/lib/python3.12/site-packages/airflow/example_dags/example_bash_operator.py for tasks to queue
[2025-09-29T17:01:52.265+0000] {logging_mixin.py:188} INFO - [2025-09-29T17:01:52.264+0000] {dagbag.py:545} INFO - Filling up the DagBag from /home/airflow/.local/lib/python3.12/site-packages/airflow/example_dags/example_bash_operator.py
[2025-09-29T17:01:52.306+0000] {processor.py:840} INFO - DAG(s) 'example_bash_operator' retrieved from /home/airflow/.local/lib/python3.12/site-packages/airflow/example_dags/example_bash_operator.py
[2025-09-29T17:01:52.386+0000] {logging_mixin.py:188} INFO - [2025-09-29T17:01:52.385+0000] {dag.py:3089} INFO - Sync 1 DAGs
[2025-09-29T17:01:52.441+0000] {logging_mixin.py:188} INFO - [2025-09-29T17:01:52.440+0000] {dag.py:3947} INFO - Setting next_dagrun for example_bash_operator to 2025-09-28 00:00:00+00:00, run_after=2025-09-29 00:00:00+00:00
[2025-09-29T17:01:52.489+0000] {processor.py:183} INFO - Processing /home/airflow/.local/lib/python3.12/site-packages/airflow/example_dags/example_bash_operator.py took 0.249 seconds
[2025-09-29T17:02:22.624+0000] {processor.py:161} INFO - Started process (PID=3725) to work on /home/airflow/.local/lib/python3.12/site-packages/airflow/example_dags/example_bash_operator.py
[2025-09-29T17:02:22.626+0000] {processor.py:830} INFO - Processing file /home/airflow/.local/lib/python3.12/site-packages/airflow/example_dags/example_bash_operator.py for tasks to queue
[2025-09-29T17:02:22.630+0000] {logging_mixin.py:188} INFO - [2025-09-29T17:02:22.630+0000] {dagbag.py:545} INFO - Filling up the DagBag from /home/airflow/.local/lib/python3.12/site-packages/airflow/example_dags/example_bash_operator.py
[2025-09-29T17:02:22.658+0000] {processor.py:840} INFO - DAG(s) 'example_bash_operator' retrieved from /home/airflow/.local/lib/python3.12/site-packages/airflow/example_dags/example_bash_operator.py
[2025-09-29T17:02:22.728+0000] {logging_mixin.py:188} INFO - [2025-09-29T17:02:22.728+0000] {dag.py:3089} INFO - Sync 1 DAGs
[2025-09-29T17:02:22.784+0000] {logging_mixin.py:188} INFO - [2025-09-29T17:02:22.783+0000] {dag.py:3947} INFO - Setting next_dagrun for example_bash_operator to 2025-09-28 00:00:00+00:00, run_after=2025-09-29 00:00:00+00:00
[2025-09-29T17:02:22.837+0000] {processor.py:183} INFO - Processing /home/airflow/.local/lib/python3.12/site-packages/airflow/example_dags/example_bash_operator.py took 0.227 seconds
[2025-09-29T17:02:53.212+0000] {processor.py:161} INFO - Started process (PID=3987) to work on /home/airflow/.local/lib/python3.12/site-packages/airflow/example_dags/example_bash_operator.py
[2025-09-29T17:02:53.215+0000] {processor.py:830} INFO - Processing file /home/airflow/.local/lib/python3.12/site-packages/airflow/example_dags/example_bash_operator.py for tasks to queue
[2025-09-29T17:02:53.219+0000] {logging_mixin.py:188} INFO - [2025-09-29T17:02:53.218+0000] {dagbag.py:545} INFO - Filling up the DagBag from /home/airflow/.local/lib/python3.12/site-packages/airflow/example_dags/example_bash_operator.py
[2025-09-29T17:02:53.248+0000] {processor.py:840} INFO - DAG(s) 'example_bash_operator' retrieved from /home/airflow/.local/lib/python3.12/site-packages/airflow/example_dags/example_bash_operator.py
[2025-09-29T17:02:53.325+0000] {logging_mixin.py:188} INFO - [2025-09-29T17:02:53.325+0000] {dag.py:3089} INFO - Sync 1 DAGs
[2025-09-29T17:02:53.379+0000] {logging_mixin.py:188} INFO - [2025-09-29T17:02:53.379+0000] {dag.py:3947} INFO - Setting next_dagrun for example_bash_operator to 2025-09-28 00:00:00+00:00, run_after=2025-09-29 00:00:00+00:00
[2025-09-29T17:02:53.426+0000] {processor.py:183} INFO - Processing /home/airflow/.local/lib/python3.12/site-packages/airflow/example_dags/example_bash_operator.py took 0.229 seconds
[2025-09-29T17:03:23.998+0000] {processor.py:161} INFO - Started process (PID=4249) to work on /home/airflow/.local/lib/python3.12/site-packages/airflow/example_dags/example_bash_operator.py
[2025-09-29T17:03:24.001+0000] {processor.py:830} INFO - Processing file /home/airflow/.local/lib/python3.12/site-packages/airflow/example_dags/example_bash_operator.py for tasks to queue
[2025-09-29T17:03:24.005+0000] {logging_mixin.py:188} INFO - [2025-09-29T17:03:24.004+0000] {dagbag.py:545} INFO - Filling up the DagBag from /home/airflow/.local/lib/python3.12/site-packages/airflow/example_dags/example_bash_operator.py
[2025-09-29T17:03:24.033+0000] {processor.py:840} INFO - DAG(s) 'example_bash_operator' retrieved from /home/airflow/.local/lib/python3.12/site-packages/airflow/example_dags/example_bash_operator.py
[2025-09-29T17:03:24.122+0000] {logging_mixin.py:188} INFO - [2025-09-29T17:03:24.121+0000] {dag.py:3089} INFO - Sync 1 DAGs
[2025-09-29T17:03:24.196+0000] {logging_mixin.py:188} INFO - [2025-09-29T17:03:24.196+0000] {dag.py:3947} INFO - Setting next_dagrun for example_bash_operator to 2025-09-28 00:00:00+00:00, run_after=2025-09-29 00:00:00+00:00
[2025-09-29T17:03:24.262+0000] {processor.py:183} INFO - Processing /home/airflow/.local/lib/python3.12/site-packages/airflow/example_dags/example_bash_operator.py took 0.278 seconds
[2025-09-29T17:03:54.435+0000] {processor.py:161} INFO - Started process (PID=4511) to work on /home/airflow/.local/lib/python3.12/site-packages/airflow/example_dags/example_bash_operator.py
[2025-09-29T17:03:54.438+0000] {processor.py:830} INFO - Processing file /home/airflow/.local/lib/python3.12/site-packages/airflow/example_dags/example_bash_operator.py for tasks to queue
[2025-09-29T17:03:54.443+0000] {logging_mixin.py:188} INFO - [2025-09-29T17:03:54.442+0000] {dagbag.py:545} INFO - Filling up the DagBag from /home/airflow/.local/lib/python3.12/site-packages/airflow/example_dags/example_bash_operator.py
[2025-09-29T17:03:54.471+0000] {processor.py:840} INFO - DAG(s) 'example_bash_operator' retrieved from /home/airflow/.local/lib/python3.12/site-packages/airflow/example_dags/example_bash_operator.py
[2025-09-29T17:03:54.544+0000] {logging_mixin.py:188} INFO - [2025-09-29T17:03:54.544+0000] {dag.py:3089} INFO - Sync 1 DAGs
[2025-09-29T17:03:54.600+0000] {logging_mixin.py:188} INFO - [2025-09-29T17:03:54.599+0000] {dag.py:3947} INFO - Setting next_dagrun for example_bash_operator to 2025-09-28 00:00:00+00:00, run_after=2025-09-29 00:00:00+00:00
[2025-09-29T17:03:54.652+0000] {processor.py:183} INFO - Processing /home/airflow/.local/lib/python3.12/site-packages/airflow/example_dags/example_bash_operator.py took 0.232 seconds
[2025-09-29T17:04:25.118+0000] {processor.py:161} INFO - Started process (PID=4771) to work on /home/airflow/.local/lib/python3.12/site-packages/airflow/example_dags/example_bash_operator.py
[2025-09-29T17:04:25.122+0000] {processor.py:830} INFO - Processing file /home/airflow/.local/lib/python3.12/site-packages/airflow/example_dags/example_bash_operator.py for tasks to queue
[2025-09-29T17:04:25.128+0000] {logging_mixin.py:188} INFO - [2025-09-29T17:04:25.127+0000] {dagbag.py:545} INFO - Filling up the DagBag from /home/airflow/.local/lib/python3.12/site-packages/airflow/example_dags/example_bash_operator.py
[2025-09-29T17:04:25.163+0000] {processor.py:840} INFO - DAG(s) 'example_bash_operator' retrieved from /home/airflow/.local/lib/python3.12/site-packages/airflow/example_dags/example_bash_operator.py
[2025-09-29T17:04:25.250+0000] {logging_mixin.py:188} INFO - [2025-09-29T17:04:25.249+0000] {dag.py:3089} INFO - Sync 1 DAGs
[2025-09-29T17:04:25.312+0000] {logging_mixin.py:188} INFO - [2025-09-29T17:04:25.312+0000] {dag.py:3947} INFO - Setting next_dagrun for example_bash_operator to 2025-09-28 00:00:00+00:00, run_after=2025-09-29 00:00:00+00:00
[2025-09-29T17:04:25.365+0000] {processor.py:183} INFO - Processing /home/airflow/.local/lib/python3.12/site-packages/airflow/example_dags/example_bash_operator.py took 0.262 seconds
[2025-09-29T17:04:56.062+0000] {processor.py:161} INFO - Started process (PID=5029) to work on /home/airflow/.local/lib/python3.12/site-packages/airflow/example_dags/example_bash_operator.py
[2025-09-29T17:04:56.065+0000] {processor.py:830} INFO - Processing file /home/airflow/.local/lib/python3.12/site-packages/airflow/example_dags/example_bash_operator.py for tasks to queue
[2025-09-29T17:04:56.070+0000] {logging_mixin.py:188} INFO - [2025-09-29T17:04:56.070+0000] {dagbag.py:545} INFO - Filling up the DagBag from /home/airflow/.local/lib/python3.12/site-packages/airflow/example_dags/example_bash_operator.py
[2025-09-29T17:04:56.099+0000] {processor.py:840} INFO - DAG(s) 'example_bash_operator' retrieved from /home/airflow/.local/lib/python3.12/site-packages/airflow/example_dags/example_bash_operator.py
[2025-09-29T17:04:56.175+0000] {logging_mixin.py:188} INFO - [2025-09-29T17:04:56.175+0000] {dag.py:3089} INFO - Sync 1 DAGs
[2025-09-29T17:04:56.229+0000] {logging_mixin.py:188} INFO - [2025-09-29T17:04:56.229+0000] {dag.py:3947} INFO - Setting next_dagrun for example_bash_operator to 2025-09-28 00:00:00+00:00, run_after=2025-09-29 00:00:00+00:00
[2025-09-29T17:04:56.279+0000] {processor.py:183} INFO - Processing /home/airflow/.local/lib/python3.12/site-packages/airflow/example_dags/example_bash_operator.py took 0.232 seconds
[2025-09-29T17:05:28.490+0000] {processor.py:161} INFO - Started process (PID=5299) to work on /home/airflow/.local/lib/python3.12/site-packages/airflow/example_dags/example_bash_operator.py
[2025-09-29T17:05:28.494+0000] {processor.py:830} INFO - Processing file /home/airflow/.local/lib/python3.12/site-packages/airflow/example_dags/example_bash_operator.py for tasks to queue
[2025-09-29T17:05:28.500+0000] {logging_mixin.py:188} INFO - [2025-09-29T17:05:28.499+0000] {dagbag.py:545} INFO - Filling up the DagBag from /home/airflow/.local/lib/python3.12/site-packages/airflow/example_dags/example_bash_operator.py
[2025-09-29T17:05:28.558+0000] {processor.py:840} INFO - DAG(s) 'example_bash_operator' retrieved from /home/airflow/.local/lib/python3.12/site-packages/airflow/example_dags/example_bash_operator.py
[2025-09-29T17:05:28.746+0000] {logging_mixin.py:188} INFO - [2025-09-29T17:05:28.745+0000] {dag.py:3089} INFO - Sync 1 DAGs
[2025-09-29T17:05:28.949+0000] {logging_mixin.py:188} INFO - [2025-09-29T17:05:28.948+0000] {dag.py:3947} INFO - Setting next_dagrun for example_bash_operator to 2025-09-28 00:00:00+00:00, run_after=2025-09-29 00:00:00+00:00
[2025-09-29T17:05:29.017+0000] {processor.py:183} INFO - Processing /home/airflow/.local/lib/python3.12/site-packages/airflow/example_dags/example_bash_operator.py took 0.551 seconds
[2025-09-29T17:05:59.755+0000] {processor.py:161} INFO - Started process (PID=5561) to work on /home/airflow/.local/lib/python3.12/site-packages/airflow/example_dags/example_bash_operator.py
[2025-09-29T17:05:59.758+0000] {processor.py:830} INFO - Processing file /home/airflow/.local/lib/python3.12/site-packages/airflow/example_dags/example_bash_operator.py for tasks to queue
[2025-09-29T17:05:59.764+0000] {logging_mixin.py:188} INFO - [2025-09-29T17:05:59.762+0000] {dagbag.py:545} INFO - Filling up the DagBag from /home/airflow/.local/lib/python3.12/site-packages/airflow/example_dags/example_bash_operator.py
[2025-09-29T17:05:59.794+0000] {processor.py:840} INFO - DAG(s) 'example_bash_operator' retrieved from /home/airflow/.local/lib/python3.12/site-packages/airflow/example_dags/example_bash_operator.py
[2025-09-29T17:05:59.877+0000] {logging_mixin.py:188} INFO - [2025-09-29T17:05:59.876+0000] {dag.py:3089} INFO - Sync 1 DAGs
[2025-09-29T17:05:59.937+0000] {logging_mixin.py:188} INFO - [2025-09-29T17:05:59.937+0000] {dag.py:3947} INFO - Setting next_dagrun for example_bash_operator to 2025-09-28 00:00:00+00:00, run_after=2025-09-29 00:00:00+00:00
[2025-09-29T17:05:59.989+0000] {processor.py:183} INFO - Processing /home/airflow/.local/lib/python3.12/site-packages/airflow/example_dags/example_bash_operator.py took 0.250 seconds
[2025-09-29T17:06:30.943+0000] {processor.py:161} INFO - Started process (PID=5828) to work on /home/airflow/.local/lib/python3.12/site-packages/airflow/example_dags/example_bash_operator.py
[2025-09-29T17:06:30.948+0000] {processor.py:830} INFO - Processing file /home/airflow/.local/lib/python3.12/site-packages/airflow/example_dags/example_bash_operator.py for tasks to queue
[2025-09-29T17:06:30.955+0000] {logging_mixin.py:188} INFO - [2025-09-29T17:06:30.953+0000] {dagbag.py:545} INFO - Filling up the DagBag from /home/airflow/.local/lib/python3.12/site-packages/airflow/example_dags/example_bash_operator.py
[2025-09-29T17:06:31.003+0000] {processor.py:840} INFO - DAG(s) 'example_bash_operator' retrieved from /home/airflow/.local/lib/python3.12/site-packages/airflow/example_dags/example_bash_operator.py
[2025-09-29T17:06:31.117+0000] {logging_mixin.py:188} INFO - [2025-09-29T17:06:31.116+0000] {dag.py:3089} INFO - Sync 1 DAGs
[2025-09-29T17:06:31.193+0000] {logging_mixin.py:188} INFO - [2025-09-29T17:06:31.191+0000] {dag.py:3947} INFO - Setting next_dagrun for example_bash_operator to 2025-09-28 00:00:00+00:00, run_after=2025-09-29 00:00:00+00:00
[2025-09-29T17:06:31.277+0000] {processor.py:183} INFO - Processing /home/airflow/.local/lib/python3.12/site-packages/airflow/example_dags/example_bash_operator.py took 0.363 seconds
[2025-09-29T17:07:01.941+0000] {processor.py:161} INFO - Started process (PID=6090) to work on /home/airflow/.local/lib/python3.12/site-packages/airflow/example_dags/example_bash_operator.py
[2025-09-29T17:07:01.943+0000] {processor.py:830} INFO - Processing file /home/airflow/.local/lib/python3.12/site-packages/airflow/example_dags/example_bash_operator.py for tasks to queue
[2025-09-29T17:07:01.950+0000] {logging_mixin.py:188} INFO - [2025-09-29T17:07:01.948+0000] {dagbag.py:545} INFO - Filling up the DagBag from /home/airflow/.local/lib/python3.12/site-packages/airflow/example_dags/example_bash_operator.py
[2025-09-29T17:07:01.989+0000] {processor.py:840} INFO - DAG(s) 'example_bash_operator' retrieved from /home/airflow/.local/lib/python3.12/site-packages/airflow/example_dags/example_bash_operator.py
[2025-09-29T17:07:02.073+0000] {logging_mixin.py:188} INFO - [2025-09-29T17:07:02.073+0000] {dag.py:3089} INFO - Sync 1 DAGs
[2025-09-29T17:07:02.143+0000] {logging_mixin.py:188} INFO - [2025-09-29T17:07:02.142+0000] {dag.py:3947} INFO - Setting next_dagrun for example_bash_operator to 2025-09-28 00:00:00+00:00, run_after=2025-09-29 00:00:00+00:00
[2025-09-29T17:07:02.215+0000] {processor.py:183} INFO - Processing /home/airflow/.local/lib/python3.12/site-packages/airflow/example_dags/example_bash_operator.py took 0.297 seconds
[2025-09-29T17:07:32.306+0000] {processor.py:161} INFO - Started process (PID=6352) to work on /home/airflow/.local/lib/python3.12/site-packages/airflow/example_dags/example_bash_operator.py
[2025-09-29T17:07:32.309+0000] {processor.py:830} INFO - Processing file /home/airflow/.local/lib/python3.12/site-packages/airflow/example_dags/example_bash_operator.py for tasks to queue
[2025-09-29T17:07:32.314+0000] {logging_mixin.py:188} INFO - [2025-09-29T17:07:32.313+0000] {dagbag.py:545} INFO - Filling up the DagBag from /home/airflow/.local/lib/python3.12/site-packages/airflow/example_dags/example_bash_operator.py
[2025-09-29T17:07:32.343+0000] {processor.py:840} INFO - DAG(s) 'example_bash_operator' retrieved from /home/airflow/.local/lib/python3.12/site-packages/airflow/example_dags/example_bash_operator.py
[2025-09-29T17:07:32.415+0000] {logging_mixin.py:188} INFO - [2025-09-29T17:07:32.414+0000] {dag.py:3089} INFO - Sync 1 DAGs
[2025-09-29T17:07:32.472+0000] {logging_mixin.py:188} INFO - [2025-09-29T17:07:32.471+0000] {dag.py:3947} INFO - Setting next_dagrun for example_bash_operator to 2025-09-28 00:00:00+00:00, run_after=2025-09-29 00:00:00+00:00
[2025-09-29T17:07:32.525+0000] {processor.py:183} INFO - Processing /home/airflow/.local/lib/python3.12/site-packages/airflow/example_dags/example_bash_operator.py took 0.234 seconds
[2025-09-29T17:08:03.420+0000] {processor.py:161} INFO - Started process (PID=6616) to work on /home/airflow/.local/lib/python3.12/site-packages/airflow/example_dags/example_bash_operator.py
[2025-09-29T17:08:03.424+0000] {processor.py:830} INFO - Processing file /home/airflow/.local/lib/python3.12/site-packages/airflow/example_dags/example_bash_operator.py for tasks to queue
[2025-09-29T17:08:03.428+0000] {logging_mixin.py:188} INFO - [2025-09-29T17:08:03.428+0000] {dagbag.py:545} INFO - Filling up the DagBag from /home/airflow/.local/lib/python3.12/site-packages/airflow/example_dags/example_bash_operator.py
[2025-09-29T17:08:03.470+0000] {processor.py:840} INFO - DAG(s) 'example_bash_operator' retrieved from /home/airflow/.local/lib/python3.12/site-packages/airflow/example_dags/example_bash_operator.py
[2025-09-29T17:08:03.577+0000] {logging_mixin.py:188} INFO - [2025-09-29T17:08:03.576+0000] {dag.py:3089} INFO - Sync 1 DAGs
[2025-09-29T17:08:03.641+0000] {logging_mixin.py:188} INFO - [2025-09-29T17:08:03.641+0000] {dag.py:3947} INFO - Setting next_dagrun for example_bash_operator to 2025-09-28 00:00:00+00:00, run_after=2025-09-29 00:00:00+00:00
[2025-09-29T17:08:03.695+0000] {processor.py:183} INFO - Processing /home/airflow/.local/lib/python3.12/site-packages/airflow/example_dags/example_bash_operator.py took 0.293 seconds
[2025-09-29T17:08:34.071+0000] {processor.py:161} INFO - Started process (PID=6878) to work on /home/airflow/.local/lib/python3.12/site-packages/airflow/example_dags/example_bash_operator.py
[2025-09-29T17:08:34.075+0000] {processor.py:830} INFO - Processing file /home/airflow/.local/lib/python3.12/site-packages/airflow/example_dags/example_bash_operator.py for tasks to queue
[2025-09-29T17:08:34.082+0000] {logging_mixin.py:188} INFO - [2025-09-29T17:08:34.080+0000] {dagbag.py:545} INFO - Filling up the DagBag from /home/airflow/.local/lib/python3.12/site-packages/airflow/example_dags/example_bash_operator.py
[2025-09-29T17:08:34.118+0000] {processor.py:840} INFO - DAG(s) 'example_bash_operator' retrieved from /home/airflow/.local/lib/python3.12/site-packages/airflow/example_dags/example_bash_operator.py
[2025-09-29T17:08:34.251+0000] {logging_mixin.py:188} INFO - [2025-09-29T17:08:34.250+0000] {dag.py:3089} INFO - Sync 1 DAGs
[2025-09-29T17:08:34.356+0000] {logging_mixin.py:188} INFO - [2025-09-29T17:08:34.355+0000] {dag.py:3947} INFO - Setting next_dagrun for example_bash_operator to 2025-09-28 00:00:00+00:00, run_after=2025-09-29 00:00:00+00:00
[2025-09-29T17:08:34.442+0000] {processor.py:183} INFO - Processing /home/airflow/.local/lib/python3.12/site-packages/airflow/example_dags/example_bash_operator.py took 0.393 seconds
[2025-09-29T17:09:07.827+0000] {processor.py:161} INFO - Started process (PID=7138) to work on /home/airflow/.local/lib/python3.12/site-packages/airflow/example_dags/example_bash_operator.py
[2025-09-29T17:09:07.830+0000] {processor.py:830} INFO - Processing file /home/airflow/.local/lib/python3.12/site-packages/airflow/example_dags/example_bash_operator.py for tasks to queue
[2025-09-29T17:09:07.836+0000] {logging_mixin.py:188} INFO - [2025-09-29T17:09:07.835+0000] {dagbag.py:545} INFO - Filling up the DagBag from /home/airflow/.local/lib/python3.12/site-packages/airflow/example_dags/example_bash_operator.py
[2025-09-29T17:09:07.888+0000] {processor.py:840} INFO - DAG(s) 'example_bash_operator' retrieved from /home/airflow/.local/lib/python3.12/site-packages/airflow/example_dags/example_bash_operator.py
[2025-09-29T17:09:08.079+0000] {logging_mixin.py:188} INFO - [2025-09-29T17:09:08.078+0000] {dag.py:3089} INFO - Sync 1 DAGs
[2025-09-29T17:09:08.180+0000] {logging_mixin.py:188} INFO - [2025-09-29T17:09:08.179+0000] {dag.py:3947} INFO - Setting next_dagrun for example_bash_operator to 2025-09-28 00:00:00+00:00, run_after=2025-09-29 00:00:00+00:00
[2025-09-29T17:09:08.270+0000] {processor.py:183} INFO - Processing /home/airflow/.local/lib/python3.12/site-packages/airflow/example_dags/example_bash_operator.py took 0.461 seconds
[2025-09-29T17:09:38.863+0000] {processor.py:161} INFO - Started process (PID=7400) to work on /home/airflow/.local/lib/python3.12/site-packages/airflow/example_dags/example_bash_operator.py
[2025-09-29T17:09:38.866+0000] {processor.py:830} INFO - Processing file /home/airflow/.local/lib/python3.12/site-packages/airflow/example_dags/example_bash_operator.py for tasks to queue
[2025-09-29T17:09:38.872+0000] {logging_mixin.py:188} INFO - [2025-09-29T17:09:38.871+0000] {dagbag.py:545} INFO - Filling up the DagBag from /home/airflow/.local/lib/python3.12/site-packages/airflow/example_dags/example_bash_operator.py
[2025-09-29T17:09:38.904+0000] {processor.py:840} INFO - DAG(s) 'example_bash_operator' retrieved from /home/airflow/.local/lib/python3.12/site-packages/airflow/example_dags/example_bash_operator.py
[2025-09-29T17:09:38.982+0000] {logging_mixin.py:188} INFO - [2025-09-29T17:09:38.981+0000] {dag.py:3089} INFO - Sync 1 DAGs
[2025-09-29T17:09:39.036+0000] {logging_mixin.py:188} INFO - [2025-09-29T17:09:39.036+0000] {dag.py:3947} INFO - Setting next_dagrun for example_bash_operator to 2025-09-28 00:00:00+00:00, run_after=2025-09-29 00:00:00+00:00
[2025-09-29T17:09:39.094+0000] {processor.py:183} INFO - Processing /home/airflow/.local/lib/python3.12/site-packages/airflow/example_dags/example_bash_operator.py took 0.249 seconds
[2025-09-29T17:10:09.492+0000] {processor.py:161} INFO - Started process (PID=7662) to work on /home/airflow/.local/lib/python3.12/site-packages/airflow/example_dags/example_bash_operator.py
[2025-09-29T17:10:09.496+0000] {processor.py:830} INFO - Processing file /home/airflow/.local/lib/python3.12/site-packages/airflow/example_dags/example_bash_operator.py for tasks to queue
[2025-09-29T17:10:09.501+0000] {logging_mixin.py:188} INFO - [2025-09-29T17:10:09.500+0000] {dagbag.py:545} INFO - Filling up the DagBag from /home/airflow/.local/lib/python3.12/site-packages/airflow/example_dags/example_bash_operator.py
[2025-09-29T17:10:09.533+0000] {processor.py:840} INFO - DAG(s) 'example_bash_operator' retrieved from /home/airflow/.local/lib/python3.12/site-packages/airflow/example_dags/example_bash_operator.py
[2025-09-29T17:10:09.612+0000] {logging_mixin.py:188} INFO - [2025-09-29T17:10:09.611+0000] {dag.py:3089} INFO - Sync 1 DAGs
[2025-09-29T17:10:09.668+0000] {logging_mixin.py:188} INFO - [2025-09-29T17:10:09.668+0000] {dag.py:3947} INFO - Setting next_dagrun for example_bash_operator to 2025-09-28 00:00:00+00:00, run_after=2025-09-29 00:00:00+00:00
[2025-09-29T17:10:09.727+0000] {processor.py:183} INFO - Processing /home/airflow/.local/lib/python3.12/site-packages/airflow/example_dags/example_bash_operator.py took 0.253 seconds
[2025-09-29T17:10:40.810+0000] {processor.py:161} INFO - Started process (PID=7927) to work on /home/airflow/.local/lib/python3.12/site-packages/airflow/example_dags/example_bash_operator.py
[2025-09-29T17:10:40.816+0000] {processor.py:830} INFO - Processing file /home/airflow/.local/lib/python3.12/site-packages/airflow/example_dags/example_bash_operator.py for tasks to queue
[2025-09-29T17:10:40.823+0000] {logging_mixin.py:188} INFO - [2025-09-29T17:10:40.822+0000] {dagbag.py:545} INFO - Filling up the DagBag from /home/airflow/.local/lib/python3.12/site-packages/airflow/example_dags/example_bash_operator.py
[2025-09-29T17:10:40.881+0000] {processor.py:840} INFO - DAG(s) 'example_bash_operator' retrieved from /home/airflow/.local/lib/python3.12/site-packages/airflow/example_dags/example_bash_operator.py
[2025-09-29T17:10:41.006+0000] {logging_mixin.py:188} INFO - [2025-09-29T17:10:41.006+0000] {dag.py:3089} INFO - Sync 1 DAGs
[2025-09-29T17:10:41.102+0000] {logging_mixin.py:188} INFO - [2025-09-29T17:10:41.101+0000] {dag.py:3947} INFO - Setting next_dagrun for example_bash_operator to 2025-09-28 00:00:00+00:00, run_after=2025-09-29 00:00:00+00:00
[2025-09-29T17:10:41.215+0000] {processor.py:183} INFO - Processing /home/airflow/.local/lib/python3.12/site-packages/airflow/example_dags/example_bash_operator.py took 0.429 seconds
[2025-09-29T17:11:11.449+0000] {processor.py:161} INFO - Started process (PID=8184) to work on /home/airflow/.local/lib/python3.12/site-packages/airflow/example_dags/example_bash_operator.py
[2025-09-29T17:11:11.452+0000] {processor.py:830} INFO - Processing file /home/airflow/.local/lib/python3.12/site-packages/airflow/example_dags/example_bash_operator.py for tasks to queue
[2025-09-29T17:11:11.458+0000] {logging_mixin.py:188} INFO - [2025-09-29T17:11:11.457+0000] {dagbag.py:545} INFO - Filling up the DagBag from /home/airflow/.local/lib/python3.12/site-packages/airflow/example_dags/example_bash_operator.py
[2025-09-29T17:11:11.488+0000] {processor.py:840} INFO - DAG(s) 'example_bash_operator' retrieved from /home/airflow/.local/lib/python3.12/site-packages/airflow/example_dags/example_bash_operator.py
[2025-09-29T17:11:10.882+0000] {logging_mixin.py:188} INFO - [2025-09-29T17:11:10.882+0000] {dag.py:3089} INFO - Sync 1 DAGs
[2025-09-29T17:11:10.950+0000] {logging_mixin.py:188} INFO - [2025-09-29T17:11:10.950+0000] {dag.py:3947} INFO - Setting next_dagrun for example_bash_operator to 2025-09-28 00:00:00+00:00, run_after=2025-09-29 00:00:00+00:00
[2025-09-29T17:11:10.145+0000] {processor.py:183} INFO - Processing /home/airflow/.local/lib/python3.12/site-packages/airflow/example_dags/example_bash_operator.py took 0.298 seconds
[2025-09-29T17:11:41.301+0000] {processor.py:161} INFO - Started process (PID=8431) to work on /home/airflow/.local/lib/python3.12/site-packages/airflow/example_dags/example_bash_operator.py
[2025-09-29T17:11:41.304+0000] {processor.py:830} INFO - Processing file /home/airflow/.local/lib/python3.12/site-packages/airflow/example_dags/example_bash_operator.py for tasks to queue
[2025-09-29T17:11:41.311+0000] {logging_mixin.py:188} INFO - [2025-09-29T17:11:41.310+0000] {dagbag.py:545} INFO - Filling up the DagBag from /home/airflow/.local/lib/python3.12/site-packages/airflow/example_dags/example_bash_operator.py
[2025-09-29T17:11:41.347+0000] {processor.py:840} INFO - DAG(s) 'example_bash_operator' retrieved from /home/airflow/.local/lib/python3.12/site-packages/airflow/example_dags/example_bash_operator.py
[2025-09-29T17:11:41.421+0000] {logging_mixin.py:188} INFO - [2025-09-29T17:11:41.420+0000] {dag.py:3089} INFO - Sync 1 DAGs
[2025-09-29T17:11:41.481+0000] {logging_mixin.py:188} INFO - [2025-09-29T17:11:41.480+0000] {dag.py:3947} INFO - Setting next_dagrun for example_bash_operator to 2025-09-28 00:00:00+00:00, run_after=2025-09-29 00:00:00+00:00
[2025-09-29T17:11:41.534+0000] {processor.py:183} INFO - Processing /home/airflow/.local/lib/python3.12/site-packages/airflow/example_dags/example_bash_operator.py took 0.252 seconds
[2025-09-29T17:12:13.781+0000] {processor.py:161} INFO - Started process (PID=8705) to work on /home/airflow/.local/lib/python3.12/site-packages/airflow/example_dags/example_bash_operator.py
[2025-09-29T17:12:13.784+0000] {processor.py:830} INFO - Processing file /home/airflow/.local/lib/python3.12/site-packages/airflow/example_dags/example_bash_operator.py for tasks to queue
[2025-09-29T17:12:13.790+0000] {logging_mixin.py:188} INFO - [2025-09-29T17:12:13.789+0000] {dagbag.py:545} INFO - Filling up the DagBag from /home/airflow/.local/lib/python3.12/site-packages/airflow/example_dags/example_bash_operator.py
[2025-09-29T17:12:13.827+0000] {processor.py:840} INFO - DAG(s) 'example_bash_operator' retrieved from /home/airflow/.local/lib/python3.12/site-packages/airflow/example_dags/example_bash_operator.py
[2025-09-29T17:12:13.912+0000] {logging_mixin.py:188} INFO - [2025-09-29T17:12:13.911+0000] {dag.py:3089} INFO - Sync 1 DAGs
[2025-09-29T17:12:13.970+0000] {logging_mixin.py:188} INFO - [2025-09-29T17:12:13.969+0000] {dag.py:3947} INFO - Setting next_dagrun for example_bash_operator to 2025-09-28 00:00:00+00:00, run_after=2025-09-29 00:00:00+00:00
[2025-09-29T17:12:14.035+0000] {processor.py:183} INFO - Processing /home/airflow/.local/lib/python3.12/site-packages/airflow/example_dags/example_bash_operator.py took 0.273 seconds
[2025-09-29T17:12:47.681+0000] {processor.py:161} INFO - Started process (PID=8950) to work on /home/airflow/.local/lib/python3.12/site-packages/airflow/example_dags/example_bash_operator.py
[2025-09-29T17:12:47.684+0000] {processor.py:830} INFO - Processing file /home/airflow/.local/lib/python3.12/site-packages/airflow/example_dags/example_bash_operator.py for tasks to queue
[2025-09-29T17:12:47.690+0000] {logging_mixin.py:188} INFO - [2025-09-29T17:12:47.689+0000] {dagbag.py:545} INFO - Filling up the DagBag from /home/airflow/.local/lib/python3.12/site-packages/airflow/example_dags/example_bash_operator.py
[2025-09-29T17:12:47.723+0000] {processor.py:840} INFO - DAG(s) 'example_bash_operator' retrieved from /home/airflow/.local/lib/python3.12/site-packages/airflow/example_dags/example_bash_operator.py
[2025-09-29T17:12:47.802+0000] {logging_mixin.py:188} INFO - [2025-09-29T17:12:47.802+0000] {dag.py:3089} INFO - Sync 1 DAGs
[2025-09-29T17:12:47.885+0000] {logging_mixin.py:188} INFO - [2025-09-29T17:12:47.884+0000] {dag.py:3947} INFO - Setting next_dagrun for example_bash_operator to 2025-09-28 00:00:00+00:00, run_after=2025-09-29 00:00:00+00:00
[2025-09-29T17:12:47.953+0000] {processor.py:183} INFO - Processing /home/airflow/.local/lib/python3.12/site-packages/airflow/example_dags/example_bash_operator.py took 0.291 seconds
[2025-09-29T17:13:18.520+0000] {processor.py:161} INFO - Started process (PID=9214) to work on /home/airflow/.local/lib/python3.12/site-packages/airflow/example_dags/example_bash_operator.py
[2025-09-29T17:13:18.523+0000] {processor.py:830} INFO - Processing file /home/airflow/.local/lib/python3.12/site-packages/airflow/example_dags/example_bash_operator.py for tasks to queue
[2025-09-29T17:13:18.529+0000] {logging_mixin.py:188} INFO - [2025-09-29T17:13:18.528+0000] {dagbag.py:545} INFO - Filling up the DagBag from /home/airflow/.local/lib/python3.12/site-packages/airflow/example_dags/example_bash_operator.py
[2025-09-29T17:13:18.561+0000] {processor.py:840} INFO - DAG(s) 'example_bash_operator' retrieved from /home/airflow/.local/lib/python3.12/site-packages/airflow/example_dags/example_bash_operator.py
[2025-09-29T17:13:18.654+0000] {logging_mixin.py:188} INFO - [2025-09-29T17:13:18.653+0000] {dag.py:3089} INFO - Sync 1 DAGs
[2025-09-29T17:13:18.712+0000] {logging_mixin.py:188} INFO - [2025-09-29T17:13:18.712+0000] {dag.py:3947} INFO - Setting next_dagrun for example_bash_operator to 2025-09-28 00:00:00+00:00, run_after=2025-09-29 00:00:00+00:00
[2025-09-29T17:13:18.777+0000] {processor.py:183} INFO - Processing /home/airflow/.local/lib/python3.12/site-packages/airflow/example_dags/example_bash_operator.py took 0.275 seconds
[2025-09-29T17:13:49.518+0000] {processor.py:161} INFO - Started process (PID=9474) to work on /home/airflow/.local/lib/python3.12/site-packages/airflow/example_dags/example_bash_operator.py
[2025-09-29T17:13:49.523+0000] {processor.py:830} INFO - Processing file /home/airflow/.local/lib/python3.12/site-packages/airflow/example_dags/example_bash_operator.py for tasks to queue
[2025-09-29T17:13:49.537+0000] {logging_mixin.py:188} INFO - [2025-09-29T17:13:49.536+0000] {dagbag.py:545} INFO - Filling up the DagBag from /home/airflow/.local/lib/python3.12/site-packages/airflow/example_dags/example_bash_operator.py
[2025-09-29T17:13:49.583+0000] {processor.py:840} INFO - DAG(s) 'example_bash_operator' retrieved from /home/airflow/.local/lib/python3.12/site-packages/airflow/example_dags/example_bash_operator.py
[2025-09-29T17:13:49.705+0000] {logging_mixin.py:188} INFO - [2025-09-29T17:13:49.704+0000] {dag.py:3089} INFO - Sync 1 DAGs
[2025-09-29T17:13:49.818+0000] {logging_mixin.py:188} INFO - [2025-09-29T17:13:49.817+0000] {dag.py:3947} INFO - Setting next_dagrun for example_bash_operator to 2025-09-28 00:00:00+00:00, run_after=2025-09-29 00:00:00+00:00
[2025-09-29T17:13:49.895+0000] {processor.py:183} INFO - Processing /home/airflow/.local/lib/python3.12/site-packages/airflow/example_dags/example_bash_operator.py took 0.405 seconds
[2025-09-29T17:14:21.430+0000] {processor.py:161} INFO - Started process (PID=9733) to work on /home/airflow/.local/lib/python3.12/site-packages/airflow/example_dags/example_bash_operator.py
[2025-09-29T17:14:21.433+0000] {processor.py:830} INFO - Processing file /home/airflow/.local/lib/python3.12/site-packages/airflow/example_dags/example_bash_operator.py for tasks to queue
[2025-09-29T17:14:21.438+0000] {logging_mixin.py:188} INFO - [2025-09-29T17:14:21.438+0000] {dagbag.py:545} INFO - Filling up the DagBag from /home/airflow/.local/lib/python3.12/site-packages/airflow/example_dags/example_bash_operator.py
[2025-09-29T17:14:21.475+0000] {processor.py:840} INFO - DAG(s) 'example_bash_operator' retrieved from /home/airflow/.local/lib/python3.12/site-packages/airflow/example_dags/example_bash_operator.py
[2025-09-29T17:14:21.552+0000] {logging_mixin.py:188} INFO - [2025-09-29T17:14:21.552+0000] {dag.py:3089} INFO - Sync 1 DAGs
[2025-09-29T17:14:21.610+0000] {logging_mixin.py:188} INFO - [2025-09-29T17:14:21.609+0000] {dag.py:3947} INFO - Setting next_dagrun for example_bash_operator to 2025-09-28 00:00:00+00:00, run_after=2025-09-29 00:00:00+00:00
[2025-09-29T17:14:21.661+0000] {processor.py:183} INFO - Processing /home/airflow/.local/lib/python3.12/site-packages/airflow/example_dags/example_bash_operator.py took 0.249 seconds
[2025-09-29T17:14:51.841+0000] {processor.py:161} INFO - Started process (PID=9995) to work on /home/airflow/.local/lib/python3.12/site-packages/airflow/example_dags/example_bash_operator.py
[2025-09-29T17:14:51.844+0000] {processor.py:830} INFO - Processing file /home/airflow/.local/lib/python3.12/site-packages/airflow/example_dags/example_bash_operator.py for tasks to queue
[2025-09-29T17:14:51.850+0000] {logging_mixin.py:188} INFO - [2025-09-29T17:14:51.849+0000] {dagbag.py:545} INFO - Filling up the DagBag from /home/airflow/.local/lib/python3.12/site-packages/airflow/example_dags/example_bash_operator.py
[2025-09-29T17:14:51.885+0000] {processor.py:840} INFO - DAG(s) 'example_bash_operator' retrieved from /home/airflow/.local/lib/python3.12/site-packages/airflow/example_dags/example_bash_operator.py
[2025-09-29T17:14:51.963+0000] {logging_mixin.py:188} INFO - [2025-09-29T17:14:51.962+0000] {dag.py:3089} INFO - Sync 1 DAGs
[2025-09-29T17:14:52.025+0000] {logging_mixin.py:188} INFO - [2025-09-29T17:14:52.024+0000] {dag.py:3947} INFO - Setting next_dagrun for example_bash_operator to 2025-09-28 00:00:00+00:00, run_after=2025-09-29 00:00:00+00:00
[2025-09-29T17:14:52.085+0000] {processor.py:183} INFO - Processing /home/airflow/.local/lib/python3.12/site-packages/airflow/example_dags/example_bash_operator.py took 0.264 seconds
[2025-09-29T17:15:25.324+0000] {processor.py:161} INFO - Started process (PID=10235) to work on /home/airflow/.local/lib/python3.12/site-packages/airflow/example_dags/example_bash_operator.py
[2025-09-29T17:15:25.329+0000] {processor.py:830} INFO - Processing file /home/airflow/.local/lib/python3.12/site-packages/airflow/example_dags/example_bash_operator.py for tasks to queue
[2025-09-29T17:15:25.344+0000] {logging_mixin.py:188} INFO - [2025-09-29T17:15:25.343+0000] {dagbag.py:545} INFO - Filling up the DagBag from /home/airflow/.local/lib/python3.12/site-packages/airflow/example_dags/example_bash_operator.py
[2025-09-29T17:15:25.400+0000] {processor.py:840} INFO - DAG(s) 'example_bash_operator' retrieved from /home/airflow/.local/lib/python3.12/site-packages/airflow/example_dags/example_bash_operator.py
[2025-09-29T17:15:25.501+0000] {logging_mixin.py:188} INFO - [2025-09-29T17:15:25.500+0000] {dag.py:3089} INFO - Sync 1 DAGs
[2025-09-29T17:15:25.622+0000] {logging_mixin.py:188} INFO - [2025-09-29T17:15:25.621+0000] {dag.py:3947} INFO - Setting next_dagrun for example_bash_operator to 2025-09-28 00:00:00+00:00, run_after=2025-09-29 00:00:00+00:00
[2025-09-29T17:15:25.701+0000] {processor.py:183} INFO - Processing /home/airflow/.local/lib/python3.12/site-packages/airflow/example_dags/example_bash_operator.py took 0.418 seconds
[2025-09-29T17:15:55.122+0000] {processor.py:161} INFO - Started process (PID=10487) to work on /home/airflow/.local/lib/python3.12/site-packages/airflow/example_dags/example_bash_operator.py
[2025-09-29T17:15:55.126+0000] {processor.py:830} INFO - Processing file /home/airflow/.local/lib/python3.12/site-packages/airflow/example_dags/example_bash_operator.py for tasks to queue
[2025-09-29T17:15:55.132+0000] {logging_mixin.py:188} INFO - [2025-09-29T17:15:55.131+0000] {dagbag.py:545} INFO - Filling up the DagBag from /home/airflow/.local/lib/python3.12/site-packages/airflow/example_dags/example_bash_operator.py
[2025-09-29T17:15:55.167+0000] {processor.py:840} INFO - DAG(s) 'example_bash_operator' retrieved from /home/airflow/.local/lib/python3.12/site-packages/airflow/example_dags/example_bash_operator.py
[2025-09-29T17:15:55.251+0000] {logging_mixin.py:188} INFO - [2025-09-29T17:15:55.250+0000] {dag.py:3089} INFO - Sync 1 DAGs
[2025-09-29T17:15:55.317+0000] {logging_mixin.py:188} INFO - [2025-09-29T17:15:55.317+0000] {dag.py:3947} INFO - Setting next_dagrun for example_bash_operator to 2025-09-28 00:00:00+00:00, run_after=2025-09-29 00:00:00+00:00
[2025-09-29T17:15:55.369+0000] {processor.py:183} INFO - Processing /home/airflow/.local/lib/python3.12/site-packages/airflow/example_dags/example_bash_operator.py took 0.265 seconds
[2025-09-29T17:16:26.578+0000] {processor.py:161} INFO - Started process (PID=10740) to work on /home/airflow/.local/lib/python3.12/site-packages/airflow/example_dags/example_bash_operator.py
[2025-09-29T17:16:26.581+0000] {processor.py:830} INFO - Processing file /home/airflow/.local/lib/python3.12/site-packages/airflow/example_dags/example_bash_operator.py for tasks to queue
[2025-09-29T17:16:26.587+0000] {logging_mixin.py:188} INFO - [2025-09-29T17:16:26.586+0000] {dagbag.py:545} INFO - Filling up the DagBag from /home/airflow/.local/lib/python3.12/site-packages/airflow/example_dags/example_bash_operator.py
[2025-09-29T17:16:26.618+0000] {processor.py:840} INFO - DAG(s) 'example_bash_operator' retrieved from /home/airflow/.local/lib/python3.12/site-packages/airflow/example_dags/example_bash_operator.py
[2025-09-29T17:16:26.692+0000] {logging_mixin.py:188} INFO - [2025-09-29T17:16:26.691+0000] {dag.py:3089} INFO - Sync 1 DAGs
[2025-09-29T17:16:27.099+0000] {logging_mixin.py:188} INFO - [2025-09-29T17:16:27.099+0000] {dag.py:3947} INFO - Setting next_dagrun for example_bash_operator to 2025-09-28 00:00:00+00:00, run_after=2025-09-29 00:00:00+00:00
[2025-09-29T17:16:27.143+0000] {processor.py:183} INFO - Processing /home/airflow/.local/lib/python3.12/site-packages/airflow/example_dags/example_bash_operator.py took 0.582 seconds
[2025-09-29T17:16:58.490+0000] {processor.py:161} INFO - Started process (PID=11000) to work on /home/airflow/.local/lib/python3.12/site-packages/airflow/example_dags/example_bash_operator.py
[2025-09-29T17:16:58.494+0000] {processor.py:830} INFO - Processing file /home/airflow/.local/lib/python3.12/site-packages/airflow/example_dags/example_bash_operator.py for tasks to queue
[2025-09-29T17:16:58.504+0000] {logging_mixin.py:188} INFO - [2025-09-29T17:16:58.502+0000] {dagbag.py:545} INFO - Filling up the DagBag from /home/airflow/.local/lib/python3.12/site-packages/airflow/example_dags/example_bash_operator.py
[2025-09-29T17:16:58.570+0000] {processor.py:840} INFO - DAG(s) 'example_bash_operator' retrieved from /home/airflow/.local/lib/python3.12/site-packages/airflow/example_dags/example_bash_operator.py
[2025-09-29T17:16:58.877+0000] {logging_mixin.py:188} INFO - [2025-09-29T17:16:58.850+0000] {dag.py:3089} INFO - Sync 1 DAGs
[2025-09-29T17:16:59.084+0000] {logging_mixin.py:188} INFO - [2025-09-29T17:16:59.083+0000] {dag.py:3947} INFO - Setting next_dagrun for example_bash_operator to 2025-09-28 00:00:00+00:00, run_after=2025-09-29 00:00:00+00:00
[2025-09-29T17:17:00.310+0000] {processor.py:183} INFO - Processing /home/airflow/.local/lib/python3.12/site-packages/airflow/example_dags/example_bash_operator.py took 1.864 seconds
