[2025-09-29T15:33:24.366+0000] {processor.py:161} INFO - Started process (PID=376) to work on /home/airflow/.local/lib/python3.12/site-packages/airflow/example_dags/example_skip_dag.py
[2025-09-29T15:33:24.369+0000] {processor.py:830} INFO - Processing file /home/airflow/.local/lib/python3.12/site-packages/airflow/example_dags/example_skip_dag.py for tasks to queue
[2025-09-29T15:33:24.376+0000] {logging_mixin.py:188} INFO - [2025-09-29T15:33:24.374+0000] {dagbag.py:545} INFO - Filling up the DagBag from /home/airflow/.local/lib/python3.12/site-packages/airflow/example_dags/example_skip_dag.py
[2025-09-29T15:33:24.408+0000] {processor.py:840} INFO - DAG(s) 'example_skip_dag' retrieved from /home/airflow/.local/lib/python3.12/site-packages/airflow/example_dags/example_skip_dag.py
[2025-09-29T15:33:24.448+0000] {logging_mixin.py:188} INFO - [2025-09-29T15:33:24.448+0000] {dag.py:3089} INFO - Sync 1 DAGs
[2025-09-29T15:33:24.508+0000] {logging_mixin.py:188} INFO - [2025-09-29T15:33:24.507+0000] {dag.py:3947} INFO - Setting next_dagrun for example_skip_dag to 2025-09-28 00:00:00+00:00, run_after=2025-09-29 00:00:00+00:00
[2025-09-29T15:33:24.563+0000] {processor.py:183} INFO - Processing /home/airflow/.local/lib/python3.12/site-packages/airflow/example_dags/example_skip_dag.py took 0.218 seconds
[2025-09-29T15:33:58.151+0000] {processor.py:161} INFO - Started process (PID=638) to work on /home/airflow/.local/lib/python3.12/site-packages/airflow/example_dags/example_skip_dag.py
[2025-09-29T15:33:58.154+0000] {processor.py:830} INFO - Processing file /home/airflow/.local/lib/python3.12/site-packages/airflow/example_dags/example_skip_dag.py for tasks to queue
[2025-09-29T15:33:58.159+0000] {logging_mixin.py:188} INFO - [2025-09-29T15:33:58.158+0000] {dagbag.py:545} INFO - Filling up the DagBag from /home/airflow/.local/lib/python3.12/site-packages/airflow/example_dags/example_skip_dag.py
[2025-09-29T15:33:58.179+0000] {processor.py:840} INFO - DAG(s) 'example_skip_dag' retrieved from /home/airflow/.local/lib/python3.12/site-packages/airflow/example_dags/example_skip_dag.py
[2025-09-29T15:33:58.542+0000] {logging_mixin.py:188} INFO - [2025-09-29T15:33:58.541+0000] {dag.py:3089} INFO - Sync 1 DAGs
[2025-09-29T15:33:58.624+0000] {logging_mixin.py:188} INFO - [2025-09-29T15:33:58.623+0000] {dag.py:3947} INFO - Setting next_dagrun for example_skip_dag to 2025-09-28 00:00:00+00:00, run_after=2025-09-29 00:00:00+00:00
[2025-09-29T15:33:58.686+0000] {processor.py:183} INFO - Processing /home/airflow/.local/lib/python3.12/site-packages/airflow/example_dags/example_skip_dag.py took 0.552 seconds
[2025-09-29T15:34:29.010+0000] {processor.py:161} INFO - Started process (PID=911) to work on /home/airflow/.local/lib/python3.12/site-packages/airflow/example_dags/example_skip_dag.py
[2025-09-29T15:34:29.027+0000] {processor.py:830} INFO - Processing file /home/airflow/.local/lib/python3.12/site-packages/airflow/example_dags/example_skip_dag.py for tasks to queue
[2025-09-29T15:34:29.032+0000] {logging_mixin.py:188} INFO - [2025-09-29T15:34:29.031+0000] {dagbag.py:545} INFO - Filling up the DagBag from /home/airflow/.local/lib/python3.12/site-packages/airflow/example_dags/example_skip_dag.py
[2025-09-29T15:34:29.048+0000] {processor.py:840} INFO - DAG(s) 'example_skip_dag' retrieved from /home/airflow/.local/lib/python3.12/site-packages/airflow/example_dags/example_skip_dag.py
[2025-09-29T15:34:29.108+0000] {logging_mixin.py:188} INFO - [2025-09-29T15:34:29.108+0000] {dag.py:3089} INFO - Sync 1 DAGs
[2025-09-29T15:34:29.164+0000] {logging_mixin.py:188} INFO - [2025-09-29T15:34:29.161+0000] {dag.py:3947} INFO - Setting next_dagrun for example_skip_dag to 2025-09-28 00:00:00+00:00, run_after=2025-09-29 00:00:00+00:00
[2025-09-29T15:34:29.229+0000] {processor.py:183} INFO - Processing /home/airflow/.local/lib/python3.12/site-packages/airflow/example_dags/example_skip_dag.py took 0.233 seconds
[2025-09-29T15:34:59.978+0000] {processor.py:161} INFO - Started process (PID=1173) to work on /home/airflow/.local/lib/python3.12/site-packages/airflow/example_dags/example_skip_dag.py
[2025-09-29T15:34:59.981+0000] {processor.py:830} INFO - Processing file /home/airflow/.local/lib/python3.12/site-packages/airflow/example_dags/example_skip_dag.py for tasks to queue
[2025-09-29T15:34:59.985+0000] {logging_mixin.py:188} INFO - [2025-09-29T15:34:59.985+0000] {dagbag.py:545} INFO - Filling up the DagBag from /home/airflow/.local/lib/python3.12/site-packages/airflow/example_dags/example_skip_dag.py
[2025-09-29T15:35:00.001+0000] {processor.py:840} INFO - DAG(s) 'example_skip_dag' retrieved from /home/airflow/.local/lib/python3.12/site-packages/airflow/example_dags/example_skip_dag.py
[2025-09-29T15:35:00.059+0000] {logging_mixin.py:188} INFO - [2025-09-29T15:35:00.059+0000] {dag.py:3089} INFO - Sync 1 DAGs
[2025-09-29T15:35:00.110+0000] {logging_mixin.py:188} INFO - [2025-09-29T15:35:00.109+0000] {dag.py:3947} INFO - Setting next_dagrun for example_skip_dag to 2025-09-28 00:00:00+00:00, run_after=2025-09-29 00:00:00+00:00
[2025-09-29T15:35:00.167+0000] {processor.py:183} INFO - Processing /home/airflow/.local/lib/python3.12/site-packages/airflow/example_dags/example_skip_dag.py took 0.201 seconds
[2025-09-29T15:35:31.650+0000] {processor.py:161} INFO - Started process (PID=1434) to work on /home/airflow/.local/lib/python3.12/site-packages/airflow/example_dags/example_skip_dag.py
[2025-09-29T15:35:31.654+0000] {processor.py:830} INFO - Processing file /home/airflow/.local/lib/python3.12/site-packages/airflow/example_dags/example_skip_dag.py for tasks to queue
[2025-09-29T15:35:31.660+0000] {logging_mixin.py:188} INFO - [2025-09-29T15:35:31.659+0000] {dagbag.py:545} INFO - Filling up the DagBag from /home/airflow/.local/lib/python3.12/site-packages/airflow/example_dags/example_skip_dag.py
[2025-09-29T15:35:31.685+0000] {processor.py:840} INFO - DAG(s) 'example_skip_dag' retrieved from /home/airflow/.local/lib/python3.12/site-packages/airflow/example_dags/example_skip_dag.py
[2025-09-29T15:35:31.764+0000] {logging_mixin.py:188} INFO - [2025-09-29T15:35:31.762+0000] {dag.py:3089} INFO - Sync 1 DAGs
[2025-09-29T15:35:31.837+0000] {logging_mixin.py:188} INFO - [2025-09-29T15:35:31.836+0000] {dag.py:3947} INFO - Setting next_dagrun for example_skip_dag to 2025-09-28 00:00:00+00:00, run_after=2025-09-29 00:00:00+00:00
[2025-09-29T15:35:31.890+0000] {processor.py:183} INFO - Processing /home/airflow/.local/lib/python3.12/site-packages/airflow/example_dags/example_skip_dag.py took 0.255 seconds
[2025-09-29T15:36:03.016+0000] {processor.py:161} INFO - Started process (PID=1697) to work on /home/airflow/.local/lib/python3.12/site-packages/airflow/example_dags/example_skip_dag.py
[2025-09-29T15:36:03.019+0000] {processor.py:830} INFO - Processing file /home/airflow/.local/lib/python3.12/site-packages/airflow/example_dags/example_skip_dag.py for tasks to queue
[2025-09-29T15:36:03.025+0000] {logging_mixin.py:188} INFO - [2025-09-29T15:36:03.024+0000] {dagbag.py:545} INFO - Filling up the DagBag from /home/airflow/.local/lib/python3.12/site-packages/airflow/example_dags/example_skip_dag.py
[2025-09-29T15:36:03.058+0000] {processor.py:840} INFO - DAG(s) 'example_skip_dag' retrieved from /home/airflow/.local/lib/python3.12/site-packages/airflow/example_dags/example_skip_dag.py
[2025-09-29T15:36:03.130+0000] {logging_mixin.py:188} INFO - [2025-09-29T15:36:03.130+0000] {dag.py:3089} INFO - Sync 1 DAGs
[2025-09-29T15:36:03.180+0000] {logging_mixin.py:188} INFO - [2025-09-29T15:36:03.179+0000] {dag.py:3947} INFO - Setting next_dagrun for example_skip_dag to 2025-09-28 00:00:00+00:00, run_after=2025-09-29 00:00:00+00:00
[2025-09-29T15:36:03.231+0000] {processor.py:183} INFO - Processing /home/airflow/.local/lib/python3.12/site-packages/airflow/example_dags/example_skip_dag.py took 0.232 seconds
[2025-09-29T15:36:34.156+0000] {processor.py:161} INFO - Started process (PID=1958) to work on /home/airflow/.local/lib/python3.12/site-packages/airflow/example_dags/example_skip_dag.py
[2025-09-29T15:36:34.158+0000] {processor.py:830} INFO - Processing file /home/airflow/.local/lib/python3.12/site-packages/airflow/example_dags/example_skip_dag.py for tasks to queue
[2025-09-29T15:36:34.163+0000] {logging_mixin.py:188} INFO - [2025-09-29T15:36:34.162+0000] {dagbag.py:545} INFO - Filling up the DagBag from /home/airflow/.local/lib/python3.12/site-packages/airflow/example_dags/example_skip_dag.py
[2025-09-29T15:36:34.180+0000] {processor.py:840} INFO - DAG(s) 'example_skip_dag' retrieved from /home/airflow/.local/lib/python3.12/site-packages/airflow/example_dags/example_skip_dag.py
[2025-09-29T15:36:34.242+0000] {logging_mixin.py:188} INFO - [2025-09-29T15:36:34.242+0000] {dag.py:3089} INFO - Sync 1 DAGs
[2025-09-29T15:36:34.297+0000] {logging_mixin.py:188} INFO - [2025-09-29T15:36:34.296+0000] {dag.py:3947} INFO - Setting next_dagrun for example_skip_dag to 2025-09-28 00:00:00+00:00, run_after=2025-09-29 00:00:00+00:00
[2025-09-29T15:36:34.346+0000] {processor.py:183} INFO - Processing /home/airflow/.local/lib/python3.12/site-packages/airflow/example_dags/example_skip_dag.py took 0.207 seconds
[2025-09-29T15:37:04.901+0000] {processor.py:161} INFO - Started process (PID=2220) to work on /home/airflow/.local/lib/python3.12/site-packages/airflow/example_dags/example_skip_dag.py
[2025-09-29T15:37:04.904+0000] {processor.py:830} INFO - Processing file /home/airflow/.local/lib/python3.12/site-packages/airflow/example_dags/example_skip_dag.py for tasks to queue
[2025-09-29T15:37:04.908+0000] {logging_mixin.py:188} INFO - [2025-09-29T15:37:04.907+0000] {dagbag.py:545} INFO - Filling up the DagBag from /home/airflow/.local/lib/python3.12/site-packages/airflow/example_dags/example_skip_dag.py
[2025-09-29T15:37:04.923+0000] {processor.py:840} INFO - DAG(s) 'example_skip_dag' retrieved from /home/airflow/.local/lib/python3.12/site-packages/airflow/example_dags/example_skip_dag.py
[2025-09-29T15:37:04.982+0000] {logging_mixin.py:188} INFO - [2025-09-29T15:37:04.982+0000] {dag.py:3089} INFO - Sync 1 DAGs
[2025-09-29T15:37:05.041+0000] {logging_mixin.py:188} INFO - [2025-09-29T15:37:05.041+0000] {dag.py:3947} INFO - Setting next_dagrun for example_skip_dag to 2025-09-28 00:00:00+00:00, run_after=2025-09-29 00:00:00+00:00
[2025-09-29T15:37:05.093+0000] {processor.py:183} INFO - Processing /home/airflow/.local/lib/python3.12/site-packages/airflow/example_dags/example_skip_dag.py took 0.207 seconds
[2025-09-29T15:37:35.302+0000] {processor.py:161} INFO - Started process (PID=2478) to work on /home/airflow/.local/lib/python3.12/site-packages/airflow/example_dags/example_skip_dag.py
[2025-09-29T15:37:35.305+0000] {processor.py:830} INFO - Processing file /home/airflow/.local/lib/python3.12/site-packages/airflow/example_dags/example_skip_dag.py for tasks to queue
[2025-09-29T15:37:35.310+0000] {logging_mixin.py:188} INFO - [2025-09-29T15:37:35.309+0000] {dagbag.py:545} INFO - Filling up the DagBag from /home/airflow/.local/lib/python3.12/site-packages/airflow/example_dags/example_skip_dag.py
[2025-09-29T15:37:35.326+0000] {processor.py:840} INFO - DAG(s) 'example_skip_dag' retrieved from /home/airflow/.local/lib/python3.12/site-packages/airflow/example_dags/example_skip_dag.py
[2025-09-29T15:37:35.387+0000] {logging_mixin.py:188} INFO - [2025-09-29T15:37:35.386+0000] {dag.py:3089} INFO - Sync 1 DAGs
[2025-09-29T15:37:35.442+0000] {logging_mixin.py:188} INFO - [2025-09-29T15:37:35.441+0000] {dag.py:3947} INFO - Setting next_dagrun for example_skip_dag to 2025-09-28 00:00:00+00:00, run_after=2025-09-29 00:00:00+00:00
[2025-09-29T15:37:35.495+0000] {processor.py:183} INFO - Processing /home/airflow/.local/lib/python3.12/site-packages/airflow/example_dags/example_skip_dag.py took 0.208 seconds
[2025-09-29T15:38:06.118+0000] {processor.py:161} INFO - Started process (PID=2738) to work on /home/airflow/.local/lib/python3.12/site-packages/airflow/example_dags/example_skip_dag.py
[2025-09-29T15:38:06.121+0000] {processor.py:830} INFO - Processing file /home/airflow/.local/lib/python3.12/site-packages/airflow/example_dags/example_skip_dag.py for tasks to queue
[2025-09-29T15:38:06.126+0000] {logging_mixin.py:188} INFO - [2025-09-29T15:38:06.125+0000] {dagbag.py:545} INFO - Filling up the DagBag from /home/airflow/.local/lib/python3.12/site-packages/airflow/example_dags/example_skip_dag.py
[2025-09-29T15:38:06.141+0000] {processor.py:840} INFO - DAG(s) 'example_skip_dag' retrieved from /home/airflow/.local/lib/python3.12/site-packages/airflow/example_dags/example_skip_dag.py
[2025-09-29T15:38:06.199+0000] {logging_mixin.py:188} INFO - [2025-09-29T15:38:06.199+0000] {dag.py:3089} INFO - Sync 1 DAGs
[2025-09-29T15:38:06.254+0000] {logging_mixin.py:188} INFO - [2025-09-29T15:38:06.253+0000] {dag.py:3947} INFO - Setting next_dagrun for example_skip_dag to 2025-09-28 00:00:00+00:00, run_after=2025-09-29 00:00:00+00:00
[2025-09-29T15:38:06.304+0000] {processor.py:183} INFO - Processing /home/airflow/.local/lib/python3.12/site-packages/airflow/example_dags/example_skip_dag.py took 0.200 seconds
[2025-09-29T15:38:36.914+0000] {processor.py:161} INFO - Started process (PID=3000) to work on /home/airflow/.local/lib/python3.12/site-packages/airflow/example_dags/example_skip_dag.py
[2025-09-29T15:38:36.916+0000] {processor.py:830} INFO - Processing file /home/airflow/.local/lib/python3.12/site-packages/airflow/example_dags/example_skip_dag.py for tasks to queue
[2025-09-29T15:38:36.921+0000] {logging_mixin.py:188} INFO - [2025-09-29T15:38:36.920+0000] {dagbag.py:545} INFO - Filling up the DagBag from /home/airflow/.local/lib/python3.12/site-packages/airflow/example_dags/example_skip_dag.py
[2025-09-29T15:38:36.937+0000] {processor.py:840} INFO - DAG(s) 'example_skip_dag' retrieved from /home/airflow/.local/lib/python3.12/site-packages/airflow/example_dags/example_skip_dag.py
[2025-09-29T15:38:36.995+0000] {logging_mixin.py:188} INFO - [2025-09-29T15:38:36.995+0000] {dag.py:3089} INFO - Sync 1 DAGs
[2025-09-29T15:38:37.046+0000] {logging_mixin.py:188} INFO - [2025-09-29T15:38:37.046+0000] {dag.py:3947} INFO - Setting next_dagrun for example_skip_dag to 2025-09-28 00:00:00+00:00, run_after=2025-09-29 00:00:00+00:00
[2025-09-29T15:38:37.096+0000] {processor.py:183} INFO - Processing /home/airflow/.local/lib/python3.12/site-packages/airflow/example_dags/example_skip_dag.py took 0.197 seconds
[2025-09-29T15:39:07.289+0000] {processor.py:161} INFO - Started process (PID=3262) to work on /home/airflow/.local/lib/python3.12/site-packages/airflow/example_dags/example_skip_dag.py
[2025-09-29T15:39:07.292+0000] {processor.py:830} INFO - Processing file /home/airflow/.local/lib/python3.12/site-packages/airflow/example_dags/example_skip_dag.py for tasks to queue
[2025-09-29T15:39:07.296+0000] {logging_mixin.py:188} INFO - [2025-09-29T15:39:07.296+0000] {dagbag.py:545} INFO - Filling up the DagBag from /home/airflow/.local/lib/python3.12/site-packages/airflow/example_dags/example_skip_dag.py
[2025-09-29T15:39:07.312+0000] {processor.py:840} INFO - DAG(s) 'example_skip_dag' retrieved from /home/airflow/.local/lib/python3.12/site-packages/airflow/example_dags/example_skip_dag.py
[2025-09-29T15:39:07.371+0000] {logging_mixin.py:188} INFO - [2025-09-29T15:39:07.370+0000] {dag.py:3089} INFO - Sync 1 DAGs
[2025-09-29T15:39:07.420+0000] {logging_mixin.py:188} INFO - [2025-09-29T15:39:07.420+0000] {dag.py:3947} INFO - Setting next_dagrun for example_skip_dag to 2025-09-28 00:00:00+00:00, run_after=2025-09-29 00:00:00+00:00
[2025-09-29T15:39:07.469+0000] {processor.py:183} INFO - Processing /home/airflow/.local/lib/python3.12/site-packages/airflow/example_dags/example_skip_dag.py took 0.195 seconds
[2025-09-29T15:39:37.889+0000] {processor.py:161} INFO - Started process (PID=3524) to work on /home/airflow/.local/lib/python3.12/site-packages/airflow/example_dags/example_skip_dag.py
[2025-09-29T15:39:37.892+0000] {processor.py:830} INFO - Processing file /home/airflow/.local/lib/python3.12/site-packages/airflow/example_dags/example_skip_dag.py for tasks to queue
[2025-09-29T15:39:37.898+0000] {logging_mixin.py:188} INFO - [2025-09-29T15:39:37.896+0000] {dagbag.py:545} INFO - Filling up the DagBag from /home/airflow/.local/lib/python3.12/site-packages/airflow/example_dags/example_skip_dag.py
[2025-09-29T15:39:37.917+0000] {processor.py:840} INFO - DAG(s) 'example_skip_dag' retrieved from /home/airflow/.local/lib/python3.12/site-packages/airflow/example_dags/example_skip_dag.py
[2025-09-29T15:39:37.984+0000] {logging_mixin.py:188} INFO - [2025-09-29T15:39:37.983+0000] {dag.py:3089} INFO - Sync 1 DAGs
[2025-09-29T15:39:38.042+0000] {logging_mixin.py:188} INFO - [2025-09-29T15:39:38.041+0000] {dag.py:3947} INFO - Setting next_dagrun for example_skip_dag to 2025-09-28 00:00:00+00:00, run_after=2025-09-29 00:00:00+00:00
[2025-09-29T15:39:38.098+0000] {processor.py:183} INFO - Processing /home/airflow/.local/lib/python3.12/site-packages/airflow/example_dags/example_skip_dag.py took 0.226 seconds
[2025-09-29T15:40:08.754+0000] {processor.py:161} INFO - Started process (PID=3786) to work on /home/airflow/.local/lib/python3.12/site-packages/airflow/example_dags/example_skip_dag.py
[2025-09-29T15:40:08.757+0000] {processor.py:830} INFO - Processing file /home/airflow/.local/lib/python3.12/site-packages/airflow/example_dags/example_skip_dag.py for tasks to queue
[2025-09-29T15:40:08.761+0000] {logging_mixin.py:188} INFO - [2025-09-29T15:40:08.761+0000] {dagbag.py:545} INFO - Filling up the DagBag from /home/airflow/.local/lib/python3.12/site-packages/airflow/example_dags/example_skip_dag.py
[2025-09-29T15:40:08.778+0000] {processor.py:840} INFO - DAG(s) 'example_skip_dag' retrieved from /home/airflow/.local/lib/python3.12/site-packages/airflow/example_dags/example_skip_dag.py
[2025-09-29T15:40:08.840+0000] {logging_mixin.py:188} INFO - [2025-09-29T15:40:08.839+0000] {dag.py:3089} INFO - Sync 1 DAGs
[2025-09-29T15:40:08.892+0000] {logging_mixin.py:188} INFO - [2025-09-29T15:40:08.891+0000] {dag.py:3947} INFO - Setting next_dagrun for example_skip_dag to 2025-09-28 00:00:00+00:00, run_after=2025-09-29 00:00:00+00:00
[2025-09-29T15:40:08.948+0000] {processor.py:183} INFO - Processing /home/airflow/.local/lib/python3.12/site-packages/airflow/example_dags/example_skip_dag.py took 0.208 seconds
[2025-09-29T15:40:39.510+0000] {processor.py:161} INFO - Started process (PID=4048) to work on /home/airflow/.local/lib/python3.12/site-packages/airflow/example_dags/example_skip_dag.py
[2025-09-29T15:40:39.513+0000] {processor.py:830} INFO - Processing file /home/airflow/.local/lib/python3.12/site-packages/airflow/example_dags/example_skip_dag.py for tasks to queue
[2025-09-29T15:40:39.517+0000] {logging_mixin.py:188} INFO - [2025-09-29T15:40:39.516+0000] {dagbag.py:545} INFO - Filling up the DagBag from /home/airflow/.local/lib/python3.12/site-packages/airflow/example_dags/example_skip_dag.py
[2025-09-29T15:40:39.535+0000] {processor.py:840} INFO - DAG(s) 'example_skip_dag' retrieved from /home/airflow/.local/lib/python3.12/site-packages/airflow/example_dags/example_skip_dag.py
[2025-09-29T15:40:39.600+0000] {logging_mixin.py:188} INFO - [2025-09-29T15:40:39.599+0000] {dag.py:3089} INFO - Sync 1 DAGs
[2025-09-29T15:40:39.653+0000] {logging_mixin.py:188} INFO - [2025-09-29T15:40:39.652+0000] {dag.py:3947} INFO - Setting next_dagrun for example_skip_dag to 2025-09-28 00:00:00+00:00, run_after=2025-09-29 00:00:00+00:00
[2025-09-29T15:40:39.703+0000] {processor.py:183} INFO - Processing /home/airflow/.local/lib/python3.12/site-packages/airflow/example_dags/example_skip_dag.py took 0.208 seconds
[2025-09-29T15:41:11.002+0000] {processor.py:161} INFO - Started process (PID=4312) to work on /home/airflow/.local/lib/python3.12/site-packages/airflow/example_dags/example_skip_dag.py
[2025-09-29T15:41:11.004+0000] {processor.py:830} INFO - Processing file /home/airflow/.local/lib/python3.12/site-packages/airflow/example_dags/example_skip_dag.py for tasks to queue
[2025-09-29T15:41:11.010+0000] {logging_mixin.py:188} INFO - [2025-09-29T15:41:11.009+0000] {dagbag.py:545} INFO - Filling up the DagBag from /home/airflow/.local/lib/python3.12/site-packages/airflow/example_dags/example_skip_dag.py
[2025-09-29T15:41:11.031+0000] {processor.py:840} INFO - DAG(s) 'example_skip_dag' retrieved from /home/airflow/.local/lib/python3.12/site-packages/airflow/example_dags/example_skip_dag.py
[2025-09-29T15:41:11.100+0000] {logging_mixin.py:188} INFO - [2025-09-29T15:41:11.100+0000] {dag.py:3089} INFO - Sync 1 DAGs
[2025-09-29T15:41:11.157+0000] {logging_mixin.py:188} INFO - [2025-09-29T15:41:11.157+0000] {dag.py:3947} INFO - Setting next_dagrun for example_skip_dag to 2025-09-28 00:00:00+00:00, run_after=2025-09-29 00:00:00+00:00
[2025-09-29T15:41:11.209+0000] {processor.py:183} INFO - Processing /home/airflow/.local/lib/python3.12/site-packages/airflow/example_dags/example_skip_dag.py took 0.231 seconds
[2025-09-29T15:41:42.445+0000] {processor.py:161} INFO - Started process (PID=4574) to work on /home/airflow/.local/lib/python3.12/site-packages/airflow/example_dags/example_skip_dag.py
[2025-09-29T15:41:42.448+0000] {processor.py:830} INFO - Processing file /home/airflow/.local/lib/python3.12/site-packages/airflow/example_dags/example_skip_dag.py for tasks to queue
[2025-09-29T15:41:42.455+0000] {logging_mixin.py:188} INFO - [2025-09-29T15:41:42.454+0000] {dagbag.py:545} INFO - Filling up the DagBag from /home/airflow/.local/lib/python3.12/site-packages/airflow/example_dags/example_skip_dag.py
[2025-09-29T15:41:42.486+0000] {processor.py:840} INFO - DAG(s) 'example_skip_dag' retrieved from /home/airflow/.local/lib/python3.12/site-packages/airflow/example_dags/example_skip_dag.py
[2025-09-29T15:41:42.563+0000] {logging_mixin.py:188} INFO - [2025-09-29T15:41:42.562+0000] {dag.py:3089} INFO - Sync 1 DAGs
[2025-09-29T15:41:42.630+0000] {logging_mixin.py:188} INFO - [2025-09-29T15:41:42.629+0000] {dag.py:3947} INFO - Setting next_dagrun for example_skip_dag to 2025-09-28 00:00:00+00:00, run_after=2025-09-29 00:00:00+00:00
[2025-09-29T15:41:42.691+0000] {processor.py:183} INFO - Processing /home/airflow/.local/lib/python3.12/site-packages/airflow/example_dags/example_skip_dag.py took 0.265 seconds
[2025-09-29T15:42:13.729+0000] {processor.py:161} INFO - Started process (PID=4834) to work on /home/airflow/.local/lib/python3.12/site-packages/airflow/example_dags/example_skip_dag.py
[2025-09-29T15:42:13.732+0000] {processor.py:830} INFO - Processing file /home/airflow/.local/lib/python3.12/site-packages/airflow/example_dags/example_skip_dag.py for tasks to queue
[2025-09-29T15:42:13.738+0000] {logging_mixin.py:188} INFO - [2025-09-29T15:42:13.737+0000] {dagbag.py:545} INFO - Filling up the DagBag from /home/airflow/.local/lib/python3.12/site-packages/airflow/example_dags/example_skip_dag.py
[2025-09-29T15:42:13.757+0000] {processor.py:840} INFO - DAG(s) 'example_skip_dag' retrieved from /home/airflow/.local/lib/python3.12/site-packages/airflow/example_dags/example_skip_dag.py
[2025-09-29T15:42:13.817+0000] {logging_mixin.py:188} INFO - [2025-09-29T15:42:13.816+0000] {dag.py:3089} INFO - Sync 1 DAGs
[2025-09-29T15:42:13.877+0000] {logging_mixin.py:188} INFO - [2025-09-29T15:42:13.876+0000] {dag.py:3947} INFO - Setting next_dagrun for example_skip_dag to 2025-09-28 00:00:00+00:00, run_after=2025-09-29 00:00:00+00:00
[2025-09-29T15:42:13.934+0000] {processor.py:183} INFO - Processing /home/airflow/.local/lib/python3.12/site-packages/airflow/example_dags/example_skip_dag.py took 0.224 seconds
[2025-09-29T15:42:44.064+0000] {processor.py:161} INFO - Started process (PID=5092) to work on /home/airflow/.local/lib/python3.12/site-packages/airflow/example_dags/example_skip_dag.py
[2025-09-29T15:42:44.066+0000] {processor.py:830} INFO - Processing file /home/airflow/.local/lib/python3.12/site-packages/airflow/example_dags/example_skip_dag.py for tasks to queue
[2025-09-29T15:42:44.070+0000] {logging_mixin.py:188} INFO - [2025-09-29T15:42:44.069+0000] {dagbag.py:545} INFO - Filling up the DagBag from /home/airflow/.local/lib/python3.12/site-packages/airflow/example_dags/example_skip_dag.py
[2025-09-29T15:42:44.086+0000] {processor.py:840} INFO - DAG(s) 'example_skip_dag' retrieved from /home/airflow/.local/lib/python3.12/site-packages/airflow/example_dags/example_skip_dag.py
[2025-09-29T15:42:44.145+0000] {logging_mixin.py:188} INFO - [2025-09-29T15:42:44.144+0000] {dag.py:3089} INFO - Sync 1 DAGs
[2025-09-29T15:42:44.202+0000] {logging_mixin.py:188} INFO - [2025-09-29T15:42:44.201+0000] {dag.py:3947} INFO - Setting next_dagrun for example_skip_dag to 2025-09-28 00:00:00+00:00, run_after=2025-09-29 00:00:00+00:00
[2025-09-29T15:42:44.251+0000] {processor.py:183} INFO - Processing /home/airflow/.local/lib/python3.12/site-packages/airflow/example_dags/example_skip_dag.py took 0.201 seconds
[2025-09-29T15:43:14.614+0000] {processor.py:161} INFO - Started process (PID=5354) to work on /home/airflow/.local/lib/python3.12/site-packages/airflow/example_dags/example_skip_dag.py
[2025-09-29T15:43:14.639+0000] {processor.py:830} INFO - Processing file /home/airflow/.local/lib/python3.12/site-packages/airflow/example_dags/example_skip_dag.py for tasks to queue
[2025-09-29T15:43:14.643+0000] {logging_mixin.py:188} INFO - [2025-09-29T15:43:14.642+0000] {dagbag.py:545} INFO - Filling up the DagBag from /home/airflow/.local/lib/python3.12/site-packages/airflow/example_dags/example_skip_dag.py
[2025-09-29T15:43:14.659+0000] {processor.py:840} INFO - DAG(s) 'example_skip_dag' retrieved from /home/airflow/.local/lib/python3.12/site-packages/airflow/example_dags/example_skip_dag.py
[2025-09-29T15:43:14.719+0000] {logging_mixin.py:188} INFO - [2025-09-29T15:43:14.719+0000] {dag.py:3089} INFO - Sync 1 DAGs
[2025-09-29T15:43:14.770+0000] {logging_mixin.py:188} INFO - [2025-09-29T15:43:14.769+0000] {dag.py:3947} INFO - Setting next_dagrun for example_skip_dag to 2025-09-28 00:00:00+00:00, run_after=2025-09-29 00:00:00+00:00
[2025-09-29T15:43:14.817+0000] {processor.py:183} INFO - Processing /home/airflow/.local/lib/python3.12/site-packages/airflow/example_dags/example_skip_dag.py took 0.217 seconds
[2025-09-29T15:43:45.525+0000] {processor.py:161} INFO - Started process (PID=5616) to work on /home/airflow/.local/lib/python3.12/site-packages/airflow/example_dags/example_skip_dag.py
[2025-09-29T15:43:45.528+0000] {processor.py:830} INFO - Processing file /home/airflow/.local/lib/python3.12/site-packages/airflow/example_dags/example_skip_dag.py for tasks to queue
[2025-09-29T15:43:45.533+0000] {logging_mixin.py:188} INFO - [2025-09-29T15:43:45.532+0000] {dagbag.py:545} INFO - Filling up the DagBag from /home/airflow/.local/lib/python3.12/site-packages/airflow/example_dags/example_skip_dag.py
[2025-09-29T15:43:45.551+0000] {processor.py:840} INFO - DAG(s) 'example_skip_dag' retrieved from /home/airflow/.local/lib/python3.12/site-packages/airflow/example_dags/example_skip_dag.py
[2025-09-29T15:43:45.621+0000] {logging_mixin.py:188} INFO - [2025-09-29T15:43:45.620+0000] {dag.py:3089} INFO - Sync 1 DAGs
[2025-09-29T15:43:45.680+0000] {logging_mixin.py:188} INFO - [2025-09-29T15:43:45.679+0000] {dag.py:3947} INFO - Setting next_dagrun for example_skip_dag to 2025-09-28 00:00:00+00:00, run_after=2025-09-29 00:00:00+00:00
[2025-09-29T15:43:45.738+0000] {processor.py:183} INFO - Processing /home/airflow/.local/lib/python3.12/site-packages/airflow/example_dags/example_skip_dag.py took 0.229 seconds
[2025-09-29T15:44:16.162+0000] {processor.py:161} INFO - Started process (PID=5878) to work on /home/airflow/.local/lib/python3.12/site-packages/airflow/example_dags/example_skip_dag.py
[2025-09-29T15:44:16.165+0000] {processor.py:830} INFO - Processing file /home/airflow/.local/lib/python3.12/site-packages/airflow/example_dags/example_skip_dag.py for tasks to queue
[2025-09-29T15:44:16.170+0000] {logging_mixin.py:188} INFO - [2025-09-29T15:44:16.169+0000] {dagbag.py:545} INFO - Filling up the DagBag from /home/airflow/.local/lib/python3.12/site-packages/airflow/example_dags/example_skip_dag.py
[2025-09-29T15:44:16.185+0000] {processor.py:840} INFO - DAG(s) 'example_skip_dag' retrieved from /home/airflow/.local/lib/python3.12/site-packages/airflow/example_dags/example_skip_dag.py
[2025-09-29T15:44:16.245+0000] {logging_mixin.py:188} INFO - [2025-09-29T15:44:16.244+0000] {dag.py:3089} INFO - Sync 1 DAGs
[2025-09-29T15:44:16.299+0000] {logging_mixin.py:188} INFO - [2025-09-29T15:44:16.299+0000] {dag.py:3947} INFO - Setting next_dagrun for example_skip_dag to 2025-09-28 00:00:00+00:00, run_after=2025-09-29 00:00:00+00:00
[2025-09-29T15:44:16.353+0000] {processor.py:183} INFO - Processing /home/airflow/.local/lib/python3.12/site-packages/airflow/example_dags/example_skip_dag.py took 0.205 seconds
[2025-09-29T15:44:46.655+0000] {processor.py:161} INFO - Started process (PID=6140) to work on /home/airflow/.local/lib/python3.12/site-packages/airflow/example_dags/example_skip_dag.py
[2025-09-29T15:44:46.657+0000] {processor.py:830} INFO - Processing file /home/airflow/.local/lib/python3.12/site-packages/airflow/example_dags/example_skip_dag.py for tasks to queue
[2025-09-29T15:44:46.661+0000] {logging_mixin.py:188} INFO - [2025-09-29T15:44:46.661+0000] {dagbag.py:545} INFO - Filling up the DagBag from /home/airflow/.local/lib/python3.12/site-packages/airflow/example_dags/example_skip_dag.py
[2025-09-29T15:44:46.677+0000] {processor.py:840} INFO - DAG(s) 'example_skip_dag' retrieved from /home/airflow/.local/lib/python3.12/site-packages/airflow/example_dags/example_skip_dag.py
[2025-09-29T15:44:46.739+0000] {logging_mixin.py:188} INFO - [2025-09-29T15:44:46.738+0000] {dag.py:3089} INFO - Sync 1 DAGs
[2025-09-29T15:44:46.788+0000] {logging_mixin.py:188} INFO - [2025-09-29T15:44:46.788+0000] {dag.py:3947} INFO - Setting next_dagrun for example_skip_dag to 2025-09-28 00:00:00+00:00, run_after=2025-09-29 00:00:00+00:00
[2025-09-29T15:44:46.838+0000] {processor.py:183} INFO - Processing /home/airflow/.local/lib/python3.12/site-packages/airflow/example_dags/example_skip_dag.py took 0.197 seconds
[2025-09-29T15:45:17.344+0000] {processor.py:161} INFO - Started process (PID=6402) to work on /home/airflow/.local/lib/python3.12/site-packages/airflow/example_dags/example_skip_dag.py
[2025-09-29T15:45:17.346+0000] {processor.py:830} INFO - Processing file /home/airflow/.local/lib/python3.12/site-packages/airflow/example_dags/example_skip_dag.py for tasks to queue
[2025-09-29T15:45:17.350+0000] {logging_mixin.py:188} INFO - [2025-09-29T15:45:17.349+0000] {dagbag.py:545} INFO - Filling up the DagBag from /home/airflow/.local/lib/python3.12/site-packages/airflow/example_dags/example_skip_dag.py
[2025-09-29T15:45:17.366+0000] {processor.py:840} INFO - DAG(s) 'example_skip_dag' retrieved from /home/airflow/.local/lib/python3.12/site-packages/airflow/example_dags/example_skip_dag.py
[2025-09-29T15:45:17.428+0000] {logging_mixin.py:188} INFO - [2025-09-29T15:45:17.427+0000] {dag.py:3089} INFO - Sync 1 DAGs
[2025-09-29T15:45:17.483+0000] {logging_mixin.py:188} INFO - [2025-09-29T15:45:17.483+0000] {dag.py:3947} INFO - Setting next_dagrun for example_skip_dag to 2025-09-28 00:00:00+00:00, run_after=2025-09-29 00:00:00+00:00
[2025-09-29T15:45:17.541+0000] {processor.py:183} INFO - Processing /home/airflow/.local/lib/python3.12/site-packages/airflow/example_dags/example_skip_dag.py took 0.212 seconds
[2025-09-29T15:45:47.773+0000] {processor.py:161} INFO - Started process (PID=6664) to work on /home/airflow/.local/lib/python3.12/site-packages/airflow/example_dags/example_skip_dag.py
[2025-09-29T15:45:47.776+0000] {processor.py:830} INFO - Processing file /home/airflow/.local/lib/python3.12/site-packages/airflow/example_dags/example_skip_dag.py for tasks to queue
[2025-09-29T15:45:47.780+0000] {logging_mixin.py:188} INFO - [2025-09-29T15:45:47.779+0000] {dagbag.py:545} INFO - Filling up the DagBag from /home/airflow/.local/lib/python3.12/site-packages/airflow/example_dags/example_skip_dag.py
[2025-09-29T15:45:47.795+0000] {processor.py:840} INFO - DAG(s) 'example_skip_dag' retrieved from /home/airflow/.local/lib/python3.12/site-packages/airflow/example_dags/example_skip_dag.py
[2025-09-29T15:45:47.853+0000] {logging_mixin.py:188} INFO - [2025-09-29T15:45:47.852+0000] {dag.py:3089} INFO - Sync 1 DAGs
[2025-09-29T15:45:47.910+0000] {logging_mixin.py:188} INFO - [2025-09-29T15:45:47.910+0000] {dag.py:3947} INFO - Setting next_dagrun for example_skip_dag to 2025-09-28 00:00:00+00:00, run_after=2025-09-29 00:00:00+00:00
[2025-09-29T15:45:47.962+0000] {processor.py:183} INFO - Processing /home/airflow/.local/lib/python3.12/site-packages/airflow/example_dags/example_skip_dag.py took 0.202 seconds
[2025-09-29T15:46:18.820+0000] {processor.py:161} INFO - Started process (PID=6926) to work on /home/airflow/.local/lib/python3.12/site-packages/airflow/example_dags/example_skip_dag.py
[2025-09-29T15:46:18.822+0000] {processor.py:830} INFO - Processing file /home/airflow/.local/lib/python3.12/site-packages/airflow/example_dags/example_skip_dag.py for tasks to queue
[2025-09-29T15:46:18.827+0000] {logging_mixin.py:188} INFO - [2025-09-29T15:46:18.826+0000] {dagbag.py:545} INFO - Filling up the DagBag from /home/airflow/.local/lib/python3.12/site-packages/airflow/example_dags/example_skip_dag.py
[2025-09-29T15:46:18.842+0000] {processor.py:840} INFO - DAG(s) 'example_skip_dag' retrieved from /home/airflow/.local/lib/python3.12/site-packages/airflow/example_dags/example_skip_dag.py
[2025-09-29T15:46:18.902+0000] {logging_mixin.py:188} INFO - [2025-09-29T15:46:18.901+0000] {dag.py:3089} INFO - Sync 1 DAGs
[2025-09-29T15:46:18.954+0000] {logging_mixin.py:188} INFO - [2025-09-29T15:46:18.953+0000] {dag.py:3947} INFO - Setting next_dagrun for example_skip_dag to 2025-09-28 00:00:00+00:00, run_after=2025-09-29 00:00:00+00:00
[2025-09-29T15:46:19.005+0000] {processor.py:183} INFO - Processing /home/airflow/.local/lib/python3.12/site-packages/airflow/example_dags/example_skip_dag.py took 0.199 seconds
[2025-09-29T15:46:49.767+0000] {processor.py:161} INFO - Started process (PID=7188) to work on /home/airflow/.local/lib/python3.12/site-packages/airflow/example_dags/example_skip_dag.py
[2025-09-29T15:46:49.769+0000] {processor.py:830} INFO - Processing file /home/airflow/.local/lib/python3.12/site-packages/airflow/example_dags/example_skip_dag.py for tasks to queue
[2025-09-29T15:46:49.774+0000] {logging_mixin.py:188} INFO - [2025-09-29T15:46:49.773+0000] {dagbag.py:545} INFO - Filling up the DagBag from /home/airflow/.local/lib/python3.12/site-packages/airflow/example_dags/example_skip_dag.py
[2025-09-29T15:46:49.797+0000] {processor.py:840} INFO - DAG(s) 'example_skip_dag' retrieved from /home/airflow/.local/lib/python3.12/site-packages/airflow/example_dags/example_skip_dag.py
[2025-09-29T15:46:49.859+0000] {logging_mixin.py:188} INFO - [2025-09-29T15:46:49.858+0000] {dag.py:3089} INFO - Sync 1 DAGs
[2025-09-29T15:46:49.910+0000] {logging_mixin.py:188} INFO - [2025-09-29T15:46:49.910+0000] {dag.py:3947} INFO - Setting next_dagrun for example_skip_dag to 2025-09-28 00:00:00+00:00, run_after=2025-09-29 00:00:00+00:00
[2025-09-29T15:46:49.957+0000] {processor.py:183} INFO - Processing /home/airflow/.local/lib/python3.12/site-packages/airflow/example_dags/example_skip_dag.py took 0.214 seconds
[2025-09-29T15:47:20.450+0000] {processor.py:161} INFO - Started process (PID=7450) to work on /home/airflow/.local/lib/python3.12/site-packages/airflow/example_dags/example_skip_dag.py
[2025-09-29T15:47:20.453+0000] {processor.py:830} INFO - Processing file /home/airflow/.local/lib/python3.12/site-packages/airflow/example_dags/example_skip_dag.py for tasks to queue
[2025-09-29T15:47:20.461+0000] {logging_mixin.py:188} INFO - [2025-09-29T15:47:20.459+0000] {dagbag.py:545} INFO - Filling up the DagBag from /home/airflow/.local/lib/python3.12/site-packages/airflow/example_dags/example_skip_dag.py
[2025-09-29T15:47:20.478+0000] {processor.py:840} INFO - DAG(s) 'example_skip_dag' retrieved from /home/airflow/.local/lib/python3.12/site-packages/airflow/example_dags/example_skip_dag.py
[2025-09-29T15:47:20.541+0000] {logging_mixin.py:188} INFO - [2025-09-29T15:47:20.541+0000] {dag.py:3089} INFO - Sync 1 DAGs
[2025-09-29T15:47:20.598+0000] {logging_mixin.py:188} INFO - [2025-09-29T15:47:20.597+0000] {dag.py:3947} INFO - Setting next_dagrun for example_skip_dag to 2025-09-28 00:00:00+00:00, run_after=2025-09-29 00:00:00+00:00
[2025-09-29T15:47:20.653+0000] {processor.py:183} INFO - Processing /home/airflow/.local/lib/python3.12/site-packages/airflow/example_dags/example_skip_dag.py took 0.219 seconds
[2025-09-29T15:47:50.793+0000] {processor.py:161} INFO - Started process (PID=7712) to work on /home/airflow/.local/lib/python3.12/site-packages/airflow/example_dags/example_skip_dag.py
[2025-09-29T15:47:50.796+0000] {processor.py:830} INFO - Processing file /home/airflow/.local/lib/python3.12/site-packages/airflow/example_dags/example_skip_dag.py for tasks to queue
[2025-09-29T15:47:50.801+0000] {logging_mixin.py:188} INFO - [2025-09-29T15:47:50.800+0000] {dagbag.py:545} INFO - Filling up the DagBag from /home/airflow/.local/lib/python3.12/site-packages/airflow/example_dags/example_skip_dag.py
[2025-09-29T15:47:50.816+0000] {processor.py:840} INFO - DAG(s) 'example_skip_dag' retrieved from /home/airflow/.local/lib/python3.12/site-packages/airflow/example_dags/example_skip_dag.py
[2025-09-29T15:47:50.878+0000] {logging_mixin.py:188} INFO - [2025-09-29T15:47:50.877+0000] {dag.py:3089} INFO - Sync 1 DAGs
[2025-09-29T15:47:50.929+0000] {logging_mixin.py:188} INFO - [2025-09-29T15:47:50.929+0000] {dag.py:3947} INFO - Setting next_dagrun for example_skip_dag to 2025-09-28 00:00:00+00:00, run_after=2025-09-29 00:00:00+00:00
[2025-09-29T15:47:50.977+0000] {processor.py:183} INFO - Processing /home/airflow/.local/lib/python3.12/site-packages/airflow/example_dags/example_skip_dag.py took 0.199 seconds
[2025-09-29T15:48:21.145+0000] {processor.py:161} INFO - Started process (PID=7974) to work on /home/airflow/.local/lib/python3.12/site-packages/airflow/example_dags/example_skip_dag.py
[2025-09-29T15:48:21.148+0000] {processor.py:830} INFO - Processing file /home/airflow/.local/lib/python3.12/site-packages/airflow/example_dags/example_skip_dag.py for tasks to queue
[2025-09-29T15:48:21.152+0000] {logging_mixin.py:188} INFO - [2025-09-29T15:48:21.151+0000] {dagbag.py:545} INFO - Filling up the DagBag from /home/airflow/.local/lib/python3.12/site-packages/airflow/example_dags/example_skip_dag.py
[2025-09-29T15:48:21.168+0000] {processor.py:840} INFO - DAG(s) 'example_skip_dag' retrieved from /home/airflow/.local/lib/python3.12/site-packages/airflow/example_dags/example_skip_dag.py
[2025-09-29T15:48:21.230+0000] {logging_mixin.py:188} INFO - [2025-09-29T15:48:21.229+0000] {dag.py:3089} INFO - Sync 1 DAGs
[2025-09-29T15:48:21.305+0000] {logging_mixin.py:188} INFO - [2025-09-29T15:48:21.304+0000] {dag.py:3947} INFO - Setting next_dagrun for example_skip_dag to 2025-09-28 00:00:00+00:00, run_after=2025-09-29 00:00:00+00:00
[2025-09-29T15:48:21.364+0000] {processor.py:183} INFO - Processing /home/airflow/.local/lib/python3.12/site-packages/airflow/example_dags/example_skip_dag.py took 0.232 seconds
[2025-09-29T15:48:51.723+0000] {processor.py:161} INFO - Started process (PID=8236) to work on /home/airflow/.local/lib/python3.12/site-packages/airflow/example_dags/example_skip_dag.py
[2025-09-29T15:48:51.739+0000] {processor.py:830} INFO - Processing file /home/airflow/.local/lib/python3.12/site-packages/airflow/example_dags/example_skip_dag.py for tasks to queue
[2025-09-29T15:48:51.743+0000] {logging_mixin.py:188} INFO - [2025-09-29T15:48:51.743+0000] {dagbag.py:545} INFO - Filling up the DagBag from /home/airflow/.local/lib/python3.12/site-packages/airflow/example_dags/example_skip_dag.py
[2025-09-29T15:48:51.758+0000] {processor.py:840} INFO - DAG(s) 'example_skip_dag' retrieved from /home/airflow/.local/lib/python3.12/site-packages/airflow/example_dags/example_skip_dag.py
[2025-09-29T15:48:51.818+0000] {logging_mixin.py:188} INFO - [2025-09-29T15:48:51.817+0000] {dag.py:3089} INFO - Sync 1 DAGs
[2025-09-29T15:48:51.870+0000] {logging_mixin.py:188} INFO - [2025-09-29T15:48:51.870+0000] {dag.py:3947} INFO - Setting next_dagrun for example_skip_dag to 2025-09-28 00:00:00+00:00, run_after=2025-09-29 00:00:00+00:00
[2025-09-29T15:48:51.920+0000] {processor.py:183} INFO - Processing /home/airflow/.local/lib/python3.12/site-packages/airflow/example_dags/example_skip_dag.py took 0.211 seconds
[2025-09-29T15:49:22.281+0000] {processor.py:161} INFO - Started process (PID=8498) to work on /home/airflow/.local/lib/python3.12/site-packages/airflow/example_dags/example_skip_dag.py
[2025-09-29T15:49:22.296+0000] {processor.py:830} INFO - Processing file /home/airflow/.local/lib/python3.12/site-packages/airflow/example_dags/example_skip_dag.py for tasks to queue
[2025-09-29T15:49:22.301+0000] {logging_mixin.py:188} INFO - [2025-09-29T15:49:22.300+0000] {dagbag.py:545} INFO - Filling up the DagBag from /home/airflow/.local/lib/python3.12/site-packages/airflow/example_dags/example_skip_dag.py
[2025-09-29T15:49:22.317+0000] {processor.py:840} INFO - DAG(s) 'example_skip_dag' retrieved from /home/airflow/.local/lib/python3.12/site-packages/airflow/example_dags/example_skip_dag.py
[2025-09-29T15:49:22.376+0000] {logging_mixin.py:188} INFO - [2025-09-29T15:49:22.375+0000] {dag.py:3089} INFO - Sync 1 DAGs
[2025-09-29T15:49:22.430+0000] {logging_mixin.py:188} INFO - [2025-09-29T15:49:22.430+0000] {dag.py:3947} INFO - Setting next_dagrun for example_skip_dag to 2025-09-28 00:00:00+00:00, run_after=2025-09-29 00:00:00+00:00
[2025-09-29T15:49:22.478+0000] {processor.py:183} INFO - Processing /home/airflow/.local/lib/python3.12/site-packages/airflow/example_dags/example_skip_dag.py took 0.211 seconds
[2025-09-29T15:49:53.439+0000] {processor.py:161} INFO - Started process (PID=8760) to work on /home/airflow/.local/lib/python3.12/site-packages/airflow/example_dags/example_skip_dag.py
[2025-09-29T15:49:53.446+0000] {processor.py:830} INFO - Processing file /home/airflow/.local/lib/python3.12/site-packages/airflow/example_dags/example_skip_dag.py for tasks to queue
[2025-09-29T15:49:53.451+0000] {logging_mixin.py:188} INFO - [2025-09-29T15:49:53.450+0000] {dagbag.py:545} INFO - Filling up the DagBag from /home/airflow/.local/lib/python3.12/site-packages/airflow/example_dags/example_skip_dag.py
[2025-09-29T15:49:53.471+0000] {processor.py:840} INFO - DAG(s) 'example_skip_dag' retrieved from /home/airflow/.local/lib/python3.12/site-packages/airflow/example_dags/example_skip_dag.py
[2025-09-29T15:49:53.544+0000] {logging_mixin.py:188} INFO - [2025-09-29T15:49:53.543+0000] {dag.py:3089} INFO - Sync 1 DAGs
[2025-09-29T15:49:53.602+0000] {logging_mixin.py:188} INFO - [2025-09-29T15:49:53.601+0000] {dag.py:3947} INFO - Setting next_dagrun for example_skip_dag to 2025-09-28 00:00:00+00:00, run_after=2025-09-29 00:00:00+00:00
[2025-09-29T15:49:53.654+0000] {processor.py:183} INFO - Processing /home/airflow/.local/lib/python3.12/site-packages/airflow/example_dags/example_skip_dag.py took 0.231 seconds
[2025-09-29T15:50:24.532+0000] {processor.py:161} INFO - Started process (PID=9022) to work on /home/airflow/.local/lib/python3.12/site-packages/airflow/example_dags/example_skip_dag.py
[2025-09-29T15:50:24.548+0000] {processor.py:830} INFO - Processing file /home/airflow/.local/lib/python3.12/site-packages/airflow/example_dags/example_skip_dag.py for tasks to queue
[2025-09-29T15:50:24.552+0000] {logging_mixin.py:188} INFO - [2025-09-29T15:50:24.551+0000] {dagbag.py:545} INFO - Filling up the DagBag from /home/airflow/.local/lib/python3.12/site-packages/airflow/example_dags/example_skip_dag.py
[2025-09-29T15:50:24.567+0000] {processor.py:840} INFO - DAG(s) 'example_skip_dag' retrieved from /home/airflow/.local/lib/python3.12/site-packages/airflow/example_dags/example_skip_dag.py
[2025-09-29T15:50:24.626+0000] {logging_mixin.py:188} INFO - [2025-09-29T15:50:24.626+0000] {dag.py:3089} INFO - Sync 1 DAGs
[2025-09-29T15:50:24.681+0000] {logging_mixin.py:188} INFO - [2025-09-29T15:50:24.680+0000] {dag.py:3947} INFO - Setting next_dagrun for example_skip_dag to 2025-09-28 00:00:00+00:00, run_after=2025-09-29 00:00:00+00:00
[2025-09-29T15:50:24.728+0000] {processor.py:183} INFO - Processing /home/airflow/.local/lib/python3.12/site-packages/airflow/example_dags/example_skip_dag.py took 0.210 seconds
[2025-09-29T15:50:55.500+0000] {processor.py:161} INFO - Started process (PID=9284) to work on /home/airflow/.local/lib/python3.12/site-packages/airflow/example_dags/example_skip_dag.py
[2025-09-29T15:50:55.510+0000] {processor.py:830} INFO - Processing file /home/airflow/.local/lib/python3.12/site-packages/airflow/example_dags/example_skip_dag.py for tasks to queue
[2025-09-29T15:50:55.515+0000] {logging_mixin.py:188} INFO - [2025-09-29T15:50:55.514+0000] {dagbag.py:545} INFO - Filling up the DagBag from /home/airflow/.local/lib/python3.12/site-packages/airflow/example_dags/example_skip_dag.py
[2025-09-29T15:50:55.530+0000] {processor.py:840} INFO - DAG(s) 'example_skip_dag' retrieved from /home/airflow/.local/lib/python3.12/site-packages/airflow/example_dags/example_skip_dag.py
[2025-09-29T15:50:55.590+0000] {logging_mixin.py:188} INFO - [2025-09-29T15:50:55.589+0000] {dag.py:3089} INFO - Sync 1 DAGs
[2025-09-29T15:50:55.642+0000] {logging_mixin.py:188} INFO - [2025-09-29T15:50:55.641+0000] {dag.py:3947} INFO - Setting next_dagrun for example_skip_dag to 2025-09-28 00:00:00+00:00, run_after=2025-09-29 00:00:00+00:00
[2025-09-29T15:50:55.686+0000] {processor.py:183} INFO - Processing /home/airflow/.local/lib/python3.12/site-packages/airflow/example_dags/example_skip_dag.py took 0.200 seconds
[2025-09-29T15:51:26.434+0000] {processor.py:161} INFO - Started process (PID=9546) to work on /home/airflow/.local/lib/python3.12/site-packages/airflow/example_dags/example_skip_dag.py
[2025-09-29T15:51:26.450+0000] {processor.py:830} INFO - Processing file /home/airflow/.local/lib/python3.12/site-packages/airflow/example_dags/example_skip_dag.py for tasks to queue
[2025-09-29T15:51:26.454+0000] {logging_mixin.py:188} INFO - [2025-09-29T15:51:26.453+0000] {dagbag.py:545} INFO - Filling up the DagBag from /home/airflow/.local/lib/python3.12/site-packages/airflow/example_dags/example_skip_dag.py
[2025-09-29T15:51:26.469+0000] {processor.py:840} INFO - DAG(s) 'example_skip_dag' retrieved from /home/airflow/.local/lib/python3.12/site-packages/airflow/example_dags/example_skip_dag.py
[2025-09-29T15:51:26.529+0000] {logging_mixin.py:188} INFO - [2025-09-29T15:51:26.529+0000] {dag.py:3089} INFO - Sync 1 DAGs
[2025-09-29T15:51:26.582+0000] {logging_mixin.py:188} INFO - [2025-09-29T15:51:26.581+0000] {dag.py:3947} INFO - Setting next_dagrun for example_skip_dag to 2025-09-28 00:00:00+00:00, run_after=2025-09-29 00:00:00+00:00
[2025-09-29T15:51:26.629+0000] {processor.py:183} INFO - Processing /home/airflow/.local/lib/python3.12/site-packages/airflow/example_dags/example_skip_dag.py took 0.209 seconds
[2025-09-29T15:51:57.041+0000] {processor.py:161} INFO - Started process (PID=9808) to work on /home/airflow/.local/lib/python3.12/site-packages/airflow/example_dags/example_skip_dag.py
[2025-09-29T15:51:57.044+0000] {processor.py:830} INFO - Processing file /home/airflow/.local/lib/python3.12/site-packages/airflow/example_dags/example_skip_dag.py for tasks to queue
[2025-09-29T15:51:57.048+0000] {logging_mixin.py:188} INFO - [2025-09-29T15:51:57.048+0000] {dagbag.py:545} INFO - Filling up the DagBag from /home/airflow/.local/lib/python3.12/site-packages/airflow/example_dags/example_skip_dag.py
[2025-09-29T15:51:57.064+0000] {processor.py:840} INFO - DAG(s) 'example_skip_dag' retrieved from /home/airflow/.local/lib/python3.12/site-packages/airflow/example_dags/example_skip_dag.py
[2025-09-29T15:51:57.131+0000] {logging_mixin.py:188} INFO - [2025-09-29T15:51:57.130+0000] {dag.py:3089} INFO - Sync 1 DAGs
[2025-09-29T15:51:57.192+0000] {logging_mixin.py:188} INFO - [2025-09-29T15:51:57.192+0000] {dag.py:3947} INFO - Setting next_dagrun for example_skip_dag to 2025-09-28 00:00:00+00:00, run_after=2025-09-29 00:00:00+00:00
[2025-09-29T15:51:57.588+0000] {processor.py:183} INFO - Processing /home/airflow/.local/lib/python3.12/site-packages/airflow/example_dags/example_skip_dag.py took 0.561 seconds
[2025-09-29T15:52:28.112+0000] {processor.py:161} INFO - Started process (PID=10075) to work on /home/airflow/.local/lib/python3.12/site-packages/airflow/example_dags/example_skip_dag.py
[2025-09-29T15:52:28.115+0000] {processor.py:830} INFO - Processing file /home/airflow/.local/lib/python3.12/site-packages/airflow/example_dags/example_skip_dag.py for tasks to queue
[2025-09-29T15:52:28.119+0000] {logging_mixin.py:188} INFO - [2025-09-29T15:52:28.118+0000] {dagbag.py:545} INFO - Filling up the DagBag from /home/airflow/.local/lib/python3.12/site-packages/airflow/example_dags/example_skip_dag.py
[2025-09-29T15:52:28.135+0000] {processor.py:840} INFO - DAG(s) 'example_skip_dag' retrieved from /home/airflow/.local/lib/python3.12/site-packages/airflow/example_dags/example_skip_dag.py
[2025-09-29T15:52:28.193+0000] {logging_mixin.py:188} INFO - [2025-09-29T15:52:28.193+0000] {dag.py:3089} INFO - Sync 1 DAGs
[2025-09-29T15:52:28.244+0000] {logging_mixin.py:188} INFO - [2025-09-29T15:52:28.243+0000] {dag.py:3947} INFO - Setting next_dagrun for example_skip_dag to 2025-09-28 00:00:00+00:00, run_after=2025-09-29 00:00:00+00:00
[2025-09-29T15:52:28.294+0000] {processor.py:183} INFO - Processing /home/airflow/.local/lib/python3.12/site-packages/airflow/example_dags/example_skip_dag.py took 0.196 seconds
[2025-09-29T15:52:58.374+0000] {processor.py:161} INFO - Started process (PID=10334) to work on /home/airflow/.local/lib/python3.12/site-packages/airflow/example_dags/example_skip_dag.py
[2025-09-29T15:52:58.377+0000] {processor.py:830} INFO - Processing file /home/airflow/.local/lib/python3.12/site-packages/airflow/example_dags/example_skip_dag.py for tasks to queue
[2025-09-29T15:52:58.382+0000] {logging_mixin.py:188} INFO - [2025-09-29T15:52:58.381+0000] {dagbag.py:545} INFO - Filling up the DagBag from /home/airflow/.local/lib/python3.12/site-packages/airflow/example_dags/example_skip_dag.py
[2025-09-29T15:52:58.398+0000] {processor.py:840} INFO - DAG(s) 'example_skip_dag' retrieved from /home/airflow/.local/lib/python3.12/site-packages/airflow/example_dags/example_skip_dag.py
[2025-09-29T15:52:58.463+0000] {logging_mixin.py:188} INFO - [2025-09-29T15:52:58.462+0000] {dag.py:3089} INFO - Sync 1 DAGs
[2025-09-29T15:52:58.516+0000] {logging_mixin.py:188} INFO - [2025-09-29T15:52:58.516+0000] {dag.py:3947} INFO - Setting next_dagrun for example_skip_dag to 2025-09-28 00:00:00+00:00, run_after=2025-09-29 00:00:00+00:00
[2025-09-29T15:52:58.568+0000] {processor.py:183} INFO - Processing /home/airflow/.local/lib/python3.12/site-packages/airflow/example_dags/example_skip_dag.py took 0.209 seconds
[2025-09-29T15:53:28.689+0000] {processor.py:161} INFO - Started process (PID=10591) to work on /home/airflow/.local/lib/python3.12/site-packages/airflow/example_dags/example_skip_dag.py
[2025-09-29T15:53:28.692+0000] {processor.py:830} INFO - Processing file /home/airflow/.local/lib/python3.12/site-packages/airflow/example_dags/example_skip_dag.py for tasks to queue
[2025-09-29T15:53:28.697+0000] {logging_mixin.py:188} INFO - [2025-09-29T15:53:28.696+0000] {dagbag.py:545} INFO - Filling up the DagBag from /home/airflow/.local/lib/python3.12/site-packages/airflow/example_dags/example_skip_dag.py
[2025-09-29T15:53:28.713+0000] {processor.py:840} INFO - DAG(s) 'example_skip_dag' retrieved from /home/airflow/.local/lib/python3.12/site-packages/airflow/example_dags/example_skip_dag.py
[2025-09-29T15:53:28.784+0000] {logging_mixin.py:188} INFO - [2025-09-29T15:53:28.784+0000] {dag.py:3089} INFO - Sync 1 DAGs
[2025-09-29T15:53:28.845+0000] {logging_mixin.py:188} INFO - [2025-09-29T15:53:28.844+0000] {dag.py:3947} INFO - Setting next_dagrun for example_skip_dag to 2025-09-28 00:00:00+00:00, run_after=2025-09-29 00:00:00+00:00
[2025-09-29T15:53:28.893+0000] {processor.py:183} INFO - Processing /home/airflow/.local/lib/python3.12/site-packages/airflow/example_dags/example_skip_dag.py took 0.219 seconds
[2025-09-29T15:54:00.410+0000] {processor.py:161} INFO - Started process (PID=10845) to work on /home/airflow/.local/lib/python3.12/site-packages/airflow/example_dags/example_skip_dag.py
[2025-09-29T15:54:00.413+0000] {processor.py:830} INFO - Processing file /home/airflow/.local/lib/python3.12/site-packages/airflow/example_dags/example_skip_dag.py for tasks to queue
[2025-09-29T15:54:00.418+0000] {logging_mixin.py:188} INFO - [2025-09-29T15:54:00.417+0000] {dagbag.py:545} INFO - Filling up the DagBag from /home/airflow/.local/lib/python3.12/site-packages/airflow/example_dags/example_skip_dag.py
[2025-09-29T15:54:00.436+0000] {processor.py:840} INFO - DAG(s) 'example_skip_dag' retrieved from /home/airflow/.local/lib/python3.12/site-packages/airflow/example_dags/example_skip_dag.py
[2025-09-29T15:54:00.499+0000] {logging_mixin.py:188} INFO - [2025-09-29T15:54:00.498+0000] {dag.py:3089} INFO - Sync 1 DAGs
[2025-09-29T15:54:00.878+0000] {logging_mixin.py:188} INFO - [2025-09-29T15:54:00.878+0000] {dag.py:3947} INFO - Setting next_dagrun for example_skip_dag to 2025-09-28 00:00:00+00:00, run_after=2025-09-29 00:00:00+00:00
[2025-09-29T15:54:00.928+0000] {processor.py:183} INFO - Processing /home/airflow/.local/lib/python3.12/site-packages/airflow/example_dags/example_skip_dag.py took 0.534 seconds
[2025-09-29T15:54:31.337+0000] {processor.py:161} INFO - Started process (PID=11105) to work on /home/airflow/.local/lib/python3.12/site-packages/airflow/example_dags/example_skip_dag.py
[2025-09-29T15:54:31.341+0000] {processor.py:830} INFO - Processing file /home/airflow/.local/lib/python3.12/site-packages/airflow/example_dags/example_skip_dag.py for tasks to queue
[2025-09-29T15:54:31.345+0000] {logging_mixin.py:188} INFO - [2025-09-29T15:54:31.344+0000] {dagbag.py:545} INFO - Filling up the DagBag from /home/airflow/.local/lib/python3.12/site-packages/airflow/example_dags/example_skip_dag.py
[2025-09-29T15:54:31.359+0000] {processor.py:840} INFO - DAG(s) 'example_skip_dag' retrieved from /home/airflow/.local/lib/python3.12/site-packages/airflow/example_dags/example_skip_dag.py
[2025-09-29T15:54:31.418+0000] {logging_mixin.py:188} INFO - [2025-09-29T15:54:31.417+0000] {dag.py:3089} INFO - Sync 1 DAGs
[2025-09-29T15:54:31.468+0000] {logging_mixin.py:188} INFO - [2025-09-29T15:54:31.467+0000] {dag.py:3947} INFO - Setting next_dagrun for example_skip_dag to 2025-09-28 00:00:00+00:00, run_after=2025-09-29 00:00:00+00:00
[2025-09-29T15:54:31.509+0000] {processor.py:183} INFO - Processing /home/airflow/.local/lib/python3.12/site-packages/airflow/example_dags/example_skip_dag.py took 0.187 seconds
[2025-09-29T15:55:01.654+0000] {processor.py:161} INFO - Started process (PID=11367) to work on /home/airflow/.local/lib/python3.12/site-packages/airflow/example_dags/example_skip_dag.py
[2025-09-29T15:55:01.656+0000] {processor.py:830} INFO - Processing file /home/airflow/.local/lib/python3.12/site-packages/airflow/example_dags/example_skip_dag.py for tasks to queue
[2025-09-29T15:55:01.661+0000] {logging_mixin.py:188} INFO - [2025-09-29T15:55:01.661+0000] {dagbag.py:545} INFO - Filling up the DagBag from /home/airflow/.local/lib/python3.12/site-packages/airflow/example_dags/example_skip_dag.py
[2025-09-29T15:55:01.676+0000] {processor.py:840} INFO - DAG(s) 'example_skip_dag' retrieved from /home/airflow/.local/lib/python3.12/site-packages/airflow/example_dags/example_skip_dag.py
[2025-09-29T15:55:01.736+0000] {logging_mixin.py:188} INFO - [2025-09-29T15:55:01.735+0000] {dag.py:3089} INFO - Sync 1 DAGs
[2025-09-29T15:55:01.789+0000] {logging_mixin.py:188} INFO - [2025-09-29T15:55:01.789+0000] {dag.py:3947} INFO - Setting next_dagrun for example_skip_dag to 2025-09-28 00:00:00+00:00, run_after=2025-09-29 00:00:00+00:00
[2025-09-29T15:55:01.839+0000] {processor.py:183} INFO - Processing /home/airflow/.local/lib/python3.12/site-packages/airflow/example_dags/example_skip_dag.py took 0.201 seconds
[2025-09-29T15:55:32.109+0000] {processor.py:161} INFO - Started process (PID=11629) to work on /home/airflow/.local/lib/python3.12/site-packages/airflow/example_dags/example_skip_dag.py
[2025-09-29T15:55:32.113+0000] {processor.py:830} INFO - Processing file /home/airflow/.local/lib/python3.12/site-packages/airflow/example_dags/example_skip_dag.py for tasks to queue
[2025-09-29T15:55:32.120+0000] {logging_mixin.py:188} INFO - [2025-09-29T15:55:32.118+0000] {dagbag.py:545} INFO - Filling up the DagBag from /home/airflow/.local/lib/python3.12/site-packages/airflow/example_dags/example_skip_dag.py
[2025-09-29T15:55:32.136+0000] {processor.py:840} INFO - DAG(s) 'example_skip_dag' retrieved from /home/airflow/.local/lib/python3.12/site-packages/airflow/example_dags/example_skip_dag.py
[2025-09-29T15:55:32.197+0000] {logging_mixin.py:188} INFO - [2025-09-29T15:55:32.196+0000] {dag.py:3089} INFO - Sync 1 DAGs
[2025-09-29T15:55:32.246+0000] {logging_mixin.py:188} INFO - [2025-09-29T15:55:32.246+0000] {dag.py:3947} INFO - Setting next_dagrun for example_skip_dag to 2025-09-28 00:00:00+00:00, run_after=2025-09-29 00:00:00+00:00
[2025-09-29T15:55:32.294+0000] {processor.py:183} INFO - Processing /home/airflow/.local/lib/python3.12/site-packages/airflow/example_dags/example_skip_dag.py took 0.200 seconds
[2025-09-29T15:56:02.466+0000] {processor.py:161} INFO - Started process (PID=11891) to work on /home/airflow/.local/lib/python3.12/site-packages/airflow/example_dags/example_skip_dag.py
[2025-09-29T15:56:02.469+0000] {processor.py:830} INFO - Processing file /home/airflow/.local/lib/python3.12/site-packages/airflow/example_dags/example_skip_dag.py for tasks to queue
[2025-09-29T15:56:02.473+0000] {logging_mixin.py:188} INFO - [2025-09-29T15:56:02.472+0000] {dagbag.py:545} INFO - Filling up the DagBag from /home/airflow/.local/lib/python3.12/site-packages/airflow/example_dags/example_skip_dag.py
[2025-09-29T15:56:02.487+0000] {processor.py:840} INFO - DAG(s) 'example_skip_dag' retrieved from /home/airflow/.local/lib/python3.12/site-packages/airflow/example_dags/example_skip_dag.py
[2025-09-29T15:56:02.543+0000] {logging_mixin.py:188} INFO - [2025-09-29T15:56:02.543+0000] {dag.py:3089} INFO - Sync 1 DAGs
[2025-09-29T15:56:02.592+0000] {logging_mixin.py:188} INFO - [2025-09-29T15:56:02.591+0000] {dag.py:3947} INFO - Setting next_dagrun for example_skip_dag to 2025-09-28 00:00:00+00:00, run_after=2025-09-29 00:00:00+00:00
[2025-09-29T15:56:02.638+0000] {processor.py:183} INFO - Processing /home/airflow/.local/lib/python3.12/site-packages/airflow/example_dags/example_skip_dag.py took 0.188 seconds
[2025-09-29T15:56:33.228+0000] {processor.py:161} INFO - Started process (PID=12155) to work on /home/airflow/.local/lib/python3.12/site-packages/airflow/example_dags/example_skip_dag.py
[2025-09-29T15:56:33.232+0000] {processor.py:830} INFO - Processing file /home/airflow/.local/lib/python3.12/site-packages/airflow/example_dags/example_skip_dag.py for tasks to queue
[2025-09-29T15:56:33.236+0000] {logging_mixin.py:188} INFO - [2025-09-29T15:56:33.235+0000] {dagbag.py:545} INFO - Filling up the DagBag from /home/airflow/.local/lib/python3.12/site-packages/airflow/example_dags/example_skip_dag.py
[2025-09-29T15:56:33.251+0000] {processor.py:840} INFO - DAG(s) 'example_skip_dag' retrieved from /home/airflow/.local/lib/python3.12/site-packages/airflow/example_dags/example_skip_dag.py
[2025-09-29T15:56:33.308+0000] {logging_mixin.py:188} INFO - [2025-09-29T15:56:33.308+0000] {dag.py:3089} INFO - Sync 1 DAGs
[2025-09-29T15:56:33.361+0000] {logging_mixin.py:188} INFO - [2025-09-29T15:56:33.361+0000] {dag.py:3947} INFO - Setting next_dagrun for example_skip_dag to 2025-09-28 00:00:00+00:00, run_after=2025-09-29 00:00:00+00:00
[2025-09-29T15:56:33.412+0000] {processor.py:183} INFO - Processing /home/airflow/.local/lib/python3.12/site-packages/airflow/example_dags/example_skip_dag.py took 0.199 seconds
[2025-09-29T15:57:03.555+0000] {processor.py:161} INFO - Started process (PID=12417) to work on /home/airflow/.local/lib/python3.12/site-packages/airflow/example_dags/example_skip_dag.py
[2025-09-29T15:57:03.556+0000] {processor.py:830} INFO - Processing file /home/airflow/.local/lib/python3.12/site-packages/airflow/example_dags/example_skip_dag.py for tasks to queue
[2025-09-29T15:57:03.560+0000] {logging_mixin.py:188} INFO - [2025-09-29T15:57:03.560+0000] {dagbag.py:545} INFO - Filling up the DagBag from /home/airflow/.local/lib/python3.12/site-packages/airflow/example_dags/example_skip_dag.py
[2025-09-29T15:57:03.575+0000] {processor.py:840} INFO - DAG(s) 'example_skip_dag' retrieved from /home/airflow/.local/lib/python3.12/site-packages/airflow/example_dags/example_skip_dag.py
[2025-09-29T15:57:03.631+0000] {logging_mixin.py:188} INFO - [2025-09-29T15:57:03.630+0000] {dag.py:3089} INFO - Sync 1 DAGs
[2025-09-29T15:57:03.676+0000] {logging_mixin.py:188} INFO - [2025-09-29T15:57:03.676+0000] {dag.py:3947} INFO - Setting next_dagrun for example_skip_dag to 2025-09-28 00:00:00+00:00, run_after=2025-09-29 00:00:00+00:00
[2025-09-29T15:57:03.719+0000] {processor.py:183} INFO - Processing /home/airflow/.local/lib/python3.12/site-packages/airflow/example_dags/example_skip_dag.py took 0.180 seconds
[2025-09-29T15:57:33.882+0000] {processor.py:161} INFO - Started process (PID=12677) to work on /home/airflow/.local/lib/python3.12/site-packages/airflow/example_dags/example_skip_dag.py
[2025-09-29T15:57:33.885+0000] {processor.py:830} INFO - Processing file /home/airflow/.local/lib/python3.12/site-packages/airflow/example_dags/example_skip_dag.py for tasks to queue
[2025-09-29T15:57:33.889+0000] {logging_mixin.py:188} INFO - [2025-09-29T15:57:33.888+0000] {dagbag.py:545} INFO - Filling up the DagBag from /home/airflow/.local/lib/python3.12/site-packages/airflow/example_dags/example_skip_dag.py
[2025-09-29T15:57:33.904+0000] {processor.py:840} INFO - DAG(s) 'example_skip_dag' retrieved from /home/airflow/.local/lib/python3.12/site-packages/airflow/example_dags/example_skip_dag.py
[2025-09-29T15:57:33.962+0000] {logging_mixin.py:188} INFO - [2025-09-29T15:57:33.962+0000] {dag.py:3089} INFO - Sync 1 DAGs
[2025-09-29T15:57:34.012+0000] {logging_mixin.py:188} INFO - [2025-09-29T15:57:34.011+0000] {dag.py:3947} INFO - Setting next_dagrun for example_skip_dag to 2025-09-28 00:00:00+00:00, run_after=2025-09-29 00:00:00+00:00
[2025-09-29T15:57:34.055+0000] {processor.py:183} INFO - Processing /home/airflow/.local/lib/python3.12/site-packages/airflow/example_dags/example_skip_dag.py took 0.189 seconds
[2025-09-29T15:58:04.591+0000] {processor.py:161} INFO - Started process (PID=12939) to work on /home/airflow/.local/lib/python3.12/site-packages/airflow/example_dags/example_skip_dag.py
[2025-09-29T15:58:04.593+0000] {processor.py:830} INFO - Processing file /home/airflow/.local/lib/python3.12/site-packages/airflow/example_dags/example_skip_dag.py for tasks to queue
[2025-09-29T15:58:04.597+0000] {logging_mixin.py:188} INFO - [2025-09-29T15:58:04.597+0000] {dagbag.py:545} INFO - Filling up the DagBag from /home/airflow/.local/lib/python3.12/site-packages/airflow/example_dags/example_skip_dag.py
[2025-09-29T15:58:04.611+0000] {processor.py:840} INFO - DAG(s) 'example_skip_dag' retrieved from /home/airflow/.local/lib/python3.12/site-packages/airflow/example_dags/example_skip_dag.py
[2025-09-29T15:58:04.667+0000] {logging_mixin.py:188} INFO - [2025-09-29T15:58:04.666+0000] {dag.py:3089} INFO - Sync 1 DAGs
[2025-09-29T15:58:04.715+0000] {logging_mixin.py:188} INFO - [2025-09-29T15:58:04.714+0000] {dag.py:3947} INFO - Setting next_dagrun for example_skip_dag to 2025-09-28 00:00:00+00:00, run_after=2025-09-29 00:00:00+00:00
[2025-09-29T15:58:04.760+0000] {processor.py:183} INFO - Processing /home/airflow/.local/lib/python3.12/site-packages/airflow/example_dags/example_skip_dag.py took 0.184 seconds
[2025-09-29T15:58:35.688+0000] {processor.py:161} INFO - Started process (PID=13201) to work on /home/airflow/.local/lib/python3.12/site-packages/airflow/example_dags/example_skip_dag.py
[2025-09-29T15:58:35.691+0000] {processor.py:830} INFO - Processing file /home/airflow/.local/lib/python3.12/site-packages/airflow/example_dags/example_skip_dag.py for tasks to queue
[2025-09-29T15:58:35.695+0000] {logging_mixin.py:188} INFO - [2025-09-29T15:58:35.694+0000] {dagbag.py:545} INFO - Filling up the DagBag from /home/airflow/.local/lib/python3.12/site-packages/airflow/example_dags/example_skip_dag.py
[2025-09-29T15:58:35.710+0000] {processor.py:840} INFO - DAG(s) 'example_skip_dag' retrieved from /home/airflow/.local/lib/python3.12/site-packages/airflow/example_dags/example_skip_dag.py
[2025-09-29T15:58:35.763+0000] {logging_mixin.py:188} INFO - [2025-09-29T15:58:35.763+0000] {dag.py:3089} INFO - Sync 1 DAGs
[2025-09-29T15:58:35.810+0000] {logging_mixin.py:188} INFO - [2025-09-29T15:58:35.810+0000] {dag.py:3947} INFO - Setting next_dagrun for example_skip_dag to 2025-09-28 00:00:00+00:00, run_after=2025-09-29 00:00:00+00:00
[2025-09-29T15:58:35.855+0000] {processor.py:183} INFO - Processing /home/airflow/.local/lib/python3.12/site-packages/airflow/example_dags/example_skip_dag.py took 0.181 seconds
[2025-09-29T15:59:06.413+0000] {processor.py:161} INFO - Started process (PID=13463) to work on /home/airflow/.local/lib/python3.12/site-packages/airflow/example_dags/example_skip_dag.py
[2025-09-29T15:59:06.415+0000] {processor.py:830} INFO - Processing file /home/airflow/.local/lib/python3.12/site-packages/airflow/example_dags/example_skip_dag.py for tasks to queue
[2025-09-29T15:59:06.419+0000] {logging_mixin.py:188} INFO - [2025-09-29T15:59:06.418+0000] {dagbag.py:545} INFO - Filling up the DagBag from /home/airflow/.local/lib/python3.12/site-packages/airflow/example_dags/example_skip_dag.py
[2025-09-29T15:59:06.433+0000] {processor.py:840} INFO - DAG(s) 'example_skip_dag' retrieved from /home/airflow/.local/lib/python3.12/site-packages/airflow/example_dags/example_skip_dag.py
[2025-09-29T15:59:06.490+0000] {logging_mixin.py:188} INFO - [2025-09-29T15:59:06.489+0000] {dag.py:3089} INFO - Sync 1 DAGs
[2025-09-29T15:59:06.543+0000] {logging_mixin.py:188} INFO - [2025-09-29T15:59:06.543+0000] {dag.py:3947} INFO - Setting next_dagrun for example_skip_dag to 2025-09-28 00:00:00+00:00, run_after=2025-09-29 00:00:00+00:00
[2025-09-29T15:59:06.588+0000] {processor.py:183} INFO - Processing /home/airflow/.local/lib/python3.12/site-packages/airflow/example_dags/example_skip_dag.py took 0.191 seconds
[2025-09-29T15:59:36.900+0000] {processor.py:161} INFO - Started process (PID=13719) to work on /home/airflow/.local/lib/python3.12/site-packages/airflow/example_dags/example_skip_dag.py
[2025-09-29T15:59:36.903+0000] {processor.py:830} INFO - Processing file /home/airflow/.local/lib/python3.12/site-packages/airflow/example_dags/example_skip_dag.py for tasks to queue
[2025-09-29T15:59:36.907+0000] {logging_mixin.py:188} INFO - [2025-09-29T15:59:36.906+0000] {dagbag.py:545} INFO - Filling up the DagBag from /home/airflow/.local/lib/python3.12/site-packages/airflow/example_dags/example_skip_dag.py
[2025-09-29T15:59:36.921+0000] {processor.py:840} INFO - DAG(s) 'example_skip_dag' retrieved from /home/airflow/.local/lib/python3.12/site-packages/airflow/example_dags/example_skip_dag.py
[2025-09-29T15:59:36.980+0000] {logging_mixin.py:188} INFO - [2025-09-29T15:59:36.979+0000] {dag.py:3089} INFO - Sync 1 DAGs
[2025-09-29T15:59:37.032+0000] {logging_mixin.py:188} INFO - [2025-09-29T15:59:37.031+0000] {dag.py:3947} INFO - Setting next_dagrun for example_skip_dag to 2025-09-28 00:00:00+00:00, run_after=2025-09-29 00:00:00+00:00
[2025-09-29T15:59:37.080+0000] {processor.py:183} INFO - Processing /home/airflow/.local/lib/python3.12/site-packages/airflow/example_dags/example_skip_dag.py took 0.195 seconds
[2025-09-29T16:00:08.059+0000] {processor.py:161} INFO - Started process (PID=13989) to work on /home/airflow/.local/lib/python3.12/site-packages/airflow/example_dags/example_skip_dag.py
[2025-09-29T16:00:08.061+0000] {processor.py:830} INFO - Processing file /home/airflow/.local/lib/python3.12/site-packages/airflow/example_dags/example_skip_dag.py for tasks to queue
[2025-09-29T16:00:08.066+0000] {logging_mixin.py:188} INFO - [2025-09-29T16:00:08.065+0000] {dagbag.py:545} INFO - Filling up the DagBag from /home/airflow/.local/lib/python3.12/site-packages/airflow/example_dags/example_skip_dag.py
[2025-09-29T16:00:08.082+0000] {processor.py:840} INFO - DAG(s) 'example_skip_dag' retrieved from /home/airflow/.local/lib/python3.12/site-packages/airflow/example_dags/example_skip_dag.py
[2025-09-29T16:00:08.142+0000] {logging_mixin.py:188} INFO - [2025-09-29T16:00:08.141+0000] {dag.py:3089} INFO - Sync 1 DAGs
[2025-09-29T16:00:08.196+0000] {logging_mixin.py:188} INFO - [2025-09-29T16:00:08.195+0000] {dag.py:3947} INFO - Setting next_dagrun for example_skip_dag to 2025-09-28 00:00:00+00:00, run_after=2025-09-29 00:00:00+00:00
[2025-09-29T16:00:08.261+0000] {processor.py:183} INFO - Processing /home/airflow/.local/lib/python3.12/site-packages/airflow/example_dags/example_skip_dag.py took 0.230 seconds
[2025-09-29T16:00:38.910+0000] {processor.py:161} INFO - Started process (PID=14243) to work on /home/airflow/.local/lib/python3.12/site-packages/airflow/example_dags/example_skip_dag.py
[2025-09-29T16:00:38.913+0000] {processor.py:830} INFO - Processing file /home/airflow/.local/lib/python3.12/site-packages/airflow/example_dags/example_skip_dag.py for tasks to queue
[2025-09-29T16:00:38.917+0000] {logging_mixin.py:188} INFO - [2025-09-29T16:00:38.916+0000] {dagbag.py:545} INFO - Filling up the DagBag from /home/airflow/.local/lib/python3.12/site-packages/airflow/example_dags/example_skip_dag.py
[2025-09-29T16:00:38.932+0000] {processor.py:840} INFO - DAG(s) 'example_skip_dag' retrieved from /home/airflow/.local/lib/python3.12/site-packages/airflow/example_dags/example_skip_dag.py
[2025-09-29T16:00:38.994+0000] {logging_mixin.py:188} INFO - [2025-09-29T16:00:38.993+0000] {dag.py:3089} INFO - Sync 1 DAGs
[2025-09-29T16:00:39.049+0000] {logging_mixin.py:188} INFO - [2025-09-29T16:00:39.048+0000] {dag.py:3947} INFO - Setting next_dagrun for example_skip_dag to 2025-09-28 00:00:00+00:00, run_after=2025-09-29 00:00:00+00:00
[2025-09-29T16:00:39.097+0000] {processor.py:183} INFO - Processing /home/airflow/.local/lib/python3.12/site-packages/airflow/example_dags/example_skip_dag.py took 0.202 seconds
[2025-09-29T16:01:09.720+0000] {processor.py:161} INFO - Started process (PID=14505) to work on /home/airflow/.local/lib/python3.12/site-packages/airflow/example_dags/example_skip_dag.py
[2025-09-29T16:01:09.723+0000] {processor.py:830} INFO - Processing file /home/airflow/.local/lib/python3.12/site-packages/airflow/example_dags/example_skip_dag.py for tasks to queue
[2025-09-29T16:01:09.727+0000] {logging_mixin.py:188} INFO - [2025-09-29T16:01:09.726+0000] {dagbag.py:545} INFO - Filling up the DagBag from /home/airflow/.local/lib/python3.12/site-packages/airflow/example_dags/example_skip_dag.py
[2025-09-29T16:01:09.743+0000] {processor.py:840} INFO - DAG(s) 'example_skip_dag' retrieved from /home/airflow/.local/lib/python3.12/site-packages/airflow/example_dags/example_skip_dag.py
[2025-09-29T16:01:09.800+0000] {logging_mixin.py:188} INFO - [2025-09-29T16:01:09.799+0000] {dag.py:3089} INFO - Sync 1 DAGs
[2025-09-29T16:01:09.850+0000] {logging_mixin.py:188} INFO - [2025-09-29T16:01:09.850+0000] {dag.py:3947} INFO - Setting next_dagrun for example_skip_dag to 2025-09-28 00:00:00+00:00, run_after=2025-09-29 00:00:00+00:00
[2025-09-29T16:01:09.897+0000] {processor.py:183} INFO - Processing /home/airflow/.local/lib/python3.12/site-packages/airflow/example_dags/example_skip_dag.py took 0.197 seconds
[2025-09-29T16:01:40.478+0000] {processor.py:161} INFO - Started process (PID=14767) to work on /home/airflow/.local/lib/python3.12/site-packages/airflow/example_dags/example_skip_dag.py
[2025-09-29T16:01:40.481+0000] {processor.py:830} INFO - Processing file /home/airflow/.local/lib/python3.12/site-packages/airflow/example_dags/example_skip_dag.py for tasks to queue
[2025-09-29T16:01:40.485+0000] {logging_mixin.py:188} INFO - [2025-09-29T16:01:40.484+0000] {dagbag.py:545} INFO - Filling up the DagBag from /home/airflow/.local/lib/python3.12/site-packages/airflow/example_dags/example_skip_dag.py
[2025-09-29T16:01:40.500+0000] {processor.py:840} INFO - DAG(s) 'example_skip_dag' retrieved from /home/airflow/.local/lib/python3.12/site-packages/airflow/example_dags/example_skip_dag.py
[2025-09-29T16:01:40.555+0000] {logging_mixin.py:188} INFO - [2025-09-29T16:01:40.555+0000] {dag.py:3089} INFO - Sync 1 DAGs
[2025-09-29T16:01:40.603+0000] {logging_mixin.py:188} INFO - [2025-09-29T16:01:40.602+0000] {dag.py:3947} INFO - Setting next_dagrun for example_skip_dag to 2025-09-28 00:00:00+00:00, run_after=2025-09-29 00:00:00+00:00
[2025-09-29T16:01:40.649+0000] {processor.py:183} INFO - Processing /home/airflow/.local/lib/python3.12/site-packages/airflow/example_dags/example_skip_dag.py took 0.186 seconds
[2025-09-29T16:02:11.185+0000] {processor.py:161} INFO - Started process (PID=15029) to work on /home/airflow/.local/lib/python3.12/site-packages/airflow/example_dags/example_skip_dag.py
[2025-09-29T16:02:11.188+0000] {processor.py:830} INFO - Processing file /home/airflow/.local/lib/python3.12/site-packages/airflow/example_dags/example_skip_dag.py for tasks to queue
[2025-09-29T16:02:11.193+0000] {logging_mixin.py:188} INFO - [2025-09-29T16:02:11.192+0000] {dagbag.py:545} INFO - Filling up the DagBag from /home/airflow/.local/lib/python3.12/site-packages/airflow/example_dags/example_skip_dag.py
[2025-09-29T16:02:11.210+0000] {processor.py:840} INFO - DAG(s) 'example_skip_dag' retrieved from /home/airflow/.local/lib/python3.12/site-packages/airflow/example_dags/example_skip_dag.py
[2025-09-29T16:02:11.275+0000] {logging_mixin.py:188} INFO - [2025-09-29T16:02:11.274+0000] {dag.py:3089} INFO - Sync 1 DAGs
[2025-09-29T16:02:11.324+0000] {logging_mixin.py:188} INFO - [2025-09-29T16:02:11.323+0000] {dag.py:3947} INFO - Setting next_dagrun for example_skip_dag to 2025-09-28 00:00:00+00:00, run_after=2025-09-29 00:00:00+00:00
[2025-09-29T16:02:11.388+0000] {processor.py:183} INFO - Processing /home/airflow/.local/lib/python3.12/site-packages/airflow/example_dags/example_skip_dag.py took 0.223 seconds
[2025-09-29T16:02:42.097+0000] {processor.py:161} INFO - Started process (PID=15291) to work on /home/airflow/.local/lib/python3.12/site-packages/airflow/example_dags/example_skip_dag.py
[2025-09-29T16:02:42.099+0000] {processor.py:830} INFO - Processing file /home/airflow/.local/lib/python3.12/site-packages/airflow/example_dags/example_skip_dag.py for tasks to queue
[2025-09-29T16:02:42.104+0000] {logging_mixin.py:188} INFO - [2025-09-29T16:02:42.103+0000] {dagbag.py:545} INFO - Filling up the DagBag from /home/airflow/.local/lib/python3.12/site-packages/airflow/example_dags/example_skip_dag.py
[2025-09-29T16:02:42.118+0000] {processor.py:840} INFO - DAG(s) 'example_skip_dag' retrieved from /home/airflow/.local/lib/python3.12/site-packages/airflow/example_dags/example_skip_dag.py
[2025-09-29T16:02:42.176+0000] {logging_mixin.py:188} INFO - [2025-09-29T16:02:42.175+0000] {dag.py:3089} INFO - Sync 1 DAGs
[2025-09-29T16:02:42.225+0000] {logging_mixin.py:188} INFO - [2025-09-29T16:02:42.224+0000] {dag.py:3947} INFO - Setting next_dagrun for example_skip_dag to 2025-09-28 00:00:00+00:00, run_after=2025-09-29 00:00:00+00:00
[2025-09-29T16:02:42.272+0000] {processor.py:183} INFO - Processing /home/airflow/.local/lib/python3.12/site-packages/airflow/example_dags/example_skip_dag.py took 0.191 seconds
[2025-09-29T16:03:12.355+0000] {processor.py:161} INFO - Started process (PID=15553) to work on /home/airflow/.local/lib/python3.12/site-packages/airflow/example_dags/example_skip_dag.py
[2025-09-29T16:03:12.357+0000] {processor.py:830} INFO - Processing file /home/airflow/.local/lib/python3.12/site-packages/airflow/example_dags/example_skip_dag.py for tasks to queue
[2025-09-29T16:03:12.361+0000] {logging_mixin.py:188} INFO - [2025-09-29T16:03:12.360+0000] {dagbag.py:545} INFO - Filling up the DagBag from /home/airflow/.local/lib/python3.12/site-packages/airflow/example_dags/example_skip_dag.py
[2025-09-29T16:03:12.376+0000] {processor.py:840} INFO - DAG(s) 'example_skip_dag' retrieved from /home/airflow/.local/lib/python3.12/site-packages/airflow/example_dags/example_skip_dag.py
[2025-09-29T16:03:12.434+0000] {logging_mixin.py:188} INFO - [2025-09-29T16:03:12.434+0000] {dag.py:3089} INFO - Sync 1 DAGs
[2025-09-29T16:03:12.488+0000] {logging_mixin.py:188} INFO - [2025-09-29T16:03:12.487+0000] {dag.py:3947} INFO - Setting next_dagrun for example_skip_dag to 2025-09-28 00:00:00+00:00, run_after=2025-09-29 00:00:00+00:00
[2025-09-29T16:03:12.542+0000] {processor.py:183} INFO - Processing /home/airflow/.local/lib/python3.12/site-packages/airflow/example_dags/example_skip_dag.py took 0.202 seconds
[2025-09-29T16:03:43.127+0000] {processor.py:161} INFO - Started process (PID=15815) to work on /home/airflow/.local/lib/python3.12/site-packages/airflow/example_dags/example_skip_dag.py
[2025-09-29T16:03:43.130+0000] {processor.py:830} INFO - Processing file /home/airflow/.local/lib/python3.12/site-packages/airflow/example_dags/example_skip_dag.py for tasks to queue
[2025-09-29T16:03:43.134+0000] {logging_mixin.py:188} INFO - [2025-09-29T16:03:43.133+0000] {dagbag.py:545} INFO - Filling up the DagBag from /home/airflow/.local/lib/python3.12/site-packages/airflow/example_dags/example_skip_dag.py
[2025-09-29T16:03:43.150+0000] {processor.py:840} INFO - DAG(s) 'example_skip_dag' retrieved from /home/airflow/.local/lib/python3.12/site-packages/airflow/example_dags/example_skip_dag.py
[2025-09-29T16:03:43.205+0000] {logging_mixin.py:188} INFO - [2025-09-29T16:03:43.204+0000] {dag.py:3089} INFO - Sync 1 DAGs
[2025-09-29T16:03:43.254+0000] {logging_mixin.py:188} INFO - [2025-09-29T16:03:43.254+0000] {dag.py:3947} INFO - Setting next_dagrun for example_skip_dag to 2025-09-28 00:00:00+00:00, run_after=2025-09-29 00:00:00+00:00
[2025-09-29T16:03:43.301+0000] {processor.py:183} INFO - Processing /home/airflow/.local/lib/python3.12/site-packages/airflow/example_dags/example_skip_dag.py took 0.191 seconds
[2025-09-29T16:04:13.558+0000] {processor.py:161} INFO - Started process (PID=16077) to work on /home/airflow/.local/lib/python3.12/site-packages/airflow/example_dags/example_skip_dag.py
[2025-09-29T16:04:13.559+0000] {processor.py:830} INFO - Processing file /home/airflow/.local/lib/python3.12/site-packages/airflow/example_dags/example_skip_dag.py for tasks to queue
[2025-09-29T16:04:13.564+0000] {logging_mixin.py:188} INFO - [2025-09-29T16:04:13.563+0000] {dagbag.py:545} INFO - Filling up the DagBag from /home/airflow/.local/lib/python3.12/site-packages/airflow/example_dags/example_skip_dag.py
[2025-09-29T16:04:13.578+0000] {processor.py:840} INFO - DAG(s) 'example_skip_dag' retrieved from /home/airflow/.local/lib/python3.12/site-packages/airflow/example_dags/example_skip_dag.py
[2025-09-29T16:04:13.633+0000] {logging_mixin.py:188} INFO - [2025-09-29T16:04:13.633+0000] {dag.py:3089} INFO - Sync 1 DAGs
[2025-09-29T16:04:13.683+0000] {logging_mixin.py:188} INFO - [2025-09-29T16:04:13.682+0000] {dag.py:3947} INFO - Setting next_dagrun for example_skip_dag to 2025-09-28 00:00:00+00:00, run_after=2025-09-29 00:00:00+00:00
[2025-09-29T16:04:13.727+0000] {processor.py:183} INFO - Processing /home/airflow/.local/lib/python3.12/site-packages/airflow/example_dags/example_skip_dag.py took 0.184 seconds
[2025-09-29T16:04:44.264+0000] {processor.py:161} INFO - Started process (PID=16340) to work on /home/airflow/.local/lib/python3.12/site-packages/airflow/example_dags/example_skip_dag.py
[2025-09-29T16:04:44.267+0000] {processor.py:830} INFO - Processing file /home/airflow/.local/lib/python3.12/site-packages/airflow/example_dags/example_skip_dag.py for tasks to queue
[2025-09-29T16:04:44.271+0000] {logging_mixin.py:188} INFO - [2025-09-29T16:04:44.270+0000] {dagbag.py:545} INFO - Filling up the DagBag from /home/airflow/.local/lib/python3.12/site-packages/airflow/example_dags/example_skip_dag.py
[2025-09-29T16:04:44.287+0000] {processor.py:840} INFO - DAG(s) 'example_skip_dag' retrieved from /home/airflow/.local/lib/python3.12/site-packages/airflow/example_dags/example_skip_dag.py
[2025-09-29T16:04:44.342+0000] {logging_mixin.py:188} INFO - [2025-09-29T16:04:44.342+0000] {dag.py:3089} INFO - Sync 1 DAGs
[2025-09-29T16:04:44.391+0000] {logging_mixin.py:188} INFO - [2025-09-29T16:04:44.391+0000] {dag.py:3947} INFO - Setting next_dagrun for example_skip_dag to 2025-09-28 00:00:00+00:00, run_after=2025-09-29 00:00:00+00:00
[2025-09-29T16:04:44.437+0000] {processor.py:183} INFO - Processing /home/airflow/.local/lib/python3.12/site-packages/airflow/example_dags/example_skip_dag.py took 0.188 seconds
[2025-09-29T16:05:14.871+0000] {processor.py:161} INFO - Started process (PID=16601) to work on /home/airflow/.local/lib/python3.12/site-packages/airflow/example_dags/example_skip_dag.py
[2025-09-29T16:05:14.873+0000] {processor.py:830} INFO - Processing file /home/airflow/.local/lib/python3.12/site-packages/airflow/example_dags/example_skip_dag.py for tasks to queue
[2025-09-29T16:05:14.877+0000] {logging_mixin.py:188} INFO - [2025-09-29T16:05:14.877+0000] {dagbag.py:545} INFO - Filling up the DagBag from /home/airflow/.local/lib/python3.12/site-packages/airflow/example_dags/example_skip_dag.py
[2025-09-29T16:05:14.892+0000] {processor.py:840} INFO - DAG(s) 'example_skip_dag' retrieved from /home/airflow/.local/lib/python3.12/site-packages/airflow/example_dags/example_skip_dag.py
[2025-09-29T16:05:14.950+0000] {logging_mixin.py:188} INFO - [2025-09-29T16:05:14.949+0000] {dag.py:3089} INFO - Sync 1 DAGs
[2025-09-29T16:05:15.001+0000] {logging_mixin.py:188} INFO - [2025-09-29T16:05:15.000+0000] {dag.py:3947} INFO - Setting next_dagrun for example_skip_dag to 2025-09-28 00:00:00+00:00, run_after=2025-09-29 00:00:00+00:00
[2025-09-29T16:05:15.049+0000] {processor.py:183} INFO - Processing /home/airflow/.local/lib/python3.12/site-packages/airflow/example_dags/example_skip_dag.py took 0.192 seconds
[2025-09-29T16:05:45.333+0000] {processor.py:161} INFO - Started process (PID=16863) to work on /home/airflow/.local/lib/python3.12/site-packages/airflow/example_dags/example_skip_dag.py
[2025-09-29T16:05:45.336+0000] {processor.py:830} INFO - Processing file /home/airflow/.local/lib/python3.12/site-packages/airflow/example_dags/example_skip_dag.py for tasks to queue
[2025-09-29T16:05:45.341+0000] {logging_mixin.py:188} INFO - [2025-09-29T16:05:45.340+0000] {dagbag.py:545} INFO - Filling up the DagBag from /home/airflow/.local/lib/python3.12/site-packages/airflow/example_dags/example_skip_dag.py
[2025-09-29T16:05:45.357+0000] {processor.py:840} INFO - DAG(s) 'example_skip_dag' retrieved from /home/airflow/.local/lib/python3.12/site-packages/airflow/example_dags/example_skip_dag.py
[2025-09-29T16:05:45.418+0000] {logging_mixin.py:188} INFO - [2025-09-29T16:05:45.418+0000] {dag.py:3089} INFO - Sync 1 DAGs
[2025-09-29T16:05:45.477+0000] {logging_mixin.py:188} INFO - [2025-09-29T16:05:45.477+0000] {dag.py:3947} INFO - Setting next_dagrun for example_skip_dag to 2025-09-28 00:00:00+00:00, run_after=2025-09-29 00:00:00+00:00
[2025-09-29T16:05:45.522+0000] {processor.py:183} INFO - Processing /home/airflow/.local/lib/python3.12/site-packages/airflow/example_dags/example_skip_dag.py took 0.204 seconds
[2025-09-29T16:06:16.101+0000] {processor.py:161} INFO - Started process (PID=17125) to work on /home/airflow/.local/lib/python3.12/site-packages/airflow/example_dags/example_skip_dag.py
[2025-09-29T16:06:16.104+0000] {processor.py:830} INFO - Processing file /home/airflow/.local/lib/python3.12/site-packages/airflow/example_dags/example_skip_dag.py for tasks to queue
[2025-09-29T16:06:16.108+0000] {logging_mixin.py:188} INFO - [2025-09-29T16:06:16.107+0000] {dagbag.py:545} INFO - Filling up the DagBag from /home/airflow/.local/lib/python3.12/site-packages/airflow/example_dags/example_skip_dag.py
[2025-09-29T16:06:16.122+0000] {processor.py:840} INFO - DAG(s) 'example_skip_dag' retrieved from /home/airflow/.local/lib/python3.12/site-packages/airflow/example_dags/example_skip_dag.py
[2025-09-29T16:06:15.500+0000] {logging_mixin.py:188} INFO - [2025-09-29T16:06:15.500+0000] {dag.py:3089} INFO - Sync 1 DAGs
[2025-09-29T16:06:15.553+0000] {logging_mixin.py:188} INFO - [2025-09-29T16:06:15.552+0000] {dag.py:3947} INFO - Setting next_dagrun for example_skip_dag to 2025-09-28 00:00:00+00:00, run_after=2025-09-29 00:00:00+00:00
[2025-09-29T16:06:14.694+0000] {processor.py:183} INFO - Processing /home/airflow/.local/lib/python3.12/site-packages/airflow/example_dags/example_skip_dag.py took 0.191 seconds
[2025-09-29T16:06:44.806+0000] {processor.py:161} INFO - Started process (PID=17367) to work on /home/airflow/.local/lib/python3.12/site-packages/airflow/example_dags/example_skip_dag.py
[2025-09-29T16:06:44.808+0000] {processor.py:830} INFO - Processing file /home/airflow/.local/lib/python3.12/site-packages/airflow/example_dags/example_skip_dag.py for tasks to queue
[2025-09-29T16:06:44.812+0000] {logging_mixin.py:188} INFO - [2025-09-29T16:06:44.811+0000] {dagbag.py:545} INFO - Filling up the DagBag from /home/airflow/.local/lib/python3.12/site-packages/airflow/example_dags/example_skip_dag.py
[2025-09-29T16:06:44.827+0000] {processor.py:840} INFO - DAG(s) 'example_skip_dag' retrieved from /home/airflow/.local/lib/python3.12/site-packages/airflow/example_dags/example_skip_dag.py
[2025-09-29T16:06:44.887+0000] {logging_mixin.py:188} INFO - [2025-09-29T16:06:44.887+0000] {dag.py:3089} INFO - Sync 1 DAGs
[2025-09-29T16:06:44.937+0000] {logging_mixin.py:188} INFO - [2025-09-29T16:06:44.936+0000] {dag.py:3947} INFO - Setting next_dagrun for example_skip_dag to 2025-09-28 00:00:00+00:00, run_after=2025-09-29 00:00:00+00:00
[2025-09-29T16:06:44.983+0000] {processor.py:183} INFO - Processing /home/airflow/.local/lib/python3.12/site-packages/airflow/example_dags/example_skip_dag.py took 0.193 seconds
[2025-09-29T16:07:15.247+0000] {processor.py:161} INFO - Started process (PID=17629) to work on /home/airflow/.local/lib/python3.12/site-packages/airflow/example_dags/example_skip_dag.py
[2025-09-29T16:07:15.250+0000] {processor.py:830} INFO - Processing file /home/airflow/.local/lib/python3.12/site-packages/airflow/example_dags/example_skip_dag.py for tasks to queue
[2025-09-29T16:07:15.255+0000] {logging_mixin.py:188} INFO - [2025-09-29T16:07:15.254+0000] {dagbag.py:545} INFO - Filling up the DagBag from /home/airflow/.local/lib/python3.12/site-packages/airflow/example_dags/example_skip_dag.py
[2025-09-29T16:07:15.271+0000] {processor.py:840} INFO - DAG(s) 'example_skip_dag' retrieved from /home/airflow/.local/lib/python3.12/site-packages/airflow/example_dags/example_skip_dag.py
[2025-09-29T16:07:15.333+0000] {logging_mixin.py:188} INFO - [2025-09-29T16:07:15.333+0000] {dag.py:3089} INFO - Sync 1 DAGs
[2025-09-29T16:07:15.386+0000] {logging_mixin.py:188} INFO - [2025-09-29T16:07:15.386+0000] {dag.py:3947} INFO - Setting next_dagrun for example_skip_dag to 2025-09-28 00:00:00+00:00, run_after=2025-09-29 00:00:00+00:00
[2025-09-29T16:07:15.445+0000] {processor.py:183} INFO - Processing /home/airflow/.local/lib/python3.12/site-packages/airflow/example_dags/example_skip_dag.py took 0.214 seconds
[2025-09-29T16:07:45.720+0000] {processor.py:161} INFO - Started process (PID=17893) to work on /home/airflow/.local/lib/python3.12/site-packages/airflow/example_dags/example_skip_dag.py
[2025-09-29T16:07:45.723+0000] {processor.py:830} INFO - Processing file /home/airflow/.local/lib/python3.12/site-packages/airflow/example_dags/example_skip_dag.py for tasks to queue
[2025-09-29T16:07:45.727+0000] {logging_mixin.py:188} INFO - [2025-09-29T16:07:45.727+0000] {dagbag.py:545} INFO - Filling up the DagBag from /home/airflow/.local/lib/python3.12/site-packages/airflow/example_dags/example_skip_dag.py
[2025-09-29T16:07:45.742+0000] {processor.py:840} INFO - DAG(s) 'example_skip_dag' retrieved from /home/airflow/.local/lib/python3.12/site-packages/airflow/example_dags/example_skip_dag.py
[2025-09-29T16:07:45.798+0000] {logging_mixin.py:188} INFO - [2025-09-29T16:07:45.798+0000] {dag.py:3089} INFO - Sync 1 DAGs
[2025-09-29T16:07:45.850+0000] {logging_mixin.py:188} INFO - [2025-09-29T16:07:45.849+0000] {dag.py:3947} INFO - Setting next_dagrun for example_skip_dag to 2025-09-28 00:00:00+00:00, run_after=2025-09-29 00:00:00+00:00
[2025-09-29T16:07:45.896+0000] {processor.py:183} INFO - Processing /home/airflow/.local/lib/python3.12/site-packages/airflow/example_dags/example_skip_dag.py took 0.189 seconds
[2025-09-29T16:08:16.866+0000] {processor.py:161} INFO - Started process (PID=18153) to work on /home/airflow/.local/lib/python3.12/site-packages/airflow/example_dags/example_skip_dag.py
[2025-09-29T16:08:16.869+0000] {processor.py:830} INFO - Processing file /home/airflow/.local/lib/python3.12/site-packages/airflow/example_dags/example_skip_dag.py for tasks to queue
[2025-09-29T16:08:16.873+0000] {logging_mixin.py:188} INFO - [2025-09-29T16:08:16.872+0000] {dagbag.py:545} INFO - Filling up the DagBag from /home/airflow/.local/lib/python3.12/site-packages/airflow/example_dags/example_skip_dag.py
[2025-09-29T16:08:16.890+0000] {processor.py:840} INFO - DAG(s) 'example_skip_dag' retrieved from /home/airflow/.local/lib/python3.12/site-packages/airflow/example_dags/example_skip_dag.py
[2025-09-29T16:08:16.950+0000] {logging_mixin.py:188} INFO - [2025-09-29T16:08:16.949+0000] {dag.py:3089} INFO - Sync 1 DAGs
[2025-09-29T16:08:17.002+0000] {logging_mixin.py:188} INFO - [2025-09-29T16:08:17.002+0000] {dag.py:3947} INFO - Setting next_dagrun for example_skip_dag to 2025-09-28 00:00:00+00:00, run_after=2025-09-29 00:00:00+00:00
[2025-09-29T16:08:17.048+0000] {processor.py:183} INFO - Processing /home/airflow/.local/lib/python3.12/site-packages/airflow/example_dags/example_skip_dag.py took 0.199 seconds
[2025-09-29T16:08:48.627+0000] {processor.py:161} INFO - Started process (PID=18417) to work on /home/airflow/.local/lib/python3.12/site-packages/airflow/example_dags/example_skip_dag.py
[2025-09-29T16:08:48.629+0000] {processor.py:830} INFO - Processing file /home/airflow/.local/lib/python3.12/site-packages/airflow/example_dags/example_skip_dag.py for tasks to queue
[2025-09-29T16:08:48.634+0000] {logging_mixin.py:188} INFO - [2025-09-29T16:08:48.634+0000] {dagbag.py:545} INFO - Filling up the DagBag from /home/airflow/.local/lib/python3.12/site-packages/airflow/example_dags/example_skip_dag.py
[2025-09-29T16:08:48.653+0000] {processor.py:840} INFO - DAG(s) 'example_skip_dag' retrieved from /home/airflow/.local/lib/python3.12/site-packages/airflow/example_dags/example_skip_dag.py
[2025-09-29T16:08:48.720+0000] {logging_mixin.py:188} INFO - [2025-09-29T16:08:48.720+0000] {dag.py:3089} INFO - Sync 1 DAGs
[2025-09-29T16:08:48.795+0000] {logging_mixin.py:188} INFO - [2025-09-29T16:08:48.794+0000] {dag.py:3947} INFO - Setting next_dagrun for example_skip_dag to 2025-09-28 00:00:00+00:00, run_after=2025-09-29 00:00:00+00:00
[2025-09-29T16:08:48.873+0000] {processor.py:183} INFO - Processing /home/airflow/.local/lib/python3.12/site-packages/airflow/example_dags/example_skip_dag.py took 0.263 seconds
[2025-09-29T16:09:19.918+0000] {processor.py:161} INFO - Started process (PID=18691) to work on /home/airflow/.local/lib/python3.12/site-packages/airflow/example_dags/example_skip_dag.py
[2025-09-29T16:09:19.921+0000] {processor.py:830} INFO - Processing file /home/airflow/.local/lib/python3.12/site-packages/airflow/example_dags/example_skip_dag.py for tasks to queue
[2025-09-29T16:09:19.925+0000] {logging_mixin.py:188} INFO - [2025-09-29T16:09:19.925+0000] {dagbag.py:545} INFO - Filling up the DagBag from /home/airflow/.local/lib/python3.12/site-packages/airflow/example_dags/example_skip_dag.py
[2025-09-29T16:09:19.941+0000] {processor.py:840} INFO - DAG(s) 'example_skip_dag' retrieved from /home/airflow/.local/lib/python3.12/site-packages/airflow/example_dags/example_skip_dag.py
[2025-09-29T16:09:20.000+0000] {logging_mixin.py:188} INFO - [2025-09-29T16:09:20.000+0000] {dag.py:3089} INFO - Sync 1 DAGs
[2025-09-29T16:09:20.052+0000] {logging_mixin.py:188} INFO - [2025-09-29T16:09:20.051+0000] {dag.py:3947} INFO - Setting next_dagrun for example_skip_dag to 2025-09-28 00:00:00+00:00, run_after=2025-09-29 00:00:00+00:00
[2025-09-29T16:09:20.103+0000] {processor.py:183} INFO - Processing /home/airflow/.local/lib/python3.12/site-packages/airflow/example_dags/example_skip_dag.py took 0.200 seconds
[2025-09-29T16:09:50.638+0000] {processor.py:161} INFO - Started process (PID=18957) to work on /home/airflow/.local/lib/python3.12/site-packages/airflow/example_dags/example_skip_dag.py
[2025-09-29T16:09:50.640+0000] {processor.py:830} INFO - Processing file /home/airflow/.local/lib/python3.12/site-packages/airflow/example_dags/example_skip_dag.py for tasks to queue
[2025-09-29T16:09:50.644+0000] {logging_mixin.py:188} INFO - [2025-09-29T16:09:50.644+0000] {dagbag.py:545} INFO - Filling up the DagBag from /home/airflow/.local/lib/python3.12/site-packages/airflow/example_dags/example_skip_dag.py
[2025-09-29T16:09:50.659+0000] {processor.py:840} INFO - DAG(s) 'example_skip_dag' retrieved from /home/airflow/.local/lib/python3.12/site-packages/airflow/example_dags/example_skip_dag.py
[2025-09-29T16:09:50.718+0000] {logging_mixin.py:188} INFO - [2025-09-29T16:09:50.718+0000] {dag.py:3089} INFO - Sync 1 DAGs
[2025-09-29T16:09:50.768+0000] {logging_mixin.py:188} INFO - [2025-09-29T16:09:50.767+0000] {dag.py:3947} INFO - Setting next_dagrun for example_skip_dag to 2025-09-28 00:00:00+00:00, run_after=2025-09-29 00:00:00+00:00
[2025-09-29T16:09:50.822+0000] {processor.py:183} INFO - Processing /home/airflow/.local/lib/python3.12/site-packages/airflow/example_dags/example_skip_dag.py took 0.199 seconds
[2025-09-29T16:10:21.300+0000] {processor.py:161} INFO - Started process (PID=19218) to work on /home/airflow/.local/lib/python3.12/site-packages/airflow/example_dags/example_skip_dag.py
[2025-09-29T16:10:21.338+0000] {processor.py:830} INFO - Processing file /home/airflow/.local/lib/python3.12/site-packages/airflow/example_dags/example_skip_dag.py for tasks to queue
[2025-09-29T16:10:21.342+0000] {logging_mixin.py:188} INFO - [2025-09-29T16:10:21.341+0000] {dagbag.py:545} INFO - Filling up the DagBag from /home/airflow/.local/lib/python3.12/site-packages/airflow/example_dags/example_skip_dag.py
[2025-09-29T16:10:21.357+0000] {processor.py:840} INFO - DAG(s) 'example_skip_dag' retrieved from /home/airflow/.local/lib/python3.12/site-packages/airflow/example_dags/example_skip_dag.py
[2025-09-29T16:10:21.418+0000] {logging_mixin.py:188} INFO - [2025-09-29T16:10:21.417+0000] {dag.py:3089} INFO - Sync 1 DAGs
[2025-09-29T16:10:21.467+0000] {logging_mixin.py:188} INFO - [2025-09-29T16:10:21.466+0000] {dag.py:3947} INFO - Setting next_dagrun for example_skip_dag to 2025-09-28 00:00:00+00:00, run_after=2025-09-29 00:00:00+00:00
[2025-09-29T16:10:21.516+0000] {processor.py:183} INFO - Processing /home/airflow/.local/lib/python3.12/site-packages/airflow/example_dags/example_skip_dag.py took 0.231 seconds
[2025-09-29T16:10:51.941+0000] {processor.py:161} INFO - Started process (PID=19481) to work on /home/airflow/.local/lib/python3.12/site-packages/airflow/example_dags/example_skip_dag.py
[2025-09-29T16:10:51.944+0000] {processor.py:830} INFO - Processing file /home/airflow/.local/lib/python3.12/site-packages/airflow/example_dags/example_skip_dag.py for tasks to queue
[2025-09-29T16:10:51.946+0000] {logging_mixin.py:188} INFO - [2025-09-29T16:10:51.945+0000] {dagbag.py:545} INFO - Filling up the DagBag from /home/airflow/.local/lib/python3.12/site-packages/airflow/example_dags/example_skip_dag.py
[2025-09-29T16:10:51.963+0000] {processor.py:840} INFO - DAG(s) 'example_skip_dag' retrieved from /home/airflow/.local/lib/python3.12/site-packages/airflow/example_dags/example_skip_dag.py
[2025-09-29T16:10:52.026+0000] {logging_mixin.py:188} INFO - [2025-09-29T16:10:52.025+0000] {dag.py:3089} INFO - Sync 1 DAGs
[2025-09-29T16:10:52.073+0000] {logging_mixin.py:188} INFO - [2025-09-29T16:10:52.072+0000] {dag.py:3947} INFO - Setting next_dagrun for example_skip_dag to 2025-09-28 00:00:00+00:00, run_after=2025-09-29 00:00:00+00:00
[2025-09-29T16:10:52.121+0000] {processor.py:183} INFO - Processing /home/airflow/.local/lib/python3.12/site-packages/airflow/example_dags/example_skip_dag.py took 0.195 seconds
[2025-09-29T16:11:22.597+0000] {processor.py:161} INFO - Started process (PID=19740) to work on /home/airflow/.local/lib/python3.12/site-packages/airflow/example_dags/example_skip_dag.py
[2025-09-29T16:11:22.600+0000] {processor.py:830} INFO - Processing file /home/airflow/.local/lib/python3.12/site-packages/airflow/example_dags/example_skip_dag.py for tasks to queue
[2025-09-29T16:11:22.601+0000] {logging_mixin.py:188} INFO - [2025-09-29T16:11:22.601+0000] {dagbag.py:545} INFO - Filling up the DagBag from /home/airflow/.local/lib/python3.12/site-packages/airflow/example_dags/example_skip_dag.py
[2025-09-29T16:11:22.617+0000] {processor.py:840} INFO - DAG(s) 'example_skip_dag' retrieved from /home/airflow/.local/lib/python3.12/site-packages/airflow/example_dags/example_skip_dag.py
[2025-09-29T16:11:22.676+0000] {logging_mixin.py:188} INFO - [2025-09-29T16:11:22.676+0000] {dag.py:3089} INFO - Sync 1 DAGs
[2025-09-29T16:11:22.726+0000] {logging_mixin.py:188} INFO - [2025-09-29T16:11:22.725+0000] {dag.py:3947} INFO - Setting next_dagrun for example_skip_dag to 2025-09-28 00:00:00+00:00, run_after=2025-09-29 00:00:00+00:00
[2025-09-29T16:11:22.772+0000] {processor.py:183} INFO - Processing /home/airflow/.local/lib/python3.12/site-packages/airflow/example_dags/example_skip_dag.py took 0.190 seconds
[2025-09-29T16:11:53.366+0000] {processor.py:161} INFO - Started process (PID=20001) to work on /home/airflow/.local/lib/python3.12/site-packages/airflow/example_dags/example_skip_dag.py
[2025-09-29T16:11:53.370+0000] {processor.py:830} INFO - Processing file /home/airflow/.local/lib/python3.12/site-packages/airflow/example_dags/example_skip_dag.py for tasks to queue
[2025-09-29T16:11:53.372+0000] {logging_mixin.py:188} INFO - [2025-09-29T16:11:53.371+0000] {dagbag.py:545} INFO - Filling up the DagBag from /home/airflow/.local/lib/python3.12/site-packages/airflow/example_dags/example_skip_dag.py
[2025-09-29T16:11:53.389+0000] {processor.py:840} INFO - DAG(s) 'example_skip_dag' retrieved from /home/airflow/.local/lib/python3.12/site-packages/airflow/example_dags/example_skip_dag.py
[2025-09-29T16:11:53.456+0000] {logging_mixin.py:188} INFO - [2025-09-29T16:11:53.456+0000] {dag.py:3089} INFO - Sync 1 DAGs
[2025-09-29T16:11:53.517+0000] {logging_mixin.py:188} INFO - [2025-09-29T16:11:53.516+0000] {dag.py:3947} INFO - Setting next_dagrun for example_skip_dag to 2025-09-28 00:00:00+00:00, run_after=2025-09-29 00:00:00+00:00
[2025-09-29T16:11:53.572+0000] {processor.py:183} INFO - Processing /home/airflow/.local/lib/python3.12/site-packages/airflow/example_dags/example_skip_dag.py took 0.225 seconds
[2025-09-29T16:12:24.376+0000] {processor.py:161} INFO - Started process (PID=20262) to work on /home/airflow/.local/lib/python3.12/site-packages/airflow/example_dags/example_skip_dag.py
[2025-09-29T16:12:24.379+0000] {processor.py:830} INFO - Processing file /home/airflow/.local/lib/python3.12/site-packages/airflow/example_dags/example_skip_dag.py for tasks to queue
[2025-09-29T16:12:24.380+0000] {logging_mixin.py:188} INFO - [2025-09-29T16:12:24.380+0000] {dagbag.py:545} INFO - Filling up the DagBag from /home/airflow/.local/lib/python3.12/site-packages/airflow/example_dags/example_skip_dag.py
[2025-09-29T16:12:24.396+0000] {processor.py:840} INFO - DAG(s) 'example_skip_dag' retrieved from /home/airflow/.local/lib/python3.12/site-packages/airflow/example_dags/example_skip_dag.py
[2025-09-29T16:12:24.456+0000] {logging_mixin.py:188} INFO - [2025-09-29T16:12:24.456+0000] {dag.py:3089} INFO - Sync 1 DAGs
[2025-09-29T16:12:24.507+0000] {logging_mixin.py:188} INFO - [2025-09-29T16:12:24.507+0000] {dag.py:3947} INFO - Setting next_dagrun for example_skip_dag to 2025-09-28 00:00:00+00:00, run_after=2025-09-29 00:00:00+00:00
[2025-09-29T16:12:24.560+0000] {processor.py:183} INFO - Processing /home/airflow/.local/lib/python3.12/site-packages/airflow/example_dags/example_skip_dag.py took 0.199 seconds
[2025-09-29T16:12:54.975+0000] {processor.py:161} INFO - Started process (PID=20523) to work on /home/airflow/.local/lib/python3.12/site-packages/airflow/example_dags/example_skip_dag.py
[2025-09-29T16:12:54.978+0000] {processor.py:830} INFO - Processing file /home/airflow/.local/lib/python3.12/site-packages/airflow/example_dags/example_skip_dag.py for tasks to queue
[2025-09-29T16:12:54.980+0000] {logging_mixin.py:188} INFO - [2025-09-29T16:12:54.980+0000] {dagbag.py:545} INFO - Filling up the DagBag from /home/airflow/.local/lib/python3.12/site-packages/airflow/example_dags/example_skip_dag.py
[2025-09-29T16:12:55.001+0000] {processor.py:840} INFO - DAG(s) 'example_skip_dag' retrieved from /home/airflow/.local/lib/python3.12/site-packages/airflow/example_dags/example_skip_dag.py
[2025-09-29T16:12:55.067+0000] {logging_mixin.py:188} INFO - [2025-09-29T16:12:55.066+0000] {dag.py:3089} INFO - Sync 1 DAGs
[2025-09-29T16:12:55.126+0000] {logging_mixin.py:188} INFO - [2025-09-29T16:12:55.125+0000] {dag.py:3947} INFO - Setting next_dagrun for example_skip_dag to 2025-09-28 00:00:00+00:00, run_after=2025-09-29 00:00:00+00:00
[2025-09-29T16:12:55.175+0000] {processor.py:183} INFO - Processing /home/airflow/.local/lib/python3.12/site-packages/airflow/example_dags/example_skip_dag.py took 0.218 seconds
[2025-09-29T16:13:25.459+0000] {processor.py:161} INFO - Started process (PID=20784) to work on /home/airflow/.local/lib/python3.12/site-packages/airflow/example_dags/example_skip_dag.py
[2025-09-29T16:13:25.462+0000] {processor.py:830} INFO - Processing file /home/airflow/.local/lib/python3.12/site-packages/airflow/example_dags/example_skip_dag.py for tasks to queue
[2025-09-29T16:13:25.464+0000] {logging_mixin.py:188} INFO - [2025-09-29T16:13:25.463+0000] {dagbag.py:545} INFO - Filling up the DagBag from /home/airflow/.local/lib/python3.12/site-packages/airflow/example_dags/example_skip_dag.py
[2025-09-29T16:13:25.479+0000] {processor.py:840} INFO - DAG(s) 'example_skip_dag' retrieved from /home/airflow/.local/lib/python3.12/site-packages/airflow/example_dags/example_skip_dag.py
[2025-09-29T16:13:25.540+0000] {logging_mixin.py:188} INFO - [2025-09-29T16:13:25.539+0000] {dag.py:3089} INFO - Sync 1 DAGs
[2025-09-29T16:13:25.593+0000] {logging_mixin.py:188} INFO - [2025-09-29T16:13:25.592+0000] {dag.py:3947} INFO - Setting next_dagrun for example_skip_dag to 2025-09-28 00:00:00+00:00, run_after=2025-09-29 00:00:00+00:00
[2025-09-29T16:13:25.642+0000] {processor.py:183} INFO - Processing /home/airflow/.local/lib/python3.12/site-packages/airflow/example_dags/example_skip_dag.py took 0.197 seconds
[2025-09-29T16:13:55.938+0000] {processor.py:161} INFO - Started process (PID=21045) to work on /home/airflow/.local/lib/python3.12/site-packages/airflow/example_dags/example_skip_dag.py
[2025-09-29T16:13:55.941+0000] {processor.py:830} INFO - Processing file /home/airflow/.local/lib/python3.12/site-packages/airflow/example_dags/example_skip_dag.py for tasks to queue
[2025-09-29T16:13:55.943+0000] {logging_mixin.py:188} INFO - [2025-09-29T16:13:55.942+0000] {dagbag.py:545} INFO - Filling up the DagBag from /home/airflow/.local/lib/python3.12/site-packages/airflow/example_dags/example_skip_dag.py
[2025-09-29T16:13:55.959+0000] {processor.py:840} INFO - DAG(s) 'example_skip_dag' retrieved from /home/airflow/.local/lib/python3.12/site-packages/airflow/example_dags/example_skip_dag.py
[2025-09-29T16:13:56.017+0000] {logging_mixin.py:188} INFO - [2025-09-29T16:13:56.017+0000] {dag.py:3089} INFO - Sync 1 DAGs
[2025-09-29T16:13:56.069+0000] {logging_mixin.py:188} INFO - [2025-09-29T16:13:56.068+0000] {dag.py:3947} INFO - Setting next_dagrun for example_skip_dag to 2025-09-28 00:00:00+00:00, run_after=2025-09-29 00:00:00+00:00
[2025-09-29T16:13:56.114+0000] {processor.py:183} INFO - Processing /home/airflow/.local/lib/python3.12/site-packages/airflow/example_dags/example_skip_dag.py took 0.191 seconds
[2025-09-29T16:14:26.673+0000] {processor.py:161} INFO - Started process (PID=21306) to work on /home/airflow/.local/lib/python3.12/site-packages/airflow/example_dags/example_skip_dag.py
[2025-09-29T16:14:26.675+0000] {processor.py:830} INFO - Processing file /home/airflow/.local/lib/python3.12/site-packages/airflow/example_dags/example_skip_dag.py for tasks to queue
[2025-09-29T16:14:26.677+0000] {logging_mixin.py:188} INFO - [2025-09-29T16:14:26.676+0000] {dagbag.py:545} INFO - Filling up the DagBag from /home/airflow/.local/lib/python3.12/site-packages/airflow/example_dags/example_skip_dag.py
[2025-09-29T16:14:26.693+0000] {processor.py:840} INFO - DAG(s) 'example_skip_dag' retrieved from /home/airflow/.local/lib/python3.12/site-packages/airflow/example_dags/example_skip_dag.py
[2025-09-29T16:14:26.750+0000] {logging_mixin.py:188} INFO - [2025-09-29T16:14:26.750+0000] {dag.py:3089} INFO - Sync 1 DAGs
[2025-09-29T16:14:26.800+0000] {logging_mixin.py:188} INFO - [2025-09-29T16:14:26.800+0000] {dag.py:3947} INFO - Setting next_dagrun for example_skip_dag to 2025-09-28 00:00:00+00:00, run_after=2025-09-29 00:00:00+00:00
[2025-09-29T16:14:26.850+0000] {processor.py:183} INFO - Processing /home/airflow/.local/lib/python3.12/site-packages/airflow/example_dags/example_skip_dag.py took 0.192 seconds
[2025-09-29T16:14:59.630+0000] {processor.py:161} INFO - Started process (PID=21567) to work on /home/airflow/.local/lib/python3.12/site-packages/airflow/example_dags/example_skip_dag.py
[2025-09-29T16:14:59.637+0000] {processor.py:830} INFO - Processing file /home/airflow/.local/lib/python3.12/site-packages/airflow/example_dags/example_skip_dag.py for tasks to queue
[2025-09-29T16:14:59.649+0000] {logging_mixin.py:188} INFO - [2025-09-29T16:14:59.647+0000] {dagbag.py:545} INFO - Filling up the DagBag from /home/airflow/.local/lib/python3.12/site-packages/airflow/example_dags/example_skip_dag.py
[2025-09-29T16:14:59.731+0000] {processor.py:840} INFO - DAG(s) 'example_skip_dag' retrieved from /home/airflow/.local/lib/python3.12/site-packages/airflow/example_dags/example_skip_dag.py
[2025-09-29T16:14:59.971+0000] {logging_mixin.py:188} INFO - [2025-09-29T16:14:59.947+0000] {dag.py:3089} INFO - Sync 1 DAGs
[2025-09-29T16:15:00.190+0000] {logging_mixin.py:188} INFO - [2025-09-29T16:15:00.190+0000] {dag.py:3947} INFO - Setting next_dagrun for example_skip_dag to 2025-09-28 00:00:00+00:00, run_after=2025-09-29 00:00:00+00:00
[2025-09-29T16:15:00.387+0000] {processor.py:183} INFO - Processing /home/airflow/.local/lib/python3.12/site-packages/airflow/example_dags/example_skip_dag.py took 0.814 seconds
[2025-09-29T16:15:31.334+0000] {processor.py:161} INFO - Started process (PID=21830) to work on /home/airflow/.local/lib/python3.12/site-packages/airflow/example_dags/example_skip_dag.py
[2025-09-29T16:15:31.337+0000] {processor.py:830} INFO - Processing file /home/airflow/.local/lib/python3.12/site-packages/airflow/example_dags/example_skip_dag.py for tasks to queue
[2025-09-29T16:15:31.339+0000] {logging_mixin.py:188} INFO - [2025-09-29T16:15:31.338+0000] {dagbag.py:545} INFO - Filling up the DagBag from /home/airflow/.local/lib/python3.12/site-packages/airflow/example_dags/example_skip_dag.py
[2025-09-29T16:15:31.355+0000] {processor.py:840} INFO - DAG(s) 'example_skip_dag' retrieved from /home/airflow/.local/lib/python3.12/site-packages/airflow/example_dags/example_skip_dag.py
[2025-09-29T16:15:31.429+0000] {logging_mixin.py:188} INFO - [2025-09-29T16:15:31.428+0000] {dag.py:3089} INFO - Sync 1 DAGs
[2025-09-29T16:15:31.480+0000] {logging_mixin.py:188} INFO - [2025-09-29T16:15:31.480+0000] {dag.py:3947} INFO - Setting next_dagrun for example_skip_dag to 2025-09-28 00:00:00+00:00, run_after=2025-09-29 00:00:00+00:00
[2025-09-29T16:15:31.527+0000] {processor.py:183} INFO - Processing /home/airflow/.local/lib/python3.12/site-packages/airflow/example_dags/example_skip_dag.py took 0.207 seconds
[2025-09-29T16:16:02.080+0000] {processor.py:161} INFO - Started process (PID=22091) to work on /home/airflow/.local/lib/python3.12/site-packages/airflow/example_dags/example_skip_dag.py
[2025-09-29T16:16:02.083+0000] {processor.py:830} INFO - Processing file /home/airflow/.local/lib/python3.12/site-packages/airflow/example_dags/example_skip_dag.py for tasks to queue
[2025-09-29T16:16:02.085+0000] {logging_mixin.py:188} INFO - [2025-09-29T16:16:02.084+0000] {dagbag.py:545} INFO - Filling up the DagBag from /home/airflow/.local/lib/python3.12/site-packages/airflow/example_dags/example_skip_dag.py
[2025-09-29T16:16:02.104+0000] {processor.py:840} INFO - DAG(s) 'example_skip_dag' retrieved from /home/airflow/.local/lib/python3.12/site-packages/airflow/example_dags/example_skip_dag.py
[2025-09-29T16:16:02.174+0000] {logging_mixin.py:188} INFO - [2025-09-29T16:16:02.173+0000] {dag.py:3089} INFO - Sync 1 DAGs
[2025-09-29T16:16:02.228+0000] {logging_mixin.py:188} INFO - [2025-09-29T16:16:02.227+0000] {dag.py:3947} INFO - Setting next_dagrun for example_skip_dag to 2025-09-28 00:00:00+00:00, run_after=2025-09-29 00:00:00+00:00
[2025-09-29T16:16:02.277+0000] {processor.py:183} INFO - Processing /home/airflow/.local/lib/python3.12/site-packages/airflow/example_dags/example_skip_dag.py took 0.216 seconds
[2025-09-29T16:16:32.626+0000] {processor.py:161} INFO - Started process (PID=22352) to work on /home/airflow/.local/lib/python3.12/site-packages/airflow/example_dags/example_skip_dag.py
[2025-09-29T16:16:32.628+0000] {processor.py:830} INFO - Processing file /home/airflow/.local/lib/python3.12/site-packages/airflow/example_dags/example_skip_dag.py for tasks to queue
[2025-09-29T16:16:32.630+0000] {logging_mixin.py:188} INFO - [2025-09-29T16:16:32.629+0000] {dagbag.py:545} INFO - Filling up the DagBag from /home/airflow/.local/lib/python3.12/site-packages/airflow/example_dags/example_skip_dag.py
[2025-09-29T16:16:32.647+0000] {processor.py:840} INFO - DAG(s) 'example_skip_dag' retrieved from /home/airflow/.local/lib/python3.12/site-packages/airflow/example_dags/example_skip_dag.py
[2025-09-29T16:16:32.709+0000] {logging_mixin.py:188} INFO - [2025-09-29T16:16:32.709+0000] {dag.py:3089} INFO - Sync 1 DAGs
[2025-09-29T16:16:32.760+0000] {logging_mixin.py:188} INFO - [2025-09-29T16:16:32.760+0000] {dag.py:3947} INFO - Setting next_dagrun for example_skip_dag to 2025-09-28 00:00:00+00:00, run_after=2025-09-29 00:00:00+00:00
[2025-09-29T16:16:32.808+0000] {processor.py:183} INFO - Processing /home/airflow/.local/lib/python3.12/site-packages/airflow/example_dags/example_skip_dag.py took 0.197 seconds
[2025-09-29T16:17:03.358+0000] {processor.py:161} INFO - Started process (PID=22613) to work on /home/airflow/.local/lib/python3.12/site-packages/airflow/example_dags/example_skip_dag.py
[2025-09-29T16:17:03.361+0000] {processor.py:830} INFO - Processing file /home/airflow/.local/lib/python3.12/site-packages/airflow/example_dags/example_skip_dag.py for tasks to queue
[2025-09-29T16:17:03.363+0000] {logging_mixin.py:188} INFO - [2025-09-29T16:17:03.362+0000] {dagbag.py:545} INFO - Filling up the DagBag from /home/airflow/.local/lib/python3.12/site-packages/airflow/example_dags/example_skip_dag.py
[2025-09-29T16:17:03.379+0000] {processor.py:840} INFO - DAG(s) 'example_skip_dag' retrieved from /home/airflow/.local/lib/python3.12/site-packages/airflow/example_dags/example_skip_dag.py
[2025-09-29T16:17:03.446+0000] {logging_mixin.py:188} INFO - [2025-09-29T16:17:03.445+0000] {dag.py:3089} INFO - Sync 1 DAGs
[2025-09-29T16:17:03.493+0000] {logging_mixin.py:188} INFO - [2025-09-29T16:17:03.493+0000] {dag.py:3947} INFO - Setting next_dagrun for example_skip_dag to 2025-09-28 00:00:00+00:00, run_after=2025-09-29 00:00:00+00:00
[2025-09-29T16:17:03.544+0000] {processor.py:183} INFO - Processing /home/airflow/.local/lib/python3.12/site-packages/airflow/example_dags/example_skip_dag.py took 0.207 seconds
[2025-09-29T16:17:34.229+0000] {processor.py:161} INFO - Started process (PID=22874) to work on /home/airflow/.local/lib/python3.12/site-packages/airflow/example_dags/example_skip_dag.py
[2025-09-29T16:17:34.244+0000] {processor.py:830} INFO - Processing file /home/airflow/.local/lib/python3.12/site-packages/airflow/example_dags/example_skip_dag.py for tasks to queue
[2025-09-29T16:17:34.246+0000] {logging_mixin.py:188} INFO - [2025-09-29T16:17:34.245+0000] {dagbag.py:545} INFO - Filling up the DagBag from /home/airflow/.local/lib/python3.12/site-packages/airflow/example_dags/example_skip_dag.py
[2025-09-29T16:17:34.262+0000] {processor.py:840} INFO - DAG(s) 'example_skip_dag' retrieved from /home/airflow/.local/lib/python3.12/site-packages/airflow/example_dags/example_skip_dag.py
[2025-09-29T16:17:34.327+0000] {logging_mixin.py:188} INFO - [2025-09-29T16:17:34.326+0000] {dag.py:3089} INFO - Sync 1 DAGs
[2025-09-29T16:17:34.381+0000] {logging_mixin.py:188} INFO - [2025-09-29T16:17:34.380+0000] {dag.py:3947} INFO - Setting next_dagrun for example_skip_dag to 2025-09-28 00:00:00+00:00, run_after=2025-09-29 00:00:00+00:00
[2025-09-29T16:17:34.436+0000] {processor.py:183} INFO - Processing /home/airflow/.local/lib/python3.12/site-packages/airflow/example_dags/example_skip_dag.py took 0.222 seconds
[2025-09-29T16:18:04.740+0000] {processor.py:161} INFO - Started process (PID=23135) to work on /home/airflow/.local/lib/python3.12/site-packages/airflow/example_dags/example_skip_dag.py
[2025-09-29T16:18:04.747+0000] {processor.py:830} INFO - Processing file /home/airflow/.local/lib/python3.12/site-packages/airflow/example_dags/example_skip_dag.py for tasks to queue
[2025-09-29T16:18:04.751+0000] {logging_mixin.py:188} INFO - [2025-09-29T16:18:04.749+0000] {dagbag.py:545} INFO - Filling up the DagBag from /home/airflow/.local/lib/python3.12/site-packages/airflow/example_dags/example_skip_dag.py
[2025-09-29T16:18:04.774+0000] {processor.py:840} INFO - DAG(s) 'example_skip_dag' retrieved from /home/airflow/.local/lib/python3.12/site-packages/airflow/example_dags/example_skip_dag.py
[2025-09-29T16:18:04.859+0000] {logging_mixin.py:188} INFO - [2025-09-29T16:18:04.859+0000] {dag.py:3089} INFO - Sync 1 DAGs
[2025-09-29T16:18:04.935+0000] {logging_mixin.py:188} INFO - [2025-09-29T16:18:04.934+0000] {dag.py:3947} INFO - Setting next_dagrun for example_skip_dag to 2025-09-28 00:00:00+00:00, run_after=2025-09-29 00:00:00+00:00
[2025-09-29T16:18:04.999+0000] {processor.py:183} INFO - Processing /home/airflow/.local/lib/python3.12/site-packages/airflow/example_dags/example_skip_dag.py took 0.278 seconds
[2025-09-29T16:18:35.140+0000] {processor.py:161} INFO - Started process (PID=23399) to work on /home/airflow/.local/lib/python3.12/site-packages/airflow/example_dags/example_skip_dag.py
[2025-09-29T16:18:35.143+0000] {processor.py:830} INFO - Processing file /home/airflow/.local/lib/python3.12/site-packages/airflow/example_dags/example_skip_dag.py for tasks to queue
[2025-09-29T16:18:35.145+0000] {logging_mixin.py:188} INFO - [2025-09-29T16:18:35.144+0000] {dagbag.py:545} INFO - Filling up the DagBag from /home/airflow/.local/lib/python3.12/site-packages/airflow/example_dags/example_skip_dag.py
[2025-09-29T16:18:35.162+0000] {processor.py:840} INFO - DAG(s) 'example_skip_dag' retrieved from /home/airflow/.local/lib/python3.12/site-packages/airflow/example_dags/example_skip_dag.py
[2025-09-29T16:18:35.228+0000] {logging_mixin.py:188} INFO - [2025-09-29T16:18:35.227+0000] {dag.py:3089} INFO - Sync 1 DAGs
[2025-09-29T16:18:35.282+0000] {logging_mixin.py:188} INFO - [2025-09-29T16:18:35.281+0000] {dag.py:3947} INFO - Setting next_dagrun for example_skip_dag to 2025-09-28 00:00:00+00:00, run_after=2025-09-29 00:00:00+00:00
[2025-09-29T16:18:35.328+0000] {processor.py:183} INFO - Processing /home/airflow/.local/lib/python3.12/site-packages/airflow/example_dags/example_skip_dag.py took 0.202 seconds
[2025-09-29T16:19:06.212+0000] {processor.py:161} INFO - Started process (PID=23657) to work on /home/airflow/.local/lib/python3.12/site-packages/airflow/example_dags/example_skip_dag.py
[2025-09-29T16:19:06.215+0000] {processor.py:830} INFO - Processing file /home/airflow/.local/lib/python3.12/site-packages/airflow/example_dags/example_skip_dag.py for tasks to queue
[2025-09-29T16:19:06.217+0000] {logging_mixin.py:188} INFO - [2025-09-29T16:19:06.216+0000] {dagbag.py:545} INFO - Filling up the DagBag from /home/airflow/.local/lib/python3.12/site-packages/airflow/example_dags/example_skip_dag.py
[2025-09-29T16:19:06.233+0000] {processor.py:840} INFO - DAG(s) 'example_skip_dag' retrieved from /home/airflow/.local/lib/python3.12/site-packages/airflow/example_dags/example_skip_dag.py
[2025-09-29T16:19:06.294+0000] {logging_mixin.py:188} INFO - [2025-09-29T16:19:06.293+0000] {dag.py:3089} INFO - Sync 1 DAGs
[2025-09-29T16:19:06.344+0000] {logging_mixin.py:188} INFO - [2025-09-29T16:19:06.343+0000] {dag.py:3947} INFO - Setting next_dagrun for example_skip_dag to 2025-09-28 00:00:00+00:00, run_after=2025-09-29 00:00:00+00:00
[2025-09-29T16:19:06.399+0000] {processor.py:183} INFO - Processing /home/airflow/.local/lib/python3.12/site-packages/airflow/example_dags/example_skip_dag.py took 0.202 seconds
[2025-09-29T16:19:37.035+0000] {processor.py:161} INFO - Started process (PID=23918) to work on /home/airflow/.local/lib/python3.12/site-packages/airflow/example_dags/example_skip_dag.py
[2025-09-29T16:19:37.037+0000] {processor.py:830} INFO - Processing file /home/airflow/.local/lib/python3.12/site-packages/airflow/example_dags/example_skip_dag.py for tasks to queue
[2025-09-29T16:19:37.039+0000] {logging_mixin.py:188} INFO - [2025-09-29T16:19:37.038+0000] {dagbag.py:545} INFO - Filling up the DagBag from /home/airflow/.local/lib/python3.12/site-packages/airflow/example_dags/example_skip_dag.py
[2025-09-29T16:19:37.054+0000] {processor.py:840} INFO - DAG(s) 'example_skip_dag' retrieved from /home/airflow/.local/lib/python3.12/site-packages/airflow/example_dags/example_skip_dag.py
[2025-09-29T16:19:37.112+0000] {logging_mixin.py:188} INFO - [2025-09-29T16:19:37.112+0000] {dag.py:3089} INFO - Sync 1 DAGs
[2025-09-29T16:19:37.161+0000] {logging_mixin.py:188} INFO - [2025-09-29T16:19:37.161+0000] {dag.py:3947} INFO - Setting next_dagrun for example_skip_dag to 2025-09-28 00:00:00+00:00, run_after=2025-09-29 00:00:00+00:00
[2025-09-29T16:19:37.212+0000] {processor.py:183} INFO - Processing /home/airflow/.local/lib/python3.12/site-packages/airflow/example_dags/example_skip_dag.py took 0.191 seconds
[2025-09-29T16:20:07.620+0000] {processor.py:161} INFO - Started process (PID=24179) to work on /home/airflow/.local/lib/python3.12/site-packages/airflow/example_dags/example_skip_dag.py
[2025-09-29T16:20:07.623+0000] {processor.py:830} INFO - Processing file /home/airflow/.local/lib/python3.12/site-packages/airflow/example_dags/example_skip_dag.py for tasks to queue
[2025-09-29T16:20:07.625+0000] {logging_mixin.py:188} INFO - [2025-09-29T16:20:07.624+0000] {dagbag.py:545} INFO - Filling up the DagBag from /home/airflow/.local/lib/python3.12/site-packages/airflow/example_dags/example_skip_dag.py
[2025-09-29T16:20:07.640+0000] {processor.py:840} INFO - DAG(s) 'example_skip_dag' retrieved from /home/airflow/.local/lib/python3.12/site-packages/airflow/example_dags/example_skip_dag.py
[2025-09-29T16:20:07.699+0000] {logging_mixin.py:188} INFO - [2025-09-29T16:20:07.699+0000] {dag.py:3089} INFO - Sync 1 DAGs
[2025-09-29T16:20:07.747+0000] {logging_mixin.py:188} INFO - [2025-09-29T16:20:07.747+0000] {dag.py:3947} INFO - Setting next_dagrun for example_skip_dag to 2025-09-28 00:00:00+00:00, run_after=2025-09-29 00:00:00+00:00
[2025-09-29T16:20:07.794+0000] {processor.py:183} INFO - Processing /home/airflow/.local/lib/python3.12/site-packages/airflow/example_dags/example_skip_dag.py took 0.189 seconds
[2025-09-29T16:20:38.234+0000] {processor.py:161} INFO - Started process (PID=24440) to work on /home/airflow/.local/lib/python3.12/site-packages/airflow/example_dags/example_skip_dag.py
[2025-09-29T16:20:38.237+0000] {processor.py:830} INFO - Processing file /home/airflow/.local/lib/python3.12/site-packages/airflow/example_dags/example_skip_dag.py for tasks to queue
[2025-09-29T16:20:38.238+0000] {logging_mixin.py:188} INFO - [2025-09-29T16:20:38.237+0000] {dagbag.py:545} INFO - Filling up the DagBag from /home/airflow/.local/lib/python3.12/site-packages/airflow/example_dags/example_skip_dag.py
[2025-09-29T16:20:38.254+0000] {processor.py:840} INFO - DAG(s) 'example_skip_dag' retrieved from /home/airflow/.local/lib/python3.12/site-packages/airflow/example_dags/example_skip_dag.py
[2025-09-29T16:20:38.312+0000] {logging_mixin.py:188} INFO - [2025-09-29T16:20:38.312+0000] {dag.py:3089} INFO - Sync 1 DAGs
[2025-09-29T16:20:38.360+0000] {logging_mixin.py:188} INFO - [2025-09-29T16:20:38.360+0000] {dag.py:3947} INFO - Setting next_dagrun for example_skip_dag to 2025-09-28 00:00:00+00:00, run_after=2025-09-29 00:00:00+00:00
[2025-09-29T16:20:38.405+0000] {processor.py:183} INFO - Processing /home/airflow/.local/lib/python3.12/site-packages/airflow/example_dags/example_skip_dag.py took 0.186 seconds
[2025-09-29T16:21:08.761+0000] {processor.py:161} INFO - Started process (PID=24701) to work on /home/airflow/.local/lib/python3.12/site-packages/airflow/example_dags/example_skip_dag.py
[2025-09-29T16:21:08.764+0000] {processor.py:830} INFO - Processing file /home/airflow/.local/lib/python3.12/site-packages/airflow/example_dags/example_skip_dag.py for tasks to queue
[2025-09-29T16:21:08.766+0000] {logging_mixin.py:188} INFO - [2025-09-29T16:21:08.765+0000] {dagbag.py:545} INFO - Filling up the DagBag from /home/airflow/.local/lib/python3.12/site-packages/airflow/example_dags/example_skip_dag.py
[2025-09-29T16:21:08.783+0000] {processor.py:840} INFO - DAG(s) 'example_skip_dag' retrieved from /home/airflow/.local/lib/python3.12/site-packages/airflow/example_dags/example_skip_dag.py
[2025-09-29T16:21:08.845+0000] {logging_mixin.py:188} INFO - [2025-09-29T16:21:08.844+0000] {dag.py:3089} INFO - Sync 1 DAGs
[2025-09-29T16:21:08.895+0000] {logging_mixin.py:188} INFO - [2025-09-29T16:21:08.894+0000] {dag.py:3947} INFO - Setting next_dagrun for example_skip_dag to 2025-09-28 00:00:00+00:00, run_after=2025-09-29 00:00:00+00:00
[2025-09-29T16:21:08.943+0000] {processor.py:183} INFO - Processing /home/airflow/.local/lib/python3.12/site-packages/airflow/example_dags/example_skip_dag.py took 0.196 seconds
[2025-09-29T16:21:39.587+0000] {processor.py:161} INFO - Started process (PID=24962) to work on /home/airflow/.local/lib/python3.12/site-packages/airflow/example_dags/example_skip_dag.py
[2025-09-29T16:21:39.590+0000] {processor.py:830} INFO - Processing file /home/airflow/.local/lib/python3.12/site-packages/airflow/example_dags/example_skip_dag.py for tasks to queue
[2025-09-29T16:21:39.592+0000] {logging_mixin.py:188} INFO - [2025-09-29T16:21:39.591+0000] {dagbag.py:545} INFO - Filling up the DagBag from /home/airflow/.local/lib/python3.12/site-packages/airflow/example_dags/example_skip_dag.py
[2025-09-29T16:21:39.620+0000] {processor.py:840} INFO - DAG(s) 'example_skip_dag' retrieved from /home/airflow/.local/lib/python3.12/site-packages/airflow/example_dags/example_skip_dag.py
[2025-09-29T16:21:39.700+0000] {logging_mixin.py:188} INFO - [2025-09-29T16:21:39.699+0000] {dag.py:3089} INFO - Sync 1 DAGs
[2025-09-29T16:21:39.752+0000] {logging_mixin.py:188} INFO - [2025-09-29T16:21:39.751+0000] {dag.py:3947} INFO - Setting next_dagrun for example_skip_dag to 2025-09-28 00:00:00+00:00, run_after=2025-09-29 00:00:00+00:00
[2025-09-29T16:21:39.800+0000] {processor.py:183} INFO - Processing /home/airflow/.local/lib/python3.12/site-packages/airflow/example_dags/example_skip_dag.py took 0.235 seconds
[2025-09-29T16:22:10.174+0000] {processor.py:161} INFO - Started process (PID=25223) to work on /home/airflow/.local/lib/python3.12/site-packages/airflow/example_dags/example_skip_dag.py
[2025-09-29T16:22:10.183+0000] {processor.py:830} INFO - Processing file /home/airflow/.local/lib/python3.12/site-packages/airflow/example_dags/example_skip_dag.py for tasks to queue
[2025-09-29T16:22:10.185+0000] {logging_mixin.py:188} INFO - [2025-09-29T16:22:10.184+0000] {dagbag.py:545} INFO - Filling up the DagBag from /home/airflow/.local/lib/python3.12/site-packages/airflow/example_dags/example_skip_dag.py
[2025-09-29T16:22:10.203+0000] {processor.py:840} INFO - DAG(s) 'example_skip_dag' retrieved from /home/airflow/.local/lib/python3.12/site-packages/airflow/example_dags/example_skip_dag.py
[2025-09-29T16:22:10.267+0000] {logging_mixin.py:188} INFO - [2025-09-29T16:22:10.266+0000] {dag.py:3089} INFO - Sync 1 DAGs
[2025-09-29T16:22:10.321+0000] {logging_mixin.py:188} INFO - [2025-09-29T16:22:10.320+0000] {dag.py:3947} INFO - Setting next_dagrun for example_skip_dag to 2025-09-28 00:00:00+00:00, run_after=2025-09-29 00:00:00+00:00
[2025-09-29T16:22:10.377+0000] {processor.py:183} INFO - Processing /home/airflow/.local/lib/python3.12/site-packages/airflow/example_dags/example_skip_dag.py took 0.218 seconds
[2025-09-29T16:22:40.577+0000] {processor.py:161} INFO - Started process (PID=25484) to work on /home/airflow/.local/lib/python3.12/site-packages/airflow/example_dags/example_skip_dag.py
[2025-09-29T16:22:40.579+0000] {processor.py:830} INFO - Processing file /home/airflow/.local/lib/python3.12/site-packages/airflow/example_dags/example_skip_dag.py for tasks to queue
[2025-09-29T16:22:40.581+0000] {logging_mixin.py:188} INFO - [2025-09-29T16:22:40.580+0000] {dagbag.py:545} INFO - Filling up the DagBag from /home/airflow/.local/lib/python3.12/site-packages/airflow/example_dags/example_skip_dag.py
[2025-09-29T16:22:40.597+0000] {processor.py:840} INFO - DAG(s) 'example_skip_dag' retrieved from /home/airflow/.local/lib/python3.12/site-packages/airflow/example_dags/example_skip_dag.py
[2025-09-29T16:22:40.655+0000] {logging_mixin.py:188} INFO - [2025-09-29T16:22:40.654+0000] {dag.py:3089} INFO - Sync 1 DAGs
[2025-09-29T16:22:40.702+0000] {logging_mixin.py:188} INFO - [2025-09-29T16:22:40.702+0000] {dag.py:3947} INFO - Setting next_dagrun for example_skip_dag to 2025-09-28 00:00:00+00:00, run_after=2025-09-29 00:00:00+00:00
[2025-09-29T16:22:40.748+0000] {processor.py:183} INFO - Processing /home/airflow/.local/lib/python3.12/site-packages/airflow/example_dags/example_skip_dag.py took 0.186 seconds
[2025-09-29T16:23:11.432+0000] {processor.py:161} INFO - Started process (PID=25745) to work on /home/airflow/.local/lib/python3.12/site-packages/airflow/example_dags/example_skip_dag.py
[2025-09-29T16:23:11.437+0000] {processor.py:830} INFO - Processing file /home/airflow/.local/lib/python3.12/site-packages/airflow/example_dags/example_skip_dag.py for tasks to queue
[2025-09-29T16:23:11.440+0000] {logging_mixin.py:188} INFO - [2025-09-29T16:23:11.439+0000] {dagbag.py:545} INFO - Filling up the DagBag from /home/airflow/.local/lib/python3.12/site-packages/airflow/example_dags/example_skip_dag.py
[2025-09-29T16:23:11.458+0000] {processor.py:840} INFO - DAG(s) 'example_skip_dag' retrieved from /home/airflow/.local/lib/python3.12/site-packages/airflow/example_dags/example_skip_dag.py
[2025-09-29T16:23:11.527+0000] {logging_mixin.py:188} INFO - [2025-09-29T16:23:11.526+0000] {dag.py:3089} INFO - Sync 1 DAGs
[2025-09-29T16:23:11.587+0000] {logging_mixin.py:188} INFO - [2025-09-29T16:23:11.586+0000] {dag.py:3947} INFO - Setting next_dagrun for example_skip_dag to 2025-09-28 00:00:00+00:00, run_after=2025-09-29 00:00:00+00:00
[2025-09-29T16:23:11.648+0000] {processor.py:183} INFO - Processing /home/airflow/.local/lib/python3.12/site-packages/airflow/example_dags/example_skip_dag.py took 0.234 seconds
[2025-09-29T16:23:41.803+0000] {processor.py:161} INFO - Started process (PID=26006) to work on /home/airflow/.local/lib/python3.12/site-packages/airflow/example_dags/example_skip_dag.py
[2025-09-29T16:23:41.806+0000] {processor.py:830} INFO - Processing file /home/airflow/.local/lib/python3.12/site-packages/airflow/example_dags/example_skip_dag.py for tasks to queue
[2025-09-29T16:23:41.808+0000] {logging_mixin.py:188} INFO - [2025-09-29T16:23:41.807+0000] {dagbag.py:545} INFO - Filling up the DagBag from /home/airflow/.local/lib/python3.12/site-packages/airflow/example_dags/example_skip_dag.py
[2025-09-29T16:23:41.833+0000] {processor.py:840} INFO - DAG(s) 'example_skip_dag' retrieved from /home/airflow/.local/lib/python3.12/site-packages/airflow/example_dags/example_skip_dag.py
[2025-09-29T16:23:41.920+0000] {logging_mixin.py:188} INFO - [2025-09-29T16:23:41.919+0000] {dag.py:3089} INFO - Sync 1 DAGs
[2025-09-29T16:23:42.024+0000] {logging_mixin.py:188} INFO - [2025-09-29T16:23:42.023+0000] {dag.py:3947} INFO - Setting next_dagrun for example_skip_dag to 2025-09-28 00:00:00+00:00, run_after=2025-09-29 00:00:00+00:00
[2025-09-29T16:23:42.111+0000] {processor.py:183} INFO - Processing /home/airflow/.local/lib/python3.12/site-packages/airflow/example_dags/example_skip_dag.py took 0.327 seconds
[2025-09-29T16:24:12.455+0000] {processor.py:161} INFO - Started process (PID=26265) to work on /home/airflow/.local/lib/python3.12/site-packages/airflow/example_dags/example_skip_dag.py
[2025-09-29T16:24:12.458+0000] {processor.py:830} INFO - Processing file /home/airflow/.local/lib/python3.12/site-packages/airflow/example_dags/example_skip_dag.py for tasks to queue
[2025-09-29T16:24:12.461+0000] {logging_mixin.py:188} INFO - [2025-09-29T16:24:12.460+0000] {dagbag.py:545} INFO - Filling up the DagBag from /home/airflow/.local/lib/python3.12/site-packages/airflow/example_dags/example_skip_dag.py
[2025-09-29T16:24:12.486+0000] {processor.py:840} INFO - DAG(s) 'example_skip_dag' retrieved from /home/airflow/.local/lib/python3.12/site-packages/airflow/example_dags/example_skip_dag.py
[2025-09-29T16:24:12.571+0000] {logging_mixin.py:188} INFO - [2025-09-29T16:24:12.571+0000] {dag.py:3089} INFO - Sync 1 DAGs
[2025-09-29T16:24:12.651+0000] {logging_mixin.py:188} INFO - [2025-09-29T16:24:12.650+0000] {dag.py:3947} INFO - Setting next_dagrun for example_skip_dag to 2025-09-28 00:00:00+00:00, run_after=2025-09-29 00:00:00+00:00
[2025-09-29T16:24:12.719+0000] {processor.py:183} INFO - Processing /home/airflow/.local/lib/python3.12/site-packages/airflow/example_dags/example_skip_dag.py took 0.285 seconds
[2025-09-29T16:24:42.917+0000] {processor.py:161} INFO - Started process (PID=26520) to work on /home/airflow/.local/lib/python3.12/site-packages/airflow/example_dags/example_skip_dag.py
[2025-09-29T16:24:42.920+0000] {processor.py:830} INFO - Processing file /home/airflow/.local/lib/python3.12/site-packages/airflow/example_dags/example_skip_dag.py for tasks to queue
[2025-09-29T16:24:42.922+0000] {logging_mixin.py:188} INFO - [2025-09-29T16:24:42.921+0000] {dagbag.py:545} INFO - Filling up the DagBag from /home/airflow/.local/lib/python3.12/site-packages/airflow/example_dags/example_skip_dag.py
[2025-09-29T16:24:42.943+0000] {processor.py:840} INFO - DAG(s) 'example_skip_dag' retrieved from /home/airflow/.local/lib/python3.12/site-packages/airflow/example_dags/example_skip_dag.py
[2025-09-29T16:24:43.021+0000] {logging_mixin.py:188} INFO - [2025-09-29T16:24:43.020+0000] {dag.py:3089} INFO - Sync 1 DAGs
[2025-09-29T16:24:43.115+0000] {logging_mixin.py:188} INFO - [2025-09-29T16:24:43.113+0000] {dag.py:3947} INFO - Setting next_dagrun for example_skip_dag to 2025-09-28 00:00:00+00:00, run_after=2025-09-29 00:00:00+00:00
[2025-09-29T16:24:43.193+0000] {processor.py:183} INFO - Processing /home/airflow/.local/lib/python3.12/site-packages/airflow/example_dags/example_skip_dag.py took 0.297 seconds
[2025-09-29T16:25:13.346+0000] {processor.py:161} INFO - Started process (PID=26781) to work on /home/airflow/.local/lib/python3.12/site-packages/airflow/example_dags/example_skip_dag.py
[2025-09-29T16:25:13.348+0000] {processor.py:830} INFO - Processing file /home/airflow/.local/lib/python3.12/site-packages/airflow/example_dags/example_skip_dag.py for tasks to queue
[2025-09-29T16:25:13.351+0000] {logging_mixin.py:188} INFO - [2025-09-29T16:25:13.350+0000] {dagbag.py:545} INFO - Filling up the DagBag from /home/airflow/.local/lib/python3.12/site-packages/airflow/example_dags/example_skip_dag.py
[2025-09-29T16:25:13.369+0000] {processor.py:840} INFO - DAG(s) 'example_skip_dag' retrieved from /home/airflow/.local/lib/python3.12/site-packages/airflow/example_dags/example_skip_dag.py
[2025-09-29T16:25:13.429+0000] {logging_mixin.py:188} INFO - [2025-09-29T16:25:13.428+0000] {dag.py:3089} INFO - Sync 1 DAGs
[2025-09-29T16:25:13.478+0000] {logging_mixin.py:188} INFO - [2025-09-29T16:25:13.478+0000] {dag.py:3947} INFO - Setting next_dagrun for example_skip_dag to 2025-09-28 00:00:00+00:00, run_after=2025-09-29 00:00:00+00:00
[2025-09-29T16:25:13.530+0000] {processor.py:183} INFO - Processing /home/airflow/.local/lib/python3.12/site-packages/airflow/example_dags/example_skip_dag.py took 0.201 seconds
[2025-09-29T16:25:43.834+0000] {processor.py:161} INFO - Started process (PID=27047) to work on /home/airflow/.local/lib/python3.12/site-packages/airflow/example_dags/example_skip_dag.py
[2025-09-29T16:25:43.837+0000] {processor.py:830} INFO - Processing file /home/airflow/.local/lib/python3.12/site-packages/airflow/example_dags/example_skip_dag.py for tasks to queue
[2025-09-29T16:25:43.839+0000] {logging_mixin.py:188} INFO - [2025-09-29T16:25:43.838+0000] {dagbag.py:545} INFO - Filling up the DagBag from /home/airflow/.local/lib/python3.12/site-packages/airflow/example_dags/example_skip_dag.py
[2025-09-29T16:25:43.855+0000] {processor.py:840} INFO - DAG(s) 'example_skip_dag' retrieved from /home/airflow/.local/lib/python3.12/site-packages/airflow/example_dags/example_skip_dag.py
[2025-09-29T16:25:43.920+0000] {logging_mixin.py:188} INFO - [2025-09-29T16:25:43.919+0000] {dag.py:3089} INFO - Sync 1 DAGs
[2025-09-29T16:25:43.992+0000] {logging_mixin.py:188} INFO - [2025-09-29T16:25:43.991+0000] {dag.py:3947} INFO - Setting next_dagrun for example_skip_dag to 2025-09-28 00:00:00+00:00, run_after=2025-09-29 00:00:00+00:00
[2025-09-29T16:25:44.068+0000] {processor.py:183} INFO - Processing /home/airflow/.local/lib/python3.12/site-packages/airflow/example_dags/example_skip_dag.py took 0.251 seconds
[2025-09-29T16:26:14.308+0000] {processor.py:161} INFO - Started process (PID=27308) to work on /home/airflow/.local/lib/python3.12/site-packages/airflow/example_dags/example_skip_dag.py
[2025-09-29T16:26:14.311+0000] {processor.py:830} INFO - Processing file /home/airflow/.local/lib/python3.12/site-packages/airflow/example_dags/example_skip_dag.py for tasks to queue
[2025-09-29T16:26:14.315+0000] {logging_mixin.py:188} INFO - [2025-09-29T16:26:14.313+0000] {dagbag.py:545} INFO - Filling up the DagBag from /home/airflow/.local/lib/python3.12/site-packages/airflow/example_dags/example_skip_dag.py
[2025-09-29T16:26:14.342+0000] {processor.py:840} INFO - DAG(s) 'example_skip_dag' retrieved from /home/airflow/.local/lib/python3.12/site-packages/airflow/example_dags/example_skip_dag.py
[2025-09-29T16:26:14.420+0000] {logging_mixin.py:188} INFO - [2025-09-29T16:26:14.419+0000] {dag.py:3089} INFO - Sync 1 DAGs
[2025-09-29T16:26:14.480+0000] {logging_mixin.py:188} INFO - [2025-09-29T16:26:14.479+0000] {dag.py:3947} INFO - Setting next_dagrun for example_skip_dag to 2025-09-28 00:00:00+00:00, run_after=2025-09-29 00:00:00+00:00
[2025-09-29T16:26:14.536+0000] {processor.py:183} INFO - Processing /home/airflow/.local/lib/python3.12/site-packages/airflow/example_dags/example_skip_dag.py took 0.251 seconds
[2025-09-29T16:26:44.704+0000] {processor.py:161} INFO - Started process (PID=27569) to work on /home/airflow/.local/lib/python3.12/site-packages/airflow/example_dags/example_skip_dag.py
[2025-09-29T16:26:44.707+0000] {processor.py:830} INFO - Processing file /home/airflow/.local/lib/python3.12/site-packages/airflow/example_dags/example_skip_dag.py for tasks to queue
[2025-09-29T16:26:44.709+0000] {logging_mixin.py:188} INFO - [2025-09-29T16:26:44.709+0000] {dagbag.py:545} INFO - Filling up the DagBag from /home/airflow/.local/lib/python3.12/site-packages/airflow/example_dags/example_skip_dag.py
[2025-09-29T16:26:44.727+0000] {processor.py:840} INFO - DAG(s) 'example_skip_dag' retrieved from /home/airflow/.local/lib/python3.12/site-packages/airflow/example_dags/example_skip_dag.py
[2025-09-29T16:26:44.788+0000] {logging_mixin.py:188} INFO - [2025-09-29T16:26:44.787+0000] {dag.py:3089} INFO - Sync 1 DAGs
[2025-09-29T16:26:44.839+0000] {logging_mixin.py:188} INFO - [2025-09-29T16:26:44.839+0000] {dag.py:3947} INFO - Setting next_dagrun for example_skip_dag to 2025-09-28 00:00:00+00:00, run_after=2025-09-29 00:00:00+00:00
[2025-09-29T16:26:44.886+0000] {processor.py:183} INFO - Processing /home/airflow/.local/lib/python3.12/site-packages/airflow/example_dags/example_skip_dag.py took 0.201 seconds
[2025-09-29T16:27:15.582+0000] {processor.py:161} INFO - Started process (PID=27825) to work on /home/airflow/.local/lib/python3.12/site-packages/airflow/example_dags/example_skip_dag.py
[2025-09-29T16:27:15.584+0000] {processor.py:830} INFO - Processing file /home/airflow/.local/lib/python3.12/site-packages/airflow/example_dags/example_skip_dag.py for tasks to queue
[2025-09-29T16:27:15.585+0000] {logging_mixin.py:188} INFO - [2025-09-29T16:27:15.585+0000] {dagbag.py:545} INFO - Filling up the DagBag from /home/airflow/.local/lib/python3.12/site-packages/airflow/example_dags/example_skip_dag.py
[2025-09-29T16:27:15.602+0000] {processor.py:840} INFO - DAG(s) 'example_skip_dag' retrieved from /home/airflow/.local/lib/python3.12/site-packages/airflow/example_dags/example_skip_dag.py
[2025-09-29T16:27:15.657+0000] {logging_mixin.py:188} INFO - [2025-09-29T16:27:15.657+0000] {dag.py:3089} INFO - Sync 1 DAGs
[2025-09-29T16:27:15.706+0000] {logging_mixin.py:188} INFO - [2025-09-29T16:27:15.705+0000] {dag.py:3947} INFO - Setting next_dagrun for example_skip_dag to 2025-09-28 00:00:00+00:00, run_after=2025-09-29 00:00:00+00:00
[2025-09-29T16:27:15.748+0000] {processor.py:183} INFO - Processing /home/airflow/.local/lib/python3.12/site-packages/airflow/example_dags/example_skip_dag.py took 0.182 seconds
[2025-09-29T16:27:46.523+0000] {processor.py:161} INFO - Started process (PID=28086) to work on /home/airflow/.local/lib/python3.12/site-packages/airflow/example_dags/example_skip_dag.py
[2025-09-29T16:27:46.527+0000] {processor.py:830} INFO - Processing file /home/airflow/.local/lib/python3.12/site-packages/airflow/example_dags/example_skip_dag.py for tasks to queue
[2025-09-29T16:27:46.530+0000] {logging_mixin.py:188} INFO - [2025-09-29T16:27:46.529+0000] {dagbag.py:545} INFO - Filling up the DagBag from /home/airflow/.local/lib/python3.12/site-packages/airflow/example_dags/example_skip_dag.py
[2025-09-29T16:27:46.566+0000] {processor.py:840} INFO - DAG(s) 'example_skip_dag' retrieved from /home/airflow/.local/lib/python3.12/site-packages/airflow/example_dags/example_skip_dag.py
[2025-09-29T16:27:46.662+0000] {logging_mixin.py:188} INFO - [2025-09-29T16:27:46.662+0000] {dag.py:3089} INFO - Sync 1 DAGs
[2025-09-29T16:27:46.743+0000] {logging_mixin.py:188} INFO - [2025-09-29T16:27:46.743+0000] {dag.py:3947} INFO - Setting next_dagrun for example_skip_dag to 2025-09-28 00:00:00+00:00, run_after=2025-09-29 00:00:00+00:00
[2025-09-29T16:27:46.834+0000] {processor.py:183} INFO - Processing /home/airflow/.local/lib/python3.12/site-packages/airflow/example_dags/example_skip_dag.py took 0.339 seconds
[2025-09-29T16:28:17.023+0000] {processor.py:161} INFO - Started process (PID=28347) to work on /home/airflow/.local/lib/python3.12/site-packages/airflow/example_dags/example_skip_dag.py
[2025-09-29T16:28:17.026+0000] {processor.py:830} INFO - Processing file /home/airflow/.local/lib/python3.12/site-packages/airflow/example_dags/example_skip_dag.py for tasks to queue
[2025-09-29T16:28:17.028+0000] {logging_mixin.py:188} INFO - [2025-09-29T16:28:17.027+0000] {dagbag.py:545} INFO - Filling up the DagBag from /home/airflow/.local/lib/python3.12/site-packages/airflow/example_dags/example_skip_dag.py
[2025-09-29T16:28:17.044+0000] {processor.py:840} INFO - DAG(s) 'example_skip_dag' retrieved from /home/airflow/.local/lib/python3.12/site-packages/airflow/example_dags/example_skip_dag.py
[2025-09-29T16:28:17.099+0000] {logging_mixin.py:188} INFO - [2025-09-29T16:28:17.099+0000] {dag.py:3089} INFO - Sync 1 DAGs
[2025-09-29T16:28:17.151+0000] {logging_mixin.py:188} INFO - [2025-09-29T16:28:17.150+0000] {dag.py:3947} INFO - Setting next_dagrun for example_skip_dag to 2025-09-28 00:00:00+00:00, run_after=2025-09-29 00:00:00+00:00
[2025-09-29T16:28:17.204+0000] {processor.py:183} INFO - Processing /home/airflow/.local/lib/python3.12/site-packages/airflow/example_dags/example_skip_dag.py took 0.199 seconds
[2025-09-29T16:28:48.052+0000] {processor.py:161} INFO - Started process (PID=28609) to work on /home/airflow/.local/lib/python3.12/site-packages/airflow/example_dags/example_skip_dag.py
[2025-09-29T16:28:48.055+0000] {processor.py:830} INFO - Processing file /home/airflow/.local/lib/python3.12/site-packages/airflow/example_dags/example_skip_dag.py for tasks to queue
[2025-09-29T16:28:48.057+0000] {logging_mixin.py:188} INFO - [2025-09-29T16:28:48.056+0000] {dagbag.py:545} INFO - Filling up the DagBag from /home/airflow/.local/lib/python3.12/site-packages/airflow/example_dags/example_skip_dag.py
[2025-09-29T16:28:48.073+0000] {processor.py:840} INFO - DAG(s) 'example_skip_dag' retrieved from /home/airflow/.local/lib/python3.12/site-packages/airflow/example_dags/example_skip_dag.py
[2025-09-29T16:28:48.133+0000] {logging_mixin.py:188} INFO - [2025-09-29T16:28:48.133+0000] {dag.py:3089} INFO - Sync 1 DAGs
[2025-09-29T16:28:48.182+0000] {logging_mixin.py:188} INFO - [2025-09-29T16:28:48.181+0000] {dag.py:3947} INFO - Setting next_dagrun for example_skip_dag to 2025-09-28 00:00:00+00:00, run_after=2025-09-29 00:00:00+00:00
[2025-09-29T16:28:48.228+0000] {processor.py:183} INFO - Processing /home/airflow/.local/lib/python3.12/site-packages/airflow/example_dags/example_skip_dag.py took 0.194 seconds
[2025-09-29T16:29:19.042+0000] {processor.py:161} INFO - Started process (PID=28869) to work on /home/airflow/.local/lib/python3.12/site-packages/airflow/example_dags/example_skip_dag.py
[2025-09-29T16:29:19.044+0000] {processor.py:830} INFO - Processing file /home/airflow/.local/lib/python3.12/site-packages/airflow/example_dags/example_skip_dag.py for tasks to queue
[2025-09-29T16:29:19.046+0000] {logging_mixin.py:188} INFO - [2025-09-29T16:29:19.045+0000] {dagbag.py:545} INFO - Filling up the DagBag from /home/airflow/.local/lib/python3.12/site-packages/airflow/example_dags/example_skip_dag.py
[2025-09-29T16:29:19.064+0000] {processor.py:840} INFO - DAG(s) 'example_skip_dag' retrieved from /home/airflow/.local/lib/python3.12/site-packages/airflow/example_dags/example_skip_dag.py
[2025-09-29T16:29:19.134+0000] {logging_mixin.py:188} INFO - [2025-09-29T16:29:19.134+0000] {dag.py:3089} INFO - Sync 1 DAGs
[2025-09-29T16:29:19.186+0000] {logging_mixin.py:188} INFO - [2025-09-29T16:29:19.185+0000] {dag.py:3947} INFO - Setting next_dagrun for example_skip_dag to 2025-09-28 00:00:00+00:00, run_after=2025-09-29 00:00:00+00:00
[2025-09-29T16:29:19.229+0000] {processor.py:183} INFO - Processing /home/airflow/.local/lib/python3.12/site-packages/airflow/example_dags/example_skip_dag.py took 0.210 seconds
[2025-09-29T16:29:50.030+0000] {processor.py:161} INFO - Started process (PID=29130) to work on /home/airflow/.local/lib/python3.12/site-packages/airflow/example_dags/example_skip_dag.py
[2025-09-29T16:29:50.033+0000] {processor.py:830} INFO - Processing file /home/airflow/.local/lib/python3.12/site-packages/airflow/example_dags/example_skip_dag.py for tasks to queue
[2025-09-29T16:29:50.036+0000] {logging_mixin.py:188} INFO - [2025-09-29T16:29:50.035+0000] {dagbag.py:545} INFO - Filling up the DagBag from /home/airflow/.local/lib/python3.12/site-packages/airflow/example_dags/example_skip_dag.py
[2025-09-29T16:29:50.056+0000] {processor.py:840} INFO - DAG(s) 'example_skip_dag' retrieved from /home/airflow/.local/lib/python3.12/site-packages/airflow/example_dags/example_skip_dag.py
[2025-09-29T16:29:50.122+0000] {logging_mixin.py:188} INFO - [2025-09-29T16:29:50.121+0000] {dag.py:3089} INFO - Sync 1 DAGs
[2025-09-29T16:29:50.185+0000] {logging_mixin.py:188} INFO - [2025-09-29T16:29:50.185+0000] {dag.py:3947} INFO - Setting next_dagrun for example_skip_dag to 2025-09-28 00:00:00+00:00, run_after=2025-09-29 00:00:00+00:00
[2025-09-29T16:29:50.250+0000] {processor.py:183} INFO - Processing /home/airflow/.local/lib/python3.12/site-packages/airflow/example_dags/example_skip_dag.py took 0.238 seconds
[2025-09-29T16:30:20.832+0000] {processor.py:161} INFO - Started process (PID=29391) to work on /home/airflow/.local/lib/python3.12/site-packages/airflow/example_dags/example_skip_dag.py
[2025-09-29T16:30:20.834+0000] {processor.py:830} INFO - Processing file /home/airflow/.local/lib/python3.12/site-packages/airflow/example_dags/example_skip_dag.py for tasks to queue
[2025-09-29T16:30:20.837+0000] {logging_mixin.py:188} INFO - [2025-09-29T16:30:20.836+0000] {dagbag.py:545} INFO - Filling up the DagBag from /home/airflow/.local/lib/python3.12/site-packages/airflow/example_dags/example_skip_dag.py
[2025-09-29T16:30:20.856+0000] {processor.py:840} INFO - DAG(s) 'example_skip_dag' retrieved from /home/airflow/.local/lib/python3.12/site-packages/airflow/example_dags/example_skip_dag.py
[2025-09-29T16:30:20.923+0000] {logging_mixin.py:188} INFO - [2025-09-29T16:30:20.922+0000] {dag.py:3089} INFO - Sync 1 DAGs
[2025-09-29T16:30:20.980+0000] {logging_mixin.py:188} INFO - [2025-09-29T16:30:20.979+0000] {dag.py:3947} INFO - Setting next_dagrun for example_skip_dag to 2025-09-28 00:00:00+00:00, run_after=2025-09-29 00:00:00+00:00
[2025-09-29T16:30:21.034+0000] {processor.py:183} INFO - Processing /home/airflow/.local/lib/python3.12/site-packages/airflow/example_dags/example_skip_dag.py took 0.221 seconds
[2025-09-29T16:30:51.255+0000] {processor.py:161} INFO - Started process (PID=29652) to work on /home/airflow/.local/lib/python3.12/site-packages/airflow/example_dags/example_skip_dag.py
[2025-09-29T16:30:51.257+0000] {processor.py:830} INFO - Processing file /home/airflow/.local/lib/python3.12/site-packages/airflow/example_dags/example_skip_dag.py for tasks to queue
[2025-09-29T16:30:51.259+0000] {logging_mixin.py:188} INFO - [2025-09-29T16:30:51.258+0000] {dagbag.py:545} INFO - Filling up the DagBag from /home/airflow/.local/lib/python3.12/site-packages/airflow/example_dags/example_skip_dag.py
[2025-09-29T16:30:51.276+0000] {processor.py:840} INFO - DAG(s) 'example_skip_dag' retrieved from /home/airflow/.local/lib/python3.12/site-packages/airflow/example_dags/example_skip_dag.py
[2025-09-29T16:30:51.332+0000] {logging_mixin.py:188} INFO - [2025-09-29T16:30:51.331+0000] {dag.py:3089} INFO - Sync 1 DAGs
[2025-09-29T16:30:51.388+0000] {logging_mixin.py:188} INFO - [2025-09-29T16:30:51.387+0000] {dag.py:3947} INFO - Setting next_dagrun for example_skip_dag to 2025-09-28 00:00:00+00:00, run_after=2025-09-29 00:00:00+00:00
[2025-09-29T16:30:51.460+0000] {processor.py:183} INFO - Processing /home/airflow/.local/lib/python3.12/site-packages/airflow/example_dags/example_skip_dag.py took 0.221 seconds
[2025-09-29T16:31:22.412+0000] {processor.py:161} INFO - Started process (PID=29913) to work on /home/airflow/.local/lib/python3.12/site-packages/airflow/example_dags/example_skip_dag.py
[2025-09-29T16:31:22.414+0000] {processor.py:830} INFO - Processing file /home/airflow/.local/lib/python3.12/site-packages/airflow/example_dags/example_skip_dag.py for tasks to queue
[2025-09-29T16:31:22.417+0000] {logging_mixin.py:188} INFO - [2025-09-29T16:31:22.416+0000] {dagbag.py:545} INFO - Filling up the DagBag from /home/airflow/.local/lib/python3.12/site-packages/airflow/example_dags/example_skip_dag.py
[2025-09-29T16:31:22.439+0000] {processor.py:840} INFO - DAG(s) 'example_skip_dag' retrieved from /home/airflow/.local/lib/python3.12/site-packages/airflow/example_dags/example_skip_dag.py
[2025-09-29T16:31:22.496+0000] {logging_mixin.py:188} INFO - [2025-09-29T16:31:22.495+0000] {dag.py:3089} INFO - Sync 1 DAGs
[2025-09-29T16:31:22.549+0000] {logging_mixin.py:188} INFO - [2025-09-29T16:31:22.549+0000] {dag.py:3947} INFO - Setting next_dagrun for example_skip_dag to 2025-09-28 00:00:00+00:00, run_after=2025-09-29 00:00:00+00:00
[2025-09-29T16:31:22.598+0000] {processor.py:183} INFO - Processing /home/airflow/.local/lib/python3.12/site-packages/airflow/example_dags/example_skip_dag.py took 0.201 seconds
[2025-09-29T16:31:53.434+0000] {processor.py:161} INFO - Started process (PID=30174) to work on /home/airflow/.local/lib/python3.12/site-packages/airflow/example_dags/example_skip_dag.py
[2025-09-29T16:31:53.437+0000] {processor.py:830} INFO - Processing file /home/airflow/.local/lib/python3.12/site-packages/airflow/example_dags/example_skip_dag.py for tasks to queue
[2025-09-29T16:31:53.439+0000] {logging_mixin.py:188} INFO - [2025-09-29T16:31:53.438+0000] {dagbag.py:545} INFO - Filling up the DagBag from /home/airflow/.local/lib/python3.12/site-packages/airflow/example_dags/example_skip_dag.py
[2025-09-29T16:31:53.454+0000] {processor.py:840} INFO - DAG(s) 'example_skip_dag' retrieved from /home/airflow/.local/lib/python3.12/site-packages/airflow/example_dags/example_skip_dag.py
[2025-09-29T16:31:53.511+0000] {logging_mixin.py:188} INFO - [2025-09-29T16:31:53.510+0000] {dag.py:3089} INFO - Sync 1 DAGs
[2025-09-29T16:31:53.560+0000] {logging_mixin.py:188} INFO - [2025-09-29T16:31:53.560+0000] {dag.py:3947} INFO - Setting next_dagrun for example_skip_dag to 2025-09-28 00:00:00+00:00, run_after=2025-09-29 00:00:00+00:00
[2025-09-29T16:31:53.608+0000] {processor.py:183} INFO - Processing /home/airflow/.local/lib/python3.12/site-packages/airflow/example_dags/example_skip_dag.py took 0.190 seconds
[2025-09-29T16:32:24.245+0000] {processor.py:161} INFO - Started process (PID=30442) to work on /home/airflow/.local/lib/python3.12/site-packages/airflow/example_dags/example_skip_dag.py
[2025-09-29T16:32:24.247+0000] {processor.py:830} INFO - Processing file /home/airflow/.local/lib/python3.12/site-packages/airflow/example_dags/example_skip_dag.py for tasks to queue
[2025-09-29T16:32:24.250+0000] {logging_mixin.py:188} INFO - [2025-09-29T16:32:24.249+0000] {dagbag.py:545} INFO - Filling up the DagBag from /home/airflow/.local/lib/python3.12/site-packages/airflow/example_dags/example_skip_dag.py
[2025-09-29T16:32:24.267+0000] {processor.py:840} INFO - DAG(s) 'example_skip_dag' retrieved from /home/airflow/.local/lib/python3.12/site-packages/airflow/example_dags/example_skip_dag.py
[2025-09-29T16:32:24.328+0000] {logging_mixin.py:188} INFO - [2025-09-29T16:32:24.328+0000] {dag.py:3089} INFO - Sync 1 DAGs
[2025-09-29T16:32:24.391+0000] {logging_mixin.py:188} INFO - [2025-09-29T16:32:24.390+0000] {dag.py:3947} INFO - Setting next_dagrun for example_skip_dag to 2025-09-28 00:00:00+00:00, run_after=2025-09-29 00:00:00+00:00
[2025-09-29T16:32:24.445+0000] {processor.py:183} INFO - Processing /home/airflow/.local/lib/python3.12/site-packages/airflow/example_dags/example_skip_dag.py took 0.217 seconds
[2025-09-29T16:32:54.775+0000] {processor.py:161} INFO - Started process (PID=30702) to work on /home/airflow/.local/lib/python3.12/site-packages/airflow/example_dags/example_skip_dag.py
[2025-09-29T16:32:54.777+0000] {processor.py:830} INFO - Processing file /home/airflow/.local/lib/python3.12/site-packages/airflow/example_dags/example_skip_dag.py for tasks to queue
[2025-09-29T16:32:54.779+0000] {logging_mixin.py:188} INFO - [2025-09-29T16:32:54.779+0000] {dagbag.py:545} INFO - Filling up the DagBag from /home/airflow/.local/lib/python3.12/site-packages/airflow/example_dags/example_skip_dag.py
[2025-09-29T16:32:54.795+0000] {processor.py:840} INFO - DAG(s) 'example_skip_dag' retrieved from /home/airflow/.local/lib/python3.12/site-packages/airflow/example_dags/example_skip_dag.py
[2025-09-29T16:32:54.852+0000] {logging_mixin.py:188} INFO - [2025-09-29T16:32:54.852+0000] {dag.py:3089} INFO - Sync 1 DAGs
[2025-09-29T16:32:54.902+0000] {logging_mixin.py:188} INFO - [2025-09-29T16:32:54.901+0000] {dag.py:3947} INFO - Setting next_dagrun for example_skip_dag to 2025-09-28 00:00:00+00:00, run_after=2025-09-29 00:00:00+00:00
[2025-09-29T16:32:54.950+0000] {processor.py:183} INFO - Processing /home/airflow/.local/lib/python3.12/site-packages/airflow/example_dags/example_skip_dag.py took 0.190 seconds
[2025-09-29T16:33:25.125+0000] {processor.py:161} INFO - Started process (PID=30962) to work on /home/airflow/.local/lib/python3.12/site-packages/airflow/example_dags/example_skip_dag.py
[2025-09-29T16:33:25.128+0000] {processor.py:830} INFO - Processing file /home/airflow/.local/lib/python3.12/site-packages/airflow/example_dags/example_skip_dag.py for tasks to queue
[2025-09-29T16:33:25.130+0000] {logging_mixin.py:188} INFO - [2025-09-29T16:33:25.129+0000] {dagbag.py:545} INFO - Filling up the DagBag from /home/airflow/.local/lib/python3.12/site-packages/airflow/example_dags/example_skip_dag.py
[2025-09-29T16:33:25.149+0000] {processor.py:840} INFO - DAG(s) 'example_skip_dag' retrieved from /home/airflow/.local/lib/python3.12/site-packages/airflow/example_dags/example_skip_dag.py
[2025-09-29T16:33:25.217+0000] {logging_mixin.py:188} INFO - [2025-09-29T16:33:25.216+0000] {dag.py:3089} INFO - Sync 1 DAGs
[2025-09-29T16:33:25.273+0000] {logging_mixin.py:188} INFO - [2025-09-29T16:33:25.272+0000] {dag.py:3947} INFO - Setting next_dagrun for example_skip_dag to 2025-09-28 00:00:00+00:00, run_after=2025-09-29 00:00:00+00:00
[2025-09-29T16:33:25.327+0000] {processor.py:183} INFO - Processing /home/airflow/.local/lib/python3.12/site-packages/airflow/example_dags/example_skip_dag.py took 0.218 seconds
[2025-09-29T16:33:56.218+0000] {processor.py:161} INFO - Started process (PID=31225) to work on /home/airflow/.local/lib/python3.12/site-packages/airflow/example_dags/example_skip_dag.py
[2025-09-29T16:33:56.221+0000] {processor.py:830} INFO - Processing file /home/airflow/.local/lib/python3.12/site-packages/airflow/example_dags/example_skip_dag.py for tasks to queue
[2025-09-29T16:33:56.223+0000] {logging_mixin.py:188} INFO - [2025-09-29T16:33:56.222+0000] {dagbag.py:545} INFO - Filling up the DagBag from /home/airflow/.local/lib/python3.12/site-packages/airflow/example_dags/example_skip_dag.py
[2025-09-29T16:33:56.240+0000] {processor.py:840} INFO - DAG(s) 'example_skip_dag' retrieved from /home/airflow/.local/lib/python3.12/site-packages/airflow/example_dags/example_skip_dag.py
[2025-09-29T16:33:56.299+0000] {logging_mixin.py:188} INFO - [2025-09-29T16:33:56.299+0000] {dag.py:3089} INFO - Sync 1 DAGs
[2025-09-29T16:33:56.350+0000] {logging_mixin.py:188} INFO - [2025-09-29T16:33:56.349+0000] {dag.py:3947} INFO - Setting next_dagrun for example_skip_dag to 2025-09-28 00:00:00+00:00, run_after=2025-09-29 00:00:00+00:00
[2025-09-29T16:33:56.397+0000] {processor.py:183} INFO - Processing /home/airflow/.local/lib/python3.12/site-packages/airflow/example_dags/example_skip_dag.py took 0.195 seconds
[2025-09-29T16:34:28.011+0000] {processor.py:161} INFO - Started process (PID=31486) to work on /home/airflow/.local/lib/python3.12/site-packages/airflow/example_dags/example_skip_dag.py
[2025-09-29T16:34:28.014+0000] {processor.py:830} INFO - Processing file /home/airflow/.local/lib/python3.12/site-packages/airflow/example_dags/example_skip_dag.py for tasks to queue
[2025-09-29T16:34:28.016+0000] {logging_mixin.py:188} INFO - [2025-09-29T16:34:28.016+0000] {dagbag.py:545} INFO - Filling up the DagBag from /home/airflow/.local/lib/python3.12/site-packages/airflow/example_dags/example_skip_dag.py
[2025-09-29T16:34:28.053+0000] {processor.py:840} INFO - DAG(s) 'example_skip_dag' retrieved from /home/airflow/.local/lib/python3.12/site-packages/airflow/example_dags/example_skip_dag.py
[2025-09-29T16:34:28.139+0000] {logging_mixin.py:188} INFO - [2025-09-29T16:34:28.138+0000] {dag.py:3089} INFO - Sync 1 DAGs
[2025-09-29T16:34:28.207+0000] {logging_mixin.py:188} INFO - [2025-09-29T16:34:28.207+0000] {dag.py:3947} INFO - Setting next_dagrun for example_skip_dag to 2025-09-28 00:00:00+00:00, run_after=2025-09-29 00:00:00+00:00
[2025-09-29T16:34:28.262+0000] {processor.py:183} INFO - Processing /home/airflow/.local/lib/python3.12/site-packages/airflow/example_dags/example_skip_dag.py took 0.267 seconds
[2025-09-29T16:47:34.899+0000] {processor.py:161} INFO - Started process (PID=362) to work on /home/airflow/.local/lib/python3.12/site-packages/airflow/example_dags/example_skip_dag.py
[2025-09-29T16:47:34.903+0000] {processor.py:830} INFO - Processing file /home/airflow/.local/lib/python3.12/site-packages/airflow/example_dags/example_skip_dag.py for tasks to queue
[2025-09-29T16:47:34.908+0000] {logging_mixin.py:188} INFO - [2025-09-29T16:47:34.907+0000] {dagbag.py:545} INFO - Filling up the DagBag from /home/airflow/.local/lib/python3.12/site-packages/airflow/example_dags/example_skip_dag.py
[2025-09-29T16:47:34.933+0000] {processor.py:840} INFO - DAG(s) 'example_skip_dag' retrieved from /home/airflow/.local/lib/python3.12/site-packages/airflow/example_dags/example_skip_dag.py
[2025-09-29T16:47:34.971+0000] {logging_mixin.py:188} INFO - [2025-09-29T16:47:34.970+0000] {dag.py:3089} INFO - Sync 1 DAGs
[2025-09-29T16:47:35.033+0000] {logging_mixin.py:188} INFO - [2025-09-29T16:47:35.032+0000] {dag.py:3947} INFO - Setting next_dagrun for example_skip_dag to 2025-09-28 00:00:00+00:00, run_after=2025-09-29 00:00:00+00:00
[2025-09-29T16:47:35.080+0000] {processor.py:183} INFO - Processing /home/airflow/.local/lib/python3.12/site-packages/airflow/example_dags/example_skip_dag.py took 0.197 seconds
[2025-09-29T16:48:13.090+0000] {processor.py:161} INFO - Started process (PID=636) to work on /home/airflow/.local/lib/python3.12/site-packages/airflow/example_dags/example_skip_dag.py
[2025-09-29T16:48:13.093+0000] {processor.py:830} INFO - Processing file /home/airflow/.local/lib/python3.12/site-packages/airflow/example_dags/example_skip_dag.py for tasks to queue
[2025-09-29T16:48:13.097+0000] {logging_mixin.py:188} INFO - [2025-09-29T16:48:13.096+0000] {dagbag.py:545} INFO - Filling up the DagBag from /home/airflow/.local/lib/python3.12/site-packages/airflow/example_dags/example_skip_dag.py
[2025-09-29T16:48:13.144+0000] {processor.py:840} INFO - DAG(s) 'example_skip_dag' retrieved from /home/airflow/.local/lib/python3.12/site-packages/airflow/example_dags/example_skip_dag.py
[2025-09-29T16:48:13.858+0000] {logging_mixin.py:188} INFO - [2025-09-29T16:48:13.858+0000] {dag.py:3089} INFO - Sync 1 DAGs
[2025-09-29T16:48:14.032+0000] {logging_mixin.py:188} INFO - [2025-09-29T16:48:14.031+0000] {dag.py:3947} INFO - Setting next_dagrun for example_skip_dag to 2025-09-28 00:00:00+00:00, run_after=2025-09-29 00:00:00+00:00
[2025-09-29T16:48:14.138+0000] {processor.py:183} INFO - Processing /home/airflow/.local/lib/python3.12/site-packages/airflow/example_dags/example_skip_dag.py took 1.077 seconds
[2025-09-29T16:48:44.730+0000] {processor.py:161} INFO - Started process (PID=908) to work on /home/airflow/.local/lib/python3.12/site-packages/airflow/example_dags/example_skip_dag.py
[2025-09-29T16:48:44.733+0000] {processor.py:830} INFO - Processing file /home/airflow/.local/lib/python3.12/site-packages/airflow/example_dags/example_skip_dag.py for tasks to queue
[2025-09-29T16:48:44.738+0000] {logging_mixin.py:188} INFO - [2025-09-29T16:48:44.737+0000] {dagbag.py:545} INFO - Filling up the DagBag from /home/airflow/.local/lib/python3.12/site-packages/airflow/example_dags/example_skip_dag.py
[2025-09-29T16:48:44.752+0000] {processor.py:840} INFO - DAG(s) 'example_skip_dag' retrieved from /home/airflow/.local/lib/python3.12/site-packages/airflow/example_dags/example_skip_dag.py
[2025-09-29T16:48:44.809+0000] {logging_mixin.py:188} INFO - [2025-09-29T16:48:44.809+0000] {dag.py:3089} INFO - Sync 1 DAGs
[2025-09-29T16:48:44.860+0000] {logging_mixin.py:188} INFO - [2025-09-29T16:48:44.860+0000] {dag.py:3947} INFO - Setting next_dagrun for example_skip_dag to 2025-09-28 00:00:00+00:00, run_after=2025-09-29 00:00:00+00:00
[2025-09-29T16:48:44.917+0000] {processor.py:183} INFO - Processing /home/airflow/.local/lib/python3.12/site-packages/airflow/example_dags/example_skip_dag.py took 0.201 seconds
[2025-09-29T16:55:37.870+0000] {processor.py:161} INFO - Started process (PID=382) to work on /home/airflow/.local/lib/python3.12/site-packages/airflow/example_dags/example_skip_dag.py
[2025-09-29T16:55:37.873+0000] {processor.py:830} INFO - Processing file /home/airflow/.local/lib/python3.12/site-packages/airflow/example_dags/example_skip_dag.py for tasks to queue
[2025-09-29T16:55:37.877+0000] {logging_mixin.py:188} INFO - [2025-09-29T16:55:37.876+0000] {dagbag.py:545} INFO - Filling up the DagBag from /home/airflow/.local/lib/python3.12/site-packages/airflow/example_dags/example_skip_dag.py
[2025-09-29T16:55:37.897+0000] {processor.py:840} INFO - DAG(s) 'example_skip_dag' retrieved from /home/airflow/.local/lib/python3.12/site-packages/airflow/example_dags/example_skip_dag.py
[2025-09-29T16:55:37.933+0000] {logging_mixin.py:188} INFO - [2025-09-29T16:55:37.932+0000] {dag.py:3089} INFO - Sync 1 DAGs
[2025-09-29T16:55:37.983+0000] {logging_mixin.py:188} INFO - [2025-09-29T16:55:37.983+0000] {dag.py:3947} INFO - Setting next_dagrun for example_skip_dag to 2025-09-28 00:00:00+00:00, run_after=2025-09-29 00:00:00+00:00
[2025-09-29T16:55:38.031+0000] {processor.py:183} INFO - Processing /home/airflow/.local/lib/python3.12/site-packages/airflow/example_dags/example_skip_dag.py took 0.175 seconds
[2025-09-29T16:56:17.399+0000] {processor.py:161} INFO - Started process (PID=660) to work on /home/airflow/.local/lib/python3.12/site-packages/airflow/example_dags/example_skip_dag.py
[2025-09-29T16:56:17.456+0000] {processor.py:830} INFO - Processing file /home/airflow/.local/lib/python3.12/site-packages/airflow/example_dags/example_skip_dag.py for tasks to queue
[2025-09-29T16:56:17.461+0000] {logging_mixin.py:188} INFO - [2025-09-29T16:56:17.460+0000] {dagbag.py:545} INFO - Filling up the DagBag from /home/airflow/.local/lib/python3.12/site-packages/airflow/example_dags/example_skip_dag.py
[2025-09-29T16:56:17.477+0000] {processor.py:840} INFO - DAG(s) 'example_skip_dag' retrieved from /home/airflow/.local/lib/python3.12/site-packages/airflow/example_dags/example_skip_dag.py
[2025-09-29T16:56:17.868+0000] {logging_mixin.py:188} INFO - [2025-09-29T16:56:17.867+0000] {dag.py:3089} INFO - Sync 1 DAGs
[2025-09-29T16:56:17.981+0000] {logging_mixin.py:188} INFO - [2025-09-29T16:56:17.979+0000] {dag.py:3947} INFO - Setting next_dagrun for example_skip_dag to 2025-09-28 00:00:00+00:00, run_after=2025-09-29 00:00:00+00:00
[2025-09-29T16:56:18.076+0000] {processor.py:183} INFO - Processing /home/airflow/.local/lib/python3.12/site-packages/airflow/example_dags/example_skip_dag.py took 0.692 seconds
[2025-09-29T16:56:48.525+0000] {processor.py:161} INFO - Started process (PID=928) to work on /home/airflow/.local/lib/python3.12/site-packages/airflow/example_dags/example_skip_dag.py
[2025-09-29T16:56:48.583+0000] {processor.py:830} INFO - Processing file /home/airflow/.local/lib/python3.12/site-packages/airflow/example_dags/example_skip_dag.py for tasks to queue
[2025-09-29T16:56:48.587+0000] {logging_mixin.py:188} INFO - [2025-09-29T16:56:48.587+0000] {dagbag.py:545} INFO - Filling up the DagBag from /home/airflow/.local/lib/python3.12/site-packages/airflow/example_dags/example_skip_dag.py
[2025-09-29T16:56:48.651+0000] {processor.py:840} INFO - DAG(s) 'example_skip_dag' retrieved from /home/airflow/.local/lib/python3.12/site-packages/airflow/example_dags/example_skip_dag.py
[2025-09-29T16:56:48.754+0000] {logging_mixin.py:188} INFO - [2025-09-29T16:56:48.753+0000] {dag.py:3089} INFO - Sync 1 DAGs
[2025-09-29T16:56:48.811+0000] {logging_mixin.py:188} INFO - [2025-09-29T16:56:48.810+0000] {dag.py:3947} INFO - Setting next_dagrun for example_skip_dag to 2025-09-28 00:00:00+00:00, run_after=2025-09-29 00:00:00+00:00
[2025-09-29T16:56:48.968+0000] {processor.py:183} INFO - Processing /home/airflow/.local/lib/python3.12/site-packages/airflow/example_dags/example_skip_dag.py took 0.461 seconds
[2025-09-29T16:57:22.704+0000] {processor.py:161} INFO - Started process (PID=1196) to work on /home/airflow/.local/lib/python3.12/site-packages/airflow/example_dags/example_skip_dag.py
[2025-09-29T16:57:22.707+0000] {processor.py:830} INFO - Processing file /home/airflow/.local/lib/python3.12/site-packages/airflow/example_dags/example_skip_dag.py for tasks to queue
[2025-09-29T16:57:22.713+0000] {logging_mixin.py:188} INFO - [2025-09-29T16:57:22.712+0000] {dagbag.py:545} INFO - Filling up the DagBag from /home/airflow/.local/lib/python3.12/site-packages/airflow/example_dags/example_skip_dag.py
[2025-09-29T16:57:22.732+0000] {processor.py:840} INFO - DAG(s) 'example_skip_dag' retrieved from /home/airflow/.local/lib/python3.12/site-packages/airflow/example_dags/example_skip_dag.py
[2025-09-29T16:57:22.807+0000] {logging_mixin.py:188} INFO - [2025-09-29T16:57:22.806+0000] {dag.py:3089} INFO - Sync 1 DAGs
[2025-09-29T16:57:22.882+0000] {logging_mixin.py:188} INFO - [2025-09-29T16:57:22.881+0000] {dag.py:3947} INFO - Setting next_dagrun for example_skip_dag to 2025-09-28 00:00:00+00:00, run_after=2025-09-29 00:00:00+00:00
[2025-09-29T16:57:22.936+0000] {processor.py:183} INFO - Processing /home/airflow/.local/lib/python3.12/site-packages/airflow/example_dags/example_skip_dag.py took 0.250 seconds
[2025-09-29T16:57:54.331+0000] {processor.py:161} INFO - Started process (PID=1461) to work on /home/airflow/.local/lib/python3.12/site-packages/airflow/example_dags/example_skip_dag.py
[2025-09-29T16:57:54.334+0000] {processor.py:830} INFO - Processing file /home/airflow/.local/lib/python3.12/site-packages/airflow/example_dags/example_skip_dag.py for tasks to queue
[2025-09-29T16:57:54.339+0000] {logging_mixin.py:188} INFO - [2025-09-29T16:57:54.338+0000] {dagbag.py:545} INFO - Filling up the DagBag from /home/airflow/.local/lib/python3.12/site-packages/airflow/example_dags/example_skip_dag.py
[2025-09-29T16:57:54.357+0000] {processor.py:840} INFO - DAG(s) 'example_skip_dag' retrieved from /home/airflow/.local/lib/python3.12/site-packages/airflow/example_dags/example_skip_dag.py
[2025-09-29T16:57:54.425+0000] {logging_mixin.py:188} INFO - [2025-09-29T16:57:54.424+0000] {dag.py:3089} INFO - Sync 1 DAGs
[2025-09-29T16:57:54.504+0000] {logging_mixin.py:188} INFO - [2025-09-29T16:57:54.503+0000] {dag.py:3947} INFO - Setting next_dagrun for example_skip_dag to 2025-09-28 00:00:00+00:00, run_after=2025-09-29 00:00:00+00:00
[2025-09-29T16:57:54.575+0000] {processor.py:183} INFO - Processing /home/airflow/.local/lib/python3.12/site-packages/airflow/example_dags/example_skip_dag.py took 0.259 seconds
[2025-09-29T16:58:25.396+0000] {processor.py:161} INFO - Started process (PID=1733) to work on /home/airflow/.local/lib/python3.12/site-packages/airflow/example_dags/example_skip_dag.py
[2025-09-29T16:58:25.399+0000] {processor.py:830} INFO - Processing file /home/airflow/.local/lib/python3.12/site-packages/airflow/example_dags/example_skip_dag.py for tasks to queue
[2025-09-29T16:58:25.403+0000] {logging_mixin.py:188} INFO - [2025-09-29T16:58:25.402+0000] {dagbag.py:545} INFO - Filling up the DagBag from /home/airflow/.local/lib/python3.12/site-packages/airflow/example_dags/example_skip_dag.py
[2025-09-29T16:58:25.420+0000] {processor.py:840} INFO - DAG(s) 'example_skip_dag' retrieved from /home/airflow/.local/lib/python3.12/site-packages/airflow/example_dags/example_skip_dag.py
[2025-09-29T16:58:25.521+0000] {logging_mixin.py:188} INFO - [2025-09-29T16:58:25.521+0000] {dag.py:3089} INFO - Sync 1 DAGs
[2025-09-29T16:58:25.631+0000] {logging_mixin.py:188} INFO - [2025-09-29T16:58:25.630+0000] {dag.py:3947} INFO - Setting next_dagrun for example_skip_dag to 2025-09-28 00:00:00+00:00, run_after=2025-09-29 00:00:00+00:00
[2025-09-29T16:58:25.709+0000] {processor.py:183} INFO - Processing /home/airflow/.local/lib/python3.12/site-packages/airflow/example_dags/example_skip_dag.py took 0.328 seconds
[2025-09-29T16:58:56.262+0000] {processor.py:161} INFO - Started process (PID=1985) to work on /home/airflow/.local/lib/python3.12/site-packages/airflow/example_dags/example_skip_dag.py
[2025-09-29T16:58:56.265+0000] {processor.py:830} INFO - Processing file /home/airflow/.local/lib/python3.12/site-packages/airflow/example_dags/example_skip_dag.py for tasks to queue
[2025-09-29T16:58:56.269+0000] {logging_mixin.py:188} INFO - [2025-09-29T16:58:56.268+0000] {dagbag.py:545} INFO - Filling up the DagBag from /home/airflow/.local/lib/python3.12/site-packages/airflow/example_dags/example_skip_dag.py
[2025-09-29T16:58:56.284+0000] {processor.py:840} INFO - DAG(s) 'example_skip_dag' retrieved from /home/airflow/.local/lib/python3.12/site-packages/airflow/example_dags/example_skip_dag.py
[2025-09-29T16:58:56.343+0000] {logging_mixin.py:188} INFO - [2025-09-29T16:58:56.343+0000] {dag.py:3089} INFO - Sync 1 DAGs
[2025-09-29T16:58:56.398+0000] {logging_mixin.py:188} INFO - [2025-09-29T16:58:56.398+0000] {dag.py:3947} INFO - Setting next_dagrun for example_skip_dag to 2025-09-28 00:00:00+00:00, run_after=2025-09-29 00:00:00+00:00
[2025-09-29T16:58:56.447+0000] {processor.py:183} INFO - Processing /home/airflow/.local/lib/python3.12/site-packages/airflow/example_dags/example_skip_dag.py took 0.200 seconds
[2025-09-29T16:59:27.424+0000] {processor.py:161} INFO - Started process (PID=2247) to work on /home/airflow/.local/lib/python3.12/site-packages/airflow/example_dags/example_skip_dag.py
[2025-09-29T16:59:27.426+0000] {processor.py:830} INFO - Processing file /home/airflow/.local/lib/python3.12/site-packages/airflow/example_dags/example_skip_dag.py for tasks to queue
[2025-09-29T16:59:27.431+0000] {logging_mixin.py:188} INFO - [2025-09-29T16:59:27.430+0000] {dagbag.py:545} INFO - Filling up the DagBag from /home/airflow/.local/lib/python3.12/site-packages/airflow/example_dags/example_skip_dag.py
[2025-09-29T16:59:27.447+0000] {processor.py:840} INFO - DAG(s) 'example_skip_dag' retrieved from /home/airflow/.local/lib/python3.12/site-packages/airflow/example_dags/example_skip_dag.py
[2025-09-29T16:59:27.509+0000] {logging_mixin.py:188} INFO - [2025-09-29T16:59:27.508+0000] {dag.py:3089} INFO - Sync 1 DAGs
[2025-09-29T16:59:27.562+0000] {logging_mixin.py:188} INFO - [2025-09-29T16:59:27.562+0000] {dag.py:3947} INFO - Setting next_dagrun for example_skip_dag to 2025-09-28 00:00:00+00:00, run_after=2025-09-29 00:00:00+00:00
[2025-09-29T16:59:27.609+0000] {processor.py:183} INFO - Processing /home/airflow/.local/lib/python3.12/site-packages/airflow/example_dags/example_skip_dag.py took 0.200 seconds
[2025-09-29T16:59:57.950+0000] {processor.py:161} INFO - Started process (PID=2508) to work on /home/airflow/.local/lib/python3.12/site-packages/airflow/example_dags/example_skip_dag.py
[2025-09-29T16:59:57.952+0000] {processor.py:830} INFO - Processing file /home/airflow/.local/lib/python3.12/site-packages/airflow/example_dags/example_skip_dag.py for tasks to queue
[2025-09-29T16:59:57.956+0000] {logging_mixin.py:188} INFO - [2025-09-29T16:59:57.955+0000] {dagbag.py:545} INFO - Filling up the DagBag from /home/airflow/.local/lib/python3.12/site-packages/airflow/example_dags/example_skip_dag.py
[2025-09-29T16:59:57.971+0000] {processor.py:840} INFO - DAG(s) 'example_skip_dag' retrieved from /home/airflow/.local/lib/python3.12/site-packages/airflow/example_dags/example_skip_dag.py
[2025-09-29T16:59:58.033+0000] {logging_mixin.py:188} INFO - [2025-09-29T16:59:58.032+0000] {dag.py:3089} INFO - Sync 1 DAGs
[2025-09-29T16:59:58.089+0000] {logging_mixin.py:188} INFO - [2025-09-29T16:59:58.089+0000] {dag.py:3947} INFO - Setting next_dagrun for example_skip_dag to 2025-09-28 00:00:00+00:00, run_after=2025-09-29 00:00:00+00:00
[2025-09-29T16:59:58.135+0000] {processor.py:183} INFO - Processing /home/airflow/.local/lib/python3.12/site-packages/airflow/example_dags/example_skip_dag.py took 0.199 seconds
[2025-09-29T17:00:28.958+0000] {processor.py:161} INFO - Started process (PID=2765) to work on /home/airflow/.local/lib/python3.12/site-packages/airflow/example_dags/example_skip_dag.py
[2025-09-29T17:00:28.962+0000] {processor.py:830} INFO - Processing file /home/airflow/.local/lib/python3.12/site-packages/airflow/example_dags/example_skip_dag.py for tasks to queue
[2025-09-29T17:00:28.966+0000] {logging_mixin.py:188} INFO - [2025-09-29T17:00:28.965+0000] {dagbag.py:545} INFO - Filling up the DagBag from /home/airflow/.local/lib/python3.12/site-packages/airflow/example_dags/example_skip_dag.py
[2025-09-29T17:00:28.984+0000] {processor.py:840} INFO - DAG(s) 'example_skip_dag' retrieved from /home/airflow/.local/lib/python3.12/site-packages/airflow/example_dags/example_skip_dag.py
[2025-09-29T17:00:29.046+0000] {logging_mixin.py:188} INFO - [2025-09-29T17:00:29.046+0000] {dag.py:3089} INFO - Sync 1 DAGs
[2025-09-29T17:00:29.118+0000] {logging_mixin.py:188} INFO - [2025-09-29T17:00:29.117+0000] {dag.py:3947} INFO - Setting next_dagrun for example_skip_dag to 2025-09-28 00:00:00+00:00, run_after=2025-09-29 00:00:00+00:00
[2025-09-29T17:00:29.164+0000] {processor.py:183} INFO - Processing /home/airflow/.local/lib/python3.12/site-packages/airflow/example_dags/example_skip_dag.py took 0.225 seconds
[2025-09-29T17:00:59.365+0000] {processor.py:161} INFO - Started process (PID=3027) to work on /home/airflow/.local/lib/python3.12/site-packages/airflow/example_dags/example_skip_dag.py
[2025-09-29T17:00:59.368+0000] {processor.py:830} INFO - Processing file /home/airflow/.local/lib/python3.12/site-packages/airflow/example_dags/example_skip_dag.py for tasks to queue
[2025-09-29T17:00:59.373+0000] {logging_mixin.py:188} INFO - [2025-09-29T17:00:59.372+0000] {dagbag.py:545} INFO - Filling up the DagBag from /home/airflow/.local/lib/python3.12/site-packages/airflow/example_dags/example_skip_dag.py
[2025-09-29T17:00:59.389+0000] {processor.py:840} INFO - DAG(s) 'example_skip_dag' retrieved from /home/airflow/.local/lib/python3.12/site-packages/airflow/example_dags/example_skip_dag.py
[2025-09-29T17:00:59.453+0000] {logging_mixin.py:188} INFO - [2025-09-29T17:00:59.453+0000] {dag.py:3089} INFO - Sync 1 DAGs
[2025-09-29T17:00:59.510+0000] {logging_mixin.py:188} INFO - [2025-09-29T17:00:59.509+0000] {dag.py:3947} INFO - Setting next_dagrun for example_skip_dag to 2025-09-28 00:00:00+00:00, run_after=2025-09-29 00:00:00+00:00
[2025-09-29T17:00:59.587+0000] {processor.py:183} INFO - Processing /home/airflow/.local/lib/python3.12/site-packages/airflow/example_dags/example_skip_dag.py took 0.238 seconds
[2025-09-29T17:01:29.913+0000] {processor.py:161} INFO - Started process (PID=3289) to work on /home/airflow/.local/lib/python3.12/site-packages/airflow/example_dags/example_skip_dag.py
[2025-09-29T17:01:29.915+0000] {processor.py:830} INFO - Processing file /home/airflow/.local/lib/python3.12/site-packages/airflow/example_dags/example_skip_dag.py for tasks to queue
[2025-09-29T17:01:29.920+0000] {logging_mixin.py:188} INFO - [2025-09-29T17:01:29.919+0000] {dagbag.py:545} INFO - Filling up the DagBag from /home/airflow/.local/lib/python3.12/site-packages/airflow/example_dags/example_skip_dag.py
[2025-09-29T17:01:29.935+0000] {processor.py:840} INFO - DAG(s) 'example_skip_dag' retrieved from /home/airflow/.local/lib/python3.12/site-packages/airflow/example_dags/example_skip_dag.py
[2025-09-29T17:01:29.992+0000] {logging_mixin.py:188} INFO - [2025-09-29T17:01:29.992+0000] {dag.py:3089} INFO - Sync 1 DAGs
[2025-09-29T17:01:30.043+0000] {logging_mixin.py:188} INFO - [2025-09-29T17:01:30.043+0000] {dag.py:3947} INFO - Setting next_dagrun for example_skip_dag to 2025-09-28 00:00:00+00:00, run_after=2025-09-29 00:00:00+00:00
[2025-09-29T17:01:30.089+0000] {processor.py:183} INFO - Processing /home/airflow/.local/lib/python3.12/site-packages/airflow/example_dags/example_skip_dag.py took 0.191 seconds
[2025-09-29T17:02:00.585+0000] {processor.py:161} INFO - Started process (PID=3551) to work on /home/airflow/.local/lib/python3.12/site-packages/airflow/example_dags/example_skip_dag.py
[2025-09-29T17:02:00.588+0000] {processor.py:830} INFO - Processing file /home/airflow/.local/lib/python3.12/site-packages/airflow/example_dags/example_skip_dag.py for tasks to queue
[2025-09-29T17:02:00.593+0000] {logging_mixin.py:188} INFO - [2025-09-29T17:02:00.592+0000] {dagbag.py:545} INFO - Filling up the DagBag from /home/airflow/.local/lib/python3.12/site-packages/airflow/example_dags/example_skip_dag.py
[2025-09-29T17:02:00.622+0000] {processor.py:840} INFO - DAG(s) 'example_skip_dag' retrieved from /home/airflow/.local/lib/python3.12/site-packages/airflow/example_dags/example_skip_dag.py
[2025-09-29T17:02:00.688+0000] {logging_mixin.py:188} INFO - [2025-09-29T17:02:00.687+0000] {dag.py:3089} INFO - Sync 1 DAGs
[2025-09-29T17:02:00.746+0000] {logging_mixin.py:188} INFO - [2025-09-29T17:02:00.745+0000] {dag.py:3947} INFO - Setting next_dagrun for example_skip_dag to 2025-09-28 00:00:00+00:00, run_after=2025-09-29 00:00:00+00:00
[2025-09-29T17:02:00.805+0000] {processor.py:183} INFO - Processing /home/airflow/.local/lib/python3.12/site-packages/airflow/example_dags/example_skip_dag.py took 0.245 seconds
[2025-09-29T17:02:31.215+0000] {processor.py:161} INFO - Started process (PID=3815) to work on /home/airflow/.local/lib/python3.12/site-packages/airflow/example_dags/example_skip_dag.py
[2025-09-29T17:02:31.218+0000] {processor.py:830} INFO - Processing file /home/airflow/.local/lib/python3.12/site-packages/airflow/example_dags/example_skip_dag.py for tasks to queue
[2025-09-29T17:02:31.222+0000] {logging_mixin.py:188} INFO - [2025-09-29T17:02:31.222+0000] {dagbag.py:545} INFO - Filling up the DagBag from /home/airflow/.local/lib/python3.12/site-packages/airflow/example_dags/example_skip_dag.py
[2025-09-29T17:02:31.240+0000] {processor.py:840} INFO - DAG(s) 'example_skip_dag' retrieved from /home/airflow/.local/lib/python3.12/site-packages/airflow/example_dags/example_skip_dag.py
[2025-09-29T17:02:31.321+0000] {logging_mixin.py:188} INFO - [2025-09-29T17:02:31.320+0000] {dag.py:3089} INFO - Sync 1 DAGs
[2025-09-29T17:02:31.384+0000] {logging_mixin.py:188} INFO - [2025-09-29T17:02:31.383+0000] {dag.py:3947} INFO - Setting next_dagrun for example_skip_dag to 2025-09-28 00:00:00+00:00, run_after=2025-09-29 00:00:00+00:00
[2025-09-29T17:02:31.444+0000] {processor.py:183} INFO - Processing /home/airflow/.local/lib/python3.12/site-packages/airflow/example_dags/example_skip_dag.py took 0.243 seconds
[2025-09-29T17:03:01.603+0000] {processor.py:161} INFO - Started process (PID=4077) to work on /home/airflow/.local/lib/python3.12/site-packages/airflow/example_dags/example_skip_dag.py
[2025-09-29T17:03:01.606+0000] {processor.py:830} INFO - Processing file /home/airflow/.local/lib/python3.12/site-packages/airflow/example_dags/example_skip_dag.py for tasks to queue
[2025-09-29T17:03:01.611+0000] {logging_mixin.py:188} INFO - [2025-09-29T17:03:01.610+0000] {dagbag.py:545} INFO - Filling up the DagBag from /home/airflow/.local/lib/python3.12/site-packages/airflow/example_dags/example_skip_dag.py
[2025-09-29T17:03:01.627+0000] {processor.py:840} INFO - DAG(s) 'example_skip_dag' retrieved from /home/airflow/.local/lib/python3.12/site-packages/airflow/example_dags/example_skip_dag.py
[2025-09-29T17:03:01.691+0000] {logging_mixin.py:188} INFO - [2025-09-29T17:03:01.691+0000] {dag.py:3089} INFO - Sync 1 DAGs
[2025-09-29T17:03:01.745+0000] {logging_mixin.py:188} INFO - [2025-09-29T17:03:01.744+0000] {dag.py:3947} INFO - Setting next_dagrun for example_skip_dag to 2025-09-28 00:00:00+00:00, run_after=2025-09-29 00:00:00+00:00
[2025-09-29T17:03:01.799+0000] {processor.py:183} INFO - Processing /home/airflow/.local/lib/python3.12/site-packages/airflow/example_dags/example_skip_dag.py took 0.212 seconds
[2025-09-29T17:03:31.995+0000] {processor.py:161} INFO - Started process (PID=4337) to work on /home/airflow/.local/lib/python3.12/site-packages/airflow/example_dags/example_skip_dag.py
[2025-09-29T17:03:31.998+0000] {processor.py:830} INFO - Processing file /home/airflow/.local/lib/python3.12/site-packages/airflow/example_dags/example_skip_dag.py for tasks to queue
[2025-09-29T17:03:32.003+0000] {logging_mixin.py:188} INFO - [2025-09-29T17:03:32.002+0000] {dagbag.py:545} INFO - Filling up the DagBag from /home/airflow/.local/lib/python3.12/site-packages/airflow/example_dags/example_skip_dag.py
[2025-09-29T17:03:32.019+0000] {processor.py:840} INFO - DAG(s) 'example_skip_dag' retrieved from /home/airflow/.local/lib/python3.12/site-packages/airflow/example_dags/example_skip_dag.py
[2025-09-29T17:03:32.087+0000] {logging_mixin.py:188} INFO - [2025-09-29T17:03:32.087+0000] {dag.py:3089} INFO - Sync 1 DAGs
[2025-09-29T17:03:32.143+0000] {logging_mixin.py:188} INFO - [2025-09-29T17:03:32.142+0000] {dag.py:3947} INFO - Setting next_dagrun for example_skip_dag to 2025-09-28 00:00:00+00:00, run_after=2025-09-29 00:00:00+00:00
[2025-09-29T17:03:32.195+0000] {processor.py:183} INFO - Processing /home/airflow/.local/lib/python3.12/site-packages/airflow/example_dags/example_skip_dag.py took 0.215 seconds
[2025-09-29T17:04:02.331+0000] {processor.py:161} INFO - Started process (PID=4599) to work on /home/airflow/.local/lib/python3.12/site-packages/airflow/example_dags/example_skip_dag.py
[2025-09-29T17:04:02.333+0000] {processor.py:830} INFO - Processing file /home/airflow/.local/lib/python3.12/site-packages/airflow/example_dags/example_skip_dag.py for tasks to queue
[2025-09-29T17:04:02.338+0000] {logging_mixin.py:188} INFO - [2025-09-29T17:04:02.337+0000] {dagbag.py:545} INFO - Filling up the DagBag from /home/airflow/.local/lib/python3.12/site-packages/airflow/example_dags/example_skip_dag.py
[2025-09-29T17:04:02.353+0000] {processor.py:840} INFO - DAG(s) 'example_skip_dag' retrieved from /home/airflow/.local/lib/python3.12/site-packages/airflow/example_dags/example_skip_dag.py
[2025-09-29T17:04:02.409+0000] {logging_mixin.py:188} INFO - [2025-09-29T17:04:02.409+0000] {dag.py:3089} INFO - Sync 1 DAGs
[2025-09-29T17:04:02.461+0000] {logging_mixin.py:188} INFO - [2025-09-29T17:04:02.460+0000] {dag.py:3947} INFO - Setting next_dagrun for example_skip_dag to 2025-09-28 00:00:00+00:00, run_after=2025-09-29 00:00:00+00:00
[2025-09-29T17:04:02.509+0000] {processor.py:183} INFO - Processing /home/airflow/.local/lib/python3.12/site-packages/airflow/example_dags/example_skip_dag.py took 0.193 seconds
[2025-09-29T17:04:32.815+0000] {processor.py:161} INFO - Started process (PID=4861) to work on /home/airflow/.local/lib/python3.12/site-packages/airflow/example_dags/example_skip_dag.py
[2025-09-29T17:04:32.818+0000] {processor.py:830} INFO - Processing file /home/airflow/.local/lib/python3.12/site-packages/airflow/example_dags/example_skip_dag.py for tasks to queue
[2025-09-29T17:04:32.823+0000] {logging_mixin.py:188} INFO - [2025-09-29T17:04:32.822+0000] {dagbag.py:545} INFO - Filling up the DagBag from /home/airflow/.local/lib/python3.12/site-packages/airflow/example_dags/example_skip_dag.py
[2025-09-29T17:04:32.840+0000] {processor.py:840} INFO - DAG(s) 'example_skip_dag' retrieved from /home/airflow/.local/lib/python3.12/site-packages/airflow/example_dags/example_skip_dag.py
[2025-09-29T17:04:32.902+0000] {logging_mixin.py:188} INFO - [2025-09-29T17:04:32.902+0000] {dag.py:3089} INFO - Sync 1 DAGs
[2025-09-29T17:04:32.213+0000] {logging_mixin.py:188} INFO - [2025-09-29T17:04:32.213+0000] {dag.py:3947} INFO - Setting next_dagrun for example_skip_dag to 2025-09-28 00:00:00+00:00, run_after=2025-09-29 00:00:00+00:00
[2025-09-29T17:04:32.262+0000] {processor.py:183} INFO - Processing /home/airflow/.local/lib/python3.12/site-packages/airflow/example_dags/example_skip_dag.py took 0.209 seconds
[2025-09-29T17:05:03.187+0000] {processor.py:161} INFO - Started process (PID=5134) to work on /home/airflow/.local/lib/python3.12/site-packages/airflow/example_dags/example_skip_dag.py
[2025-09-29T17:05:03.190+0000] {processor.py:830} INFO - Processing file /home/airflow/.local/lib/python3.12/site-packages/airflow/example_dags/example_skip_dag.py for tasks to queue
[2025-09-29T17:05:03.197+0000] {logging_mixin.py:188} INFO - [2025-09-29T17:05:03.196+0000] {dagbag.py:545} INFO - Filling up the DagBag from /home/airflow/.local/lib/python3.12/site-packages/airflow/example_dags/example_skip_dag.py
[2025-09-29T17:05:03.214+0000] {processor.py:840} INFO - DAG(s) 'example_skip_dag' retrieved from /home/airflow/.local/lib/python3.12/site-packages/airflow/example_dags/example_skip_dag.py
[2025-09-29T17:05:03.272+0000] {logging_mixin.py:188} INFO - [2025-09-29T17:05:03.272+0000] {dag.py:3089} INFO - Sync 1 DAGs
[2025-09-29T17:05:03.323+0000] {logging_mixin.py:188} INFO - [2025-09-29T17:05:03.323+0000] {dag.py:3947} INFO - Setting next_dagrun for example_skip_dag to 2025-09-28 00:00:00+00:00, run_after=2025-09-29 00:00:00+00:00
[2025-09-29T17:05:03.369+0000] {processor.py:183} INFO - Processing /home/airflow/.local/lib/python3.12/site-packages/airflow/example_dags/example_skip_dag.py took 0.196 seconds
[2025-09-29T17:05:35.995+0000] {processor.py:161} INFO - Started process (PID=5408) to work on /home/airflow/.local/lib/python3.12/site-packages/airflow/example_dags/example_skip_dag.py
[2025-09-29T17:05:36.000+0000] {processor.py:830} INFO - Processing file /home/airflow/.local/lib/python3.12/site-packages/airflow/example_dags/example_skip_dag.py for tasks to queue
[2025-09-29T17:05:36.004+0000] {logging_mixin.py:188} INFO - [2025-09-29T17:05:36.003+0000] {dagbag.py:545} INFO - Filling up the DagBag from /home/airflow/.local/lib/python3.12/site-packages/airflow/example_dags/example_skip_dag.py
[2025-09-29T17:05:36.021+0000] {processor.py:840} INFO - DAG(s) 'example_skip_dag' retrieved from /home/airflow/.local/lib/python3.12/site-packages/airflow/example_dags/example_skip_dag.py
[2025-09-29T17:05:36.087+0000] {logging_mixin.py:188} INFO - [2025-09-29T17:05:36.086+0000] {dag.py:3089} INFO - Sync 1 DAGs
[2025-09-29T17:05:36.154+0000] {logging_mixin.py:188} INFO - [2025-09-29T17:05:36.153+0000] {dag.py:3947} INFO - Setting next_dagrun for example_skip_dag to 2025-09-28 00:00:00+00:00, run_after=2025-09-29 00:00:00+00:00
[2025-09-29T17:05:36.209+0000] {processor.py:183} INFO - Processing /home/airflow/.local/lib/python3.12/site-packages/airflow/example_dags/example_skip_dag.py took 0.231 seconds
[2025-09-29T17:06:08.261+0000] {processor.py:161} INFO - Started process (PID=5670) to work on /home/airflow/.local/lib/python3.12/site-packages/airflow/example_dags/example_skip_dag.py
[2025-09-29T17:06:08.264+0000] {processor.py:830} INFO - Processing file /home/airflow/.local/lib/python3.12/site-packages/airflow/example_dags/example_skip_dag.py for tasks to queue
[2025-09-29T17:06:08.270+0000] {logging_mixin.py:188} INFO - [2025-09-29T17:06:08.268+0000] {dagbag.py:545} INFO - Filling up the DagBag from /home/airflow/.local/lib/python3.12/site-packages/airflow/example_dags/example_skip_dag.py
[2025-09-29T17:06:08.289+0000] {processor.py:840} INFO - DAG(s) 'example_skip_dag' retrieved from /home/airflow/.local/lib/python3.12/site-packages/airflow/example_dags/example_skip_dag.py
[2025-09-29T17:06:08.355+0000] {logging_mixin.py:188} INFO - [2025-09-29T17:06:08.354+0000] {dag.py:3089} INFO - Sync 1 DAGs
[2025-09-29T17:06:08.410+0000] {logging_mixin.py:188} INFO - [2025-09-29T17:06:08.410+0000] {dag.py:3947} INFO - Setting next_dagrun for example_skip_dag to 2025-09-28 00:00:00+00:00, run_after=2025-09-29 00:00:00+00:00
[2025-09-29T17:06:08.475+0000] {processor.py:183} INFO - Processing /home/airflow/.local/lib/python3.12/site-packages/airflow/example_dags/example_skip_dag.py took 0.231 seconds
[2025-09-29T17:06:39.100+0000] {processor.py:161} INFO - Started process (PID=5930) to work on /home/airflow/.local/lib/python3.12/site-packages/airflow/example_dags/example_skip_dag.py
[2025-09-29T17:06:39.103+0000] {processor.py:830} INFO - Processing file /home/airflow/.local/lib/python3.12/site-packages/airflow/example_dags/example_skip_dag.py for tasks to queue
[2025-09-29T17:06:39.108+0000] {logging_mixin.py:188} INFO - [2025-09-29T17:06:39.107+0000] {dagbag.py:545} INFO - Filling up the DagBag from /home/airflow/.local/lib/python3.12/site-packages/airflow/example_dags/example_skip_dag.py
[2025-09-29T17:06:39.126+0000] {processor.py:840} INFO - DAG(s) 'example_skip_dag' retrieved from /home/airflow/.local/lib/python3.12/site-packages/airflow/example_dags/example_skip_dag.py
[2025-09-29T17:06:39.194+0000] {logging_mixin.py:188} INFO - [2025-09-29T17:06:39.193+0000] {dag.py:3089} INFO - Sync 1 DAGs
[2025-09-29T17:06:39.257+0000] {logging_mixin.py:188} INFO - [2025-09-29T17:06:39.256+0000] {dag.py:3947} INFO - Setting next_dagrun for example_skip_dag to 2025-09-28 00:00:00+00:00, run_after=2025-09-29 00:00:00+00:00
[2025-09-29T17:06:39.314+0000] {processor.py:183} INFO - Processing /home/airflow/.local/lib/python3.12/site-packages/airflow/example_dags/example_skip_dag.py took 0.231 seconds
[2025-09-29T17:07:12.601+0000] {processor.py:161} INFO - Started process (PID=6192) to work on /home/airflow/.local/lib/python3.12/site-packages/airflow/example_dags/example_skip_dag.py
[2025-09-29T17:07:12.604+0000] {processor.py:830} INFO - Processing file /home/airflow/.local/lib/python3.12/site-packages/airflow/example_dags/example_skip_dag.py for tasks to queue
[2025-09-29T17:07:12.612+0000] {logging_mixin.py:188} INFO - [2025-09-29T17:07:12.610+0000] {dagbag.py:545} INFO - Filling up the DagBag from /home/airflow/.local/lib/python3.12/site-packages/airflow/example_dags/example_skip_dag.py
[2025-09-29T17:07:12.631+0000] {processor.py:840} INFO - DAG(s) 'example_skip_dag' retrieved from /home/airflow/.local/lib/python3.12/site-packages/airflow/example_dags/example_skip_dag.py
[2025-09-29T17:07:12.700+0000] {logging_mixin.py:188} INFO - [2025-09-29T17:07:12.698+0000] {dag.py:3089} INFO - Sync 1 DAGs
[2025-09-29T17:07:12.784+0000] {logging_mixin.py:188} INFO - [2025-09-29T17:07:12.783+0000] {dag.py:3947} INFO - Setting next_dagrun for example_skip_dag to 2025-09-28 00:00:00+00:00, run_after=2025-09-29 00:00:00+00:00
[2025-09-29T17:07:12.868+0000] {processor.py:183} INFO - Processing /home/airflow/.local/lib/python3.12/site-packages/airflow/example_dags/example_skip_dag.py took 0.288 seconds
[2025-09-29T17:07:43.391+0000] {processor.py:161} INFO - Started process (PID=6456) to work on /home/airflow/.local/lib/python3.12/site-packages/airflow/example_dags/example_skip_dag.py
[2025-09-29T17:07:43.395+0000] {processor.py:830} INFO - Processing file /home/airflow/.local/lib/python3.12/site-packages/airflow/example_dags/example_skip_dag.py for tasks to queue
[2025-09-29T17:07:43.399+0000] {logging_mixin.py:188} INFO - [2025-09-29T17:07:43.398+0000] {dagbag.py:545} INFO - Filling up the DagBag from /home/airflow/.local/lib/python3.12/site-packages/airflow/example_dags/example_skip_dag.py
[2025-09-29T17:07:43.418+0000] {processor.py:840} INFO - DAG(s) 'example_skip_dag' retrieved from /home/airflow/.local/lib/python3.12/site-packages/airflow/example_dags/example_skip_dag.py
[2025-09-29T17:07:43.483+0000] {logging_mixin.py:188} INFO - [2025-09-29T17:07:43.482+0000] {dag.py:3089} INFO - Sync 1 DAGs
[2025-09-29T17:07:43.540+0000] {logging_mixin.py:188} INFO - [2025-09-29T17:07:43.539+0000] {dag.py:3947} INFO - Setting next_dagrun for example_skip_dag to 2025-09-28 00:00:00+00:00, run_after=2025-09-29 00:00:00+00:00
[2025-09-29T17:07:43.603+0000] {processor.py:183} INFO - Processing /home/airflow/.local/lib/python3.12/site-packages/airflow/example_dags/example_skip_dag.py took 0.229 seconds
[2025-09-29T17:08:14.677+0000] {processor.py:161} INFO - Started process (PID=6716) to work on /home/airflow/.local/lib/python3.12/site-packages/airflow/example_dags/example_skip_dag.py
[2025-09-29T17:08:14.681+0000] {processor.py:830} INFO - Processing file /home/airflow/.local/lib/python3.12/site-packages/airflow/example_dags/example_skip_dag.py for tasks to queue
[2025-09-29T17:08:14.688+0000] {logging_mixin.py:188} INFO - [2025-09-29T17:08:14.687+0000] {dagbag.py:545} INFO - Filling up the DagBag from /home/airflow/.local/lib/python3.12/site-packages/airflow/example_dags/example_skip_dag.py
[2025-09-29T17:08:14.705+0000] {processor.py:840} INFO - DAG(s) 'example_skip_dag' retrieved from /home/airflow/.local/lib/python3.12/site-packages/airflow/example_dags/example_skip_dag.py
[2025-09-29T17:08:14.777+0000] {logging_mixin.py:188} INFO - [2025-09-29T17:08:14.777+0000] {dag.py:3089} INFO - Sync 1 DAGs
[2025-09-29T17:08:14.840+0000] {logging_mixin.py:188} INFO - [2025-09-29T17:08:14.839+0000] {dag.py:3947} INFO - Setting next_dagrun for example_skip_dag to 2025-09-28 00:00:00+00:00, run_after=2025-09-29 00:00:00+00:00
[2025-09-29T17:08:14.891+0000] {processor.py:183} INFO - Processing /home/airflow/.local/lib/python3.12/site-packages/airflow/example_dags/example_skip_dag.py took 0.231 seconds
[2025-09-29T17:08:48.011+0000] {processor.py:161} INFO - Started process (PID=6978) to work on /home/airflow/.local/lib/python3.12/site-packages/airflow/example_dags/example_skip_dag.py
[2025-09-29T17:08:48.020+0000] {processor.py:830} INFO - Processing file /home/airflow/.local/lib/python3.12/site-packages/airflow/example_dags/example_skip_dag.py for tasks to queue
[2025-09-29T17:08:48.027+0000] {logging_mixin.py:188} INFO - [2025-09-29T17:08:48.026+0000] {dagbag.py:545} INFO - Filling up the DagBag from /home/airflow/.local/lib/python3.12/site-packages/airflow/example_dags/example_skip_dag.py
[2025-09-29T17:08:48.059+0000] {processor.py:840} INFO - DAG(s) 'example_skip_dag' retrieved from /home/airflow/.local/lib/python3.12/site-packages/airflow/example_dags/example_skip_dag.py
[2025-09-29T17:08:48.150+0000] {logging_mixin.py:188} INFO - [2025-09-29T17:08:48.149+0000] {dag.py:3089} INFO - Sync 1 DAGs
[2025-09-29T17:08:48.313+0000] {logging_mixin.py:188} INFO - [2025-09-29T17:08:48.312+0000] {dag.py:3947} INFO - Setting next_dagrun for example_skip_dag to 2025-09-28 00:00:00+00:00, run_after=2025-09-29 00:00:00+00:00
[2025-09-29T17:08:48.388+0000] {processor.py:183} INFO - Processing /home/airflow/.local/lib/python3.12/site-packages/airflow/example_dags/example_skip_dag.py took 0.406 seconds
[2025-09-29T17:09:28.339+0000] {processor.py:161} INFO - Started process (PID=7230) to work on /home/airflow/.local/lib/python3.12/site-packages/airflow/example_dags/example_skip_dag.py
[2025-09-29T17:09:28.342+0000] {processor.py:830} INFO - Processing file /home/airflow/.local/lib/python3.12/site-packages/airflow/example_dags/example_skip_dag.py for tasks to queue
[2025-09-29T17:09:28.348+0000] {logging_mixin.py:188} INFO - [2025-09-29T17:09:28.347+0000] {dagbag.py:545} INFO - Filling up the DagBag from /home/airflow/.local/lib/python3.12/site-packages/airflow/example_dags/example_skip_dag.py
[2025-09-29T17:09:28.370+0000] {processor.py:840} INFO - DAG(s) 'example_skip_dag' retrieved from /home/airflow/.local/lib/python3.12/site-packages/airflow/example_dags/example_skip_dag.py
[2025-09-29T17:09:28.440+0000] {logging_mixin.py:188} INFO - [2025-09-29T17:09:28.439+0000] {dag.py:3089} INFO - Sync 1 DAGs
[2025-09-29T17:09:28.518+0000] {logging_mixin.py:188} INFO - [2025-09-29T17:09:28.518+0000] {dag.py:3947} INFO - Setting next_dagrun for example_skip_dag to 2025-09-28 00:00:00+00:00, run_after=2025-09-29 00:00:00+00:00
[2025-09-29T17:09:28.575+0000] {processor.py:183} INFO - Processing /home/airflow/.local/lib/python3.12/site-packages/airflow/example_dags/example_skip_dag.py took 0.254 seconds
[2025-09-29T17:09:59.541+0000] {processor.py:161} INFO - Started process (PID=7485) to work on /home/airflow/.local/lib/python3.12/site-packages/airflow/example_dags/example_skip_dag.py
[2025-09-29T17:09:59.543+0000] {processor.py:830} INFO - Processing file /home/airflow/.local/lib/python3.12/site-packages/airflow/example_dags/example_skip_dag.py for tasks to queue
[2025-09-29T17:09:59.549+0000] {logging_mixin.py:188} INFO - [2025-09-29T17:09:59.548+0000] {dagbag.py:545} INFO - Filling up the DagBag from /home/airflow/.local/lib/python3.12/site-packages/airflow/example_dags/example_skip_dag.py
[2025-09-29T17:09:59.570+0000] {processor.py:840} INFO - DAG(s) 'example_skip_dag' retrieved from /home/airflow/.local/lib/python3.12/site-packages/airflow/example_dags/example_skip_dag.py
[2025-09-29T17:09:59.645+0000] {logging_mixin.py:188} INFO - [2025-09-29T17:09:59.644+0000] {dag.py:3089} INFO - Sync 1 DAGs
[2025-09-29T17:09:59.713+0000] {logging_mixin.py:188} INFO - [2025-09-29T17:09:59.713+0000] {dag.py:3947} INFO - Setting next_dagrun for example_skip_dag to 2025-09-28 00:00:00+00:00, run_after=2025-09-29 00:00:00+00:00
[2025-09-29T17:09:59.777+0000] {processor.py:183} INFO - Processing /home/airflow/.local/lib/python3.12/site-packages/airflow/example_dags/example_skip_dag.py took 0.255 seconds
[2025-09-29T17:10:30.158+0000] {processor.py:161} INFO - Started process (PID=7742) to work on /home/airflow/.local/lib/python3.12/site-packages/airflow/example_dags/example_skip_dag.py
[2025-09-29T17:10:30.161+0000] {processor.py:830} INFO - Processing file /home/airflow/.local/lib/python3.12/site-packages/airflow/example_dags/example_skip_dag.py for tasks to queue
[2025-09-29T17:10:30.171+0000] {logging_mixin.py:188} INFO - [2025-09-29T17:10:30.169+0000] {dagbag.py:545} INFO - Filling up the DagBag from /home/airflow/.local/lib/python3.12/site-packages/airflow/example_dags/example_skip_dag.py
[2025-09-29T17:10:30.190+0000] {processor.py:840} INFO - DAG(s) 'example_skip_dag' retrieved from /home/airflow/.local/lib/python3.12/site-packages/airflow/example_dags/example_skip_dag.py
[2025-09-29T17:10:30.268+0000] {logging_mixin.py:188} INFO - [2025-09-29T17:10:30.267+0000] {dag.py:3089} INFO - Sync 1 DAGs
[2025-09-29T17:10:30.337+0000] {logging_mixin.py:188} INFO - [2025-09-29T17:10:30.337+0000] {dag.py:3947} INFO - Setting next_dagrun for example_skip_dag to 2025-09-28 00:00:00+00:00, run_after=2025-09-29 00:00:00+00:00
[2025-09-29T17:10:30.390+0000] {processor.py:183} INFO - Processing /home/airflow/.local/lib/python3.12/site-packages/airflow/example_dags/example_skip_dag.py took 0.249 seconds
[2025-09-29T17:11:01.384+0000] {processor.py:161} INFO - Started process (PID=8007) to work on /home/airflow/.local/lib/python3.12/site-packages/airflow/example_dags/example_skip_dag.py
[2025-09-29T17:11:01.387+0000] {processor.py:830} INFO - Processing file /home/airflow/.local/lib/python3.12/site-packages/airflow/example_dags/example_skip_dag.py for tasks to queue
[2025-09-29T17:11:01.395+0000] {logging_mixin.py:188} INFO - [2025-09-29T17:11:01.393+0000] {dagbag.py:545} INFO - Filling up the DagBag from /home/airflow/.local/lib/python3.12/site-packages/airflow/example_dags/example_skip_dag.py
[2025-09-29T17:11:01.417+0000] {processor.py:840} INFO - DAG(s) 'example_skip_dag' retrieved from /home/airflow/.local/lib/python3.12/site-packages/airflow/example_dags/example_skip_dag.py
[2025-09-29T17:11:01.487+0000] {logging_mixin.py:188} INFO - [2025-09-29T17:11:01.486+0000] {dag.py:3089} INFO - Sync 1 DAGs
[2025-09-29T17:11:01.548+0000] {logging_mixin.py:188} INFO - [2025-09-29T17:11:01.547+0000] {dag.py:3947} INFO - Setting next_dagrun for example_skip_dag to 2025-09-28 00:00:00+00:00, run_after=2025-09-29 00:00:00+00:00
[2025-09-29T17:11:01.597+0000] {processor.py:183} INFO - Processing /home/airflow/.local/lib/python3.12/site-packages/airflow/example_dags/example_skip_dag.py took 0.236 seconds
[2025-09-29T17:11:32.596+0000] {processor.py:161} INFO - Started process (PID=8269) to work on /home/airflow/.local/lib/python3.12/site-packages/airflow/example_dags/example_skip_dag.py
[2025-09-29T17:11:32.599+0000] {processor.py:830} INFO - Processing file /home/airflow/.local/lib/python3.12/site-packages/airflow/example_dags/example_skip_dag.py for tasks to queue
[2025-09-29T17:11:32.606+0000] {logging_mixin.py:188} INFO - [2025-09-29T17:11:32.605+0000] {dagbag.py:545} INFO - Filling up the DagBag from /home/airflow/.local/lib/python3.12/site-packages/airflow/example_dags/example_skip_dag.py
[2025-09-29T17:11:32.627+0000] {processor.py:840} INFO - DAG(s) 'example_skip_dag' retrieved from /home/airflow/.local/lib/python3.12/site-packages/airflow/example_dags/example_skip_dag.py
[2025-09-29T17:11:32.706+0000] {logging_mixin.py:188} INFO - [2025-09-29T17:11:32.706+0000] {dag.py:3089} INFO - Sync 1 DAGs
[2025-09-29T17:11:32.768+0000] {logging_mixin.py:188} INFO - [2025-09-29T17:11:32.767+0000] {dag.py:3947} INFO - Setting next_dagrun for example_skip_dag to 2025-09-28 00:00:00+00:00, run_after=2025-09-29 00:00:00+00:00
[2025-09-29T17:11:32.817+0000] {processor.py:183} INFO - Processing /home/airflow/.local/lib/python3.12/site-packages/airflow/example_dags/example_skip_dag.py took 0.241 seconds
[2025-09-29T17:12:03.780+0000] {processor.py:161} INFO - Started process (PID=8538) to work on /home/airflow/.local/lib/python3.12/site-packages/airflow/example_dags/example_skip_dag.py
[2025-09-29T17:12:03.782+0000] {processor.py:830} INFO - Processing file /home/airflow/.local/lib/python3.12/site-packages/airflow/example_dags/example_skip_dag.py for tasks to queue
[2025-09-29T17:12:03.788+0000] {logging_mixin.py:188} INFO - [2025-09-29T17:12:03.787+0000] {dagbag.py:545} INFO - Filling up the DagBag from /home/airflow/.local/lib/python3.12/site-packages/airflow/example_dags/example_skip_dag.py
[2025-09-29T17:12:03.805+0000] {processor.py:840} INFO - DAG(s) 'example_skip_dag' retrieved from /home/airflow/.local/lib/python3.12/site-packages/airflow/example_dags/example_skip_dag.py
[2025-09-29T17:12:03.866+0000] {logging_mixin.py:188} INFO - [2025-09-29T17:12:03.866+0000] {dag.py:3089} INFO - Sync 1 DAGs
[2025-09-29T17:12:03.924+0000] {logging_mixin.py:188} INFO - [2025-09-29T17:12:03.923+0000] {dag.py:3947} INFO - Setting next_dagrun for example_skip_dag to 2025-09-28 00:00:00+00:00, run_after=2025-09-29 00:00:00+00:00
[2025-09-29T17:12:03.979+0000] {processor.py:183} INFO - Processing /home/airflow/.local/lib/python3.12/site-packages/airflow/example_dags/example_skip_dag.py took 0.217 seconds
[2025-09-29T17:12:34.596+0000] {processor.py:161} INFO - Started process (PID=8800) to work on /home/airflow/.local/lib/python3.12/site-packages/airflow/example_dags/example_skip_dag.py
[2025-09-29T17:12:34.600+0000] {processor.py:830} INFO - Processing file /home/airflow/.local/lib/python3.12/site-packages/airflow/example_dags/example_skip_dag.py for tasks to queue
[2025-09-29T17:12:34.616+0000] {logging_mixin.py:188} INFO - [2025-09-29T17:12:34.614+0000] {dagbag.py:545} INFO - Filling up the DagBag from /home/airflow/.local/lib/python3.12/site-packages/airflow/example_dags/example_skip_dag.py
[2025-09-29T17:12:34.650+0000] {processor.py:840} INFO - DAG(s) 'example_skip_dag' retrieved from /home/airflow/.local/lib/python3.12/site-packages/airflow/example_dags/example_skip_dag.py
[2025-09-29T17:12:34.737+0000] {logging_mixin.py:188} INFO - [2025-09-29T17:12:34.736+0000] {dag.py:3089} INFO - Sync 1 DAGs
[2025-09-29T17:12:34.814+0000] {logging_mixin.py:188} INFO - [2025-09-29T17:12:34.814+0000] {dag.py:3947} INFO - Setting next_dagrun for example_skip_dag to 2025-09-28 00:00:00+00:00, run_after=2025-09-29 00:00:00+00:00
[2025-09-29T17:12:34.876+0000] {processor.py:183} INFO - Processing /home/airflow/.local/lib/python3.12/site-packages/airflow/example_dags/example_skip_dag.py took 0.318 seconds
[2025-09-29T17:13:05.188+0000] {processor.py:161} INFO - Started process (PID=9062) to work on /home/airflow/.local/lib/python3.12/site-packages/airflow/example_dags/example_skip_dag.py
[2025-09-29T17:13:05.190+0000] {processor.py:830} INFO - Processing file /home/airflow/.local/lib/python3.12/site-packages/airflow/example_dags/example_skip_dag.py for tasks to queue
[2025-09-29T17:13:05.196+0000] {logging_mixin.py:188} INFO - [2025-09-29T17:13:05.195+0000] {dagbag.py:545} INFO - Filling up the DagBag from /home/airflow/.local/lib/python3.12/site-packages/airflow/example_dags/example_skip_dag.py
[2025-09-29T17:13:05.216+0000] {processor.py:840} INFO - DAG(s) 'example_skip_dag' retrieved from /home/airflow/.local/lib/python3.12/site-packages/airflow/example_dags/example_skip_dag.py
[2025-09-29T17:13:05.307+0000] {logging_mixin.py:188} INFO - [2025-09-29T17:13:05.306+0000] {dag.py:3089} INFO - Sync 1 DAGs
[2025-09-29T17:13:05.381+0000] {logging_mixin.py:188} INFO - [2025-09-29T17:13:05.380+0000] {dag.py:3947} INFO - Setting next_dagrun for example_skip_dag to 2025-09-28 00:00:00+00:00, run_after=2025-09-29 00:00:00+00:00
[2025-09-29T17:13:05.451+0000] {processor.py:183} INFO - Processing /home/airflow/.local/lib/python3.12/site-packages/airflow/example_dags/example_skip_dag.py took 0.281 seconds
[2025-09-29T17:13:35.740+0000] {processor.py:161} INFO - Started process (PID=9327) to work on /home/airflow/.local/lib/python3.12/site-packages/airflow/example_dags/example_skip_dag.py
[2025-09-29T17:13:35.743+0000] {processor.py:830} INFO - Processing file /home/airflow/.local/lib/python3.12/site-packages/airflow/example_dags/example_skip_dag.py for tasks to queue
[2025-09-29T17:13:35.750+0000] {logging_mixin.py:188} INFO - [2025-09-29T17:13:35.749+0000] {dagbag.py:545} INFO - Filling up the DagBag from /home/airflow/.local/lib/python3.12/site-packages/airflow/example_dags/example_skip_dag.py
[2025-09-29T17:13:35.782+0000] {processor.py:840} INFO - DAG(s) 'example_skip_dag' retrieved from /home/airflow/.local/lib/python3.12/site-packages/airflow/example_dags/example_skip_dag.py
[2025-09-29T17:13:35.852+0000] {logging_mixin.py:188} INFO - [2025-09-29T17:13:35.851+0000] {dag.py:3089} INFO - Sync 1 DAGs
[2025-09-29T17:13:35.919+0000] {logging_mixin.py:188} INFO - [2025-09-29T17:13:35.918+0000] {dag.py:3947} INFO - Setting next_dagrun for example_skip_dag to 2025-09-28 00:00:00+00:00, run_after=2025-09-29 00:00:00+00:00
[2025-09-29T17:13:35.973+0000] {processor.py:183} INFO - Processing /home/airflow/.local/lib/python3.12/site-packages/airflow/example_dags/example_skip_dag.py took 0.251 seconds
[2025-09-29T17:14:06.690+0000] {processor.py:161} INFO - Started process (PID=9586) to work on /home/airflow/.local/lib/python3.12/site-packages/airflow/example_dags/example_skip_dag.py
[2025-09-29T17:14:06.692+0000] {processor.py:830} INFO - Processing file /home/airflow/.local/lib/python3.12/site-packages/airflow/example_dags/example_skip_dag.py for tasks to queue
[2025-09-29T17:14:06.698+0000] {logging_mixin.py:188} INFO - [2025-09-29T17:14:06.697+0000] {dagbag.py:545} INFO - Filling up the DagBag from /home/airflow/.local/lib/python3.12/site-packages/airflow/example_dags/example_skip_dag.py
[2025-09-29T17:14:06.732+0000] {processor.py:840} INFO - DAG(s) 'example_skip_dag' retrieved from /home/airflow/.local/lib/python3.12/site-packages/airflow/example_dags/example_skip_dag.py
[2025-09-29T17:14:06.800+0000] {logging_mixin.py:188} INFO - [2025-09-29T17:14:06.799+0000] {dag.py:3089} INFO - Sync 1 DAGs
[2025-09-29T17:14:06.861+0000] {logging_mixin.py:188} INFO - [2025-09-29T17:14:06.861+0000] {dag.py:3947} INFO - Setting next_dagrun for example_skip_dag to 2025-09-28 00:00:00+00:00, run_after=2025-09-29 00:00:00+00:00
[2025-09-29T17:14:06.911+0000] {processor.py:183} INFO - Processing /home/airflow/.local/lib/python3.12/site-packages/airflow/example_dags/example_skip_dag.py took 0.242 seconds
[2025-09-29T17:14:37.473+0000] {processor.py:161} INFO - Started process (PID=9848) to work on /home/airflow/.local/lib/python3.12/site-packages/airflow/example_dags/example_skip_dag.py
[2025-09-29T17:14:37.476+0000] {processor.py:830} INFO - Processing file /home/airflow/.local/lib/python3.12/site-packages/airflow/example_dags/example_skip_dag.py for tasks to queue
[2025-09-29T17:14:37.482+0000] {logging_mixin.py:188} INFO - [2025-09-29T17:14:37.481+0000] {dagbag.py:545} INFO - Filling up the DagBag from /home/airflow/.local/lib/python3.12/site-packages/airflow/example_dags/example_skip_dag.py
[2025-09-29T17:14:37.502+0000] {processor.py:840} INFO - DAG(s) 'example_skip_dag' retrieved from /home/airflow/.local/lib/python3.12/site-packages/airflow/example_dags/example_skip_dag.py
[2025-09-29T17:14:37.583+0000] {logging_mixin.py:188} INFO - [2025-09-29T17:14:37.582+0000] {dag.py:3089} INFO - Sync 1 DAGs
[2025-09-29T17:14:37.655+0000] {logging_mixin.py:188} INFO - [2025-09-29T17:14:37.654+0000] {dag.py:3947} INFO - Setting next_dagrun for example_skip_dag to 2025-09-28 00:00:00+00:00, run_after=2025-09-29 00:00:00+00:00
[2025-09-29T17:14:37.720+0000] {processor.py:183} INFO - Processing /home/airflow/.local/lib/python3.12/site-packages/airflow/example_dags/example_skip_dag.py took 0.268 seconds
[2025-09-29T17:15:08.820+0000] {processor.py:161} INFO - Started process (PID=10108) to work on /home/airflow/.local/lib/python3.12/site-packages/airflow/example_dags/example_skip_dag.py
[2025-09-29T17:15:08.826+0000] {processor.py:830} INFO - Processing file /home/airflow/.local/lib/python3.12/site-packages/airflow/example_dags/example_skip_dag.py for tasks to queue
[2025-09-29T17:15:08.833+0000] {logging_mixin.py:188} INFO - [2025-09-29T17:15:08.831+0000] {dagbag.py:545} INFO - Filling up the DagBag from /home/airflow/.local/lib/python3.12/site-packages/airflow/example_dags/example_skip_dag.py
[2025-09-29T17:15:08.858+0000] {processor.py:840} INFO - DAG(s) 'example_skip_dag' retrieved from /home/airflow/.local/lib/python3.12/site-packages/airflow/example_dags/example_skip_dag.py
[2025-09-29T17:15:09.027+0000] {logging_mixin.py:188} INFO - [2025-09-29T17:15:09.026+0000] {dag.py:3089} INFO - Sync 1 DAGs
[2025-09-29T17:15:09.146+0000] {logging_mixin.py:188} INFO - [2025-09-29T17:15:09.145+0000] {dag.py:3947} INFO - Setting next_dagrun for example_skip_dag to 2025-09-28 00:00:00+00:00, run_after=2025-09-29 00:00:00+00:00
[2025-09-29T17:15:10.053+0000] {processor.py:183} INFO - Processing /home/airflow/.local/lib/python3.12/site-packages/airflow/example_dags/example_skip_dag.py took 1.255 seconds
[2025-09-29T17:15:40.329+0000] {processor.py:161} INFO - Started process (PID=10372) to work on /home/airflow/.local/lib/python3.12/site-packages/airflow/example_dags/example_skip_dag.py
[2025-09-29T17:15:40.332+0000] {processor.py:830} INFO - Processing file /home/airflow/.local/lib/python3.12/site-packages/airflow/example_dags/example_skip_dag.py for tasks to queue
[2025-09-29T17:15:40.339+0000] {logging_mixin.py:188} INFO - [2025-09-29T17:15:40.338+0000] {dagbag.py:545} INFO - Filling up the DagBag from /home/airflow/.local/lib/python3.12/site-packages/airflow/example_dags/example_skip_dag.py
[2025-09-29T17:15:40.364+0000] {processor.py:840} INFO - DAG(s) 'example_skip_dag' retrieved from /home/airflow/.local/lib/python3.12/site-packages/airflow/example_dags/example_skip_dag.py
[2025-09-29T17:15:40.438+0000] {logging_mixin.py:188} INFO - [2025-09-29T17:15:40.438+0000] {dag.py:3089} INFO - Sync 1 DAGs
[2025-09-29T17:15:40.505+0000] {logging_mixin.py:188} INFO - [2025-09-29T17:15:40.504+0000] {dag.py:3947} INFO - Setting next_dagrun for example_skip_dag to 2025-09-28 00:00:00+00:00, run_after=2025-09-29 00:00:00+00:00
[2025-09-29T17:15:41.043+0000] {processor.py:183} INFO - Processing /home/airflow/.local/lib/python3.12/site-packages/airflow/example_dags/example_skip_dag.py took 0.737 seconds
[2025-09-29T17:16:11.207+0000] {processor.py:161} INFO - Started process (PID=10640) to work on /home/airflow/.local/lib/python3.12/site-packages/airflow/example_dags/example_skip_dag.py
[2025-09-29T17:16:11.211+0000] {processor.py:830} INFO - Processing file /home/airflow/.local/lib/python3.12/site-packages/airflow/example_dags/example_skip_dag.py for tasks to queue
[2025-09-29T17:16:11.217+0000] {logging_mixin.py:188} INFO - [2025-09-29T17:16:11.216+0000] {dagbag.py:545} INFO - Filling up the DagBag from /home/airflow/.local/lib/python3.12/site-packages/airflow/example_dags/example_skip_dag.py
[2025-09-29T17:16:11.236+0000] {processor.py:840} INFO - DAG(s) 'example_skip_dag' retrieved from /home/airflow/.local/lib/python3.12/site-packages/airflow/example_dags/example_skip_dag.py
[2025-09-29T17:16:11.298+0000] {logging_mixin.py:188} INFO - [2025-09-29T17:16:11.298+0000] {dag.py:3089} INFO - Sync 1 DAGs
[2025-09-29T17:16:11.359+0000] {logging_mixin.py:188} INFO - [2025-09-29T17:16:11.358+0000] {dag.py:3947} INFO - Setting next_dagrun for example_skip_dag to 2025-09-28 00:00:00+00:00, run_after=2025-09-29 00:00:00+00:00
[2025-09-29T17:16:11.408+0000] {processor.py:183} INFO - Processing /home/airflow/.local/lib/python3.12/site-packages/airflow/example_dags/example_skip_dag.py took 0.220 seconds
[2025-09-29T17:16:41.654+0000] {processor.py:161} INFO - Started process (PID=10902) to work on /home/airflow/.local/lib/python3.12/site-packages/airflow/example_dags/example_skip_dag.py
[2025-09-29T17:16:41.657+0000] {processor.py:830} INFO - Processing file /home/airflow/.local/lib/python3.12/site-packages/airflow/example_dags/example_skip_dag.py for tasks to queue
[2025-09-29T17:16:41.662+0000] {logging_mixin.py:188} INFO - [2025-09-29T17:16:41.661+0000] {dagbag.py:545} INFO - Filling up the DagBag from /home/airflow/.local/lib/python3.12/site-packages/airflow/example_dags/example_skip_dag.py
[2025-09-29T17:16:41.681+0000] {processor.py:840} INFO - DAG(s) 'example_skip_dag' retrieved from /home/airflow/.local/lib/python3.12/site-packages/airflow/example_dags/example_skip_dag.py
[2025-09-29T17:16:41.746+0000] {logging_mixin.py:188} INFO - [2025-09-29T17:16:41.745+0000] {dag.py:3089} INFO - Sync 1 DAGs
[2025-09-29T17:16:41.808+0000] {logging_mixin.py:188} INFO - [2025-09-29T17:16:41.807+0000] {dag.py:3947} INFO - Setting next_dagrun for example_skip_dag to 2025-09-28 00:00:00+00:00, run_after=2025-09-29 00:00:00+00:00
[2025-09-29T17:16:41.861+0000] {processor.py:183} INFO - Processing /home/airflow/.local/lib/python3.12/site-packages/airflow/example_dags/example_skip_dag.py took 0.225 seconds
