[2025-09-29T15:33:19.615+0000] {processor.py:161} INFO - Started process (PID=269) to work on /home/airflow/.local/lib/python3.12/site-packages/airflow/example_dags/example_display_name.py
[2025-09-29T15:33:19.617+0000] {processor.py:830} INFO - Processing file /home/airflow/.local/lib/python3.12/site-packages/airflow/example_dags/example_display_name.py for tasks to queue
[2025-09-29T15:33:19.622+0000] {logging_mixin.py:188} INFO - [2025-09-29T15:33:19.621+0000] {dagbag.py:545} INFO - Filling up the DagBag from /home/airflow/.local/lib/python3.12/site-packages/airflow/example_dags/example_display_name.py
[2025-09-29T15:33:19.648+0000] {processor.py:840} INFO - DAG(s) 'example_display_name' retrieved from /home/airflow/.local/lib/python3.12/site-packages/airflow/example_dags/example_display_name.py
[2025-09-29T15:33:19.690+0000] {logging_mixin.py:188} INFO - [2025-09-29T15:33:19.689+0000] {dag.py:3089} INFO - Sync 1 DAGs
[2025-09-29T15:33:19.733+0000] {logging_mixin.py:188} INFO - [2025-09-29T15:33:19.732+0000] {dag.py:3947} INFO - Setting next_dagrun for example_display_name to None, run_after=None
[2025-09-29T15:33:19.799+0000] {processor.py:183} INFO - Processing /home/airflow/.local/lib/python3.12/site-packages/airflow/example_dags/example_display_name.py took 0.199 seconds
[2025-09-29T15:33:52.798+0000] {processor.py:161} INFO - Started process (PID=543) to work on /home/airflow/.local/lib/python3.12/site-packages/airflow/example_dags/example_display_name.py
[2025-09-29T15:33:52.801+0000] {processor.py:830} INFO - Processing file /home/airflow/.local/lib/python3.12/site-packages/airflow/example_dags/example_display_name.py for tasks to queue
[2025-09-29T15:33:52.805+0000] {logging_mixin.py:188} INFO - [2025-09-29T15:33:52.804+0000] {dagbag.py:545} INFO - Filling up the DagBag from /home/airflow/.local/lib/python3.12/site-packages/airflow/example_dags/example_display_name.py
[2025-09-29T15:33:52.819+0000] {processor.py:840} INFO - DAG(s) 'example_display_name' retrieved from /home/airflow/.local/lib/python3.12/site-packages/airflow/example_dags/example_display_name.py
[2025-09-29T15:33:53.080+0000] {logging_mixin.py:188} INFO - [2025-09-29T15:33:53.080+0000] {dag.py:3089} INFO - Sync 1 DAGs
[2025-09-29T15:33:53.104+0000] {logging_mixin.py:188} INFO - [2025-09-29T15:33:53.103+0000] {dag.py:3947} INFO - Setting next_dagrun for example_display_name to None, run_after=None
[2025-09-29T15:33:53.157+0000] {processor.py:183} INFO - Processing /home/airflow/.local/lib/python3.12/site-packages/airflow/example_dags/example_display_name.py took 0.373 seconds
[2025-09-29T15:34:23.966+0000] {processor.py:161} INFO - Started process (PID=814) to work on /home/airflow/.local/lib/python3.12/site-packages/airflow/example_dags/example_display_name.py
[2025-09-29T15:34:23.969+0000] {processor.py:830} INFO - Processing file /home/airflow/.local/lib/python3.12/site-packages/airflow/example_dags/example_display_name.py for tasks to queue
[2025-09-29T15:34:23.974+0000] {logging_mixin.py:188} INFO - [2025-09-29T15:34:23.973+0000] {dagbag.py:545} INFO - Filling up the DagBag from /home/airflow/.local/lib/python3.12/site-packages/airflow/example_dags/example_display_name.py
[2025-09-29T15:34:23.990+0000] {processor.py:840} INFO - DAG(s) 'example_display_name' retrieved from /home/airflow/.local/lib/python3.12/site-packages/airflow/example_dags/example_display_name.py
[2025-09-29T15:34:24.054+0000] {logging_mixin.py:188} INFO - [2025-09-29T15:34:24.053+0000] {dag.py:3089} INFO - Sync 1 DAGs
[2025-09-29T15:34:24.088+0000] {logging_mixin.py:188} INFO - [2025-09-29T15:34:24.088+0000] {dag.py:3947} INFO - Setting next_dagrun for example_display_name to None, run_after=None
[2025-09-29T15:34:24.145+0000] {processor.py:183} INFO - Processing /home/airflow/.local/lib/python3.12/site-packages/airflow/example_dags/example_display_name.py took 0.198 seconds
[2025-09-29T15:34:55.302+0000] {processor.py:161} INFO - Started process (PID=1076) to work on /home/airflow/.local/lib/python3.12/site-packages/airflow/example_dags/example_display_name.py
[2025-09-29T15:34:55.305+0000] {processor.py:830} INFO - Processing file /home/airflow/.local/lib/python3.12/site-packages/airflow/example_dags/example_display_name.py for tasks to queue
[2025-09-29T15:34:55.310+0000] {logging_mixin.py:188} INFO - [2025-09-29T15:34:55.309+0000] {dagbag.py:545} INFO - Filling up the DagBag from /home/airflow/.local/lib/python3.12/site-packages/airflow/example_dags/example_display_name.py
[2025-09-29T15:34:55.324+0000] {processor.py:840} INFO - DAG(s) 'example_display_name' retrieved from /home/airflow/.local/lib/python3.12/site-packages/airflow/example_dags/example_display_name.py
[2025-09-29T15:34:55.380+0000] {logging_mixin.py:188} INFO - [2025-09-29T15:34:55.379+0000] {dag.py:3089} INFO - Sync 1 DAGs
[2025-09-29T15:34:55.408+0000] {logging_mixin.py:188} INFO - [2025-09-29T15:34:55.408+0000] {dag.py:3947} INFO - Setting next_dagrun for example_display_name to None, run_after=None
[2025-09-29T15:34:55.457+0000] {processor.py:183} INFO - Processing /home/airflow/.local/lib/python3.12/site-packages/airflow/example_dags/example_display_name.py took 0.169 seconds
[2025-09-29T15:35:27.118+0000] {processor.py:161} INFO - Started process (PID=1358) to work on /home/airflow/.local/lib/python3.12/site-packages/airflow/example_dags/example_display_name.py
[2025-09-29T15:35:27.121+0000] {processor.py:830} INFO - Processing file /home/airflow/.local/lib/python3.12/site-packages/airflow/example_dags/example_display_name.py for tasks to queue
[2025-09-29T15:35:27.125+0000] {logging_mixin.py:188} INFO - [2025-09-29T15:35:27.124+0000] {dagbag.py:545} INFO - Filling up the DagBag from /home/airflow/.local/lib/python3.12/site-packages/airflow/example_dags/example_display_name.py
[2025-09-29T15:35:27.138+0000] {processor.py:840} INFO - DAG(s) 'example_display_name' retrieved from /home/airflow/.local/lib/python3.12/site-packages/airflow/example_dags/example_display_name.py
[2025-09-29T15:35:27.192+0000] {logging_mixin.py:188} INFO - [2025-09-29T15:35:27.192+0000] {dag.py:3089} INFO - Sync 1 DAGs
[2025-09-29T15:35:27.234+0000] {logging_mixin.py:188} INFO - [2025-09-29T15:35:27.233+0000] {dag.py:3947} INFO - Setting next_dagrun for example_display_name to None, run_after=None
[2025-09-29T15:35:27.333+0000] {processor.py:183} INFO - Processing /home/airflow/.local/lib/python3.12/site-packages/airflow/example_dags/example_display_name.py took 0.229 seconds
[2025-09-29T15:35:57.821+0000] {processor.py:161} INFO - Started process (PID=1612) to work on /home/airflow/.local/lib/python3.12/site-packages/airflow/example_dags/example_display_name.py
[2025-09-29T15:35:57.824+0000] {processor.py:830} INFO - Processing file /home/airflow/.local/lib/python3.12/site-packages/airflow/example_dags/example_display_name.py for tasks to queue
[2025-09-29T15:35:57.829+0000] {logging_mixin.py:188} INFO - [2025-09-29T15:35:57.828+0000] {dagbag.py:545} INFO - Filling up the DagBag from /home/airflow/.local/lib/python3.12/site-packages/airflow/example_dags/example_display_name.py
[2025-09-29T15:35:57.844+0000] {processor.py:840} INFO - DAG(s) 'example_display_name' retrieved from /home/airflow/.local/lib/python3.12/site-packages/airflow/example_dags/example_display_name.py
[2025-09-29T15:35:57.896+0000] {logging_mixin.py:188} INFO - [2025-09-29T15:35:57.896+0000] {dag.py:3089} INFO - Sync 1 DAGs
[2025-09-29T15:35:57.927+0000] {logging_mixin.py:188} INFO - [2025-09-29T15:35:57.926+0000] {dag.py:3947} INFO - Setting next_dagrun for example_display_name to None, run_after=None
[2025-09-29T15:35:57.977+0000] {processor.py:183} INFO - Processing /home/airflow/.local/lib/python3.12/site-packages/airflow/example_dags/example_display_name.py took 0.177 seconds
[2025-09-29T15:36:28.152+0000] {processor.py:161} INFO - Started process (PID=1869) to work on /home/airflow/.local/lib/python3.12/site-packages/airflow/example_dags/example_display_name.py
[2025-09-29T15:36:28.155+0000] {processor.py:830} INFO - Processing file /home/airflow/.local/lib/python3.12/site-packages/airflow/example_dags/example_display_name.py for tasks to queue
[2025-09-29T15:36:28.160+0000] {logging_mixin.py:188} INFO - [2025-09-29T15:36:28.159+0000] {dagbag.py:545} INFO - Filling up the DagBag from /home/airflow/.local/lib/python3.12/site-packages/airflow/example_dags/example_display_name.py
[2025-09-29T15:36:28.174+0000] {processor.py:840} INFO - DAG(s) 'example_display_name' retrieved from /home/airflow/.local/lib/python3.12/site-packages/airflow/example_dags/example_display_name.py
[2025-09-29T15:36:28.232+0000] {logging_mixin.py:188} INFO - [2025-09-29T15:36:28.232+0000] {dag.py:3089} INFO - Sync 1 DAGs
[2025-09-29T15:36:28.274+0000] {logging_mixin.py:188} INFO - [2025-09-29T15:36:28.274+0000] {dag.py:3947} INFO - Setting next_dagrun for example_display_name to None, run_after=None
[2025-09-29T15:36:28.330+0000] {processor.py:183} INFO - Processing /home/airflow/.local/lib/python3.12/site-packages/airflow/example_dags/example_display_name.py took 0.193 seconds
[2025-09-29T15:36:58.831+0000] {processor.py:161} INFO - Started process (PID=2126) to work on /home/airflow/.local/lib/python3.12/site-packages/airflow/example_dags/example_display_name.py
[2025-09-29T15:36:58.840+0000] {processor.py:830} INFO - Processing file /home/airflow/.local/lib/python3.12/site-packages/airflow/example_dags/example_display_name.py for tasks to queue
[2025-09-29T15:36:58.845+0000] {logging_mixin.py:188} INFO - [2025-09-29T15:36:58.844+0000] {dagbag.py:545} INFO - Filling up the DagBag from /home/airflow/.local/lib/python3.12/site-packages/airflow/example_dags/example_display_name.py
[2025-09-29T15:36:58.862+0000] {processor.py:840} INFO - DAG(s) 'example_display_name' retrieved from /home/airflow/.local/lib/python3.12/site-packages/airflow/example_dags/example_display_name.py
[2025-09-29T15:36:58.921+0000] {logging_mixin.py:188} INFO - [2025-09-29T15:36:58.920+0000] {dag.py:3089} INFO - Sync 1 DAGs
[2025-09-29T15:36:58.950+0000] {logging_mixin.py:188} INFO - [2025-09-29T15:36:58.950+0000] {dag.py:3947} INFO - Setting next_dagrun for example_display_name to None, run_after=None
[2025-09-29T15:36:59.002+0000] {processor.py:183} INFO - Processing /home/airflow/.local/lib/python3.12/site-packages/airflow/example_dags/example_display_name.py took 0.187 seconds
[2025-09-29T15:37:29.209+0000] {processor.py:161} INFO - Started process (PID=2383) to work on /home/airflow/.local/lib/python3.12/site-packages/airflow/example_dags/example_display_name.py
[2025-09-29T15:37:29.212+0000] {processor.py:830} INFO - Processing file /home/airflow/.local/lib/python3.12/site-packages/airflow/example_dags/example_display_name.py for tasks to queue
[2025-09-29T15:37:29.216+0000] {logging_mixin.py:188} INFO - [2025-09-29T15:37:29.215+0000] {dagbag.py:545} INFO - Filling up the DagBag from /home/airflow/.local/lib/python3.12/site-packages/airflow/example_dags/example_display_name.py
[2025-09-29T15:37:29.231+0000] {processor.py:840} INFO - DAG(s) 'example_display_name' retrieved from /home/airflow/.local/lib/python3.12/site-packages/airflow/example_dags/example_display_name.py
[2025-09-29T15:37:29.292+0000] {logging_mixin.py:188} INFO - [2025-09-29T15:37:29.291+0000] {dag.py:3089} INFO - Sync 1 DAGs
[2025-09-29T15:37:29.331+0000] {logging_mixin.py:188} INFO - [2025-09-29T15:37:29.331+0000] {dag.py:3947} INFO - Setting next_dagrun for example_display_name to None, run_after=None
[2025-09-29T15:37:29.390+0000] {processor.py:183} INFO - Processing /home/airflow/.local/lib/python3.12/site-packages/airflow/example_dags/example_display_name.py took 0.196 seconds
[2025-09-29T15:38:00.126+0000] {processor.py:161} INFO - Started process (PID=2643) to work on /home/airflow/.local/lib/python3.12/site-packages/airflow/example_dags/example_display_name.py
[2025-09-29T15:38:00.129+0000] {processor.py:830} INFO - Processing file /home/airflow/.local/lib/python3.12/site-packages/airflow/example_dags/example_display_name.py for tasks to queue
[2025-09-29T15:38:00.134+0000] {logging_mixin.py:188} INFO - [2025-09-29T15:38:00.133+0000] {dagbag.py:545} INFO - Filling up the DagBag from /home/airflow/.local/lib/python3.12/site-packages/airflow/example_dags/example_display_name.py
[2025-09-29T15:38:00.149+0000] {processor.py:840} INFO - DAG(s) 'example_display_name' retrieved from /home/airflow/.local/lib/python3.12/site-packages/airflow/example_dags/example_display_name.py
[2025-09-29T15:38:00.206+0000] {logging_mixin.py:188} INFO - [2025-09-29T15:38:00.206+0000] {dag.py:3089} INFO - Sync 1 DAGs
[2025-09-29T15:38:00.239+0000] {logging_mixin.py:188} INFO - [2025-09-29T15:38:00.238+0000] {dag.py:3947} INFO - Setting next_dagrun for example_display_name to None, run_after=None
[2025-09-29T15:38:00.286+0000] {processor.py:183} INFO - Processing /home/airflow/.local/lib/python3.12/site-packages/airflow/example_dags/example_display_name.py took 0.178 seconds
[2025-09-29T15:38:30.958+0000] {processor.py:161} INFO - Started process (PID=2905) to work on /home/airflow/.local/lib/python3.12/site-packages/airflow/example_dags/example_display_name.py
[2025-09-29T15:38:30.960+0000] {processor.py:830} INFO - Processing file /home/airflow/.local/lib/python3.12/site-packages/airflow/example_dags/example_display_name.py for tasks to queue
[2025-09-29T15:38:30.964+0000] {logging_mixin.py:188} INFO - [2025-09-29T15:38:30.964+0000] {dagbag.py:545} INFO - Filling up the DagBag from /home/airflow/.local/lib/python3.12/site-packages/airflow/example_dags/example_display_name.py
[2025-09-29T15:38:30.979+0000] {processor.py:840} INFO - DAG(s) 'example_display_name' retrieved from /home/airflow/.local/lib/python3.12/site-packages/airflow/example_dags/example_display_name.py
[2025-09-29T15:38:31.038+0000] {logging_mixin.py:188} INFO - [2025-09-29T15:38:31.038+0000] {dag.py:3089} INFO - Sync 1 DAGs
[2025-09-29T15:38:31.070+0000] {logging_mixin.py:188} INFO - [2025-09-29T15:38:31.069+0000] {dag.py:3947} INFO - Setting next_dagrun for example_display_name to None, run_after=None
[2025-09-29T15:38:31.125+0000] {processor.py:183} INFO - Processing /home/airflow/.local/lib/python3.12/site-packages/airflow/example_dags/example_display_name.py took 0.181 seconds
[2025-09-29T15:39:01.785+0000] {processor.py:161} INFO - Started process (PID=3167) to work on /home/airflow/.local/lib/python3.12/site-packages/airflow/example_dags/example_display_name.py
[2025-09-29T15:39:01.788+0000] {processor.py:830} INFO - Processing file /home/airflow/.local/lib/python3.12/site-packages/airflow/example_dags/example_display_name.py for tasks to queue
[2025-09-29T15:39:01.793+0000] {logging_mixin.py:188} INFO - [2025-09-29T15:39:01.792+0000] {dagbag.py:545} INFO - Filling up the DagBag from /home/airflow/.local/lib/python3.12/site-packages/airflow/example_dags/example_display_name.py
[2025-09-29T15:39:01.807+0000] {processor.py:840} INFO - DAG(s) 'example_display_name' retrieved from /home/airflow/.local/lib/python3.12/site-packages/airflow/example_dags/example_display_name.py
[2025-09-29T15:39:01.862+0000] {logging_mixin.py:188} INFO - [2025-09-29T15:39:01.861+0000] {dag.py:3089} INFO - Sync 1 DAGs
[2025-09-29T15:39:01.892+0000] {logging_mixin.py:188} INFO - [2025-09-29T15:39:01.891+0000] {dag.py:3947} INFO - Setting next_dagrun for example_display_name to None, run_after=None
[2025-09-29T15:39:01.942+0000] {processor.py:183} INFO - Processing /home/airflow/.local/lib/python3.12/site-packages/airflow/example_dags/example_display_name.py took 0.172 seconds
[2025-09-29T15:39:32.041+0000] {processor.py:161} INFO - Started process (PID=3423) to work on /home/airflow/.local/lib/python3.12/site-packages/airflow/example_dags/example_display_name.py
[2025-09-29T15:39:32.044+0000] {processor.py:830} INFO - Processing file /home/airflow/.local/lib/python3.12/site-packages/airflow/example_dags/example_display_name.py for tasks to queue
[2025-09-29T15:39:32.049+0000] {logging_mixin.py:188} INFO - [2025-09-29T15:39:32.049+0000] {dagbag.py:545} INFO - Filling up the DagBag from /home/airflow/.local/lib/python3.12/site-packages/airflow/example_dags/example_display_name.py
[2025-09-29T15:39:32.064+0000] {processor.py:840} INFO - DAG(s) 'example_display_name' retrieved from /home/airflow/.local/lib/python3.12/site-packages/airflow/example_dags/example_display_name.py
[2025-09-29T15:39:32.124+0000] {logging_mixin.py:188} INFO - [2025-09-29T15:39:32.124+0000] {dag.py:3089} INFO - Sync 1 DAGs
[2025-09-29T15:39:32.156+0000] {logging_mixin.py:188} INFO - [2025-09-29T15:39:32.155+0000] {dag.py:3947} INFO - Setting next_dagrun for example_display_name to None, run_after=None
[2025-09-29T15:39:32.207+0000] {processor.py:183} INFO - Processing /home/airflow/.local/lib/python3.12/site-packages/airflow/example_dags/example_display_name.py took 0.182 seconds
[2025-09-29T15:40:02.870+0000] {processor.py:161} INFO - Started process (PID=3685) to work on /home/airflow/.local/lib/python3.12/site-packages/airflow/example_dags/example_display_name.py
[2025-09-29T15:40:02.873+0000] {processor.py:830} INFO - Processing file /home/airflow/.local/lib/python3.12/site-packages/airflow/example_dags/example_display_name.py for tasks to queue
[2025-09-29T15:40:02.877+0000] {logging_mixin.py:188} INFO - [2025-09-29T15:40:02.876+0000] {dagbag.py:545} INFO - Filling up the DagBag from /home/airflow/.local/lib/python3.12/site-packages/airflow/example_dags/example_display_name.py
[2025-09-29T15:40:02.891+0000] {processor.py:840} INFO - DAG(s) 'example_display_name' retrieved from /home/airflow/.local/lib/python3.12/site-packages/airflow/example_dags/example_display_name.py
[2025-09-29T15:40:02.945+0000] {logging_mixin.py:188} INFO - [2025-09-29T15:40:02.945+0000] {dag.py:3089} INFO - Sync 1 DAGs
[2025-09-29T15:40:02.974+0000] {logging_mixin.py:188} INFO - [2025-09-29T15:40:02.974+0000] {dag.py:3947} INFO - Setting next_dagrun for example_display_name to None, run_after=None
[2025-09-29T15:40:03.021+0000] {processor.py:183} INFO - Processing /home/airflow/.local/lib/python3.12/site-packages/airflow/example_dags/example_display_name.py took 0.165 seconds
[2025-09-29T15:40:33.788+0000] {processor.py:161} INFO - Started process (PID=3947) to work on /home/airflow/.local/lib/python3.12/site-packages/airflow/example_dags/example_display_name.py
[2025-09-29T15:40:33.791+0000] {processor.py:830} INFO - Processing file /home/airflow/.local/lib/python3.12/site-packages/airflow/example_dags/example_display_name.py for tasks to queue
[2025-09-29T15:40:33.795+0000] {logging_mixin.py:188} INFO - [2025-09-29T15:40:33.794+0000] {dagbag.py:545} INFO - Filling up the DagBag from /home/airflow/.local/lib/python3.12/site-packages/airflow/example_dags/example_display_name.py
[2025-09-29T15:40:33.811+0000] {processor.py:840} INFO - DAG(s) 'example_display_name' retrieved from /home/airflow/.local/lib/python3.12/site-packages/airflow/example_dags/example_display_name.py
[2025-09-29T15:40:33.868+0000] {logging_mixin.py:188} INFO - [2025-09-29T15:40:33.867+0000] {dag.py:3089} INFO - Sync 1 DAGs
[2025-09-29T15:40:33.899+0000] {logging_mixin.py:188} INFO - [2025-09-29T15:40:33.898+0000] {dag.py:3947} INFO - Setting next_dagrun for example_display_name to None, run_after=None
[2025-09-29T15:40:33.949+0000] {processor.py:183} INFO - Processing /home/airflow/.local/lib/python3.12/site-packages/airflow/example_dags/example_display_name.py took 0.177 seconds
[2025-09-29T15:41:04.507+0000] {processor.py:161} INFO - Started process (PID=4209) to work on /home/airflow/.local/lib/python3.12/site-packages/airflow/example_dags/example_display_name.py
[2025-09-29T15:41:04.510+0000] {processor.py:830} INFO - Processing file /home/airflow/.local/lib/python3.12/site-packages/airflow/example_dags/example_display_name.py for tasks to queue
[2025-09-29T15:41:04.514+0000] {logging_mixin.py:188} INFO - [2025-09-29T15:41:04.513+0000] {dagbag.py:545} INFO - Filling up the DagBag from /home/airflow/.local/lib/python3.12/site-packages/airflow/example_dags/example_display_name.py
[2025-09-29T15:41:04.528+0000] {processor.py:840} INFO - DAG(s) 'example_display_name' retrieved from /home/airflow/.local/lib/python3.12/site-packages/airflow/example_dags/example_display_name.py
[2025-09-29T15:41:04.584+0000] {logging_mixin.py:188} INFO - [2025-09-29T15:41:04.583+0000] {dag.py:3089} INFO - Sync 1 DAGs
[2025-09-29T15:41:04.613+0000] {logging_mixin.py:188} INFO - [2025-09-29T15:41:04.612+0000] {dag.py:3947} INFO - Setting next_dagrun for example_display_name to None, run_after=None
[2025-09-29T15:41:04.662+0000] {processor.py:183} INFO - Processing /home/airflow/.local/lib/python3.12/site-packages/airflow/example_dags/example_display_name.py took 0.169 seconds
[2025-09-29T15:41:35.223+0000] {processor.py:161} INFO - Started process (PID=4471) to work on /home/airflow/.local/lib/python3.12/site-packages/airflow/example_dags/example_display_name.py
[2025-09-29T15:41:35.226+0000] {processor.py:830} INFO - Processing file /home/airflow/.local/lib/python3.12/site-packages/airflow/example_dags/example_display_name.py for tasks to queue
[2025-09-29T15:41:35.231+0000] {logging_mixin.py:188} INFO - [2025-09-29T15:41:35.230+0000] {dagbag.py:545} INFO - Filling up the DagBag from /home/airflow/.local/lib/python3.12/site-packages/airflow/example_dags/example_display_name.py
[2025-09-29T15:41:35.245+0000] {processor.py:840} INFO - DAG(s) 'example_display_name' retrieved from /home/airflow/.local/lib/python3.12/site-packages/airflow/example_dags/example_display_name.py
[2025-09-29T15:41:35.307+0000] {logging_mixin.py:188} INFO - [2025-09-29T15:41:35.306+0000] {dag.py:3089} INFO - Sync 1 DAGs
[2025-09-29T15:41:35.338+0000] {logging_mixin.py:188} INFO - [2025-09-29T15:41:35.338+0000] {dag.py:3947} INFO - Setting next_dagrun for example_display_name to None, run_after=None
[2025-09-29T15:41:34.832+0000] {processor.py:183} INFO - Processing /home/airflow/.local/lib/python3.12/site-packages/airflow/example_dags/example_display_name.py took 0.180 seconds
[2025-09-29T15:42:05.053+0000] {processor.py:161} INFO - Started process (PID=4723) to work on /home/airflow/.local/lib/python3.12/site-packages/airflow/example_dags/example_display_name.py
[2025-09-29T15:42:05.055+0000] {processor.py:830} INFO - Processing file /home/airflow/.local/lib/python3.12/site-packages/airflow/example_dags/example_display_name.py for tasks to queue
[2025-09-29T15:42:05.060+0000] {logging_mixin.py:188} INFO - [2025-09-29T15:42:05.059+0000] {dagbag.py:545} INFO - Filling up the DagBag from /home/airflow/.local/lib/python3.12/site-packages/airflow/example_dags/example_display_name.py
[2025-09-29T15:42:05.079+0000] {processor.py:840} INFO - DAG(s) 'example_display_name' retrieved from /home/airflow/.local/lib/python3.12/site-packages/airflow/example_dags/example_display_name.py
[2025-09-29T15:42:05.146+0000] {logging_mixin.py:188} INFO - [2025-09-29T15:42:05.146+0000] {dag.py:3089} INFO - Sync 1 DAGs
[2025-09-29T15:42:05.182+0000] {logging_mixin.py:188} INFO - [2025-09-29T15:42:05.181+0000] {dag.py:3947} INFO - Setting next_dagrun for example_display_name to None, run_after=None
[2025-09-29T15:42:05.232+0000] {processor.py:183} INFO - Processing /home/airflow/.local/lib/python3.12/site-packages/airflow/example_dags/example_display_name.py took 0.197 seconds
[2025-09-29T15:42:35.331+0000] {processor.py:161} INFO - Started process (PID=4982) to work on /home/airflow/.local/lib/python3.12/site-packages/airflow/example_dags/example_display_name.py
[2025-09-29T15:42:35.333+0000] {processor.py:830} INFO - Processing file /home/airflow/.local/lib/python3.12/site-packages/airflow/example_dags/example_display_name.py for tasks to queue
[2025-09-29T15:42:35.337+0000] {logging_mixin.py:188} INFO - [2025-09-29T15:42:35.336+0000] {dagbag.py:545} INFO - Filling up the DagBag from /home/airflow/.local/lib/python3.12/site-packages/airflow/example_dags/example_display_name.py
[2025-09-29T15:42:35.352+0000] {processor.py:840} INFO - DAG(s) 'example_display_name' retrieved from /home/airflow/.local/lib/python3.12/site-packages/airflow/example_dags/example_display_name.py
[2025-09-29T15:42:35.406+0000] {logging_mixin.py:188} INFO - [2025-09-29T15:42:35.406+0000] {dag.py:3089} INFO - Sync 1 DAGs
[2025-09-29T15:42:35.435+0000] {logging_mixin.py:188} INFO - [2025-09-29T15:42:35.435+0000] {dag.py:3947} INFO - Setting next_dagrun for example_display_name to None, run_after=None
[2025-09-29T15:42:35.492+0000] {processor.py:183} INFO - Processing /home/airflow/.local/lib/python3.12/site-packages/airflow/example_dags/example_display_name.py took 0.176 seconds
[2025-09-29T15:43:05.800+0000] {processor.py:161} INFO - Started process (PID=5244) to work on /home/airflow/.local/lib/python3.12/site-packages/airflow/example_dags/example_display_name.py
[2025-09-29T15:43:05.803+0000] {processor.py:830} INFO - Processing file /home/airflow/.local/lib/python3.12/site-packages/airflow/example_dags/example_display_name.py for tasks to queue
[2025-09-29T15:43:05.807+0000] {logging_mixin.py:188} INFO - [2025-09-29T15:43:05.807+0000] {dagbag.py:545} INFO - Filling up the DagBag from /home/airflow/.local/lib/python3.12/site-packages/airflow/example_dags/example_display_name.py
[2025-09-29T15:43:05.822+0000] {processor.py:840} INFO - DAG(s) 'example_display_name' retrieved from /home/airflow/.local/lib/python3.12/site-packages/airflow/example_dags/example_display_name.py
[2025-09-29T15:43:05.883+0000] {logging_mixin.py:188} INFO - [2025-09-29T15:43:05.882+0000] {dag.py:3089} INFO - Sync 1 DAGs
[2025-09-29T15:43:05.915+0000] {logging_mixin.py:188} INFO - [2025-09-29T15:43:05.915+0000] {dag.py:3947} INFO - Setting next_dagrun for example_display_name to None, run_after=None
[2025-09-29T15:43:05.966+0000] {processor.py:183} INFO - Processing /home/airflow/.local/lib/python3.12/site-packages/airflow/example_dags/example_display_name.py took 0.180 seconds
[2025-09-29T15:43:36.315+0000] {processor.py:161} INFO - Started process (PID=5506) to work on /home/airflow/.local/lib/python3.12/site-packages/airflow/example_dags/example_display_name.py
[2025-09-29T15:43:36.318+0000] {processor.py:830} INFO - Processing file /home/airflow/.local/lib/python3.12/site-packages/airflow/example_dags/example_display_name.py for tasks to queue
[2025-09-29T15:43:36.323+0000] {logging_mixin.py:188} INFO - [2025-09-29T15:43:36.322+0000] {dagbag.py:545} INFO - Filling up the DagBag from /home/airflow/.local/lib/python3.12/site-packages/airflow/example_dags/example_display_name.py
[2025-09-29T15:43:36.338+0000] {processor.py:840} INFO - DAG(s) 'example_display_name' retrieved from /home/airflow/.local/lib/python3.12/site-packages/airflow/example_dags/example_display_name.py
[2025-09-29T15:43:36.398+0000] {logging_mixin.py:188} INFO - [2025-09-29T15:43:36.397+0000] {dag.py:3089} INFO - Sync 1 DAGs
[2025-09-29T15:43:36.432+0000] {logging_mixin.py:188} INFO - [2025-09-29T15:43:36.431+0000] {dag.py:3947} INFO - Setting next_dagrun for example_display_name to None, run_after=None
[2025-09-29T15:43:36.484+0000] {processor.py:183} INFO - Processing /home/airflow/.local/lib/python3.12/site-packages/airflow/example_dags/example_display_name.py took 0.185 seconds
[2025-09-29T15:44:07.758+0000] {processor.py:161} INFO - Started process (PID=5781) to work on /home/airflow/.local/lib/python3.12/site-packages/airflow/example_dags/example_display_name.py
[2025-09-29T15:44:07.760+0000] {processor.py:830} INFO - Processing file /home/airflow/.local/lib/python3.12/site-packages/airflow/example_dags/example_display_name.py for tasks to queue
[2025-09-29T15:44:07.765+0000] {logging_mixin.py:188} INFO - [2025-09-29T15:44:07.764+0000] {dagbag.py:545} INFO - Filling up the DagBag from /home/airflow/.local/lib/python3.12/site-packages/airflow/example_dags/example_display_name.py
[2025-09-29T15:44:07.779+0000] {processor.py:840} INFO - DAG(s) 'example_display_name' retrieved from /home/airflow/.local/lib/python3.12/site-packages/airflow/example_dags/example_display_name.py
[2025-09-29T15:44:07.834+0000] {logging_mixin.py:188} INFO - [2025-09-29T15:44:07.834+0000] {dag.py:3089} INFO - Sync 1 DAGs
[2025-09-29T15:44:07.867+0000] {logging_mixin.py:188} INFO - [2025-09-29T15:44:07.867+0000] {dag.py:3947} INFO - Setting next_dagrun for example_display_name to None, run_after=None
[2025-09-29T15:44:07.920+0000] {processor.py:183} INFO - Processing /home/airflow/.local/lib/python3.12/site-packages/airflow/example_dags/example_display_name.py took 0.177 seconds
[2025-09-29T15:44:38.819+0000] {processor.py:161} INFO - Started process (PID=6045) to work on /home/airflow/.local/lib/python3.12/site-packages/airflow/example_dags/example_display_name.py
[2025-09-29T15:44:38.822+0000] {processor.py:830} INFO - Processing file /home/airflow/.local/lib/python3.12/site-packages/airflow/example_dags/example_display_name.py for tasks to queue
[2025-09-29T15:44:38.826+0000] {logging_mixin.py:188} INFO - [2025-09-29T15:44:38.825+0000] {dagbag.py:545} INFO - Filling up the DagBag from /home/airflow/.local/lib/python3.12/site-packages/airflow/example_dags/example_display_name.py
[2025-09-29T15:44:38.841+0000] {processor.py:840} INFO - DAG(s) 'example_display_name' retrieved from /home/airflow/.local/lib/python3.12/site-packages/airflow/example_dags/example_display_name.py
[2025-09-29T15:44:38.896+0000] {logging_mixin.py:188} INFO - [2025-09-29T15:44:38.896+0000] {dag.py:3089} INFO - Sync 1 DAGs
[2025-09-29T15:44:38.925+0000] {logging_mixin.py:188} INFO - [2025-09-29T15:44:38.924+0000] {dag.py:3947} INFO - Setting next_dagrun for example_display_name to None, run_after=None
[2025-09-29T15:44:38.976+0000] {processor.py:183} INFO - Processing /home/airflow/.local/lib/python3.12/site-packages/airflow/example_dags/example_display_name.py took 0.170 seconds
[2025-09-29T15:45:09.457+0000] {processor.py:161} INFO - Started process (PID=6305) to work on /home/airflow/.local/lib/python3.12/site-packages/airflow/example_dags/example_display_name.py
[2025-09-29T15:45:09.459+0000] {processor.py:830} INFO - Processing file /home/airflow/.local/lib/python3.12/site-packages/airflow/example_dags/example_display_name.py for tasks to queue
[2025-09-29T15:45:09.464+0000] {logging_mixin.py:188} INFO - [2025-09-29T15:45:09.462+0000] {dagbag.py:545} INFO - Filling up the DagBag from /home/airflow/.local/lib/python3.12/site-packages/airflow/example_dags/example_display_name.py
[2025-09-29T15:45:09.480+0000] {processor.py:840} INFO - DAG(s) 'example_display_name' retrieved from /home/airflow/.local/lib/python3.12/site-packages/airflow/example_dags/example_display_name.py
[2025-09-29T15:45:09.542+0000] {logging_mixin.py:188} INFO - [2025-09-29T15:45:09.541+0000] {dag.py:3089} INFO - Sync 1 DAGs
[2025-09-29T15:45:09.578+0000] {logging_mixin.py:188} INFO - [2025-09-29T15:45:09.578+0000] {dag.py:3947} INFO - Setting next_dagrun for example_display_name to None, run_after=None
[2025-09-29T15:45:09.638+0000] {processor.py:183} INFO - Processing /home/airflow/.local/lib/python3.12/site-packages/airflow/example_dags/example_display_name.py took 0.198 seconds
[2025-09-29T15:45:40.119+0000] {processor.py:161} INFO - Started process (PID=6567) to work on /home/airflow/.local/lib/python3.12/site-packages/airflow/example_dags/example_display_name.py
[2025-09-29T15:45:40.121+0000] {processor.py:830} INFO - Processing file /home/airflow/.local/lib/python3.12/site-packages/airflow/example_dags/example_display_name.py for tasks to queue
[2025-09-29T15:45:40.126+0000] {logging_mixin.py:188} INFO - [2025-09-29T15:45:40.125+0000] {dagbag.py:545} INFO - Filling up the DagBag from /home/airflow/.local/lib/python3.12/site-packages/airflow/example_dags/example_display_name.py
[2025-09-29T15:45:40.140+0000] {processor.py:840} INFO - DAG(s) 'example_display_name' retrieved from /home/airflow/.local/lib/python3.12/site-packages/airflow/example_dags/example_display_name.py
[2025-09-29T15:45:40.196+0000] {logging_mixin.py:188} INFO - [2025-09-29T15:45:40.195+0000] {dag.py:3089} INFO - Sync 1 DAGs
[2025-09-29T15:45:40.228+0000] {logging_mixin.py:188} INFO - [2025-09-29T15:45:40.228+0000] {dag.py:3947} INFO - Setting next_dagrun for example_display_name to None, run_after=None
[2025-09-29T15:45:40.276+0000] {processor.py:183} INFO - Processing /home/airflow/.local/lib/python3.12/site-packages/airflow/example_dags/example_display_name.py took 0.171 seconds
[2025-09-29T15:46:10.802+0000] {processor.py:161} INFO - Started process (PID=6829) to work on /home/airflow/.local/lib/python3.12/site-packages/airflow/example_dags/example_display_name.py
[2025-09-29T15:46:10.805+0000] {processor.py:830} INFO - Processing file /home/airflow/.local/lib/python3.12/site-packages/airflow/example_dags/example_display_name.py for tasks to queue
[2025-09-29T15:46:10.809+0000] {logging_mixin.py:188} INFO - [2025-09-29T15:46:10.808+0000] {dagbag.py:545} INFO - Filling up the DagBag from /home/airflow/.local/lib/python3.12/site-packages/airflow/example_dags/example_display_name.py
[2025-09-29T15:46:10.825+0000] {processor.py:840} INFO - DAG(s) 'example_display_name' retrieved from /home/airflow/.local/lib/python3.12/site-packages/airflow/example_dags/example_display_name.py
[2025-09-29T15:46:10.881+0000] {logging_mixin.py:188} INFO - [2025-09-29T15:46:10.881+0000] {dag.py:3089} INFO - Sync 1 DAGs
[2025-09-29T15:46:10.916+0000] {logging_mixin.py:188} INFO - [2025-09-29T15:46:10.915+0000] {dag.py:3947} INFO - Setting next_dagrun for example_display_name to None, run_after=None
[2025-09-29T15:46:10.962+0000] {processor.py:183} INFO - Processing /home/airflow/.local/lib/python3.12/site-packages/airflow/example_dags/example_display_name.py took 0.175 seconds
[2025-09-29T15:46:41.196+0000] {processor.py:161} INFO - Started process (PID=7091) to work on /home/airflow/.local/lib/python3.12/site-packages/airflow/example_dags/example_display_name.py
[2025-09-29T15:46:41.198+0000] {processor.py:830} INFO - Processing file /home/airflow/.local/lib/python3.12/site-packages/airflow/example_dags/example_display_name.py for tasks to queue
[2025-09-29T15:46:41.202+0000] {logging_mixin.py:188} INFO - [2025-09-29T15:46:41.201+0000] {dagbag.py:545} INFO - Filling up the DagBag from /home/airflow/.local/lib/python3.12/site-packages/airflow/example_dags/example_display_name.py
[2025-09-29T15:46:41.217+0000] {processor.py:840} INFO - DAG(s) 'example_display_name' retrieved from /home/airflow/.local/lib/python3.12/site-packages/airflow/example_dags/example_display_name.py
[2025-09-29T15:46:41.277+0000] {logging_mixin.py:188} INFO - [2025-09-29T15:46:41.276+0000] {dag.py:3089} INFO - Sync 1 DAGs
[2025-09-29T15:46:41.307+0000] {logging_mixin.py:188} INFO - [2025-09-29T15:46:41.306+0000] {dag.py:3947} INFO - Setting next_dagrun for example_display_name to None, run_after=None
[2025-09-29T15:46:41.355+0000] {processor.py:183} INFO - Processing /home/airflow/.local/lib/python3.12/site-packages/airflow/example_dags/example_display_name.py took 0.173 seconds
[2025-09-29T15:47:12.707+0000] {processor.py:161} INFO - Started process (PID=7353) to work on /home/airflow/.local/lib/python3.12/site-packages/airflow/example_dags/example_display_name.py
[2025-09-29T15:47:12.710+0000] {processor.py:830} INFO - Processing file /home/airflow/.local/lib/python3.12/site-packages/airflow/example_dags/example_display_name.py for tasks to queue
[2025-09-29T15:47:12.715+0000] {logging_mixin.py:188} INFO - [2025-09-29T15:47:12.714+0000] {dagbag.py:545} INFO - Filling up the DagBag from /home/airflow/.local/lib/python3.12/site-packages/airflow/example_dags/example_display_name.py
[2025-09-29T15:47:12.734+0000] {processor.py:840} INFO - DAG(s) 'example_display_name' retrieved from /home/airflow/.local/lib/python3.12/site-packages/airflow/example_dags/example_display_name.py
[2025-09-29T15:47:12.799+0000] {logging_mixin.py:188} INFO - [2025-09-29T15:47:12.799+0000] {dag.py:3089} INFO - Sync 1 DAGs
[2025-09-29T15:47:12.838+0000] {logging_mixin.py:188} INFO - [2025-09-29T15:47:12.837+0000] {dag.py:3947} INFO - Setting next_dagrun for example_display_name to None, run_after=None
[2025-09-29T15:47:12.895+0000] {processor.py:183} INFO - Processing /home/airflow/.local/lib/python3.12/site-packages/airflow/example_dags/example_display_name.py took 0.206 seconds
[2025-09-29T15:47:44.047+0000] {processor.py:161} INFO - Started process (PID=7615) to work on /home/airflow/.local/lib/python3.12/site-packages/airflow/example_dags/example_display_name.py
[2025-09-29T15:47:44.049+0000] {processor.py:830} INFO - Processing file /home/airflow/.local/lib/python3.12/site-packages/airflow/example_dags/example_display_name.py for tasks to queue
[2025-09-29T15:47:44.053+0000] {logging_mixin.py:188} INFO - [2025-09-29T15:47:44.053+0000] {dagbag.py:545} INFO - Filling up the DagBag from /home/airflow/.local/lib/python3.12/site-packages/airflow/example_dags/example_display_name.py
[2025-09-29T15:47:44.068+0000] {processor.py:840} INFO - DAG(s) 'example_display_name' retrieved from /home/airflow/.local/lib/python3.12/site-packages/airflow/example_dags/example_display_name.py
[2025-09-29T15:47:44.128+0000] {logging_mixin.py:188} INFO - [2025-09-29T15:47:44.127+0000] {dag.py:3089} INFO - Sync 1 DAGs
[2025-09-29T15:47:44.160+0000] {logging_mixin.py:188} INFO - [2025-09-29T15:47:44.160+0000] {dag.py:3947} INFO - Setting next_dagrun for example_display_name to None, run_after=None
[2025-09-29T15:47:44.215+0000] {processor.py:183} INFO - Processing /home/airflow/.local/lib/python3.12/site-packages/airflow/example_dags/example_display_name.py took 0.182 seconds
[2025-09-29T15:48:14.991+0000] {processor.py:161} INFO - Started process (PID=7877) to work on /home/airflow/.local/lib/python3.12/site-packages/airflow/example_dags/example_display_name.py
[2025-09-29T15:48:14.994+0000] {processor.py:830} INFO - Processing file /home/airflow/.local/lib/python3.12/site-packages/airflow/example_dags/example_display_name.py for tasks to queue
[2025-09-29T15:48:14.998+0000] {logging_mixin.py:188} INFO - [2025-09-29T15:48:14.997+0000] {dagbag.py:545} INFO - Filling up the DagBag from /home/airflow/.local/lib/python3.12/site-packages/airflow/example_dags/example_display_name.py
[2025-09-29T15:48:15.013+0000] {processor.py:840} INFO - DAG(s) 'example_display_name' retrieved from /home/airflow/.local/lib/python3.12/site-packages/airflow/example_dags/example_display_name.py
[2025-09-29T15:48:15.065+0000] {logging_mixin.py:188} INFO - [2025-09-29T15:48:15.065+0000] {dag.py:3089} INFO - Sync 1 DAGs
[2025-09-29T15:48:15.095+0000] {logging_mixin.py:188} INFO - [2025-09-29T15:48:15.095+0000] {dag.py:3947} INFO - Setting next_dagrun for example_display_name to None, run_after=None
[2025-09-29T15:48:15.143+0000] {processor.py:183} INFO - Processing /home/airflow/.local/lib/python3.12/site-packages/airflow/example_dags/example_display_name.py took 0.165 seconds
[2025-09-29T15:48:45.690+0000] {processor.py:161} INFO - Started process (PID=8139) to work on /home/airflow/.local/lib/python3.12/site-packages/airflow/example_dags/example_display_name.py
[2025-09-29T15:48:45.695+0000] {processor.py:830} INFO - Processing file /home/airflow/.local/lib/python3.12/site-packages/airflow/example_dags/example_display_name.py for tasks to queue
[2025-09-29T15:48:45.699+0000] {logging_mixin.py:188} INFO - [2025-09-29T15:48:45.699+0000] {dagbag.py:545} INFO - Filling up the DagBag from /home/airflow/.local/lib/python3.12/site-packages/airflow/example_dags/example_display_name.py
[2025-09-29T15:48:45.717+0000] {processor.py:840} INFO - DAG(s) 'example_display_name' retrieved from /home/airflow/.local/lib/python3.12/site-packages/airflow/example_dags/example_display_name.py
[2025-09-29T15:48:45.772+0000] {logging_mixin.py:188} INFO - [2025-09-29T15:48:45.772+0000] {dag.py:3089} INFO - Sync 1 DAGs
[2025-09-29T15:48:45.802+0000] {logging_mixin.py:188} INFO - [2025-09-29T15:48:45.802+0000] {dag.py:3947} INFO - Setting next_dagrun for example_display_name to None, run_after=None
[2025-09-29T15:48:45.851+0000] {processor.py:183} INFO - Processing /home/airflow/.local/lib/python3.12/site-packages/airflow/example_dags/example_display_name.py took 0.179 seconds
[2025-09-29T15:49:15.994+0000] {processor.py:161} INFO - Started process (PID=8400) to work on /home/airflow/.local/lib/python3.12/site-packages/airflow/example_dags/example_display_name.py
[2025-09-29T15:49:15.997+0000] {processor.py:830} INFO - Processing file /home/airflow/.local/lib/python3.12/site-packages/airflow/example_dags/example_display_name.py for tasks to queue
[2025-09-29T15:49:16.002+0000] {logging_mixin.py:188} INFO - [2025-09-29T15:49:16.001+0000] {dagbag.py:545} INFO - Filling up the DagBag from /home/airflow/.local/lib/python3.12/site-packages/airflow/example_dags/example_display_name.py
[2025-09-29T15:49:16.015+0000] {processor.py:840} INFO - DAG(s) 'example_display_name' retrieved from /home/airflow/.local/lib/python3.12/site-packages/airflow/example_dags/example_display_name.py
[2025-09-29T15:49:16.070+0000] {logging_mixin.py:188} INFO - [2025-09-29T15:49:16.070+0000] {dag.py:3089} INFO - Sync 1 DAGs
[2025-09-29T15:49:16.100+0000] {logging_mixin.py:188} INFO - [2025-09-29T15:49:16.099+0000] {dag.py:3947} INFO - Setting next_dagrun for example_display_name to None, run_after=None
[2025-09-29T15:49:16.147+0000] {processor.py:183} INFO - Processing /home/airflow/.local/lib/python3.12/site-packages/airflow/example_dags/example_display_name.py took 0.167 seconds
[2025-09-29T15:49:46.760+0000] {processor.py:161} INFO - Started process (PID=8659) to work on /home/airflow/.local/lib/python3.12/site-packages/airflow/example_dags/example_display_name.py
[2025-09-29T15:49:46.762+0000] {processor.py:830} INFO - Processing file /home/airflow/.local/lib/python3.12/site-packages/airflow/example_dags/example_display_name.py for tasks to queue
[2025-09-29T15:49:46.767+0000] {logging_mixin.py:188} INFO - [2025-09-29T15:49:46.766+0000] {dagbag.py:545} INFO - Filling up the DagBag from /home/airflow/.local/lib/python3.12/site-packages/airflow/example_dags/example_display_name.py
[2025-09-29T15:49:46.781+0000] {processor.py:840} INFO - DAG(s) 'example_display_name' retrieved from /home/airflow/.local/lib/python3.12/site-packages/airflow/example_dags/example_display_name.py
[2025-09-29T15:49:46.832+0000] {logging_mixin.py:188} INFO - [2025-09-29T15:49:46.831+0000] {dag.py:3089} INFO - Sync 1 DAGs
[2025-09-29T15:49:46.861+0000] {logging_mixin.py:188} INFO - [2025-09-29T15:49:46.861+0000] {dag.py:3947} INFO - Setting next_dagrun for example_display_name to None, run_after=None
[2025-09-29T15:49:46.906+0000] {processor.py:183} INFO - Processing /home/airflow/.local/lib/python3.12/site-packages/airflow/example_dags/example_display_name.py took 0.162 seconds
[2025-09-29T15:50:18.129+0000] {processor.py:161} INFO - Started process (PID=8919) to work on /home/airflow/.local/lib/python3.12/site-packages/airflow/example_dags/example_display_name.py
[2025-09-29T15:50:18.145+0000] {processor.py:830} INFO - Processing file /home/airflow/.local/lib/python3.12/site-packages/airflow/example_dags/example_display_name.py for tasks to queue
[2025-09-29T15:50:18.151+0000] {logging_mixin.py:188} INFO - [2025-09-29T15:50:18.150+0000] {dagbag.py:545} INFO - Filling up the DagBag from /home/airflow/.local/lib/python3.12/site-packages/airflow/example_dags/example_display_name.py
[2025-09-29T15:50:18.170+0000] {processor.py:840} INFO - DAG(s) 'example_display_name' retrieved from /home/airflow/.local/lib/python3.12/site-packages/airflow/example_dags/example_display_name.py
[2025-09-29T15:50:18.226+0000] {logging_mixin.py:188} INFO - [2025-09-29T15:50:18.226+0000] {dag.py:3089} INFO - Sync 1 DAGs
[2025-09-29T15:50:18.259+0000] {logging_mixin.py:188} INFO - [2025-09-29T15:50:18.258+0000] {dag.py:3947} INFO - Setting next_dagrun for example_display_name to None, run_after=None
[2025-09-29T15:50:18.308+0000] {processor.py:183} INFO - Processing /home/airflow/.local/lib/python3.12/site-packages/airflow/example_dags/example_display_name.py took 0.198 seconds
[2025-09-29T15:50:48.490+0000] {processor.py:161} INFO - Started process (PID=9178) to work on /home/airflow/.local/lib/python3.12/site-packages/airflow/example_dags/example_display_name.py
[2025-09-29T15:50:48.493+0000] {processor.py:830} INFO - Processing file /home/airflow/.local/lib/python3.12/site-packages/airflow/example_dags/example_display_name.py for tasks to queue
[2025-09-29T15:50:48.498+0000] {logging_mixin.py:188} INFO - [2025-09-29T15:50:48.497+0000] {dagbag.py:545} INFO - Filling up the DagBag from /home/airflow/.local/lib/python3.12/site-packages/airflow/example_dags/example_display_name.py
[2025-09-29T15:50:48.513+0000] {processor.py:840} INFO - DAG(s) 'example_display_name' retrieved from /home/airflow/.local/lib/python3.12/site-packages/airflow/example_dags/example_display_name.py
[2025-09-29T15:50:48.570+0000] {logging_mixin.py:188} INFO - [2025-09-29T15:50:48.569+0000] {dag.py:3089} INFO - Sync 1 DAGs
[2025-09-29T15:50:48.618+0000] {logging_mixin.py:188} INFO - [2025-09-29T15:50:48.618+0000] {dag.py:3947} INFO - Setting next_dagrun for example_display_name to None, run_after=None
[2025-09-29T15:50:48.681+0000] {processor.py:183} INFO - Processing /home/airflow/.local/lib/python3.12/site-packages/airflow/example_dags/example_display_name.py took 0.206 seconds
[2025-09-29T15:51:18.856+0000] {processor.py:161} INFO - Started process (PID=9440) to work on /home/airflow/.local/lib/python3.12/site-packages/airflow/example_dags/example_display_name.py
[2025-09-29T15:51:18.871+0000] {processor.py:830} INFO - Processing file /home/airflow/.local/lib/python3.12/site-packages/airflow/example_dags/example_display_name.py for tasks to queue
[2025-09-29T15:51:18.875+0000] {logging_mixin.py:188} INFO - [2025-09-29T15:51:18.874+0000] {dagbag.py:545} INFO - Filling up the DagBag from /home/airflow/.local/lib/python3.12/site-packages/airflow/example_dags/example_display_name.py
[2025-09-29T15:51:18.890+0000] {processor.py:840} INFO - DAG(s) 'example_display_name' retrieved from /home/airflow/.local/lib/python3.12/site-packages/airflow/example_dags/example_display_name.py
[2025-09-29T15:51:18.944+0000] {logging_mixin.py:188} INFO - [2025-09-29T15:51:18.944+0000] {dag.py:3089} INFO - Sync 1 DAGs
[2025-09-29T15:51:18.975+0000] {logging_mixin.py:188} INFO - [2025-09-29T15:51:18.974+0000] {dag.py:3947} INFO - Setting next_dagrun for example_display_name to None, run_after=None
[2025-09-29T15:51:19.021+0000] {processor.py:183} INFO - Processing /home/airflow/.local/lib/python3.12/site-packages/airflow/example_dags/example_display_name.py took 0.180 seconds
[2025-09-29T15:51:49.169+0000] {processor.py:161} INFO - Started process (PID=9702) to work on /home/airflow/.local/lib/python3.12/site-packages/airflow/example_dags/example_display_name.py
[2025-09-29T15:51:49.171+0000] {processor.py:830} INFO - Processing file /home/airflow/.local/lib/python3.12/site-packages/airflow/example_dags/example_display_name.py for tasks to queue
[2025-09-29T15:51:49.176+0000] {logging_mixin.py:188} INFO - [2025-09-29T15:51:49.175+0000] {dagbag.py:545} INFO - Filling up the DagBag from /home/airflow/.local/lib/python3.12/site-packages/airflow/example_dags/example_display_name.py
[2025-09-29T15:51:49.190+0000] {processor.py:840} INFO - DAG(s) 'example_display_name' retrieved from /home/airflow/.local/lib/python3.12/site-packages/airflow/example_dags/example_display_name.py
[2025-09-29T15:51:49.247+0000] {logging_mixin.py:188} INFO - [2025-09-29T15:51:49.246+0000] {dag.py:3089} INFO - Sync 1 DAGs
[2025-09-29T15:51:49.278+0000] {logging_mixin.py:188} INFO - [2025-09-29T15:51:49.278+0000] {dag.py:3947} INFO - Setting next_dagrun for example_display_name to None, run_after=None
[2025-09-29T15:51:49.328+0000] {processor.py:183} INFO - Processing /home/airflow/.local/lib/python3.12/site-packages/airflow/example_dags/example_display_name.py took 0.173 seconds
[2025-09-29T15:52:19.969+0000] {processor.py:161} INFO - Started process (PID=9964) to work on /home/airflow/.local/lib/python3.12/site-packages/airflow/example_dags/example_display_name.py
[2025-09-29T15:52:19.973+0000] {processor.py:830} INFO - Processing file /home/airflow/.local/lib/python3.12/site-packages/airflow/example_dags/example_display_name.py for tasks to queue
[2025-09-29T15:52:19.978+0000] {logging_mixin.py:188} INFO - [2025-09-29T15:52:19.977+0000] {dagbag.py:545} INFO - Filling up the DagBag from /home/airflow/.local/lib/python3.12/site-packages/airflow/example_dags/example_display_name.py
[2025-09-29T15:52:19.994+0000] {processor.py:840} INFO - DAG(s) 'example_display_name' retrieved from /home/airflow/.local/lib/python3.12/site-packages/airflow/example_dags/example_display_name.py
[2025-09-29T15:52:20.050+0000] {logging_mixin.py:188} INFO - [2025-09-29T15:52:20.050+0000] {dag.py:3089} INFO - Sync 1 DAGs
[2025-09-29T15:52:20.081+0000] {logging_mixin.py:188} INFO - [2025-09-29T15:52:20.081+0000] {dag.py:3947} INFO - Setting next_dagrun for example_display_name to None, run_after=None
[2025-09-29T15:52:20.127+0000] {processor.py:183} INFO - Processing /home/airflow/.local/lib/python3.12/site-packages/airflow/example_dags/example_display_name.py took 0.173 seconds
[2025-09-29T15:52:50.846+0000] {processor.py:161} INFO - Started process (PID=10226) to work on /home/airflow/.local/lib/python3.12/site-packages/airflow/example_dags/example_display_name.py
[2025-09-29T15:52:50.849+0000] {processor.py:830} INFO - Processing file /home/airflow/.local/lib/python3.12/site-packages/airflow/example_dags/example_display_name.py for tasks to queue
[2025-09-29T15:52:50.853+0000] {logging_mixin.py:188} INFO - [2025-09-29T15:52:50.853+0000] {dagbag.py:545} INFO - Filling up the DagBag from /home/airflow/.local/lib/python3.12/site-packages/airflow/example_dags/example_display_name.py
[2025-09-29T15:52:50.872+0000] {processor.py:840} INFO - DAG(s) 'example_display_name' retrieved from /home/airflow/.local/lib/python3.12/site-packages/airflow/example_dags/example_display_name.py
[2025-09-29T15:52:50.940+0000] {logging_mixin.py:188} INFO - [2025-09-29T15:52:50.939+0000] {dag.py:3089} INFO - Sync 1 DAGs
[2025-09-29T15:52:50.979+0000] {logging_mixin.py:188} INFO - [2025-09-29T15:52:50.979+0000] {dag.py:3947} INFO - Setting next_dagrun for example_display_name to None, run_after=None
[2025-09-29T15:52:51.053+0000] {processor.py:183} INFO - Processing /home/airflow/.local/lib/python3.12/site-packages/airflow/example_dags/example_display_name.py took 0.226 seconds
[2025-09-29T15:53:21.476+0000] {processor.py:161} INFO - Started process (PID=10486) to work on /home/airflow/.local/lib/python3.12/site-packages/airflow/example_dags/example_display_name.py
[2025-09-29T15:53:21.478+0000] {processor.py:830} INFO - Processing file /home/airflow/.local/lib/python3.12/site-packages/airflow/example_dags/example_display_name.py for tasks to queue
[2025-09-29T15:53:21.483+0000] {logging_mixin.py:188} INFO - [2025-09-29T15:53:21.482+0000] {dagbag.py:545} INFO - Filling up the DagBag from /home/airflow/.local/lib/python3.12/site-packages/airflow/example_dags/example_display_name.py
[2025-09-29T15:53:21.497+0000] {processor.py:840} INFO - DAG(s) 'example_display_name' retrieved from /home/airflow/.local/lib/python3.12/site-packages/airflow/example_dags/example_display_name.py
[2025-09-29T15:53:21.554+0000] {logging_mixin.py:188} INFO - [2025-09-29T15:53:21.554+0000] {dag.py:3089} INFO - Sync 1 DAGs
[2025-09-29T15:53:21.908+0000] {logging_mixin.py:188} INFO - [2025-09-29T15:53:21.908+0000] {dag.py:3947} INFO - Setting next_dagrun for example_display_name to None, run_after=None
[2025-09-29T15:53:21.954+0000] {processor.py:183} INFO - Processing /home/airflow/.local/lib/python3.12/site-packages/airflow/example_dags/example_display_name.py took 0.493 seconds
[2025-09-29T15:53:52.498+0000] {processor.py:161} INFO - Started process (PID=10748) to work on /home/airflow/.local/lib/python3.12/site-packages/airflow/example_dags/example_display_name.py
[2025-09-29T15:53:52.500+0000] {processor.py:830} INFO - Processing file /home/airflow/.local/lib/python3.12/site-packages/airflow/example_dags/example_display_name.py for tasks to queue
[2025-09-29T15:53:52.505+0000] {logging_mixin.py:188} INFO - [2025-09-29T15:53:52.504+0000] {dagbag.py:545} INFO - Filling up the DagBag from /home/airflow/.local/lib/python3.12/site-packages/airflow/example_dags/example_display_name.py
[2025-09-29T15:53:52.519+0000] {processor.py:840} INFO - DAG(s) 'example_display_name' retrieved from /home/airflow/.local/lib/python3.12/site-packages/airflow/example_dags/example_display_name.py
[2025-09-29T15:53:52.576+0000] {logging_mixin.py:188} INFO - [2025-09-29T15:53:52.575+0000] {dag.py:3089} INFO - Sync 1 DAGs
[2025-09-29T15:53:52.606+0000] {logging_mixin.py:188} INFO - [2025-09-29T15:53:52.606+0000] {dag.py:3947} INFO - Setting next_dagrun for example_display_name to None, run_after=None
[2025-09-29T15:53:52.658+0000] {processor.py:183} INFO - Processing /home/airflow/.local/lib/python3.12/site-packages/airflow/example_dags/example_display_name.py took 0.174 seconds
[2025-09-29T15:54:23.540+0000] {processor.py:161} INFO - Started process (PID=11012) to work on /home/airflow/.local/lib/python3.12/site-packages/airflow/example_dags/example_display_name.py
[2025-09-29T15:54:23.543+0000] {processor.py:830} INFO - Processing file /home/airflow/.local/lib/python3.12/site-packages/airflow/example_dags/example_display_name.py for tasks to queue
[2025-09-29T15:54:23.547+0000] {logging_mixin.py:188} INFO - [2025-09-29T15:54:23.546+0000] {dagbag.py:545} INFO - Filling up the DagBag from /home/airflow/.local/lib/python3.12/site-packages/airflow/example_dags/example_display_name.py
[2025-09-29T15:54:23.561+0000] {processor.py:840} INFO - DAG(s) 'example_display_name' retrieved from /home/airflow/.local/lib/python3.12/site-packages/airflow/example_dags/example_display_name.py
[2025-09-29T15:54:23.613+0000] {logging_mixin.py:188} INFO - [2025-09-29T15:54:23.612+0000] {dag.py:3089} INFO - Sync 1 DAGs
[2025-09-29T15:54:23.641+0000] {logging_mixin.py:188} INFO - [2025-09-29T15:54:23.640+0000] {dag.py:3947} INFO - Setting next_dagrun for example_display_name to None, run_after=None
[2025-09-29T15:54:23.688+0000] {processor.py:183} INFO - Processing /home/airflow/.local/lib/python3.12/site-packages/airflow/example_dags/example_display_name.py took 0.165 seconds
[2025-09-29T15:54:54.209+0000] {processor.py:161} INFO - Started process (PID=11284) to work on /home/airflow/.local/lib/python3.12/site-packages/airflow/example_dags/example_display_name.py
[2025-09-29T15:54:54.212+0000] {processor.py:830} INFO - Processing file /home/airflow/.local/lib/python3.12/site-packages/airflow/example_dags/example_display_name.py for tasks to queue
[2025-09-29T15:54:54.216+0000] {logging_mixin.py:188} INFO - [2025-09-29T15:54:54.216+0000] {dagbag.py:545} INFO - Filling up the DagBag from /home/airflow/.local/lib/python3.12/site-packages/airflow/example_dags/example_display_name.py
[2025-09-29T15:54:54.230+0000] {processor.py:840} INFO - DAG(s) 'example_display_name' retrieved from /home/airflow/.local/lib/python3.12/site-packages/airflow/example_dags/example_display_name.py
[2025-09-29T15:54:54.286+0000] {logging_mixin.py:188} INFO - [2025-09-29T15:54:54.285+0000] {dag.py:3089} INFO - Sync 1 DAGs
[2025-09-29T15:54:54.315+0000] {logging_mixin.py:188} INFO - [2025-09-29T15:54:54.314+0000] {dag.py:3947} INFO - Setting next_dagrun for example_display_name to None, run_after=None
[2025-09-29T15:54:54.364+0000] {processor.py:183} INFO - Processing /home/airflow/.local/lib/python3.12/site-packages/airflow/example_dags/example_display_name.py took 0.169 seconds
[2025-09-29T15:55:24.893+0000] {processor.py:161} INFO - Started process (PID=11536) to work on /home/airflow/.local/lib/python3.12/site-packages/airflow/example_dags/example_display_name.py
[2025-09-29T15:55:24.897+0000] {processor.py:830} INFO - Processing file /home/airflow/.local/lib/python3.12/site-packages/airflow/example_dags/example_display_name.py for tasks to queue
[2025-09-29T15:55:24.901+0000] {logging_mixin.py:188} INFO - [2025-09-29T15:55:24.900+0000] {dagbag.py:545} INFO - Filling up the DagBag from /home/airflow/.local/lib/python3.12/site-packages/airflow/example_dags/example_display_name.py
[2025-09-29T15:55:24.914+0000] {processor.py:840} INFO - DAG(s) 'example_display_name' retrieved from /home/airflow/.local/lib/python3.12/site-packages/airflow/example_dags/example_display_name.py
[2025-09-29T15:55:24.968+0000] {logging_mixin.py:188} INFO - [2025-09-29T15:55:24.967+0000] {dag.py:3089} INFO - Sync 1 DAGs
[2025-09-29T15:55:24.996+0000] {logging_mixin.py:188} INFO - [2025-09-29T15:55:24.996+0000] {dag.py:3947} INFO - Setting next_dagrun for example_display_name to None, run_after=None
[2025-09-29T15:55:25.039+0000] {processor.py:183} INFO - Processing /home/airflow/.local/lib/python3.12/site-packages/airflow/example_dags/example_display_name.py took 0.161 seconds
[2025-09-29T15:55:55.694+0000] {processor.py:161} INFO - Started process (PID=11792) to work on /home/airflow/.local/lib/python3.12/site-packages/airflow/example_dags/example_display_name.py
[2025-09-29T15:55:55.697+0000] {processor.py:830} INFO - Processing file /home/airflow/.local/lib/python3.12/site-packages/airflow/example_dags/example_display_name.py for tasks to queue
[2025-09-29T15:55:55.701+0000] {logging_mixin.py:188} INFO - [2025-09-29T15:55:55.700+0000] {dagbag.py:545} INFO - Filling up the DagBag from /home/airflow/.local/lib/python3.12/site-packages/airflow/example_dags/example_display_name.py
[2025-09-29T15:55:55.714+0000] {processor.py:840} INFO - DAG(s) 'example_display_name' retrieved from /home/airflow/.local/lib/python3.12/site-packages/airflow/example_dags/example_display_name.py
[2025-09-29T15:55:55.770+0000] {logging_mixin.py:188} INFO - [2025-09-29T15:55:55.769+0000] {dag.py:3089} INFO - Sync 1 DAGs
[2025-09-29T15:55:55.798+0000] {logging_mixin.py:188} INFO - [2025-09-29T15:55:55.797+0000] {dag.py:3947} INFO - Setting next_dagrun for example_display_name to None, run_after=None
[2025-09-29T15:55:55.847+0000] {processor.py:183} INFO - Processing /home/airflow/.local/lib/python3.12/site-packages/airflow/example_dags/example_display_name.py took 0.169 seconds
[2025-09-29T15:56:26.262+0000] {processor.py:161} INFO - Started process (PID=12054) to work on /home/airflow/.local/lib/python3.12/site-packages/airflow/example_dags/example_display_name.py
[2025-09-29T15:56:26.265+0000] {processor.py:830} INFO - Processing file /home/airflow/.local/lib/python3.12/site-packages/airflow/example_dags/example_display_name.py for tasks to queue
[2025-09-29T15:56:26.269+0000] {logging_mixin.py:188} INFO - [2025-09-29T15:56:26.268+0000] {dagbag.py:545} INFO - Filling up the DagBag from /home/airflow/.local/lib/python3.12/site-packages/airflow/example_dags/example_display_name.py
[2025-09-29T15:56:26.283+0000] {processor.py:840} INFO - DAG(s) 'example_display_name' retrieved from /home/airflow/.local/lib/python3.12/site-packages/airflow/example_dags/example_display_name.py
[2025-09-29T15:56:26.338+0000] {logging_mixin.py:188} INFO - [2025-09-29T15:56:26.337+0000] {dag.py:3089} INFO - Sync 1 DAGs
[2025-09-29T15:56:26.367+0000] {logging_mixin.py:188} INFO - [2025-09-29T15:56:26.367+0000] {dag.py:3947} INFO - Setting next_dagrun for example_display_name to None, run_after=None
[2025-09-29T15:56:26.414+0000] {processor.py:183} INFO - Processing /home/airflow/.local/lib/python3.12/site-packages/airflow/example_dags/example_display_name.py took 0.167 seconds
[2025-09-29T15:56:57.095+0000] {processor.py:161} INFO - Started process (PID=12316) to work on /home/airflow/.local/lib/python3.12/site-packages/airflow/example_dags/example_display_name.py
[2025-09-29T15:56:57.098+0000] {processor.py:830} INFO - Processing file /home/airflow/.local/lib/python3.12/site-packages/airflow/example_dags/example_display_name.py for tasks to queue
[2025-09-29T15:56:57.102+0000] {logging_mixin.py:188} INFO - [2025-09-29T15:56:57.101+0000] {dagbag.py:545} INFO - Filling up the DagBag from /home/airflow/.local/lib/python3.12/site-packages/airflow/example_dags/example_display_name.py
[2025-09-29T15:56:57.115+0000] {processor.py:840} INFO - DAG(s) 'example_display_name' retrieved from /home/airflow/.local/lib/python3.12/site-packages/airflow/example_dags/example_display_name.py
[2025-09-29T15:56:57.170+0000] {logging_mixin.py:188} INFO - [2025-09-29T15:56:57.169+0000] {dag.py:3089} INFO - Sync 1 DAGs
[2025-09-29T15:56:57.197+0000] {logging_mixin.py:188} INFO - [2025-09-29T15:56:57.197+0000] {dag.py:3947} INFO - Setting next_dagrun for example_display_name to None, run_after=None
[2025-09-29T15:56:57.244+0000] {processor.py:183} INFO - Processing /home/airflow/.local/lib/python3.12/site-packages/airflow/example_dags/example_display_name.py took 0.163 seconds
[2025-09-29T15:57:27.587+0000] {processor.py:161} INFO - Started process (PID=12578) to work on /home/airflow/.local/lib/python3.12/site-packages/airflow/example_dags/example_display_name.py
[2025-09-29T15:57:27.589+0000] {processor.py:830} INFO - Processing file /home/airflow/.local/lib/python3.12/site-packages/airflow/example_dags/example_display_name.py for tasks to queue
[2025-09-29T15:57:27.593+0000] {logging_mixin.py:188} INFO - [2025-09-29T15:57:27.592+0000] {dagbag.py:545} INFO - Filling up the DagBag from /home/airflow/.local/lib/python3.12/site-packages/airflow/example_dags/example_display_name.py
[2025-09-29T15:57:27.606+0000] {processor.py:840} INFO - DAG(s) 'example_display_name' retrieved from /home/airflow/.local/lib/python3.12/site-packages/airflow/example_dags/example_display_name.py
[2025-09-29T15:57:27.658+0000] {logging_mixin.py:188} INFO - [2025-09-29T15:57:27.657+0000] {dag.py:3089} INFO - Sync 1 DAGs
[2025-09-29T15:57:27.685+0000] {logging_mixin.py:188} INFO - [2025-09-29T15:57:27.684+0000] {dag.py:3947} INFO - Setting next_dagrun for example_display_name to None, run_after=None
[2025-09-29T15:57:27.731+0000] {processor.py:183} INFO - Processing /home/airflow/.local/lib/python3.12/site-packages/airflow/example_dags/example_display_name.py took 0.160 seconds
[2025-09-29T15:57:58.483+0000] {processor.py:161} INFO - Started process (PID=12840) to work on /home/airflow/.local/lib/python3.12/site-packages/airflow/example_dags/example_display_name.py
[2025-09-29T15:57:58.487+0000] {processor.py:830} INFO - Processing file /home/airflow/.local/lib/python3.12/site-packages/airflow/example_dags/example_display_name.py for tasks to queue
[2025-09-29T15:57:58.492+0000] {logging_mixin.py:188} INFO - [2025-09-29T15:57:58.491+0000] {dagbag.py:545} INFO - Filling up the DagBag from /home/airflow/.local/lib/python3.12/site-packages/airflow/example_dags/example_display_name.py
[2025-09-29T15:57:58.515+0000] {processor.py:840} INFO - DAG(s) 'example_display_name' retrieved from /home/airflow/.local/lib/python3.12/site-packages/airflow/example_dags/example_display_name.py
[2025-09-29T15:57:58.585+0000] {logging_mixin.py:188} INFO - [2025-09-29T15:57:58.584+0000] {dag.py:3089} INFO - Sync 1 DAGs
[2025-09-29T15:57:58.614+0000] {logging_mixin.py:188} INFO - [2025-09-29T15:57:58.613+0000] {dag.py:3947} INFO - Setting next_dagrun for example_display_name to None, run_after=None
[2025-09-29T15:57:58.656+0000] {processor.py:183} INFO - Processing /home/airflow/.local/lib/python3.12/site-packages/airflow/example_dags/example_display_name.py took 0.193 seconds
[2025-09-29T15:58:29.401+0000] {processor.py:161} INFO - Started process (PID=13102) to work on /home/airflow/.local/lib/python3.12/site-packages/airflow/example_dags/example_display_name.py
[2025-09-29T15:58:29.405+0000] {processor.py:830} INFO - Processing file /home/airflow/.local/lib/python3.12/site-packages/airflow/example_dags/example_display_name.py for tasks to queue
[2025-09-29T15:58:29.409+0000] {logging_mixin.py:188} INFO - [2025-09-29T15:58:29.408+0000] {dagbag.py:545} INFO - Filling up the DagBag from /home/airflow/.local/lib/python3.12/site-packages/airflow/example_dags/example_display_name.py
[2025-09-29T15:58:29.422+0000] {processor.py:840} INFO - DAG(s) 'example_display_name' retrieved from /home/airflow/.local/lib/python3.12/site-packages/airflow/example_dags/example_display_name.py
[2025-09-29T15:58:29.476+0000] {logging_mixin.py:188} INFO - [2025-09-29T15:58:29.476+0000] {dag.py:3089} INFO - Sync 1 DAGs
[2025-09-29T15:58:29.505+0000] {logging_mixin.py:188} INFO - [2025-09-29T15:58:29.504+0000] {dag.py:3947} INFO - Setting next_dagrun for example_display_name to None, run_after=None
[2025-09-29T15:58:29.554+0000] {processor.py:183} INFO - Processing /home/airflow/.local/lib/python3.12/site-packages/airflow/example_dags/example_display_name.py took 0.168 seconds
[2025-09-29T15:59:00.169+0000] {processor.py:161} INFO - Started process (PID=13364) to work on /home/airflow/.local/lib/python3.12/site-packages/airflow/example_dags/example_display_name.py
[2025-09-29T15:59:00.172+0000] {processor.py:830} INFO - Processing file /home/airflow/.local/lib/python3.12/site-packages/airflow/example_dags/example_display_name.py for tasks to queue
[2025-09-29T15:59:00.179+0000] {logging_mixin.py:188} INFO - [2025-09-29T15:59:00.177+0000] {dagbag.py:545} INFO - Filling up the DagBag from /home/airflow/.local/lib/python3.12/site-packages/airflow/example_dags/example_display_name.py
[2025-09-29T15:59:00.198+0000] {processor.py:840} INFO - DAG(s) 'example_display_name' retrieved from /home/airflow/.local/lib/python3.12/site-packages/airflow/example_dags/example_display_name.py
[2025-09-29T15:59:00.265+0000] {logging_mixin.py:188} INFO - [2025-09-29T15:59:00.264+0000] {dag.py:3089} INFO - Sync 1 DAGs
[2025-09-29T15:59:00.299+0000] {logging_mixin.py:188} INFO - [2025-09-29T15:59:00.298+0000] {dag.py:3947} INFO - Setting next_dagrun for example_display_name to None, run_after=None
[2025-09-29T15:59:00.356+0000] {processor.py:183} INFO - Processing /home/airflow/.local/lib/python3.12/site-packages/airflow/example_dags/example_display_name.py took 0.206 seconds
[2025-09-29T15:59:31.083+0000] {processor.py:161} INFO - Started process (PID=13626) to work on /home/airflow/.local/lib/python3.12/site-packages/airflow/example_dags/example_display_name.py
[2025-09-29T15:59:31.086+0000] {processor.py:830} INFO - Processing file /home/airflow/.local/lib/python3.12/site-packages/airflow/example_dags/example_display_name.py for tasks to queue
[2025-09-29T15:59:31.090+0000] {logging_mixin.py:188} INFO - [2025-09-29T15:59:31.089+0000] {dagbag.py:545} INFO - Filling up the DagBag from /home/airflow/.local/lib/python3.12/site-packages/airflow/example_dags/example_display_name.py
[2025-09-29T15:59:31.103+0000] {processor.py:840} INFO - DAG(s) 'example_display_name' retrieved from /home/airflow/.local/lib/python3.12/site-packages/airflow/example_dags/example_display_name.py
[2025-09-29T15:59:31.156+0000] {logging_mixin.py:188} INFO - [2025-09-29T15:59:31.155+0000] {dag.py:3089} INFO - Sync 1 DAGs
[2025-09-29T15:59:31.183+0000] {logging_mixin.py:188} INFO - [2025-09-29T15:59:31.183+0000] {dag.py:3947} INFO - Setting next_dagrun for example_display_name to None, run_after=None
[2025-09-29T15:59:31.227+0000] {processor.py:183} INFO - Processing /home/airflow/.local/lib/python3.12/site-packages/airflow/example_dags/example_display_name.py took 0.159 seconds
[2025-09-29T16:00:01.398+0000] {processor.py:161} INFO - Started process (PID=13888) to work on /home/airflow/.local/lib/python3.12/site-packages/airflow/example_dags/example_display_name.py
[2025-09-29T16:00:01.401+0000] {processor.py:830} INFO - Processing file /home/airflow/.local/lib/python3.12/site-packages/airflow/example_dags/example_display_name.py for tasks to queue
[2025-09-29T16:00:01.405+0000] {logging_mixin.py:188} INFO - [2025-09-29T16:00:01.404+0000] {dagbag.py:545} INFO - Filling up the DagBag from /home/airflow/.local/lib/python3.12/site-packages/airflow/example_dags/example_display_name.py
[2025-09-29T16:00:01.419+0000] {processor.py:840} INFO - DAG(s) 'example_display_name' retrieved from /home/airflow/.local/lib/python3.12/site-packages/airflow/example_dags/example_display_name.py
[2025-09-29T16:00:01.474+0000] {logging_mixin.py:188} INFO - [2025-09-29T16:00:01.473+0000] {dag.py:3089} INFO - Sync 1 DAGs
[2025-09-29T16:00:01.504+0000] {logging_mixin.py:188} INFO - [2025-09-29T16:00:01.503+0000] {dag.py:3947} INFO - Setting next_dagrun for example_display_name to None, run_after=None
[2025-09-29T16:00:01.547+0000] {processor.py:183} INFO - Processing /home/airflow/.local/lib/python3.12/site-packages/airflow/example_dags/example_display_name.py took 0.164 seconds
[2025-09-29T16:00:32.180+0000] {processor.py:161} INFO - Started process (PID=14150) to work on /home/airflow/.local/lib/python3.12/site-packages/airflow/example_dags/example_display_name.py
[2025-09-29T16:00:32.184+0000] {processor.py:830} INFO - Processing file /home/airflow/.local/lib/python3.12/site-packages/airflow/example_dags/example_display_name.py for tasks to queue
[2025-09-29T16:00:32.189+0000] {logging_mixin.py:188} INFO - [2025-09-29T16:00:32.188+0000] {dagbag.py:545} INFO - Filling up the DagBag from /home/airflow/.local/lib/python3.12/site-packages/airflow/example_dags/example_display_name.py
[2025-09-29T16:00:32.206+0000] {processor.py:840} INFO - DAG(s) 'example_display_name' retrieved from /home/airflow/.local/lib/python3.12/site-packages/airflow/example_dags/example_display_name.py
[2025-09-29T16:00:32.267+0000] {logging_mixin.py:188} INFO - [2025-09-29T16:00:32.267+0000] {dag.py:3089} INFO - Sync 1 DAGs
[2025-09-29T16:00:32.299+0000] {logging_mixin.py:188} INFO - [2025-09-29T16:00:32.298+0000] {dag.py:3947} INFO - Setting next_dagrun for example_display_name to None, run_after=None
[2025-09-29T16:00:32.346+0000] {processor.py:183} INFO - Processing /home/airflow/.local/lib/python3.12/site-packages/airflow/example_dags/example_display_name.py took 0.185 seconds
[2025-09-29T16:01:03.114+0000] {processor.py:161} INFO - Started process (PID=14412) to work on /home/airflow/.local/lib/python3.12/site-packages/airflow/example_dags/example_display_name.py
[2025-09-29T16:01:03.117+0000] {processor.py:830} INFO - Processing file /home/airflow/.local/lib/python3.12/site-packages/airflow/example_dags/example_display_name.py for tasks to queue
[2025-09-29T16:01:03.121+0000] {logging_mixin.py:188} INFO - [2025-09-29T16:01:03.121+0000] {dagbag.py:545} INFO - Filling up the DagBag from /home/airflow/.local/lib/python3.12/site-packages/airflow/example_dags/example_display_name.py
[2025-09-29T16:01:03.135+0000] {processor.py:840} INFO - DAG(s) 'example_display_name' retrieved from /home/airflow/.local/lib/python3.12/site-packages/airflow/example_dags/example_display_name.py
[2025-09-29T16:01:02.562+0000] {logging_mixin.py:188} INFO - [2025-09-29T16:01:02.561+0000] {dag.py:3089} INFO - Sync 1 DAGs
[2025-09-29T16:01:02.591+0000] {logging_mixin.py:188} INFO - [2025-09-29T16:01:02.590+0000] {dag.py:3947} INFO - Setting next_dagrun for example_display_name to None, run_after=None
[2025-09-29T16:01:01.731+0000] {processor.py:183} INFO - Processing /home/airflow/.local/lib/python3.12/site-packages/airflow/example_dags/example_display_name.py took 0.165 seconds
[2025-09-29T16:01:32.739+0000] {processor.py:161} INFO - Started process (PID=14664) to work on /home/airflow/.local/lib/python3.12/site-packages/airflow/example_dags/example_display_name.py
[2025-09-29T16:01:32.742+0000] {processor.py:830} INFO - Processing file /home/airflow/.local/lib/python3.12/site-packages/airflow/example_dags/example_display_name.py for tasks to queue
[2025-09-29T16:01:32.747+0000] {logging_mixin.py:188} INFO - [2025-09-29T16:01:32.746+0000] {dagbag.py:545} INFO - Filling up the DagBag from /home/airflow/.local/lib/python3.12/site-packages/airflow/example_dags/example_display_name.py
[2025-09-29T16:01:32.760+0000] {processor.py:840} INFO - DAG(s) 'example_display_name' retrieved from /home/airflow/.local/lib/python3.12/site-packages/airflow/example_dags/example_display_name.py
[2025-09-29T16:01:32.814+0000] {logging_mixin.py:188} INFO - [2025-09-29T16:01:32.813+0000] {dag.py:3089} INFO - Sync 1 DAGs
[2025-09-29T16:01:32.844+0000] {logging_mixin.py:188} INFO - [2025-09-29T16:01:32.843+0000] {dag.py:3947} INFO - Setting next_dagrun for example_display_name to None, run_after=None
[2025-09-29T16:01:32.893+0000] {processor.py:183} INFO - Processing /home/airflow/.local/lib/python3.12/site-packages/airflow/example_dags/example_display_name.py took 0.169 seconds
[2025-09-29T16:02:03.457+0000] {processor.py:161} INFO - Started process (PID=14926) to work on /home/airflow/.local/lib/python3.12/site-packages/airflow/example_dags/example_display_name.py
[2025-09-29T16:02:03.460+0000] {processor.py:830} INFO - Processing file /home/airflow/.local/lib/python3.12/site-packages/airflow/example_dags/example_display_name.py for tasks to queue
[2025-09-29T16:02:03.464+0000] {logging_mixin.py:188} INFO - [2025-09-29T16:02:03.463+0000] {dagbag.py:545} INFO - Filling up the DagBag from /home/airflow/.local/lib/python3.12/site-packages/airflow/example_dags/example_display_name.py
[2025-09-29T16:02:03.481+0000] {processor.py:840} INFO - DAG(s) 'example_display_name' retrieved from /home/airflow/.local/lib/python3.12/site-packages/airflow/example_dags/example_display_name.py
[2025-09-29T16:02:03.536+0000] {logging_mixin.py:188} INFO - [2025-09-29T16:02:03.536+0000] {dag.py:3089} INFO - Sync 1 DAGs
[2025-09-29T16:02:03.567+0000] {logging_mixin.py:188} INFO - [2025-09-29T16:02:03.566+0000] {dag.py:3947} INFO - Setting next_dagrun for example_display_name to None, run_after=None
[2025-09-29T16:02:03.613+0000] {processor.py:183} INFO - Processing /home/airflow/.local/lib/python3.12/site-packages/airflow/example_dags/example_display_name.py took 0.171 seconds
[2025-09-29T16:02:34.848+0000] {processor.py:161} INFO - Started process (PID=15198) to work on /home/airflow/.local/lib/python3.12/site-packages/airflow/example_dags/example_display_name.py
[2025-09-29T16:02:34.851+0000] {processor.py:830} INFO - Processing file /home/airflow/.local/lib/python3.12/site-packages/airflow/example_dags/example_display_name.py for tasks to queue
[2025-09-29T16:02:34.856+0000] {logging_mixin.py:188} INFO - [2025-09-29T16:02:34.855+0000] {dagbag.py:545} INFO - Filling up the DagBag from /home/airflow/.local/lib/python3.12/site-packages/airflow/example_dags/example_display_name.py
[2025-09-29T16:02:34.871+0000] {processor.py:840} INFO - DAG(s) 'example_display_name' retrieved from /home/airflow/.local/lib/python3.12/site-packages/airflow/example_dags/example_display_name.py
[2025-09-29T16:02:34.929+0000] {logging_mixin.py:188} INFO - [2025-09-29T16:02:34.929+0000] {dag.py:3089} INFO - Sync 1 DAGs
[2025-09-29T16:02:34.960+0000] {logging_mixin.py:188} INFO - [2025-09-29T16:02:34.959+0000] {dag.py:3947} INFO - Setting next_dagrun for example_display_name to None, run_after=None
[2025-09-29T16:02:35.008+0000] {processor.py:183} INFO - Processing /home/airflow/.local/lib/python3.12/site-packages/airflow/example_dags/example_display_name.py took 0.175 seconds
[2025-09-29T16:03:05.740+0000] {processor.py:161} INFO - Started process (PID=15460) to work on /home/airflow/.local/lib/python3.12/site-packages/airflow/example_dags/example_display_name.py
[2025-09-29T16:03:05.743+0000] {processor.py:830} INFO - Processing file /home/airflow/.local/lib/python3.12/site-packages/airflow/example_dags/example_display_name.py for tasks to queue
[2025-09-29T16:03:05.747+0000] {logging_mixin.py:188} INFO - [2025-09-29T16:03:05.746+0000] {dagbag.py:545} INFO - Filling up the DagBag from /home/airflow/.local/lib/python3.12/site-packages/airflow/example_dags/example_display_name.py
[2025-09-29T16:03:05.762+0000] {processor.py:840} INFO - DAG(s) 'example_display_name' retrieved from /home/airflow/.local/lib/python3.12/site-packages/airflow/example_dags/example_display_name.py
[2025-09-29T16:03:05.821+0000] {logging_mixin.py:188} INFO - [2025-09-29T16:03:05.820+0000] {dag.py:3089} INFO - Sync 1 DAGs
[2025-09-29T16:03:05.851+0000] {logging_mixin.py:188} INFO - [2025-09-29T16:03:05.850+0000] {dag.py:3947} INFO - Setting next_dagrun for example_display_name to None, run_after=None
[2025-09-29T16:03:05.902+0000] {processor.py:183} INFO - Processing /home/airflow/.local/lib/python3.12/site-packages/airflow/example_dags/example_display_name.py took 0.179 seconds
[2025-09-29T16:03:36.483+0000] {processor.py:161} INFO - Started process (PID=15722) to work on /home/airflow/.local/lib/python3.12/site-packages/airflow/example_dags/example_display_name.py
[2025-09-29T16:03:36.485+0000] {processor.py:830} INFO - Processing file /home/airflow/.local/lib/python3.12/site-packages/airflow/example_dags/example_display_name.py for tasks to queue
[2025-09-29T16:03:36.489+0000] {logging_mixin.py:188} INFO - [2025-09-29T16:03:36.488+0000] {dagbag.py:545} INFO - Filling up the DagBag from /home/airflow/.local/lib/python3.12/site-packages/airflow/example_dags/example_display_name.py
[2025-09-29T16:03:36.502+0000] {processor.py:840} INFO - DAG(s) 'example_display_name' retrieved from /home/airflow/.local/lib/python3.12/site-packages/airflow/example_dags/example_display_name.py
[2025-09-29T16:03:36.556+0000] {logging_mixin.py:188} INFO - [2025-09-29T16:03:36.556+0000] {dag.py:3089} INFO - Sync 1 DAGs
[2025-09-29T16:03:36.585+0000] {logging_mixin.py:188} INFO - [2025-09-29T16:03:36.584+0000] {dag.py:3947} INFO - Setting next_dagrun for example_display_name to None, run_after=None
[2025-09-29T16:03:36.629+0000] {processor.py:183} INFO - Processing /home/airflow/.local/lib/python3.12/site-packages/airflow/example_dags/example_display_name.py took 0.161 seconds
[2025-09-29T16:04:06.778+0000] {processor.py:161} INFO - Started process (PID=15982) to work on /home/airflow/.local/lib/python3.12/site-packages/airflow/example_dags/example_display_name.py
[2025-09-29T16:04:06.782+0000] {processor.py:830} INFO - Processing file /home/airflow/.local/lib/python3.12/site-packages/airflow/example_dags/example_display_name.py for tasks to queue
[2025-09-29T16:04:06.788+0000] {logging_mixin.py:188} INFO - [2025-09-29T16:04:06.787+0000] {dagbag.py:545} INFO - Filling up the DagBag from /home/airflow/.local/lib/python3.12/site-packages/airflow/example_dags/example_display_name.py
[2025-09-29T16:04:06.807+0000] {processor.py:840} INFO - DAG(s) 'example_display_name' retrieved from /home/airflow/.local/lib/python3.12/site-packages/airflow/example_dags/example_display_name.py
[2025-09-29T16:04:06.867+0000] {logging_mixin.py:188} INFO - [2025-09-29T16:04:06.867+0000] {dag.py:3089} INFO - Sync 1 DAGs
[2025-09-29T16:04:06.898+0000] {logging_mixin.py:188} INFO - [2025-09-29T16:04:06.898+0000] {dag.py:3947} INFO - Setting next_dagrun for example_display_name to None, run_after=None
[2025-09-29T16:04:06.946+0000] {processor.py:183} INFO - Processing /home/airflow/.local/lib/python3.12/site-packages/airflow/example_dags/example_display_name.py took 0.188 seconds
[2025-09-29T16:04:37.498+0000] {processor.py:161} INFO - Started process (PID=16244) to work on /home/airflow/.local/lib/python3.12/site-packages/airflow/example_dags/example_display_name.py
[2025-09-29T16:04:37.500+0000] {processor.py:830} INFO - Processing file /home/airflow/.local/lib/python3.12/site-packages/airflow/example_dags/example_display_name.py for tasks to queue
[2025-09-29T16:04:37.504+0000] {logging_mixin.py:188} INFO - [2025-09-29T16:04:37.503+0000] {dagbag.py:545} INFO - Filling up the DagBag from /home/airflow/.local/lib/python3.12/site-packages/airflow/example_dags/example_display_name.py
[2025-09-29T16:04:37.517+0000] {processor.py:840} INFO - DAG(s) 'example_display_name' retrieved from /home/airflow/.local/lib/python3.12/site-packages/airflow/example_dags/example_display_name.py
[2025-09-29T16:04:37.573+0000] {logging_mixin.py:188} INFO - [2025-09-29T16:04:37.572+0000] {dag.py:3089} INFO - Sync 1 DAGs
[2025-09-29T16:04:37.600+0000] {logging_mixin.py:188} INFO - [2025-09-29T16:04:37.600+0000] {dag.py:3947} INFO - Setting next_dagrun for example_display_name to None, run_after=None
[2025-09-29T16:04:37.648+0000] {processor.py:183} INFO - Processing /home/airflow/.local/lib/python3.12/site-packages/airflow/example_dags/example_display_name.py took 0.165 seconds
[2025-09-29T16:05:08.208+0000] {processor.py:161} INFO - Started process (PID=16506) to work on /home/airflow/.local/lib/python3.12/site-packages/airflow/example_dags/example_display_name.py
[2025-09-29T16:05:08.211+0000] {processor.py:830} INFO - Processing file /home/airflow/.local/lib/python3.12/site-packages/airflow/example_dags/example_display_name.py for tasks to queue
[2025-09-29T16:05:08.215+0000] {logging_mixin.py:188} INFO - [2025-09-29T16:05:08.214+0000] {dagbag.py:545} INFO - Filling up the DagBag from /home/airflow/.local/lib/python3.12/site-packages/airflow/example_dags/example_display_name.py
[2025-09-29T16:05:08.229+0000] {processor.py:840} INFO - DAG(s) 'example_display_name' retrieved from /home/airflow/.local/lib/python3.12/site-packages/airflow/example_dags/example_display_name.py
[2025-09-29T16:05:08.285+0000] {logging_mixin.py:188} INFO - [2025-09-29T16:05:08.284+0000] {dag.py:3089} INFO - Sync 1 DAGs
[2025-09-29T16:05:08.315+0000] {logging_mixin.py:188} INFO - [2025-09-29T16:05:08.314+0000] {dag.py:3947} INFO - Setting next_dagrun for example_display_name to None, run_after=None
[2025-09-29T16:05:08.370+0000] {processor.py:183} INFO - Processing /home/airflow/.local/lib/python3.12/site-packages/airflow/example_dags/example_display_name.py took 0.178 seconds
[2025-09-29T16:05:38.751+0000] {processor.py:161} INFO - Started process (PID=16768) to work on /home/airflow/.local/lib/python3.12/site-packages/airflow/example_dags/example_display_name.py
[2025-09-29T16:05:38.752+0000] {processor.py:830} INFO - Processing file /home/airflow/.local/lib/python3.12/site-packages/airflow/example_dags/example_display_name.py for tasks to queue
[2025-09-29T16:05:38.756+0000] {logging_mixin.py:188} INFO - [2025-09-29T16:05:38.756+0000] {dagbag.py:545} INFO - Filling up the DagBag from /home/airflow/.local/lib/python3.12/site-packages/airflow/example_dags/example_display_name.py
[2025-09-29T16:05:38.769+0000] {processor.py:840} INFO - DAG(s) 'example_display_name' retrieved from /home/airflow/.local/lib/python3.12/site-packages/airflow/example_dags/example_display_name.py
[2025-09-29T16:05:38.826+0000] {logging_mixin.py:188} INFO - [2025-09-29T16:05:38.825+0000] {dag.py:3089} INFO - Sync 1 DAGs
[2025-09-29T16:05:38.855+0000] {logging_mixin.py:188} INFO - [2025-09-29T16:05:38.855+0000] {dag.py:3947} INFO - Setting next_dagrun for example_display_name to None, run_after=None
[2025-09-29T16:05:38.905+0000] {processor.py:183} INFO - Processing /home/airflow/.local/lib/python3.12/site-packages/airflow/example_dags/example_display_name.py took 0.169 seconds
[2025-09-29T16:06:09.077+0000] {processor.py:161} INFO - Started process (PID=17030) to work on /home/airflow/.local/lib/python3.12/site-packages/airflow/example_dags/example_display_name.py
[2025-09-29T16:06:09.080+0000] {processor.py:830} INFO - Processing file /home/airflow/.local/lib/python3.12/site-packages/airflow/example_dags/example_display_name.py for tasks to queue
[2025-09-29T16:06:09.085+0000] {logging_mixin.py:188} INFO - [2025-09-29T16:06:09.084+0000] {dagbag.py:545} INFO - Filling up the DagBag from /home/airflow/.local/lib/python3.12/site-packages/airflow/example_dags/example_display_name.py
[2025-09-29T16:06:09.103+0000] {processor.py:840} INFO - DAG(s) 'example_display_name' retrieved from /home/airflow/.local/lib/python3.12/site-packages/airflow/example_dags/example_display_name.py
[2025-09-29T16:06:09.158+0000] {logging_mixin.py:188} INFO - [2025-09-29T16:06:09.158+0000] {dag.py:3089} INFO - Sync 1 DAGs
[2025-09-29T16:06:09.197+0000] {logging_mixin.py:188} INFO - [2025-09-29T16:06:09.196+0000] {dag.py:3947} INFO - Setting next_dagrun for example_display_name to None, run_after=None
[2025-09-29T16:06:09.267+0000] {processor.py:183} INFO - Processing /home/airflow/.local/lib/python3.12/site-packages/airflow/example_dags/example_display_name.py took 0.205 seconds
[2025-09-29T16:06:40.723+0000] {processor.py:161} INFO - Started process (PID=17292) to work on /home/airflow/.local/lib/python3.12/site-packages/airflow/example_dags/example_display_name.py
[2025-09-29T16:06:40.731+0000] {processor.py:830} INFO - Processing file /home/airflow/.local/lib/python3.12/site-packages/airflow/example_dags/example_display_name.py for tasks to queue
[2025-09-29T16:06:40.735+0000] {logging_mixin.py:188} INFO - [2025-09-29T16:06:40.734+0000] {dagbag.py:545} INFO - Filling up the DagBag from /home/airflow/.local/lib/python3.12/site-packages/airflow/example_dags/example_display_name.py
[2025-09-29T16:06:40.758+0000] {processor.py:840} INFO - DAG(s) 'example_display_name' retrieved from /home/airflow/.local/lib/python3.12/site-packages/airflow/example_dags/example_display_name.py
[2025-09-29T16:06:40.906+0000] {logging_mixin.py:188} INFO - [2025-09-29T16:06:40.905+0000] {dag.py:3089} INFO - Sync 1 DAGs
[2025-09-29T16:06:40.979+0000] {logging_mixin.py:188} INFO - [2025-09-29T16:06:40.978+0000] {dag.py:3947} INFO - Setting next_dagrun for example_display_name to None, run_after=None
[2025-09-29T16:06:41.058+0000] {processor.py:183} INFO - Processing /home/airflow/.local/lib/python3.12/site-packages/airflow/example_dags/example_display_name.py took 0.371 seconds
[2025-09-29T16:07:11.675+0000] {processor.py:161} INFO - Started process (PID=17554) to work on /home/airflow/.local/lib/python3.12/site-packages/airflow/example_dags/example_display_name.py
[2025-09-29T16:07:11.677+0000] {processor.py:830} INFO - Processing file /home/airflow/.local/lib/python3.12/site-packages/airflow/example_dags/example_display_name.py for tasks to queue
[2025-09-29T16:07:11.682+0000] {logging_mixin.py:188} INFO - [2025-09-29T16:07:11.681+0000] {dagbag.py:545} INFO - Filling up the DagBag from /home/airflow/.local/lib/python3.12/site-packages/airflow/example_dags/example_display_name.py
[2025-09-29T16:07:11.702+0000] {processor.py:840} INFO - DAG(s) 'example_display_name' retrieved from /home/airflow/.local/lib/python3.12/site-packages/airflow/example_dags/example_display_name.py
[2025-09-29T16:07:11.774+0000] {logging_mixin.py:188} INFO - [2025-09-29T16:07:11.774+0000] {dag.py:3089} INFO - Sync 1 DAGs
[2025-09-29T16:07:11.814+0000] {logging_mixin.py:188} INFO - [2025-09-29T16:07:11.814+0000] {dag.py:3947} INFO - Setting next_dagrun for example_display_name to None, run_after=None
[2025-09-29T16:07:11.871+0000] {processor.py:183} INFO - Processing /home/airflow/.local/lib/python3.12/site-packages/airflow/example_dags/example_display_name.py took 0.212 seconds
[2025-09-29T16:07:42.270+0000] {processor.py:161} INFO - Started process (PID=17810) to work on /home/airflow/.local/lib/python3.12/site-packages/airflow/example_dags/example_display_name.py
[2025-09-29T16:07:42.273+0000] {processor.py:830} INFO - Processing file /home/airflow/.local/lib/python3.12/site-packages/airflow/example_dags/example_display_name.py for tasks to queue
[2025-09-29T16:07:42.277+0000] {logging_mixin.py:188} INFO - [2025-09-29T16:07:42.276+0000] {dagbag.py:545} INFO - Filling up the DagBag from /home/airflow/.local/lib/python3.12/site-packages/airflow/example_dags/example_display_name.py
[2025-09-29T16:07:42.291+0000] {processor.py:840} INFO - DAG(s) 'example_display_name' retrieved from /home/airflow/.local/lib/python3.12/site-packages/airflow/example_dags/example_display_name.py
[2025-09-29T16:07:42.346+0000] {logging_mixin.py:188} INFO - [2025-09-29T16:07:42.345+0000] {dag.py:3089} INFO - Sync 1 DAGs
[2025-09-29T16:07:42.379+0000] {logging_mixin.py:188} INFO - [2025-09-29T16:07:42.378+0000] {dag.py:3947} INFO - Setting next_dagrun for example_display_name to None, run_after=None
[2025-09-29T16:07:42.449+0000] {processor.py:183} INFO - Processing /home/airflow/.local/lib/python3.12/site-packages/airflow/example_dags/example_display_name.py took 0.195 seconds
[2025-09-29T16:08:12.669+0000] {processor.py:161} INFO - Started process (PID=18072) to work on /home/airflow/.local/lib/python3.12/site-packages/airflow/example_dags/example_display_name.py
[2025-09-29T16:08:12.672+0000] {processor.py:830} INFO - Processing file /home/airflow/.local/lib/python3.12/site-packages/airflow/example_dags/example_display_name.py for tasks to queue
[2025-09-29T16:08:12.676+0000] {logging_mixin.py:188} INFO - [2025-09-29T16:08:12.675+0000] {dagbag.py:545} INFO - Filling up the DagBag from /home/airflow/.local/lib/python3.12/site-packages/airflow/example_dags/example_display_name.py
[2025-09-29T16:08:12.689+0000] {processor.py:840} INFO - DAG(s) 'example_display_name' retrieved from /home/airflow/.local/lib/python3.12/site-packages/airflow/example_dags/example_display_name.py
[2025-09-29T16:08:12.743+0000] {logging_mixin.py:188} INFO - [2025-09-29T16:08:12.742+0000] {dag.py:3089} INFO - Sync 1 DAGs
[2025-09-29T16:08:12.772+0000] {logging_mixin.py:188} INFO - [2025-09-29T16:08:12.772+0000] {dag.py:3947} INFO - Setting next_dagrun for example_display_name to None, run_after=None
[2025-09-29T16:08:12.824+0000] {processor.py:183} INFO - Processing /home/airflow/.local/lib/python3.12/site-packages/airflow/example_dags/example_display_name.py took 0.170 seconds
[2025-09-29T16:08:43.109+0000] {processor.py:161} INFO - Started process (PID=18334) to work on /home/airflow/.local/lib/python3.12/site-packages/airflow/example_dags/example_display_name.py
[2025-09-29T16:08:43.112+0000] {processor.py:830} INFO - Processing file /home/airflow/.local/lib/python3.12/site-packages/airflow/example_dags/example_display_name.py for tasks to queue
[2025-09-29T16:08:43.116+0000] {logging_mixin.py:188} INFO - [2025-09-29T16:08:43.115+0000] {dagbag.py:545} INFO - Filling up the DagBag from /home/airflow/.local/lib/python3.12/site-packages/airflow/example_dags/example_display_name.py
[2025-09-29T16:08:43.129+0000] {processor.py:840} INFO - DAG(s) 'example_display_name' retrieved from /home/airflow/.local/lib/python3.12/site-packages/airflow/example_dags/example_display_name.py
[2025-09-29T16:08:43.184+0000] {logging_mixin.py:188} INFO - [2025-09-29T16:08:43.183+0000] {dag.py:3089} INFO - Sync 1 DAGs
[2025-09-29T16:08:43.211+0000] {logging_mixin.py:188} INFO - [2025-09-29T16:08:43.211+0000] {dag.py:3947} INFO - Setting next_dagrun for example_display_name to None, run_after=None
[2025-09-29T16:08:43.256+0000] {processor.py:183} INFO - Processing /home/airflow/.local/lib/python3.12/site-packages/airflow/example_dags/example_display_name.py took 0.162 seconds
[2025-09-29T16:09:14.041+0000] {processor.py:161} INFO - Started process (PID=18601) to work on /home/airflow/.local/lib/python3.12/site-packages/airflow/example_dags/example_display_name.py
[2025-09-29T16:09:14.044+0000] {processor.py:830} INFO - Processing file /home/airflow/.local/lib/python3.12/site-packages/airflow/example_dags/example_display_name.py for tasks to queue
[2025-09-29T16:09:14.049+0000] {logging_mixin.py:188} INFO - [2025-09-29T16:09:14.048+0000] {dagbag.py:545} INFO - Filling up the DagBag from /home/airflow/.local/lib/python3.12/site-packages/airflow/example_dags/example_display_name.py
[2025-09-29T16:09:14.066+0000] {processor.py:840} INFO - DAG(s) 'example_display_name' retrieved from /home/airflow/.local/lib/python3.12/site-packages/airflow/example_dags/example_display_name.py
[2025-09-29T16:09:14.128+0000] {logging_mixin.py:188} INFO - [2025-09-29T16:09:14.127+0000] {dag.py:3089} INFO - Sync 1 DAGs
[2025-09-29T16:09:14.160+0000] {logging_mixin.py:188} INFO - [2025-09-29T16:09:14.160+0000] {dag.py:3947} INFO - Setting next_dagrun for example_display_name to None, run_after=None
[2025-09-29T16:09:14.215+0000] {processor.py:183} INFO - Processing /home/airflow/.local/lib/python3.12/site-packages/airflow/example_dags/example_display_name.py took 0.190 seconds
[2025-09-29T16:09:44.421+0000] {processor.py:161} INFO - Started process (PID=18862) to work on /home/airflow/.local/lib/python3.12/site-packages/airflow/example_dags/example_display_name.py
[2025-09-29T16:09:44.424+0000] {processor.py:830} INFO - Processing file /home/airflow/.local/lib/python3.12/site-packages/airflow/example_dags/example_display_name.py for tasks to queue
[2025-09-29T16:09:44.428+0000] {logging_mixin.py:188} INFO - [2025-09-29T16:09:44.427+0000] {dagbag.py:545} INFO - Filling up the DagBag from /home/airflow/.local/lib/python3.12/site-packages/airflow/example_dags/example_display_name.py
[2025-09-29T16:09:44.442+0000] {processor.py:840} INFO - DAG(s) 'example_display_name' retrieved from /home/airflow/.local/lib/python3.12/site-packages/airflow/example_dags/example_display_name.py
[2025-09-29T16:09:44.500+0000] {logging_mixin.py:188} INFO - [2025-09-29T16:09:44.500+0000] {dag.py:3089} INFO - Sync 1 DAGs
[2025-09-29T16:09:44.535+0000] {logging_mixin.py:188} INFO - [2025-09-29T16:09:44.535+0000] {dag.py:3947} INFO - Setting next_dagrun for example_display_name to None, run_after=None
[2025-09-29T16:09:44.588+0000] {processor.py:183} INFO - Processing /home/airflow/.local/lib/python3.12/site-packages/airflow/example_dags/example_display_name.py took 0.182 seconds
[2025-09-29T16:10:15.125+0000] {processor.py:161} INFO - Started process (PID=19123) to work on /home/airflow/.local/lib/python3.12/site-packages/airflow/example_dags/example_display_name.py
[2025-09-29T16:10:15.127+0000] {processor.py:830} INFO - Processing file /home/airflow/.local/lib/python3.12/site-packages/airflow/example_dags/example_display_name.py for tasks to queue
[2025-09-29T16:10:15.132+0000] {logging_mixin.py:188} INFO - [2025-09-29T16:10:15.131+0000] {dagbag.py:545} INFO - Filling up the DagBag from /home/airflow/.local/lib/python3.12/site-packages/airflow/example_dags/example_display_name.py
[2025-09-29T16:10:15.145+0000] {processor.py:840} INFO - DAG(s) 'example_display_name' retrieved from /home/airflow/.local/lib/python3.12/site-packages/airflow/example_dags/example_display_name.py
[2025-09-29T16:10:15.200+0000] {logging_mixin.py:188} INFO - [2025-09-29T16:10:15.199+0000] {dag.py:3089} INFO - Sync 1 DAGs
[2025-09-29T16:10:15.227+0000] {logging_mixin.py:188} INFO - [2025-09-29T16:10:15.227+0000] {dag.py:3947} INFO - Setting next_dagrun for example_display_name to None, run_after=None
[2025-09-29T16:10:15.276+0000] {processor.py:183} INFO - Processing /home/airflow/.local/lib/python3.12/site-packages/airflow/example_dags/example_display_name.py took 0.165 seconds
[2025-09-29T16:10:45.765+0000] {processor.py:161} INFO - Started process (PID=19384) to work on /home/airflow/.local/lib/python3.12/site-packages/airflow/example_dags/example_display_name.py
[2025-09-29T16:10:45.768+0000] {processor.py:830} INFO - Processing file /home/airflow/.local/lib/python3.12/site-packages/airflow/example_dags/example_display_name.py for tasks to queue
[2025-09-29T16:10:45.770+0000] {logging_mixin.py:188} INFO - [2025-09-29T16:10:45.769+0000] {dagbag.py:545} INFO - Filling up the DagBag from /home/airflow/.local/lib/python3.12/site-packages/airflow/example_dags/example_display_name.py
[2025-09-29T16:10:45.786+0000] {processor.py:840} INFO - DAG(s) 'example_display_name' retrieved from /home/airflow/.local/lib/python3.12/site-packages/airflow/example_dags/example_display_name.py
[2025-09-29T16:10:45.842+0000] {logging_mixin.py:188} INFO - [2025-09-29T16:10:45.841+0000] {dag.py:3089} INFO - Sync 1 DAGs
[2025-09-29T16:10:45.879+0000] {logging_mixin.py:188} INFO - [2025-09-29T16:10:45.878+0000] {dag.py:3947} INFO - Setting next_dagrun for example_display_name to None, run_after=None
[2025-09-29T16:10:45.928+0000] {processor.py:183} INFO - Processing /home/airflow/.local/lib/python3.12/site-packages/airflow/example_dags/example_display_name.py took 0.190 seconds
[2025-09-29T16:11:16.779+0000] {processor.py:161} INFO - Started process (PID=19645) to work on /home/airflow/.local/lib/python3.12/site-packages/airflow/example_dags/example_display_name.py
[2025-09-29T16:11:16.782+0000] {processor.py:830} INFO - Processing file /home/airflow/.local/lib/python3.12/site-packages/airflow/example_dags/example_display_name.py for tasks to queue
[2025-09-29T16:11:16.784+0000] {logging_mixin.py:188} INFO - [2025-09-29T16:11:16.784+0000] {dagbag.py:545} INFO - Filling up the DagBag from /home/airflow/.local/lib/python3.12/site-packages/airflow/example_dags/example_display_name.py
[2025-09-29T16:11:16.798+0000] {processor.py:840} INFO - DAG(s) 'example_display_name' retrieved from /home/airflow/.local/lib/python3.12/site-packages/airflow/example_dags/example_display_name.py
[2025-09-29T16:11:16.857+0000] {logging_mixin.py:188} INFO - [2025-09-29T16:11:16.856+0000] {dag.py:3089} INFO - Sync 1 DAGs
[2025-09-29T16:11:16.885+0000] {logging_mixin.py:188} INFO - [2025-09-29T16:11:16.885+0000] {dag.py:3947} INFO - Setting next_dagrun for example_display_name to None, run_after=None
[2025-09-29T16:11:16.932+0000] {processor.py:183} INFO - Processing /home/airflow/.local/lib/python3.12/site-packages/airflow/example_dags/example_display_name.py took 0.169 seconds
[2025-09-29T16:11:47.338+0000] {processor.py:161} INFO - Started process (PID=19906) to work on /home/airflow/.local/lib/python3.12/site-packages/airflow/example_dags/example_display_name.py
[2025-09-29T16:11:47.341+0000] {processor.py:830} INFO - Processing file /home/airflow/.local/lib/python3.12/site-packages/airflow/example_dags/example_display_name.py for tasks to queue
[2025-09-29T16:11:47.343+0000] {logging_mixin.py:188} INFO - [2025-09-29T16:11:47.343+0000] {dagbag.py:545} INFO - Filling up the DagBag from /home/airflow/.local/lib/python3.12/site-packages/airflow/example_dags/example_display_name.py
[2025-09-29T16:11:47.358+0000] {processor.py:840} INFO - DAG(s) 'example_display_name' retrieved from /home/airflow/.local/lib/python3.12/site-packages/airflow/example_dags/example_display_name.py
[2025-09-29T16:11:47.421+0000] {logging_mixin.py:188} INFO - [2025-09-29T16:11:47.420+0000] {dag.py:3089} INFO - Sync 1 DAGs
[2025-09-29T16:11:47.450+0000] {logging_mixin.py:188} INFO - [2025-09-29T16:11:47.450+0000] {dag.py:3947} INFO - Setting next_dagrun for example_display_name to None, run_after=None
[2025-09-29T16:11:47.502+0000] {processor.py:183} INFO - Processing /home/airflow/.local/lib/python3.12/site-packages/airflow/example_dags/example_display_name.py took 0.180 seconds
[2025-09-29T16:12:17.647+0000] {processor.py:161} INFO - Started process (PID=20167) to work on /home/airflow/.local/lib/python3.12/site-packages/airflow/example_dags/example_display_name.py
[2025-09-29T16:12:17.649+0000] {processor.py:830} INFO - Processing file /home/airflow/.local/lib/python3.12/site-packages/airflow/example_dags/example_display_name.py for tasks to queue
[2025-09-29T16:12:17.651+0000] {logging_mixin.py:188} INFO - [2025-09-29T16:12:17.651+0000] {dagbag.py:545} INFO - Filling up the DagBag from /home/airflow/.local/lib/python3.12/site-packages/airflow/example_dags/example_display_name.py
[2025-09-29T16:12:17.664+0000] {processor.py:840} INFO - DAG(s) 'example_display_name' retrieved from /home/airflow/.local/lib/python3.12/site-packages/airflow/example_dags/example_display_name.py
[2025-09-29T16:12:17.723+0000] {logging_mixin.py:188} INFO - [2025-09-29T16:12:17.722+0000] {dag.py:3089} INFO - Sync 1 DAGs
[2025-09-29T16:12:17.752+0000] {logging_mixin.py:188} INFO - [2025-09-29T16:12:17.752+0000] {dag.py:3947} INFO - Setting next_dagrun for example_display_name to None, run_after=None
[2025-09-29T16:12:17.812+0000] {processor.py:183} INFO - Processing /home/airflow/.local/lib/python3.12/site-packages/airflow/example_dags/example_display_name.py took 0.181 seconds
[2025-09-29T16:12:48.574+0000] {processor.py:161} INFO - Started process (PID=20428) to work on /home/airflow/.local/lib/python3.12/site-packages/airflow/example_dags/example_display_name.py
[2025-09-29T16:12:48.577+0000] {processor.py:830} INFO - Processing file /home/airflow/.local/lib/python3.12/site-packages/airflow/example_dags/example_display_name.py for tasks to queue
[2025-09-29T16:12:48.579+0000] {logging_mixin.py:188} INFO - [2025-09-29T16:12:48.578+0000] {dagbag.py:545} INFO - Filling up the DagBag from /home/airflow/.local/lib/python3.12/site-packages/airflow/example_dags/example_display_name.py
[2025-09-29T16:12:48.594+0000] {processor.py:840} INFO - DAG(s) 'example_display_name' retrieved from /home/airflow/.local/lib/python3.12/site-packages/airflow/example_dags/example_display_name.py
[2025-09-29T16:12:48.656+0000] {logging_mixin.py:188} INFO - [2025-09-29T16:12:48.656+0000] {dag.py:3089} INFO - Sync 1 DAGs
[2025-09-29T16:12:48.687+0000] {logging_mixin.py:188} INFO - [2025-09-29T16:12:48.687+0000] {dag.py:3947} INFO - Setting next_dagrun for example_display_name to None, run_after=None
[2025-09-29T16:12:48.738+0000] {processor.py:183} INFO - Processing /home/airflow/.local/lib/python3.12/site-packages/airflow/example_dags/example_display_name.py took 0.179 seconds
[2025-09-29T16:13:19.041+0000] {processor.py:161} INFO - Started process (PID=20689) to work on /home/airflow/.local/lib/python3.12/site-packages/airflow/example_dags/example_display_name.py
[2025-09-29T16:13:19.044+0000] {processor.py:830} INFO - Processing file /home/airflow/.local/lib/python3.12/site-packages/airflow/example_dags/example_display_name.py for tasks to queue
[2025-09-29T16:13:19.046+0000] {logging_mixin.py:188} INFO - [2025-09-29T16:13:19.045+0000] {dagbag.py:545} INFO - Filling up the DagBag from /home/airflow/.local/lib/python3.12/site-packages/airflow/example_dags/example_display_name.py
[2025-09-29T16:13:19.059+0000] {processor.py:840} INFO - DAG(s) 'example_display_name' retrieved from /home/airflow/.local/lib/python3.12/site-packages/airflow/example_dags/example_display_name.py
[2025-09-29T16:13:19.119+0000] {logging_mixin.py:188} INFO - [2025-09-29T16:13:19.118+0000] {dag.py:3089} INFO - Sync 1 DAGs
[2025-09-29T16:13:19.157+0000] {logging_mixin.py:188} INFO - [2025-09-29T16:13:19.157+0000] {dag.py:3947} INFO - Setting next_dagrun for example_display_name to None, run_after=None
[2025-09-29T16:13:19.205+0000] {processor.py:183} INFO - Processing /home/airflow/.local/lib/python3.12/site-packages/airflow/example_dags/example_display_name.py took 0.179 seconds
[2025-09-29T16:13:49.580+0000] {processor.py:161} INFO - Started process (PID=20950) to work on /home/airflow/.local/lib/python3.12/site-packages/airflow/example_dags/example_display_name.py
[2025-09-29T16:13:49.583+0000] {processor.py:830} INFO - Processing file /home/airflow/.local/lib/python3.12/site-packages/airflow/example_dags/example_display_name.py for tasks to queue
[2025-09-29T16:13:49.585+0000] {logging_mixin.py:188} INFO - [2025-09-29T16:13:49.584+0000] {dagbag.py:545} INFO - Filling up the DagBag from /home/airflow/.local/lib/python3.12/site-packages/airflow/example_dags/example_display_name.py
[2025-09-29T16:13:49.600+0000] {processor.py:840} INFO - DAG(s) 'example_display_name' retrieved from /home/airflow/.local/lib/python3.12/site-packages/airflow/example_dags/example_display_name.py
[2025-09-29T16:13:49.662+0000] {logging_mixin.py:188} INFO - [2025-09-29T16:13:49.662+0000] {dag.py:3089} INFO - Sync 1 DAGs
[2025-09-29T16:13:49.696+0000] {logging_mixin.py:188} INFO - [2025-09-29T16:13:49.696+0000] {dag.py:3947} INFO - Setting next_dagrun for example_display_name to None, run_after=None
[2025-09-29T16:13:49.757+0000] {processor.py:183} INFO - Processing /home/airflow/.local/lib/python3.12/site-packages/airflow/example_dags/example_display_name.py took 0.193 seconds
[2025-09-29T16:14:19.916+0000] {processor.py:161} INFO - Started process (PID=21211) to work on /home/airflow/.local/lib/python3.12/site-packages/airflow/example_dags/example_display_name.py
[2025-09-29T16:14:19.918+0000] {processor.py:830} INFO - Processing file /home/airflow/.local/lib/python3.12/site-packages/airflow/example_dags/example_display_name.py for tasks to queue
[2025-09-29T16:14:19.921+0000] {logging_mixin.py:188} INFO - [2025-09-29T16:14:19.920+0000] {dagbag.py:545} INFO - Filling up the DagBag from /home/airflow/.local/lib/python3.12/site-packages/airflow/example_dags/example_display_name.py
[2025-09-29T16:14:19.937+0000] {processor.py:840} INFO - DAG(s) 'example_display_name' retrieved from /home/airflow/.local/lib/python3.12/site-packages/airflow/example_dags/example_display_name.py
[2025-09-29T16:14:20.015+0000] {logging_mixin.py:188} INFO - [2025-09-29T16:14:20.014+0000] {dag.py:3089} INFO - Sync 1 DAGs
[2025-09-29T16:14:20.057+0000] {logging_mixin.py:188} INFO - [2025-09-29T16:14:20.056+0000] {dag.py:3947} INFO - Setting next_dagrun for example_display_name to None, run_after=None
[2025-09-29T16:14:20.165+0000] {processor.py:183} INFO - Processing /home/airflow/.local/lib/python3.12/site-packages/airflow/example_dags/example_display_name.py took 0.269 seconds
[2025-09-29T16:14:50.301+0000] {processor.py:161} INFO - Started process (PID=21469) to work on /home/airflow/.local/lib/python3.12/site-packages/airflow/example_dags/example_display_name.py
[2025-09-29T16:14:50.316+0000] {processor.py:830} INFO - Processing file /home/airflow/.local/lib/python3.12/site-packages/airflow/example_dags/example_display_name.py for tasks to queue
[2025-09-29T16:14:50.319+0000] {logging_mixin.py:188} INFO - [2025-09-29T16:14:50.317+0000] {dagbag.py:545} INFO - Filling up the DagBag from /home/airflow/.local/lib/python3.12/site-packages/airflow/example_dags/example_display_name.py
[2025-09-29T16:14:50.337+0000] {processor.py:840} INFO - DAG(s) 'example_display_name' retrieved from /home/airflow/.local/lib/python3.12/site-packages/airflow/example_dags/example_display_name.py
[2025-09-29T16:14:50.409+0000] {logging_mixin.py:188} INFO - [2025-09-29T16:14:50.408+0000] {dag.py:3089} INFO - Sync 1 DAGs
[2025-09-29T16:14:50.444+0000] {logging_mixin.py:188} INFO - [2025-09-29T16:14:50.443+0000] {dag.py:3947} INFO - Setting next_dagrun for example_display_name to None, run_after=None
[2025-09-29T16:14:50.509+0000] {processor.py:183} INFO - Processing /home/airflow/.local/lib/python3.12/site-packages/airflow/example_dags/example_display_name.py took 0.232 seconds
[2025-09-29T16:15:20.810+0000] {processor.py:161} INFO - Started process (PID=21728) to work on /home/airflow/.local/lib/python3.12/site-packages/airflow/example_dags/example_display_name.py
[2025-09-29T16:15:20.813+0000] {processor.py:830} INFO - Processing file /home/airflow/.local/lib/python3.12/site-packages/airflow/example_dags/example_display_name.py for tasks to queue
[2025-09-29T16:15:20.815+0000] {logging_mixin.py:188} INFO - [2025-09-29T16:15:20.814+0000] {dagbag.py:545} INFO - Filling up the DagBag from /home/airflow/.local/lib/python3.12/site-packages/airflow/example_dags/example_display_name.py
[2025-09-29T16:15:20.830+0000] {processor.py:840} INFO - DAG(s) 'example_display_name' retrieved from /home/airflow/.local/lib/python3.12/site-packages/airflow/example_dags/example_display_name.py
[2025-09-29T16:15:20.902+0000] {logging_mixin.py:188} INFO - [2025-09-29T16:15:20.901+0000] {dag.py:3089} INFO - Sync 1 DAGs
[2025-09-29T16:15:20.932+0000] {logging_mixin.py:188} INFO - [2025-09-29T16:15:20.931+0000] {dag.py:3947} INFO - Setting next_dagrun for example_display_name to None, run_after=None
[2025-09-29T16:15:20.978+0000] {processor.py:183} INFO - Processing /home/airflow/.local/lib/python3.12/site-packages/airflow/example_dags/example_display_name.py took 0.239 seconds
[2025-09-29T16:15:51.572+0000] {processor.py:161} INFO - Started process (PID=21991) to work on /home/airflow/.local/lib/python3.12/site-packages/airflow/example_dags/example_display_name.py
[2025-09-29T16:15:51.575+0000] {processor.py:830} INFO - Processing file /home/airflow/.local/lib/python3.12/site-packages/airflow/example_dags/example_display_name.py for tasks to queue
[2025-09-29T16:15:51.577+0000] {logging_mixin.py:188} INFO - [2025-09-29T16:15:51.576+0000] {dagbag.py:545} INFO - Filling up the DagBag from /home/airflow/.local/lib/python3.12/site-packages/airflow/example_dags/example_display_name.py
[2025-09-29T16:15:51.592+0000] {processor.py:840} INFO - DAG(s) 'example_display_name' retrieved from /home/airflow/.local/lib/python3.12/site-packages/airflow/example_dags/example_display_name.py
[2025-09-29T16:15:51.652+0000] {logging_mixin.py:188} INFO - [2025-09-29T16:15:51.652+0000] {dag.py:3089} INFO - Sync 1 DAGs
[2025-09-29T16:15:51.687+0000] {logging_mixin.py:188} INFO - [2025-09-29T16:15:51.686+0000] {dag.py:3947} INFO - Setting next_dagrun for example_display_name to None, run_after=None
[2025-09-29T16:15:51.738+0000] {processor.py:183} INFO - Processing /home/airflow/.local/lib/python3.12/site-packages/airflow/example_dags/example_display_name.py took 0.181 seconds
[2025-09-29T16:16:22.008+0000] {processor.py:161} INFO - Started process (PID=22252) to work on /home/airflow/.local/lib/python3.12/site-packages/airflow/example_dags/example_display_name.py
[2025-09-29T16:16:22.010+0000] {processor.py:830} INFO - Processing file /home/airflow/.local/lib/python3.12/site-packages/airflow/example_dags/example_display_name.py for tasks to queue
[2025-09-29T16:16:22.012+0000] {logging_mixin.py:188} INFO - [2025-09-29T16:16:22.012+0000] {dagbag.py:545} INFO - Filling up the DagBag from /home/airflow/.local/lib/python3.12/site-packages/airflow/example_dags/example_display_name.py
[2025-09-29T16:16:22.026+0000] {processor.py:840} INFO - DAG(s) 'example_display_name' retrieved from /home/airflow/.local/lib/python3.12/site-packages/airflow/example_dags/example_display_name.py
[2025-09-29T16:16:22.083+0000] {logging_mixin.py:188} INFO - [2025-09-29T16:16:22.082+0000] {dag.py:3089} INFO - Sync 1 DAGs
[2025-09-29T16:16:22.111+0000] {logging_mixin.py:188} INFO - [2025-09-29T16:16:22.111+0000] {dag.py:3947} INFO - Setting next_dagrun for example_display_name to None, run_after=None
[2025-09-29T16:16:22.159+0000] {processor.py:183} INFO - Processing /home/airflow/.local/lib/python3.12/site-packages/airflow/example_dags/example_display_name.py took 0.168 seconds
[2025-09-29T16:16:52.595+0000] {processor.py:161} INFO - Started process (PID=22513) to work on /home/airflow/.local/lib/python3.12/site-packages/airflow/example_dags/example_display_name.py
[2025-09-29T16:16:52.598+0000] {processor.py:830} INFO - Processing file /home/airflow/.local/lib/python3.12/site-packages/airflow/example_dags/example_display_name.py for tasks to queue
[2025-09-29T16:16:52.600+0000] {logging_mixin.py:188} INFO - [2025-09-29T16:16:52.599+0000] {dagbag.py:545} INFO - Filling up the DagBag from /home/airflow/.local/lib/python3.12/site-packages/airflow/example_dags/example_display_name.py
[2025-09-29T16:16:52.614+0000] {processor.py:840} INFO - DAG(s) 'example_display_name' retrieved from /home/airflow/.local/lib/python3.12/site-packages/airflow/example_dags/example_display_name.py
[2025-09-29T16:16:52.672+0000] {logging_mixin.py:188} INFO - [2025-09-29T16:16:52.671+0000] {dag.py:3089} INFO - Sync 1 DAGs
[2025-09-29T16:16:52.701+0000] {logging_mixin.py:188} INFO - [2025-09-29T16:16:52.701+0000] {dag.py:3947} INFO - Setting next_dagrun for example_display_name to None, run_after=None
[2025-09-29T16:16:52.754+0000] {processor.py:183} INFO - Processing /home/airflow/.local/lib/python3.12/site-packages/airflow/example_dags/example_display_name.py took 0.174 seconds
[2025-09-29T16:17:22.999+0000] {processor.py:161} INFO - Started process (PID=22774) to work on /home/airflow/.local/lib/python3.12/site-packages/airflow/example_dags/example_display_name.py
[2025-09-29T16:17:23.001+0000] {processor.py:830} INFO - Processing file /home/airflow/.local/lib/python3.12/site-packages/airflow/example_dags/example_display_name.py for tasks to queue
[2025-09-29T16:17:23.003+0000] {logging_mixin.py:188} INFO - [2025-09-29T16:17:23.002+0000] {dagbag.py:545} INFO - Filling up the DagBag from /home/airflow/.local/lib/python3.12/site-packages/airflow/example_dags/example_display_name.py
[2025-09-29T16:17:23.017+0000] {processor.py:840} INFO - DAG(s) 'example_display_name' retrieved from /home/airflow/.local/lib/python3.12/site-packages/airflow/example_dags/example_display_name.py
[2025-09-29T16:17:23.078+0000] {logging_mixin.py:188} INFO - [2025-09-29T16:17:23.078+0000] {dag.py:3089} INFO - Sync 1 DAGs
[2025-09-29T16:17:23.112+0000] {logging_mixin.py:188} INFO - [2025-09-29T16:17:23.111+0000] {dag.py:3947} INFO - Setting next_dagrun for example_display_name to None, run_after=None
[2025-09-29T16:17:23.169+0000] {processor.py:183} INFO - Processing /home/airflow/.local/lib/python3.12/site-packages/airflow/example_dags/example_display_name.py took 0.188 seconds
[2025-09-29T16:17:53.615+0000] {processor.py:161} INFO - Started process (PID=23038) to work on /home/airflow/.local/lib/python3.12/site-packages/airflow/example_dags/example_display_name.py
[2025-09-29T16:17:53.617+0000] {processor.py:830} INFO - Processing file /home/airflow/.local/lib/python3.12/site-packages/airflow/example_dags/example_display_name.py for tasks to queue
[2025-09-29T16:17:53.619+0000] {logging_mixin.py:188} INFO - [2025-09-29T16:17:53.618+0000] {dagbag.py:545} INFO - Filling up the DagBag from /home/airflow/.local/lib/python3.12/site-packages/airflow/example_dags/example_display_name.py
[2025-09-29T16:17:53.633+0000] {processor.py:840} INFO - DAG(s) 'example_display_name' retrieved from /home/airflow/.local/lib/python3.12/site-packages/airflow/example_dags/example_display_name.py
[2025-09-29T16:17:53.694+0000] {logging_mixin.py:188} INFO - [2025-09-29T16:17:53.693+0000] {dag.py:3089} INFO - Sync 1 DAGs
[2025-09-29T16:17:53.726+0000] {logging_mixin.py:188} INFO - [2025-09-29T16:17:53.725+0000] {dag.py:3947} INFO - Setting next_dagrun for example_display_name to None, run_after=None
[2025-09-29T16:17:53.774+0000] {processor.py:183} INFO - Processing /home/airflow/.local/lib/python3.12/site-packages/airflow/example_dags/example_display_name.py took 0.175 seconds
[2025-09-29T16:18:24.115+0000] {processor.py:161} INFO - Started process (PID=23299) to work on /home/airflow/.local/lib/python3.12/site-packages/airflow/example_dags/example_display_name.py
[2025-09-29T16:18:24.117+0000] {processor.py:830} INFO - Processing file /home/airflow/.local/lib/python3.12/site-packages/airflow/example_dags/example_display_name.py for tasks to queue
[2025-09-29T16:18:24.119+0000] {logging_mixin.py:188} INFO - [2025-09-29T16:18:24.119+0000] {dagbag.py:545} INFO - Filling up the DagBag from /home/airflow/.local/lib/python3.12/site-packages/airflow/example_dags/example_display_name.py
[2025-09-29T16:18:24.135+0000] {processor.py:840} INFO - DAG(s) 'example_display_name' retrieved from /home/airflow/.local/lib/python3.12/site-packages/airflow/example_dags/example_display_name.py
[2025-09-29T16:18:24.200+0000] {logging_mixin.py:188} INFO - [2025-09-29T16:18:24.199+0000] {dag.py:3089} INFO - Sync 1 DAGs
[2025-09-29T16:18:24.232+0000] {logging_mixin.py:188} INFO - [2025-09-29T16:18:24.231+0000] {dag.py:3947} INFO - Setting next_dagrun for example_display_name to None, run_after=None
[2025-09-29T16:18:24.278+0000] {processor.py:183} INFO - Processing /home/airflow/.local/lib/python3.12/site-packages/airflow/example_dags/example_display_name.py took 0.179 seconds
[2025-09-29T16:18:55.047+0000] {processor.py:161} INFO - Started process (PID=23560) to work on /home/airflow/.local/lib/python3.12/site-packages/airflow/example_dags/example_display_name.py
[2025-09-29T16:18:55.049+0000] {processor.py:830} INFO - Processing file /home/airflow/.local/lib/python3.12/site-packages/airflow/example_dags/example_display_name.py for tasks to queue
[2025-09-29T16:18:55.051+0000] {logging_mixin.py:188} INFO - [2025-09-29T16:18:55.050+0000] {dagbag.py:545} INFO - Filling up the DagBag from /home/airflow/.local/lib/python3.12/site-packages/airflow/example_dags/example_display_name.py
[2025-09-29T16:18:55.064+0000] {processor.py:840} INFO - DAG(s) 'example_display_name' retrieved from /home/airflow/.local/lib/python3.12/site-packages/airflow/example_dags/example_display_name.py
[2025-09-29T16:18:55.123+0000] {logging_mixin.py:188} INFO - [2025-09-29T16:18:55.122+0000] {dag.py:3089} INFO - Sync 1 DAGs
[2025-09-29T16:18:55.158+0000] {logging_mixin.py:188} INFO - [2025-09-29T16:18:55.158+0000] {dag.py:3947} INFO - Setting next_dagrun for example_display_name to None, run_after=None
[2025-09-29T16:18:55.210+0000] {processor.py:183} INFO - Processing /home/airflow/.local/lib/python3.12/site-packages/airflow/example_dags/example_display_name.py took 0.178 seconds
[2025-09-29T16:19:25.502+0000] {processor.py:161} INFO - Started process (PID=23815) to work on /home/airflow/.local/lib/python3.12/site-packages/airflow/example_dags/example_display_name.py
[2025-09-29T16:19:25.505+0000] {processor.py:830} INFO - Processing file /home/airflow/.local/lib/python3.12/site-packages/airflow/example_dags/example_display_name.py for tasks to queue
[2025-09-29T16:19:25.507+0000] {logging_mixin.py:188} INFO - [2025-09-29T16:19:25.506+0000] {dagbag.py:545} INFO - Filling up the DagBag from /home/airflow/.local/lib/python3.12/site-packages/airflow/example_dags/example_display_name.py
[2025-09-29T16:19:25.520+0000] {processor.py:840} INFO - DAG(s) 'example_display_name' retrieved from /home/airflow/.local/lib/python3.12/site-packages/airflow/example_dags/example_display_name.py
[2025-09-29T16:19:25.576+0000] {logging_mixin.py:188} INFO - [2025-09-29T16:19:25.575+0000] {dag.py:3089} INFO - Sync 1 DAGs
[2025-09-29T16:19:25.606+0000] {logging_mixin.py:188} INFO - [2025-09-29T16:19:25.606+0000] {dag.py:3947} INFO - Setting next_dagrun for example_display_name to None, run_after=None
[2025-09-29T16:19:25.658+0000] {processor.py:183} INFO - Processing /home/airflow/.local/lib/python3.12/site-packages/airflow/example_dags/example_display_name.py took 0.172 seconds
[2025-09-29T16:19:56.308+0000] {processor.py:161} INFO - Started process (PID=24078) to work on /home/airflow/.local/lib/python3.12/site-packages/airflow/example_dags/example_display_name.py
[2025-09-29T16:19:56.310+0000] {processor.py:830} INFO - Processing file /home/airflow/.local/lib/python3.12/site-packages/airflow/example_dags/example_display_name.py for tasks to queue
[2025-09-29T16:19:56.311+0000] {logging_mixin.py:188} INFO - [2025-09-29T16:19:56.311+0000] {dagbag.py:545} INFO - Filling up the DagBag from /home/airflow/.local/lib/python3.12/site-packages/airflow/example_dags/example_display_name.py
[2025-09-29T16:19:56.324+0000] {processor.py:840} INFO - DAG(s) 'example_display_name' retrieved from /home/airflow/.local/lib/python3.12/site-packages/airflow/example_dags/example_display_name.py
[2025-09-29T16:19:56.382+0000] {logging_mixin.py:188} INFO - [2025-09-29T16:19:56.381+0000] {dag.py:3089} INFO - Sync 1 DAGs
[2025-09-29T16:19:56.409+0000] {logging_mixin.py:188} INFO - [2025-09-29T16:19:56.409+0000] {dag.py:3947} INFO - Setting next_dagrun for example_display_name to None, run_after=None
[2025-09-29T16:19:56.457+0000] {processor.py:183} INFO - Processing /home/airflow/.local/lib/python3.12/site-packages/airflow/example_dags/example_display_name.py took 0.165 seconds
[2025-09-29T16:20:26.831+0000] {processor.py:161} INFO - Started process (PID=24339) to work on /home/airflow/.local/lib/python3.12/site-packages/airflow/example_dags/example_display_name.py
[2025-09-29T16:20:26.834+0000] {processor.py:830} INFO - Processing file /home/airflow/.local/lib/python3.12/site-packages/airflow/example_dags/example_display_name.py for tasks to queue
[2025-09-29T16:20:26.836+0000] {logging_mixin.py:188} INFO - [2025-09-29T16:20:26.836+0000] {dagbag.py:545} INFO - Filling up the DagBag from /home/airflow/.local/lib/python3.12/site-packages/airflow/example_dags/example_display_name.py
[2025-09-29T16:20:26.850+0000] {processor.py:840} INFO - DAG(s) 'example_display_name' retrieved from /home/airflow/.local/lib/python3.12/site-packages/airflow/example_dags/example_display_name.py
[2025-09-29T16:20:26.905+0000] {logging_mixin.py:188} INFO - [2025-09-29T16:20:26.905+0000] {dag.py:3089} INFO - Sync 1 DAGs
[2025-09-29T16:20:26.933+0000] {logging_mixin.py:188} INFO - [2025-09-29T16:20:26.932+0000] {dag.py:3947} INFO - Setting next_dagrun for example_display_name to None, run_after=None
[2025-09-29T16:20:26.975+0000] {processor.py:183} INFO - Processing /home/airflow/.local/lib/python3.12/site-packages/airflow/example_dags/example_display_name.py took 0.158 seconds
[2025-09-29T16:20:57.140+0000] {processor.py:161} INFO - Started process (PID=24598) to work on /home/airflow/.local/lib/python3.12/site-packages/airflow/example_dags/example_display_name.py
[2025-09-29T16:20:57.143+0000] {processor.py:830} INFO - Processing file /home/airflow/.local/lib/python3.12/site-packages/airflow/example_dags/example_display_name.py for tasks to queue
[2025-09-29T16:20:57.145+0000] {logging_mixin.py:188} INFO - [2025-09-29T16:20:57.144+0000] {dagbag.py:545} INFO - Filling up the DagBag from /home/airflow/.local/lib/python3.12/site-packages/airflow/example_dags/example_display_name.py
[2025-09-29T16:20:57.158+0000] {processor.py:840} INFO - DAG(s) 'example_display_name' retrieved from /home/airflow/.local/lib/python3.12/site-packages/airflow/example_dags/example_display_name.py
[2025-09-29T16:20:56.322+0000] {logging_mixin.py:188} INFO - [2025-09-29T16:20:56.321+0000] {dag.py:3089} INFO - Sync 1 DAGs
[2025-09-29T16:20:56.351+0000] {logging_mixin.py:188} INFO - [2025-09-29T16:20:56.351+0000] {dag.py:3947} INFO - Setting next_dagrun for example_display_name to None, run_after=None
[2025-09-29T16:20:56.403+0000] {processor.py:183} INFO - Processing /home/airflow/.local/lib/python3.12/site-packages/airflow/example_dags/example_display_name.py took 0.173 seconds
[2025-09-29T16:21:26.669+0000] {processor.py:161} INFO - Started process (PID=24844) to work on /home/airflow/.local/lib/python3.12/site-packages/airflow/example_dags/example_display_name.py
[2025-09-29T16:21:26.672+0000] {processor.py:830} INFO - Processing file /home/airflow/.local/lib/python3.12/site-packages/airflow/example_dags/example_display_name.py for tasks to queue
[2025-09-29T16:21:26.674+0000] {logging_mixin.py:188} INFO - [2025-09-29T16:21:26.673+0000] {dagbag.py:545} INFO - Filling up the DagBag from /home/airflow/.local/lib/python3.12/site-packages/airflow/example_dags/example_display_name.py
[2025-09-29T16:21:26.691+0000] {processor.py:840} INFO - DAG(s) 'example_display_name' retrieved from /home/airflow/.local/lib/python3.12/site-packages/airflow/example_dags/example_display_name.py
[2025-09-29T16:21:26.756+0000] {logging_mixin.py:188} INFO - [2025-09-29T16:21:26.755+0000] {dag.py:3089} INFO - Sync 1 DAGs
[2025-09-29T16:21:26.792+0000] {logging_mixin.py:188} INFO - [2025-09-29T16:21:26.792+0000] {dag.py:3947} INFO - Setting next_dagrun for example_display_name to None, run_after=None
[2025-09-29T16:21:26.842+0000] {processor.py:183} INFO - Processing /home/airflow/.local/lib/python3.12/site-packages/airflow/example_dags/example_display_name.py took 0.187 seconds
[2025-09-29T16:21:57.134+0000] {processor.py:161} INFO - Started process (PID=25105) to work on /home/airflow/.local/lib/python3.12/site-packages/airflow/example_dags/example_display_name.py
[2025-09-29T16:21:57.137+0000] {processor.py:830} INFO - Processing file /home/airflow/.local/lib/python3.12/site-packages/airflow/example_dags/example_display_name.py for tasks to queue
[2025-09-29T16:21:57.139+0000] {logging_mixin.py:188} INFO - [2025-09-29T16:21:57.138+0000] {dagbag.py:545} INFO - Filling up the DagBag from /home/airflow/.local/lib/python3.12/site-packages/airflow/example_dags/example_display_name.py
[2025-09-29T16:21:57.152+0000] {processor.py:840} INFO - DAG(s) 'example_display_name' retrieved from /home/airflow/.local/lib/python3.12/site-packages/airflow/example_dags/example_display_name.py
[2025-09-29T16:21:57.215+0000] {logging_mixin.py:188} INFO - [2025-09-29T16:21:57.214+0000] {dag.py:3089} INFO - Sync 1 DAGs
[2025-09-29T16:21:57.247+0000] {logging_mixin.py:188} INFO - [2025-09-29T16:21:57.247+0000] {dag.py:3947} INFO - Setting next_dagrun for example_display_name to None, run_after=None
[2025-09-29T16:21:57.296+0000] {processor.py:183} INFO - Processing /home/airflow/.local/lib/python3.12/site-packages/airflow/example_dags/example_display_name.py took 0.176 seconds
[2025-09-29T16:22:27.417+0000] {processor.py:161} INFO - Started process (PID=25366) to work on /home/airflow/.local/lib/python3.12/site-packages/airflow/example_dags/example_display_name.py
[2025-09-29T16:22:27.420+0000] {processor.py:830} INFO - Processing file /home/airflow/.local/lib/python3.12/site-packages/airflow/example_dags/example_display_name.py for tasks to queue
[2025-09-29T16:22:27.422+0000] {logging_mixin.py:188} INFO - [2025-09-29T16:22:27.421+0000] {dagbag.py:545} INFO - Filling up the DagBag from /home/airflow/.local/lib/python3.12/site-packages/airflow/example_dags/example_display_name.py
[2025-09-29T16:22:27.436+0000] {processor.py:840} INFO - DAG(s) 'example_display_name' retrieved from /home/airflow/.local/lib/python3.12/site-packages/airflow/example_dags/example_display_name.py
[2025-09-29T16:22:27.492+0000] {logging_mixin.py:188} INFO - [2025-09-29T16:22:27.492+0000] {dag.py:3089} INFO - Sync 1 DAGs
[2025-09-29T16:22:27.537+0000] {logging_mixin.py:188} INFO - [2025-09-29T16:22:27.536+0000] {dag.py:3947} INFO - Setting next_dagrun for example_display_name to None, run_after=None
[2025-09-29T16:22:27.590+0000] {processor.py:183} INFO - Processing /home/airflow/.local/lib/python3.12/site-packages/airflow/example_dags/example_display_name.py took 0.187 seconds
[2025-09-29T16:22:58.104+0000] {processor.py:161} INFO - Started process (PID=25627) to work on /home/airflow/.local/lib/python3.12/site-packages/airflow/example_dags/example_display_name.py
[2025-09-29T16:22:58.107+0000] {processor.py:830} INFO - Processing file /home/airflow/.local/lib/python3.12/site-packages/airflow/example_dags/example_display_name.py for tasks to queue
[2025-09-29T16:22:58.109+0000] {logging_mixin.py:188} INFO - [2025-09-29T16:22:58.108+0000] {dagbag.py:545} INFO - Filling up the DagBag from /home/airflow/.local/lib/python3.12/site-packages/airflow/example_dags/example_display_name.py
[2025-09-29T16:22:58.123+0000] {processor.py:840} INFO - DAG(s) 'example_display_name' retrieved from /home/airflow/.local/lib/python3.12/site-packages/airflow/example_dags/example_display_name.py
[2025-09-29T16:22:58.178+0000] {logging_mixin.py:188} INFO - [2025-09-29T16:22:58.177+0000] {dag.py:3089} INFO - Sync 1 DAGs
[2025-09-29T16:22:58.208+0000] {logging_mixin.py:188} INFO - [2025-09-29T16:22:58.207+0000] {dag.py:3947} INFO - Setting next_dagrun for example_display_name to None, run_after=None
[2025-09-29T16:22:58.267+0000] {processor.py:183} INFO - Processing /home/airflow/.local/lib/python3.12/site-packages/airflow/example_dags/example_display_name.py took 0.177 seconds
[2025-09-29T16:23:28.539+0000] {processor.py:161} INFO - Started process (PID=25888) to work on /home/airflow/.local/lib/python3.12/site-packages/airflow/example_dags/example_display_name.py
[2025-09-29T16:23:28.542+0000] {processor.py:830} INFO - Processing file /home/airflow/.local/lib/python3.12/site-packages/airflow/example_dags/example_display_name.py for tasks to queue
[2025-09-29T16:23:28.545+0000] {logging_mixin.py:188} INFO - [2025-09-29T16:23:28.544+0000] {dagbag.py:545} INFO - Filling up the DagBag from /home/airflow/.local/lib/python3.12/site-packages/airflow/example_dags/example_display_name.py
[2025-09-29T16:23:28.562+0000] {processor.py:840} INFO - DAG(s) 'example_display_name' retrieved from /home/airflow/.local/lib/python3.12/site-packages/airflow/example_dags/example_display_name.py
[2025-09-29T16:23:28.624+0000] {logging_mixin.py:188} INFO - [2025-09-29T16:23:28.624+0000] {dag.py:3089} INFO - Sync 1 DAGs
[2025-09-29T16:23:28.656+0000] {logging_mixin.py:188} INFO - [2025-09-29T16:23:28.655+0000] {dag.py:3947} INFO - Setting next_dagrun for example_display_name to None, run_after=None
[2025-09-29T16:23:28.706+0000] {processor.py:183} INFO - Processing /home/airflow/.local/lib/python3.12/site-packages/airflow/example_dags/example_display_name.py took 0.184 seconds
[2025-09-29T16:23:59.168+0000] {processor.py:161} INFO - Started process (PID=26149) to work on /home/airflow/.local/lib/python3.12/site-packages/airflow/example_dags/example_display_name.py
[2025-09-29T16:23:59.171+0000] {processor.py:830} INFO - Processing file /home/airflow/.local/lib/python3.12/site-packages/airflow/example_dags/example_display_name.py for tasks to queue
[2025-09-29T16:23:59.174+0000] {logging_mixin.py:188} INFO - [2025-09-29T16:23:59.173+0000] {dagbag.py:545} INFO - Filling up the DagBag from /home/airflow/.local/lib/python3.12/site-packages/airflow/example_dags/example_display_name.py
[2025-09-29T16:23:59.205+0000] {processor.py:840} INFO - DAG(s) 'example_display_name' retrieved from /home/airflow/.local/lib/python3.12/site-packages/airflow/example_dags/example_display_name.py
[2025-09-29T16:23:59.319+0000] {logging_mixin.py:188} INFO - [2025-09-29T16:23:59.317+0000] {dag.py:3089} INFO - Sync 1 DAGs
[2025-09-29T16:23:59.375+0000] {logging_mixin.py:188} INFO - [2025-09-29T16:23:59.374+0000] {dag.py:3947} INFO - Setting next_dagrun for example_display_name to None, run_after=None
[2025-09-29T16:23:59.452+0000] {processor.py:183} INFO - Processing /home/airflow/.local/lib/python3.12/site-packages/airflow/example_dags/example_display_name.py took 0.305 seconds
[2025-09-29T16:24:29.788+0000] {processor.py:161} INFO - Started process (PID=26405) to work on /home/airflow/.local/lib/python3.12/site-packages/airflow/example_dags/example_display_name.py
[2025-09-29T16:24:29.834+0000] {processor.py:830} INFO - Processing file /home/airflow/.local/lib/python3.12/site-packages/airflow/example_dags/example_display_name.py for tasks to queue
[2025-09-29T16:24:29.837+0000] {logging_mixin.py:188} INFO - [2025-09-29T16:24:29.836+0000] {dagbag.py:545} INFO - Filling up the DagBag from /home/airflow/.local/lib/python3.12/site-packages/airflow/example_dags/example_display_name.py
[2025-09-29T16:24:29.863+0000] {processor.py:840} INFO - DAG(s) 'example_display_name' retrieved from /home/airflow/.local/lib/python3.12/site-packages/airflow/example_dags/example_display_name.py
[2025-09-29T16:24:29.950+0000] {logging_mixin.py:188} INFO - [2025-09-29T16:24:29.949+0000] {dag.py:3089} INFO - Sync 1 DAGs
[2025-09-29T16:24:30.016+0000] {logging_mixin.py:188} INFO - [2025-09-29T16:24:30.016+0000] {dag.py:3947} INFO - Setting next_dagrun for example_display_name to None, run_after=None
[2025-09-29T16:24:30.119+0000] {processor.py:183} INFO - Processing /home/airflow/.local/lib/python3.12/site-packages/airflow/example_dags/example_display_name.py took 0.350 seconds
[2025-09-29T16:25:00.399+0000] {processor.py:161} INFO - Started process (PID=26666) to work on /home/airflow/.local/lib/python3.12/site-packages/airflow/example_dags/example_display_name.py
[2025-09-29T16:25:00.401+0000] {processor.py:830} INFO - Processing file /home/airflow/.local/lib/python3.12/site-packages/airflow/example_dags/example_display_name.py for tasks to queue
[2025-09-29T16:25:00.403+0000] {logging_mixin.py:188} INFO - [2025-09-29T16:25:00.403+0000] {dagbag.py:545} INFO - Filling up the DagBag from /home/airflow/.local/lib/python3.12/site-packages/airflow/example_dags/example_display_name.py
[2025-09-29T16:25:00.419+0000] {processor.py:840} INFO - DAG(s) 'example_display_name' retrieved from /home/airflow/.local/lib/python3.12/site-packages/airflow/example_dags/example_display_name.py
[2025-09-29T16:25:00.491+0000] {logging_mixin.py:188} INFO - [2025-09-29T16:25:00.490+0000] {dag.py:3089} INFO - Sync 1 DAGs
[2025-09-29T16:25:00.521+0000] {logging_mixin.py:188} INFO - [2025-09-29T16:25:00.520+0000] {dag.py:3947} INFO - Setting next_dagrun for example_display_name to None, run_after=None
[2025-09-29T16:25:00.574+0000] {processor.py:183} INFO - Processing /home/airflow/.local/lib/python3.12/site-packages/airflow/example_dags/example_display_name.py took 0.192 seconds
[2025-09-29T16:25:30.839+0000] {processor.py:161} INFO - Started process (PID=26927) to work on /home/airflow/.local/lib/python3.12/site-packages/airflow/example_dags/example_display_name.py
[2025-09-29T16:25:30.842+0000] {processor.py:830} INFO - Processing file /home/airflow/.local/lib/python3.12/site-packages/airflow/example_dags/example_display_name.py for tasks to queue
[2025-09-29T16:25:30.844+0000] {logging_mixin.py:188} INFO - [2025-09-29T16:25:30.843+0000] {dagbag.py:545} INFO - Filling up the DagBag from /home/airflow/.local/lib/python3.12/site-packages/airflow/example_dags/example_display_name.py
[2025-09-29T16:25:30.858+0000] {processor.py:840} INFO - DAG(s) 'example_display_name' retrieved from /home/airflow/.local/lib/python3.12/site-packages/airflow/example_dags/example_display_name.py
[2025-09-29T16:25:30.918+0000] {logging_mixin.py:188} INFO - [2025-09-29T16:25:30.918+0000] {dag.py:3089} INFO - Sync 1 DAGs
[2025-09-29T16:25:30.950+0000] {logging_mixin.py:188} INFO - [2025-09-29T16:25:30.949+0000] {dag.py:3947} INFO - Setting next_dagrun for example_display_name to None, run_after=None
[2025-09-29T16:25:30.998+0000] {processor.py:183} INFO - Processing /home/airflow/.local/lib/python3.12/site-packages/airflow/example_dags/example_display_name.py took 0.175 seconds
[2025-09-29T16:26:01.166+0000] {processor.py:161} INFO - Started process (PID=27188) to work on /home/airflow/.local/lib/python3.12/site-packages/airflow/example_dags/example_display_name.py
[2025-09-29T16:26:01.170+0000] {processor.py:830} INFO - Processing file /home/airflow/.local/lib/python3.12/site-packages/airflow/example_dags/example_display_name.py for tasks to queue
[2025-09-29T16:26:01.173+0000] {logging_mixin.py:188} INFO - [2025-09-29T16:26:01.172+0000] {dagbag.py:545} INFO - Filling up the DagBag from /home/airflow/.local/lib/python3.12/site-packages/airflow/example_dags/example_display_name.py
[2025-09-29T16:26:01.196+0000] {processor.py:840} INFO - DAG(s) 'example_display_name' retrieved from /home/airflow/.local/lib/python3.12/site-packages/airflow/example_dags/example_display_name.py
[2025-09-29T16:26:01.285+0000] {logging_mixin.py:188} INFO - [2025-09-29T16:26:01.285+0000] {dag.py:3089} INFO - Sync 1 DAGs
[2025-09-29T16:26:01.329+0000] {logging_mixin.py:188} INFO - [2025-09-29T16:26:01.328+0000] {dag.py:3947} INFO - Setting next_dagrun for example_display_name to None, run_after=None
[2025-09-29T16:26:01.394+0000] {processor.py:183} INFO - Processing /home/airflow/.local/lib/python3.12/site-packages/airflow/example_dags/example_display_name.py took 0.249 seconds
[2025-09-29T16:26:31.909+0000] {processor.py:161} INFO - Started process (PID=27449) to work on /home/airflow/.local/lib/python3.12/site-packages/airflow/example_dags/example_display_name.py
[2025-09-29T16:26:31.912+0000] {processor.py:830} INFO - Processing file /home/airflow/.local/lib/python3.12/site-packages/airflow/example_dags/example_display_name.py for tasks to queue
[2025-09-29T16:26:31.914+0000] {logging_mixin.py:188} INFO - [2025-09-29T16:26:31.913+0000] {dagbag.py:545} INFO - Filling up the DagBag from /home/airflow/.local/lib/python3.12/site-packages/airflow/example_dags/example_display_name.py
[2025-09-29T16:26:31.929+0000] {processor.py:840} INFO - DAG(s) 'example_display_name' retrieved from /home/airflow/.local/lib/python3.12/site-packages/airflow/example_dags/example_display_name.py
[2025-09-29T16:26:31.987+0000] {logging_mixin.py:188} INFO - [2025-09-29T16:26:31.986+0000] {dag.py:3089} INFO - Sync 1 DAGs
[2025-09-29T16:26:32.016+0000] {logging_mixin.py:188} INFO - [2025-09-29T16:26:32.016+0000] {dag.py:3947} INFO - Setting next_dagrun for example_display_name to None, run_after=None
[2025-09-29T16:26:32.068+0000] {processor.py:183} INFO - Processing /home/airflow/.local/lib/python3.12/site-packages/airflow/example_dags/example_display_name.py took 0.175 seconds
[2025-09-29T16:27:02.530+0000] {processor.py:161} INFO - Started process (PID=27710) to work on /home/airflow/.local/lib/python3.12/site-packages/airflow/example_dags/example_display_name.py
[2025-09-29T16:27:02.532+0000] {processor.py:830} INFO - Processing file /home/airflow/.local/lib/python3.12/site-packages/airflow/example_dags/example_display_name.py for tasks to queue
[2025-09-29T16:27:02.534+0000] {logging_mixin.py:188} INFO - [2025-09-29T16:27:02.533+0000] {dagbag.py:545} INFO - Filling up the DagBag from /home/airflow/.local/lib/python3.12/site-packages/airflow/example_dags/example_display_name.py
[2025-09-29T16:27:02.552+0000] {processor.py:840} INFO - DAG(s) 'example_display_name' retrieved from /home/airflow/.local/lib/python3.12/site-packages/airflow/example_dags/example_display_name.py
[2025-09-29T16:27:02.611+0000] {logging_mixin.py:188} INFO - [2025-09-29T16:27:02.610+0000] {dag.py:3089} INFO - Sync 1 DAGs
[2025-09-29T16:27:02.640+0000] {logging_mixin.py:188} INFO - [2025-09-29T16:27:02.640+0000] {dag.py:3947} INFO - Setting next_dagrun for example_display_name to None, run_after=None
[2025-09-29T16:27:02.689+0000] {processor.py:183} INFO - Processing /home/airflow/.local/lib/python3.12/site-packages/airflow/example_dags/example_display_name.py took 0.177 seconds
[2025-09-29T16:27:33.184+0000] {processor.py:161} INFO - Started process (PID=27971) to work on /home/airflow/.local/lib/python3.12/site-packages/airflow/example_dags/example_display_name.py
[2025-09-29T16:27:33.186+0000] {processor.py:830} INFO - Processing file /home/airflow/.local/lib/python3.12/site-packages/airflow/example_dags/example_display_name.py for tasks to queue
[2025-09-29T16:27:33.188+0000] {logging_mixin.py:188} INFO - [2025-09-29T16:27:33.187+0000] {dagbag.py:545} INFO - Filling up the DagBag from /home/airflow/.local/lib/python3.12/site-packages/airflow/example_dags/example_display_name.py
[2025-09-29T16:27:33.205+0000] {processor.py:840} INFO - DAG(s) 'example_display_name' retrieved from /home/airflow/.local/lib/python3.12/site-packages/airflow/example_dags/example_display_name.py
[2025-09-29T16:27:33.276+0000] {logging_mixin.py:188} INFO - [2025-09-29T16:27:33.276+0000] {dag.py:3089} INFO - Sync 1 DAGs
[2025-09-29T16:27:33.305+0000] {logging_mixin.py:188} INFO - [2025-09-29T16:27:33.304+0000] {dag.py:3947} INFO - Setting next_dagrun for example_display_name to None, run_after=None
[2025-09-29T16:27:33.355+0000] {processor.py:183} INFO - Processing /home/airflow/.local/lib/python3.12/site-packages/airflow/example_dags/example_display_name.py took 0.186 seconds
[2025-09-29T16:28:04.071+0000] {processor.py:161} INFO - Started process (PID=28232) to work on /home/airflow/.local/lib/python3.12/site-packages/airflow/example_dags/example_display_name.py
[2025-09-29T16:28:04.074+0000] {processor.py:830} INFO - Processing file /home/airflow/.local/lib/python3.12/site-packages/airflow/example_dags/example_display_name.py for tasks to queue
[2025-09-29T16:28:04.077+0000] {logging_mixin.py:188} INFO - [2025-09-29T16:28:04.076+0000] {dagbag.py:545} INFO - Filling up the DagBag from /home/airflow/.local/lib/python3.12/site-packages/airflow/example_dags/example_display_name.py
[2025-09-29T16:28:04.099+0000] {processor.py:840} INFO - DAG(s) 'example_display_name' retrieved from /home/airflow/.local/lib/python3.12/site-packages/airflow/example_dags/example_display_name.py
[2025-09-29T16:28:04.176+0000] {logging_mixin.py:188} INFO - [2025-09-29T16:28:04.175+0000] {dag.py:3089} INFO - Sync 1 DAGs
[2025-09-29T16:28:04.221+0000] {logging_mixin.py:188} INFO - [2025-09-29T16:28:04.221+0000] {dag.py:3947} INFO - Setting next_dagrun for example_display_name to None, run_after=None
[2025-09-29T16:28:04.287+0000] {processor.py:183} INFO - Processing /home/airflow/.local/lib/python3.12/site-packages/airflow/example_dags/example_display_name.py took 0.235 seconds
[2025-09-29T16:28:34.151+0000] {processor.py:161} INFO - Started process (PID=28495) to work on /home/airflow/.local/lib/python3.12/site-packages/airflow/example_dags/example_display_name.py
[2025-09-29T16:28:34.155+0000] {processor.py:830} INFO - Processing file /home/airflow/.local/lib/python3.12/site-packages/airflow/example_dags/example_display_name.py for tasks to queue
[2025-09-29T16:28:34.156+0000] {logging_mixin.py:188} INFO - [2025-09-29T16:28:34.156+0000] {dagbag.py:545} INFO - Filling up the DagBag from /home/airflow/.local/lib/python3.12/site-packages/airflow/example_dags/example_display_name.py
[2025-09-29T16:28:34.170+0000] {processor.py:840} INFO - DAG(s) 'example_display_name' retrieved from /home/airflow/.local/lib/python3.12/site-packages/airflow/example_dags/example_display_name.py
[2025-09-29T16:28:34.227+0000] {logging_mixin.py:188} INFO - [2025-09-29T16:28:34.227+0000] {dag.py:3089} INFO - Sync 1 DAGs
[2025-09-29T16:28:34.255+0000] {logging_mixin.py:188} INFO - [2025-09-29T16:28:34.255+0000] {dag.py:3947} INFO - Setting next_dagrun for example_display_name to None, run_after=None
[2025-09-29T16:28:34.301+0000] {processor.py:183} INFO - Processing /home/airflow/.local/lib/python3.12/site-packages/airflow/example_dags/example_display_name.py took 0.165 seconds
[2025-09-29T16:29:04.750+0000] {processor.py:161} INFO - Started process (PID=28756) to work on /home/airflow/.local/lib/python3.12/site-packages/airflow/example_dags/example_display_name.py
[2025-09-29T16:29:04.753+0000] {processor.py:830} INFO - Processing file /home/airflow/.local/lib/python3.12/site-packages/airflow/example_dags/example_display_name.py for tasks to queue
[2025-09-29T16:29:04.755+0000] {logging_mixin.py:188} INFO - [2025-09-29T16:29:04.754+0000] {dagbag.py:545} INFO - Filling up the DagBag from /home/airflow/.local/lib/python3.12/site-packages/airflow/example_dags/example_display_name.py
[2025-09-29T16:29:04.769+0000] {processor.py:840} INFO - DAG(s) 'example_display_name' retrieved from /home/airflow/.local/lib/python3.12/site-packages/airflow/example_dags/example_display_name.py
[2025-09-29T16:29:04.828+0000] {logging_mixin.py:188} INFO - [2025-09-29T16:29:04.827+0000] {dag.py:3089} INFO - Sync 1 DAGs
[2025-09-29T16:29:04.857+0000] {logging_mixin.py:188} INFO - [2025-09-29T16:29:04.856+0000] {dag.py:3947} INFO - Setting next_dagrun for example_display_name to None, run_after=None
[2025-09-29T16:29:04.903+0000] {processor.py:183} INFO - Processing /home/airflow/.local/lib/python3.12/site-packages/airflow/example_dags/example_display_name.py took 0.167 seconds
[2025-09-29T16:29:35.139+0000] {processor.py:161} INFO - Started process (PID=29017) to work on /home/airflow/.local/lib/python3.12/site-packages/airflow/example_dags/example_display_name.py
[2025-09-29T16:29:35.141+0000] {processor.py:830} INFO - Processing file /home/airflow/.local/lib/python3.12/site-packages/airflow/example_dags/example_display_name.py for tasks to queue
[2025-09-29T16:29:35.143+0000] {logging_mixin.py:188} INFO - [2025-09-29T16:29:35.142+0000] {dagbag.py:545} INFO - Filling up the DagBag from /home/airflow/.local/lib/python3.12/site-packages/airflow/example_dags/example_display_name.py
[2025-09-29T16:29:35.156+0000] {processor.py:840} INFO - DAG(s) 'example_display_name' retrieved from /home/airflow/.local/lib/python3.12/site-packages/airflow/example_dags/example_display_name.py
[2025-09-29T16:29:35.214+0000] {logging_mixin.py:188} INFO - [2025-09-29T16:29:35.214+0000] {dag.py:3089} INFO - Sync 1 DAGs
[2025-09-29T16:29:35.242+0000] {logging_mixin.py:188} INFO - [2025-09-29T16:29:35.242+0000] {dag.py:3947} INFO - Setting next_dagrun for example_display_name to None, run_after=None
[2025-09-29T16:29:35.290+0000] {processor.py:183} INFO - Processing /home/airflow/.local/lib/python3.12/site-packages/airflow/example_dags/example_display_name.py took 0.166 seconds
[2025-09-29T16:30:05.492+0000] {processor.py:161} INFO - Started process (PID=29278) to work on /home/airflow/.local/lib/python3.12/site-packages/airflow/example_dags/example_display_name.py
[2025-09-29T16:30:05.494+0000] {processor.py:830} INFO - Processing file /home/airflow/.local/lib/python3.12/site-packages/airflow/example_dags/example_display_name.py for tasks to queue
[2025-09-29T16:30:05.496+0000] {logging_mixin.py:188} INFO - [2025-09-29T16:30:05.495+0000] {dagbag.py:545} INFO - Filling up the DagBag from /home/airflow/.local/lib/python3.12/site-packages/airflow/example_dags/example_display_name.py
[2025-09-29T16:30:05.509+0000] {processor.py:840} INFO - DAG(s) 'example_display_name' retrieved from /home/airflow/.local/lib/python3.12/site-packages/airflow/example_dags/example_display_name.py
[2025-09-29T16:30:05.568+0000] {logging_mixin.py:188} INFO - [2025-09-29T16:30:05.567+0000] {dag.py:3089} INFO - Sync 1 DAGs
[2025-09-29T16:30:05.599+0000] {logging_mixin.py:188} INFO - [2025-09-29T16:30:05.599+0000] {dag.py:3947} INFO - Setting next_dagrun for example_display_name to None, run_after=None
[2025-09-29T16:30:05.648+0000] {processor.py:183} INFO - Processing /home/airflow/.local/lib/python3.12/site-packages/airflow/example_dags/example_display_name.py took 0.174 seconds
[2025-09-29T16:30:36.014+0000] {processor.py:161} INFO - Started process (PID=29539) to work on /home/airflow/.local/lib/python3.12/site-packages/airflow/example_dags/example_display_name.py
[2025-09-29T16:30:36.016+0000] {processor.py:830} INFO - Processing file /home/airflow/.local/lib/python3.12/site-packages/airflow/example_dags/example_display_name.py for tasks to queue
[2025-09-29T16:30:36.018+0000] {logging_mixin.py:188} INFO - [2025-09-29T16:30:36.017+0000] {dagbag.py:545} INFO - Filling up the DagBag from /home/airflow/.local/lib/python3.12/site-packages/airflow/example_dags/example_display_name.py
[2025-09-29T16:30:36.035+0000] {processor.py:840} INFO - DAG(s) 'example_display_name' retrieved from /home/airflow/.local/lib/python3.12/site-packages/airflow/example_dags/example_display_name.py
[2025-09-29T16:30:36.099+0000] {logging_mixin.py:188} INFO - [2025-09-29T16:30:36.098+0000] {dag.py:3089} INFO - Sync 1 DAGs
[2025-09-29T16:30:36.129+0000] {logging_mixin.py:188} INFO - [2025-09-29T16:30:36.129+0000] {dag.py:3947} INFO - Setting next_dagrun for example_display_name to None, run_after=None
[2025-09-29T16:30:36.187+0000] {processor.py:183} INFO - Processing /home/airflow/.local/lib/python3.12/site-packages/airflow/example_dags/example_display_name.py took 0.190 seconds
[2025-09-29T16:31:06.990+0000] {processor.py:161} INFO - Started process (PID=29800) to work on /home/airflow/.local/lib/python3.12/site-packages/airflow/example_dags/example_display_name.py
[2025-09-29T16:31:06.993+0000] {processor.py:830} INFO - Processing file /home/airflow/.local/lib/python3.12/site-packages/airflow/example_dags/example_display_name.py for tasks to queue
[2025-09-29T16:31:06.995+0000] {logging_mixin.py:188} INFO - [2025-09-29T16:31:06.994+0000] {dagbag.py:545} INFO - Filling up the DagBag from /home/airflow/.local/lib/python3.12/site-packages/airflow/example_dags/example_display_name.py
[2025-09-29T16:31:07.009+0000] {processor.py:840} INFO - DAG(s) 'example_display_name' retrieved from /home/airflow/.local/lib/python3.12/site-packages/airflow/example_dags/example_display_name.py
[2025-09-29T16:31:07.067+0000] {logging_mixin.py:188} INFO - [2025-09-29T16:31:07.066+0000] {dag.py:3089} INFO - Sync 1 DAGs
[2025-09-29T16:31:07.096+0000] {logging_mixin.py:188} INFO - [2025-09-29T16:31:07.096+0000] {dag.py:3947} INFO - Setting next_dagrun for example_display_name to None, run_after=None
[2025-09-29T16:31:07.147+0000] {processor.py:183} INFO - Processing /home/airflow/.local/lib/python3.12/site-packages/airflow/example_dags/example_display_name.py took 0.171 seconds
[2025-09-29T16:31:37.443+0000] {processor.py:161} INFO - Started process (PID=30059) to work on /home/airflow/.local/lib/python3.12/site-packages/airflow/example_dags/example_display_name.py
[2025-09-29T16:31:37.447+0000] {processor.py:830} INFO - Processing file /home/airflow/.local/lib/python3.12/site-packages/airflow/example_dags/example_display_name.py for tasks to queue
[2025-09-29T16:31:37.448+0000] {logging_mixin.py:188} INFO - [2025-09-29T16:31:37.448+0000] {dagbag.py:545} INFO - Filling up the DagBag from /home/airflow/.local/lib/python3.12/site-packages/airflow/example_dags/example_display_name.py
[2025-09-29T16:31:37.466+0000] {processor.py:840} INFO - DAG(s) 'example_display_name' retrieved from /home/airflow/.local/lib/python3.12/site-packages/airflow/example_dags/example_display_name.py
[2025-09-29T16:31:37.524+0000] {logging_mixin.py:188} INFO - [2025-09-29T16:31:37.523+0000] {dag.py:3089} INFO - Sync 1 DAGs
[2025-09-29T16:31:37.556+0000] {logging_mixin.py:188} INFO - [2025-09-29T16:31:37.555+0000] {dag.py:3947} INFO - Setting next_dagrun for example_display_name to None, run_after=None
[2025-09-29T16:31:37.604+0000] {processor.py:183} INFO - Processing /home/airflow/.local/lib/python3.12/site-packages/airflow/example_dags/example_display_name.py took 0.177 seconds
[2025-09-29T16:32:08.385+0000] {processor.py:161} INFO - Started process (PID=30316) to work on /home/airflow/.local/lib/python3.12/site-packages/airflow/example_dags/example_display_name.py
[2025-09-29T16:32:08.389+0000] {processor.py:830} INFO - Processing file /home/airflow/.local/lib/python3.12/site-packages/airflow/example_dags/example_display_name.py for tasks to queue
[2025-09-29T16:32:08.391+0000] {logging_mixin.py:188} INFO - [2025-09-29T16:32:08.390+0000] {dagbag.py:545} INFO - Filling up the DagBag from /home/airflow/.local/lib/python3.12/site-packages/airflow/example_dags/example_display_name.py
[2025-09-29T16:32:08.405+0000] {processor.py:840} INFO - DAG(s) 'example_display_name' retrieved from /home/airflow/.local/lib/python3.12/site-packages/airflow/example_dags/example_display_name.py
[2025-09-29T16:32:08.502+0000] {logging_mixin.py:188} INFO - [2025-09-29T16:32:08.501+0000] {dag.py:3089} INFO - Sync 1 DAGs
[2025-09-29T16:32:08.539+0000] {logging_mixin.py:188} INFO - [2025-09-29T16:32:08.538+0000] {dag.py:3947} INFO - Setting next_dagrun for example_display_name to None, run_after=None
[2025-09-29T16:32:08.597+0000] {processor.py:183} INFO - Processing /home/airflow/.local/lib/python3.12/site-packages/airflow/example_dags/example_display_name.py took 0.227 seconds
[2025-09-29T16:32:39.133+0000] {processor.py:161} INFO - Started process (PID=30577) to work on /home/airflow/.local/lib/python3.12/site-packages/airflow/example_dags/example_display_name.py
[2025-09-29T16:32:39.135+0000] {processor.py:830} INFO - Processing file /home/airflow/.local/lib/python3.12/site-packages/airflow/example_dags/example_display_name.py for tasks to queue
[2025-09-29T16:32:39.138+0000] {logging_mixin.py:188} INFO - [2025-09-29T16:32:39.137+0000] {dagbag.py:545} INFO - Filling up the DagBag from /home/airflow/.local/lib/python3.12/site-packages/airflow/example_dags/example_display_name.py
[2025-09-29T16:32:39.152+0000] {processor.py:840} INFO - DAG(s) 'example_display_name' retrieved from /home/airflow/.local/lib/python3.12/site-packages/airflow/example_dags/example_display_name.py
[2025-09-29T16:32:39.213+0000] {logging_mixin.py:188} INFO - [2025-09-29T16:32:39.212+0000] {dag.py:3089} INFO - Sync 1 DAGs
[2025-09-29T16:32:39.244+0000] {logging_mixin.py:188} INFO - [2025-09-29T16:32:39.244+0000] {dag.py:3947} INFO - Setting next_dagrun for example_display_name to None, run_after=None
[2025-09-29T16:32:39.298+0000] {processor.py:183} INFO - Processing /home/airflow/.local/lib/python3.12/site-packages/airflow/example_dags/example_display_name.py took 0.181 seconds
[2025-09-29T16:33:09.541+0000] {processor.py:161} INFO - Started process (PID=30838) to work on /home/airflow/.local/lib/python3.12/site-packages/airflow/example_dags/example_display_name.py
[2025-09-29T16:33:09.543+0000] {processor.py:830} INFO - Processing file /home/airflow/.local/lib/python3.12/site-packages/airflow/example_dags/example_display_name.py for tasks to queue
[2025-09-29T16:33:09.545+0000] {logging_mixin.py:188} INFO - [2025-09-29T16:33:09.544+0000] {dagbag.py:545} INFO - Filling up the DagBag from /home/airflow/.local/lib/python3.12/site-packages/airflow/example_dags/example_display_name.py
[2025-09-29T16:33:09.559+0000] {processor.py:840} INFO - DAG(s) 'example_display_name' retrieved from /home/airflow/.local/lib/python3.12/site-packages/airflow/example_dags/example_display_name.py
[2025-09-29T16:33:09.620+0000] {logging_mixin.py:188} INFO - [2025-09-29T16:33:09.619+0000] {dag.py:3089} INFO - Sync 1 DAGs
[2025-09-29T16:33:09.649+0000] {logging_mixin.py:188} INFO - [2025-09-29T16:33:09.649+0000] {dag.py:3947} INFO - Setting next_dagrun for example_display_name to None, run_after=None
[2025-09-29T16:33:09.700+0000] {processor.py:183} INFO - Processing /home/airflow/.local/lib/python3.12/site-packages/airflow/example_dags/example_display_name.py took 0.175 seconds
[2025-09-29T16:33:40.912+0000] {processor.py:161} INFO - Started process (PID=31099) to work on /home/airflow/.local/lib/python3.12/site-packages/airflow/example_dags/example_display_name.py
[2025-09-29T16:33:40.914+0000] {processor.py:830} INFO - Processing file /home/airflow/.local/lib/python3.12/site-packages/airflow/example_dags/example_display_name.py for tasks to queue
[2025-09-29T16:33:40.916+0000] {logging_mixin.py:188} INFO - [2025-09-29T16:33:40.916+0000] {dagbag.py:545} INFO - Filling up the DagBag from /home/airflow/.local/lib/python3.12/site-packages/airflow/example_dags/example_display_name.py
[2025-09-29T16:33:40.932+0000] {processor.py:840} INFO - DAG(s) 'example_display_name' retrieved from /home/airflow/.local/lib/python3.12/site-packages/airflow/example_dags/example_display_name.py
[2025-09-29T16:33:40.991+0000] {logging_mixin.py:188} INFO - [2025-09-29T16:33:40.991+0000] {dag.py:3089} INFO - Sync 1 DAGs
[2025-09-29T16:33:41.034+0000] {logging_mixin.py:188} INFO - [2025-09-29T16:33:41.033+0000] {dag.py:3947} INFO - Setting next_dagrun for example_display_name to None, run_after=None
[2025-09-29T16:33:41.086+0000] {processor.py:183} INFO - Processing /home/airflow/.local/lib/python3.12/site-packages/airflow/example_dags/example_display_name.py took 0.210 seconds
[2025-09-29T16:34:11.441+0000] {processor.py:161} INFO - Started process (PID=31360) to work on /home/airflow/.local/lib/python3.12/site-packages/airflow/example_dags/example_display_name.py
[2025-09-29T16:34:11.445+0000] {processor.py:830} INFO - Processing file /home/airflow/.local/lib/python3.12/site-packages/airflow/example_dags/example_display_name.py for tasks to queue
[2025-09-29T16:34:11.447+0000] {logging_mixin.py:188} INFO - [2025-09-29T16:34:11.446+0000] {dagbag.py:545} INFO - Filling up the DagBag from /home/airflow/.local/lib/python3.12/site-packages/airflow/example_dags/example_display_name.py
[2025-09-29T16:34:11.462+0000] {processor.py:840} INFO - DAG(s) 'example_display_name' retrieved from /home/airflow/.local/lib/python3.12/site-packages/airflow/example_dags/example_display_name.py
[2025-09-29T16:34:11.524+0000] {logging_mixin.py:188} INFO - [2025-09-29T16:34:11.523+0000] {dag.py:3089} INFO - Sync 1 DAGs
[2025-09-29T16:34:11.554+0000] {logging_mixin.py:188} INFO - [2025-09-29T16:34:11.553+0000] {dag.py:3947} INFO - Setting next_dagrun for example_display_name to None, run_after=None
[2025-09-29T16:34:11.606+0000] {processor.py:183} INFO - Processing /home/airflow/.local/lib/python3.12/site-packages/airflow/example_dags/example_display_name.py took 0.181 seconds
[2025-09-29T16:34:42.282+0000] {processor.py:161} INFO - Started process (PID=31621) to work on /home/airflow/.local/lib/python3.12/site-packages/airflow/example_dags/example_display_name.py
[2025-09-29T16:34:42.288+0000] {processor.py:830} INFO - Processing file /home/airflow/.local/lib/python3.12/site-packages/airflow/example_dags/example_display_name.py for tasks to queue
[2025-09-29T16:34:42.290+0000] {logging_mixin.py:188} INFO - [2025-09-29T16:34:42.289+0000] {dagbag.py:545} INFO - Filling up the DagBag from /home/airflow/.local/lib/python3.12/site-packages/airflow/example_dags/example_display_name.py
[2025-09-29T16:34:42.305+0000] {processor.py:840} INFO - DAG(s) 'example_display_name' retrieved from /home/airflow/.local/lib/python3.12/site-packages/airflow/example_dags/example_display_name.py
[2025-09-29T16:34:42.360+0000] {logging_mixin.py:188} INFO - [2025-09-29T16:34:42.360+0000] {dag.py:3089} INFO - Sync 1 DAGs
[2025-09-29T16:34:41.670+0000] {logging_mixin.py:188} INFO - [2025-09-29T16:34:41.669+0000] {dag.py:3947} INFO - Setting next_dagrun for example_display_name to None, run_after=None
[2025-09-29T16:34:41.719+0000] {processor.py:183} INFO - Processing /home/airflow/.local/lib/python3.12/site-packages/airflow/example_dags/example_display_name.py took 0.172 seconds
[2025-09-29T16:47:31.796+0000] {processor.py:161} INFO - Started process (PID=268) to work on /home/airflow/.local/lib/python3.12/site-packages/airflow/example_dags/example_display_name.py
[2025-09-29T16:47:31.799+0000] {processor.py:830} INFO - Processing file /home/airflow/.local/lib/python3.12/site-packages/airflow/example_dags/example_display_name.py for tasks to queue
[2025-09-29T16:47:31.804+0000] {logging_mixin.py:188} INFO - [2025-09-29T16:47:31.803+0000] {dagbag.py:545} INFO - Filling up the DagBag from /home/airflow/.local/lib/python3.12/site-packages/airflow/example_dags/example_display_name.py
[2025-09-29T16:47:31.833+0000] {processor.py:840} INFO - DAG(s) 'example_display_name' retrieved from /home/airflow/.local/lib/python3.12/site-packages/airflow/example_dags/example_display_name.py
[2025-09-29T16:47:31.874+0000] {logging_mixin.py:188} INFO - [2025-09-29T16:47:31.874+0000] {dag.py:3089} INFO - Sync 1 DAGs
[2025-09-29T16:47:31.924+0000] {logging_mixin.py:188} INFO - [2025-09-29T16:47:31.923+0000] {dag.py:3947} INFO - Setting next_dagrun for example_display_name to None, run_after=None
[2025-09-29T16:47:31.973+0000] {processor.py:183} INFO - Processing /home/airflow/.local/lib/python3.12/site-packages/airflow/example_dags/example_display_name.py took 0.197 seconds
[2025-09-29T16:48:06.432+0000] {processor.py:161} INFO - Started process (PID=540) to work on /home/airflow/.local/lib/python3.12/site-packages/airflow/example_dags/example_display_name.py
[2025-09-29T16:48:06.435+0000] {processor.py:830} INFO - Processing file /home/airflow/.local/lib/python3.12/site-packages/airflow/example_dags/example_display_name.py for tasks to queue
[2025-09-29T16:48:06.440+0000] {logging_mixin.py:188} INFO - [2025-09-29T16:48:06.439+0000] {dagbag.py:545} INFO - Filling up the DagBag from /home/airflow/.local/lib/python3.12/site-packages/airflow/example_dags/example_display_name.py
[2025-09-29T16:48:06.460+0000] {processor.py:840} INFO - DAG(s) 'example_display_name' retrieved from /home/airflow/.local/lib/python3.12/site-packages/airflow/example_dags/example_display_name.py
[2025-09-29T16:48:07.068+0000] {logging_mixin.py:188} INFO - [2025-09-29T16:48:07.067+0000] {dag.py:3089} INFO - Sync 1 DAGs
[2025-09-29T16:48:07.105+0000] {logging_mixin.py:188} INFO - [2025-09-29T16:48:07.104+0000] {dag.py:3947} INFO - Setting next_dagrun for example_display_name to None, run_after=None
[2025-09-29T16:48:07.171+0000] {processor.py:183} INFO - Processing /home/airflow/.local/lib/python3.12/site-packages/airflow/example_dags/example_display_name.py took 0.755 seconds
[2025-09-29T16:48:37.425+0000] {processor.py:161} INFO - Started process (PID=813) to work on /home/airflow/.local/lib/python3.12/site-packages/airflow/example_dags/example_display_name.py
[2025-09-29T16:48:37.427+0000] {processor.py:830} INFO - Processing file /home/airflow/.local/lib/python3.12/site-packages/airflow/example_dags/example_display_name.py for tasks to queue
[2025-09-29T16:48:37.431+0000] {logging_mixin.py:188} INFO - [2025-09-29T16:48:37.430+0000] {dagbag.py:545} INFO - Filling up the DagBag from /home/airflow/.local/lib/python3.12/site-packages/airflow/example_dags/example_display_name.py
[2025-09-29T16:48:37.444+0000] {processor.py:840} INFO - DAG(s) 'example_display_name' retrieved from /home/airflow/.local/lib/python3.12/site-packages/airflow/example_dags/example_display_name.py
[2025-09-29T16:48:37.519+0000] {logging_mixin.py:188} INFO - [2025-09-29T16:48:37.518+0000] {dag.py:3089} INFO - Sync 1 DAGs
[2025-09-29T16:48:37.559+0000] {logging_mixin.py:188} INFO - [2025-09-29T16:48:37.558+0000] {dag.py:3947} INFO - Setting next_dagrun for example_display_name to None, run_after=None
[2025-09-29T16:48:37.618+0000] {processor.py:183} INFO - Processing /home/airflow/.local/lib/python3.12/site-packages/airflow/example_dags/example_display_name.py took 0.208 seconds
[2025-09-29T16:55:34.679+0000] {processor.py:161} INFO - Started process (PID=284) to work on /home/airflow/.local/lib/python3.12/site-packages/airflow/example_dags/example_display_name.py
[2025-09-29T16:55:34.682+0000] {processor.py:830} INFO - Processing file /home/airflow/.local/lib/python3.12/site-packages/airflow/example_dags/example_display_name.py for tasks to queue
[2025-09-29T16:55:34.686+0000] {logging_mixin.py:188} INFO - [2025-09-29T16:55:34.685+0000] {dagbag.py:545} INFO - Filling up the DagBag from /home/airflow/.local/lib/python3.12/site-packages/airflow/example_dags/example_display_name.py
[2025-09-29T16:55:34.706+0000] {processor.py:840} INFO - DAG(s) 'example_display_name' retrieved from /home/airflow/.local/lib/python3.12/site-packages/airflow/example_dags/example_display_name.py
[2025-09-29T16:55:34.747+0000] {logging_mixin.py:188} INFO - [2025-09-29T16:55:34.746+0000] {dag.py:3089} INFO - Sync 1 DAGs
[2025-09-29T16:55:34.782+0000] {logging_mixin.py:188} INFO - [2025-09-29T16:55:34.781+0000] {dag.py:3947} INFO - Setting next_dagrun for example_display_name to None, run_after=None
[2025-09-29T16:55:34.835+0000] {processor.py:183} INFO - Processing /home/airflow/.local/lib/python3.12/site-packages/airflow/example_dags/example_display_name.py took 0.172 seconds
[2025-09-29T16:56:10.961+0000] {processor.py:161} INFO - Started process (PID=560) to work on /home/airflow/.local/lib/python3.12/site-packages/airflow/example_dags/example_display_name.py
[2025-09-29T16:56:10.964+0000] {processor.py:830} INFO - Processing file /home/airflow/.local/lib/python3.12/site-packages/airflow/example_dags/example_display_name.py for tasks to queue
[2025-09-29T16:56:10.969+0000] {logging_mixin.py:188} INFO - [2025-09-29T16:56:10.968+0000] {dagbag.py:545} INFO - Filling up the DagBag from /home/airflow/.local/lib/python3.12/site-packages/airflow/example_dags/example_display_name.py
[2025-09-29T16:56:10.984+0000] {processor.py:840} INFO - DAG(s) 'example_display_name' retrieved from /home/airflow/.local/lib/python3.12/site-packages/airflow/example_dags/example_display_name.py
[2025-09-29T16:56:11.274+0000] {logging_mixin.py:188} INFO - [2025-09-29T16:56:11.273+0000] {dag.py:3089} INFO - Sync 1 DAGs
[2025-09-29T16:56:11.306+0000] {logging_mixin.py:188} INFO - [2025-09-29T16:56:11.305+0000] {dag.py:3947} INFO - Setting next_dagrun for example_display_name to None, run_after=None
[2025-09-29T16:56:11.376+0000] {processor.py:183} INFO - Processing /home/airflow/.local/lib/python3.12/site-packages/airflow/example_dags/example_display_name.py took 0.430 seconds
[2025-09-29T16:56:43.806+0000] {processor.py:161} INFO - Started process (PID=833) to work on /home/airflow/.local/lib/python3.12/site-packages/airflow/example_dags/example_display_name.py
[2025-09-29T16:56:43.811+0000] {processor.py:830} INFO - Processing file /home/airflow/.local/lib/python3.12/site-packages/airflow/example_dags/example_display_name.py for tasks to queue
[2025-09-29T16:56:43.816+0000] {logging_mixin.py:188} INFO - [2025-09-29T16:56:43.815+0000] {dagbag.py:545} INFO - Filling up the DagBag from /home/airflow/.local/lib/python3.12/site-packages/airflow/example_dags/example_display_name.py
[2025-09-29T16:56:43.832+0000] {processor.py:840} INFO - DAG(s) 'example_display_name' retrieved from /home/airflow/.local/lib/python3.12/site-packages/airflow/example_dags/example_display_name.py
[2025-09-29T16:56:43.929+0000] {logging_mixin.py:188} INFO - [2025-09-29T16:56:43.929+0000] {dag.py:3089} INFO - Sync 1 DAGs
[2025-09-29T16:56:44.019+0000] {logging_mixin.py:188} INFO - [2025-09-29T16:56:44.019+0000] {dag.py:3947} INFO - Setting next_dagrun for example_display_name to None, run_after=None
[2025-09-29T16:56:44.090+0000] {processor.py:183} INFO - Processing /home/airflow/.local/lib/python3.12/site-packages/airflow/example_dags/example_display_name.py took 0.302 seconds
[2025-09-29T16:57:14.779+0000] {processor.py:161} INFO - Started process (PID=1097) to work on /home/airflow/.local/lib/python3.12/site-packages/airflow/example_dags/example_display_name.py
[2025-09-29T16:57:14.782+0000] {processor.py:830} INFO - Processing file /home/airflow/.local/lib/python3.12/site-packages/airflow/example_dags/example_display_name.py for tasks to queue
[2025-09-29T16:57:14.787+0000] {logging_mixin.py:188} INFO - [2025-09-29T16:57:14.786+0000] {dagbag.py:545} INFO - Filling up the DagBag from /home/airflow/.local/lib/python3.12/site-packages/airflow/example_dags/example_display_name.py
[2025-09-29T16:57:14.807+0000] {processor.py:840} INFO - DAG(s) 'example_display_name' retrieved from /home/airflow/.local/lib/python3.12/site-packages/airflow/example_dags/example_display_name.py
[2025-09-29T16:57:14.885+0000] {logging_mixin.py:188} INFO - [2025-09-29T16:57:14.885+0000] {dag.py:3089} INFO - Sync 1 DAGs
[2025-09-29T16:57:14.925+0000] {logging_mixin.py:188} INFO - [2025-09-29T16:57:14.925+0000] {dag.py:3947} INFO - Setting next_dagrun for example_display_name to None, run_after=None
[2025-09-29T16:57:15.001+0000] {processor.py:183} INFO - Processing /home/airflow/.local/lib/python3.12/site-packages/airflow/example_dags/example_display_name.py took 0.242 seconds
[2025-09-29T16:57:45.674+0000] {processor.py:161} INFO - Started process (PID=1360) to work on /home/airflow/.local/lib/python3.12/site-packages/airflow/example_dags/example_display_name.py
[2025-09-29T16:57:45.680+0000] {processor.py:830} INFO - Processing file /home/airflow/.local/lib/python3.12/site-packages/airflow/example_dags/example_display_name.py for tasks to queue
[2025-09-29T16:57:45.685+0000] {logging_mixin.py:188} INFO - [2025-09-29T16:57:45.684+0000] {dagbag.py:545} INFO - Filling up the DagBag from /home/airflow/.local/lib/python3.12/site-packages/airflow/example_dags/example_display_name.py
[2025-09-29T16:57:45.700+0000] {processor.py:840} INFO - DAG(s) 'example_display_name' retrieved from /home/airflow/.local/lib/python3.12/site-packages/airflow/example_dags/example_display_name.py
[2025-09-29T16:57:45.760+0000] {logging_mixin.py:188} INFO - [2025-09-29T16:57:45.759+0000] {dag.py:3089} INFO - Sync 1 DAGs
[2025-09-29T16:57:45.794+0000] {logging_mixin.py:188} INFO - [2025-09-29T16:57:45.794+0000] {dag.py:3947} INFO - Setting next_dagrun for example_display_name to None, run_after=None
[2025-09-29T16:57:45.859+0000] {processor.py:183} INFO - Processing /home/airflow/.local/lib/python3.12/site-packages/airflow/example_dags/example_display_name.py took 0.200 seconds
[2025-09-29T16:58:16.934+0000] {processor.py:161} INFO - Started process (PID=1622) to work on /home/airflow/.local/lib/python3.12/site-packages/airflow/example_dags/example_display_name.py
[2025-09-29T16:58:16.937+0000] {processor.py:830} INFO - Processing file /home/airflow/.local/lib/python3.12/site-packages/airflow/example_dags/example_display_name.py for tasks to queue
[2025-09-29T16:58:16.941+0000] {logging_mixin.py:188} INFO - [2025-09-29T16:58:16.940+0000] {dagbag.py:545} INFO - Filling up the DagBag from /home/airflow/.local/lib/python3.12/site-packages/airflow/example_dags/example_display_name.py
[2025-09-29T16:58:16.956+0000] {processor.py:840} INFO - DAG(s) 'example_display_name' retrieved from /home/airflow/.local/lib/python3.12/site-packages/airflow/example_dags/example_display_name.py
[2025-09-29T16:58:17.010+0000] {logging_mixin.py:188} INFO - [2025-09-29T16:58:17.010+0000] {dag.py:3089} INFO - Sync 1 DAGs
[2025-09-29T16:58:17.040+0000] {logging_mixin.py:188} INFO - [2025-09-29T16:58:17.040+0000] {dag.py:3947} INFO - Setting next_dagrun for example_display_name to None, run_after=None
[2025-09-29T16:58:17.087+0000] {processor.py:183} INFO - Processing /home/airflow/.local/lib/python3.12/site-packages/airflow/example_dags/example_display_name.py took 0.167 seconds
[2025-09-29T16:58:47.581+0000] {processor.py:161} INFO - Started process (PID=1884) to work on /home/airflow/.local/lib/python3.12/site-packages/airflow/example_dags/example_display_name.py
[2025-09-29T16:58:47.583+0000] {processor.py:830} INFO - Processing file /home/airflow/.local/lib/python3.12/site-packages/airflow/example_dags/example_display_name.py for tasks to queue
[2025-09-29T16:58:47.587+0000] {logging_mixin.py:188} INFO - [2025-09-29T16:58:47.587+0000] {dagbag.py:545} INFO - Filling up the DagBag from /home/airflow/.local/lib/python3.12/site-packages/airflow/example_dags/example_display_name.py
[2025-09-29T16:58:47.601+0000] {processor.py:840} INFO - DAG(s) 'example_display_name' retrieved from /home/airflow/.local/lib/python3.12/site-packages/airflow/example_dags/example_display_name.py
[2025-09-29T16:58:47.655+0000] {logging_mixin.py:188} INFO - [2025-09-29T16:58:47.654+0000] {dag.py:3089} INFO - Sync 1 DAGs
[2025-09-29T16:58:47.685+0000] {logging_mixin.py:188} INFO - [2025-09-29T16:58:47.685+0000] {dag.py:3947} INFO - Setting next_dagrun for example_display_name to None, run_after=None
[2025-09-29T16:58:47.736+0000] {processor.py:183} INFO - Processing /home/airflow/.local/lib/python3.12/site-packages/airflow/example_dags/example_display_name.py took 0.168 seconds
[2025-09-29T16:59:18.538+0000] {processor.py:161} INFO - Started process (PID=2146) to work on /home/airflow/.local/lib/python3.12/site-packages/airflow/example_dags/example_display_name.py
[2025-09-29T16:59:18.541+0000] {processor.py:830} INFO - Processing file /home/airflow/.local/lib/python3.12/site-packages/airflow/example_dags/example_display_name.py for tasks to queue
[2025-09-29T16:59:18.545+0000] {logging_mixin.py:188} INFO - [2025-09-29T16:59:18.545+0000] {dagbag.py:545} INFO - Filling up the DagBag from /home/airflow/.local/lib/python3.12/site-packages/airflow/example_dags/example_display_name.py
[2025-09-29T16:59:18.562+0000] {processor.py:840} INFO - DAG(s) 'example_display_name' retrieved from /home/airflow/.local/lib/python3.12/site-packages/airflow/example_dags/example_display_name.py
[2025-09-29T16:59:18.620+0000] {logging_mixin.py:188} INFO - [2025-09-29T16:59:18.620+0000] {dag.py:3089} INFO - Sync 1 DAGs
[2025-09-29T16:59:18.655+0000] {logging_mixin.py:188} INFO - [2025-09-29T16:59:18.654+0000] {dag.py:3947} INFO - Setting next_dagrun for example_display_name to None, run_after=None
[2025-09-29T16:59:18.708+0000] {processor.py:183} INFO - Processing /home/airflow/.local/lib/python3.12/site-packages/airflow/example_dags/example_display_name.py took 0.185 seconds
[2025-09-29T16:59:49.713+0000] {processor.py:161} INFO - Started process (PID=2408) to work on /home/airflow/.local/lib/python3.12/site-packages/airflow/example_dags/example_display_name.py
[2025-09-29T16:59:49.715+0000] {processor.py:830} INFO - Processing file /home/airflow/.local/lib/python3.12/site-packages/airflow/example_dags/example_display_name.py for tasks to queue
[2025-09-29T16:59:49.719+0000] {logging_mixin.py:188} INFO - [2025-09-29T16:59:49.719+0000] {dagbag.py:545} INFO - Filling up the DagBag from /home/airflow/.local/lib/python3.12/site-packages/airflow/example_dags/example_display_name.py
[2025-09-29T16:59:49.733+0000] {processor.py:840} INFO - DAG(s) 'example_display_name' retrieved from /home/airflow/.local/lib/python3.12/site-packages/airflow/example_dags/example_display_name.py
[2025-09-29T16:59:49.786+0000] {logging_mixin.py:188} INFO - [2025-09-29T16:59:49.785+0000] {dag.py:3089} INFO - Sync 1 DAGs
[2025-09-29T16:59:49.817+0000] {logging_mixin.py:188} INFO - [2025-09-29T16:59:49.816+0000] {dag.py:3947} INFO - Setting next_dagrun for example_display_name to None, run_after=None
[2025-09-29T16:59:49.863+0000] {processor.py:183} INFO - Processing /home/airflow/.local/lib/python3.12/site-packages/airflow/example_dags/example_display_name.py took 0.163 seconds
[2025-09-29T17:00:20.381+0000] {processor.py:161} INFO - Started process (PID=2670) to work on /home/airflow/.local/lib/python3.12/site-packages/airflow/example_dags/example_display_name.py
[2025-09-29T17:00:20.383+0000] {processor.py:830} INFO - Processing file /home/airflow/.local/lib/python3.12/site-packages/airflow/example_dags/example_display_name.py for tasks to queue
[2025-09-29T17:00:20.388+0000] {logging_mixin.py:188} INFO - [2025-09-29T17:00:20.387+0000] {dagbag.py:545} INFO - Filling up the DagBag from /home/airflow/.local/lib/python3.12/site-packages/airflow/example_dags/example_display_name.py
[2025-09-29T17:00:20.403+0000] {processor.py:840} INFO - DAG(s) 'example_display_name' retrieved from /home/airflow/.local/lib/python3.12/site-packages/airflow/example_dags/example_display_name.py
[2025-09-29T17:00:20.461+0000] {logging_mixin.py:188} INFO - [2025-09-29T17:00:20.460+0000] {dag.py:3089} INFO - Sync 1 DAGs
[2025-09-29T17:00:20.494+0000] {logging_mixin.py:188} INFO - [2025-09-29T17:00:20.494+0000] {dag.py:3947} INFO - Setting next_dagrun for example_display_name to None, run_after=None
[2025-09-29T17:00:20.545+0000] {processor.py:183} INFO - Processing /home/airflow/.local/lib/python3.12/site-packages/airflow/example_dags/example_display_name.py took 0.181 seconds
[2025-09-29T17:00:51.122+0000] {processor.py:161} INFO - Started process (PID=2932) to work on /home/airflow/.local/lib/python3.12/site-packages/airflow/example_dags/example_display_name.py
[2025-09-29T17:00:51.124+0000] {processor.py:830} INFO - Processing file /home/airflow/.local/lib/python3.12/site-packages/airflow/example_dags/example_display_name.py for tasks to queue
[2025-09-29T17:00:51.129+0000] {logging_mixin.py:188} INFO - [2025-09-29T17:00:51.128+0000] {dagbag.py:545} INFO - Filling up the DagBag from /home/airflow/.local/lib/python3.12/site-packages/airflow/example_dags/example_display_name.py
[2025-09-29T17:00:51.142+0000] {processor.py:840} INFO - DAG(s) 'example_display_name' retrieved from /home/airflow/.local/lib/python3.12/site-packages/airflow/example_dags/example_display_name.py
[2025-09-29T17:00:51.194+0000] {logging_mixin.py:188} INFO - [2025-09-29T17:00:51.194+0000] {dag.py:3089} INFO - Sync 1 DAGs
[2025-09-29T17:00:51.222+0000] {logging_mixin.py:188} INFO - [2025-09-29T17:00:51.222+0000] {dag.py:3947} INFO - Setting next_dagrun for example_display_name to None, run_after=None
[2025-09-29T17:00:51.270+0000] {processor.py:183} INFO - Processing /home/airflow/.local/lib/python3.12/site-packages/airflow/example_dags/example_display_name.py took 0.162 seconds
[2025-09-29T17:01:21.357+0000] {processor.py:161} INFO - Started process (PID=3191) to work on /home/airflow/.local/lib/python3.12/site-packages/airflow/example_dags/example_display_name.py
[2025-09-29T17:01:21.359+0000] {processor.py:830} INFO - Processing file /home/airflow/.local/lib/python3.12/site-packages/airflow/example_dags/example_display_name.py for tasks to queue
[2025-09-29T17:01:21.363+0000] {logging_mixin.py:188} INFO - [2025-09-29T17:01:21.363+0000] {dagbag.py:545} INFO - Filling up the DagBag from /home/airflow/.local/lib/python3.12/site-packages/airflow/example_dags/example_display_name.py
[2025-09-29T17:01:21.377+0000] {processor.py:840} INFO - DAG(s) 'example_display_name' retrieved from /home/airflow/.local/lib/python3.12/site-packages/airflow/example_dags/example_display_name.py
[2025-09-29T17:01:21.436+0000] {logging_mixin.py:188} INFO - [2025-09-29T17:01:21.435+0000] {dag.py:3089} INFO - Sync 1 DAGs
[2025-09-29T17:01:21.472+0000] {logging_mixin.py:188} INFO - [2025-09-29T17:01:21.472+0000] {dag.py:3947} INFO - Setting next_dagrun for example_display_name to None, run_after=None
[2025-09-29T17:01:21.527+0000] {processor.py:183} INFO - Processing /home/airflow/.local/lib/python3.12/site-packages/airflow/example_dags/example_display_name.py took 0.183 seconds
[2025-09-29T17:01:52.007+0000] {processor.py:161} INFO - Started process (PID=3456) to work on /home/airflow/.local/lib/python3.12/site-packages/airflow/example_dags/example_display_name.py
[2025-09-29T17:01:52.010+0000] {processor.py:830} INFO - Processing file /home/airflow/.local/lib/python3.12/site-packages/airflow/example_dags/example_display_name.py for tasks to queue
[2025-09-29T17:01:52.014+0000] {logging_mixin.py:188} INFO - [2025-09-29T17:01:52.013+0000] {dagbag.py:545} INFO - Filling up the DagBag from /home/airflow/.local/lib/python3.12/site-packages/airflow/example_dags/example_display_name.py
[2025-09-29T17:01:52.031+0000] {processor.py:840} INFO - DAG(s) 'example_display_name' retrieved from /home/airflow/.local/lib/python3.12/site-packages/airflow/example_dags/example_display_name.py
[2025-09-29T17:01:52.087+0000] {logging_mixin.py:188} INFO - [2025-09-29T17:01:52.087+0000] {dag.py:3089} INFO - Sync 1 DAGs
[2025-09-29T17:01:52.121+0000] {logging_mixin.py:188} INFO - [2025-09-29T17:01:52.121+0000] {dag.py:3947} INFO - Setting next_dagrun for example_display_name to None, run_after=None
[2025-09-29T17:01:52.171+0000] {processor.py:183} INFO - Processing /home/airflow/.local/lib/python3.12/site-packages/airflow/example_dags/example_display_name.py took 0.177 seconds
[2025-09-29T17:02:22.380+0000] {processor.py:161} INFO - Started process (PID=3718) to work on /home/airflow/.local/lib/python3.12/site-packages/airflow/example_dags/example_display_name.py
[2025-09-29T17:02:22.382+0000] {processor.py:830} INFO - Processing file /home/airflow/.local/lib/python3.12/site-packages/airflow/example_dags/example_display_name.py for tasks to queue
[2025-09-29T17:02:22.387+0000] {logging_mixin.py:188} INFO - [2025-09-29T17:02:22.386+0000] {dagbag.py:545} INFO - Filling up the DagBag from /home/airflow/.local/lib/python3.12/site-packages/airflow/example_dags/example_display_name.py
[2025-09-29T17:02:22.401+0000] {processor.py:840} INFO - DAG(s) 'example_display_name' retrieved from /home/airflow/.local/lib/python3.12/site-packages/airflow/example_dags/example_display_name.py
[2025-09-29T17:02:22.462+0000] {logging_mixin.py:188} INFO - [2025-09-29T17:02:22.461+0000] {dag.py:3089} INFO - Sync 1 DAGs
[2025-09-29T17:02:22.493+0000] {logging_mixin.py:188} INFO - [2025-09-29T17:02:22.493+0000] {dag.py:3947} INFO - Setting next_dagrun for example_display_name to None, run_after=None
[2025-09-29T17:02:22.543+0000] {processor.py:183} INFO - Processing /home/airflow/.local/lib/python3.12/site-packages/airflow/example_dags/example_display_name.py took 0.176 seconds
[2025-09-29T17:02:52.957+0000] {processor.py:161} INFO - Started process (PID=3980) to work on /home/airflow/.local/lib/python3.12/site-packages/airflow/example_dags/example_display_name.py
[2025-09-29T17:02:52.960+0000] {processor.py:830} INFO - Processing file /home/airflow/.local/lib/python3.12/site-packages/airflow/example_dags/example_display_name.py for tasks to queue
[2025-09-29T17:02:52.964+0000] {logging_mixin.py:188} INFO - [2025-09-29T17:02:52.963+0000] {dagbag.py:545} INFO - Filling up the DagBag from /home/airflow/.local/lib/python3.12/site-packages/airflow/example_dags/example_display_name.py
[2025-09-29T17:02:52.979+0000] {processor.py:840} INFO - DAG(s) 'example_display_name' retrieved from /home/airflow/.local/lib/python3.12/site-packages/airflow/example_dags/example_display_name.py
[2025-09-29T17:02:53.034+0000] {logging_mixin.py:188} INFO - [2025-09-29T17:02:53.034+0000] {dag.py:3089} INFO - Sync 1 DAGs
[2025-09-29T17:02:53.076+0000] {logging_mixin.py:188} INFO - [2025-09-29T17:02:53.075+0000] {dag.py:3947} INFO - Setting next_dagrun for example_display_name to None, run_after=None
[2025-09-29T17:02:53.126+0000] {processor.py:183} INFO - Processing /home/airflow/.local/lib/python3.12/site-packages/airflow/example_dags/example_display_name.py took 0.184 seconds
[2025-09-29T17:03:23.758+0000] {processor.py:161} INFO - Started process (PID=4242) to work on /home/airflow/.local/lib/python3.12/site-packages/airflow/example_dags/example_display_name.py
[2025-09-29T17:03:23.760+0000] {processor.py:830} INFO - Processing file /home/airflow/.local/lib/python3.12/site-packages/airflow/example_dags/example_display_name.py for tasks to queue
[2025-09-29T17:03:23.765+0000] {logging_mixin.py:188} INFO - [2025-09-29T17:03:23.764+0000] {dagbag.py:545} INFO - Filling up the DagBag from /home/airflow/.local/lib/python3.12/site-packages/airflow/example_dags/example_display_name.py
[2025-09-29T17:03:23.781+0000] {processor.py:840} INFO - DAG(s) 'example_display_name' retrieved from /home/airflow/.local/lib/python3.12/site-packages/airflow/example_dags/example_display_name.py
[2025-09-29T17:03:23.834+0000] {logging_mixin.py:188} INFO - [2025-09-29T17:03:23.834+0000] {dag.py:3089} INFO - Sync 1 DAGs
[2025-09-29T17:03:23.868+0000] {logging_mixin.py:188} INFO - [2025-09-29T17:03:23.867+0000] {dag.py:3947} INFO - Setting next_dagrun for example_display_name to None, run_after=None
[2025-09-29T17:03:23.918+0000] {processor.py:183} INFO - Processing /home/airflow/.local/lib/python3.12/site-packages/airflow/example_dags/example_display_name.py took 0.174 seconds
[2025-09-29T17:03:54.176+0000] {processor.py:161} INFO - Started process (PID=4504) to work on /home/airflow/.local/lib/python3.12/site-packages/airflow/example_dags/example_display_name.py
[2025-09-29T17:03:54.179+0000] {processor.py:830} INFO - Processing file /home/airflow/.local/lib/python3.12/site-packages/airflow/example_dags/example_display_name.py for tasks to queue
[2025-09-29T17:03:54.183+0000] {logging_mixin.py:188} INFO - [2025-09-29T17:03:54.183+0000] {dagbag.py:545} INFO - Filling up the DagBag from /home/airflow/.local/lib/python3.12/site-packages/airflow/example_dags/example_display_name.py
[2025-09-29T17:03:54.202+0000] {processor.py:840} INFO - DAG(s) 'example_display_name' retrieved from /home/airflow/.local/lib/python3.12/site-packages/airflow/example_dags/example_display_name.py
[2025-09-29T17:03:54.267+0000] {logging_mixin.py:188} INFO - [2025-09-29T17:03:54.267+0000] {dag.py:3089} INFO - Sync 1 DAGs
[2025-09-29T17:03:54.301+0000] {logging_mixin.py:188} INFO - [2025-09-29T17:03:54.301+0000] {dag.py:3947} INFO - Setting next_dagrun for example_display_name to None, run_after=None
[2025-09-29T17:03:54.352+0000] {processor.py:183} INFO - Processing /home/airflow/.local/lib/python3.12/site-packages/airflow/example_dags/example_display_name.py took 0.193 seconds
[2025-09-29T17:04:25.002+0000] {processor.py:161} INFO - Started process (PID=4766) to work on /home/airflow/.local/lib/python3.12/site-packages/airflow/example_dags/example_display_name.py
[2025-09-29T17:04:25.009+0000] {processor.py:830} INFO - Processing file /home/airflow/.local/lib/python3.12/site-packages/airflow/example_dags/example_display_name.py for tasks to queue
[2025-09-29T17:04:25.014+0000] {logging_mixin.py:188} INFO - [2025-09-29T17:04:25.013+0000] {dagbag.py:545} INFO - Filling up the DagBag from /home/airflow/.local/lib/python3.12/site-packages/airflow/example_dags/example_display_name.py
[2025-09-29T17:04:25.029+0000] {processor.py:840} INFO - DAG(s) 'example_display_name' retrieved from /home/airflow/.local/lib/python3.12/site-packages/airflow/example_dags/example_display_name.py
[2025-09-29T17:04:25.085+0000] {logging_mixin.py:188} INFO - [2025-09-29T17:04:25.084+0000] {dag.py:3089} INFO - Sync 1 DAGs
[2025-09-29T17:04:25.118+0000] {logging_mixin.py:188} INFO - [2025-09-29T17:04:25.118+0000] {dag.py:3947} INFO - Setting next_dagrun for example_display_name to None, run_after=None
[2025-09-29T17:04:25.179+0000] {processor.py:183} INFO - Processing /home/airflow/.local/lib/python3.12/site-packages/airflow/example_dags/example_display_name.py took 0.192 seconds
[2025-09-29T17:04:55.820+0000] {processor.py:161} INFO - Started process (PID=5022) to work on /home/airflow/.local/lib/python3.12/site-packages/airflow/example_dags/example_display_name.py
[2025-09-29T17:04:55.823+0000] {processor.py:830} INFO - Processing file /home/airflow/.local/lib/python3.12/site-packages/airflow/example_dags/example_display_name.py for tasks to queue
[2025-09-29T17:04:55.827+0000] {logging_mixin.py:188} INFO - [2025-09-29T17:04:55.826+0000] {dagbag.py:545} INFO - Filling up the DagBag from /home/airflow/.local/lib/python3.12/site-packages/airflow/example_dags/example_display_name.py
[2025-09-29T17:04:55.842+0000] {processor.py:840} INFO - DAG(s) 'example_display_name' retrieved from /home/airflow/.local/lib/python3.12/site-packages/airflow/example_dags/example_display_name.py
[2025-09-29T17:04:55.901+0000] {logging_mixin.py:188} INFO - [2025-09-29T17:04:55.901+0000] {dag.py:3089} INFO - Sync 1 DAGs
[2025-09-29T17:04:55.933+0000] {logging_mixin.py:188} INFO - [2025-09-29T17:04:55.932+0000] {dag.py:3947} INFO - Setting next_dagrun for example_display_name to None, run_after=None
[2025-09-29T17:04:55.983+0000] {processor.py:183} INFO - Processing /home/airflow/.local/lib/python3.12/site-packages/airflow/example_dags/example_display_name.py took 0.180 seconds
[2025-09-29T17:05:28.277+0000] {processor.py:161} INFO - Started process (PID=5294) to work on /home/airflow/.local/lib/python3.12/site-packages/airflow/example_dags/example_display_name.py
[2025-09-29T17:05:28.280+0000] {processor.py:830} INFO - Processing file /home/airflow/.local/lib/python3.12/site-packages/airflow/example_dags/example_display_name.py for tasks to queue
[2025-09-29T17:05:28.286+0000] {logging_mixin.py:188} INFO - [2025-09-29T17:05:28.285+0000] {dagbag.py:545} INFO - Filling up the DagBag from /home/airflow/.local/lib/python3.12/site-packages/airflow/example_dags/example_display_name.py
[2025-09-29T17:05:28.304+0000] {processor.py:840} INFO - DAG(s) 'example_display_name' retrieved from /home/airflow/.local/lib/python3.12/site-packages/airflow/example_dags/example_display_name.py
[2025-09-29T17:05:28.462+0000] {logging_mixin.py:188} INFO - [2025-09-29T17:05:28.461+0000] {dag.py:3089} INFO - Sync 1 DAGs
[2025-09-29T17:05:28.508+0000] {logging_mixin.py:188} INFO - [2025-09-29T17:05:28.508+0000] {dag.py:3947} INFO - Setting next_dagrun for example_display_name to None, run_after=None
[2025-09-29T17:05:28.611+0000] {processor.py:183} INFO - Processing /home/airflow/.local/lib/python3.12/site-packages/airflow/example_dags/example_display_name.py took 0.353 seconds
[2025-09-29T17:05:58.744+0000] {processor.py:161} INFO - Started process (PID=5536) to work on /home/airflow/.local/lib/python3.12/site-packages/airflow/example_dags/example_display_name.py
[2025-09-29T17:05:58.747+0000] {processor.py:830} INFO - Processing file /home/airflow/.local/lib/python3.12/site-packages/airflow/example_dags/example_display_name.py for tasks to queue
[2025-09-29T17:05:58.755+0000] {logging_mixin.py:188} INFO - [2025-09-29T17:05:58.753+0000] {dagbag.py:545} INFO - Filling up the DagBag from /home/airflow/.local/lib/python3.12/site-packages/airflow/example_dags/example_display_name.py
[2025-09-29T17:05:58.774+0000] {processor.py:840} INFO - DAG(s) 'example_display_name' retrieved from /home/airflow/.local/lib/python3.12/site-packages/airflow/example_dags/example_display_name.py
[2025-09-29T17:05:58.851+0000] {logging_mixin.py:188} INFO - [2025-09-29T17:05:58.850+0000] {dag.py:3089} INFO - Sync 1 DAGs
[2025-09-29T17:05:58.898+0000] {logging_mixin.py:188} INFO - [2025-09-29T17:05:58.897+0000] {dag.py:3947} INFO - Setting next_dagrun for example_display_name to None, run_after=None
[2025-09-29T17:05:58.977+0000] {processor.py:183} INFO - Processing /home/airflow/.local/lib/python3.12/site-packages/airflow/example_dags/example_display_name.py took 0.251 seconds
[2025-09-29T17:06:29.376+0000] {processor.py:161} INFO - Started process (PID=5798) to work on /home/airflow/.local/lib/python3.12/site-packages/airflow/example_dags/example_display_name.py
[2025-09-29T17:06:29.380+0000] {processor.py:830} INFO - Processing file /home/airflow/.local/lib/python3.12/site-packages/airflow/example_dags/example_display_name.py for tasks to queue
[2025-09-29T17:06:29.386+0000] {logging_mixin.py:188} INFO - [2025-09-29T17:06:29.385+0000] {dagbag.py:545} INFO - Filling up the DagBag from /home/airflow/.local/lib/python3.12/site-packages/airflow/example_dags/example_display_name.py
[2025-09-29T17:06:29.402+0000] {processor.py:840} INFO - DAG(s) 'example_display_name' retrieved from /home/airflow/.local/lib/python3.12/site-packages/airflow/example_dags/example_display_name.py
[2025-09-29T17:06:29.473+0000] {logging_mixin.py:188} INFO - [2025-09-29T17:06:29.472+0000] {dag.py:3089} INFO - Sync 1 DAGs
[2025-09-29T17:06:29.519+0000] {logging_mixin.py:188} INFO - [2025-09-29T17:06:29.518+0000] {dag.py:3947} INFO - Setting next_dagrun for example_display_name to None, run_after=None
[2025-09-29T17:06:29.595+0000] {processor.py:183} INFO - Processing /home/airflow/.local/lib/python3.12/site-packages/airflow/example_dags/example_display_name.py took 0.238 seconds
[2025-09-29T17:06:59.703+0000] {processor.py:161} INFO - Started process (PID=6057) to work on /home/airflow/.local/lib/python3.12/site-packages/airflow/example_dags/example_display_name.py
[2025-09-29T17:06:59.706+0000] {processor.py:830} INFO - Processing file /home/airflow/.local/lib/python3.12/site-packages/airflow/example_dags/example_display_name.py for tasks to queue
[2025-09-29T17:06:59.712+0000] {logging_mixin.py:188} INFO - [2025-09-29T17:06:59.711+0000] {dagbag.py:545} INFO - Filling up the DagBag from /home/airflow/.local/lib/python3.12/site-packages/airflow/example_dags/example_display_name.py
[2025-09-29T17:06:59.730+0000] {processor.py:840} INFO - DAG(s) 'example_display_name' retrieved from /home/airflow/.local/lib/python3.12/site-packages/airflow/example_dags/example_display_name.py
[2025-09-29T17:06:59.830+0000] {logging_mixin.py:188} INFO - [2025-09-29T17:06:59.829+0000] {dag.py:3089} INFO - Sync 1 DAGs
[2025-09-29T17:06:59.870+0000] {logging_mixin.py:188} INFO - [2025-09-29T17:06:59.870+0000] {dag.py:3947} INFO - Setting next_dagrun for example_display_name to None, run_after=None
[2025-09-29T17:06:59.935+0000] {processor.py:183} INFO - Processing /home/airflow/.local/lib/python3.12/site-packages/airflow/example_dags/example_display_name.py took 0.247 seconds
[2025-09-29T17:07:30.141+0000] {processor.py:161} INFO - Started process (PID=6322) to work on /home/airflow/.local/lib/python3.12/site-packages/airflow/example_dags/example_display_name.py
[2025-09-29T17:07:30.144+0000] {processor.py:830} INFO - Processing file /home/airflow/.local/lib/python3.12/site-packages/airflow/example_dags/example_display_name.py for tasks to queue
[2025-09-29T17:07:30.152+0000] {logging_mixin.py:188} INFO - [2025-09-29T17:07:30.150+0000] {dagbag.py:545} INFO - Filling up the DagBag from /home/airflow/.local/lib/python3.12/site-packages/airflow/example_dags/example_display_name.py
[2025-09-29T17:07:30.169+0000] {processor.py:840} INFO - DAG(s) 'example_display_name' retrieved from /home/airflow/.local/lib/python3.12/site-packages/airflow/example_dags/example_display_name.py
[2025-09-29T17:07:30.233+0000] {logging_mixin.py:188} INFO - [2025-09-29T17:07:30.232+0000] {dag.py:3089} INFO - Sync 1 DAGs
[2025-09-29T17:07:30.270+0000] {logging_mixin.py:188} INFO - [2025-09-29T17:07:30.269+0000] {dag.py:3947} INFO - Setting next_dagrun for example_display_name to None, run_after=None
[2025-09-29T17:07:30.324+0000] {processor.py:183} INFO - Processing /home/airflow/.local/lib/python3.12/site-packages/airflow/example_dags/example_display_name.py took 0.204 seconds
[2025-09-29T17:08:00.507+0000] {processor.py:161} INFO - Started process (PID=6584) to work on /home/airflow/.local/lib/python3.12/site-packages/airflow/example_dags/example_display_name.py
[2025-09-29T17:08:00.510+0000] {processor.py:830} INFO - Processing file /home/airflow/.local/lib/python3.12/site-packages/airflow/example_dags/example_display_name.py for tasks to queue
[2025-09-29T17:08:00.515+0000] {logging_mixin.py:188} INFO - [2025-09-29T17:08:00.514+0000] {dagbag.py:545} INFO - Filling up the DagBag from /home/airflow/.local/lib/python3.12/site-packages/airflow/example_dags/example_display_name.py
[2025-09-29T17:08:00.534+0000] {processor.py:840} INFO - DAG(s) 'example_display_name' retrieved from /home/airflow/.local/lib/python3.12/site-packages/airflow/example_dags/example_display_name.py
[2025-09-29T17:08:00.593+0000] {logging_mixin.py:188} INFO - [2025-09-29T17:08:00.593+0000] {dag.py:3089} INFO - Sync 1 DAGs
[2025-09-29T17:08:00.626+0000] {logging_mixin.py:188} INFO - [2025-09-29T17:08:00.625+0000] {dag.py:3947} INFO - Setting next_dagrun for example_display_name to None, run_after=None
[2025-09-29T17:08:00.679+0000] {processor.py:183} INFO - Processing /home/airflow/.local/lib/python3.12/site-packages/airflow/example_dags/example_display_name.py took 0.188 seconds
[2025-09-29T17:08:31.120+0000] {processor.py:161} INFO - Started process (PID=6846) to work on /home/airflow/.local/lib/python3.12/site-packages/airflow/example_dags/example_display_name.py
[2025-09-29T17:08:31.124+0000] {processor.py:830} INFO - Processing file /home/airflow/.local/lib/python3.12/site-packages/airflow/example_dags/example_display_name.py for tasks to queue
[2025-09-29T17:08:31.128+0000] {logging_mixin.py:188} INFO - [2025-09-29T17:08:31.128+0000] {dagbag.py:545} INFO - Filling up the DagBag from /home/airflow/.local/lib/python3.12/site-packages/airflow/example_dags/example_display_name.py
[2025-09-29T17:08:31.148+0000] {processor.py:840} INFO - DAG(s) 'example_display_name' retrieved from /home/airflow/.local/lib/python3.12/site-packages/airflow/example_dags/example_display_name.py
[2025-09-29T17:08:31.222+0000] {logging_mixin.py:188} INFO - [2025-09-29T17:08:31.221+0000] {dag.py:3089} INFO - Sync 1 DAGs
[2025-09-29T17:08:31.263+0000] {logging_mixin.py:188} INFO - [2025-09-29T17:08:31.262+0000] {dag.py:3947} INFO - Setting next_dagrun for example_display_name to None, run_after=None
[2025-09-29T17:08:31.323+0000] {processor.py:183} INFO - Processing /home/airflow/.local/lib/python3.12/site-packages/airflow/example_dags/example_display_name.py took 0.223 seconds
[2025-09-29T17:09:04.156+0000] {processor.py:161} INFO - Started process (PID=7103) to work on /home/airflow/.local/lib/python3.12/site-packages/airflow/example_dags/example_display_name.py
[2025-09-29T17:09:04.170+0000] {processor.py:830} INFO - Processing file /home/airflow/.local/lib/python3.12/site-packages/airflow/example_dags/example_display_name.py for tasks to queue
[2025-09-29T17:09:04.234+0000] {logging_mixin.py:188} INFO - [2025-09-29T17:09:04.225+0000] {dagbag.py:545} INFO - Filling up the DagBag from /home/airflow/.local/lib/python3.12/site-packages/airflow/example_dags/example_display_name.py
[2025-09-29T17:09:04.343+0000] {processor.py:840} INFO - DAG(s) 'example_display_name' retrieved from /home/airflow/.local/lib/python3.12/site-packages/airflow/example_dags/example_display_name.py
[2025-09-29T17:09:04.547+0000] {logging_mixin.py:188} INFO - [2025-09-29T17:09:04.546+0000] {dag.py:3089} INFO - Sync 1 DAGs
[2025-09-29T17:09:05.297+0000] {logging_mixin.py:188} INFO - [2025-09-29T17:09:05.297+0000] {dag.py:3947} INFO - Setting next_dagrun for example_display_name to None, run_after=None
[2025-09-29T17:09:05.401+0000] {processor.py:183} INFO - Processing /home/airflow/.local/lib/python3.12/site-packages/airflow/example_dags/example_display_name.py took 1.396 seconds
[2025-09-29T17:09:35.891+0000] {processor.py:161} INFO - Started process (PID=7365) to work on /home/airflow/.local/lib/python3.12/site-packages/airflow/example_dags/example_display_name.py
[2025-09-29T17:09:35.895+0000] {processor.py:830} INFO - Processing file /home/airflow/.local/lib/python3.12/site-packages/airflow/example_dags/example_display_name.py for tasks to queue
[2025-09-29T17:09:35.901+0000] {logging_mixin.py:188} INFO - [2025-09-29T17:09:35.900+0000] {dagbag.py:545} INFO - Filling up the DagBag from /home/airflow/.local/lib/python3.12/site-packages/airflow/example_dags/example_display_name.py
[2025-09-29T17:09:35.920+0000] {processor.py:840} INFO - DAG(s) 'example_display_name' retrieved from /home/airflow/.local/lib/python3.12/site-packages/airflow/example_dags/example_display_name.py
[2025-09-29T17:09:35.980+0000] {logging_mixin.py:188} INFO - [2025-09-29T17:09:35.979+0000] {dag.py:3089} INFO - Sync 1 DAGs
[2025-09-29T17:09:36.011+0000] {logging_mixin.py:188} INFO - [2025-09-29T17:09:36.011+0000] {dag.py:3947} INFO - Setting next_dagrun for example_display_name to None, run_after=None
[2025-09-29T17:09:36.063+0000] {processor.py:183} INFO - Processing /home/airflow/.local/lib/python3.12/site-packages/airflow/example_dags/example_display_name.py took 0.189 seconds
[2025-09-29T17:10:06.207+0000] {processor.py:161} INFO - Started process (PID=7624) to work on /home/airflow/.local/lib/python3.12/site-packages/airflow/example_dags/example_display_name.py
[2025-09-29T17:10:06.211+0000] {processor.py:830} INFO - Processing file /home/airflow/.local/lib/python3.12/site-packages/airflow/example_dags/example_display_name.py for tasks to queue
[2025-09-29T17:10:06.216+0000] {logging_mixin.py:188} INFO - [2025-09-29T17:10:06.215+0000] {dagbag.py:545} INFO - Filling up the DagBag from /home/airflow/.local/lib/python3.12/site-packages/airflow/example_dags/example_display_name.py
[2025-09-29T17:10:06.233+0000] {processor.py:840} INFO - DAG(s) 'example_display_name' retrieved from /home/airflow/.local/lib/python3.12/site-packages/airflow/example_dags/example_display_name.py
[2025-09-29T17:10:06.296+0000] {logging_mixin.py:188} INFO - [2025-09-29T17:10:06.295+0000] {dag.py:3089} INFO - Sync 1 DAGs
[2025-09-29T17:10:06.329+0000] {logging_mixin.py:188} INFO - [2025-09-29T17:10:06.328+0000] {dag.py:3947} INFO - Setting next_dagrun for example_display_name to None, run_after=None
[2025-09-29T17:10:06.379+0000] {processor.py:183} INFO - Processing /home/airflow/.local/lib/python3.12/site-packages/airflow/example_dags/example_display_name.py took 0.189 seconds
[2025-09-29T17:10:38.171+0000] {processor.py:161} INFO - Started process (PID=7879) to work on /home/airflow/.local/lib/python3.12/site-packages/airflow/example_dags/example_display_name.py
[2025-09-29T17:10:38.174+0000] {processor.py:830} INFO - Processing file /home/airflow/.local/lib/python3.12/site-packages/airflow/example_dags/example_display_name.py for tasks to queue
[2025-09-29T17:10:38.181+0000] {logging_mixin.py:188} INFO - [2025-09-29T17:10:38.179+0000] {dagbag.py:545} INFO - Filling up the DagBag from /home/airflow/.local/lib/python3.12/site-packages/airflow/example_dags/example_display_name.py
[2025-09-29T17:10:38.200+0000] {processor.py:840} INFO - DAG(s) 'example_display_name' retrieved from /home/airflow/.local/lib/python3.12/site-packages/airflow/example_dags/example_display_name.py
[2025-09-29T17:10:38.264+0000] {logging_mixin.py:188} INFO - [2025-09-29T17:10:38.264+0000] {dag.py:3089} INFO - Sync 1 DAGs
[2025-09-29T17:10:38.327+0000] {logging_mixin.py:188} INFO - [2025-09-29T17:10:38.326+0000] {dag.py:3947} INFO - Setting next_dagrun for example_display_name to None, run_after=None
[2025-09-29T17:10:38.395+0000] {processor.py:183} INFO - Processing /home/airflow/.local/lib/python3.12/site-packages/airflow/example_dags/example_display_name.py took 0.244 seconds
[2025-09-29T17:11:09.514+0000] {processor.py:161} INFO - Started process (PID=8141) to work on /home/airflow/.local/lib/python3.12/site-packages/airflow/example_dags/example_display_name.py
[2025-09-29T17:11:09.517+0000] {processor.py:830} INFO - Processing file /home/airflow/.local/lib/python3.12/site-packages/airflow/example_dags/example_display_name.py for tasks to queue
[2025-09-29T17:11:09.522+0000] {logging_mixin.py:188} INFO - [2025-09-29T17:11:09.521+0000] {dagbag.py:545} INFO - Filling up the DagBag from /home/airflow/.local/lib/python3.12/site-packages/airflow/example_dags/example_display_name.py
[2025-09-29T17:11:09.539+0000] {processor.py:840} INFO - DAG(s) 'example_display_name' retrieved from /home/airflow/.local/lib/python3.12/site-packages/airflow/example_dags/example_display_name.py
[2025-09-29T17:11:09.593+0000] {logging_mixin.py:188} INFO - [2025-09-29T17:11:09.593+0000] {dag.py:3089} INFO - Sync 1 DAGs
[2025-09-29T17:11:09.625+0000] {logging_mixin.py:188} INFO - [2025-09-29T17:11:09.625+0000] {dag.py:3947} INFO - Setting next_dagrun for example_display_name to None, run_after=None
[2025-09-29T17:11:09.675+0000] {processor.py:183} INFO - Processing /home/airflow/.local/lib/python3.12/site-packages/airflow/example_dags/example_display_name.py took 0.178 seconds
[2025-09-29T17:11:40.269+0000] {processor.py:161} INFO - Started process (PID=8401) to work on /home/airflow/.local/lib/python3.12/site-packages/airflow/example_dags/example_display_name.py
[2025-09-29T17:11:40.271+0000] {processor.py:830} INFO - Processing file /home/airflow/.local/lib/python3.12/site-packages/airflow/example_dags/example_display_name.py for tasks to queue
[2025-09-29T17:11:40.277+0000] {logging_mixin.py:188} INFO - [2025-09-29T17:11:40.276+0000] {dagbag.py:545} INFO - Filling up the DagBag from /home/airflow/.local/lib/python3.12/site-packages/airflow/example_dags/example_display_name.py
[2025-09-29T17:11:40.297+0000] {processor.py:840} INFO - DAG(s) 'example_display_name' retrieved from /home/airflow/.local/lib/python3.12/site-packages/airflow/example_dags/example_display_name.py
[2025-09-29T17:11:40.358+0000] {logging_mixin.py:188} INFO - [2025-09-29T17:11:40.358+0000] {dag.py:3089} INFO - Sync 1 DAGs
[2025-09-29T17:11:40.390+0000] {logging_mixin.py:188} INFO - [2025-09-29T17:11:40.389+0000] {dag.py:3947} INFO - Setting next_dagrun for example_display_name to None, run_after=None
[2025-09-29T17:11:40.440+0000] {processor.py:183} INFO - Processing /home/airflow/.local/lib/python3.12/site-packages/airflow/example_dags/example_display_name.py took 0.189 seconds
[2025-09-29T17:12:12.629+0000] {processor.py:161} INFO - Started process (PID=8678) to work on /home/airflow/.local/lib/python3.12/site-packages/airflow/example_dags/example_display_name.py
[2025-09-29T17:12:12.632+0000] {processor.py:830} INFO - Processing file /home/airflow/.local/lib/python3.12/site-packages/airflow/example_dags/example_display_name.py for tasks to queue
[2025-09-29T17:12:12.640+0000] {logging_mixin.py:188} INFO - [2025-09-29T17:12:12.638+0000] {dagbag.py:545} INFO - Filling up the DagBag from /home/airflow/.local/lib/python3.12/site-packages/airflow/example_dags/example_display_name.py
[2025-09-29T17:12:12.664+0000] {processor.py:840} INFO - DAG(s) 'example_display_name' retrieved from /home/airflow/.local/lib/python3.12/site-packages/airflow/example_dags/example_display_name.py
[2025-09-29T17:12:12.743+0000] {logging_mixin.py:188} INFO - [2025-09-29T17:12:12.742+0000] {dag.py:3089} INFO - Sync 1 DAGs
[2025-09-29T17:12:12.787+0000] {logging_mixin.py:188} INFO - [2025-09-29T17:12:12.787+0000] {dag.py:3947} INFO - Setting next_dagrun for example_display_name to None, run_after=None
[2025-09-29T17:12:12.859+0000] {processor.py:183} INFO - Processing /home/airflow/.local/lib/python3.12/site-packages/airflow/example_dags/example_display_name.py took 0.251 seconds
[2025-09-29T17:12:47.642+0000] {processor.py:161} INFO - Started process (PID=8947) to work on /home/airflow/.local/lib/python3.12/site-packages/airflow/example_dags/example_display_name.py
[2025-09-29T17:12:47.646+0000] {processor.py:830} INFO - Processing file /home/airflow/.local/lib/python3.12/site-packages/airflow/example_dags/example_display_name.py for tasks to queue
[2025-09-29T17:12:47.651+0000] {logging_mixin.py:188} INFO - [2025-09-29T17:12:47.650+0000] {dagbag.py:545} INFO - Filling up the DagBag from /home/airflow/.local/lib/python3.12/site-packages/airflow/example_dags/example_display_name.py
[2025-09-29T17:12:47.669+0000] {processor.py:840} INFO - DAG(s) 'example_display_name' retrieved from /home/airflow/.local/lib/python3.12/site-packages/airflow/example_dags/example_display_name.py
[2025-09-29T17:12:47.730+0000] {logging_mixin.py:188} INFO - [2025-09-29T17:12:47.730+0000] {dag.py:3089} INFO - Sync 1 DAGs
[2025-09-29T17:12:47.764+0000] {logging_mixin.py:188} INFO - [2025-09-29T17:12:47.763+0000] {dag.py:3947} INFO - Setting next_dagrun for example_display_name to None, run_after=None
[2025-09-29T17:12:47.820+0000] {processor.py:183} INFO - Processing /home/airflow/.local/lib/python3.12/site-packages/airflow/example_dags/example_display_name.py took 0.195 seconds
[2025-09-29T17:13:18.247+0000] {processor.py:161} INFO - Started process (PID=9209) to work on /home/airflow/.local/lib/python3.12/site-packages/airflow/example_dags/example_display_name.py
[2025-09-29T17:13:18.251+0000] {processor.py:830} INFO - Processing file /home/airflow/.local/lib/python3.12/site-packages/airflow/example_dags/example_display_name.py for tasks to queue
[2025-09-29T17:13:18.257+0000] {logging_mixin.py:188} INFO - [2025-09-29T17:13:18.256+0000] {dagbag.py:545} INFO - Filling up the DagBag from /home/airflow/.local/lib/python3.12/site-packages/airflow/example_dags/example_display_name.py
[2025-09-29T17:13:18.276+0000] {processor.py:840} INFO - DAG(s) 'example_display_name' retrieved from /home/airflow/.local/lib/python3.12/site-packages/airflow/example_dags/example_display_name.py
[2025-09-29T17:13:18.343+0000] {logging_mixin.py:188} INFO - [2025-09-29T17:13:18.343+0000] {dag.py:3089} INFO - Sync 1 DAGs
[2025-09-29T17:13:18.378+0000] {logging_mixin.py:188} INFO - [2025-09-29T17:13:18.377+0000] {dag.py:3947} INFO - Setting next_dagrun for example_display_name to None, run_after=None
[2025-09-29T17:13:18.431+0000] {processor.py:183} INFO - Processing /home/airflow/.local/lib/python3.12/site-packages/airflow/example_dags/example_display_name.py took 0.204 seconds
[2025-09-29T17:13:49.191+0000] {processor.py:161} INFO - Started process (PID=9466) to work on /home/airflow/.local/lib/python3.12/site-packages/airflow/example_dags/example_display_name.py
[2025-09-29T17:13:49.194+0000] {processor.py:830} INFO - Processing file /home/airflow/.local/lib/python3.12/site-packages/airflow/example_dags/example_display_name.py for tasks to queue
[2025-09-29T17:13:49.200+0000] {logging_mixin.py:188} INFO - [2025-09-29T17:13:49.199+0000] {dagbag.py:545} INFO - Filling up the DagBag from /home/airflow/.local/lib/python3.12/site-packages/airflow/example_dags/example_display_name.py
[2025-09-29T17:13:49.221+0000] {processor.py:840} INFO - DAG(s) 'example_display_name' retrieved from /home/airflow/.local/lib/python3.12/site-packages/airflow/example_dags/example_display_name.py
[2025-09-29T17:13:49.285+0000] {logging_mixin.py:188} INFO - [2025-09-29T17:13:49.284+0000] {dag.py:3089} INFO - Sync 1 DAGs
[2025-09-29T17:13:49.323+0000] {logging_mixin.py:188} INFO - [2025-09-29T17:13:49.322+0000] {dag.py:3947} INFO - Setting next_dagrun for example_display_name to None, run_after=None
[2025-09-29T17:13:49.379+0000] {processor.py:183} INFO - Processing /home/airflow/.local/lib/python3.12/site-packages/airflow/example_dags/example_display_name.py took 0.206 seconds
[2025-09-29T17:14:21.162+0000] {processor.py:161} INFO - Started process (PID=9726) to work on /home/airflow/.local/lib/python3.12/site-packages/airflow/example_dags/example_display_name.py
[2025-09-29T17:14:21.165+0000] {processor.py:830} INFO - Processing file /home/airflow/.local/lib/python3.12/site-packages/airflow/example_dags/example_display_name.py for tasks to queue
[2025-09-29T17:14:21.171+0000] {logging_mixin.py:188} INFO - [2025-09-29T17:14:21.170+0000] {dagbag.py:545} INFO - Filling up the DagBag from /home/airflow/.local/lib/python3.12/site-packages/airflow/example_dags/example_display_name.py
[2025-09-29T17:14:21.188+0000] {processor.py:840} INFO - DAG(s) 'example_display_name' retrieved from /home/airflow/.local/lib/python3.12/site-packages/airflow/example_dags/example_display_name.py
[2025-09-29T17:14:21.249+0000] {logging_mixin.py:188} INFO - [2025-09-29T17:14:21.248+0000] {dag.py:3089} INFO - Sync 1 DAGs
[2025-09-29T17:14:21.282+0000] {logging_mixin.py:188} INFO - [2025-09-29T17:14:21.282+0000] {dag.py:3947} INFO - Setting next_dagrun for example_display_name to None, run_after=None
[2025-09-29T17:14:21.341+0000] {processor.py:183} INFO - Processing /home/airflow/.local/lib/python3.12/site-packages/airflow/example_dags/example_display_name.py took 0.197 seconds
[2025-09-29T17:14:51.557+0000] {processor.py:161} INFO - Started process (PID=9988) to work on /home/airflow/.local/lib/python3.12/site-packages/airflow/example_dags/example_display_name.py
[2025-09-29T17:14:51.560+0000] {processor.py:830} INFO - Processing file /home/airflow/.local/lib/python3.12/site-packages/airflow/example_dags/example_display_name.py for tasks to queue
[2025-09-29T17:14:51.566+0000] {logging_mixin.py:188} INFO - [2025-09-29T17:14:51.566+0000] {dagbag.py:545} INFO - Filling up the DagBag from /home/airflow/.local/lib/python3.12/site-packages/airflow/example_dags/example_display_name.py
[2025-09-29T17:14:51.584+0000] {processor.py:840} INFO - DAG(s) 'example_display_name' retrieved from /home/airflow/.local/lib/python3.12/site-packages/airflow/example_dags/example_display_name.py
[2025-09-29T17:14:51.646+0000] {logging_mixin.py:188} INFO - [2025-09-29T17:14:51.645+0000] {dag.py:3089} INFO - Sync 1 DAGs
[2025-09-29T17:14:51.683+0000] {logging_mixin.py:188} INFO - [2025-09-29T17:14:51.682+0000] {dag.py:3947} INFO - Setting next_dagrun for example_display_name to None, run_after=None
[2025-09-29T17:14:51.738+0000] {processor.py:183} INFO - Processing /home/airflow/.local/lib/python3.12/site-packages/airflow/example_dags/example_display_name.py took 0.204 seconds
[2025-09-29T17:15:25.252+0000] {processor.py:161} INFO - Started process (PID=10232) to work on /home/airflow/.local/lib/python3.12/site-packages/airflow/example_dags/example_display_name.py
[2025-09-29T17:15:25.255+0000] {processor.py:830} INFO - Processing file /home/airflow/.local/lib/python3.12/site-packages/airflow/example_dags/example_display_name.py for tasks to queue
[2025-09-29T17:15:25.269+0000] {logging_mixin.py:188} INFO - [2025-09-29T17:15:25.262+0000] {dagbag.py:545} INFO - Filling up the DagBag from /home/airflow/.local/lib/python3.12/site-packages/airflow/example_dags/example_display_name.py
[2025-09-29T17:15:25.304+0000] {processor.py:840} INFO - DAG(s) 'example_display_name' retrieved from /home/airflow/.local/lib/python3.12/site-packages/airflow/example_dags/example_display_name.py
[2025-09-29T17:15:25.410+0000] {logging_mixin.py:188} INFO - [2025-09-29T17:15:25.410+0000] {dag.py:3089} INFO - Sync 1 DAGs
[2025-09-29T17:15:25.451+0000] {logging_mixin.py:188} INFO - [2025-09-29T17:15:25.451+0000] {dag.py:3947} INFO - Setting next_dagrun for example_display_name to None, run_after=None
[2025-09-29T17:15:25.527+0000] {processor.py:183} INFO - Processing /home/airflow/.local/lib/python3.12/site-packages/airflow/example_dags/example_display_name.py took 0.303 seconds
[2025-09-29T17:15:54.981+0000] {processor.py:161} INFO - Started process (PID=10482) to work on /home/airflow/.local/lib/python3.12/site-packages/airflow/example_dags/example_display_name.py
[2025-09-29T17:15:54.984+0000] {processor.py:830} INFO - Processing file /home/airflow/.local/lib/python3.12/site-packages/airflow/example_dags/example_display_name.py for tasks to queue
[2025-09-29T17:15:54.990+0000] {logging_mixin.py:188} INFO - [2025-09-29T17:15:54.989+0000] {dagbag.py:545} INFO - Filling up the DagBag from /home/airflow/.local/lib/python3.12/site-packages/airflow/example_dags/example_display_name.py
[2025-09-29T17:15:55.010+0000] {processor.py:840} INFO - DAG(s) 'example_display_name' retrieved from /home/airflow/.local/lib/python3.12/site-packages/airflow/example_dags/example_display_name.py
[2025-09-29T17:15:55.074+0000] {logging_mixin.py:188} INFO - [2025-09-29T17:15:55.074+0000] {dag.py:3089} INFO - Sync 1 DAGs
[2025-09-29T17:15:55.107+0000] {logging_mixin.py:188} INFO - [2025-09-29T17:15:55.107+0000] {dag.py:3947} INFO - Setting next_dagrun for example_display_name to None, run_after=None
[2025-09-29T17:15:55.164+0000] {processor.py:183} INFO - Processing /home/airflow/.local/lib/python3.12/site-packages/airflow/example_dags/example_display_name.py took 0.205 seconds
[2025-09-29T17:16:25.902+0000] {processor.py:161} INFO - Started process (PID=10733) to work on /home/airflow/.local/lib/python3.12/site-packages/airflow/example_dags/example_display_name.py
[2025-09-29T17:16:25.905+0000] {processor.py:830} INFO - Processing file /home/airflow/.local/lib/python3.12/site-packages/airflow/example_dags/example_display_name.py for tasks to queue
[2025-09-29T17:16:25.911+0000] {logging_mixin.py:188} INFO - [2025-09-29T17:16:25.910+0000] {dagbag.py:545} INFO - Filling up the DagBag from /home/airflow/.local/lib/python3.12/site-packages/airflow/example_dags/example_display_name.py
[2025-09-29T17:16:25.928+0000] {processor.py:840} INFO - DAG(s) 'example_display_name' retrieved from /home/airflow/.local/lib/python3.12/site-packages/airflow/example_dags/example_display_name.py
[2025-09-29T17:16:25.989+0000] {logging_mixin.py:188} INFO - [2025-09-29T17:16:25.988+0000] {dag.py:3089} INFO - Sync 1 DAGs
[2025-09-29T17:16:26.023+0000] {logging_mixin.py:188} INFO - [2025-09-29T17:16:26.022+0000] {dag.py:3947} INFO - Setting next_dagrun for example_display_name to None, run_after=None
[2025-09-29T17:16:26.471+0000] {processor.py:183} INFO - Processing /home/airflow/.local/lib/python3.12/site-packages/airflow/example_dags/example_display_name.py took 0.586 seconds
[2025-09-29T17:16:57.619+0000] {processor.py:161} INFO - Started process (PID=10995) to work on /home/airflow/.local/lib/python3.12/site-packages/airflow/example_dags/example_display_name.py
[2025-09-29T17:16:57.635+0000] {processor.py:830} INFO - Processing file /home/airflow/.local/lib/python3.12/site-packages/airflow/example_dags/example_display_name.py for tasks to queue
[2025-09-29T17:16:57.663+0000] {logging_mixin.py:188} INFO - [2025-09-29T17:16:57.660+0000] {dagbag.py:545} INFO - Filling up the DagBag from /home/airflow/.local/lib/python3.12/site-packages/airflow/example_dags/example_display_name.py
[2025-09-29T17:16:57.709+0000] {processor.py:840} INFO - DAG(s) 'example_display_name' retrieved from /home/airflow/.local/lib/python3.12/site-packages/airflow/example_dags/example_display_name.py
[2025-09-29T17:16:57.910+0000] {logging_mixin.py:188} INFO - [2025-09-29T17:16:57.909+0000] {dag.py:3089} INFO - Sync 1 DAGs
[2025-09-29T17:16:58.107+0000] {logging_mixin.py:188} INFO - [2025-09-29T17:16:58.106+0000] {dag.py:3947} INFO - Setting next_dagrun for example_display_name to None, run_after=None
[2025-09-29T17:16:58.318+0000] {processor.py:183} INFO - Processing /home/airflow/.local/lib/python3.12/site-packages/airflow/example_dags/example_display_name.py took 0.726 seconds
