[2025-09-29T15:33:26.013+0000] {processor.py:161} INFO - Started process (PID=429) to work on /home/airflow/.local/lib/python3.12/site-packages/airflow/example_dags/example_sensors.py
[2025-09-29T15:33:26.015+0000] {processor.py:830} INFO - Processing file /home/airflow/.local/lib/python3.12/site-packages/airflow/example_dags/example_sensors.py for tasks to queue
[2025-09-29T15:33:26.019+0000] {logging_mixin.py:188} INFO - [2025-09-29T15:33:26.019+0000] {dagbag.py:545} INFO - Filling up the DagBag from /home/airflow/.local/lib/python3.12/site-packages/airflow/example_dags/example_sensors.py
[2025-09-29T15:33:26.040+0000] {processor.py:840} INFO - DAG(s) 'example_sensors' retrieved from /home/airflow/.local/lib/python3.12/site-packages/airflow/example_dags/example_sensors.py
[2025-09-29T15:33:26.076+0000] {logging_mixin.py:188} INFO - [2025-09-29T15:33:26.076+0000] {dag.py:3089} INFO - Sync 1 DAGs
[2025-09-29T15:33:26.107+0000] {logging_mixin.py:188} INFO - [2025-09-29T15:33:26.106+0000] {dag.py:3947} INFO - Setting next_dagrun for example_sensors to None, run_after=None
[2025-09-29T15:33:26.156+0000] {processor.py:183} INFO - Processing /home/airflow/.local/lib/python3.12/site-packages/airflow/example_dags/example_sensors.py took 0.156 seconds
[2025-09-29T15:34:02.515+0000] {processor.py:161} INFO - Started process (PID=693) to work on /home/airflow/.local/lib/python3.12/site-packages/airflow/example_dags/example_sensors.py
[2025-09-29T15:34:02.517+0000] {processor.py:830} INFO - Processing file /home/airflow/.local/lib/python3.12/site-packages/airflow/example_dags/example_sensors.py for tasks to queue
[2025-09-29T15:34:02.522+0000] {logging_mixin.py:188} INFO - [2025-09-29T15:34:02.521+0000] {dagbag.py:545} INFO - Filling up the DagBag from /home/airflow/.local/lib/python3.12/site-packages/airflow/example_dags/example_sensors.py
[2025-09-29T15:34:02.545+0000] {processor.py:840} INFO - DAG(s) 'example_sensors' retrieved from /home/airflow/.local/lib/python3.12/site-packages/airflow/example_dags/example_sensors.py
[2025-09-29T15:34:02.846+0000] {logging_mixin.py:188} INFO - [2025-09-29T15:34:02.846+0000] {dag.py:3089} INFO - Sync 1 DAGs
[2025-09-29T15:34:02.869+0000] {logging_mixin.py:188} INFO - [2025-09-29T15:34:02.868+0000] {dag.py:3947} INFO - Setting next_dagrun for example_sensors to None, run_after=None
[2025-09-29T15:34:02.922+0000] {processor.py:183} INFO - Processing /home/airflow/.local/lib/python3.12/site-packages/airflow/example_dags/example_sensors.py took 0.422 seconds
[2025-09-29T15:34:33.652+0000] {processor.py:161} INFO - Started process (PID=964) to work on /home/airflow/.local/lib/python3.12/site-packages/airflow/example_dags/example_sensors.py
[2025-09-29T15:34:33.655+0000] {processor.py:830} INFO - Processing file /home/airflow/.local/lib/python3.12/site-packages/airflow/example_dags/example_sensors.py for tasks to queue
[2025-09-29T15:34:33.661+0000] {logging_mixin.py:188} INFO - [2025-09-29T15:34:33.660+0000] {dagbag.py:545} INFO - Filling up the DagBag from /home/airflow/.local/lib/python3.12/site-packages/airflow/example_dags/example_sensors.py
[2025-09-29T15:34:33.694+0000] {processor.py:840} INFO - DAG(s) 'example_sensors' retrieved from /home/airflow/.local/lib/python3.12/site-packages/airflow/example_dags/example_sensors.py
[2025-09-29T15:34:33.791+0000] {logging_mixin.py:188} INFO - [2025-09-29T15:34:33.791+0000] {dag.py:3089} INFO - Sync 1 DAGs
[2025-09-29T15:34:33.828+0000] {logging_mixin.py:188} INFO - [2025-09-29T15:34:33.827+0000] {dag.py:3947} INFO - Setting next_dagrun for example_sensors to None, run_after=None
[2025-09-29T15:34:33.890+0000] {processor.py:183} INFO - Processing /home/airflow/.local/lib/python3.12/site-packages/airflow/example_dags/example_sensors.py took 0.257 seconds
[2025-09-29T15:35:04.989+0000] {processor.py:161} INFO - Started process (PID=1226) to work on /home/airflow/.local/lib/python3.12/site-packages/airflow/example_dags/example_sensors.py
[2025-09-29T15:35:04.992+0000] {processor.py:830} INFO - Processing file /home/airflow/.local/lib/python3.12/site-packages/airflow/example_dags/example_sensors.py for tasks to queue
[2025-09-29T15:35:04.996+0000] {logging_mixin.py:188} INFO - [2025-09-29T15:35:04.996+0000] {dagbag.py:545} INFO - Filling up the DagBag from /home/airflow/.local/lib/python3.12/site-packages/airflow/example_dags/example_sensors.py
[2025-09-29T15:35:05.024+0000] {processor.py:840} INFO - DAG(s) 'example_sensors' retrieved from /home/airflow/.local/lib/python3.12/site-packages/airflow/example_dags/example_sensors.py
[2025-09-29T15:35:05.102+0000] {logging_mixin.py:188} INFO - [2025-09-29T15:35:05.102+0000] {dag.py:3089} INFO - Sync 1 DAGs
[2025-09-29T15:35:05.140+0000] {logging_mixin.py:188} INFO - [2025-09-29T15:35:05.139+0000] {dag.py:3947} INFO - Setting next_dagrun for example_sensors to None, run_after=None
[2025-09-29T15:35:05.192+0000] {processor.py:183} INFO - Processing /home/airflow/.local/lib/python3.12/site-packages/airflow/example_dags/example_sensors.py took 0.221 seconds
[2025-09-29T15:35:35.994+0000] {processor.py:161} INFO - Started process (PID=1489) to work on /home/airflow/.local/lib/python3.12/site-packages/airflow/example_dags/example_sensors.py
[2025-09-29T15:35:35.996+0000] {processor.py:830} INFO - Processing file /home/airflow/.local/lib/python3.12/site-packages/airflow/example_dags/example_sensors.py for tasks to queue
[2025-09-29T15:35:36.001+0000] {logging_mixin.py:188} INFO - [2025-09-29T15:35:36.000+0000] {dagbag.py:545} INFO - Filling up the DagBag from /home/airflow/.local/lib/python3.12/site-packages/airflow/example_dags/example_sensors.py
[2025-09-29T15:35:36.022+0000] {processor.py:840} INFO - DAG(s) 'example_sensors' retrieved from /home/airflow/.local/lib/python3.12/site-packages/airflow/example_dags/example_sensors.py
[2025-09-29T15:35:36.115+0000] {logging_mixin.py:188} INFO - [2025-09-29T15:35:36.115+0000] {dag.py:3089} INFO - Sync 1 DAGs
[2025-09-29T15:35:36.145+0000] {logging_mixin.py:188} INFO - [2025-09-29T15:35:36.144+0000] {dag.py:3947} INFO - Setting next_dagrun for example_sensors to None, run_after=None
[2025-09-29T15:35:36.190+0000] {processor.py:183} INFO - Processing /home/airflow/.local/lib/python3.12/site-packages/airflow/example_dags/example_sensors.py took 0.224 seconds
[2025-09-29T15:36:06.583+0000] {processor.py:161} INFO - Started process (PID=1751) to work on /home/airflow/.local/lib/python3.12/site-packages/airflow/example_dags/example_sensors.py
[2025-09-29T15:36:06.586+0000] {processor.py:830} INFO - Processing file /home/airflow/.local/lib/python3.12/site-packages/airflow/example_dags/example_sensors.py for tasks to queue
[2025-09-29T15:36:06.591+0000] {logging_mixin.py:188} INFO - [2025-09-29T15:36:06.590+0000] {dagbag.py:545} INFO - Filling up the DagBag from /home/airflow/.local/lib/python3.12/site-packages/airflow/example_dags/example_sensors.py
[2025-09-29T15:36:06.612+0000] {processor.py:840} INFO - DAG(s) 'example_sensors' retrieved from /home/airflow/.local/lib/python3.12/site-packages/airflow/example_dags/example_sensors.py
[2025-09-29T15:36:06.680+0000] {logging_mixin.py:188} INFO - [2025-09-29T15:36:06.680+0000] {dag.py:3089} INFO - Sync 1 DAGs
[2025-09-29T15:36:06.711+0000] {logging_mixin.py:188} INFO - [2025-09-29T15:36:06.710+0000] {dag.py:3947} INFO - Setting next_dagrun for example_sensors to None, run_after=None
[2025-09-29T15:36:06.766+0000] {processor.py:183} INFO - Processing /home/airflow/.local/lib/python3.12/site-packages/airflow/example_dags/example_sensors.py took 0.201 seconds
[2025-09-29T15:36:38.218+0000] {processor.py:161} INFO - Started process (PID=2013) to work on /home/airflow/.local/lib/python3.12/site-packages/airflow/example_dags/example_sensors.py
[2025-09-29T15:36:38.227+0000] {processor.py:830} INFO - Processing file /home/airflow/.local/lib/python3.12/site-packages/airflow/example_dags/example_sensors.py for tasks to queue
[2025-09-29T15:36:38.249+0000] {logging_mixin.py:188} INFO - [2025-09-29T15:36:38.245+0000] {dagbag.py:545} INFO - Filling up the DagBag from /home/airflow/.local/lib/python3.12/site-packages/airflow/example_dags/example_sensors.py
[2025-09-29T15:36:38.310+0000] {processor.py:840} INFO - DAG(s) 'example_sensors' retrieved from /home/airflow/.local/lib/python3.12/site-packages/airflow/example_dags/example_sensors.py
[2025-09-29T15:36:38.749+0000] {logging_mixin.py:188} INFO - [2025-09-29T15:36:38.748+0000] {dag.py:3089} INFO - Sync 1 DAGs
[2025-09-29T15:36:38.948+0000] {logging_mixin.py:188} INFO - [2025-09-29T15:36:38.948+0000] {dag.py:3947} INFO - Setting next_dagrun for example_sensors to None, run_after=None
[2025-09-29T15:36:39.570+0000] {processor.py:183} INFO - Processing /home/airflow/.local/lib/python3.12/site-packages/airflow/example_dags/example_sensors.py took 1.416 seconds
[2025-09-29T15:37:10.164+0000] {processor.py:161} INFO - Started process (PID=2275) to work on /home/airflow/.local/lib/python3.12/site-packages/airflow/example_dags/example_sensors.py
[2025-09-29T15:37:10.167+0000] {processor.py:830} INFO - Processing file /home/airflow/.local/lib/python3.12/site-packages/airflow/example_dags/example_sensors.py for tasks to queue
[2025-09-29T15:37:10.172+0000] {logging_mixin.py:188} INFO - [2025-09-29T15:37:10.171+0000] {dagbag.py:545} INFO - Filling up the DagBag from /home/airflow/.local/lib/python3.12/site-packages/airflow/example_dags/example_sensors.py
[2025-09-29T15:37:10.198+0000] {processor.py:840} INFO - DAG(s) 'example_sensors' retrieved from /home/airflow/.local/lib/python3.12/site-packages/airflow/example_dags/example_sensors.py
[2025-09-29T15:37:10.292+0000] {logging_mixin.py:188} INFO - [2025-09-29T15:37:10.292+0000] {dag.py:3089} INFO - Sync 1 DAGs
[2025-09-29T15:37:10.327+0000] {logging_mixin.py:188} INFO - [2025-09-29T15:37:10.326+0000] {dag.py:3947} INFO - Setting next_dagrun for example_sensors to None, run_after=None
[2025-09-29T15:37:10.374+0000] {processor.py:183} INFO - Processing /home/airflow/.local/lib/python3.12/site-packages/airflow/example_dags/example_sensors.py took 0.229 seconds
[2025-09-29T15:37:41.031+0000] {processor.py:161} INFO - Started process (PID=2537) to work on /home/airflow/.local/lib/python3.12/site-packages/airflow/example_dags/example_sensors.py
[2025-09-29T15:37:41.034+0000] {processor.py:830} INFO - Processing file /home/airflow/.local/lib/python3.12/site-packages/airflow/example_dags/example_sensors.py for tasks to queue
[2025-09-29T15:37:41.040+0000] {logging_mixin.py:188} INFO - [2025-09-29T15:37:41.039+0000] {dagbag.py:545} INFO - Filling up the DagBag from /home/airflow/.local/lib/python3.12/site-packages/airflow/example_dags/example_sensors.py
[2025-09-29T15:37:41.063+0000] {processor.py:840} INFO - DAG(s) 'example_sensors' retrieved from /home/airflow/.local/lib/python3.12/site-packages/airflow/example_dags/example_sensors.py
[2025-09-29T15:37:41.143+0000] {logging_mixin.py:188} INFO - [2025-09-29T15:37:41.142+0000] {dag.py:3089} INFO - Sync 1 DAGs
[2025-09-29T15:37:41.177+0000] {logging_mixin.py:188} INFO - [2025-09-29T15:37:41.176+0000] {dag.py:3947} INFO - Setting next_dagrun for example_sensors to None, run_after=None
[2025-09-29T15:37:41.229+0000] {processor.py:183} INFO - Processing /home/airflow/.local/lib/python3.12/site-packages/airflow/example_dags/example_sensors.py took 0.215 seconds
[2025-09-29T15:38:11.972+0000] {processor.py:161} INFO - Started process (PID=2799) to work on /home/airflow/.local/lib/python3.12/site-packages/airflow/example_dags/example_sensors.py
[2025-09-29T15:38:11.974+0000] {processor.py:830} INFO - Processing file /home/airflow/.local/lib/python3.12/site-packages/airflow/example_dags/example_sensors.py for tasks to queue
[2025-09-29T15:38:11.979+0000] {logging_mixin.py:188} INFO - [2025-09-29T15:38:11.978+0000] {dagbag.py:545} INFO - Filling up the DagBag from /home/airflow/.local/lib/python3.12/site-packages/airflow/example_dags/example_sensors.py
[2025-09-29T15:38:12.002+0000] {processor.py:840} INFO - DAG(s) 'example_sensors' retrieved from /home/airflow/.local/lib/python3.12/site-packages/airflow/example_dags/example_sensors.py
[2025-09-29T15:38:12.073+0000] {logging_mixin.py:188} INFO - [2025-09-29T15:38:12.073+0000] {dag.py:3089} INFO - Sync 1 DAGs
[2025-09-29T15:38:12.104+0000] {logging_mixin.py:188} INFO - [2025-09-29T15:38:12.103+0000] {dag.py:3947} INFO - Setting next_dagrun for example_sensors to None, run_after=None
[2025-09-29T15:38:12.157+0000] {processor.py:183} INFO - Processing /home/airflow/.local/lib/python3.12/site-packages/airflow/example_dags/example_sensors.py took 0.201 seconds
[2025-09-29T15:38:42.433+0000] {processor.py:161} INFO - Started process (PID=3056) to work on /home/airflow/.local/lib/python3.12/site-packages/airflow/example_dags/example_sensors.py
[2025-09-29T15:38:42.437+0000] {processor.py:830} INFO - Processing file /home/airflow/.local/lib/python3.12/site-packages/airflow/example_dags/example_sensors.py for tasks to queue
[2025-09-29T15:38:42.442+0000] {logging_mixin.py:188} INFO - [2025-09-29T15:38:42.441+0000] {dagbag.py:545} INFO - Filling up the DagBag from /home/airflow/.local/lib/python3.12/site-packages/airflow/example_dags/example_sensors.py
[2025-09-29T15:38:42.466+0000] {processor.py:840} INFO - DAG(s) 'example_sensors' retrieved from /home/airflow/.local/lib/python3.12/site-packages/airflow/example_dags/example_sensors.py
[2025-09-29T15:38:42.549+0000] {logging_mixin.py:188} INFO - [2025-09-29T15:38:42.549+0000] {dag.py:3089} INFO - Sync 1 DAGs
[2025-09-29T15:38:42.629+0000] {logging_mixin.py:188} INFO - [2025-09-29T15:38:42.628+0000] {dag.py:3947} INFO - Setting next_dagrun for example_sensors to None, run_after=None
[2025-09-29T15:38:42.729+0000] {processor.py:183} INFO - Processing /home/airflow/.local/lib/python3.12/site-packages/airflow/example_dags/example_sensors.py took 0.315 seconds
[2025-09-29T15:39:13.287+0000] {processor.py:161} INFO - Started process (PID=3314) to work on /home/airflow/.local/lib/python3.12/site-packages/airflow/example_dags/example_sensors.py
[2025-09-29T15:39:13.289+0000] {processor.py:830} INFO - Processing file /home/airflow/.local/lib/python3.12/site-packages/airflow/example_dags/example_sensors.py for tasks to queue
[2025-09-29T15:39:13.293+0000] {logging_mixin.py:188} INFO - [2025-09-29T15:39:13.293+0000] {dagbag.py:545} INFO - Filling up the DagBag from /home/airflow/.local/lib/python3.12/site-packages/airflow/example_dags/example_sensors.py
[2025-09-29T15:39:13.313+0000] {processor.py:840} INFO - DAG(s) 'example_sensors' retrieved from /home/airflow/.local/lib/python3.12/site-packages/airflow/example_dags/example_sensors.py
[2025-09-29T15:39:13.381+0000] {logging_mixin.py:188} INFO - [2025-09-29T15:39:13.380+0000] {dag.py:3089} INFO - Sync 1 DAGs
[2025-09-29T15:39:13.410+0000] {logging_mixin.py:188} INFO - [2025-09-29T15:39:13.409+0000] {dag.py:3947} INFO - Setting next_dagrun for example_sensors to None, run_after=None
[2025-09-29T15:39:13.461+0000] {processor.py:183} INFO - Processing /home/airflow/.local/lib/python3.12/site-packages/airflow/example_dags/example_sensors.py took 0.190 seconds
[2025-09-29T15:39:43.543+0000] {processor.py:161} INFO - Started process (PID=3574) to work on /home/airflow/.local/lib/python3.12/site-packages/airflow/example_dags/example_sensors.py
[2025-09-29T15:39:43.546+0000] {processor.py:830} INFO - Processing file /home/airflow/.local/lib/python3.12/site-packages/airflow/example_dags/example_sensors.py for tasks to queue
[2025-09-29T15:39:43.550+0000] {logging_mixin.py:188} INFO - [2025-09-29T15:39:43.549+0000] {dagbag.py:545} INFO - Filling up the DagBag from /home/airflow/.local/lib/python3.12/site-packages/airflow/example_dags/example_sensors.py
[2025-09-29T15:39:43.570+0000] {processor.py:840} INFO - DAG(s) 'example_sensors' retrieved from /home/airflow/.local/lib/python3.12/site-packages/airflow/example_dags/example_sensors.py
[2025-09-29T15:39:43.643+0000] {logging_mixin.py:188} INFO - [2025-09-29T15:39:43.642+0000] {dag.py:3089} INFO - Sync 1 DAGs
[2025-09-29T15:39:43.674+0000] {logging_mixin.py:188} INFO - [2025-09-29T15:39:43.674+0000] {dag.py:3947} INFO - Setting next_dagrun for example_sensors to None, run_after=None
[2025-09-29T15:39:43.721+0000] {processor.py:183} INFO - Processing /home/airflow/.local/lib/python3.12/site-packages/airflow/example_dags/example_sensors.py took 0.192 seconds
[2025-09-29T15:40:13.916+0000] {processor.py:161} INFO - Started process (PID=3836) to work on /home/airflow/.local/lib/python3.12/site-packages/airflow/example_dags/example_sensors.py
[2025-09-29T15:40:13.919+0000] {processor.py:830} INFO - Processing file /home/airflow/.local/lib/python3.12/site-packages/airflow/example_dags/example_sensors.py for tasks to queue
[2025-09-29T15:40:13.924+0000] {logging_mixin.py:188} INFO - [2025-09-29T15:40:13.923+0000] {dagbag.py:545} INFO - Filling up the DagBag from /home/airflow/.local/lib/python3.12/site-packages/airflow/example_dags/example_sensors.py
[2025-09-29T15:40:13.949+0000] {processor.py:840} INFO - DAG(s) 'example_sensors' retrieved from /home/airflow/.local/lib/python3.12/site-packages/airflow/example_dags/example_sensors.py
[2025-09-29T15:40:14.015+0000] {logging_mixin.py:188} INFO - [2025-09-29T15:40:14.015+0000] {dag.py:3089} INFO - Sync 1 DAGs
[2025-09-29T15:40:14.047+0000] {logging_mixin.py:188} INFO - [2025-09-29T15:40:14.046+0000] {dag.py:3947} INFO - Setting next_dagrun for example_sensors to None, run_after=None
[2025-09-29T15:40:14.095+0000] {processor.py:183} INFO - Processing /home/airflow/.local/lib/python3.12/site-packages/airflow/example_dags/example_sensors.py took 0.194 seconds
[2025-09-29T15:40:44.316+0000] {processor.py:161} INFO - Started process (PID=4098) to work on /home/airflow/.local/lib/python3.12/site-packages/airflow/example_dags/example_sensors.py
[2025-09-29T15:40:44.319+0000] {processor.py:830} INFO - Processing file /home/airflow/.local/lib/python3.12/site-packages/airflow/example_dags/example_sensors.py for tasks to queue
[2025-09-29T15:40:44.323+0000] {logging_mixin.py:188} INFO - [2025-09-29T15:40:44.323+0000] {dagbag.py:545} INFO - Filling up the DagBag from /home/airflow/.local/lib/python3.12/site-packages/airflow/example_dags/example_sensors.py
[2025-09-29T15:40:44.345+0000] {processor.py:840} INFO - DAG(s) 'example_sensors' retrieved from /home/airflow/.local/lib/python3.12/site-packages/airflow/example_dags/example_sensors.py
[2025-09-29T15:40:44.413+0000] {logging_mixin.py:188} INFO - [2025-09-29T15:40:44.413+0000] {dag.py:3089} INFO - Sync 1 DAGs
[2025-09-29T15:40:44.444+0000] {logging_mixin.py:188} INFO - [2025-09-29T15:40:44.444+0000] {dag.py:3947} INFO - Setting next_dagrun for example_sensors to None, run_after=None
[2025-09-29T15:40:44.493+0000] {processor.py:183} INFO - Processing /home/airflow/.local/lib/python3.12/site-packages/airflow/example_dags/example_sensors.py took 0.192 seconds
[2025-09-29T15:41:14.853+0000] {processor.py:161} INFO - Started process (PID=4360) to work on /home/airflow/.local/lib/python3.12/site-packages/airflow/example_dags/example_sensors.py
[2025-09-29T15:41:14.856+0000] {processor.py:830} INFO - Processing file /home/airflow/.local/lib/python3.12/site-packages/airflow/example_dags/example_sensors.py for tasks to queue
[2025-09-29T15:41:14.860+0000] {logging_mixin.py:188} INFO - [2025-09-29T15:41:14.859+0000] {dagbag.py:545} INFO - Filling up the DagBag from /home/airflow/.local/lib/python3.12/site-packages/airflow/example_dags/example_sensors.py
[2025-09-29T15:41:14.880+0000] {processor.py:840} INFO - DAG(s) 'example_sensors' retrieved from /home/airflow/.local/lib/python3.12/site-packages/airflow/example_dags/example_sensors.py
[2025-09-29T15:41:14.945+0000] {logging_mixin.py:188} INFO - [2025-09-29T15:41:14.945+0000] {dag.py:3089} INFO - Sync 1 DAGs
[2025-09-29T15:41:14.977+0000] {logging_mixin.py:188} INFO - [2025-09-29T15:41:14.976+0000] {dag.py:3947} INFO - Setting next_dagrun for example_sensors to None, run_after=None
[2025-09-29T15:41:15.024+0000] {processor.py:183} INFO - Processing /home/airflow/.local/lib/python3.12/site-packages/airflow/example_dags/example_sensors.py took 0.184 seconds
[2025-09-29T15:41:45.257+0000] {processor.py:161} INFO - Started process (PID=4622) to work on /home/airflow/.local/lib/python3.12/site-packages/airflow/example_dags/example_sensors.py
[2025-09-29T15:41:45.261+0000] {processor.py:830} INFO - Processing file /home/airflow/.local/lib/python3.12/site-packages/airflow/example_dags/example_sensors.py for tasks to queue
[2025-09-29T15:41:45.268+0000] {logging_mixin.py:188} INFO - [2025-09-29T15:41:45.266+0000] {dagbag.py:545} INFO - Filling up the DagBag from /home/airflow/.local/lib/python3.12/site-packages/airflow/example_dags/example_sensors.py
[2025-09-29T15:41:45.295+0000] {processor.py:840} INFO - DAG(s) 'example_sensors' retrieved from /home/airflow/.local/lib/python3.12/site-packages/airflow/example_dags/example_sensors.py
[2025-09-29T15:41:45.398+0000] {logging_mixin.py:188} INFO - [2025-09-29T15:41:45.397+0000] {dag.py:3089} INFO - Sync 1 DAGs
[2025-09-29T15:41:45.438+0000] {logging_mixin.py:188} INFO - [2025-09-29T15:41:45.438+0000] {dag.py:3947} INFO - Setting next_dagrun for example_sensors to None, run_after=None
[2025-09-29T15:41:45.501+0000] {processor.py:183} INFO - Processing /home/airflow/.local/lib/python3.12/site-packages/airflow/example_dags/example_sensors.py took 0.264 seconds
[2025-09-29T15:42:16.068+0000] {processor.py:161} INFO - Started process (PID=4884) to work on /home/airflow/.local/lib/python3.12/site-packages/airflow/example_dags/example_sensors.py
[2025-09-29T15:42:16.070+0000] {processor.py:830} INFO - Processing file /home/airflow/.local/lib/python3.12/site-packages/airflow/example_dags/example_sensors.py for tasks to queue
[2025-09-29T15:42:16.074+0000] {logging_mixin.py:188} INFO - [2025-09-29T15:42:16.073+0000] {dagbag.py:545} INFO - Filling up the DagBag from /home/airflow/.local/lib/python3.12/site-packages/airflow/example_dags/example_sensors.py
[2025-09-29T15:42:16.096+0000] {processor.py:840} INFO - DAG(s) 'example_sensors' retrieved from /home/airflow/.local/lib/python3.12/site-packages/airflow/example_dags/example_sensors.py
[2025-09-29T15:42:16.161+0000] {logging_mixin.py:188} INFO - [2025-09-29T15:42:16.160+0000] {dag.py:3089} INFO - Sync 1 DAGs
[2025-09-29T15:42:16.191+0000] {logging_mixin.py:188} INFO - [2025-09-29T15:42:16.191+0000] {dag.py:3947} INFO - Setting next_dagrun for example_sensors to None, run_after=None
[2025-09-29T15:42:16.237+0000] {processor.py:183} INFO - Processing /home/airflow/.local/lib/python3.12/site-packages/airflow/example_dags/example_sensors.py took 0.183 seconds
[2025-09-29T15:42:46.699+0000] {processor.py:161} INFO - Started process (PID=5148) to work on /home/airflow/.local/lib/python3.12/site-packages/airflow/example_dags/example_sensors.py
[2025-09-29T15:42:46.702+0000] {processor.py:830} INFO - Processing file /home/airflow/.local/lib/python3.12/site-packages/airflow/example_dags/example_sensors.py for tasks to queue
[2025-09-29T15:42:46.706+0000] {logging_mixin.py:188} INFO - [2025-09-29T15:42:46.705+0000] {dagbag.py:545} INFO - Filling up the DagBag from /home/airflow/.local/lib/python3.12/site-packages/airflow/example_dags/example_sensors.py
[2025-09-29T15:42:46.727+0000] {processor.py:840} INFO - DAG(s) 'example_sensors' retrieved from /home/airflow/.local/lib/python3.12/site-packages/airflow/example_dags/example_sensors.py
[2025-09-29T15:42:46.794+0000] {logging_mixin.py:188} INFO - [2025-09-29T15:42:46.794+0000] {dag.py:3089} INFO - Sync 1 DAGs
[2025-09-29T15:42:46.823+0000] {logging_mixin.py:188} INFO - [2025-09-29T15:42:46.823+0000] {dag.py:3947} INFO - Setting next_dagrun for example_sensors to None, run_after=None
[2025-09-29T15:42:46.870+0000] {processor.py:183} INFO - Processing /home/airflow/.local/lib/python3.12/site-packages/airflow/example_dags/example_sensors.py took 0.186 seconds
[2025-09-29T15:43:18.023+0000] {processor.py:161} INFO - Started process (PID=5408) to work on /home/airflow/.local/lib/python3.12/site-packages/airflow/example_dags/example_sensors.py
[2025-09-29T15:43:18.025+0000] {processor.py:830} INFO - Processing file /home/airflow/.local/lib/python3.12/site-packages/airflow/example_dags/example_sensors.py for tasks to queue
[2025-09-29T15:43:18.031+0000] {logging_mixin.py:188} INFO - [2025-09-29T15:43:18.030+0000] {dagbag.py:545} INFO - Filling up the DagBag from /home/airflow/.local/lib/python3.12/site-packages/airflow/example_dags/example_sensors.py
[2025-09-29T15:43:18.055+0000] {processor.py:840} INFO - DAG(s) 'example_sensors' retrieved from /home/airflow/.local/lib/python3.12/site-packages/airflow/example_dags/example_sensors.py
[2025-09-29T15:43:18.132+0000] {logging_mixin.py:188} INFO - [2025-09-29T15:43:18.132+0000] {dag.py:3089} INFO - Sync 1 DAGs
[2025-09-29T15:43:18.166+0000] {logging_mixin.py:188} INFO - [2025-09-29T15:43:18.165+0000] {dag.py:3947} INFO - Setting next_dagrun for example_sensors to None, run_after=None
[2025-09-29T15:43:18.217+0000] {processor.py:183} INFO - Processing /home/airflow/.local/lib/python3.12/site-packages/airflow/example_dags/example_sensors.py took 0.218 seconds
[2025-09-29T15:43:48.975+0000] {processor.py:161} INFO - Started process (PID=5664) to work on /home/airflow/.local/lib/python3.12/site-packages/airflow/example_dags/example_sensors.py
[2025-09-29T15:43:48.979+0000] {processor.py:830} INFO - Processing file /home/airflow/.local/lib/python3.12/site-packages/airflow/example_dags/example_sensors.py for tasks to queue
[2025-09-29T15:43:48.984+0000] {logging_mixin.py:188} INFO - [2025-09-29T15:43:48.983+0000] {dagbag.py:545} INFO - Filling up the DagBag from /home/airflow/.local/lib/python3.12/site-packages/airflow/example_dags/example_sensors.py
[2025-09-29T15:43:49.013+0000] {processor.py:840} INFO - DAG(s) 'example_sensors' retrieved from /home/airflow/.local/lib/python3.12/site-packages/airflow/example_dags/example_sensors.py
[2025-09-29T15:43:49.114+0000] {logging_mixin.py:188} INFO - [2025-09-29T15:43:49.114+0000] {dag.py:3089} INFO - Sync 1 DAGs
[2025-09-29T15:43:49.151+0000] {logging_mixin.py:188} INFO - [2025-09-29T15:43:49.151+0000] {dag.py:3947} INFO - Setting next_dagrun for example_sensors to None, run_after=None
[2025-09-29T15:43:49.216+0000] {processor.py:183} INFO - Processing /home/airflow/.local/lib/python3.12/site-packages/airflow/example_dags/example_sensors.py took 0.263 seconds
[2025-09-29T15:44:19.427+0000] {processor.py:161} INFO - Started process (PID=5926) to work on /home/airflow/.local/lib/python3.12/site-packages/airflow/example_dags/example_sensors.py
[2025-09-29T15:44:19.429+0000] {processor.py:830} INFO - Processing file /home/airflow/.local/lib/python3.12/site-packages/airflow/example_dags/example_sensors.py for tasks to queue
[2025-09-29T15:44:19.434+0000] {logging_mixin.py:188} INFO - [2025-09-29T15:44:19.433+0000] {dagbag.py:545} INFO - Filling up the DagBag from /home/airflow/.local/lib/python3.12/site-packages/airflow/example_dags/example_sensors.py
[2025-09-29T15:44:19.455+0000] {processor.py:840} INFO - DAG(s) 'example_sensors' retrieved from /home/airflow/.local/lib/python3.12/site-packages/airflow/example_dags/example_sensors.py
[2025-09-29T15:44:19.520+0000] {logging_mixin.py:188} INFO - [2025-09-29T15:44:19.519+0000] {dag.py:3089} INFO - Sync 1 DAGs
[2025-09-29T15:44:19.548+0000] {logging_mixin.py:188} INFO - [2025-09-29T15:44:19.548+0000] {dag.py:3947} INFO - Setting next_dagrun for example_sensors to None, run_after=None
[2025-09-29T15:44:19.598+0000] {processor.py:183} INFO - Processing /home/airflow/.local/lib/python3.12/site-packages/airflow/example_dags/example_sensors.py took 0.185 seconds
[2025-09-29T15:44:49.974+0000] {processor.py:161} INFO - Started process (PID=6188) to work on /home/airflow/.local/lib/python3.12/site-packages/airflow/example_dags/example_sensors.py
[2025-09-29T15:44:49.977+0000] {processor.py:830} INFO - Processing file /home/airflow/.local/lib/python3.12/site-packages/airflow/example_dags/example_sensors.py for tasks to queue
[2025-09-29T15:44:49.982+0000] {logging_mixin.py:188} INFO - [2025-09-29T15:44:49.981+0000] {dagbag.py:545} INFO - Filling up the DagBag from /home/airflow/.local/lib/python3.12/site-packages/airflow/example_dags/example_sensors.py
[2025-09-29T15:44:50.003+0000] {processor.py:840} INFO - DAG(s) 'example_sensors' retrieved from /home/airflow/.local/lib/python3.12/site-packages/airflow/example_dags/example_sensors.py
[2025-09-29T15:44:50.073+0000] {logging_mixin.py:188} INFO - [2025-09-29T15:44:50.072+0000] {dag.py:3089} INFO - Sync 1 DAGs
[2025-09-29T15:44:50.106+0000] {logging_mixin.py:188} INFO - [2025-09-29T15:44:50.105+0000] {dag.py:3947} INFO - Setting next_dagrun for example_sensors to None, run_after=None
[2025-09-29T15:44:50.158+0000] {processor.py:183} INFO - Processing /home/airflow/.local/lib/python3.12/site-packages/airflow/example_dags/example_sensors.py took 0.200 seconds
[2025-09-29T15:45:20.565+0000] {processor.py:161} INFO - Started process (PID=6450) to work on /home/airflow/.local/lib/python3.12/site-packages/airflow/example_dags/example_sensors.py
[2025-09-29T15:45:20.567+0000] {processor.py:830} INFO - Processing file /home/airflow/.local/lib/python3.12/site-packages/airflow/example_dags/example_sensors.py for tasks to queue
[2025-09-29T15:45:20.571+0000] {logging_mixin.py:188} INFO - [2025-09-29T15:45:20.570+0000] {dagbag.py:545} INFO - Filling up the DagBag from /home/airflow/.local/lib/python3.12/site-packages/airflow/example_dags/example_sensors.py
[2025-09-29T15:45:20.592+0000] {processor.py:840} INFO - DAG(s) 'example_sensors' retrieved from /home/airflow/.local/lib/python3.12/site-packages/airflow/example_dags/example_sensors.py
[2025-09-29T15:45:20.658+0000] {logging_mixin.py:188} INFO - [2025-09-29T15:45:20.657+0000] {dag.py:3089} INFO - Sync 1 DAGs
[2025-09-29T15:45:20.687+0000] {logging_mixin.py:188} INFO - [2025-09-29T15:45:20.687+0000] {dag.py:3947} INFO - Setting next_dagrun for example_sensors to None, run_after=None
[2025-09-29T15:45:20.735+0000] {processor.py:183} INFO - Processing /home/airflow/.local/lib/python3.12/site-packages/airflow/example_dags/example_sensors.py took 0.185 seconds
[2025-09-29T15:45:51.254+0000] {processor.py:161} INFO - Started process (PID=6714) to work on /home/airflow/.local/lib/python3.12/site-packages/airflow/example_dags/example_sensors.py
[2025-09-29T15:45:51.257+0000] {processor.py:830} INFO - Processing file /home/airflow/.local/lib/python3.12/site-packages/airflow/example_dags/example_sensors.py for tasks to queue
[2025-09-29T15:45:51.261+0000] {logging_mixin.py:188} INFO - [2025-09-29T15:45:51.260+0000] {dagbag.py:545} INFO - Filling up the DagBag from /home/airflow/.local/lib/python3.12/site-packages/airflow/example_dags/example_sensors.py
[2025-09-29T15:45:51.285+0000] {processor.py:840} INFO - DAG(s) 'example_sensors' retrieved from /home/airflow/.local/lib/python3.12/site-packages/airflow/example_dags/example_sensors.py
[2025-09-29T15:45:51.359+0000] {logging_mixin.py:188} INFO - [2025-09-29T15:45:51.359+0000] {dag.py:3089} INFO - Sync 1 DAGs
[2025-09-29T15:45:51.390+0000] {logging_mixin.py:188} INFO - [2025-09-29T15:45:51.390+0000] {dag.py:3947} INFO - Setting next_dagrun for example_sensors to None, run_after=None
[2025-09-29T15:45:51.439+0000] {processor.py:183} INFO - Processing /home/airflow/.local/lib/python3.12/site-packages/airflow/example_dags/example_sensors.py took 0.200 seconds
[2025-09-29T15:46:21.825+0000] {processor.py:161} INFO - Started process (PID=6974) to work on /home/airflow/.local/lib/python3.12/site-packages/airflow/example_dags/example_sensors.py
[2025-09-29T15:46:21.826+0000] {processor.py:830} INFO - Processing file /home/airflow/.local/lib/python3.12/site-packages/airflow/example_dags/example_sensors.py for tasks to queue
[2025-09-29T15:46:21.830+0000] {logging_mixin.py:188} INFO - [2025-09-29T15:46:21.829+0000] {dagbag.py:545} INFO - Filling up the DagBag from /home/airflow/.local/lib/python3.12/site-packages/airflow/example_dags/example_sensors.py
[2025-09-29T15:46:21.851+0000] {processor.py:840} INFO - DAG(s) 'example_sensors' retrieved from /home/airflow/.local/lib/python3.12/site-packages/airflow/example_dags/example_sensors.py
[2025-09-29T15:46:21.917+0000] {logging_mixin.py:188} INFO - [2025-09-29T15:46:21.917+0000] {dag.py:3089} INFO - Sync 1 DAGs
[2025-09-29T15:46:21.947+0000] {logging_mixin.py:188} INFO - [2025-09-29T15:46:21.947+0000] {dag.py:3947} INFO - Setting next_dagrun for example_sensors to None, run_after=None
[2025-09-29T15:46:21.994+0000] {processor.py:183} INFO - Processing /home/airflow/.local/lib/python3.12/site-packages/airflow/example_dags/example_sensors.py took 0.183 seconds
[2025-09-29T15:46:52.421+0000] {processor.py:161} INFO - Started process (PID=7236) to work on /home/airflow/.local/lib/python3.12/site-packages/airflow/example_dags/example_sensors.py
[2025-09-29T15:46:52.424+0000] {processor.py:830} INFO - Processing file /home/airflow/.local/lib/python3.12/site-packages/airflow/example_dags/example_sensors.py for tasks to queue
[2025-09-29T15:46:52.429+0000] {logging_mixin.py:188} INFO - [2025-09-29T15:46:52.428+0000] {dagbag.py:545} INFO - Filling up the DagBag from /home/airflow/.local/lib/python3.12/site-packages/airflow/example_dags/example_sensors.py
[2025-09-29T15:46:52.449+0000] {processor.py:840} INFO - DAG(s) 'example_sensors' retrieved from /home/airflow/.local/lib/python3.12/site-packages/airflow/example_dags/example_sensors.py
[2025-09-29T15:46:52.514+0000] {logging_mixin.py:188} INFO - [2025-09-29T15:46:52.514+0000] {dag.py:3089} INFO - Sync 1 DAGs
[2025-09-29T15:46:52.543+0000] {logging_mixin.py:188} INFO - [2025-09-29T15:46:52.543+0000] {dag.py:3947} INFO - Setting next_dagrun for example_sensors to None, run_after=None
[2025-09-29T15:46:52.587+0000] {processor.py:183} INFO - Processing /home/airflow/.local/lib/python3.12/site-packages/airflow/example_dags/example_sensors.py took 0.180 seconds
[2025-09-29T15:47:23.243+0000] {processor.py:161} INFO - Started process (PID=7498) to work on /home/airflow/.local/lib/python3.12/site-packages/airflow/example_dags/example_sensors.py
[2025-09-29T15:47:23.246+0000] {processor.py:830} INFO - Processing file /home/airflow/.local/lib/python3.12/site-packages/airflow/example_dags/example_sensors.py for tasks to queue
[2025-09-29T15:47:23.251+0000] {logging_mixin.py:188} INFO - [2025-09-29T15:47:23.250+0000] {dagbag.py:545} INFO - Filling up the DagBag from /home/airflow/.local/lib/python3.12/site-packages/airflow/example_dags/example_sensors.py
[2025-09-29T15:47:23.273+0000] {processor.py:840} INFO - DAG(s) 'example_sensors' retrieved from /home/airflow/.local/lib/python3.12/site-packages/airflow/example_dags/example_sensors.py
[2025-09-29T15:47:23.349+0000] {logging_mixin.py:188} INFO - [2025-09-29T15:47:23.348+0000] {dag.py:3089} INFO - Sync 1 DAGs
[2025-09-29T15:47:23.382+0000] {logging_mixin.py:188} INFO - [2025-09-29T15:47:23.381+0000] {dag.py:3947} INFO - Setting next_dagrun for example_sensors to None, run_after=None
[2025-09-29T15:47:23.438+0000] {processor.py:183} INFO - Processing /home/airflow/.local/lib/python3.12/site-packages/airflow/example_dags/example_sensors.py took 0.211 seconds
[2025-09-29T15:47:54.284+0000] {processor.py:161} INFO - Started process (PID=7760) to work on /home/airflow/.local/lib/python3.12/site-packages/airflow/example_dags/example_sensors.py
[2025-09-29T15:47:54.286+0000] {processor.py:830} INFO - Processing file /home/airflow/.local/lib/python3.12/site-packages/airflow/example_dags/example_sensors.py for tasks to queue
[2025-09-29T15:47:54.290+0000] {logging_mixin.py:188} INFO - [2025-09-29T15:47:54.289+0000] {dagbag.py:545} INFO - Filling up the DagBag from /home/airflow/.local/lib/python3.12/site-packages/airflow/example_dags/example_sensors.py
[2025-09-29T15:47:54.311+0000] {processor.py:840} INFO - DAG(s) 'example_sensors' retrieved from /home/airflow/.local/lib/python3.12/site-packages/airflow/example_dags/example_sensors.py
[2025-09-29T15:47:54.381+0000] {logging_mixin.py:188} INFO - [2025-09-29T15:47:54.381+0000] {dag.py:3089} INFO - Sync 1 DAGs
[2025-09-29T15:47:54.411+0000] {logging_mixin.py:188} INFO - [2025-09-29T15:47:54.411+0000] {dag.py:3947} INFO - Setting next_dagrun for example_sensors to None, run_after=None
[2025-09-29T15:47:54.459+0000] {processor.py:183} INFO - Processing /home/airflow/.local/lib/python3.12/site-packages/airflow/example_dags/example_sensors.py took 0.190 seconds
[2025-09-29T15:48:24.654+0000] {processor.py:161} INFO - Started process (PID=8022) to work on /home/airflow/.local/lib/python3.12/site-packages/airflow/example_dags/example_sensors.py
[2025-09-29T15:48:24.657+0000] {processor.py:830} INFO - Processing file /home/airflow/.local/lib/python3.12/site-packages/airflow/example_dags/example_sensors.py for tasks to queue
[2025-09-29T15:48:24.661+0000] {logging_mixin.py:188} INFO - [2025-09-29T15:48:24.660+0000] {dagbag.py:545} INFO - Filling up the DagBag from /home/airflow/.local/lib/python3.12/site-packages/airflow/example_dags/example_sensors.py
[2025-09-29T15:48:24.682+0000] {processor.py:840} INFO - DAG(s) 'example_sensors' retrieved from /home/airflow/.local/lib/python3.12/site-packages/airflow/example_dags/example_sensors.py
[2025-09-29T15:48:24.750+0000] {logging_mixin.py:188} INFO - [2025-09-29T15:48:24.749+0000] {dag.py:3089} INFO - Sync 1 DAGs
[2025-09-29T15:48:24.781+0000] {logging_mixin.py:188} INFO - [2025-09-29T15:48:24.780+0000] {dag.py:3947} INFO - Setting next_dagrun for example_sensors to None, run_after=None
[2025-09-29T15:48:24.828+0000] {processor.py:183} INFO - Processing /home/airflow/.local/lib/python3.12/site-packages/airflow/example_dags/example_sensors.py took 0.189 seconds
[2025-09-29T15:48:55.213+0000] {processor.py:161} INFO - Started process (PID=8289) to work on /home/airflow/.local/lib/python3.12/site-packages/airflow/example_dags/example_sensors.py
[2025-09-29T15:48:55.216+0000] {processor.py:830} INFO - Processing file /home/airflow/.local/lib/python3.12/site-packages/airflow/example_dags/example_sensors.py for tasks to queue
[2025-09-29T15:48:55.220+0000] {logging_mixin.py:188} INFO - [2025-09-29T15:48:55.220+0000] {dagbag.py:545} INFO - Filling up the DagBag from /home/airflow/.local/lib/python3.12/site-packages/airflow/example_dags/example_sensors.py
[2025-09-29T15:48:55.241+0000] {processor.py:840} INFO - DAG(s) 'example_sensors' retrieved from /home/airflow/.local/lib/python3.12/site-packages/airflow/example_dags/example_sensors.py
[2025-09-29T15:48:55.306+0000] {logging_mixin.py:188} INFO - [2025-09-29T15:48:55.305+0000] {dag.py:3089} INFO - Sync 1 DAGs
[2025-09-29T15:48:55.335+0000] {logging_mixin.py:188} INFO - [2025-09-29T15:48:55.334+0000] {dag.py:3947} INFO - Setting next_dagrun for example_sensors to None, run_after=None
[2025-09-29T15:48:55.379+0000] {processor.py:183} INFO - Processing /home/airflow/.local/lib/python3.12/site-packages/airflow/example_dags/example_sensors.py took 0.181 seconds
[2025-09-29T15:49:25.708+0000] {processor.py:161} INFO - Started process (PID=8551) to work on /home/airflow/.local/lib/python3.12/site-packages/airflow/example_dags/example_sensors.py
[2025-09-29T15:49:25.712+0000] {processor.py:830} INFO - Processing file /home/airflow/.local/lib/python3.12/site-packages/airflow/example_dags/example_sensors.py for tasks to queue
[2025-09-29T15:49:25.716+0000] {logging_mixin.py:188} INFO - [2025-09-29T15:49:25.715+0000] {dagbag.py:545} INFO - Filling up the DagBag from /home/airflow/.local/lib/python3.12/site-packages/airflow/example_dags/example_sensors.py
[2025-09-29T15:49:25.738+0000] {processor.py:840} INFO - DAG(s) 'example_sensors' retrieved from /home/airflow/.local/lib/python3.12/site-packages/airflow/example_dags/example_sensors.py
[2025-09-29T15:49:25.802+0000] {logging_mixin.py:188} INFO - [2025-09-29T15:49:25.802+0000] {dag.py:3089} INFO - Sync 1 DAGs
[2025-09-29T15:49:25.833+0000] {logging_mixin.py:188} INFO - [2025-09-29T15:49:25.832+0000] {dag.py:3947} INFO - Setting next_dagrun for example_sensors to None, run_after=None
[2025-09-29T15:49:25.885+0000] {processor.py:183} INFO - Processing /home/airflow/.local/lib/python3.12/site-packages/airflow/example_dags/example_sensors.py took 0.193 seconds
[2025-09-29T15:49:56.283+0000] {processor.py:161} INFO - Started process (PID=8813) to work on /home/airflow/.local/lib/python3.12/site-packages/airflow/example_dags/example_sensors.py
[2025-09-29T15:49:56.286+0000] {processor.py:830} INFO - Processing file /home/airflow/.local/lib/python3.12/site-packages/airflow/example_dags/example_sensors.py for tasks to queue
[2025-09-29T15:49:56.290+0000] {logging_mixin.py:188} INFO - [2025-09-29T15:49:56.289+0000] {dagbag.py:545} INFO - Filling up the DagBag from /home/airflow/.local/lib/python3.12/site-packages/airflow/example_dags/example_sensors.py
[2025-09-29T15:49:56.311+0000] {processor.py:840} INFO - DAG(s) 'example_sensors' retrieved from /home/airflow/.local/lib/python3.12/site-packages/airflow/example_dags/example_sensors.py
[2025-09-29T15:49:56.376+0000] {logging_mixin.py:188} INFO - [2025-09-29T15:49:56.375+0000] {dag.py:3089} INFO - Sync 1 DAGs
[2025-09-29T15:49:56.406+0000] {logging_mixin.py:188} INFO - [2025-09-29T15:49:56.405+0000] {dag.py:3947} INFO - Setting next_dagrun for example_sensors to None, run_after=None
[2025-09-29T15:49:56.451+0000] {processor.py:183} INFO - Processing /home/airflow/.local/lib/python3.12/site-packages/airflow/example_dags/example_sensors.py took 0.182 seconds
[2025-09-29T15:50:27.159+0000] {processor.py:161} INFO - Started process (PID=9070) to work on /home/airflow/.local/lib/python3.12/site-packages/airflow/example_dags/example_sensors.py
[2025-09-29T15:50:27.162+0000] {processor.py:830} INFO - Processing file /home/airflow/.local/lib/python3.12/site-packages/airflow/example_dags/example_sensors.py for tasks to queue
[2025-09-29T15:50:27.166+0000] {logging_mixin.py:188} INFO - [2025-09-29T15:50:27.165+0000] {dagbag.py:545} INFO - Filling up the DagBag from /home/airflow/.local/lib/python3.12/site-packages/airflow/example_dags/example_sensors.py
[2025-09-29T15:50:27.187+0000] {processor.py:840} INFO - DAG(s) 'example_sensors' retrieved from /home/airflow/.local/lib/python3.12/site-packages/airflow/example_dags/example_sensors.py
[2025-09-29T15:50:27.254+0000] {logging_mixin.py:188} INFO - [2025-09-29T15:50:27.253+0000] {dag.py:3089} INFO - Sync 1 DAGs
[2025-09-29T15:50:27.283+0000] {logging_mixin.py:188} INFO - [2025-09-29T15:50:27.283+0000] {dag.py:3947} INFO - Setting next_dagrun for example_sensors to None, run_after=None
[2025-09-29T15:50:27.329+0000] {processor.py:183} INFO - Processing /home/airflow/.local/lib/python3.12/site-packages/airflow/example_dags/example_sensors.py took 0.185 seconds
[2025-09-29T15:50:58.128+0000] {processor.py:161} INFO - Started process (PID=9332) to work on /home/airflow/.local/lib/python3.12/site-packages/airflow/example_dags/example_sensors.py
[2025-09-29T15:50:58.131+0000] {processor.py:830} INFO - Processing file /home/airflow/.local/lib/python3.12/site-packages/airflow/example_dags/example_sensors.py for tasks to queue
[2025-09-29T15:50:58.135+0000] {logging_mixin.py:188} INFO - [2025-09-29T15:50:58.134+0000] {dagbag.py:545} INFO - Filling up the DagBag from /home/airflow/.local/lib/python3.12/site-packages/airflow/example_dags/example_sensors.py
[2025-09-29T15:50:58.155+0000] {processor.py:840} INFO - DAG(s) 'example_sensors' retrieved from /home/airflow/.local/lib/python3.12/site-packages/airflow/example_dags/example_sensors.py
[2025-09-29T15:50:58.222+0000] {logging_mixin.py:188} INFO - [2025-09-29T15:50:58.221+0000] {dag.py:3089} INFO - Sync 1 DAGs
[2025-09-29T15:50:58.252+0000] {logging_mixin.py:188} INFO - [2025-09-29T15:50:58.251+0000] {dag.py:3947} INFO - Setting next_dagrun for example_sensors to None, run_after=None
[2025-09-29T15:50:58.296+0000] {processor.py:183} INFO - Processing /home/airflow/.local/lib/python3.12/site-packages/airflow/example_dags/example_sensors.py took 0.183 seconds
[2025-09-29T15:51:29.079+0000] {processor.py:161} INFO - Started process (PID=9594) to work on /home/airflow/.local/lib/python3.12/site-packages/airflow/example_dags/example_sensors.py
[2025-09-29T15:51:29.081+0000] {processor.py:830} INFO - Processing file /home/airflow/.local/lib/python3.12/site-packages/airflow/example_dags/example_sensors.py for tasks to queue
[2025-09-29T15:51:29.086+0000] {logging_mixin.py:188} INFO - [2025-09-29T15:51:29.085+0000] {dagbag.py:545} INFO - Filling up the DagBag from /home/airflow/.local/lib/python3.12/site-packages/airflow/example_dags/example_sensors.py
[2025-09-29T15:51:29.105+0000] {processor.py:840} INFO - DAG(s) 'example_sensors' retrieved from /home/airflow/.local/lib/python3.12/site-packages/airflow/example_dags/example_sensors.py
[2025-09-29T15:51:29.172+0000] {logging_mixin.py:188} INFO - [2025-09-29T15:51:29.171+0000] {dag.py:3089} INFO - Sync 1 DAGs
[2025-09-29T15:51:29.202+0000] {logging_mixin.py:188} INFO - [2025-09-29T15:51:29.202+0000] {dag.py:3947} INFO - Setting next_dagrun for example_sensors to None, run_after=None
[2025-09-29T15:51:29.248+0000] {processor.py:183} INFO - Processing /home/airflow/.local/lib/python3.12/site-packages/airflow/example_dags/example_sensors.py took 0.184 seconds
[2025-09-29T15:51:59.852+0000] {processor.py:161} INFO - Started process (PID=9856) to work on /home/airflow/.local/lib/python3.12/site-packages/airflow/example_dags/example_sensors.py
[2025-09-29T15:51:59.855+0000] {processor.py:830} INFO - Processing file /home/airflow/.local/lib/python3.12/site-packages/airflow/example_dags/example_sensors.py for tasks to queue
[2025-09-29T15:51:59.861+0000] {logging_mixin.py:188} INFO - [2025-09-29T15:51:59.859+0000] {dagbag.py:545} INFO - Filling up the DagBag from /home/airflow/.local/lib/python3.12/site-packages/airflow/example_dags/example_sensors.py
[2025-09-29T15:51:59.889+0000] {processor.py:840} INFO - DAG(s) 'example_sensors' retrieved from /home/airflow/.local/lib/python3.12/site-packages/airflow/example_dags/example_sensors.py
[2025-09-29T15:51:59.964+0000] {logging_mixin.py:188} INFO - [2025-09-29T15:51:59.963+0000] {dag.py:3089} INFO - Sync 1 DAGs
[2025-09-29T15:51:59.997+0000] {logging_mixin.py:188} INFO - [2025-09-29T15:51:59.997+0000] {dag.py:3947} INFO - Setting next_dagrun for example_sensors to None, run_after=None
[2025-09-29T15:52:00.048+0000] {processor.py:183} INFO - Processing /home/airflow/.local/lib/python3.12/site-packages/airflow/example_dags/example_sensors.py took 0.212 seconds
[2025-09-29T15:52:30.792+0000] {processor.py:161} INFO - Started process (PID=10120) to work on /home/airflow/.local/lib/python3.12/site-packages/airflow/example_dags/example_sensors.py
[2025-09-29T15:52:30.794+0000] {processor.py:830} INFO - Processing file /home/airflow/.local/lib/python3.12/site-packages/airflow/example_dags/example_sensors.py for tasks to queue
[2025-09-29T15:52:30.798+0000] {logging_mixin.py:188} INFO - [2025-09-29T15:52:30.798+0000] {dagbag.py:545} INFO - Filling up the DagBag from /home/airflow/.local/lib/python3.12/site-packages/airflow/example_dags/example_sensors.py
[2025-09-29T15:52:30.820+0000] {processor.py:840} INFO - DAG(s) 'example_sensors' retrieved from /home/airflow/.local/lib/python3.12/site-packages/airflow/example_dags/example_sensors.py
[2025-09-29T15:52:30.890+0000] {logging_mixin.py:188} INFO - [2025-09-29T15:52:30.890+0000] {dag.py:3089} INFO - Sync 1 DAGs
[2025-09-29T15:52:30.920+0000] {logging_mixin.py:188} INFO - [2025-09-29T15:52:30.919+0000] {dag.py:3947} INFO - Setting next_dagrun for example_sensors to None, run_after=None
[2025-09-29T15:52:30.969+0000] {processor.py:183} INFO - Processing /home/airflow/.local/lib/python3.12/site-packages/airflow/example_dags/example_sensors.py took 0.191 seconds
[2025-09-29T15:53:01.116+0000] {processor.py:161} INFO - Started process (PID=10382) to work on /home/airflow/.local/lib/python3.12/site-packages/airflow/example_dags/example_sensors.py
[2025-09-29T15:53:01.119+0000] {processor.py:830} INFO - Processing file /home/airflow/.local/lib/python3.12/site-packages/airflow/example_dags/example_sensors.py for tasks to queue
[2025-09-29T15:53:01.124+0000] {logging_mixin.py:188} INFO - [2025-09-29T15:53:01.123+0000] {dagbag.py:545} INFO - Filling up the DagBag from /home/airflow/.local/lib/python3.12/site-packages/airflow/example_dags/example_sensors.py
[2025-09-29T15:53:01.146+0000] {processor.py:840} INFO - DAG(s) 'example_sensors' retrieved from /home/airflow/.local/lib/python3.12/site-packages/airflow/example_dags/example_sensors.py
[2025-09-29T15:53:01.214+0000] {logging_mixin.py:188} INFO - [2025-09-29T15:53:01.213+0000] {dag.py:3089} INFO - Sync 1 DAGs
[2025-09-29T15:53:01.244+0000] {logging_mixin.py:188} INFO - [2025-09-29T15:53:01.244+0000] {dag.py:3947} INFO - Setting next_dagrun for example_sensors to None, run_after=None
[2025-09-29T15:53:01.292+0000] {processor.py:183} INFO - Processing /home/airflow/.local/lib/python3.12/site-packages/airflow/example_dags/example_sensors.py took 0.190 seconds
[2025-09-29T15:53:31.590+0000] {processor.py:161} INFO - Started process (PID=10644) to work on /home/airflow/.local/lib/python3.12/site-packages/airflow/example_dags/example_sensors.py
[2025-09-29T15:53:31.593+0000] {processor.py:830} INFO - Processing file /home/airflow/.local/lib/python3.12/site-packages/airflow/example_dags/example_sensors.py for tasks to queue
[2025-09-29T15:53:31.597+0000] {logging_mixin.py:188} INFO - [2025-09-29T15:53:31.596+0000] {dagbag.py:545} INFO - Filling up the DagBag from /home/airflow/.local/lib/python3.12/site-packages/airflow/example_dags/example_sensors.py
[2025-09-29T15:53:31.617+0000] {processor.py:840} INFO - DAG(s) 'example_sensors' retrieved from /home/airflow/.local/lib/python3.12/site-packages/airflow/example_dags/example_sensors.py
[2025-09-29T15:53:31.685+0000] {logging_mixin.py:188} INFO - [2025-09-29T15:53:31.685+0000] {dag.py:3089} INFO - Sync 1 DAGs
[2025-09-29T15:53:31.715+0000] {logging_mixin.py:188} INFO - [2025-09-29T15:53:31.715+0000] {dag.py:3947} INFO - Setting next_dagrun for example_sensors to None, run_after=None
[2025-09-29T15:53:31.763+0000] {processor.py:183} INFO - Processing /home/airflow/.local/lib/python3.12/site-packages/airflow/example_dags/example_sensors.py took 0.187 seconds
[2025-09-29T15:54:04.709+0000] {processor.py:161} INFO - Started process (PID=10904) to work on /home/airflow/.local/lib/python3.12/site-packages/airflow/example_dags/example_sensors.py
[2025-09-29T15:54:04.712+0000] {processor.py:830} INFO - Processing file /home/airflow/.local/lib/python3.12/site-packages/airflow/example_dags/example_sensors.py for tasks to queue
[2025-09-29T15:54:04.716+0000] {logging_mixin.py:188} INFO - [2025-09-29T15:54:04.715+0000] {dagbag.py:545} INFO - Filling up the DagBag from /home/airflow/.local/lib/python3.12/site-packages/airflow/example_dags/example_sensors.py
[2025-09-29T15:54:05.059+0000] {processor.py:840} INFO - DAG(s) 'example_sensors' retrieved from /home/airflow/.local/lib/python3.12/site-packages/airflow/example_dags/example_sensors.py
[2025-09-29T15:54:05.121+0000] {logging_mixin.py:188} INFO - [2025-09-29T15:54:05.120+0000] {dag.py:3089} INFO - Sync 1 DAGs
[2025-09-29T15:54:05.143+0000] {logging_mixin.py:188} INFO - [2025-09-29T15:54:05.143+0000] {dag.py:3947} INFO - Setting next_dagrun for example_sensors to None, run_after=None
[2025-09-29T15:54:05.186+0000] {processor.py:183} INFO - Processing /home/airflow/.local/lib/python3.12/site-packages/airflow/example_dags/example_sensors.py took 0.494 seconds
[2025-09-29T15:54:36.094+0000] {processor.py:161} INFO - Started process (PID=11166) to work on /home/airflow/.local/lib/python3.12/site-packages/airflow/example_dags/example_sensors.py
[2025-09-29T15:54:36.097+0000] {processor.py:830} INFO - Processing file /home/airflow/.local/lib/python3.12/site-packages/airflow/example_dags/example_sensors.py for tasks to queue
[2025-09-29T15:54:36.101+0000] {logging_mixin.py:188} INFO - [2025-09-29T15:54:36.100+0000] {dagbag.py:545} INFO - Filling up the DagBag from /home/airflow/.local/lib/python3.12/site-packages/airflow/example_dags/example_sensors.py
[2025-09-29T15:54:36.120+0000] {processor.py:840} INFO - DAG(s) 'example_sensors' retrieved from /home/airflow/.local/lib/python3.12/site-packages/airflow/example_dags/example_sensors.py
[2025-09-29T15:54:36.184+0000] {logging_mixin.py:188} INFO - [2025-09-29T15:54:36.184+0000] {dag.py:3089} INFO - Sync 1 DAGs
[2025-09-29T15:54:36.212+0000] {logging_mixin.py:188} INFO - [2025-09-29T15:54:36.212+0000] {dag.py:3947} INFO - Setting next_dagrun for example_sensors to None, run_after=None
[2025-09-29T15:54:36.258+0000] {processor.py:183} INFO - Processing /home/airflow/.local/lib/python3.12/site-packages/airflow/example_dags/example_sensors.py took 0.177 seconds
[2025-09-29T15:55:06.748+0000] {processor.py:161} INFO - Started process (PID=11428) to work on /home/airflow/.local/lib/python3.12/site-packages/airflow/example_dags/example_sensors.py
[2025-09-29T15:55:06.750+0000] {processor.py:830} INFO - Processing file /home/airflow/.local/lib/python3.12/site-packages/airflow/example_dags/example_sensors.py for tasks to queue
[2025-09-29T15:55:06.755+0000] {logging_mixin.py:188} INFO - [2025-09-29T15:55:06.754+0000] {dagbag.py:545} INFO - Filling up the DagBag from /home/airflow/.local/lib/python3.12/site-packages/airflow/example_dags/example_sensors.py
[2025-09-29T15:55:06.778+0000] {processor.py:840} INFO - DAG(s) 'example_sensors' retrieved from /home/airflow/.local/lib/python3.12/site-packages/airflow/example_dags/example_sensors.py
[2025-09-29T15:55:06.849+0000] {logging_mixin.py:188} INFO - [2025-09-29T15:55:06.849+0000] {dag.py:3089} INFO - Sync 1 DAGs
[2025-09-29T15:55:06.886+0000] {logging_mixin.py:188} INFO - [2025-09-29T15:55:06.886+0000] {dag.py:3947} INFO - Setting next_dagrun for example_sensors to None, run_after=None
[2025-09-29T15:55:06.940+0000] {processor.py:183} INFO - Processing /home/airflow/.local/lib/python3.12/site-packages/airflow/example_dags/example_sensors.py took 0.208 seconds
[2025-09-29T15:55:37.149+0000] {processor.py:161} INFO - Started process (PID=11690) to work on /home/airflow/.local/lib/python3.12/site-packages/airflow/example_dags/example_sensors.py
[2025-09-29T15:55:37.152+0000] {processor.py:830} INFO - Processing file /home/airflow/.local/lib/python3.12/site-packages/airflow/example_dags/example_sensors.py for tasks to queue
[2025-09-29T15:55:37.156+0000] {logging_mixin.py:188} INFO - [2025-09-29T15:55:37.156+0000] {dagbag.py:545} INFO - Filling up the DagBag from /home/airflow/.local/lib/python3.12/site-packages/airflow/example_dags/example_sensors.py
[2025-09-29T15:55:37.179+0000] {processor.py:840} INFO - DAG(s) 'example_sensors' retrieved from /home/airflow/.local/lib/python3.12/site-packages/airflow/example_dags/example_sensors.py
[2025-09-29T15:55:37.249+0000] {logging_mixin.py:188} INFO - [2025-09-29T15:55:37.249+0000] {dag.py:3089} INFO - Sync 1 DAGs
[2025-09-29T15:55:37.278+0000] {logging_mixin.py:188} INFO - [2025-09-29T15:55:37.277+0000] {dag.py:3947} INFO - Setting next_dagrun for example_sensors to None, run_after=None
[2025-09-29T15:55:37.325+0000] {processor.py:183} INFO - Processing /home/airflow/.local/lib/python3.12/site-packages/airflow/example_dags/example_sensors.py took 0.191 seconds
[2025-09-29T15:56:08.004+0000] {processor.py:161} INFO - Started process (PID=11952) to work on /home/airflow/.local/lib/python3.12/site-packages/airflow/example_dags/example_sensors.py
[2025-09-29T15:56:08.007+0000] {processor.py:830} INFO - Processing file /home/airflow/.local/lib/python3.12/site-packages/airflow/example_dags/example_sensors.py for tasks to queue
[2025-09-29T15:56:08.013+0000] {logging_mixin.py:188} INFO - [2025-09-29T15:56:08.012+0000] {dagbag.py:545} INFO - Filling up the DagBag from /home/airflow/.local/lib/python3.12/site-packages/airflow/example_dags/example_sensors.py
[2025-09-29T15:56:08.047+0000] {processor.py:840} INFO - DAG(s) 'example_sensors' retrieved from /home/airflow/.local/lib/python3.12/site-packages/airflow/example_dags/example_sensors.py
[2025-09-29T15:56:08.128+0000] {logging_mixin.py:188} INFO - [2025-09-29T15:56:08.128+0000] {dag.py:3089} INFO - Sync 1 DAGs
[2025-09-29T15:56:08.162+0000] {logging_mixin.py:188} INFO - [2025-09-29T15:56:08.162+0000] {dag.py:3947} INFO - Setting next_dagrun for example_sensors to None, run_after=None
[2025-09-29T15:56:08.220+0000] {processor.py:183} INFO - Processing /home/airflow/.local/lib/python3.12/site-packages/airflow/example_dags/example_sensors.py took 0.233 seconds
[2025-09-29T15:56:38.429+0000] {processor.py:161} INFO - Started process (PID=12210) to work on /home/airflow/.local/lib/python3.12/site-packages/airflow/example_dags/example_sensors.py
[2025-09-29T15:56:38.432+0000] {processor.py:830} INFO - Processing file /home/airflow/.local/lib/python3.12/site-packages/airflow/example_dags/example_sensors.py for tasks to queue
[2025-09-29T15:56:38.437+0000] {logging_mixin.py:188} INFO - [2025-09-29T15:56:38.436+0000] {dagbag.py:545} INFO - Filling up the DagBag from /home/airflow/.local/lib/python3.12/site-packages/airflow/example_dags/example_sensors.py
[2025-09-29T15:56:38.456+0000] {processor.py:840} INFO - DAG(s) 'example_sensors' retrieved from /home/airflow/.local/lib/python3.12/site-packages/airflow/example_dags/example_sensors.py
[2025-09-29T15:56:38.524+0000] {logging_mixin.py:188} INFO - [2025-09-29T15:56:38.523+0000] {dag.py:3089} INFO - Sync 1 DAGs
[2025-09-29T15:56:38.552+0000] {logging_mixin.py:188} INFO - [2025-09-29T15:56:38.552+0000] {dag.py:3947} INFO - Setting next_dagrun for example_sensors to None, run_after=None
[2025-09-29T15:56:38.599+0000] {processor.py:183} INFO - Processing /home/airflow/.local/lib/python3.12/site-packages/airflow/example_dags/example_sensors.py took 0.185 seconds
[2025-09-29T15:57:09.319+0000] {processor.py:161} INFO - Started process (PID=12470) to work on /home/airflow/.local/lib/python3.12/site-packages/airflow/example_dags/example_sensors.py
[2025-09-29T15:57:09.321+0000] {processor.py:830} INFO - Processing file /home/airflow/.local/lib/python3.12/site-packages/airflow/example_dags/example_sensors.py for tasks to queue
[2025-09-29T15:57:09.325+0000] {logging_mixin.py:188} INFO - [2025-09-29T15:57:09.324+0000] {dagbag.py:545} INFO - Filling up the DagBag from /home/airflow/.local/lib/python3.12/site-packages/airflow/example_dags/example_sensors.py
[2025-09-29T15:57:09.345+0000] {processor.py:840} INFO - DAG(s) 'example_sensors' retrieved from /home/airflow/.local/lib/python3.12/site-packages/airflow/example_dags/example_sensors.py
[2025-09-29T15:57:09.415+0000] {logging_mixin.py:188} INFO - [2025-09-29T15:57:09.414+0000] {dag.py:3089} INFO - Sync 1 DAGs
[2025-09-29T15:57:09.447+0000] {logging_mixin.py:188} INFO - [2025-09-29T15:57:09.446+0000] {dag.py:3947} INFO - Setting next_dagrun for example_sensors to None, run_after=None
[2025-09-29T15:57:09.496+0000] {processor.py:183} INFO - Processing /home/airflow/.local/lib/python3.12/site-packages/airflow/example_dags/example_sensors.py took 0.193 seconds
[2025-09-29T15:57:40.410+0000] {processor.py:161} INFO - Started process (PID=12732) to work on /home/airflow/.local/lib/python3.12/site-packages/airflow/example_dags/example_sensors.py
[2025-09-29T15:57:40.412+0000] {processor.py:830} INFO - Processing file /home/airflow/.local/lib/python3.12/site-packages/airflow/example_dags/example_sensors.py for tasks to queue
[2025-09-29T15:57:40.416+0000] {logging_mixin.py:188} INFO - [2025-09-29T15:57:40.415+0000] {dagbag.py:545} INFO - Filling up the DagBag from /home/airflow/.local/lib/python3.12/site-packages/airflow/example_dags/example_sensors.py
[2025-09-29T15:57:40.436+0000] {processor.py:840} INFO - DAG(s) 'example_sensors' retrieved from /home/airflow/.local/lib/python3.12/site-packages/airflow/example_dags/example_sensors.py
[2025-09-29T15:57:40.498+0000] {logging_mixin.py:188} INFO - [2025-09-29T15:57:40.498+0000] {dag.py:3089} INFO - Sync 1 DAGs
[2025-09-29T15:57:40.528+0000] {logging_mixin.py:188} INFO - [2025-09-29T15:57:40.527+0000] {dag.py:3947} INFO - Setting next_dagrun for example_sensors to None, run_after=None
[2025-09-29T15:57:40.573+0000] {processor.py:183} INFO - Processing /home/airflow/.local/lib/python3.12/site-packages/airflow/example_dags/example_sensors.py took 0.178 seconds
[2025-09-29T15:58:11.046+0000] {processor.py:161} INFO - Started process (PID=12994) to work on /home/airflow/.local/lib/python3.12/site-packages/airflow/example_dags/example_sensors.py
[2025-09-29T15:58:11.049+0000] {processor.py:830} INFO - Processing file /home/airflow/.local/lib/python3.12/site-packages/airflow/example_dags/example_sensors.py for tasks to queue
[2025-09-29T15:58:11.053+0000] {logging_mixin.py:188} INFO - [2025-09-29T15:58:11.052+0000] {dagbag.py:545} INFO - Filling up the DagBag from /home/airflow/.local/lib/python3.12/site-packages/airflow/example_dags/example_sensors.py
[2025-09-29T15:58:11.072+0000] {processor.py:840} INFO - DAG(s) 'example_sensors' retrieved from /home/airflow/.local/lib/python3.12/site-packages/airflow/example_dags/example_sensors.py
[2025-09-29T15:58:11.144+0000] {logging_mixin.py:188} INFO - [2025-09-29T15:58:11.144+0000] {dag.py:3089} INFO - Sync 1 DAGs
[2025-09-29T15:58:11.173+0000] {logging_mixin.py:188} INFO - [2025-09-29T15:58:11.173+0000] {dag.py:3947} INFO - Setting next_dagrun for example_sensors to None, run_after=None
[2025-09-29T15:58:11.224+0000] {processor.py:183} INFO - Processing /home/airflow/.local/lib/python3.12/site-packages/airflow/example_dags/example_sensors.py took 0.194 seconds
[2025-09-29T15:58:41.564+0000] {processor.py:161} INFO - Started process (PID=13256) to work on /home/airflow/.local/lib/python3.12/site-packages/airflow/example_dags/example_sensors.py
[2025-09-29T15:58:41.567+0000] {processor.py:830} INFO - Processing file /home/airflow/.local/lib/python3.12/site-packages/airflow/example_dags/example_sensors.py for tasks to queue
[2025-09-29T15:58:41.572+0000] {logging_mixin.py:188} INFO - [2025-09-29T15:58:41.571+0000] {dagbag.py:545} INFO - Filling up the DagBag from /home/airflow/.local/lib/python3.12/site-packages/airflow/example_dags/example_sensors.py
[2025-09-29T15:58:41.593+0000] {processor.py:840} INFO - DAG(s) 'example_sensors' retrieved from /home/airflow/.local/lib/python3.12/site-packages/airflow/example_dags/example_sensors.py
[2025-09-29T15:58:41.668+0000] {logging_mixin.py:188} INFO - [2025-09-29T15:58:41.668+0000] {dag.py:3089} INFO - Sync 1 DAGs
[2025-09-29T15:58:41.705+0000] {logging_mixin.py:188} INFO - [2025-09-29T15:58:41.704+0000] {dag.py:3947} INFO - Setting next_dagrun for example_sensors to None, run_after=None
[2025-09-29T15:58:41.754+0000] {processor.py:183} INFO - Processing /home/airflow/.local/lib/python3.12/site-packages/airflow/example_dags/example_sensors.py took 0.207 seconds
[2025-09-29T15:59:12.343+0000] {processor.py:161} INFO - Started process (PID=13520) to work on /home/airflow/.local/lib/python3.12/site-packages/airflow/example_dags/example_sensors.py
[2025-09-29T15:59:12.346+0000] {processor.py:830} INFO - Processing file /home/airflow/.local/lib/python3.12/site-packages/airflow/example_dags/example_sensors.py for tasks to queue
[2025-09-29T15:59:12.350+0000] {logging_mixin.py:188} INFO - [2025-09-29T15:59:12.350+0000] {dagbag.py:545} INFO - Filling up the DagBag from /home/airflow/.local/lib/python3.12/site-packages/airflow/example_dags/example_sensors.py
[2025-09-29T15:59:12.372+0000] {processor.py:840} INFO - DAG(s) 'example_sensors' retrieved from /home/airflow/.local/lib/python3.12/site-packages/airflow/example_dags/example_sensors.py
[2025-09-29T15:59:12.440+0000] {logging_mixin.py:188} INFO - [2025-09-29T15:59:12.439+0000] {dag.py:3089} INFO - Sync 1 DAGs
[2025-09-29T15:59:12.471+0000] {logging_mixin.py:188} INFO - [2025-09-29T15:59:12.470+0000] {dag.py:3947} INFO - Setting next_dagrun for example_sensors to None, run_after=None
[2025-09-29T15:59:12.521+0000] {processor.py:183} INFO - Processing /home/airflow/.local/lib/python3.12/site-packages/airflow/example_dags/example_sensors.py took 0.193 seconds
[2025-09-29T15:59:42.883+0000] {processor.py:161} INFO - Started process (PID=13780) to work on /home/airflow/.local/lib/python3.12/site-packages/airflow/example_dags/example_sensors.py
[2025-09-29T15:59:42.886+0000] {processor.py:830} INFO - Processing file /home/airflow/.local/lib/python3.12/site-packages/airflow/example_dags/example_sensors.py for tasks to queue
[2025-09-29T15:59:42.890+0000] {logging_mixin.py:188} INFO - [2025-09-29T15:59:42.889+0000] {dagbag.py:545} INFO - Filling up the DagBag from /home/airflow/.local/lib/python3.12/site-packages/airflow/example_dags/example_sensors.py
[2025-09-29T15:59:42.909+0000] {processor.py:840} INFO - DAG(s) 'example_sensors' retrieved from /home/airflow/.local/lib/python3.12/site-packages/airflow/example_dags/example_sensors.py
[2025-09-29T15:59:42.979+0000] {logging_mixin.py:188} INFO - [2025-09-29T15:59:42.978+0000] {dag.py:3089} INFO - Sync 1 DAGs
[2025-09-29T15:59:43.012+0000] {logging_mixin.py:188} INFO - [2025-09-29T15:59:43.012+0000] {dag.py:3947} INFO - Setting next_dagrun for example_sensors to None, run_after=None
[2025-09-29T15:59:43.061+0000] {processor.py:183} INFO - Processing /home/airflow/.local/lib/python3.12/site-packages/airflow/example_dags/example_sensors.py took 0.194 seconds
[2025-09-29T16:00:13.319+0000] {processor.py:161} INFO - Started process (PID=14042) to work on /home/airflow/.local/lib/python3.12/site-packages/airflow/example_dags/example_sensors.py
[2025-09-29T16:00:13.322+0000] {processor.py:830} INFO - Processing file /home/airflow/.local/lib/python3.12/site-packages/airflow/example_dags/example_sensors.py for tasks to queue
[2025-09-29T16:00:13.327+0000] {logging_mixin.py:188} INFO - [2025-09-29T16:00:13.326+0000] {dagbag.py:545} INFO - Filling up the DagBag from /home/airflow/.local/lib/python3.12/site-packages/airflow/example_dags/example_sensors.py
[2025-09-29T16:00:13.350+0000] {processor.py:840} INFO - DAG(s) 'example_sensors' retrieved from /home/airflow/.local/lib/python3.12/site-packages/airflow/example_dags/example_sensors.py
[2025-09-29T16:00:13.432+0000] {logging_mixin.py:188} INFO - [2025-09-29T16:00:13.431+0000] {dag.py:3089} INFO - Sync 1 DAGs
[2025-09-29T16:00:13.469+0000] {logging_mixin.py:188} INFO - [2025-09-29T16:00:13.468+0000] {dag.py:3947} INFO - Setting next_dagrun for example_sensors to None, run_after=None
[2025-09-29T16:00:13.520+0000] {processor.py:183} INFO - Processing /home/airflow/.local/lib/python3.12/site-packages/airflow/example_dags/example_sensors.py took 0.219 seconds
[2025-09-29T16:00:43.722+0000] {processor.py:161} INFO - Started process (PID=14301) to work on /home/airflow/.local/lib/python3.12/site-packages/airflow/example_dags/example_sensors.py
[2025-09-29T16:00:43.725+0000] {processor.py:830} INFO - Processing file /home/airflow/.local/lib/python3.12/site-packages/airflow/example_dags/example_sensors.py for tasks to queue
[2025-09-29T16:00:43.729+0000] {logging_mixin.py:188} INFO - [2025-09-29T16:00:43.728+0000] {dagbag.py:545} INFO - Filling up the DagBag from /home/airflow/.local/lib/python3.12/site-packages/airflow/example_dags/example_sensors.py
[2025-09-29T16:00:43.748+0000] {processor.py:840} INFO - DAG(s) 'example_sensors' retrieved from /home/airflow/.local/lib/python3.12/site-packages/airflow/example_dags/example_sensors.py
[2025-09-29T16:00:43.813+0000] {logging_mixin.py:188} INFO - [2025-09-29T16:00:43.812+0000] {dag.py:3089} INFO - Sync 1 DAGs
[2025-09-29T16:00:43.841+0000] {logging_mixin.py:188} INFO - [2025-09-29T16:00:43.841+0000] {dag.py:3947} INFO - Setting next_dagrun for example_sensors to None, run_after=None
[2025-09-29T16:00:43.894+0000] {processor.py:183} INFO - Processing /home/airflow/.local/lib/python3.12/site-packages/airflow/example_dags/example_sensors.py took 0.187 seconds
[2025-09-29T16:01:14.175+0000] {processor.py:161} INFO - Started process (PID=14563) to work on /home/airflow/.local/lib/python3.12/site-packages/airflow/example_dags/example_sensors.py
[2025-09-29T16:01:14.177+0000] {processor.py:830} INFO - Processing file /home/airflow/.local/lib/python3.12/site-packages/airflow/example_dags/example_sensors.py for tasks to queue
[2025-09-29T16:01:14.181+0000] {logging_mixin.py:188} INFO - [2025-09-29T16:01:14.181+0000] {dagbag.py:545} INFO - Filling up the DagBag from /home/airflow/.local/lib/python3.12/site-packages/airflow/example_dags/example_sensors.py
[2025-09-29T16:01:14.201+0000] {processor.py:840} INFO - DAG(s) 'example_sensors' retrieved from /home/airflow/.local/lib/python3.12/site-packages/airflow/example_dags/example_sensors.py
[2025-09-29T16:01:14.266+0000] {logging_mixin.py:188} INFO - [2025-09-29T16:01:14.265+0000] {dag.py:3089} INFO - Sync 1 DAGs
[2025-09-29T16:01:14.295+0000] {logging_mixin.py:188} INFO - [2025-09-29T16:01:14.294+0000] {dag.py:3947} INFO - Setting next_dagrun for example_sensors to None, run_after=None
[2025-09-29T16:01:14.341+0000] {processor.py:183} INFO - Processing /home/airflow/.local/lib/python3.12/site-packages/airflow/example_dags/example_sensors.py took 0.182 seconds
[2025-09-29T16:01:44.683+0000] {processor.py:161} INFO - Started process (PID=14825) to work on /home/airflow/.local/lib/python3.12/site-packages/airflow/example_dags/example_sensors.py
[2025-09-29T16:01:44.685+0000] {processor.py:830} INFO - Processing file /home/airflow/.local/lib/python3.12/site-packages/airflow/example_dags/example_sensors.py for tasks to queue
[2025-09-29T16:01:44.689+0000] {logging_mixin.py:188} INFO - [2025-09-29T16:01:44.689+0000] {dagbag.py:545} INFO - Filling up the DagBag from /home/airflow/.local/lib/python3.12/site-packages/airflow/example_dags/example_sensors.py
[2025-09-29T16:01:44.708+0000] {processor.py:840} INFO - DAG(s) 'example_sensors' retrieved from /home/airflow/.local/lib/python3.12/site-packages/airflow/example_dags/example_sensors.py
[2025-09-29T16:01:44.777+0000] {logging_mixin.py:188} INFO - [2025-09-29T16:01:44.776+0000] {dag.py:3089} INFO - Sync 1 DAGs
[2025-09-29T16:01:44.805+0000] {logging_mixin.py:188} INFO - [2025-09-29T16:01:44.805+0000] {dag.py:3947} INFO - Setting next_dagrun for example_sensors to None, run_after=None
[2025-09-29T16:01:44.851+0000] {processor.py:183} INFO - Processing /home/airflow/.local/lib/python3.12/site-packages/airflow/example_dags/example_sensors.py took 0.182 seconds
[2025-09-29T16:02:15.049+0000] {processor.py:161} INFO - Started process (PID=15087) to work on /home/airflow/.local/lib/python3.12/site-packages/airflow/example_dags/example_sensors.py
[2025-09-29T16:02:15.052+0000] {processor.py:830} INFO - Processing file /home/airflow/.local/lib/python3.12/site-packages/airflow/example_dags/example_sensors.py for tasks to queue
[2025-09-29T16:02:15.056+0000] {logging_mixin.py:188} INFO - [2025-09-29T16:02:15.055+0000] {dagbag.py:545} INFO - Filling up the DagBag from /home/airflow/.local/lib/python3.12/site-packages/airflow/example_dags/example_sensors.py
[2025-09-29T16:02:15.076+0000] {processor.py:840} INFO - DAG(s) 'example_sensors' retrieved from /home/airflow/.local/lib/python3.12/site-packages/airflow/example_dags/example_sensors.py
[2025-09-29T16:02:15.157+0000] {logging_mixin.py:188} INFO - [2025-09-29T16:02:15.157+0000] {dag.py:3089} INFO - Sync 1 DAGs
[2025-09-29T16:02:15.194+0000] {logging_mixin.py:188} INFO - [2025-09-29T16:02:15.193+0000] {dag.py:3947} INFO - Setting next_dagrun for example_sensors to None, run_after=None
[2025-09-29T16:02:15.239+0000] {processor.py:183} INFO - Processing /home/airflow/.local/lib/python3.12/site-packages/airflow/example_dags/example_sensors.py took 0.204 seconds
[2025-09-29T16:02:45.701+0000] {processor.py:161} INFO - Started process (PID=15347) to work on /home/airflow/.local/lib/python3.12/site-packages/airflow/example_dags/example_sensors.py
[2025-09-29T16:02:45.704+0000] {processor.py:830} INFO - Processing file /home/airflow/.local/lib/python3.12/site-packages/airflow/example_dags/example_sensors.py for tasks to queue
[2025-09-29T16:02:45.709+0000] {logging_mixin.py:188} INFO - [2025-09-29T16:02:45.708+0000] {dagbag.py:545} INFO - Filling up the DagBag from /home/airflow/.local/lib/python3.12/site-packages/airflow/example_dags/example_sensors.py
[2025-09-29T16:02:45.729+0000] {processor.py:840} INFO - DAG(s) 'example_sensors' retrieved from /home/airflow/.local/lib/python3.12/site-packages/airflow/example_dags/example_sensors.py
[2025-09-29T16:02:45.800+0000] {logging_mixin.py:188} INFO - [2025-09-29T16:02:45.800+0000] {dag.py:3089} INFO - Sync 1 DAGs
[2025-09-29T16:02:45.836+0000] {logging_mixin.py:188} INFO - [2025-09-29T16:02:45.836+0000] {dag.py:3947} INFO - Setting next_dagrun for example_sensors to None, run_after=None
[2025-09-29T16:02:45.887+0000] {processor.py:183} INFO - Processing /home/airflow/.local/lib/python3.12/site-packages/airflow/example_dags/example_sensors.py took 0.206 seconds
[2025-09-29T16:03:16.217+0000] {processor.py:161} INFO - Started process (PID=15609) to work on /home/airflow/.local/lib/python3.12/site-packages/airflow/example_dags/example_sensors.py
[2025-09-29T16:03:16.219+0000] {processor.py:830} INFO - Processing file /home/airflow/.local/lib/python3.12/site-packages/airflow/example_dags/example_sensors.py for tasks to queue
[2025-09-29T16:03:16.224+0000] {logging_mixin.py:188} INFO - [2025-09-29T16:03:16.223+0000] {dagbag.py:545} INFO - Filling up the DagBag from /home/airflow/.local/lib/python3.12/site-packages/airflow/example_dags/example_sensors.py
[2025-09-29T16:03:16.249+0000] {processor.py:840} INFO - DAG(s) 'example_sensors' retrieved from /home/airflow/.local/lib/python3.12/site-packages/airflow/example_dags/example_sensors.py
[2025-09-29T16:03:16.330+0000] {logging_mixin.py:188} INFO - [2025-09-29T16:03:16.329+0000] {dag.py:3089} INFO - Sync 1 DAGs
[2025-09-29T16:03:16.368+0000] {logging_mixin.py:188} INFO - [2025-09-29T16:03:16.367+0000] {dag.py:3947} INFO - Setting next_dagrun for example_sensors to None, run_after=None
[2025-09-29T16:03:16.428+0000] {processor.py:183} INFO - Processing /home/airflow/.local/lib/python3.12/site-packages/airflow/example_dags/example_sensors.py took 0.228 seconds
[2025-09-29T16:03:46.600+0000] {processor.py:161} INFO - Started process (PID=15865) to work on /home/airflow/.local/lib/python3.12/site-packages/airflow/example_dags/example_sensors.py
[2025-09-29T16:03:46.603+0000] {processor.py:830} INFO - Processing file /home/airflow/.local/lib/python3.12/site-packages/airflow/example_dags/example_sensors.py for tasks to queue
[2025-09-29T16:03:46.608+0000] {logging_mixin.py:188} INFO - [2025-09-29T16:03:46.607+0000] {dagbag.py:545} INFO - Filling up the DagBag from /home/airflow/.local/lib/python3.12/site-packages/airflow/example_dags/example_sensors.py
[2025-09-29T16:03:46.627+0000] {processor.py:840} INFO - DAG(s) 'example_sensors' retrieved from /home/airflow/.local/lib/python3.12/site-packages/airflow/example_dags/example_sensors.py
[2025-09-29T16:03:46.694+0000] {logging_mixin.py:188} INFO - [2025-09-29T16:03:46.694+0000] {dag.py:3089} INFO - Sync 1 DAGs
[2025-09-29T16:03:46.723+0000] {logging_mixin.py:188} INFO - [2025-09-29T16:03:46.723+0000] {dag.py:3947} INFO - Setting next_dagrun for example_sensors to None, run_after=None
[2025-09-29T16:03:46.771+0000] {processor.py:183} INFO - Processing /home/airflow/.local/lib/python3.12/site-packages/airflow/example_dags/example_sensors.py took 0.186 seconds
[2025-09-29T16:04:16.927+0000] {processor.py:161} INFO - Started process (PID=16127) to work on /home/airflow/.local/lib/python3.12/site-packages/airflow/example_dags/example_sensors.py
[2025-09-29T16:04:16.929+0000] {processor.py:830} INFO - Processing file /home/airflow/.local/lib/python3.12/site-packages/airflow/example_dags/example_sensors.py for tasks to queue
[2025-09-29T16:04:16.934+0000] {logging_mixin.py:188} INFO - [2025-09-29T16:04:16.933+0000] {dagbag.py:545} INFO - Filling up the DagBag from /home/airflow/.local/lib/python3.12/site-packages/airflow/example_dags/example_sensors.py
[2025-09-29T16:04:16.954+0000] {processor.py:840} INFO - DAG(s) 'example_sensors' retrieved from /home/airflow/.local/lib/python3.12/site-packages/airflow/example_dags/example_sensors.py
[2025-09-29T16:04:17.021+0000] {logging_mixin.py:188} INFO - [2025-09-29T16:04:17.021+0000] {dag.py:3089} INFO - Sync 1 DAGs
[2025-09-29T16:04:17.053+0000] {logging_mixin.py:188} INFO - [2025-09-29T16:04:17.052+0000] {dag.py:3947} INFO - Setting next_dagrun for example_sensors to None, run_after=None
[2025-09-29T16:04:17.102+0000] {processor.py:183} INFO - Processing /home/airflow/.local/lib/python3.12/site-packages/airflow/example_dags/example_sensors.py took 0.190 seconds
[2025-09-29T16:04:47.668+0000] {processor.py:161} INFO - Started process (PID=16389) to work on /home/airflow/.local/lib/python3.12/site-packages/airflow/example_dags/example_sensors.py
[2025-09-29T16:04:47.671+0000] {processor.py:830} INFO - Processing file /home/airflow/.local/lib/python3.12/site-packages/airflow/example_dags/example_sensors.py for tasks to queue
[2025-09-29T16:04:47.676+0000] {logging_mixin.py:188} INFO - [2025-09-29T16:04:47.675+0000] {dagbag.py:545} INFO - Filling up the DagBag from /home/airflow/.local/lib/python3.12/site-packages/airflow/example_dags/example_sensors.py
[2025-09-29T16:04:47.695+0000] {processor.py:840} INFO - DAG(s) 'example_sensors' retrieved from /home/airflow/.local/lib/python3.12/site-packages/airflow/example_dags/example_sensors.py
[2025-09-29T16:04:47.759+0000] {logging_mixin.py:188} INFO - [2025-09-29T16:04:47.758+0000] {dag.py:3089} INFO - Sync 1 DAGs
[2025-09-29T16:04:47.787+0000] {logging_mixin.py:188} INFO - [2025-09-29T16:04:47.787+0000] {dag.py:3947} INFO - Setting next_dagrun for example_sensors to None, run_after=None
[2025-09-29T16:04:47.832+0000] {processor.py:183} INFO - Processing /home/airflow/.local/lib/python3.12/site-packages/airflow/example_dags/example_sensors.py took 0.179 seconds
[2025-09-29T16:05:18.247+0000] {processor.py:161} INFO - Started process (PID=16651) to work on /home/airflow/.local/lib/python3.12/site-packages/airflow/example_dags/example_sensors.py
[2025-09-29T16:05:18.250+0000] {processor.py:830} INFO - Processing file /home/airflow/.local/lib/python3.12/site-packages/airflow/example_dags/example_sensors.py for tasks to queue
[2025-09-29T16:05:18.254+0000] {logging_mixin.py:188} INFO - [2025-09-29T16:05:18.253+0000] {dagbag.py:545} INFO - Filling up the DagBag from /home/airflow/.local/lib/python3.12/site-packages/airflow/example_dags/example_sensors.py
[2025-09-29T16:05:18.273+0000] {processor.py:840} INFO - DAG(s) 'example_sensors' retrieved from /home/airflow/.local/lib/python3.12/site-packages/airflow/example_dags/example_sensors.py
[2025-09-29T16:05:18.340+0000] {logging_mixin.py:188} INFO - [2025-09-29T16:05:18.340+0000] {dag.py:3089} INFO - Sync 1 DAGs
[2025-09-29T16:05:18.368+0000] {logging_mixin.py:188} INFO - [2025-09-29T16:05:18.367+0000] {dag.py:3947} INFO - Setting next_dagrun for example_sensors to None, run_after=None
[2025-09-29T16:05:18.414+0000] {processor.py:183} INFO - Processing /home/airflow/.local/lib/python3.12/site-packages/airflow/example_dags/example_sensors.py took 0.181 seconds
[2025-09-29T16:05:49.200+0000] {processor.py:161} INFO - Started process (PID=16913) to work on /home/airflow/.local/lib/python3.12/site-packages/airflow/example_dags/example_sensors.py
[2025-09-29T16:05:49.203+0000] {processor.py:830} INFO - Processing file /home/airflow/.local/lib/python3.12/site-packages/airflow/example_dags/example_sensors.py for tasks to queue
[2025-09-29T16:05:49.207+0000] {logging_mixin.py:188} INFO - [2025-09-29T16:05:49.206+0000] {dagbag.py:545} INFO - Filling up the DagBag from /home/airflow/.local/lib/python3.12/site-packages/airflow/example_dags/example_sensors.py
[2025-09-29T16:05:49.227+0000] {processor.py:840} INFO - DAG(s) 'example_sensors' retrieved from /home/airflow/.local/lib/python3.12/site-packages/airflow/example_dags/example_sensors.py
[2025-09-29T16:05:49.292+0000] {logging_mixin.py:188} INFO - [2025-09-29T16:05:49.292+0000] {dag.py:3089} INFO - Sync 1 DAGs
[2025-09-29T16:05:49.321+0000] {logging_mixin.py:188} INFO - [2025-09-29T16:05:49.320+0000] {dag.py:3947} INFO - Setting next_dagrun for example_sensors to None, run_after=None
[2025-09-29T16:05:49.365+0000] {processor.py:183} INFO - Processing /home/airflow/.local/lib/python3.12/site-packages/airflow/example_dags/example_sensors.py took 0.180 seconds
[2025-09-29T16:06:20.012+0000] {processor.py:161} INFO - Started process (PID=17175) to work on /home/airflow/.local/lib/python3.12/site-packages/airflow/example_dags/example_sensors.py
[2025-09-29T16:06:20.015+0000] {processor.py:830} INFO - Processing file /home/airflow/.local/lib/python3.12/site-packages/airflow/example_dags/example_sensors.py for tasks to queue
[2025-09-29T16:06:20.020+0000] {logging_mixin.py:188} INFO - [2025-09-29T16:06:20.019+0000] {dagbag.py:545} INFO - Filling up the DagBag from /home/airflow/.local/lib/python3.12/site-packages/airflow/example_dags/example_sensors.py
[2025-09-29T16:06:20.040+0000] {processor.py:840} INFO - DAG(s) 'example_sensors' retrieved from /home/airflow/.local/lib/python3.12/site-packages/airflow/example_dags/example_sensors.py
[2025-09-29T16:06:20.106+0000] {logging_mixin.py:188} INFO - [2025-09-29T16:06:20.105+0000] {dag.py:3089} INFO - Sync 1 DAGs
[2025-09-29T16:06:20.135+0000] {logging_mixin.py:188} INFO - [2025-09-29T16:06:20.134+0000] {dag.py:3947} INFO - Setting next_dagrun for example_sensors to None, run_after=None
[2025-09-29T16:06:20.182+0000] {processor.py:183} INFO - Processing /home/airflow/.local/lib/python3.12/site-packages/airflow/example_dags/example_sensors.py took 0.185 seconds
[2025-09-29T16:06:50.736+0000] {processor.py:161} INFO - Started process (PID=17437) to work on /home/airflow/.local/lib/python3.12/site-packages/airflow/example_dags/example_sensors.py
[2025-09-29T16:06:50.738+0000] {processor.py:830} INFO - Processing file /home/airflow/.local/lib/python3.12/site-packages/airflow/example_dags/example_sensors.py for tasks to queue
[2025-09-29T16:06:50.742+0000] {logging_mixin.py:188} INFO - [2025-09-29T16:06:50.741+0000] {dagbag.py:545} INFO - Filling up the DagBag from /home/airflow/.local/lib/python3.12/site-packages/airflow/example_dags/example_sensors.py
[2025-09-29T16:06:50.762+0000] {processor.py:840} INFO - DAG(s) 'example_sensors' retrieved from /home/airflow/.local/lib/python3.12/site-packages/airflow/example_dags/example_sensors.py
[2025-09-29T16:06:50.832+0000] {logging_mixin.py:188} INFO - [2025-09-29T16:06:50.832+0000] {dag.py:3089} INFO - Sync 1 DAGs
[2025-09-29T16:06:50.862+0000] {logging_mixin.py:188} INFO - [2025-09-29T16:06:50.861+0000] {dag.py:3947} INFO - Setting next_dagrun for example_sensors to None, run_after=None
[2025-09-29T16:06:50.912+0000] {processor.py:183} INFO - Processing /home/airflow/.local/lib/python3.12/site-packages/airflow/example_dags/example_sensors.py took 0.191 seconds
[2025-09-29T16:07:21.335+0000] {processor.py:161} INFO - Started process (PID=17699) to work on /home/airflow/.local/lib/python3.12/site-packages/airflow/example_dags/example_sensors.py
[2025-09-29T16:07:21.339+0000] {processor.py:830} INFO - Processing file /home/airflow/.local/lib/python3.12/site-packages/airflow/example_dags/example_sensors.py for tasks to queue
[2025-09-29T16:07:21.344+0000] {logging_mixin.py:188} INFO - [2025-09-29T16:07:21.343+0000] {dagbag.py:545} INFO - Filling up the DagBag from /home/airflow/.local/lib/python3.12/site-packages/airflow/example_dags/example_sensors.py
[2025-09-29T16:07:21.369+0000] {processor.py:840} INFO - DAG(s) 'example_sensors' retrieved from /home/airflow/.local/lib/python3.12/site-packages/airflow/example_dags/example_sensors.py
[2025-09-29T16:07:21.443+0000] {logging_mixin.py:188} INFO - [2025-09-29T16:07:21.442+0000] {dag.py:3089} INFO - Sync 1 DAGs
[2025-09-29T16:07:21.474+0000] {logging_mixin.py:188} INFO - [2025-09-29T16:07:21.474+0000] {dag.py:3947} INFO - Setting next_dagrun for example_sensors to None, run_after=None
[2025-09-29T16:07:21.526+0000] {processor.py:183} INFO - Processing /home/airflow/.local/lib/python3.12/site-packages/airflow/example_dags/example_sensors.py took 0.207 seconds
[2025-09-29T16:07:51.726+0000] {processor.py:161} INFO - Started process (PID=17961) to work on /home/airflow/.local/lib/python3.12/site-packages/airflow/example_dags/example_sensors.py
[2025-09-29T16:07:51.729+0000] {processor.py:830} INFO - Processing file /home/airflow/.local/lib/python3.12/site-packages/airflow/example_dags/example_sensors.py for tasks to queue
[2025-09-29T16:07:51.733+0000] {logging_mixin.py:188} INFO - [2025-09-29T16:07:51.732+0000] {dagbag.py:545} INFO - Filling up the DagBag from /home/airflow/.local/lib/python3.12/site-packages/airflow/example_dags/example_sensors.py
[2025-09-29T16:07:51.753+0000] {processor.py:840} INFO - DAG(s) 'example_sensors' retrieved from /home/airflow/.local/lib/python3.12/site-packages/airflow/example_dags/example_sensors.py
[2025-09-29T16:07:51.820+0000] {logging_mixin.py:188} INFO - [2025-09-29T16:07:51.819+0000] {dag.py:3089} INFO - Sync 1 DAGs
[2025-09-29T16:07:51.855+0000] {logging_mixin.py:188} INFO - [2025-09-29T16:07:51.854+0000] {dag.py:3947} INFO - Setting next_dagrun for example_sensors to None, run_after=None
[2025-09-29T16:07:51.906+0000] {processor.py:183} INFO - Processing /home/airflow/.local/lib/python3.12/site-packages/airflow/example_dags/example_sensors.py took 0.195 seconds
[2025-09-29T16:08:22.171+0000] {processor.py:161} INFO - Started process (PID=18223) to work on /home/airflow/.local/lib/python3.12/site-packages/airflow/example_dags/example_sensors.py
[2025-09-29T16:08:22.174+0000] {processor.py:830} INFO - Processing file /home/airflow/.local/lib/python3.12/site-packages/airflow/example_dags/example_sensors.py for tasks to queue
[2025-09-29T16:08:22.179+0000] {logging_mixin.py:188} INFO - [2025-09-29T16:08:22.178+0000] {dagbag.py:545} INFO - Filling up the DagBag from /home/airflow/.local/lib/python3.12/site-packages/airflow/example_dags/example_sensors.py
[2025-09-29T16:08:22.204+0000] {processor.py:840} INFO - DAG(s) 'example_sensors' retrieved from /home/airflow/.local/lib/python3.12/site-packages/airflow/example_dags/example_sensors.py
[2025-09-29T16:08:22.278+0000] {logging_mixin.py:188} INFO - [2025-09-29T16:08:22.278+0000] {dag.py:3089} INFO - Sync 1 DAGs
[2025-09-29T16:08:22.312+0000] {logging_mixin.py:188} INFO - [2025-09-29T16:08:22.311+0000] {dag.py:3947} INFO - Setting next_dagrun for example_sensors to None, run_after=None
[2025-09-29T16:08:22.364+0000] {processor.py:183} INFO - Processing /home/airflow/.local/lib/python3.12/site-packages/airflow/example_dags/example_sensors.py took 0.211 seconds
[2025-09-29T16:08:52.673+0000] {processor.py:161} INFO - Started process (PID=18485) to work on /home/airflow/.local/lib/python3.12/site-packages/airflow/example_dags/example_sensors.py
[2025-09-29T16:08:52.676+0000] {processor.py:830} INFO - Processing file /home/airflow/.local/lib/python3.12/site-packages/airflow/example_dags/example_sensors.py for tasks to queue
[2025-09-29T16:08:52.680+0000] {logging_mixin.py:188} INFO - [2025-09-29T16:08:52.680+0000] {dagbag.py:545} INFO - Filling up the DagBag from /home/airflow/.local/lib/python3.12/site-packages/airflow/example_dags/example_sensors.py
[2025-09-29T16:08:52.702+0000] {processor.py:840} INFO - DAG(s) 'example_sensors' retrieved from /home/airflow/.local/lib/python3.12/site-packages/airflow/example_dags/example_sensors.py
[2025-09-29T16:08:52.777+0000] {logging_mixin.py:188} INFO - [2025-09-29T16:08:52.777+0000] {dag.py:3089} INFO - Sync 1 DAGs
[2025-09-29T16:08:52.809+0000] {logging_mixin.py:188} INFO - [2025-09-29T16:08:52.809+0000] {dag.py:3947} INFO - Setting next_dagrun for example_sensors to None, run_after=None
[2025-09-29T16:08:52.863+0000] {processor.py:183} INFO - Processing /home/airflow/.local/lib/python3.12/site-packages/airflow/example_dags/example_sensors.py took 0.206 seconds
[2025-09-29T16:09:23.536+0000] {processor.py:161} INFO - Started process (PID=18746) to work on /home/airflow/.local/lib/python3.12/site-packages/airflow/example_dags/example_sensors.py
[2025-09-29T16:09:23.539+0000] {processor.py:830} INFO - Processing file /home/airflow/.local/lib/python3.12/site-packages/airflow/example_dags/example_sensors.py for tasks to queue
[2025-09-29T16:09:23.544+0000] {logging_mixin.py:188} INFO - [2025-09-29T16:09:23.543+0000] {dagbag.py:545} INFO - Filling up the DagBag from /home/airflow/.local/lib/python3.12/site-packages/airflow/example_dags/example_sensors.py
[2025-09-29T16:09:23.565+0000] {processor.py:840} INFO - DAG(s) 'example_sensors' retrieved from /home/airflow/.local/lib/python3.12/site-packages/airflow/example_dags/example_sensors.py
[2025-09-29T16:09:23.636+0000] {logging_mixin.py:188} INFO - [2025-09-29T16:09:23.635+0000] {dag.py:3089} INFO - Sync 1 DAGs
[2025-09-29T16:09:23.668+0000] {logging_mixin.py:188} INFO - [2025-09-29T16:09:23.667+0000] {dag.py:3947} INFO - Setting next_dagrun for example_sensors to None, run_after=None
[2025-09-29T16:09:23.720+0000] {processor.py:183} INFO - Processing /home/airflow/.local/lib/python3.12/site-packages/airflow/example_dags/example_sensors.py took 0.201 seconds
[2025-09-29T16:09:54.132+0000] {processor.py:161} INFO - Started process (PID=19007) to work on /home/airflow/.local/lib/python3.12/site-packages/airflow/example_dags/example_sensors.py
[2025-09-29T16:09:54.134+0000] {processor.py:830} INFO - Processing file /home/airflow/.local/lib/python3.12/site-packages/airflow/example_dags/example_sensors.py for tasks to queue
[2025-09-29T16:09:54.138+0000] {logging_mixin.py:188} INFO - [2025-09-29T16:09:54.138+0000] {dagbag.py:545} INFO - Filling up the DagBag from /home/airflow/.local/lib/python3.12/site-packages/airflow/example_dags/example_sensors.py
[2025-09-29T16:09:54.158+0000] {processor.py:840} INFO - DAG(s) 'example_sensors' retrieved from /home/airflow/.local/lib/python3.12/site-packages/airflow/example_dags/example_sensors.py
[2025-09-29T16:09:54.228+0000] {logging_mixin.py:188} INFO - [2025-09-29T16:09:54.228+0000] {dag.py:3089} INFO - Sync 1 DAGs
[2025-09-29T16:09:54.258+0000] {logging_mixin.py:188} INFO - [2025-09-29T16:09:54.258+0000] {dag.py:3947} INFO - Setting next_dagrun for example_sensors to None, run_after=None
[2025-09-29T16:09:54.306+0000] {processor.py:183} INFO - Processing /home/airflow/.local/lib/python3.12/site-packages/airflow/example_dags/example_sensors.py took 0.190 seconds
[2025-09-29T16:10:24.768+0000] {processor.py:161} INFO - Started process (PID=19268) to work on /home/airflow/.local/lib/python3.12/site-packages/airflow/example_dags/example_sensors.py
[2025-09-29T16:10:24.770+0000] {processor.py:830} INFO - Processing file /home/airflow/.local/lib/python3.12/site-packages/airflow/example_dags/example_sensors.py for tasks to queue
[2025-09-29T16:10:24.774+0000] {logging_mixin.py:188} INFO - [2025-09-29T16:10:24.774+0000] {dagbag.py:545} INFO - Filling up the DagBag from /home/airflow/.local/lib/python3.12/site-packages/airflow/example_dags/example_sensors.py
[2025-09-29T16:10:24.794+0000] {processor.py:840} INFO - DAG(s) 'example_sensors' retrieved from /home/airflow/.local/lib/python3.12/site-packages/airflow/example_dags/example_sensors.py
[2025-09-29T16:10:24.861+0000] {logging_mixin.py:188} INFO - [2025-09-29T16:10:24.860+0000] {dag.py:3089} INFO - Sync 1 DAGs
[2025-09-29T16:10:24.897+0000] {logging_mixin.py:188} INFO - [2025-09-29T16:10:24.896+0000] {dag.py:3947} INFO - Setting next_dagrun for example_sensors to None, run_after=None
[2025-09-29T16:10:24.943+0000] {processor.py:183} INFO - Processing /home/airflow/.local/lib/python3.12/site-packages/airflow/example_dags/example_sensors.py took 0.190 seconds
[2025-09-29T16:10:55.380+0000] {processor.py:161} INFO - Started process (PID=19529) to work on /home/airflow/.local/lib/python3.12/site-packages/airflow/example_dags/example_sensors.py
[2025-09-29T16:10:55.383+0000] {processor.py:830} INFO - Processing file /home/airflow/.local/lib/python3.12/site-packages/airflow/example_dags/example_sensors.py for tasks to queue
[2025-09-29T16:10:55.385+0000] {logging_mixin.py:188} INFO - [2025-09-29T16:10:55.384+0000] {dagbag.py:545} INFO - Filling up the DagBag from /home/airflow/.local/lib/python3.12/site-packages/airflow/example_dags/example_sensors.py
[2025-09-29T16:10:55.407+0000] {processor.py:840} INFO - DAG(s) 'example_sensors' retrieved from /home/airflow/.local/lib/python3.12/site-packages/airflow/example_dags/example_sensors.py
[2025-09-29T16:10:55.474+0000] {logging_mixin.py:188} INFO - [2025-09-29T16:10:55.473+0000] {dag.py:3089} INFO - Sync 1 DAGs
[2025-09-29T16:10:55.501+0000] {logging_mixin.py:188} INFO - [2025-09-29T16:10:55.501+0000] {dag.py:3947} INFO - Setting next_dagrun for example_sensors to None, run_after=None
[2025-09-29T16:10:55.548+0000] {processor.py:183} INFO - Processing /home/airflow/.local/lib/python3.12/site-packages/airflow/example_dags/example_sensors.py took 0.183 seconds
[2025-09-29T16:11:26.029+0000] {processor.py:161} INFO - Started process (PID=19790) to work on /home/airflow/.local/lib/python3.12/site-packages/airflow/example_dags/example_sensors.py
[2025-09-29T16:11:26.032+0000] {processor.py:830} INFO - Processing file /home/airflow/.local/lib/python3.12/site-packages/airflow/example_dags/example_sensors.py for tasks to queue
[2025-09-29T16:11:26.034+0000] {logging_mixin.py:188} INFO - [2025-09-29T16:11:26.033+0000] {dagbag.py:545} INFO - Filling up the DagBag from /home/airflow/.local/lib/python3.12/site-packages/airflow/example_dags/example_sensors.py
[2025-09-29T16:11:26.056+0000] {processor.py:840} INFO - DAG(s) 'example_sensors' retrieved from /home/airflow/.local/lib/python3.12/site-packages/airflow/example_dags/example_sensors.py
[2025-09-29T16:11:26.124+0000] {logging_mixin.py:188} INFO - [2025-09-29T16:11:26.123+0000] {dag.py:3089} INFO - Sync 1 DAGs
[2025-09-29T16:11:26.151+0000] {logging_mixin.py:188} INFO - [2025-09-29T16:11:26.151+0000] {dag.py:3947} INFO - Setting next_dagrun for example_sensors to None, run_after=None
[2025-09-29T16:11:26.198+0000] {processor.py:183} INFO - Processing /home/airflow/.local/lib/python3.12/site-packages/airflow/example_dags/example_sensors.py took 0.183 seconds
[2025-09-29T16:11:56.916+0000] {processor.py:161} INFO - Started process (PID=20051) to work on /home/airflow/.local/lib/python3.12/site-packages/airflow/example_dags/example_sensors.py
[2025-09-29T16:11:56.918+0000] {processor.py:830} INFO - Processing file /home/airflow/.local/lib/python3.12/site-packages/airflow/example_dags/example_sensors.py for tasks to queue
[2025-09-29T16:11:56.920+0000] {logging_mixin.py:188} INFO - [2025-09-29T16:11:56.919+0000] {dagbag.py:545} INFO - Filling up the DagBag from /home/airflow/.local/lib/python3.12/site-packages/airflow/example_dags/example_sensors.py
[2025-09-29T16:11:56.946+0000] {processor.py:840} INFO - DAG(s) 'example_sensors' retrieved from /home/airflow/.local/lib/python3.12/site-packages/airflow/example_dags/example_sensors.py
[2025-09-29T16:11:57.027+0000] {logging_mixin.py:188} INFO - [2025-09-29T16:11:57.026+0000] {dag.py:3089} INFO - Sync 1 DAGs
[2025-09-29T16:11:57.058+0000] {logging_mixin.py:188} INFO - [2025-09-29T16:11:57.058+0000] {dag.py:3947} INFO - Setting next_dagrun for example_sensors to None, run_after=None
[2025-09-29T16:11:57.111+0000] {processor.py:183} INFO - Processing /home/airflow/.local/lib/python3.12/site-packages/airflow/example_dags/example_sensors.py took 0.212 seconds
[2025-09-29T16:12:27.801+0000] {processor.py:161} INFO - Started process (PID=20327) to work on /home/airflow/.local/lib/python3.12/site-packages/airflow/example_dags/example_sensors.py
[2025-09-29T16:12:27.804+0000] {processor.py:830} INFO - Processing file /home/airflow/.local/lib/python3.12/site-packages/airflow/example_dags/example_sensors.py for tasks to queue
[2025-09-29T16:12:27.806+0000] {logging_mixin.py:188} INFO - [2025-09-29T16:12:27.805+0000] {dagbag.py:545} INFO - Filling up the DagBag from /home/airflow/.local/lib/python3.12/site-packages/airflow/example_dags/example_sensors.py
[2025-09-29T16:12:27.830+0000] {processor.py:840} INFO - DAG(s) 'example_sensors' retrieved from /home/airflow/.local/lib/python3.12/site-packages/airflow/example_dags/example_sensors.py
[2025-09-29T16:12:27.906+0000] {logging_mixin.py:188} INFO - [2025-09-29T16:12:27.905+0000] {dag.py:3089} INFO - Sync 1 DAGs
[2025-09-29T16:12:27.944+0000] {logging_mixin.py:188} INFO - [2025-09-29T16:12:27.943+0000] {dag.py:3947} INFO - Setting next_dagrun for example_sensors to None, run_after=None
[2025-09-29T16:12:28.010+0000] {processor.py:183} INFO - Processing /home/airflow/.local/lib/python3.12/site-packages/airflow/example_dags/example_sensors.py took 0.224 seconds
[2025-09-29T16:12:59.015+0000] {processor.py:161} INFO - Started process (PID=20590) to work on /home/airflow/.local/lib/python3.12/site-packages/airflow/example_dags/example_sensors.py
[2025-09-29T16:12:59.018+0000] {processor.py:830} INFO - Processing file /home/airflow/.local/lib/python3.12/site-packages/airflow/example_dags/example_sensors.py for tasks to queue
[2025-09-29T16:12:59.020+0000] {logging_mixin.py:188} INFO - [2025-09-29T16:12:59.019+0000] {dagbag.py:545} INFO - Filling up the DagBag from /home/airflow/.local/lib/python3.12/site-packages/airflow/example_dags/example_sensors.py
[2025-09-29T16:12:59.041+0000] {processor.py:840} INFO - DAG(s) 'example_sensors' retrieved from /home/airflow/.local/lib/python3.12/site-packages/airflow/example_dags/example_sensors.py
[2025-09-29T16:12:59.108+0000] {logging_mixin.py:188} INFO - [2025-09-29T16:12:59.108+0000] {dag.py:3089} INFO - Sync 1 DAGs
[2025-09-29T16:12:59.138+0000] {logging_mixin.py:188} INFO - [2025-09-29T16:12:59.137+0000] {dag.py:3947} INFO - Setting next_dagrun for example_sensors to None, run_after=None
[2025-09-29T16:12:59.186+0000] {processor.py:183} INFO - Processing /home/airflow/.local/lib/python3.12/site-packages/airflow/example_dags/example_sensors.py took 0.186 seconds
[2025-09-29T16:13:29.465+0000] {processor.py:161} INFO - Started process (PID=20851) to work on /home/airflow/.local/lib/python3.12/site-packages/airflow/example_dags/example_sensors.py
[2025-09-29T16:13:29.468+0000] {processor.py:830} INFO - Processing file /home/airflow/.local/lib/python3.12/site-packages/airflow/example_dags/example_sensors.py for tasks to queue
[2025-09-29T16:13:29.469+0000] {logging_mixin.py:188} INFO - [2025-09-29T16:13:29.469+0000] {dagbag.py:545} INFO - Filling up the DagBag from /home/airflow/.local/lib/python3.12/site-packages/airflow/example_dags/example_sensors.py
[2025-09-29T16:13:29.491+0000] {processor.py:840} INFO - DAG(s) 'example_sensors' retrieved from /home/airflow/.local/lib/python3.12/site-packages/airflow/example_dags/example_sensors.py
[2025-09-29T16:13:29.559+0000] {logging_mixin.py:188} INFO - [2025-09-29T16:13:29.559+0000] {dag.py:3089} INFO - Sync 1 DAGs
[2025-09-29T16:13:29.592+0000] {logging_mixin.py:188} INFO - [2025-09-29T16:13:29.592+0000] {dag.py:3947} INFO - Setting next_dagrun for example_sensors to None, run_after=None
[2025-09-29T16:13:29.649+0000] {processor.py:183} INFO - Processing /home/airflow/.local/lib/python3.12/site-packages/airflow/example_dags/example_sensors.py took 0.199 seconds
[2025-09-29T16:13:59.896+0000] {processor.py:161} INFO - Started process (PID=21112) to work on /home/airflow/.local/lib/python3.12/site-packages/airflow/example_dags/example_sensors.py
[2025-09-29T16:13:59.898+0000] {processor.py:830} INFO - Processing file /home/airflow/.local/lib/python3.12/site-packages/airflow/example_dags/example_sensors.py for tasks to queue
[2025-09-29T16:13:59.900+0000] {logging_mixin.py:188} INFO - [2025-09-29T16:13:59.899+0000] {dagbag.py:545} INFO - Filling up the DagBag from /home/airflow/.local/lib/python3.12/site-packages/airflow/example_dags/example_sensors.py
[2025-09-29T16:13:59.924+0000] {processor.py:840} INFO - DAG(s) 'example_sensors' retrieved from /home/airflow/.local/lib/python3.12/site-packages/airflow/example_dags/example_sensors.py
[2025-09-29T16:13:59.994+0000] {logging_mixin.py:188} INFO - [2025-09-29T16:13:59.994+0000] {dag.py:3089} INFO - Sync 1 DAGs
[2025-09-29T16:14:00.024+0000] {logging_mixin.py:188} INFO - [2025-09-29T16:14:00.023+0000] {dag.py:3947} INFO - Setting next_dagrun for example_sensors to None, run_after=None
[2025-09-29T16:14:00.071+0000] {processor.py:183} INFO - Processing /home/airflow/.local/lib/python3.12/site-packages/airflow/example_dags/example_sensors.py took 0.189 seconds
[2025-09-29T16:14:30.192+0000] {processor.py:161} INFO - Started process (PID=21361) to work on /home/airflow/.local/lib/python3.12/site-packages/airflow/example_dags/example_sensors.py
[2025-09-29T16:14:30.195+0000] {processor.py:830} INFO - Processing file /home/airflow/.local/lib/python3.12/site-packages/airflow/example_dags/example_sensors.py for tasks to queue
[2025-09-29T16:14:30.198+0000] {logging_mixin.py:188} INFO - [2025-09-29T16:14:30.197+0000] {dagbag.py:545} INFO - Filling up the DagBag from /home/airflow/.local/lib/python3.12/site-packages/airflow/example_dags/example_sensors.py
[2025-09-29T16:14:30.220+0000] {processor.py:840} INFO - DAG(s) 'example_sensors' retrieved from /home/airflow/.local/lib/python3.12/site-packages/airflow/example_dags/example_sensors.py
[2025-09-29T16:14:30.298+0000] {logging_mixin.py:188} INFO - [2025-09-29T16:14:30.297+0000] {dag.py:3089} INFO - Sync 1 DAGs
[2025-09-29T16:14:30.330+0000] {logging_mixin.py:188} INFO - [2025-09-29T16:14:30.329+0000] {dag.py:3947} INFO - Setting next_dagrun for example_sensors to None, run_after=None
[2025-09-29T16:14:30.383+0000] {processor.py:183} INFO - Processing /home/airflow/.local/lib/python3.12/site-packages/airflow/example_dags/example_sensors.py took 0.206 seconds
[2025-09-29T16:15:03.830+0000] {processor.py:161} INFO - Started process (PID=21617) to work on /home/airflow/.local/lib/python3.12/site-packages/airflow/example_dags/example_sensors.py
[2025-09-29T16:15:03.842+0000] {processor.py:830} INFO - Processing file /home/airflow/.local/lib/python3.12/site-packages/airflow/example_dags/example_sensors.py for tasks to queue
[2025-09-29T16:15:03.844+0000] {logging_mixin.py:188} INFO - [2025-09-29T16:15:03.843+0000] {dagbag.py:545} INFO - Filling up the DagBag from /home/airflow/.local/lib/python3.12/site-packages/airflow/example_dags/example_sensors.py
[2025-09-29T16:15:03.886+0000] {processor.py:840} INFO - DAG(s) 'example_sensors' retrieved from /home/airflow/.local/lib/python3.12/site-packages/airflow/example_dags/example_sensors.py
[2025-09-29T16:15:03.976+0000] {logging_mixin.py:188} INFO - [2025-09-29T16:15:03.975+0000] {dag.py:3089} INFO - Sync 1 DAGs
[2025-09-29T16:15:04.016+0000] {logging_mixin.py:188} INFO - [2025-09-29T16:15:04.015+0000] {dag.py:3947} INFO - Setting next_dagrun for example_sensors to None, run_after=None
[2025-09-29T16:15:04.074+0000] {processor.py:183} INFO - Processing /home/airflow/.local/lib/python3.12/site-packages/airflow/example_dags/example_sensors.py took 0.262 seconds
[2025-09-29T16:15:34.305+0000] {processor.py:161} INFO - Started process (PID=21878) to work on /home/airflow/.local/lib/python3.12/site-packages/airflow/example_dags/example_sensors.py
[2025-09-29T16:15:34.307+0000] {processor.py:830} INFO - Processing file /home/airflow/.local/lib/python3.12/site-packages/airflow/example_dags/example_sensors.py for tasks to queue
[2025-09-29T16:15:34.309+0000] {logging_mixin.py:188} INFO - [2025-09-29T16:15:34.309+0000] {dagbag.py:545} INFO - Filling up the DagBag from /home/airflow/.local/lib/python3.12/site-packages/airflow/example_dags/example_sensors.py
[2025-09-29T16:15:34.332+0000] {processor.py:840} INFO - DAG(s) 'example_sensors' retrieved from /home/airflow/.local/lib/python3.12/site-packages/airflow/example_dags/example_sensors.py
[2025-09-29T16:15:34.399+0000] {logging_mixin.py:188} INFO - [2025-09-29T16:15:34.398+0000] {dag.py:3089} INFO - Sync 1 DAGs
[2025-09-29T16:15:34.428+0000] {logging_mixin.py:188} INFO - [2025-09-29T16:15:34.428+0000] {dag.py:3947} INFO - Setting next_dagrun for example_sensors to None, run_after=None
[2025-09-29T16:15:34.479+0000] {processor.py:183} INFO - Processing /home/airflow/.local/lib/python3.12/site-packages/airflow/example_dags/example_sensors.py took 0.189 seconds
[2025-09-29T16:16:05.330+0000] {processor.py:161} INFO - Started process (PID=22139) to work on /home/airflow/.local/lib/python3.12/site-packages/airflow/example_dags/example_sensors.py
[2025-09-29T16:16:05.333+0000] {processor.py:830} INFO - Processing file /home/airflow/.local/lib/python3.12/site-packages/airflow/example_dags/example_sensors.py for tasks to queue
[2025-09-29T16:16:05.335+0000] {logging_mixin.py:188} INFO - [2025-09-29T16:16:05.334+0000] {dagbag.py:545} INFO - Filling up the DagBag from /home/airflow/.local/lib/python3.12/site-packages/airflow/example_dags/example_sensors.py
[2025-09-29T16:16:05.357+0000] {processor.py:840} INFO - DAG(s) 'example_sensors' retrieved from /home/airflow/.local/lib/python3.12/site-packages/airflow/example_dags/example_sensors.py
[2025-09-29T16:16:05.425+0000] {logging_mixin.py:188} INFO - [2025-09-29T16:16:05.425+0000] {dag.py:3089} INFO - Sync 1 DAGs
[2025-09-29T16:16:05.461+0000] {logging_mixin.py:188} INFO - [2025-09-29T16:16:05.461+0000] {dag.py:3947} INFO - Setting next_dagrun for example_sensors to None, run_after=None
[2025-09-29T16:16:05.510+0000] {processor.py:183} INFO - Processing /home/airflow/.local/lib/python3.12/site-packages/airflow/example_dags/example_sensors.py took 0.194 seconds
[2025-09-29T16:16:35.994+0000] {processor.py:161} INFO - Started process (PID=22405) to work on /home/airflow/.local/lib/python3.12/site-packages/airflow/example_dags/example_sensors.py
[2025-09-29T16:16:35.997+0000] {processor.py:830} INFO - Processing file /home/airflow/.local/lib/python3.12/site-packages/airflow/example_dags/example_sensors.py for tasks to queue
[2025-09-29T16:16:35.999+0000] {logging_mixin.py:188} INFO - [2025-09-29T16:16:35.998+0000] {dagbag.py:545} INFO - Filling up the DagBag from /home/airflow/.local/lib/python3.12/site-packages/airflow/example_dags/example_sensors.py
[2025-09-29T16:16:36.021+0000] {processor.py:840} INFO - DAG(s) 'example_sensors' retrieved from /home/airflow/.local/lib/python3.12/site-packages/airflow/example_dags/example_sensors.py
[2025-09-29T16:16:36.095+0000] {logging_mixin.py:188} INFO - [2025-09-29T16:16:36.094+0000] {dag.py:3089} INFO - Sync 1 DAGs
[2025-09-29T16:16:36.126+0000] {logging_mixin.py:188} INFO - [2025-09-29T16:16:36.126+0000] {dag.py:3947} INFO - Setting next_dagrun for example_sensors to None, run_after=None
[2025-09-29T16:16:36.179+0000] {processor.py:183} INFO - Processing /home/airflow/.local/lib/python3.12/site-packages/airflow/example_dags/example_sensors.py took 0.201 seconds
[2025-09-29T16:17:06.530+0000] {processor.py:161} INFO - Started process (PID=22666) to work on /home/airflow/.local/lib/python3.12/site-packages/airflow/example_dags/example_sensors.py
[2025-09-29T16:17:06.532+0000] {processor.py:830} INFO - Processing file /home/airflow/.local/lib/python3.12/site-packages/airflow/example_dags/example_sensors.py for tasks to queue
[2025-09-29T16:17:06.534+0000] {logging_mixin.py:188} INFO - [2025-09-29T16:17:06.533+0000] {dagbag.py:545} INFO - Filling up the DagBag from /home/airflow/.local/lib/python3.12/site-packages/airflow/example_dags/example_sensors.py
[2025-09-29T16:17:06.557+0000] {processor.py:840} INFO - DAG(s) 'example_sensors' retrieved from /home/airflow/.local/lib/python3.12/site-packages/airflow/example_dags/example_sensors.py
[2025-09-29T16:17:06.631+0000] {logging_mixin.py:188} INFO - [2025-09-29T16:17:06.630+0000] {dag.py:3089} INFO - Sync 1 DAGs
[2025-09-29T16:17:06.659+0000] {logging_mixin.py:188} INFO - [2025-09-29T16:17:06.659+0000] {dag.py:3947} INFO - Setting next_dagrun for example_sensors to None, run_after=None
[2025-09-29T16:17:06.713+0000] {processor.py:183} INFO - Processing /home/airflow/.local/lib/python3.12/site-packages/airflow/example_dags/example_sensors.py took 0.201 seconds
[2025-09-29T16:17:37.283+0000] {processor.py:161} INFO - Started process (PID=22927) to work on /home/airflow/.local/lib/python3.12/site-packages/airflow/example_dags/example_sensors.py
[2025-09-29T16:17:37.286+0000] {processor.py:830} INFO - Processing file /home/airflow/.local/lib/python3.12/site-packages/airflow/example_dags/example_sensors.py for tasks to queue
[2025-09-29T16:17:37.289+0000] {logging_mixin.py:188} INFO - [2025-09-29T16:17:37.287+0000] {dagbag.py:545} INFO - Filling up the DagBag from /home/airflow/.local/lib/python3.12/site-packages/airflow/example_dags/example_sensors.py
[2025-09-29T16:17:37.317+0000] {processor.py:840} INFO - DAG(s) 'example_sensors' retrieved from /home/airflow/.local/lib/python3.12/site-packages/airflow/example_dags/example_sensors.py
[2025-09-29T16:17:37.408+0000] {logging_mixin.py:188} INFO - [2025-09-29T16:17:37.407+0000] {dag.py:3089} INFO - Sync 1 DAGs
[2025-09-29T16:17:37.448+0000] {logging_mixin.py:188} INFO - [2025-09-29T16:17:37.448+0000] {dag.py:3947} INFO - Setting next_dagrun for example_sensors to None, run_after=None
[2025-09-29T16:17:37.513+0000] {processor.py:183} INFO - Processing /home/airflow/.local/lib/python3.12/site-packages/airflow/example_dags/example_sensors.py took 0.251 seconds
[2025-09-29T16:18:07.872+0000] {processor.py:161} INFO - Started process (PID=23190) to work on /home/airflow/.local/lib/python3.12/site-packages/airflow/example_dags/example_sensors.py
[2025-09-29T16:18:07.875+0000] {processor.py:830} INFO - Processing file /home/airflow/.local/lib/python3.12/site-packages/airflow/example_dags/example_sensors.py for tasks to queue
[2025-09-29T16:18:07.877+0000] {logging_mixin.py:188} INFO - [2025-09-29T16:18:07.876+0000] {dagbag.py:545} INFO - Filling up the DagBag from /home/airflow/.local/lib/python3.12/site-packages/airflow/example_dags/example_sensors.py
[2025-09-29T16:18:07.906+0000] {processor.py:840} INFO - DAG(s) 'example_sensors' retrieved from /home/airflow/.local/lib/python3.12/site-packages/airflow/example_dags/example_sensors.py
[2025-09-29T16:18:07.992+0000] {logging_mixin.py:188} INFO - [2025-09-29T16:18:07.991+0000] {dag.py:3089} INFO - Sync 1 DAGs
[2025-09-29T16:18:08.028+0000] {logging_mixin.py:188} INFO - [2025-09-29T16:18:08.027+0000] {dag.py:3947} INFO - Setting next_dagrun for example_sensors to None, run_after=None
[2025-09-29T16:18:08.089+0000] {processor.py:183} INFO - Processing /home/airflow/.local/lib/python3.12/site-packages/airflow/example_dags/example_sensors.py took 0.234 seconds
[2025-09-29T16:18:38.350+0000] {processor.py:161} INFO - Started process (PID=23451) to work on /home/airflow/.local/lib/python3.12/site-packages/airflow/example_dags/example_sensors.py
[2025-09-29T16:18:38.353+0000] {processor.py:830} INFO - Processing file /home/airflow/.local/lib/python3.12/site-packages/airflow/example_dags/example_sensors.py for tasks to queue
[2025-09-29T16:18:38.355+0000] {logging_mixin.py:188} INFO - [2025-09-29T16:18:38.355+0000] {dagbag.py:545} INFO - Filling up the DagBag from /home/airflow/.local/lib/python3.12/site-packages/airflow/example_dags/example_sensors.py
[2025-09-29T16:18:38.377+0000] {processor.py:840} INFO - DAG(s) 'example_sensors' retrieved from /home/airflow/.local/lib/python3.12/site-packages/airflow/example_dags/example_sensors.py
[2025-09-29T16:18:38.446+0000] {logging_mixin.py:188} INFO - [2025-09-29T16:18:38.445+0000] {dag.py:3089} INFO - Sync 1 DAGs
[2025-09-29T16:18:38.476+0000] {logging_mixin.py:188} INFO - [2025-09-29T16:18:38.475+0000] {dag.py:3947} INFO - Setting next_dagrun for example_sensors to None, run_after=None
[2025-09-29T16:18:38.524+0000] {processor.py:183} INFO - Processing /home/airflow/.local/lib/python3.12/site-packages/airflow/example_dags/example_sensors.py took 0.189 seconds
[2025-09-29T16:19:08.784+0000] {processor.py:161} INFO - Started process (PID=23712) to work on /home/airflow/.local/lib/python3.12/site-packages/airflow/example_dags/example_sensors.py
[2025-09-29T16:19:08.786+0000] {processor.py:830} INFO - Processing file /home/airflow/.local/lib/python3.12/site-packages/airflow/example_dags/example_sensors.py for tasks to queue
[2025-09-29T16:19:08.788+0000] {logging_mixin.py:188} INFO - [2025-09-29T16:19:08.787+0000] {dagbag.py:545} INFO - Filling up the DagBag from /home/airflow/.local/lib/python3.12/site-packages/airflow/example_dags/example_sensors.py
[2025-09-29T16:19:08.810+0000] {processor.py:840} INFO - DAG(s) 'example_sensors' retrieved from /home/airflow/.local/lib/python3.12/site-packages/airflow/example_dags/example_sensors.py
[2025-09-29T16:19:08.880+0000] {logging_mixin.py:188} INFO - [2025-09-29T16:19:08.880+0000] {dag.py:3089} INFO - Sync 1 DAGs
[2025-09-29T16:19:08.910+0000] {logging_mixin.py:188} INFO - [2025-09-29T16:19:08.910+0000] {dag.py:3947} INFO - Setting next_dagrun for example_sensors to None, run_after=None
[2025-09-29T16:19:08.966+0000] {processor.py:183} INFO - Processing /home/airflow/.local/lib/python3.12/site-packages/airflow/example_dags/example_sensors.py took 0.197 seconds
[2025-09-29T16:19:39.570+0000] {processor.py:161} INFO - Started process (PID=23971) to work on /home/airflow/.local/lib/python3.12/site-packages/airflow/example_dags/example_sensors.py
[2025-09-29T16:19:39.573+0000] {processor.py:830} INFO - Processing file /home/airflow/.local/lib/python3.12/site-packages/airflow/example_dags/example_sensors.py for tasks to queue
[2025-09-29T16:19:39.575+0000] {logging_mixin.py:188} INFO - [2025-09-29T16:19:39.574+0000] {dagbag.py:545} INFO - Filling up the DagBag from /home/airflow/.local/lib/python3.12/site-packages/airflow/example_dags/example_sensors.py
[2025-09-29T16:19:39.596+0000] {processor.py:840} INFO - DAG(s) 'example_sensors' retrieved from /home/airflow/.local/lib/python3.12/site-packages/airflow/example_dags/example_sensors.py
[2025-09-29T16:19:39.663+0000] {logging_mixin.py:188} INFO - [2025-09-29T16:19:39.662+0000] {dag.py:3089} INFO - Sync 1 DAGs
[2025-09-29T16:19:39.690+0000] {logging_mixin.py:188} INFO - [2025-09-29T16:19:39.690+0000] {dag.py:3947} INFO - Setting next_dagrun for example_sensors to None, run_after=None
[2025-09-29T16:19:39.740+0000] {processor.py:183} INFO - Processing /home/airflow/.local/lib/python3.12/site-packages/airflow/example_dags/example_sensors.py took 0.185 seconds
[2025-09-29T16:20:10.006+0000] {processor.py:161} INFO - Started process (PID=24232) to work on /home/airflow/.local/lib/python3.12/site-packages/airflow/example_dags/example_sensors.py
[2025-09-29T16:20:10.009+0000] {processor.py:830} INFO - Processing file /home/airflow/.local/lib/python3.12/site-packages/airflow/example_dags/example_sensors.py for tasks to queue
[2025-09-29T16:20:10.010+0000] {logging_mixin.py:188} INFO - [2025-09-29T16:20:10.010+0000] {dagbag.py:545} INFO - Filling up the DagBag from /home/airflow/.local/lib/python3.12/site-packages/airflow/example_dags/example_sensors.py
[2025-09-29T16:20:10.032+0000] {processor.py:840} INFO - DAG(s) 'example_sensors' retrieved from /home/airflow/.local/lib/python3.12/site-packages/airflow/example_dags/example_sensors.py
[2025-09-29T16:20:10.097+0000] {logging_mixin.py:188} INFO - [2025-09-29T16:20:10.097+0000] {dag.py:3089} INFO - Sync 1 DAGs
[2025-09-29T16:20:10.126+0000] {logging_mixin.py:188} INFO - [2025-09-29T16:20:10.125+0000] {dag.py:3947} INFO - Setting next_dagrun for example_sensors to None, run_after=None
[2025-09-29T16:20:10.173+0000] {processor.py:183} INFO - Processing /home/airflow/.local/lib/python3.12/site-packages/airflow/example_dags/example_sensors.py took 0.183 seconds
[2025-09-29T16:20:40.611+0000] {processor.py:161} INFO - Started process (PID=24493) to work on /home/airflow/.local/lib/python3.12/site-packages/airflow/example_dags/example_sensors.py
[2025-09-29T16:20:40.614+0000] {processor.py:830} INFO - Processing file /home/airflow/.local/lib/python3.12/site-packages/airflow/example_dags/example_sensors.py for tasks to queue
[2025-09-29T16:20:40.616+0000] {logging_mixin.py:188} INFO - [2025-09-29T16:20:40.615+0000] {dagbag.py:545} INFO - Filling up the DagBag from /home/airflow/.local/lib/python3.12/site-packages/airflow/example_dags/example_sensors.py
[2025-09-29T16:20:40.637+0000] {processor.py:840} INFO - DAG(s) 'example_sensors' retrieved from /home/airflow/.local/lib/python3.12/site-packages/airflow/example_dags/example_sensors.py
[2025-09-29T16:20:40.707+0000] {logging_mixin.py:188} INFO - [2025-09-29T16:20:40.706+0000] {dag.py:3089} INFO - Sync 1 DAGs
[2025-09-29T16:20:40.735+0000] {logging_mixin.py:188} INFO - [2025-09-29T16:20:40.735+0000] {dag.py:3947} INFO - Setting next_dagrun for example_sensors to None, run_after=None
[2025-09-29T16:20:40.782+0000] {processor.py:183} INFO - Processing /home/airflow/.local/lib/python3.12/site-packages/airflow/example_dags/example_sensors.py took 0.186 seconds
[2025-09-29T16:21:11.172+0000] {processor.py:161} INFO - Started process (PID=24754) to work on /home/airflow/.local/lib/python3.12/site-packages/airflow/example_dags/example_sensors.py
[2025-09-29T16:21:11.175+0000] {processor.py:830} INFO - Processing file /home/airflow/.local/lib/python3.12/site-packages/airflow/example_dags/example_sensors.py for tasks to queue
[2025-09-29T16:21:11.176+0000] {logging_mixin.py:188} INFO - [2025-09-29T16:21:11.176+0000] {dagbag.py:545} INFO - Filling up the DagBag from /home/airflow/.local/lib/python3.12/site-packages/airflow/example_dags/example_sensors.py
[2025-09-29T16:21:11.199+0000] {processor.py:840} INFO - DAG(s) 'example_sensors' retrieved from /home/airflow/.local/lib/python3.12/site-packages/airflow/example_dags/example_sensors.py
[2025-09-29T16:21:11.267+0000] {logging_mixin.py:188} INFO - [2025-09-29T16:21:11.267+0000] {dag.py:3089} INFO - Sync 1 DAGs
[2025-09-29T16:21:11.296+0000] {logging_mixin.py:188} INFO - [2025-09-29T16:21:11.296+0000] {dag.py:3947} INFO - Setting next_dagrun for example_sensors to None, run_after=None
[2025-09-29T16:21:11.343+0000] {processor.py:183} INFO - Processing /home/airflow/.local/lib/python3.12/site-packages/airflow/example_dags/example_sensors.py took 0.188 seconds
[2025-09-29T16:21:41.819+0000] {processor.py:161} INFO - Started process (PID=25015) to work on /home/airflow/.local/lib/python3.12/site-packages/airflow/example_dags/example_sensors.py
[2025-09-29T16:21:41.822+0000] {processor.py:830} INFO - Processing file /home/airflow/.local/lib/python3.12/site-packages/airflow/example_dags/example_sensors.py for tasks to queue
[2025-09-29T16:21:41.823+0000] {logging_mixin.py:188} INFO - [2025-09-29T16:21:41.823+0000] {dagbag.py:545} INFO - Filling up the DagBag from /home/airflow/.local/lib/python3.12/site-packages/airflow/example_dags/example_sensors.py
[2025-09-29T16:21:41.846+0000] {processor.py:840} INFO - DAG(s) 'example_sensors' retrieved from /home/airflow/.local/lib/python3.12/site-packages/airflow/example_dags/example_sensors.py
[2025-09-29T16:21:41.913+0000] {logging_mixin.py:188} INFO - [2025-09-29T16:21:41.912+0000] {dag.py:3089} INFO - Sync 1 DAGs
[2025-09-29T16:21:41.940+0000] {logging_mixin.py:188} INFO - [2025-09-29T16:21:41.939+0000] {dag.py:3947} INFO - Setting next_dagrun for example_sensors to None, run_after=None
[2025-09-29T16:21:41.987+0000] {processor.py:183} INFO - Processing /home/airflow/.local/lib/python3.12/site-packages/airflow/example_dags/example_sensors.py took 0.184 seconds
[2025-09-29T16:22:12.367+0000] {processor.py:161} INFO - Started process (PID=25276) to work on /home/airflow/.local/lib/python3.12/site-packages/airflow/example_dags/example_sensors.py
[2025-09-29T16:22:12.371+0000] {processor.py:830} INFO - Processing file /home/airflow/.local/lib/python3.12/site-packages/airflow/example_dags/example_sensors.py for tasks to queue
[2025-09-29T16:22:12.373+0000] {logging_mixin.py:188} INFO - [2025-09-29T16:22:12.372+0000] {dagbag.py:545} INFO - Filling up the DagBag from /home/airflow/.local/lib/python3.12/site-packages/airflow/example_dags/example_sensors.py
[2025-09-29T16:22:12.396+0000] {processor.py:840} INFO - DAG(s) 'example_sensors' retrieved from /home/airflow/.local/lib/python3.12/site-packages/airflow/example_dags/example_sensors.py
[2025-09-29T16:22:12.465+0000] {logging_mixin.py:188} INFO - [2025-09-29T16:22:12.464+0000] {dag.py:3089} INFO - Sync 1 DAGs
[2025-09-29T16:22:12.501+0000] {logging_mixin.py:188} INFO - [2025-09-29T16:22:12.501+0000] {dag.py:3947} INFO - Setting next_dagrun for example_sensors to None, run_after=None
[2025-09-29T16:22:12.552+0000] {processor.py:183} INFO - Processing /home/airflow/.local/lib/python3.12/site-packages/airflow/example_dags/example_sensors.py took 0.201 seconds
[2025-09-29T16:22:42.766+0000] {processor.py:161} INFO - Started process (PID=25537) to work on /home/airflow/.local/lib/python3.12/site-packages/airflow/example_dags/example_sensors.py
[2025-09-29T16:22:42.768+0000] {processor.py:830} INFO - Processing file /home/airflow/.local/lib/python3.12/site-packages/airflow/example_dags/example_sensors.py for tasks to queue
[2025-09-29T16:22:42.771+0000] {logging_mixin.py:188} INFO - [2025-09-29T16:22:42.769+0000] {dagbag.py:545} INFO - Filling up the DagBag from /home/airflow/.local/lib/python3.12/site-packages/airflow/example_dags/example_sensors.py
[2025-09-29T16:22:42.793+0000] {processor.py:840} INFO - DAG(s) 'example_sensors' retrieved from /home/airflow/.local/lib/python3.12/site-packages/airflow/example_dags/example_sensors.py
[2025-09-29T16:22:42.862+0000] {logging_mixin.py:188} INFO - [2025-09-29T16:22:42.861+0000] {dag.py:3089} INFO - Sync 1 DAGs
[2025-09-29T16:22:42.893+0000] {logging_mixin.py:188} INFO - [2025-09-29T16:22:42.892+0000] {dag.py:3947} INFO - Setting next_dagrun for example_sensors to None, run_after=None
[2025-09-29T16:22:42.944+0000] {processor.py:183} INFO - Processing /home/airflow/.local/lib/python3.12/site-packages/airflow/example_dags/example_sensors.py took 0.193 seconds
[2025-09-29T16:23:14.023+0000] {processor.py:161} INFO - Started process (PID=25798) to work on /home/airflow/.local/lib/python3.12/site-packages/airflow/example_dags/example_sensors.py
[2025-09-29T16:23:14.026+0000] {processor.py:830} INFO - Processing file /home/airflow/.local/lib/python3.12/site-packages/airflow/example_dags/example_sensors.py for tasks to queue
[2025-09-29T16:23:14.028+0000] {logging_mixin.py:188} INFO - [2025-09-29T16:23:14.027+0000] {dagbag.py:545} INFO - Filling up the DagBag from /home/airflow/.local/lib/python3.12/site-packages/airflow/example_dags/example_sensors.py
[2025-09-29T16:23:14.056+0000] {processor.py:840} INFO - DAG(s) 'example_sensors' retrieved from /home/airflow/.local/lib/python3.12/site-packages/airflow/example_dags/example_sensors.py
[2025-09-29T16:23:14.147+0000] {logging_mixin.py:188} INFO - [2025-09-29T16:23:14.146+0000] {dag.py:3089} INFO - Sync 1 DAGs
[2025-09-29T16:23:14.186+0000] {logging_mixin.py:188} INFO - [2025-09-29T16:23:14.185+0000] {dag.py:3947} INFO - Setting next_dagrun for example_sensors to None, run_after=None
[2025-09-29T16:23:14.255+0000] {processor.py:183} INFO - Processing /home/airflow/.local/lib/python3.12/site-packages/airflow/example_dags/example_sensors.py took 0.249 seconds
[2025-09-29T16:23:44.810+0000] {processor.py:161} INFO - Started process (PID=26059) to work on /home/airflow/.local/lib/python3.12/site-packages/airflow/example_dags/example_sensors.py
[2025-09-29T16:23:44.813+0000] {processor.py:830} INFO - Processing file /home/airflow/.local/lib/python3.12/site-packages/airflow/example_dags/example_sensors.py for tasks to queue
[2025-09-29T16:23:44.816+0000] {logging_mixin.py:188} INFO - [2025-09-29T16:23:44.815+0000] {dagbag.py:545} INFO - Filling up the DagBag from /home/airflow/.local/lib/python3.12/site-packages/airflow/example_dags/example_sensors.py
[2025-09-29T16:23:44.843+0000] {processor.py:840} INFO - DAG(s) 'example_sensors' retrieved from /home/airflow/.local/lib/python3.12/site-packages/airflow/example_dags/example_sensors.py
[2025-09-29T16:23:44.931+0000] {logging_mixin.py:188} INFO - [2025-09-29T16:23:44.931+0000] {dag.py:3089} INFO - Sync 1 DAGs
[2025-09-29T16:23:44.971+0000] {logging_mixin.py:188} INFO - [2025-09-29T16:23:44.970+0000] {dag.py:3947} INFO - Setting next_dagrun for example_sensors to None, run_after=None
[2025-09-29T16:23:45.036+0000] {processor.py:183} INFO - Processing /home/airflow/.local/lib/python3.12/site-packages/airflow/example_dags/example_sensors.py took 0.246 seconds
[2025-09-29T16:24:15.526+0000] {processor.py:161} INFO - Started process (PID=26320) to work on /home/airflow/.local/lib/python3.12/site-packages/airflow/example_dags/example_sensors.py
[2025-09-29T16:24:15.529+0000] {processor.py:830} INFO - Processing file /home/airflow/.local/lib/python3.12/site-packages/airflow/example_dags/example_sensors.py for tasks to queue
[2025-09-29T16:24:15.531+0000] {logging_mixin.py:188} INFO - [2025-09-29T16:24:15.530+0000] {dagbag.py:545} INFO - Filling up the DagBag from /home/airflow/.local/lib/python3.12/site-packages/airflow/example_dags/example_sensors.py
[2025-09-29T16:24:15.559+0000] {processor.py:840} INFO - DAG(s) 'example_sensors' retrieved from /home/airflow/.local/lib/python3.12/site-packages/airflow/example_dags/example_sensors.py
[2025-09-29T16:24:15.636+0000] {logging_mixin.py:188} INFO - [2025-09-29T16:24:15.635+0000] {dag.py:3089} INFO - Sync 1 DAGs
[2025-09-29T16:24:15.668+0000] {logging_mixin.py:188} INFO - [2025-09-29T16:24:15.668+0000] {dag.py:3947} INFO - Setting next_dagrun for example_sensors to None, run_after=None
[2025-09-29T16:24:15.741+0000] {processor.py:183} INFO - Processing /home/airflow/.local/lib/python3.12/site-packages/airflow/example_dags/example_sensors.py took 0.237 seconds
[2025-09-29T16:24:46.247+0000] {processor.py:161} INFO - Started process (PID=26581) to work on /home/airflow/.local/lib/python3.12/site-packages/airflow/example_dags/example_sensors.py
[2025-09-29T16:24:46.250+0000] {processor.py:830} INFO - Processing file /home/airflow/.local/lib/python3.12/site-packages/airflow/example_dags/example_sensors.py for tasks to queue
[2025-09-29T16:24:46.257+0000] {logging_mixin.py:188} INFO - [2025-09-29T16:24:46.254+0000] {dagbag.py:545} INFO - Filling up the DagBag from /home/airflow/.local/lib/python3.12/site-packages/airflow/example_dags/example_sensors.py
[2025-09-29T16:24:46.288+0000] {processor.py:840} INFO - DAG(s) 'example_sensors' retrieved from /home/airflow/.local/lib/python3.12/site-packages/airflow/example_dags/example_sensors.py
[2025-09-29T16:24:46.369+0000] {logging_mixin.py:188} INFO - [2025-09-29T16:24:46.368+0000] {dag.py:3089} INFO - Sync 1 DAGs
[2025-09-29T16:24:46.407+0000] {logging_mixin.py:188} INFO - [2025-09-29T16:24:46.406+0000] {dag.py:3947} INFO - Setting next_dagrun for example_sensors to None, run_after=None
[2025-09-29T16:24:46.469+0000] {processor.py:183} INFO - Processing /home/airflow/.local/lib/python3.12/site-packages/airflow/example_dags/example_sensors.py took 0.247 seconds
[2025-09-29T16:25:17.310+0000] {processor.py:161} INFO - Started process (PID=26842) to work on /home/airflow/.local/lib/python3.12/site-packages/airflow/example_dags/example_sensors.py
[2025-09-29T16:25:17.313+0000] {processor.py:830} INFO - Processing file /home/airflow/.local/lib/python3.12/site-packages/airflow/example_dags/example_sensors.py for tasks to queue
[2025-09-29T16:25:17.314+0000] {logging_mixin.py:188} INFO - [2025-09-29T16:25:17.314+0000] {dagbag.py:545} INFO - Filling up the DagBag from /home/airflow/.local/lib/python3.12/site-packages/airflow/example_dags/example_sensors.py
[2025-09-29T16:25:17.338+0000] {processor.py:840} INFO - DAG(s) 'example_sensors' retrieved from /home/airflow/.local/lib/python3.12/site-packages/airflow/example_dags/example_sensors.py
[2025-09-29T16:25:17.416+0000] {logging_mixin.py:188} INFO - [2025-09-29T16:25:17.416+0000] {dag.py:3089} INFO - Sync 1 DAGs
[2025-09-29T16:25:17.447+0000] {logging_mixin.py:188} INFO - [2025-09-29T16:25:17.446+0000] {dag.py:3947} INFO - Setting next_dagrun for example_sensors to None, run_after=None
[2025-09-29T16:25:17.507+0000] {processor.py:183} INFO - Processing /home/airflow/.local/lib/python3.12/site-packages/airflow/example_dags/example_sensors.py took 0.214 seconds
[2025-09-29T16:25:48.509+0000] {processor.py:161} INFO - Started process (PID=27103) to work on /home/airflow/.local/lib/python3.12/site-packages/airflow/example_dags/example_sensors.py
[2025-09-29T16:25:48.512+0000] {processor.py:830} INFO - Processing file /home/airflow/.local/lib/python3.12/site-packages/airflow/example_dags/example_sensors.py for tasks to queue
[2025-09-29T16:25:48.514+0000] {logging_mixin.py:188} INFO - [2025-09-29T16:25:48.513+0000] {dagbag.py:545} INFO - Filling up the DagBag from /home/airflow/.local/lib/python3.12/site-packages/airflow/example_dags/example_sensors.py
[2025-09-29T16:25:48.537+0000] {processor.py:840} INFO - DAG(s) 'example_sensors' retrieved from /home/airflow/.local/lib/python3.12/site-packages/airflow/example_dags/example_sensors.py
[2025-09-29T16:25:48.609+0000] {logging_mixin.py:188} INFO - [2025-09-29T16:25:48.608+0000] {dag.py:3089} INFO - Sync 1 DAGs
[2025-09-29T16:25:48.657+0000] {logging_mixin.py:188} INFO - [2025-09-29T16:25:48.656+0000] {dag.py:3947} INFO - Setting next_dagrun for example_sensors to None, run_after=None
[2025-09-29T16:25:48.708+0000] {processor.py:183} INFO - Processing /home/airflow/.local/lib/python3.12/site-packages/airflow/example_dags/example_sensors.py took 0.216 seconds
[2025-09-29T16:26:19.475+0000] {processor.py:161} INFO - Started process (PID=27366) to work on /home/airflow/.local/lib/python3.12/site-packages/airflow/example_dags/example_sensors.py
[2025-09-29T16:26:19.478+0000] {processor.py:830} INFO - Processing file /home/airflow/.local/lib/python3.12/site-packages/airflow/example_dags/example_sensors.py for tasks to queue
[2025-09-29T16:26:19.480+0000] {logging_mixin.py:188} INFO - [2025-09-29T16:26:19.479+0000] {dagbag.py:545} INFO - Filling up the DagBag from /home/airflow/.local/lib/python3.12/site-packages/airflow/example_dags/example_sensors.py
[2025-09-29T16:26:19.506+0000] {processor.py:840} INFO - DAG(s) 'example_sensors' retrieved from /home/airflow/.local/lib/python3.12/site-packages/airflow/example_dags/example_sensors.py
[2025-09-29T16:26:19.620+0000] {logging_mixin.py:188} INFO - [2025-09-29T16:26:19.619+0000] {dag.py:3089} INFO - Sync 1 DAGs
[2025-09-29T16:26:19.665+0000] {logging_mixin.py:188} INFO - [2025-09-29T16:26:19.664+0000] {dag.py:3947} INFO - Setting next_dagrun for example_sensors to None, run_after=None
[2025-09-29T16:26:19.744+0000] {processor.py:183} INFO - Processing /home/airflow/.local/lib/python3.12/site-packages/airflow/example_dags/example_sensors.py took 0.286 seconds
[2025-09-29T16:26:50.039+0000] {processor.py:161} INFO - Started process (PID=27625) to work on /home/airflow/.local/lib/python3.12/site-packages/airflow/example_dags/example_sensors.py
[2025-09-29T16:26:50.043+0000] {processor.py:830} INFO - Processing file /home/airflow/.local/lib/python3.12/site-packages/airflow/example_dags/example_sensors.py for tasks to queue
[2025-09-29T16:26:50.045+0000] {logging_mixin.py:188} INFO - [2025-09-29T16:26:50.044+0000] {dagbag.py:545} INFO - Filling up the DagBag from /home/airflow/.local/lib/python3.12/site-packages/airflow/example_dags/example_sensors.py
[2025-09-29T16:26:50.077+0000] {processor.py:840} INFO - DAG(s) 'example_sensors' retrieved from /home/airflow/.local/lib/python3.12/site-packages/airflow/example_dags/example_sensors.py
[2025-09-29T16:26:50.165+0000] {logging_mixin.py:188} INFO - [2025-09-29T16:26:50.165+0000] {dag.py:3089} INFO - Sync 1 DAGs
[2025-09-29T16:26:50.200+0000] {logging_mixin.py:188} INFO - [2025-09-29T16:26:50.200+0000] {dag.py:3947} INFO - Setting next_dagrun for example_sensors to None, run_after=None
[2025-09-29T16:26:50.257+0000] {processor.py:183} INFO - Processing /home/airflow/.local/lib/python3.12/site-packages/airflow/example_dags/example_sensors.py took 0.238 seconds
[2025-09-29T16:27:20.443+0000] {processor.py:161} INFO - Started process (PID=27882) to work on /home/airflow/.local/lib/python3.12/site-packages/airflow/example_dags/example_sensors.py
[2025-09-29T16:27:20.446+0000] {processor.py:830} INFO - Processing file /home/airflow/.local/lib/python3.12/site-packages/airflow/example_dags/example_sensors.py for tasks to queue
[2025-09-29T16:27:20.449+0000] {logging_mixin.py:188} INFO - [2025-09-29T16:27:20.448+0000] {dagbag.py:545} INFO - Filling up the DagBag from /home/airflow/.local/lib/python3.12/site-packages/airflow/example_dags/example_sensors.py
[2025-09-29T16:27:20.482+0000] {processor.py:840} INFO - DAG(s) 'example_sensors' retrieved from /home/airflow/.local/lib/python3.12/site-packages/airflow/example_dags/example_sensors.py
[2025-09-29T16:27:20.567+0000] {logging_mixin.py:188} INFO - [2025-09-29T16:27:20.566+0000] {dag.py:3089} INFO - Sync 1 DAGs
[2025-09-29T16:27:20.609+0000] {logging_mixin.py:188} INFO - [2025-09-29T16:27:20.609+0000] {dag.py:3947} INFO - Setting next_dagrun for example_sensors to None, run_after=None
[2025-09-29T16:27:20.664+0000] {processor.py:183} INFO - Processing /home/airflow/.local/lib/python3.12/site-packages/airflow/example_dags/example_sensors.py took 0.242 seconds
[2025-09-29T16:27:50.954+0000] {processor.py:161} INFO - Started process (PID=28143) to work on /home/airflow/.local/lib/python3.12/site-packages/airflow/example_dags/example_sensors.py
[2025-09-29T16:27:50.957+0000] {processor.py:830} INFO - Processing file /home/airflow/.local/lib/python3.12/site-packages/airflow/example_dags/example_sensors.py for tasks to queue
[2025-09-29T16:27:50.959+0000] {logging_mixin.py:188} INFO - [2025-09-29T16:27:50.958+0000] {dagbag.py:545} INFO - Filling up the DagBag from /home/airflow/.local/lib/python3.12/site-packages/airflow/example_dags/example_sensors.py
[2025-09-29T16:27:50.980+0000] {processor.py:840} INFO - DAG(s) 'example_sensors' retrieved from /home/airflow/.local/lib/python3.12/site-packages/airflow/example_dags/example_sensors.py
[2025-09-29T16:27:51.072+0000] {logging_mixin.py:188} INFO - [2025-09-29T16:27:51.071+0000] {dag.py:3089} INFO - Sync 1 DAGs
[2025-09-29T16:27:51.103+0000] {logging_mixin.py:188} INFO - [2025-09-29T16:27:51.103+0000] {dag.py:3947} INFO - Setting next_dagrun for example_sensors to None, run_after=None
[2025-09-29T16:27:51.160+0000] {processor.py:183} INFO - Processing /home/airflow/.local/lib/python3.12/site-packages/airflow/example_dags/example_sensors.py took 0.221 seconds
[2025-09-29T16:28:21.391+0000] {processor.py:161} INFO - Started process (PID=28404) to work on /home/airflow/.local/lib/python3.12/site-packages/airflow/example_dags/example_sensors.py
[2025-09-29T16:28:21.393+0000] {processor.py:830} INFO - Processing file /home/airflow/.local/lib/python3.12/site-packages/airflow/example_dags/example_sensors.py for tasks to queue
[2025-09-29T16:28:21.396+0000] {logging_mixin.py:188} INFO - [2025-09-29T16:28:21.395+0000] {dagbag.py:545} INFO - Filling up the DagBag from /home/airflow/.local/lib/python3.12/site-packages/airflow/example_dags/example_sensors.py
[2025-09-29T16:28:21.420+0000] {processor.py:840} INFO - DAG(s) 'example_sensors' retrieved from /home/airflow/.local/lib/python3.12/site-packages/airflow/example_dags/example_sensors.py
[2025-09-29T16:28:21.486+0000] {logging_mixin.py:188} INFO - [2025-09-29T16:28:21.485+0000] {dag.py:3089} INFO - Sync 1 DAGs
[2025-09-29T16:28:21.515+0000] {logging_mixin.py:188} INFO - [2025-09-29T16:28:21.515+0000] {dag.py:3947} INFO - Setting next_dagrun for example_sensors to None, run_after=None
[2025-09-29T16:28:21.560+0000] {processor.py:183} INFO - Processing /home/airflow/.local/lib/python3.12/site-packages/airflow/example_dags/example_sensors.py took 0.185 seconds
[2025-09-29T16:28:51.817+0000] {processor.py:161} INFO - Started process (PID=28665) to work on /home/airflow/.local/lib/python3.12/site-packages/airflow/example_dags/example_sensors.py
[2025-09-29T16:28:51.820+0000] {processor.py:830} INFO - Processing file /home/airflow/.local/lib/python3.12/site-packages/airflow/example_dags/example_sensors.py for tasks to queue
[2025-09-29T16:28:51.822+0000] {logging_mixin.py:188} INFO - [2025-09-29T16:28:51.821+0000] {dagbag.py:545} INFO - Filling up the DagBag from /home/airflow/.local/lib/python3.12/site-packages/airflow/example_dags/example_sensors.py
[2025-09-29T16:28:51.843+0000] {processor.py:840} INFO - DAG(s) 'example_sensors' retrieved from /home/airflow/.local/lib/python3.12/site-packages/airflow/example_dags/example_sensors.py
[2025-09-29T16:28:51.909+0000] {logging_mixin.py:188} INFO - [2025-09-29T16:28:51.909+0000] {dag.py:3089} INFO - Sync 1 DAGs
[2025-09-29T16:28:51.936+0000] {logging_mixin.py:188} INFO - [2025-09-29T16:28:51.936+0000] {dag.py:3947} INFO - Setting next_dagrun for example_sensors to None, run_after=None
[2025-09-29T16:28:51.980+0000] {processor.py:183} INFO - Processing /home/airflow/.local/lib/python3.12/site-packages/airflow/example_dags/example_sensors.py took 0.178 seconds
[2025-09-29T16:29:23.007+0000] {processor.py:161} INFO - Started process (PID=28926) to work on /home/airflow/.local/lib/python3.12/site-packages/airflow/example_dags/example_sensors.py
[2025-09-29T16:29:23.010+0000] {processor.py:830} INFO - Processing file /home/airflow/.local/lib/python3.12/site-packages/airflow/example_dags/example_sensors.py for tasks to queue
[2025-09-29T16:29:23.015+0000] {logging_mixin.py:188} INFO - [2025-09-29T16:29:23.014+0000] {dagbag.py:545} INFO - Filling up the DagBag from /home/airflow/.local/lib/python3.12/site-packages/airflow/example_dags/example_sensors.py
[2025-09-29T16:29:23.055+0000] {processor.py:840} INFO - DAG(s) 'example_sensors' retrieved from /home/airflow/.local/lib/python3.12/site-packages/airflow/example_dags/example_sensors.py
[2025-09-29T16:29:23.145+0000] {logging_mixin.py:188} INFO - [2025-09-29T16:29:23.144+0000] {dag.py:3089} INFO - Sync 1 DAGs
[2025-09-29T16:29:23.179+0000] {logging_mixin.py:188} INFO - [2025-09-29T16:29:23.179+0000] {dag.py:3947} INFO - Setting next_dagrun for example_sensors to None, run_after=None
[2025-09-29T16:29:23.234+0000] {processor.py:183} INFO - Processing /home/airflow/.local/lib/python3.12/site-packages/airflow/example_dags/example_sensors.py took 0.242 seconds
[2025-09-29T16:29:53.600+0000] {processor.py:161} INFO - Started process (PID=29185) to work on /home/airflow/.local/lib/python3.12/site-packages/airflow/example_dags/example_sensors.py
[2025-09-29T16:29:53.604+0000] {processor.py:830} INFO - Processing file /home/airflow/.local/lib/python3.12/site-packages/airflow/example_dags/example_sensors.py for tasks to queue
[2025-09-29T16:29:53.605+0000] {logging_mixin.py:188} INFO - [2025-09-29T16:29:53.605+0000] {dagbag.py:545} INFO - Filling up the DagBag from /home/airflow/.local/lib/python3.12/site-packages/airflow/example_dags/example_sensors.py
[2025-09-29T16:29:53.628+0000] {processor.py:840} INFO - DAG(s) 'example_sensors' retrieved from /home/airflow/.local/lib/python3.12/site-packages/airflow/example_dags/example_sensors.py
[2025-09-29T16:29:53.696+0000] {logging_mixin.py:188} INFO - [2025-09-29T16:29:53.695+0000] {dag.py:3089} INFO - Sync 1 DAGs
[2025-09-29T16:29:53.725+0000] {logging_mixin.py:188} INFO - [2025-09-29T16:29:53.725+0000] {dag.py:3947} INFO - Setting next_dagrun for example_sensors to None, run_after=None
[2025-09-29T16:29:53.771+0000] {processor.py:183} INFO - Processing /home/airflow/.local/lib/python3.12/site-packages/airflow/example_dags/example_sensors.py took 0.187 seconds
[2025-09-29T16:30:24.387+0000] {processor.py:161} INFO - Started process (PID=29446) to work on /home/airflow/.local/lib/python3.12/site-packages/airflow/example_dags/example_sensors.py
[2025-09-29T16:30:24.389+0000] {processor.py:830} INFO - Processing file /home/airflow/.local/lib/python3.12/site-packages/airflow/example_dags/example_sensors.py for tasks to queue
[2025-09-29T16:30:24.391+0000] {logging_mixin.py:188} INFO - [2025-09-29T16:30:24.391+0000] {dagbag.py:545} INFO - Filling up the DagBag from /home/airflow/.local/lib/python3.12/site-packages/airflow/example_dags/example_sensors.py
[2025-09-29T16:30:24.420+0000] {processor.py:840} INFO - DAG(s) 'example_sensors' retrieved from /home/airflow/.local/lib/python3.12/site-packages/airflow/example_dags/example_sensors.py
[2025-09-29T16:30:24.490+0000] {logging_mixin.py:188} INFO - [2025-09-29T16:30:24.489+0000] {dag.py:3089} INFO - Sync 1 DAGs
[2025-09-29T16:30:24.518+0000] {logging_mixin.py:188} INFO - [2025-09-29T16:30:24.517+0000] {dag.py:3947} INFO - Setting next_dagrun for example_sensors to None, run_after=None
[2025-09-29T16:30:24.566+0000] {processor.py:183} INFO - Processing /home/airflow/.local/lib/python3.12/site-packages/airflow/example_dags/example_sensors.py took 0.195 seconds
[2025-09-29T16:30:55.146+0000] {processor.py:161} INFO - Started process (PID=29707) to work on /home/airflow/.local/lib/python3.12/site-packages/airflow/example_dags/example_sensors.py
[2025-09-29T16:30:55.149+0000] {processor.py:830} INFO - Processing file /home/airflow/.local/lib/python3.12/site-packages/airflow/example_dags/example_sensors.py for tasks to queue
[2025-09-29T16:30:55.151+0000] {logging_mixin.py:188} INFO - [2025-09-29T16:30:55.150+0000] {dagbag.py:545} INFO - Filling up the DagBag from /home/airflow/.local/lib/python3.12/site-packages/airflow/example_dags/example_sensors.py
[2025-09-29T16:30:55.182+0000] {processor.py:840} INFO - DAG(s) 'example_sensors' retrieved from /home/airflow/.local/lib/python3.12/site-packages/airflow/example_dags/example_sensors.py
[2025-09-29T16:30:55.260+0000] {logging_mixin.py:188} INFO - [2025-09-29T16:30:55.260+0000] {dag.py:3089} INFO - Sync 1 DAGs
[2025-09-29T16:30:55.297+0000] {logging_mixin.py:188} INFO - [2025-09-29T16:30:55.296+0000] {dag.py:3947} INFO - Setting next_dagrun for example_sensors to None, run_after=None
[2025-09-29T16:30:55.361+0000] {processor.py:183} INFO - Processing /home/airflow/.local/lib/python3.12/site-packages/airflow/example_dags/example_sensors.py took 0.233 seconds
[2025-09-29T16:31:26.108+0000] {processor.py:161} INFO - Started process (PID=29968) to work on /home/airflow/.local/lib/python3.12/site-packages/airflow/example_dags/example_sensors.py
[2025-09-29T16:31:26.111+0000] {processor.py:830} INFO - Processing file /home/airflow/.local/lib/python3.12/site-packages/airflow/example_dags/example_sensors.py for tasks to queue
[2025-09-29T16:31:26.113+0000] {logging_mixin.py:188} INFO - [2025-09-29T16:31:26.112+0000] {dagbag.py:545} INFO - Filling up the DagBag from /home/airflow/.local/lib/python3.12/site-packages/airflow/example_dags/example_sensors.py
[2025-09-29T16:31:26.136+0000] {processor.py:840} INFO - DAG(s) 'example_sensors' retrieved from /home/airflow/.local/lib/python3.12/site-packages/airflow/example_dags/example_sensors.py
[2025-09-29T16:31:26.204+0000] {logging_mixin.py:188} INFO - [2025-09-29T16:31:26.204+0000] {dag.py:3089} INFO - Sync 1 DAGs
[2025-09-29T16:31:26.233+0000] {logging_mixin.py:188} INFO - [2025-09-29T16:31:26.233+0000] {dag.py:3947} INFO - Setting next_dagrun for example_sensors to None, run_after=None
[2025-09-29T16:31:26.279+0000] {processor.py:183} INFO - Processing /home/airflow/.local/lib/python3.12/site-packages/airflow/example_dags/example_sensors.py took 0.187 seconds
[2025-09-29T16:31:56.688+0000] {processor.py:161} INFO - Started process (PID=30229) to work on /home/airflow/.local/lib/python3.12/site-packages/airflow/example_dags/example_sensors.py
[2025-09-29T16:31:56.691+0000] {processor.py:830} INFO - Processing file /home/airflow/.local/lib/python3.12/site-packages/airflow/example_dags/example_sensors.py for tasks to queue
[2025-09-29T16:31:56.693+0000] {logging_mixin.py:188} INFO - [2025-09-29T16:31:56.692+0000] {dagbag.py:545} INFO - Filling up the DagBag from /home/airflow/.local/lib/python3.12/site-packages/airflow/example_dags/example_sensors.py
[2025-09-29T16:31:56.718+0000] {processor.py:840} INFO - DAG(s) 'example_sensors' retrieved from /home/airflow/.local/lib/python3.12/site-packages/airflow/example_dags/example_sensors.py
[2025-09-29T16:31:56.785+0000] {logging_mixin.py:188} INFO - [2025-09-29T16:31:56.785+0000] {dag.py:3089} INFO - Sync 1 DAGs
[2025-09-29T16:31:56.813+0000] {logging_mixin.py:188} INFO - [2025-09-29T16:31:56.813+0000] {dag.py:3947} INFO - Setting next_dagrun for example_sensors to None, run_after=None
[2025-09-29T16:31:56.862+0000] {processor.py:183} INFO - Processing /home/airflow/.local/lib/python3.12/site-packages/airflow/example_dags/example_sensors.py took 0.190 seconds
[2025-09-29T16:32:27.556+0000] {processor.py:161} INFO - Started process (PID=30490) to work on /home/airflow/.local/lib/python3.12/site-packages/airflow/example_dags/example_sensors.py
[2025-09-29T16:32:27.559+0000] {processor.py:830} INFO - Processing file /home/airflow/.local/lib/python3.12/site-packages/airflow/example_dags/example_sensors.py for tasks to queue
[2025-09-29T16:32:27.561+0000] {logging_mixin.py:188} INFO - [2025-09-29T16:32:27.560+0000] {dagbag.py:545} INFO - Filling up the DagBag from /home/airflow/.local/lib/python3.12/site-packages/airflow/example_dags/example_sensors.py
[2025-09-29T16:32:27.585+0000] {processor.py:840} INFO - DAG(s) 'example_sensors' retrieved from /home/airflow/.local/lib/python3.12/site-packages/airflow/example_dags/example_sensors.py
[2025-09-29T16:32:27.663+0000] {logging_mixin.py:188} INFO - [2025-09-29T16:32:27.663+0000] {dag.py:3089} INFO - Sync 1 DAGs
[2025-09-29T16:32:27.693+0000] {logging_mixin.py:188} INFO - [2025-09-29T16:32:27.692+0000] {dag.py:3947} INFO - Setting next_dagrun for example_sensors to None, run_after=None
[2025-09-29T16:32:27.750+0000] {processor.py:183} INFO - Processing /home/airflow/.local/lib/python3.12/site-packages/airflow/example_dags/example_sensors.py took 0.213 seconds
[2025-09-29T16:32:57.995+0000] {processor.py:161} INFO - Started process (PID=30751) to work on /home/airflow/.local/lib/python3.12/site-packages/airflow/example_dags/example_sensors.py
[2025-09-29T16:32:57.998+0000] {processor.py:830} INFO - Processing file /home/airflow/.local/lib/python3.12/site-packages/airflow/example_dags/example_sensors.py for tasks to queue
[2025-09-29T16:32:58.000+0000] {logging_mixin.py:188} INFO - [2025-09-29T16:32:57.999+0000] {dagbag.py:545} INFO - Filling up the DagBag from /home/airflow/.local/lib/python3.12/site-packages/airflow/example_dags/example_sensors.py
[2025-09-29T16:32:58.024+0000] {processor.py:840} INFO - DAG(s) 'example_sensors' retrieved from /home/airflow/.local/lib/python3.12/site-packages/airflow/example_dags/example_sensors.py
[2025-09-29T16:32:58.094+0000] {logging_mixin.py:188} INFO - [2025-09-29T16:32:58.094+0000] {dag.py:3089} INFO - Sync 1 DAGs
[2025-09-29T16:32:58.129+0000] {logging_mixin.py:188} INFO - [2025-09-29T16:32:58.129+0000] {dag.py:3947} INFO - Setting next_dagrun for example_sensors to None, run_after=None
[2025-09-29T16:32:58.181+0000] {processor.py:183} INFO - Processing /home/airflow/.local/lib/python3.12/site-packages/airflow/example_dags/example_sensors.py took 0.202 seconds
[2025-09-29T16:33:28.338+0000] {processor.py:161} INFO - Started process (PID=31012) to work on /home/airflow/.local/lib/python3.12/site-packages/airflow/example_dags/example_sensors.py
[2025-09-29T16:33:28.341+0000] {processor.py:830} INFO - Processing file /home/airflow/.local/lib/python3.12/site-packages/airflow/example_dags/example_sensors.py for tasks to queue
[2025-09-29T16:33:28.343+0000] {logging_mixin.py:188} INFO - [2025-09-29T16:33:28.342+0000] {dagbag.py:545} INFO - Filling up the DagBag from /home/airflow/.local/lib/python3.12/site-packages/airflow/example_dags/example_sensors.py
[2025-09-29T16:33:28.367+0000] {processor.py:840} INFO - DAG(s) 'example_sensors' retrieved from /home/airflow/.local/lib/python3.12/site-packages/airflow/example_dags/example_sensors.py
[2025-09-29T16:33:28.437+0000] {logging_mixin.py:188} INFO - [2025-09-29T16:33:28.437+0000] {dag.py:3089} INFO - Sync 1 DAGs
[2025-09-29T16:33:28.469+0000] {logging_mixin.py:188} INFO - [2025-09-29T16:33:28.468+0000] {dag.py:3947} INFO - Setting next_dagrun for example_sensors to None, run_after=None
[2025-09-29T16:33:28.518+0000] {processor.py:183} INFO - Processing /home/airflow/.local/lib/python3.12/site-packages/airflow/example_dags/example_sensors.py took 0.197 seconds
[2025-09-29T16:33:58.879+0000] {processor.py:161} INFO - Started process (PID=31273) to work on /home/airflow/.local/lib/python3.12/site-packages/airflow/example_dags/example_sensors.py
[2025-09-29T16:33:58.882+0000] {processor.py:830} INFO - Processing file /home/airflow/.local/lib/python3.12/site-packages/airflow/example_dags/example_sensors.py for tasks to queue
[2025-09-29T16:33:58.884+0000] {logging_mixin.py:188} INFO - [2025-09-29T16:33:58.883+0000] {dagbag.py:545} INFO - Filling up the DagBag from /home/airflow/.local/lib/python3.12/site-packages/airflow/example_dags/example_sensors.py
[2025-09-29T16:33:58.909+0000] {processor.py:840} INFO - DAG(s) 'example_sensors' retrieved from /home/airflow/.local/lib/python3.12/site-packages/airflow/example_dags/example_sensors.py
[2025-09-29T16:33:58.982+0000] {logging_mixin.py:188} INFO - [2025-09-29T16:33:58.982+0000] {dag.py:3089} INFO - Sync 1 DAGs
[2025-09-29T16:33:59.016+0000] {logging_mixin.py:188} INFO - [2025-09-29T16:33:59.016+0000] {dag.py:3947} INFO - Setting next_dagrun for example_sensors to None, run_after=None
[2025-09-29T16:33:59.070+0000] {processor.py:183} INFO - Processing /home/airflow/.local/lib/python3.12/site-packages/airflow/example_dags/example_sensors.py took 0.207 seconds
[2025-09-29T16:34:29.842+0000] {processor.py:161} INFO - Started process (PID=31534) to work on /home/airflow/.local/lib/python3.12/site-packages/airflow/example_dags/example_sensors.py
[2025-09-29T16:34:29.846+0000] {processor.py:830} INFO - Processing file /home/airflow/.local/lib/python3.12/site-packages/airflow/example_dags/example_sensors.py for tasks to queue
[2025-09-29T16:34:29.848+0000] {logging_mixin.py:188} INFO - [2025-09-29T16:34:29.847+0000] {dagbag.py:545} INFO - Filling up the DagBag from /home/airflow/.local/lib/python3.12/site-packages/airflow/example_dags/example_sensors.py
[2025-09-29T16:34:29.872+0000] {processor.py:840} INFO - DAG(s) 'example_sensors' retrieved from /home/airflow/.local/lib/python3.12/site-packages/airflow/example_dags/example_sensors.py
[2025-09-29T16:34:29.944+0000] {logging_mixin.py:188} INFO - [2025-09-29T16:34:29.944+0000] {dag.py:3089} INFO - Sync 1 DAGs
[2025-09-29T16:34:29.983+0000] {logging_mixin.py:188} INFO - [2025-09-29T16:34:29.983+0000] {dag.py:3947} INFO - Setting next_dagrun for example_sensors to None, run_after=None
[2025-09-29T16:34:30.040+0000] {processor.py:183} INFO - Processing /home/airflow/.local/lib/python3.12/site-packages/airflow/example_dags/example_sensors.py took 0.215 seconds
[2025-09-29T16:47:36.553+0000] {processor.py:161} INFO - Started process (PID=428) to work on /home/airflow/.local/lib/python3.12/site-packages/airflow/example_dags/example_sensors.py
[2025-09-29T16:47:36.556+0000] {processor.py:830} INFO - Processing file /home/airflow/.local/lib/python3.12/site-packages/airflow/example_dags/example_sensors.py for tasks to queue
[2025-09-29T16:47:36.560+0000] {logging_mixin.py:188} INFO - [2025-09-29T16:47:36.560+0000] {dagbag.py:545} INFO - Filling up the DagBag from /home/airflow/.local/lib/python3.12/site-packages/airflow/example_dags/example_sensors.py
[2025-09-29T16:47:36.583+0000] {processor.py:840} INFO - DAG(s) 'example_sensors' retrieved from /home/airflow/.local/lib/python3.12/site-packages/airflow/example_dags/example_sensors.py
[2025-09-29T16:47:36.622+0000] {logging_mixin.py:188} INFO - [2025-09-29T16:47:36.622+0000] {dag.py:3089} INFO - Sync 1 DAGs
[2025-09-29T16:47:36.657+0000] {logging_mixin.py:188} INFO - [2025-09-29T16:47:36.656+0000] {dag.py:3947} INFO - Setting next_dagrun for example_sensors to None, run_after=None
[2025-09-29T16:47:36.708+0000] {processor.py:183} INFO - Processing /home/airflow/.local/lib/python3.12/site-packages/airflow/example_dags/example_sensors.py took 0.170 seconds
[2025-09-29T16:48:18.595+0000] {processor.py:161} INFO - Started process (PID=691) to work on /home/airflow/.local/lib/python3.12/site-packages/airflow/example_dags/example_sensors.py
[2025-09-29T16:48:18.609+0000] {processor.py:830} INFO - Processing file /home/airflow/.local/lib/python3.12/site-packages/airflow/example_dags/example_sensors.py for tasks to queue
[2025-09-29T16:48:18.616+0000] {logging_mixin.py:188} INFO - [2025-09-29T16:48:18.614+0000] {dagbag.py:545} INFO - Filling up the DagBag from /home/airflow/.local/lib/python3.12/site-packages/airflow/example_dags/example_sensors.py
[2025-09-29T16:48:18.688+0000] {processor.py:840} INFO - DAG(s) 'example_sensors' retrieved from /home/airflow/.local/lib/python3.12/site-packages/airflow/example_dags/example_sensors.py
[2025-09-29T16:48:19.445+0000] {logging_mixin.py:188} INFO - [2025-09-29T16:48:19.444+0000] {dag.py:3089} INFO - Sync 1 DAGs
[2025-09-29T16:48:19.528+0000] {logging_mixin.py:188} INFO - [2025-09-29T16:48:19.527+0000] {dag.py:3947} INFO - Setting next_dagrun for example_sensors to None, run_after=None
[2025-09-29T16:48:19.651+0000] {processor.py:183} INFO - Processing /home/airflow/.local/lib/python3.12/site-packages/airflow/example_dags/example_sensors.py took 1.091 seconds
[2025-09-29T16:48:49.880+0000] {processor.py:161} INFO - Started process (PID=963) to work on /home/airflow/.local/lib/python3.12/site-packages/airflow/example_dags/example_sensors.py
[2025-09-29T16:48:49.882+0000] {processor.py:830} INFO - Processing file /home/airflow/.local/lib/python3.12/site-packages/airflow/example_dags/example_sensors.py for tasks to queue
[2025-09-29T16:48:49.886+0000] {logging_mixin.py:188} INFO - [2025-09-29T16:48:49.885+0000] {dagbag.py:545} INFO - Filling up the DagBag from /home/airflow/.local/lib/python3.12/site-packages/airflow/example_dags/example_sensors.py
[2025-09-29T16:48:49.907+0000] {processor.py:840} INFO - DAG(s) 'example_sensors' retrieved from /home/airflow/.local/lib/python3.12/site-packages/airflow/example_dags/example_sensors.py
[2025-09-29T16:48:49.986+0000] {logging_mixin.py:188} INFO - [2025-09-29T16:48:49.985+0000] {dag.py:3089} INFO - Sync 1 DAGs
[2025-09-29T16:48:50.022+0000] {logging_mixin.py:188} INFO - [2025-09-29T16:48:50.022+0000] {dag.py:3947} INFO - Setting next_dagrun for example_sensors to None, run_after=None
[2025-09-29T16:48:50.082+0000] {processor.py:183} INFO - Processing /home/airflow/.local/lib/python3.12/site-packages/airflow/example_dags/example_sensors.py took 0.217 seconds
[2025-09-29T16:55:39.912+0000] {processor.py:161} INFO - Started process (PID=447) to work on /home/airflow/.local/lib/python3.12/site-packages/airflow/example_dags/example_sensors.py
[2025-09-29T16:55:39.915+0000] {processor.py:830} INFO - Processing file /home/airflow/.local/lib/python3.12/site-packages/airflow/example_dags/example_sensors.py for tasks to queue
[2025-09-29T16:55:39.919+0000] {logging_mixin.py:188} INFO - [2025-09-29T16:55:39.918+0000] {dagbag.py:545} INFO - Filling up the DagBag from /home/airflow/.local/lib/python3.12/site-packages/airflow/example_dags/example_sensors.py
[2025-09-29T16:55:39.940+0000] {processor.py:840} INFO - DAG(s) 'example_sensors' retrieved from /home/airflow/.local/lib/python3.12/site-packages/airflow/example_dags/example_sensors.py
[2025-09-29T16:55:39.975+0000] {logging_mixin.py:188} INFO - [2025-09-29T16:55:39.975+0000] {dag.py:3089} INFO - Sync 1 DAGs
[2025-09-29T16:55:40.007+0000] {logging_mixin.py:188} INFO - [2025-09-29T16:55:40.007+0000] {dag.py:3947} INFO - Setting next_dagrun for example_sensors to None, run_after=None
[2025-09-29T16:55:40.058+0000] {processor.py:183} INFO - Processing /home/airflow/.local/lib/python3.12/site-packages/airflow/example_dags/example_sensors.py took 0.160 seconds
[2025-09-29T16:56:22.682+0000] {processor.py:161} INFO - Started process (PID=719) to work on /home/airflow/.local/lib/python3.12/site-packages/airflow/example_dags/example_sensors.py
[2025-09-29T16:56:22.686+0000] {processor.py:830} INFO - Processing file /home/airflow/.local/lib/python3.12/site-packages/airflow/example_dags/example_sensors.py for tasks to queue
[2025-09-29T16:56:22.699+0000] {logging_mixin.py:188} INFO - [2025-09-29T16:56:22.697+0000] {dagbag.py:545} INFO - Filling up the DagBag from /home/airflow/.local/lib/python3.12/site-packages/airflow/example_dags/example_sensors.py
[2025-09-29T16:56:22.726+0000] {processor.py:840} INFO - DAG(s) 'example_sensors' retrieved from /home/airflow/.local/lib/python3.12/site-packages/airflow/example_dags/example_sensors.py
[2025-09-29T16:56:23.350+0000] {logging_mixin.py:188} INFO - [2025-09-29T16:56:23.349+0000] {dag.py:3089} INFO - Sync 1 DAGs
[2025-09-29T16:56:23.403+0000] {logging_mixin.py:188} INFO - [2025-09-29T16:56:23.403+0000] {dag.py:3947} INFO - Setting next_dagrun for example_sensors to None, run_after=None
[2025-09-29T16:56:23.524+0000] {processor.py:183} INFO - Processing /home/airflow/.local/lib/python3.12/site-packages/airflow/example_dags/example_sensors.py took 0.859 seconds
[2025-09-29T16:56:53.642+0000] {processor.py:161} INFO - Started process (PID=983) to work on /home/airflow/.local/lib/python3.12/site-packages/airflow/example_dags/example_sensors.py
[2025-09-29T16:56:53.644+0000] {processor.py:830} INFO - Processing file /home/airflow/.local/lib/python3.12/site-packages/airflow/example_dags/example_sensors.py for tasks to queue
[2025-09-29T16:56:53.648+0000] {logging_mixin.py:188} INFO - [2025-09-29T16:56:53.647+0000] {dagbag.py:545} INFO - Filling up the DagBag from /home/airflow/.local/lib/python3.12/site-packages/airflow/example_dags/example_sensors.py
[2025-09-29T16:56:53.675+0000] {processor.py:840} INFO - DAG(s) 'example_sensors' retrieved from /home/airflow/.local/lib/python3.12/site-packages/airflow/example_dags/example_sensors.py
[2025-09-29T16:56:53.754+0000] {logging_mixin.py:188} INFO - [2025-09-29T16:56:53.754+0000] {dag.py:3089} INFO - Sync 1 DAGs
[2025-09-29T16:56:53.788+0000] {logging_mixin.py:188} INFO - [2025-09-29T16:56:53.787+0000] {dag.py:3947} INFO - Setting next_dagrun for example_sensors to None, run_after=None
[2025-09-29T16:56:53.839+0000] {processor.py:183} INFO - Processing /home/airflow/.local/lib/python3.12/site-packages/airflow/example_dags/example_sensors.py took 0.213 seconds
[2025-09-29T16:57:25.633+0000] {processor.py:161} INFO - Started process (PID=1254) to work on /home/airflow/.local/lib/python3.12/site-packages/airflow/example_dags/example_sensors.py
[2025-09-29T16:57:25.638+0000] {processor.py:830} INFO - Processing file /home/airflow/.local/lib/python3.12/site-packages/airflow/example_dags/example_sensors.py for tasks to queue
[2025-09-29T16:57:25.644+0000] {logging_mixin.py:188} INFO - [2025-09-29T16:57:25.643+0000] {dagbag.py:545} INFO - Filling up the DagBag from /home/airflow/.local/lib/python3.12/site-packages/airflow/example_dags/example_sensors.py
[2025-09-29T16:57:25.678+0000] {processor.py:840} INFO - DAG(s) 'example_sensors' retrieved from /home/airflow/.local/lib/python3.12/site-packages/airflow/example_dags/example_sensors.py
[2025-09-29T16:57:25.788+0000] {logging_mixin.py:188} INFO - [2025-09-29T16:57:25.787+0000] {dag.py:3089} INFO - Sync 1 DAGs
[2025-09-29T16:57:25.833+0000] {logging_mixin.py:188} INFO - [2025-09-29T16:57:25.833+0000] {dag.py:3947} INFO - Setting next_dagrun for example_sensors to None, run_after=None
[2025-09-29T16:57:25.893+0000] {processor.py:183} INFO - Processing /home/airflow/.local/lib/python3.12/site-packages/airflow/example_dags/example_sensors.py took 0.280 seconds
[2025-09-29T16:57:56.798+0000] {processor.py:161} INFO - Started process (PID=1516) to work on /home/airflow/.local/lib/python3.12/site-packages/airflow/example_dags/example_sensors.py
[2025-09-29T16:57:56.801+0000] {processor.py:830} INFO - Processing file /home/airflow/.local/lib/python3.12/site-packages/airflow/example_dags/example_sensors.py for tasks to queue
[2025-09-29T16:57:56.807+0000] {logging_mixin.py:188} INFO - [2025-09-29T16:57:56.805+0000] {dagbag.py:545} INFO - Filling up the DagBag from /home/airflow/.local/lib/python3.12/site-packages/airflow/example_dags/example_sensors.py
[2025-09-29T16:57:56.835+0000] {processor.py:840} INFO - DAG(s) 'example_sensors' retrieved from /home/airflow/.local/lib/python3.12/site-packages/airflow/example_dags/example_sensors.py
[2025-09-29T16:57:56.929+0000] {logging_mixin.py:188} INFO - [2025-09-29T16:57:56.928+0000] {dag.py:3089} INFO - Sync 1 DAGs
[2025-09-29T16:57:56.975+0000] {logging_mixin.py:188} INFO - [2025-09-29T16:57:56.974+0000] {dag.py:3947} INFO - Setting next_dagrun for example_sensors to None, run_after=None
[2025-09-29T16:57:57.042+0000] {processor.py:183} INFO - Processing /home/airflow/.local/lib/python3.12/site-packages/airflow/example_dags/example_sensors.py took 0.262 seconds
[2025-09-29T16:58:27.400+0000] {processor.py:161} INFO - Started process (PID=1778) to work on /home/airflow/.local/lib/python3.12/site-packages/airflow/example_dags/example_sensors.py
[2025-09-29T16:58:27.403+0000] {processor.py:830} INFO - Processing file /home/airflow/.local/lib/python3.12/site-packages/airflow/example_dags/example_sensors.py for tasks to queue
[2025-09-29T16:58:27.408+0000] {logging_mixin.py:188} INFO - [2025-09-29T16:58:27.407+0000] {dagbag.py:545} INFO - Filling up the DagBag from /home/airflow/.local/lib/python3.12/site-packages/airflow/example_dags/example_sensors.py
[2025-09-29T16:58:27.431+0000] {processor.py:840} INFO - DAG(s) 'example_sensors' retrieved from /home/airflow/.local/lib/python3.12/site-packages/airflow/example_dags/example_sensors.py
[2025-09-29T16:58:27.508+0000] {logging_mixin.py:188} INFO - [2025-09-29T16:58:27.507+0000] {dag.py:3089} INFO - Sync 1 DAGs
[2025-09-29T16:58:27.548+0000] {logging_mixin.py:188} INFO - [2025-09-29T16:58:27.547+0000] {dag.py:3947} INFO - Setting next_dagrun for example_sensors to None, run_after=None
[2025-09-29T16:58:27.698+0000] {processor.py:183} INFO - Processing /home/airflow/.local/lib/python3.12/site-packages/airflow/example_dags/example_sensors.py took 0.319 seconds
[2025-09-29T16:58:57.795+0000] {processor.py:161} INFO - Started process (PID=2037) to work on /home/airflow/.local/lib/python3.12/site-packages/airflow/example_dags/example_sensors.py
[2025-09-29T16:58:57.798+0000] {processor.py:830} INFO - Processing file /home/airflow/.local/lib/python3.12/site-packages/airflow/example_dags/example_sensors.py for tasks to queue
[2025-09-29T16:58:57.802+0000] {logging_mixin.py:188} INFO - [2025-09-29T16:58:57.801+0000] {dagbag.py:545} INFO - Filling up the DagBag from /home/airflow/.local/lib/python3.12/site-packages/airflow/example_dags/example_sensors.py
[2025-09-29T16:58:57.823+0000] {processor.py:840} INFO - DAG(s) 'example_sensors' retrieved from /home/airflow/.local/lib/python3.12/site-packages/airflow/example_dags/example_sensors.py
[2025-09-29T16:58:57.896+0000] {logging_mixin.py:188} INFO - [2025-09-29T16:58:57.895+0000] {dag.py:3089} INFO - Sync 1 DAGs
[2025-09-29T16:58:57.927+0000] {logging_mixin.py:188} INFO - [2025-09-29T16:58:57.926+0000] {dag.py:3947} INFO - Setting next_dagrun for example_sensors to None, run_after=None
[2025-09-29T16:58:57.975+0000] {processor.py:183} INFO - Processing /home/airflow/.local/lib/python3.12/site-packages/airflow/example_dags/example_sensors.py took 0.196 seconds
[2025-09-29T16:59:28.810+0000] {processor.py:161} INFO - Started process (PID=2297) to work on /home/airflow/.local/lib/python3.12/site-packages/airflow/example_dags/example_sensors.py
[2025-09-29T16:59:28.813+0000] {processor.py:830} INFO - Processing file /home/airflow/.local/lib/python3.12/site-packages/airflow/example_dags/example_sensors.py for tasks to queue
[2025-09-29T16:59:28.817+0000] {logging_mixin.py:188} INFO - [2025-09-29T16:59:28.817+0000] {dagbag.py:545} INFO - Filling up the DagBag from /home/airflow/.local/lib/python3.12/site-packages/airflow/example_dags/example_sensors.py
[2025-09-29T16:59:28.838+0000] {processor.py:840} INFO - DAG(s) 'example_sensors' retrieved from /home/airflow/.local/lib/python3.12/site-packages/airflow/example_dags/example_sensors.py
[2025-09-29T16:59:28.909+0000] {logging_mixin.py:188} INFO - [2025-09-29T16:59:28.908+0000] {dag.py:3089} INFO - Sync 1 DAGs
[2025-09-29T16:59:28.938+0000] {logging_mixin.py:188} INFO - [2025-09-29T16:59:28.938+0000] {dag.py:3947} INFO - Setting next_dagrun for example_sensors to None, run_after=None
[2025-09-29T16:59:28.987+0000] {processor.py:183} INFO - Processing /home/airflow/.local/lib/python3.12/site-packages/airflow/example_dags/example_sensors.py took 0.191 seconds
[2025-09-29T16:59:59.889+0000] {processor.py:161} INFO - Started process (PID=2559) to work on /home/airflow/.local/lib/python3.12/site-packages/airflow/example_dags/example_sensors.py
[2025-09-29T16:59:59.892+0000] {processor.py:830} INFO - Processing file /home/airflow/.local/lib/python3.12/site-packages/airflow/example_dags/example_sensors.py for tasks to queue
[2025-09-29T16:59:59.896+0000] {logging_mixin.py:188} INFO - [2025-09-29T16:59:59.895+0000] {dagbag.py:545} INFO - Filling up the DagBag from /home/airflow/.local/lib/python3.12/site-packages/airflow/example_dags/example_sensors.py
[2025-09-29T16:59:59.916+0000] {processor.py:840} INFO - DAG(s) 'example_sensors' retrieved from /home/airflow/.local/lib/python3.12/site-packages/airflow/example_dags/example_sensors.py
[2025-09-29T16:59:59.988+0000] {logging_mixin.py:188} INFO - [2025-09-29T16:59:59.987+0000] {dag.py:3089} INFO - Sync 1 DAGs
[2025-09-29T17:00:00.020+0000] {logging_mixin.py:188} INFO - [2025-09-29T17:00:00.020+0000] {dag.py:3947} INFO - Setting next_dagrun for example_sensors to None, run_after=None
[2025-09-29T17:00:00.065+0000] {processor.py:183} INFO - Processing /home/airflow/.local/lib/python3.12/site-packages/airflow/example_dags/example_sensors.py took 0.190 seconds
[2025-09-29T17:00:31.742+0000] {processor.py:161} INFO - Started process (PID=2821) to work on /home/airflow/.local/lib/python3.12/site-packages/airflow/example_dags/example_sensors.py
[2025-09-29T17:00:31.745+0000] {processor.py:830} INFO - Processing file /home/airflow/.local/lib/python3.12/site-packages/airflow/example_dags/example_sensors.py for tasks to queue
[2025-09-29T17:00:31.750+0000] {logging_mixin.py:188} INFO - [2025-09-29T17:00:31.749+0000] {dagbag.py:545} INFO - Filling up the DagBag from /home/airflow/.local/lib/python3.12/site-packages/airflow/example_dags/example_sensors.py
[2025-09-29T17:00:31.771+0000] {processor.py:840} INFO - DAG(s) 'example_sensors' retrieved from /home/airflow/.local/lib/python3.12/site-packages/airflow/example_dags/example_sensors.py
[2025-09-29T17:00:31.837+0000] {logging_mixin.py:188} INFO - [2025-09-29T17:00:31.836+0000] {dag.py:3089} INFO - Sync 1 DAGs
[2025-09-29T17:00:31.869+0000] {logging_mixin.py:188} INFO - [2025-09-29T17:00:31.868+0000] {dag.py:3947} INFO - Setting next_dagrun for example_sensors to None, run_after=None
[2025-09-29T17:00:31.920+0000] {processor.py:183} INFO - Processing /home/airflow/.local/lib/python3.12/site-packages/airflow/example_dags/example_sensors.py took 0.192 seconds
[2025-09-29T17:01:03.172+0000] {processor.py:161} INFO - Started process (PID=3083) to work on /home/airflow/.local/lib/python3.12/site-packages/airflow/example_dags/example_sensors.py
[2025-09-29T17:01:03.175+0000] {processor.py:830} INFO - Processing file /home/airflow/.local/lib/python3.12/site-packages/airflow/example_dags/example_sensors.py for tasks to queue
[2025-09-29T17:01:03.179+0000] {logging_mixin.py:188} INFO - [2025-09-29T17:01:03.178+0000] {dagbag.py:545} INFO - Filling up the DagBag from /home/airflow/.local/lib/python3.12/site-packages/airflow/example_dags/example_sensors.py
[2025-09-29T17:01:03.200+0000] {processor.py:840} INFO - DAG(s) 'example_sensors' retrieved from /home/airflow/.local/lib/python3.12/site-packages/airflow/example_dags/example_sensors.py
[2025-09-29T17:01:03.269+0000] {logging_mixin.py:188} INFO - [2025-09-29T17:01:03.269+0000] {dag.py:3089} INFO - Sync 1 DAGs
[2025-09-29T17:01:03.299+0000] {logging_mixin.py:188} INFO - [2025-09-29T17:01:03.299+0000] {dag.py:3947} INFO - Setting next_dagrun for example_sensors to None, run_after=None
[2025-09-29T17:01:03.352+0000] {processor.py:183} INFO - Processing /home/airflow/.local/lib/python3.12/site-packages/airflow/example_dags/example_sensors.py took 0.195 seconds
[2025-09-29T17:01:34.028+0000] {processor.py:161} INFO - Started process (PID=3345) to work on /home/airflow/.local/lib/python3.12/site-packages/airflow/example_dags/example_sensors.py
[2025-09-29T17:01:34.031+0000] {processor.py:830} INFO - Processing file /home/airflow/.local/lib/python3.12/site-packages/airflow/example_dags/example_sensors.py for tasks to queue
[2025-09-29T17:01:34.035+0000] {logging_mixin.py:188} INFO - [2025-09-29T17:01:34.035+0000] {dagbag.py:545} INFO - Filling up the DagBag from /home/airflow/.local/lib/python3.12/site-packages/airflow/example_dags/example_sensors.py
[2025-09-29T17:01:34.056+0000] {processor.py:840} INFO - DAG(s) 'example_sensors' retrieved from /home/airflow/.local/lib/python3.12/site-packages/airflow/example_dags/example_sensors.py
[2025-09-29T17:01:34.133+0000] {logging_mixin.py:188} INFO - [2025-09-29T17:01:34.132+0000] {dag.py:3089} INFO - Sync 1 DAGs
[2025-09-29T17:01:34.167+0000] {logging_mixin.py:188} INFO - [2025-09-29T17:01:34.167+0000] {dag.py:3947} INFO - Setting next_dagrun for example_sensors to None, run_after=None
[2025-09-29T17:01:34.224+0000] {processor.py:183} INFO - Processing /home/airflow/.local/lib/python3.12/site-packages/airflow/example_dags/example_sensors.py took 0.209 seconds
[2025-09-29T17:02:04.450+0000] {processor.py:161} INFO - Started process (PID=3601) to work on /home/airflow/.local/lib/python3.12/site-packages/airflow/example_dags/example_sensors.py
[2025-09-29T17:02:04.454+0000] {processor.py:830} INFO - Processing file /home/airflow/.local/lib/python3.12/site-packages/airflow/example_dags/example_sensors.py for tasks to queue
[2025-09-29T17:02:04.458+0000] {logging_mixin.py:188} INFO - [2025-09-29T17:02:04.457+0000] {dagbag.py:545} INFO - Filling up the DagBag from /home/airflow/.local/lib/python3.12/site-packages/airflow/example_dags/example_sensors.py
[2025-09-29T17:02:04.480+0000] {processor.py:840} INFO - DAG(s) 'example_sensors' retrieved from /home/airflow/.local/lib/python3.12/site-packages/airflow/example_dags/example_sensors.py
[2025-09-29T17:02:04.551+0000] {logging_mixin.py:188} INFO - [2025-09-29T17:02:04.550+0000] {dag.py:3089} INFO - Sync 1 DAGs
[2025-09-29T17:02:04.580+0000] {logging_mixin.py:188} INFO - [2025-09-29T17:02:04.580+0000] {dag.py:3947} INFO - Setting next_dagrun for example_sensors to None, run_after=None
[2025-09-29T17:02:04.636+0000] {processor.py:183} INFO - Processing /home/airflow/.local/lib/python3.12/site-packages/airflow/example_dags/example_sensors.py took 0.205 seconds
[2025-09-29T17:02:35.916+0000] {processor.py:161} INFO - Started process (PID=3863) to work on /home/airflow/.local/lib/python3.12/site-packages/airflow/example_dags/example_sensors.py
[2025-09-29T17:02:35.920+0000] {processor.py:830} INFO - Processing file /home/airflow/.local/lib/python3.12/site-packages/airflow/example_dags/example_sensors.py for tasks to queue
[2025-09-29T17:02:35.930+0000] {logging_mixin.py:188} INFO - [2025-09-29T17:02:35.929+0000] {dagbag.py:545} INFO - Filling up the DagBag from /home/airflow/.local/lib/python3.12/site-packages/airflow/example_dags/example_sensors.py
[2025-09-29T17:02:35.965+0000] {processor.py:840} INFO - DAG(s) 'example_sensors' retrieved from /home/airflow/.local/lib/python3.12/site-packages/airflow/example_dags/example_sensors.py
[2025-09-29T17:02:36.066+0000] {logging_mixin.py:188} INFO - [2025-09-29T17:02:36.065+0000] {dag.py:3089} INFO - Sync 1 DAGs
[2025-09-29T17:02:36.113+0000] {logging_mixin.py:188} INFO - [2025-09-29T17:02:36.112+0000] {dag.py:3947} INFO - Setting next_dagrun for example_sensors to None, run_after=None
[2025-09-29T17:02:36.173+0000] {processor.py:183} INFO - Processing /home/airflow/.local/lib/python3.12/site-packages/airflow/example_dags/example_sensors.py took 0.278 seconds
[2025-09-29T17:03:07.152+0000] {processor.py:161} INFO - Started process (PID=4125) to work on /home/airflow/.local/lib/python3.12/site-packages/airflow/example_dags/example_sensors.py
[2025-09-29T17:03:07.155+0000] {processor.py:830} INFO - Processing file /home/airflow/.local/lib/python3.12/site-packages/airflow/example_dags/example_sensors.py for tasks to queue
[2025-09-29T17:03:07.160+0000] {logging_mixin.py:188} INFO - [2025-09-29T17:03:07.158+0000] {dagbag.py:545} INFO - Filling up the DagBag from /home/airflow/.local/lib/python3.12/site-packages/airflow/example_dags/example_sensors.py
[2025-09-29T17:03:07.182+0000] {processor.py:840} INFO - DAG(s) 'example_sensors' retrieved from /home/airflow/.local/lib/python3.12/site-packages/airflow/example_dags/example_sensors.py
[2025-09-29T17:03:07.258+0000] {logging_mixin.py:188} INFO - [2025-09-29T17:03:07.258+0000] {dag.py:3089} INFO - Sync 1 DAGs
[2025-09-29T17:03:07.289+0000] {logging_mixin.py:188} INFO - [2025-09-29T17:03:07.289+0000] {dag.py:3947} INFO - Setting next_dagrun for example_sensors to None, run_after=None
[2025-09-29T17:03:07.342+0000] {processor.py:183} INFO - Processing /home/airflow/.local/lib/python3.12/site-packages/airflow/example_dags/example_sensors.py took 0.205 seconds
[2025-09-29T17:03:37.820+0000] {processor.py:161} INFO - Started process (PID=4397) to work on /home/airflow/.local/lib/python3.12/site-packages/airflow/example_dags/example_sensors.py
[2025-09-29T17:03:37.823+0000] {processor.py:830} INFO - Processing file /home/airflow/.local/lib/python3.12/site-packages/airflow/example_dags/example_sensors.py for tasks to queue
[2025-09-29T17:03:37.827+0000] {logging_mixin.py:188} INFO - [2025-09-29T17:03:37.826+0000] {dagbag.py:545} INFO - Filling up the DagBag from /home/airflow/.local/lib/python3.12/site-packages/airflow/example_dags/example_sensors.py
[2025-09-29T17:03:37.851+0000] {processor.py:840} INFO - DAG(s) 'example_sensors' retrieved from /home/airflow/.local/lib/python3.12/site-packages/airflow/example_dags/example_sensors.py
[2025-09-29T17:03:37.925+0000] {logging_mixin.py:188} INFO - [2025-09-29T17:03:37.924+0000] {dag.py:3089} INFO - Sync 1 DAGs
[2025-09-29T17:03:37.956+0000] {logging_mixin.py:188} INFO - [2025-09-29T17:03:37.956+0000] {dag.py:3947} INFO - Setting next_dagrun for example_sensors to None, run_after=None
[2025-09-29T17:03:38.007+0000] {processor.py:183} INFO - Processing /home/airflow/.local/lib/python3.12/site-packages/airflow/example_dags/example_sensors.py took 0.201 seconds
[2025-09-29T17:04:08.366+0000] {processor.py:161} INFO - Started process (PID=4659) to work on /home/airflow/.local/lib/python3.12/site-packages/airflow/example_dags/example_sensors.py
[2025-09-29T17:04:08.369+0000] {processor.py:830} INFO - Processing file /home/airflow/.local/lib/python3.12/site-packages/airflow/example_dags/example_sensors.py for tasks to queue
[2025-09-29T17:04:08.373+0000] {logging_mixin.py:188} INFO - [2025-09-29T17:04:08.372+0000] {dagbag.py:545} INFO - Filling up the DagBag from /home/airflow/.local/lib/python3.12/site-packages/airflow/example_dags/example_sensors.py
[2025-09-29T17:04:08.396+0000] {processor.py:840} INFO - DAG(s) 'example_sensors' retrieved from /home/airflow/.local/lib/python3.12/site-packages/airflow/example_dags/example_sensors.py
[2025-09-29T17:04:08.464+0000] {logging_mixin.py:188} INFO - [2025-09-29T17:04:08.464+0000] {dag.py:3089} INFO - Sync 1 DAGs
[2025-09-29T17:04:08.496+0000] {logging_mixin.py:188} INFO - [2025-09-29T17:04:08.496+0000] {dag.py:3947} INFO - Setting next_dagrun for example_sensors to None, run_after=None
[2025-09-29T17:04:08.552+0000] {processor.py:183} INFO - Processing /home/airflow/.local/lib/python3.12/site-packages/airflow/example_dags/example_sensors.py took 0.201 seconds
[2025-09-29T17:04:39.002+0000] {processor.py:161} INFO - Started process (PID=4921) to work on /home/airflow/.local/lib/python3.12/site-packages/airflow/example_dags/example_sensors.py
[2025-09-29T17:04:39.005+0000] {processor.py:830} INFO - Processing file /home/airflow/.local/lib/python3.12/site-packages/airflow/example_dags/example_sensors.py for tasks to queue
[2025-09-29T17:04:39.015+0000] {logging_mixin.py:188} INFO - [2025-09-29T17:04:39.012+0000] {dagbag.py:545} INFO - Filling up the DagBag from /home/airflow/.local/lib/python3.12/site-packages/airflow/example_dags/example_sensors.py
[2025-09-29T17:04:39.050+0000] {processor.py:840} INFO - DAG(s) 'example_sensors' retrieved from /home/airflow/.local/lib/python3.12/site-packages/airflow/example_dags/example_sensors.py
[2025-09-29T17:04:39.158+0000] {logging_mixin.py:188} INFO - [2025-09-29T17:04:39.157+0000] {dag.py:3089} INFO - Sync 1 DAGs
[2025-09-29T17:04:39.205+0000] {logging_mixin.py:188} INFO - [2025-09-29T17:04:39.204+0000] {dag.py:3947} INFO - Setting next_dagrun for example_sensors to None, run_after=None
[2025-09-29T17:04:39.289+0000] {processor.py:183} INFO - Processing /home/airflow/.local/lib/python3.12/site-packages/airflow/example_dags/example_sensors.py took 0.304 seconds
[2025-09-29T17:05:09.801+0000] {processor.py:161} INFO - Started process (PID=5189) to work on /home/airflow/.local/lib/python3.12/site-packages/airflow/example_dags/example_sensors.py
[2025-09-29T17:05:09.804+0000] {processor.py:830} INFO - Processing file /home/airflow/.local/lib/python3.12/site-packages/airflow/example_dags/example_sensors.py for tasks to queue
[2025-09-29T17:05:09.809+0000] {logging_mixin.py:188} INFO - [2025-09-29T17:05:09.808+0000] {dagbag.py:545} INFO - Filling up the DagBag from /home/airflow/.local/lib/python3.12/site-packages/airflow/example_dags/example_sensors.py
[2025-09-29T17:05:09.830+0000] {processor.py:840} INFO - DAG(s) 'example_sensors' retrieved from /home/airflow/.local/lib/python3.12/site-packages/airflow/example_dags/example_sensors.py
[2025-09-29T17:05:09.902+0000] {logging_mixin.py:188} INFO - [2025-09-29T17:05:09.901+0000] {dag.py:3089} INFO - Sync 1 DAGs
[2025-09-29T17:05:09.933+0000] {logging_mixin.py:188} INFO - [2025-09-29T17:05:09.933+0000] {dag.py:3947} INFO - Setting next_dagrun for example_sensors to None, run_after=None
[2025-09-29T17:05:09.990+0000] {processor.py:183} INFO - Processing /home/airflow/.local/lib/python3.12/site-packages/airflow/example_dags/example_sensors.py took 0.206 seconds
[2025-09-29T17:05:40.651+0000] {processor.py:161} INFO - Started process (PID=5468) to work on /home/airflow/.local/lib/python3.12/site-packages/airflow/example_dags/example_sensors.py
[2025-09-29T17:05:40.655+0000] {processor.py:830} INFO - Processing file /home/airflow/.local/lib/python3.12/site-packages/airflow/example_dags/example_sensors.py for tasks to queue
[2025-09-29T17:05:40.661+0000] {logging_mixin.py:188} INFO - [2025-09-29T17:05:40.659+0000] {dagbag.py:545} INFO - Filling up the DagBag from /home/airflow/.local/lib/python3.12/site-packages/airflow/example_dags/example_sensors.py
[2025-09-29T17:05:40.682+0000] {processor.py:840} INFO - DAG(s) 'example_sensors' retrieved from /home/airflow/.local/lib/python3.12/site-packages/airflow/example_dags/example_sensors.py
[2025-09-29T17:05:40.755+0000] {logging_mixin.py:188} INFO - [2025-09-29T17:05:40.755+0000] {dag.py:3089} INFO - Sync 1 DAGs
[2025-09-29T17:05:40.788+0000] {logging_mixin.py:188} INFO - [2025-09-29T17:05:40.788+0000] {dag.py:3947} INFO - Setting next_dagrun for example_sensors to None, run_after=None
[2025-09-29T17:05:40.842+0000] {processor.py:183} INFO - Processing /home/airflow/.local/lib/python3.12/site-packages/airflow/example_dags/example_sensors.py took 0.206 seconds
[2025-09-29T17:06:11.731+0000] {processor.py:161} INFO - Started process (PID=5728) to work on /home/airflow/.local/lib/python3.12/site-packages/airflow/example_dags/example_sensors.py
[2025-09-29T17:06:11.734+0000] {processor.py:830} INFO - Processing file /home/airflow/.local/lib/python3.12/site-packages/airflow/example_dags/example_sensors.py for tasks to queue
[2025-09-29T17:06:11.740+0000] {logging_mixin.py:188} INFO - [2025-09-29T17:06:11.739+0000] {dagbag.py:545} INFO - Filling up the DagBag from /home/airflow/.local/lib/python3.12/site-packages/airflow/example_dags/example_sensors.py
[2025-09-29T17:06:11.766+0000] {processor.py:840} INFO - DAG(s) 'example_sensors' retrieved from /home/airflow/.local/lib/python3.12/site-packages/airflow/example_dags/example_sensors.py
[2025-09-29T17:06:11.854+0000] {logging_mixin.py:188} INFO - [2025-09-29T17:06:11.853+0000] {dag.py:3089} INFO - Sync 1 DAGs
[2025-09-29T17:06:11.900+0000] {logging_mixin.py:188} INFO - [2025-09-29T17:06:11.899+0000] {dag.py:3947} INFO - Setting next_dagrun for example_sensors to None, run_after=None
[2025-09-29T17:06:11.961+0000] {processor.py:183} INFO - Processing /home/airflow/.local/lib/python3.12/site-packages/airflow/example_dags/example_sensors.py took 0.252 seconds
[2025-09-29T17:06:42.310+0000] {processor.py:161} INFO - Started process (PID=5990) to work on /home/airflow/.local/lib/python3.12/site-packages/airflow/example_dags/example_sensors.py
[2025-09-29T17:06:42.316+0000] {processor.py:830} INFO - Processing file /home/airflow/.local/lib/python3.12/site-packages/airflow/example_dags/example_sensors.py for tasks to queue
[2025-09-29T17:06:42.322+0000] {logging_mixin.py:188} INFO - [2025-09-29T17:06:42.321+0000] {dagbag.py:545} INFO - Filling up the DagBag from /home/airflow/.local/lib/python3.12/site-packages/airflow/example_dags/example_sensors.py
[2025-09-29T17:06:42.358+0000] {processor.py:840} INFO - DAG(s) 'example_sensors' retrieved from /home/airflow/.local/lib/python3.12/site-packages/airflow/example_dags/example_sensors.py
[2025-09-29T17:06:42.457+0000] {logging_mixin.py:188} INFO - [2025-09-29T17:06:42.456+0000] {dag.py:3089} INFO - Sync 1 DAGs
[2025-09-29T17:06:42.515+0000] {logging_mixin.py:188} INFO - [2025-09-29T17:06:42.514+0000] {dag.py:3947} INFO - Setting next_dagrun for example_sensors to None, run_after=None
[2025-09-29T17:06:42.584+0000] {processor.py:183} INFO - Processing /home/airflow/.local/lib/python3.12/site-packages/airflow/example_dags/example_sensors.py took 0.296 seconds
[2025-09-29T17:07:14.492+0000] {processor.py:161} INFO - Started process (PID=6242) to work on /home/airflow/.local/lib/python3.12/site-packages/airflow/example_dags/example_sensors.py
[2025-09-29T17:07:14.495+0000] {processor.py:830} INFO - Processing file /home/airflow/.local/lib/python3.12/site-packages/airflow/example_dags/example_sensors.py for tasks to queue
[2025-09-29T17:07:14.500+0000] {logging_mixin.py:188} INFO - [2025-09-29T17:07:14.499+0000] {dagbag.py:545} INFO - Filling up the DagBag from /home/airflow/.local/lib/python3.12/site-packages/airflow/example_dags/example_sensors.py
[2025-09-29T17:07:14.520+0000] {processor.py:840} INFO - DAG(s) 'example_sensors' retrieved from /home/airflow/.local/lib/python3.12/site-packages/airflow/example_dags/example_sensors.py
[2025-09-29T17:07:14.595+0000] {logging_mixin.py:188} INFO - [2025-09-29T17:07:14.594+0000] {dag.py:3089} INFO - Sync 1 DAGs
[2025-09-29T17:07:14.628+0000] {logging_mixin.py:188} INFO - [2025-09-29T17:07:14.627+0000] {dag.py:3947} INFO - Setting next_dagrun for example_sensors to None, run_after=None
[2025-09-29T17:07:14.682+0000] {processor.py:183} INFO - Processing /home/airflow/.local/lib/python3.12/site-packages/airflow/example_dags/example_sensors.py took 0.204 seconds
[2025-09-29T17:07:46.067+0000] {processor.py:161} INFO - Started process (PID=6504) to work on /home/airflow/.local/lib/python3.12/site-packages/airflow/example_dags/example_sensors.py
[2025-09-29T17:07:46.079+0000] {processor.py:830} INFO - Processing file /home/airflow/.local/lib/python3.12/site-packages/airflow/example_dags/example_sensors.py for tasks to queue
[2025-09-29T17:07:46.095+0000] {logging_mixin.py:188} INFO - [2025-09-29T17:07:46.090+0000] {dagbag.py:545} INFO - Filling up the DagBag from /home/airflow/.local/lib/python3.12/site-packages/airflow/example_dags/example_sensors.py
[2025-09-29T17:07:46.176+0000] {processor.py:840} INFO - DAG(s) 'example_sensors' retrieved from /home/airflow/.local/lib/python3.12/site-packages/airflow/example_dags/example_sensors.py
[2025-09-29T17:07:46.337+0000] {logging_mixin.py:188} INFO - [2025-09-29T17:07:46.336+0000] {dag.py:3089} INFO - Sync 1 DAGs
[2025-09-29T17:07:46.421+0000] {logging_mixin.py:188} INFO - [2025-09-29T17:07:46.420+0000] {dag.py:3947} INFO - Setting next_dagrun for example_sensors to None, run_after=None
[2025-09-29T17:07:46.526+0000] {processor.py:183} INFO - Processing /home/airflow/.local/lib/python3.12/site-packages/airflow/example_dags/example_sensors.py took 0.502 seconds
[2025-09-29T17:08:16.991+0000] {processor.py:161} INFO - Started process (PID=6768) to work on /home/airflow/.local/lib/python3.12/site-packages/airflow/example_dags/example_sensors.py
[2025-09-29T17:08:16.995+0000] {processor.py:830} INFO - Processing file /home/airflow/.local/lib/python3.12/site-packages/airflow/example_dags/example_sensors.py for tasks to queue
[2025-09-29T17:08:17.001+0000] {logging_mixin.py:188} INFO - [2025-09-29T17:08:17.000+0000] {dagbag.py:545} INFO - Filling up the DagBag from /home/airflow/.local/lib/python3.12/site-packages/airflow/example_dags/example_sensors.py
[2025-09-29T17:08:17.025+0000] {processor.py:840} INFO - DAG(s) 'example_sensors' retrieved from /home/airflow/.local/lib/python3.12/site-packages/airflow/example_dags/example_sensors.py
[2025-09-29T17:08:17.102+0000] {logging_mixin.py:188} INFO - [2025-09-29T17:08:17.102+0000] {dag.py:3089} INFO - Sync 1 DAGs
[2025-09-29T17:08:17.138+0000] {logging_mixin.py:188} INFO - [2025-09-29T17:08:17.137+0000] {dag.py:3947} INFO - Setting next_dagrun for example_sensors to None, run_after=None
[2025-09-29T17:08:17.192+0000] {processor.py:183} INFO - Processing /home/airflow/.local/lib/python3.12/site-packages/airflow/example_dags/example_sensors.py took 0.217 seconds
[2025-09-29T17:08:48.751+0000] {processor.py:161} INFO - Started process (PID=7028) to work on /home/airflow/.local/lib/python3.12/site-packages/airflow/example_dags/example_sensors.py
[2025-09-29T17:08:48.754+0000] {processor.py:830} INFO - Processing file /home/airflow/.local/lib/python3.12/site-packages/airflow/example_dags/example_sensors.py for tasks to queue
[2025-09-29T17:08:48.763+0000] {logging_mixin.py:188} INFO - [2025-09-29T17:08:48.761+0000] {dagbag.py:545} INFO - Filling up the DagBag from /home/airflow/.local/lib/python3.12/site-packages/airflow/example_dags/example_sensors.py
[2025-09-29T17:08:48.805+0000] {processor.py:840} INFO - DAG(s) 'example_sensors' retrieved from /home/airflow/.local/lib/python3.12/site-packages/airflow/example_dags/example_sensors.py
[2025-09-29T17:08:48.950+0000] {logging_mixin.py:188} INFO - [2025-09-29T17:08:48.949+0000] {dag.py:3089} INFO - Sync 1 DAGs
[2025-09-29T17:08:49.020+0000] {logging_mixin.py:188} INFO - [2025-09-29T17:08:49.020+0000] {dag.py:3947} INFO - Setting next_dagrun for example_sensors to None, run_after=None
[2025-09-29T17:08:49.100+0000] {processor.py:183} INFO - Processing /home/airflow/.local/lib/python3.12/site-packages/airflow/example_dags/example_sensors.py took 0.380 seconds
[2025-09-29T17:09:32.342+0000] {processor.py:161} INFO - Started process (PID=7315) to work on /home/airflow/.local/lib/python3.12/site-packages/airflow/example_dags/example_sensors.py
[2025-09-29T17:09:32.389+0000] {processor.py:830} INFO - Processing file /home/airflow/.local/lib/python3.12/site-packages/airflow/example_dags/example_sensors.py for tasks to queue
[2025-09-29T17:09:32.394+0000] {logging_mixin.py:188} INFO - [2025-09-29T17:09:32.393+0000] {dagbag.py:545} INFO - Filling up the DagBag from /home/airflow/.local/lib/python3.12/site-packages/airflow/example_dags/example_sensors.py
[2025-09-29T17:09:32.511+0000] {processor.py:840} INFO - DAG(s) 'example_sensors' retrieved from /home/airflow/.local/lib/python3.12/site-packages/airflow/example_dags/example_sensors.py
[2025-09-29T17:09:32.590+0000] {logging_mixin.py:188} INFO - [2025-09-29T17:09:32.589+0000] {dag.py:3089} INFO - Sync 1 DAGs
[2025-09-29T17:09:32.622+0000] {logging_mixin.py:188} INFO - [2025-09-29T17:09:32.621+0000] {dag.py:3947} INFO - Setting next_dagrun for example_sensors to None, run_after=None
[2025-09-29T17:09:32.773+0000] {processor.py:183} INFO - Processing /home/airflow/.local/lib/python3.12/site-packages/airflow/example_dags/example_sensors.py took 0.449 seconds
[2025-09-29T17:10:04.883+0000] {processor.py:161} INFO - Started process (PID=7577) to work on /home/airflow/.local/lib/python3.12/site-packages/airflow/example_dags/example_sensors.py
[2025-09-29T17:10:04.885+0000] {processor.py:830} INFO - Processing file /home/airflow/.local/lib/python3.12/site-packages/airflow/example_dags/example_sensors.py for tasks to queue
[2025-09-29T17:10:04.891+0000] {logging_mixin.py:188} INFO - [2025-09-29T17:10:04.890+0000] {dagbag.py:545} INFO - Filling up the DagBag from /home/airflow/.local/lib/python3.12/site-packages/airflow/example_dags/example_sensors.py
[2025-09-29T17:10:04.915+0000] {processor.py:840} INFO - DAG(s) 'example_sensors' retrieved from /home/airflow/.local/lib/python3.12/site-packages/airflow/example_dags/example_sensors.py
[2025-09-29T17:10:04.990+0000] {logging_mixin.py:188} INFO - [2025-09-29T17:10:04.989+0000] {dag.py:3089} INFO - Sync 1 DAGs
[2025-09-29T17:10:05.022+0000] {logging_mixin.py:188} INFO - [2025-09-29T17:10:05.022+0000] {dag.py:3947} INFO - Setting next_dagrun for example_sensors to None, run_after=None
[2025-09-29T17:10:05.076+0000] {processor.py:183} INFO - Processing /home/airflow/.local/lib/python3.12/site-packages/airflow/example_dags/example_sensors.py took 0.211 seconds
[2025-09-29T17:10:36.635+0000] {processor.py:161} INFO - Started process (PID=7842) to work on /home/airflow/.local/lib/python3.12/site-packages/airflow/example_dags/example_sensors.py
[2025-09-29T17:10:36.639+0000] {processor.py:830} INFO - Processing file /home/airflow/.local/lib/python3.12/site-packages/airflow/example_dags/example_sensors.py for tasks to queue
[2025-09-29T17:10:36.646+0000] {logging_mixin.py:188} INFO - [2025-09-29T17:10:36.645+0000] {dagbag.py:545} INFO - Filling up the DagBag from /home/airflow/.local/lib/python3.12/site-packages/airflow/example_dags/example_sensors.py
[2025-09-29T17:10:36.677+0000] {processor.py:840} INFO - DAG(s) 'example_sensors' retrieved from /home/airflow/.local/lib/python3.12/site-packages/airflow/example_dags/example_sensors.py
[2025-09-29T17:10:36.803+0000] {logging_mixin.py:188} INFO - [2025-09-29T17:10:36.802+0000] {dag.py:3089} INFO - Sync 1 DAGs
[2025-09-29T17:10:36.887+0000] {logging_mixin.py:188} INFO - [2025-09-29T17:10:36.886+0000] {dag.py:3947} INFO - Setting next_dagrun for example_sensors to None, run_after=None
[2025-09-29T17:10:36.976+0000] {processor.py:183} INFO - Processing /home/airflow/.local/lib/python3.12/site-packages/airflow/example_dags/example_sensors.py took 0.363 seconds
[2025-09-29T17:11:08.315+0000] {processor.py:161} INFO - Started process (PID=8104) to work on /home/airflow/.local/lib/python3.12/site-packages/airflow/example_dags/example_sensors.py
[2025-09-29T17:11:08.318+0000] {processor.py:830} INFO - Processing file /home/airflow/.local/lib/python3.12/site-packages/airflow/example_dags/example_sensors.py for tasks to queue
[2025-09-29T17:11:08.325+0000] {logging_mixin.py:188} INFO - [2025-09-29T17:11:08.323+0000] {dagbag.py:545} INFO - Filling up the DagBag from /home/airflow/.local/lib/python3.12/site-packages/airflow/example_dags/example_sensors.py
[2025-09-29T17:11:08.351+0000] {processor.py:840} INFO - DAG(s) 'example_sensors' retrieved from /home/airflow/.local/lib/python3.12/site-packages/airflow/example_dags/example_sensors.py
[2025-09-29T17:11:08.432+0000] {logging_mixin.py:188} INFO - [2025-09-29T17:11:08.431+0000] {dag.py:3089} INFO - Sync 1 DAGs
[2025-09-29T17:11:08.469+0000] {logging_mixin.py:188} INFO - [2025-09-29T17:11:08.468+0000] {dag.py:3947} INFO - Setting next_dagrun for example_sensors to None, run_after=None
[2025-09-29T17:11:08.522+0000] {processor.py:183} INFO - Processing /home/airflow/.local/lib/python3.12/site-packages/airflow/example_dags/example_sensors.py took 0.225 seconds
[2025-09-29T17:11:39.348+0000] {processor.py:161} INFO - Started process (PID=8371) to work on /home/airflow/.local/lib/python3.12/site-packages/airflow/example_dags/example_sensors.py
[2025-09-29T17:11:39.351+0000] {processor.py:830} INFO - Processing file /home/airflow/.local/lib/python3.12/site-packages/airflow/example_dags/example_sensors.py for tasks to queue
[2025-09-29T17:11:39.356+0000] {logging_mixin.py:188} INFO - [2025-09-29T17:11:39.355+0000] {dagbag.py:545} INFO - Filling up the DagBag from /home/airflow/.local/lib/python3.12/site-packages/airflow/example_dags/example_sensors.py
[2025-09-29T17:11:39.385+0000] {processor.py:840} INFO - DAG(s) 'example_sensors' retrieved from /home/airflow/.local/lib/python3.12/site-packages/airflow/example_dags/example_sensors.py
[2025-09-29T17:11:39.463+0000] {logging_mixin.py:188} INFO - [2025-09-29T17:11:39.462+0000] {dag.py:3089} INFO - Sync 1 DAGs
[2025-09-29T17:11:39.498+0000] {logging_mixin.py:188} INFO - [2025-09-29T17:11:39.497+0000] {dag.py:3947} INFO - Setting next_dagrun for example_sensors to None, run_after=None
[2025-09-29T17:11:39.549+0000] {processor.py:183} INFO - Processing /home/airflow/.local/lib/python3.12/site-packages/airflow/example_dags/example_sensors.py took 0.220 seconds
[2025-09-29T17:12:10.876+0000] {processor.py:161} INFO - Started process (PID=8633) to work on /home/airflow/.local/lib/python3.12/site-packages/airflow/example_dags/example_sensors.py
[2025-09-29T17:12:10.878+0000] {processor.py:830} INFO - Processing file /home/airflow/.local/lib/python3.12/site-packages/airflow/example_dags/example_sensors.py for tasks to queue
[2025-09-29T17:12:10.884+0000] {logging_mixin.py:188} INFO - [2025-09-29T17:12:10.883+0000] {dagbag.py:545} INFO - Filling up the DagBag from /home/airflow/.local/lib/python3.12/site-packages/airflow/example_dags/example_sensors.py
[2025-09-29T17:12:10.909+0000] {processor.py:840} INFO - DAG(s) 'example_sensors' retrieved from /home/airflow/.local/lib/python3.12/site-packages/airflow/example_dags/example_sensors.py
[2025-09-29T17:12:11.008+0000] {logging_mixin.py:188} INFO - [2025-09-29T17:12:11.007+0000] {dag.py:3089} INFO - Sync 1 DAGs
[2025-09-29T17:12:11.047+0000] {logging_mixin.py:188} INFO - [2025-09-29T17:12:11.046+0000] {dag.py:3947} INFO - Setting next_dagrun for example_sensors to None, run_after=None
[2025-09-29T17:12:11.117+0000] {processor.py:183} INFO - Processing /home/airflow/.local/lib/python3.12/site-packages/airflow/example_dags/example_sensors.py took 0.264 seconds
[2025-09-29T17:12:46.593+0000] {processor.py:161} INFO - Started process (PID=8915) to work on /home/airflow/.local/lib/python3.12/site-packages/airflow/example_dags/example_sensors.py
[2025-09-29T17:12:46.597+0000] {processor.py:830} INFO - Processing file /home/airflow/.local/lib/python3.12/site-packages/airflow/example_dags/example_sensors.py for tasks to queue
[2025-09-29T17:12:46.603+0000] {logging_mixin.py:188} INFO - [2025-09-29T17:12:46.602+0000] {dagbag.py:545} INFO - Filling up the DagBag from /home/airflow/.local/lib/python3.12/site-packages/airflow/example_dags/example_sensors.py
[2025-09-29T17:12:46.631+0000] {processor.py:840} INFO - DAG(s) 'example_sensors' retrieved from /home/airflow/.local/lib/python3.12/site-packages/airflow/example_dags/example_sensors.py
[2025-09-29T17:12:46.729+0000] {logging_mixin.py:188} INFO - [2025-09-29T17:12:46.729+0000] {dag.py:3089} INFO - Sync 1 DAGs
[2025-09-29T17:12:46.768+0000] {logging_mixin.py:188} INFO - [2025-09-29T17:12:46.767+0000] {dag.py:3947} INFO - Setting next_dagrun for example_sensors to None, run_after=None
[2025-09-29T17:12:46.825+0000] {processor.py:183} INFO - Processing /home/airflow/.local/lib/python3.12/site-packages/airflow/example_dags/example_sensors.py took 0.254 seconds
[2025-09-29T17:13:17.325+0000] {processor.py:161} INFO - Started process (PID=9177) to work on /home/airflow/.local/lib/python3.12/site-packages/airflow/example_dags/example_sensors.py
[2025-09-29T17:13:17.328+0000] {processor.py:830} INFO - Processing file /home/airflow/.local/lib/python3.12/site-packages/airflow/example_dags/example_sensors.py for tasks to queue
[2025-09-29T17:13:17.335+0000] {logging_mixin.py:188} INFO - [2025-09-29T17:13:17.334+0000] {dagbag.py:545} INFO - Filling up the DagBag from /home/airflow/.local/lib/python3.12/site-packages/airflow/example_dags/example_sensors.py
[2025-09-29T17:13:17.360+0000] {processor.py:840} INFO - DAG(s) 'example_sensors' retrieved from /home/airflow/.local/lib/python3.12/site-packages/airflow/example_dags/example_sensors.py
[2025-09-29T17:13:17.433+0000] {logging_mixin.py:188} INFO - [2025-09-29T17:13:17.432+0000] {dag.py:3089} INFO - Sync 1 DAGs
[2025-09-29T17:13:17.465+0000] {logging_mixin.py:188} INFO - [2025-09-29T17:13:17.465+0000] {dag.py:3947} INFO - Setting next_dagrun for example_sensors to None, run_after=None
[2025-09-29T17:13:17.516+0000] {processor.py:183} INFO - Processing /home/airflow/.local/lib/python3.12/site-packages/airflow/example_dags/example_sensors.py took 0.210 seconds
[2025-09-29T17:13:48.309+0000] {processor.py:161} INFO - Started process (PID=9439) to work on /home/airflow/.local/lib/python3.12/site-packages/airflow/example_dags/example_sensors.py
[2025-09-29T17:13:48.312+0000] {processor.py:830} INFO - Processing file /home/airflow/.local/lib/python3.12/site-packages/airflow/example_dags/example_sensors.py for tasks to queue
[2025-09-29T17:13:48.318+0000] {logging_mixin.py:188} INFO - [2025-09-29T17:13:48.317+0000] {dagbag.py:545} INFO - Filling up the DagBag from /home/airflow/.local/lib/python3.12/site-packages/airflow/example_dags/example_sensors.py
[2025-09-29T17:13:48.346+0000] {processor.py:840} INFO - DAG(s) 'example_sensors' retrieved from /home/airflow/.local/lib/python3.12/site-packages/airflow/example_dags/example_sensors.py
[2025-09-29T17:13:48.432+0000] {logging_mixin.py:188} INFO - [2025-09-29T17:13:48.431+0000] {dag.py:3089} INFO - Sync 1 DAGs
[2025-09-29T17:13:48.469+0000] {logging_mixin.py:188} INFO - [2025-09-29T17:13:48.468+0000] {dag.py:3947} INFO - Setting next_dagrun for example_sensors to None, run_after=None
[2025-09-29T17:13:48.521+0000] {processor.py:183} INFO - Processing /home/airflow/.local/lib/python3.12/site-packages/airflow/example_dags/example_sensors.py took 0.235 seconds
[2025-09-29T17:14:20.380+0000] {processor.py:161} INFO - Started process (PID=9701) to work on /home/airflow/.local/lib/python3.12/site-packages/airflow/example_dags/example_sensors.py
[2025-09-29T17:14:20.383+0000] {processor.py:830} INFO - Processing file /home/airflow/.local/lib/python3.12/site-packages/airflow/example_dags/example_sensors.py for tasks to queue
[2025-09-29T17:14:20.389+0000] {logging_mixin.py:188} INFO - [2025-09-29T17:14:20.388+0000] {dagbag.py:545} INFO - Filling up the DagBag from /home/airflow/.local/lib/python3.12/site-packages/airflow/example_dags/example_sensors.py
[2025-09-29T17:14:20.413+0000] {processor.py:840} INFO - DAG(s) 'example_sensors' retrieved from /home/airflow/.local/lib/python3.12/site-packages/airflow/example_dags/example_sensors.py
[2025-09-29T17:14:20.496+0000] {logging_mixin.py:188} INFO - [2025-09-29T17:14:20.495+0000] {dag.py:3089} INFO - Sync 1 DAGs
[2025-09-29T17:14:20.529+0000] {logging_mixin.py:188} INFO - [2025-09-29T17:14:20.528+0000] {dag.py:3947} INFO - Setting next_dagrun for example_sensors to None, run_after=None
[2025-09-29T17:14:20.580+0000] {processor.py:183} INFO - Processing /home/airflow/.local/lib/python3.12/site-packages/airflow/example_dags/example_sensors.py took 0.217 seconds
[2025-09-29T17:14:50.720+0000] {processor.py:161} INFO - Started process (PID=9963) to work on /home/airflow/.local/lib/python3.12/site-packages/airflow/example_dags/example_sensors.py
[2025-09-29T17:14:50.723+0000] {processor.py:830} INFO - Processing file /home/airflow/.local/lib/python3.12/site-packages/airflow/example_dags/example_sensors.py for tasks to queue
[2025-09-29T17:14:50.730+0000] {logging_mixin.py:188} INFO - [2025-09-29T17:14:50.729+0000] {dagbag.py:545} INFO - Filling up the DagBag from /home/airflow/.local/lib/python3.12/site-packages/airflow/example_dags/example_sensors.py
[2025-09-29T17:14:50.755+0000] {processor.py:840} INFO - DAG(s) 'example_sensors' retrieved from /home/airflow/.local/lib/python3.12/site-packages/airflow/example_dags/example_sensors.py
[2025-09-29T17:14:50.829+0000] {logging_mixin.py:188} INFO - [2025-09-29T17:14:50.829+0000] {dag.py:3089} INFO - Sync 1 DAGs
[2025-09-29T17:14:50.863+0000] {logging_mixin.py:188} INFO - [2025-09-29T17:14:50.862+0000] {dag.py:3947} INFO - Setting next_dagrun for example_sensors to None, run_after=None
[2025-09-29T17:14:50.915+0000] {processor.py:183} INFO - Processing /home/airflow/.local/lib/python3.12/site-packages/airflow/example_dags/example_sensors.py took 0.216 seconds
[2025-09-29T17:15:26.268+0000] {processor.py:161} INFO - Started process (PID=10280) to work on /home/airflow/.local/lib/python3.12/site-packages/airflow/example_dags/example_sensors.py
[2025-09-29T17:15:26.274+0000] {processor.py:830} INFO - Processing file /home/airflow/.local/lib/python3.12/site-packages/airflow/example_dags/example_sensors.py for tasks to queue
[2025-09-29T17:15:26.289+0000] {logging_mixin.py:188} INFO - [2025-09-29T17:15:26.287+0000] {dagbag.py:545} INFO - Filling up the DagBag from /home/airflow/.local/lib/python3.12/site-packages/airflow/example_dags/example_sensors.py
[2025-09-29T17:15:26.333+0000] {processor.py:840} INFO - DAG(s) 'example_sensors' retrieved from /home/airflow/.local/lib/python3.12/site-packages/airflow/example_dags/example_sensors.py
[2025-09-29T17:15:26.448+0000] {logging_mixin.py:188} INFO - [2025-09-29T17:15:26.448+0000] {dag.py:3089} INFO - Sync 1 DAGs
[2025-09-29T17:15:26.498+0000] {logging_mixin.py:188} INFO - [2025-09-29T17:15:26.498+0000] {dag.py:3947} INFO - Setting next_dagrun for example_sensors to None, run_after=None
[2025-09-29T17:15:26.576+0000] {processor.py:183} INFO - Processing /home/airflow/.local/lib/python3.12/site-packages/airflow/example_dags/example_sensors.py took 0.349 seconds
[2025-09-29T17:15:57.857+0000] {processor.py:161} INFO - Started process (PID=10542) to work on /home/airflow/.local/lib/python3.12/site-packages/airflow/example_dags/example_sensors.py
[2025-09-29T17:15:57.861+0000] {processor.py:830} INFO - Processing file /home/airflow/.local/lib/python3.12/site-packages/airflow/example_dags/example_sensors.py for tasks to queue
[2025-09-29T17:15:57.867+0000] {logging_mixin.py:188} INFO - [2025-09-29T17:15:57.866+0000] {dagbag.py:545} INFO - Filling up the DagBag from /home/airflow/.local/lib/python3.12/site-packages/airflow/example_dags/example_sensors.py
[2025-09-29T17:15:57.897+0000] {processor.py:840} INFO - DAG(s) 'example_sensors' retrieved from /home/airflow/.local/lib/python3.12/site-packages/airflow/example_dags/example_sensors.py
[2025-09-29T17:15:57.977+0000] {logging_mixin.py:188} INFO - [2025-09-29T17:15:57.976+0000] {dag.py:3089} INFO - Sync 1 DAGs
[2025-09-29T17:15:58.012+0000] {logging_mixin.py:188} INFO - [2025-09-29T17:15:58.011+0000] {dag.py:3947} INFO - Setting next_dagrun for example_sensors to None, run_after=None
[2025-09-29T17:15:58.067+0000] {processor.py:183} INFO - Processing /home/airflow/.local/lib/python3.12/site-packages/airflow/example_dags/example_sensors.py took 0.228 seconds
[2025-09-29T17:16:31.437+0000] {processor.py:161} INFO - Started process (PID=10806) to work on /home/airflow/.local/lib/python3.12/site-packages/airflow/example_dags/example_sensors.py
[2025-09-29T17:16:31.440+0000] {processor.py:830} INFO - Processing file /home/airflow/.local/lib/python3.12/site-packages/airflow/example_dags/example_sensors.py for tasks to queue
[2025-09-29T17:16:31.447+0000] {logging_mixin.py:188} INFO - [2025-09-29T17:16:31.446+0000] {dagbag.py:545} INFO - Filling up the DagBag from /home/airflow/.local/lib/python3.12/site-packages/airflow/example_dags/example_sensors.py
[2025-09-29T17:16:31.472+0000] {processor.py:840} INFO - DAG(s) 'example_sensors' retrieved from /home/airflow/.local/lib/python3.12/site-packages/airflow/example_dags/example_sensors.py
[2025-09-29T17:16:31.550+0000] {logging_mixin.py:188} INFO - [2025-09-29T17:16:31.549+0000] {dag.py:3089} INFO - Sync 1 DAGs
[2025-09-29T17:16:31.585+0000] {logging_mixin.py:188} INFO - [2025-09-29T17:16:31.585+0000] {dag.py:3947} INFO - Setting next_dagrun for example_sensors to None, run_after=None
[2025-09-29T17:16:31.637+0000] {processor.py:183} INFO - Processing /home/airflow/.local/lib/python3.12/site-packages/airflow/example_dags/example_sensors.py took 0.220 seconds
