[2025-09-29T15:33:20.999+0000] {processor.py:161} INFO - Started process (PID=298) to work on /home/airflow/.local/lib/python3.12/site-packages/airflow/example_dags/example_datasets.py
[2025-09-29T15:33:21.002+0000] {processor.py:830} INFO - Processing file /home/airflow/.local/lib/python3.12/site-packages/airflow/example_dags/example_datasets.py for tasks to queue
[2025-09-29T15:33:21.006+0000] {logging_mixin.py:188} INFO - [2025-09-29T15:33:21.005+0000] {dagbag.py:545} INFO - Filling up the DagBag from /home/airflow/.local/lib/python3.12/site-packages/airflow/example_dags/example_datasets.py
[2025-09-29T15:33:21.048+0000] {processor.py:840} INFO - DAG(s) 'dataset_consumes_1_never_scheduled', 'dataset_consumes_1_and_2', 'consume_1_or_both_2_and_3_with_dataset_expressions', 'consume_1_and_2_with_dataset_expressions', 'consume_1_or_2_with_dataset_expressions', 'dataset_produces_1', 'conditional_dataset_and_time_based_timetable', 'dataset_consumes_1', 'dataset_consumes_unknown_never_scheduled', 'dataset_produces_2' retrieved from /home/airflow/.local/lib/python3.12/site-packages/airflow/example_dags/example_datasets.py
[2025-09-29T15:33:21.170+0000] {logging_mixin.py:188} INFO - [2025-09-29T15:33:21.169+0000] {dag.py:3089} INFO - Sync 10 DAGs
[2025-09-29T15:33:21.248+0000] {logging_mixin.py:188} INFO - [2025-09-29T15:33:21.248+0000] {dag.py:3947} INFO - Setting next_dagrun for conditional_dataset_and_time_based_timetable to 2025-09-24 01:00:00+00:00, run_after=2025-09-24 01:00:00+00:00
[2025-09-29T15:33:21.256+0000] {logging_mixin.py:188} INFO - [2025-09-29T15:33:21.256+0000] {dag.py:3947} INFO - Setting next_dagrun for consume_1_and_2_with_dataset_expressions to None, run_after=None
[2025-09-29T15:33:21.260+0000] {logging_mixin.py:188} INFO - [2025-09-29T15:33:21.260+0000] {dag.py:3947} INFO - Setting next_dagrun for consume_1_or_2_with_dataset_expressions to None, run_after=None
[2025-09-29T15:33:21.263+0000] {logging_mixin.py:188} INFO - [2025-09-29T15:33:21.263+0000] {dag.py:3947} INFO - Setting next_dagrun for consume_1_or_both_2_and_3_with_dataset_expressions to None, run_after=None
[2025-09-29T15:33:21.266+0000] {logging_mixin.py:188} INFO - [2025-09-29T15:33:21.265+0000] {dag.py:3947} INFO - Setting next_dagrun for dataset_consumes_1 to None, run_after=None
[2025-09-29T15:33:21.269+0000] {logging_mixin.py:188} INFO - [2025-09-29T15:33:21.268+0000] {dag.py:3947} INFO - Setting next_dagrun for dataset_consumes_1_and_2 to None, run_after=None
[2025-09-29T15:33:21.272+0000] {logging_mixin.py:188} INFO - [2025-09-29T15:33:21.272+0000] {dag.py:3947} INFO - Setting next_dagrun for dataset_consumes_1_never_scheduled to None, run_after=None
[2025-09-29T15:33:21.275+0000] {logging_mixin.py:188} INFO - [2025-09-29T15:33:21.275+0000] {dag.py:3947} INFO - Setting next_dagrun for dataset_consumes_unknown_never_scheduled to None, run_after=None
[2025-09-29T15:33:21.280+0000] {logging_mixin.py:188} INFO - [2025-09-29T15:33:21.280+0000] {dag.py:3947} INFO - Setting next_dagrun for dataset_produces_1 to 2025-09-28 00:00:00+00:00, run_after=2025-09-29 00:00:00+00:00
[2025-09-29T15:33:21.284+0000] {logging_mixin.py:188} INFO - [2025-09-29T15:33:21.284+0000] {dag.py:3947} INFO - Setting next_dagrun for dataset_produces_2 to None, run_after=None
[2025-09-29T15:33:21.513+0000] {processor.py:183} INFO - Processing /home/airflow/.local/lib/python3.12/site-packages/airflow/example_dags/example_datasets.py took 0.530 seconds
[2025-09-29T15:33:54.312+0000] {processor.py:161} INFO - Started process (PID=573) to work on /home/airflow/.local/lib/python3.12/site-packages/airflow/example_dags/example_datasets.py
[2025-09-29T15:33:54.315+0000] {processor.py:830} INFO - Processing file /home/airflow/.local/lib/python3.12/site-packages/airflow/example_dags/example_datasets.py for tasks to queue
[2025-09-29T15:33:54.320+0000] {logging_mixin.py:188} INFO - [2025-09-29T15:33:54.319+0000] {dagbag.py:545} INFO - Filling up the DagBag from /home/airflow/.local/lib/python3.12/site-packages/airflow/example_dags/example_datasets.py
[2025-09-29T15:33:54.360+0000] {processor.py:840} INFO - DAG(s) 'consume_1_and_2_with_dataset_expressions', 'dataset_produces_2', 'dataset_consumes_1_and_2', 'dataset_consumes_1', 'dataset_consumes_1_never_scheduled', 'dataset_consumes_unknown_never_scheduled', 'conditional_dataset_and_time_based_timetable', 'consume_1_or_2_with_dataset_expressions', 'dataset_produces_1', 'consume_1_or_both_2_and_3_with_dataset_expressions' retrieved from /home/airflow/.local/lib/python3.12/site-packages/airflow/example_dags/example_datasets.py
[2025-09-29T15:33:54.951+0000] {logging_mixin.py:188} INFO - [2025-09-29T15:33:54.950+0000] {dag.py:3089} INFO - Sync 10 DAGs
[2025-09-29T15:33:55.015+0000] {logging_mixin.py:188} INFO - [2025-09-29T15:33:55.014+0000] {dag.py:3947} INFO - Setting next_dagrun for conditional_dataset_and_time_based_timetable to 2025-09-24 01:00:00+00:00, run_after=2025-09-24 01:00:00+00:00
[2025-09-29T15:33:55.025+0000] {logging_mixin.py:188} INFO - [2025-09-29T15:33:55.025+0000] {dag.py:3947} INFO - Setting next_dagrun for consume_1_and_2_with_dataset_expressions to None, run_after=None
[2025-09-29T15:33:55.031+0000] {logging_mixin.py:188} INFO - [2025-09-29T15:33:55.030+0000] {dag.py:3947} INFO - Setting next_dagrun for consume_1_or_2_with_dataset_expressions to None, run_after=None
[2025-09-29T15:33:55.036+0000] {logging_mixin.py:188} INFO - [2025-09-29T15:33:55.035+0000] {dag.py:3947} INFO - Setting next_dagrun for consume_1_or_both_2_and_3_with_dataset_expressions to None, run_after=None
[2025-09-29T15:33:55.047+0000] {logging_mixin.py:188} INFO - [2025-09-29T15:33:55.046+0000] {dag.py:3947} INFO - Setting next_dagrun for dataset_consumes_1 to None, run_after=None
[2025-09-29T15:33:55.051+0000] {logging_mixin.py:188} INFO - [2025-09-29T15:33:55.050+0000] {dag.py:3947} INFO - Setting next_dagrun for dataset_consumes_1_and_2 to None, run_after=None
[2025-09-29T15:33:55.055+0000] {logging_mixin.py:188} INFO - [2025-09-29T15:33:55.054+0000] {dag.py:3947} INFO - Setting next_dagrun for dataset_consumes_1_never_scheduled to None, run_after=None
[2025-09-29T15:33:55.059+0000] {logging_mixin.py:188} INFO - [2025-09-29T15:33:55.058+0000] {dag.py:3947} INFO - Setting next_dagrun for dataset_consumes_unknown_never_scheduled to None, run_after=None
[2025-09-29T15:33:55.065+0000] {logging_mixin.py:188} INFO - [2025-09-29T15:33:55.064+0000] {dag.py:3947} INFO - Setting next_dagrun for dataset_produces_1 to 2025-09-28 00:00:00+00:00, run_after=2025-09-29 00:00:00+00:00
[2025-09-29T15:33:55.070+0000] {logging_mixin.py:188} INFO - [2025-09-29T15:33:55.069+0000] {dag.py:3947} INFO - Setting next_dagrun for dataset_produces_2 to None, run_after=None
[2025-09-29T15:33:55.371+0000] {processor.py:183} INFO - Processing /home/airflow/.local/lib/python3.12/site-packages/airflow/example_dags/example_datasets.py took 1.076 seconds
[2025-09-29T15:34:26.036+0000] {processor.py:161} INFO - Started process (PID=846) to work on /home/airflow/.local/lib/python3.12/site-packages/airflow/example_dags/example_datasets.py
[2025-09-29T15:34:26.051+0000] {processor.py:830} INFO - Processing file /home/airflow/.local/lib/python3.12/site-packages/airflow/example_dags/example_datasets.py for tasks to queue
[2025-09-29T15:34:26.055+0000] {logging_mixin.py:188} INFO - [2025-09-29T15:34:26.054+0000] {dagbag.py:545} INFO - Filling up the DagBag from /home/airflow/.local/lib/python3.12/site-packages/airflow/example_dags/example_datasets.py
[2025-09-29T15:34:26.091+0000] {processor.py:840} INFO - DAG(s) 'dataset_consumes_1_and_2', 'consume_1_and_2_with_dataset_expressions', 'consume_1_or_2_with_dataset_expressions', 'dataset_consumes_unknown_never_scheduled', 'dataset_consumes_1_never_scheduled', 'dataset_produces_2', 'conditional_dataset_and_time_based_timetable', 'dataset_consumes_1', 'dataset_produces_1', 'consume_1_or_both_2_and_3_with_dataset_expressions' retrieved from /home/airflow/.local/lib/python3.12/site-packages/airflow/example_dags/example_datasets.py
[2025-09-29T15:34:26.220+0000] {logging_mixin.py:188} INFO - [2025-09-29T15:34:26.220+0000] {dag.py:3089} INFO - Sync 10 DAGs
[2025-09-29T15:34:26.281+0000] {logging_mixin.py:188} INFO - [2025-09-29T15:34:26.281+0000] {dag.py:3947} INFO - Setting next_dagrun for conditional_dataset_and_time_based_timetable to 2025-09-24 01:00:00+00:00, run_after=2025-09-24 01:00:00+00:00
[2025-09-29T15:34:26.290+0000] {logging_mixin.py:188} INFO - [2025-09-29T15:34:26.290+0000] {dag.py:3947} INFO - Setting next_dagrun for consume_1_and_2_with_dataset_expressions to None, run_after=None
[2025-09-29T15:34:26.294+0000] {logging_mixin.py:188} INFO - [2025-09-29T15:34:26.294+0000] {dag.py:3947} INFO - Setting next_dagrun for consume_1_or_2_with_dataset_expressions to None, run_after=None
[2025-09-29T15:34:26.297+0000] {logging_mixin.py:188} INFO - [2025-09-29T15:34:26.297+0000] {dag.py:3947} INFO - Setting next_dagrun for consume_1_or_both_2_and_3_with_dataset_expressions to None, run_after=None
[2025-09-29T15:34:26.300+0000] {logging_mixin.py:188} INFO - [2025-09-29T15:34:26.300+0000] {dag.py:3947} INFO - Setting next_dagrun for dataset_consumes_1 to None, run_after=None
[2025-09-29T15:34:26.303+0000] {logging_mixin.py:188} INFO - [2025-09-29T15:34:26.303+0000] {dag.py:3947} INFO - Setting next_dagrun for dataset_consumes_1_and_2 to None, run_after=None
[2025-09-29T15:34:26.307+0000] {logging_mixin.py:188} INFO - [2025-09-29T15:34:26.306+0000] {dag.py:3947} INFO - Setting next_dagrun for dataset_consumes_1_never_scheduled to None, run_after=None
[2025-09-29T15:34:26.310+0000] {logging_mixin.py:188} INFO - [2025-09-29T15:34:26.310+0000] {dag.py:3947} INFO - Setting next_dagrun for dataset_consumes_unknown_never_scheduled to None, run_after=None
[2025-09-29T15:34:26.316+0000] {logging_mixin.py:188} INFO - [2025-09-29T15:34:26.315+0000] {dag.py:3947} INFO - Setting next_dagrun for dataset_produces_1 to 2025-09-28 00:00:00+00:00, run_after=2025-09-29 00:00:00+00:00
[2025-09-29T15:34:26.319+0000] {logging_mixin.py:188} INFO - [2025-09-29T15:34:26.319+0000] {dag.py:3947} INFO - Setting next_dagrun for dataset_produces_2 to None, run_after=None
[2025-09-29T15:34:26.412+0000] {processor.py:183} INFO - Processing /home/airflow/.local/lib/python3.12/site-packages/airflow/example_dags/example_datasets.py took 0.390 seconds
[2025-09-29T15:34:56.883+0000] {processor.py:161} INFO - Started process (PID=1108) to work on /home/airflow/.local/lib/python3.12/site-packages/airflow/example_dags/example_datasets.py
[2025-09-29T15:34:56.886+0000] {processor.py:830} INFO - Processing file /home/airflow/.local/lib/python3.12/site-packages/airflow/example_dags/example_datasets.py for tasks to queue
[2025-09-29T15:34:56.891+0000] {logging_mixin.py:188} INFO - [2025-09-29T15:34:56.890+0000] {dagbag.py:545} INFO - Filling up the DagBag from /home/airflow/.local/lib/python3.12/site-packages/airflow/example_dags/example_datasets.py
[2025-09-29T15:34:56.928+0000] {processor.py:840} INFO - DAG(s) 'dataset_produces_2', 'dataset_consumes_1_never_scheduled', 'consume_1_or_both_2_and_3_with_dataset_expressions', 'dataset_consumes_1_and_2', 'dataset_consumes_1', 'conditional_dataset_and_time_based_timetable', 'dataset_produces_1', 'consume_1_and_2_with_dataset_expressions', 'consume_1_or_2_with_dataset_expressions', 'dataset_consumes_unknown_never_scheduled' retrieved from /home/airflow/.local/lib/python3.12/site-packages/airflow/example_dags/example_datasets.py
[2025-09-29T15:34:57.046+0000] {logging_mixin.py:188} INFO - [2025-09-29T15:34:57.045+0000] {dag.py:3089} INFO - Sync 10 DAGs
[2025-09-29T15:34:57.103+0000] {logging_mixin.py:188} INFO - [2025-09-29T15:34:57.102+0000] {dag.py:3947} INFO - Setting next_dagrun for conditional_dataset_and_time_based_timetable to 2025-09-24 01:00:00+00:00, run_after=2025-09-24 01:00:00+00:00
[2025-09-29T15:34:57.111+0000] {logging_mixin.py:188} INFO - [2025-09-29T15:34:57.110+0000] {dag.py:3947} INFO - Setting next_dagrun for consume_1_and_2_with_dataset_expressions to None, run_after=None
[2025-09-29T15:34:57.115+0000] {logging_mixin.py:188} INFO - [2025-09-29T15:34:57.114+0000] {dag.py:3947} INFO - Setting next_dagrun for consume_1_or_2_with_dataset_expressions to None, run_after=None
[2025-09-29T15:34:57.118+0000] {logging_mixin.py:188} INFO - [2025-09-29T15:34:57.118+0000] {dag.py:3947} INFO - Setting next_dagrun for consume_1_or_both_2_and_3_with_dataset_expressions to None, run_after=None
[2025-09-29T15:34:57.121+0000] {logging_mixin.py:188} INFO - [2025-09-29T15:34:57.120+0000] {dag.py:3947} INFO - Setting next_dagrun for dataset_consumes_1 to None, run_after=None
[2025-09-29T15:34:57.124+0000] {logging_mixin.py:188} INFO - [2025-09-29T15:34:57.123+0000] {dag.py:3947} INFO - Setting next_dagrun for dataset_consumes_1_and_2 to None, run_after=None
[2025-09-29T15:34:57.127+0000] {logging_mixin.py:188} INFO - [2025-09-29T15:34:57.126+0000] {dag.py:3947} INFO - Setting next_dagrun for dataset_consumes_1_never_scheduled to None, run_after=None
[2025-09-29T15:34:57.130+0000] {logging_mixin.py:188} INFO - [2025-09-29T15:34:57.130+0000] {dag.py:3947} INFO - Setting next_dagrun for dataset_consumes_unknown_never_scheduled to None, run_after=None
[2025-09-29T15:34:57.136+0000] {logging_mixin.py:188} INFO - [2025-09-29T15:34:57.136+0000] {dag.py:3947} INFO - Setting next_dagrun for dataset_produces_1 to 2025-09-28 00:00:00+00:00, run_after=2025-09-29 00:00:00+00:00
[2025-09-29T15:34:57.139+0000] {logging_mixin.py:188} INFO - [2025-09-29T15:34:57.139+0000] {dag.py:3947} INFO - Setting next_dagrun for dataset_produces_2 to None, run_after=None
[2025-09-29T15:34:57.232+0000] {processor.py:183} INFO - Processing /home/airflow/.local/lib/python3.12/site-packages/airflow/example_dags/example_datasets.py took 0.363 seconds
[2025-09-29T15:35:28.028+0000] {processor.py:161} INFO - Started process (PID=1369) to work on /home/airflow/.local/lib/python3.12/site-packages/airflow/example_dags/example_datasets.py
[2025-09-29T15:35:28.030+0000] {processor.py:830} INFO - Processing file /home/airflow/.local/lib/python3.12/site-packages/airflow/example_dags/example_datasets.py for tasks to queue
[2025-09-29T15:35:28.035+0000] {logging_mixin.py:188} INFO - [2025-09-29T15:35:28.034+0000] {dagbag.py:545} INFO - Filling up the DagBag from /home/airflow/.local/lib/python3.12/site-packages/airflow/example_dags/example_datasets.py
[2025-09-29T15:35:28.068+0000] {processor.py:840} INFO - DAG(s) 'dataset_consumes_1', 'dataset_consumes_1_never_scheduled', 'dataset_consumes_1_and_2', 'consume_1_or_both_2_and_3_with_dataset_expressions', 'dataset_produces_2', 'dataset_produces_1', 'dataset_consumes_unknown_never_scheduled', 'consume_1_or_2_with_dataset_expressions', 'consume_1_and_2_with_dataset_expressions', 'conditional_dataset_and_time_based_timetable' retrieved from /home/airflow/.local/lib/python3.12/site-packages/airflow/example_dags/example_datasets.py
[2025-09-29T15:35:28.195+0000] {logging_mixin.py:188} INFO - [2025-09-29T15:35:28.195+0000] {dag.py:3089} INFO - Sync 10 DAGs
[2025-09-29T15:35:28.321+0000] {logging_mixin.py:188} INFO - [2025-09-29T15:35:28.321+0000] {dag.py:3947} INFO - Setting next_dagrun for conditional_dataset_and_time_based_timetable to 2025-09-24 01:00:00+00:00, run_after=2025-09-24 01:00:00+00:00
[2025-09-29T15:35:28.332+0000] {logging_mixin.py:188} INFO - [2025-09-29T15:35:28.331+0000] {dag.py:3947} INFO - Setting next_dagrun for consume_1_and_2_with_dataset_expressions to None, run_after=None
[2025-09-29T15:35:28.337+0000] {logging_mixin.py:188} INFO - [2025-09-29T15:35:28.337+0000] {dag.py:3947} INFO - Setting next_dagrun for consume_1_or_2_with_dataset_expressions to None, run_after=None
[2025-09-29T15:35:28.342+0000] {logging_mixin.py:188} INFO - [2025-09-29T15:35:28.341+0000] {dag.py:3947} INFO - Setting next_dagrun for consume_1_or_both_2_and_3_with_dataset_expressions to None, run_after=None
[2025-09-29T15:35:28.346+0000] {logging_mixin.py:188} INFO - [2025-09-29T15:35:28.346+0000] {dag.py:3947} INFO - Setting next_dagrun for dataset_consumes_1 to None, run_after=None
[2025-09-29T15:35:28.352+0000] {logging_mixin.py:188} INFO - [2025-09-29T15:35:28.351+0000] {dag.py:3947} INFO - Setting next_dagrun for dataset_consumes_1_and_2 to None, run_after=None
[2025-09-29T15:35:28.356+0000] {logging_mixin.py:188} INFO - [2025-09-29T15:35:28.355+0000] {dag.py:3947} INFO - Setting next_dagrun for dataset_consumes_1_never_scheduled to None, run_after=None
[2025-09-29T15:35:28.361+0000] {logging_mixin.py:188} INFO - [2025-09-29T15:35:28.361+0000] {dag.py:3947} INFO - Setting next_dagrun for dataset_consumes_unknown_never_scheduled to None, run_after=None
[2025-09-29T15:35:28.384+0000] {logging_mixin.py:188} INFO - [2025-09-29T15:35:28.383+0000] {dag.py:3947} INFO - Setting next_dagrun for dataset_produces_1 to 2025-09-28 00:00:00+00:00, run_after=2025-09-29 00:00:00+00:00
[2025-09-29T15:35:28.388+0000] {logging_mixin.py:188} INFO - [2025-09-29T15:35:28.387+0000] {dag.py:3947} INFO - Setting next_dagrun for dataset_produces_2 to None, run_after=None
[2025-09-29T15:35:28.571+0000] {processor.py:183} INFO - Processing /home/airflow/.local/lib/python3.12/site-packages/airflow/example_dags/example_datasets.py took 0.558 seconds
[2025-09-29T15:35:59.156+0000] {processor.py:161} INFO - Started process (PID=1627) to work on /home/airflow/.local/lib/python3.12/site-packages/airflow/example_dags/example_datasets.py
[2025-09-29T15:35:59.159+0000] {processor.py:830} INFO - Processing file /home/airflow/.local/lib/python3.12/site-packages/airflow/example_dags/example_datasets.py for tasks to queue
[2025-09-29T15:35:59.164+0000] {logging_mixin.py:188} INFO - [2025-09-29T15:35:59.163+0000] {dagbag.py:545} INFO - Filling up the DagBag from /home/airflow/.local/lib/python3.12/site-packages/airflow/example_dags/example_datasets.py
[2025-09-29T15:35:59.204+0000] {processor.py:840} INFO - DAG(s) 'dataset_consumes_unknown_never_scheduled', 'consume_1_or_2_with_dataset_expressions', 'dataset_consumes_1', 'consume_1_or_both_2_and_3_with_dataset_expressions', 'consume_1_and_2_with_dataset_expressions', 'dataset_consumes_1_never_scheduled', 'dataset_produces_1', 'conditional_dataset_and_time_based_timetable', 'dataset_produces_2', 'dataset_consumes_1_and_2' retrieved from /home/airflow/.local/lib/python3.12/site-packages/airflow/example_dags/example_datasets.py
[2025-09-29T15:35:59.332+0000] {logging_mixin.py:188} INFO - [2025-09-29T15:35:59.331+0000] {dag.py:3089} INFO - Sync 10 DAGs
[2025-09-29T15:35:59.424+0000] {logging_mixin.py:188} INFO - [2025-09-29T15:35:59.423+0000] {dag.py:3947} INFO - Setting next_dagrun for conditional_dataset_and_time_based_timetable to 2025-09-24 01:00:00+00:00, run_after=2025-09-24 01:00:00+00:00
[2025-09-29T15:35:59.434+0000] {logging_mixin.py:188} INFO - [2025-09-29T15:35:59.434+0000] {dag.py:3947} INFO - Setting next_dagrun for consume_1_and_2_with_dataset_expressions to None, run_after=None
[2025-09-29T15:35:59.437+0000] {logging_mixin.py:188} INFO - [2025-09-29T15:35:59.437+0000] {dag.py:3947} INFO - Setting next_dagrun for consume_1_or_2_with_dataset_expressions to None, run_after=None
[2025-09-29T15:35:59.442+0000] {logging_mixin.py:188} INFO - [2025-09-29T15:35:59.441+0000] {dag.py:3947} INFO - Setting next_dagrun for consume_1_or_both_2_and_3_with_dataset_expressions to None, run_after=None
[2025-09-29T15:35:59.447+0000] {logging_mixin.py:188} INFO - [2025-09-29T15:35:59.446+0000] {dag.py:3947} INFO - Setting next_dagrun for dataset_consumes_1 to None, run_after=None
[2025-09-29T15:35:59.452+0000] {logging_mixin.py:188} INFO - [2025-09-29T15:35:59.452+0000] {dag.py:3947} INFO - Setting next_dagrun for dataset_consumes_1_and_2 to None, run_after=None
[2025-09-29T15:35:59.456+0000] {logging_mixin.py:188} INFO - [2025-09-29T15:35:59.455+0000] {dag.py:3947} INFO - Setting next_dagrun for dataset_consumes_1_never_scheduled to None, run_after=None
[2025-09-29T15:35:59.460+0000] {logging_mixin.py:188} INFO - [2025-09-29T15:35:59.460+0000] {dag.py:3947} INFO - Setting next_dagrun for dataset_consumes_unknown_never_scheduled to None, run_after=None
[2025-09-29T15:35:59.469+0000] {logging_mixin.py:188} INFO - [2025-09-29T15:35:59.468+0000] {dag.py:3947} INFO - Setting next_dagrun for dataset_produces_1 to 2025-09-28 00:00:00+00:00, run_after=2025-09-29 00:00:00+00:00
[2025-09-29T15:35:59.474+0000] {logging_mixin.py:188} INFO - [2025-09-29T15:35:59.473+0000] {dag.py:3947} INFO - Setting next_dagrun for dataset_produces_2 to None, run_after=None
[2025-09-29T15:35:59.556+0000] {processor.py:183} INFO - Processing /home/airflow/.local/lib/python3.12/site-packages/airflow/example_dags/example_datasets.py took 0.417 seconds
[2025-09-29T15:36:29.711+0000] {processor.py:161} INFO - Started process (PID=1889) to work on /home/airflow/.local/lib/python3.12/site-packages/airflow/example_dags/example_datasets.py
[2025-09-29T15:36:29.714+0000] {processor.py:830} INFO - Processing file /home/airflow/.local/lib/python3.12/site-packages/airflow/example_dags/example_datasets.py for tasks to queue
[2025-09-29T15:36:29.718+0000] {logging_mixin.py:188} INFO - [2025-09-29T15:36:29.717+0000] {dagbag.py:545} INFO - Filling up the DagBag from /home/airflow/.local/lib/python3.12/site-packages/airflow/example_dags/example_datasets.py
[2025-09-29T15:36:29.749+0000] {processor.py:840} INFO - DAG(s) 'consume_1_or_both_2_and_3_with_dataset_expressions', 'consume_1_and_2_with_dataset_expressions', 'dataset_consumes_1', 'dataset_consumes_unknown_never_scheduled', 'conditional_dataset_and_time_based_timetable', 'consume_1_or_2_with_dataset_expressions', 'dataset_produces_2', 'dataset_consumes_1_never_scheduled', 'dataset_produces_1', 'dataset_consumes_1_and_2' retrieved from /home/airflow/.local/lib/python3.12/site-packages/airflow/example_dags/example_datasets.py
[2025-09-29T15:36:29.869+0000] {logging_mixin.py:188} INFO - [2025-09-29T15:36:29.868+0000] {dag.py:3089} INFO - Sync 10 DAGs
[2025-09-29T15:36:29.927+0000] {logging_mixin.py:188} INFO - [2025-09-29T15:36:29.927+0000] {dag.py:3947} INFO - Setting next_dagrun for conditional_dataset_and_time_based_timetable to 2025-09-24 01:00:00+00:00, run_after=2025-09-24 01:00:00+00:00
[2025-09-29T15:36:29.936+0000] {logging_mixin.py:188} INFO - [2025-09-29T15:36:29.935+0000] {dag.py:3947} INFO - Setting next_dagrun for consume_1_and_2_with_dataset_expressions to None, run_after=None
[2025-09-29T15:36:29.939+0000] {logging_mixin.py:188} INFO - [2025-09-29T15:36:29.938+0000] {dag.py:3947} INFO - Setting next_dagrun for consume_1_or_2_with_dataset_expressions to None, run_after=None
[2025-09-29T15:36:29.942+0000] {logging_mixin.py:188} INFO - [2025-09-29T15:36:29.941+0000] {dag.py:3947} INFO - Setting next_dagrun for consume_1_or_both_2_and_3_with_dataset_expressions to None, run_after=None
[2025-09-29T15:36:29.945+0000] {logging_mixin.py:188} INFO - [2025-09-29T15:36:29.944+0000] {dag.py:3947} INFO - Setting next_dagrun for dataset_consumes_1 to None, run_after=None
[2025-09-29T15:36:29.948+0000] {logging_mixin.py:188} INFO - [2025-09-29T15:36:29.947+0000] {dag.py:3947} INFO - Setting next_dagrun for dataset_consumes_1_and_2 to None, run_after=None
[2025-09-29T15:36:29.951+0000] {logging_mixin.py:188} INFO - [2025-09-29T15:36:29.950+0000] {dag.py:3947} INFO - Setting next_dagrun for dataset_consumes_1_never_scheduled to None, run_after=None
[2025-09-29T15:36:29.953+0000] {logging_mixin.py:188} INFO - [2025-09-29T15:36:29.953+0000] {dag.py:3947} INFO - Setting next_dagrun for dataset_consumes_unknown_never_scheduled to None, run_after=None
[2025-09-29T15:36:29.959+0000] {logging_mixin.py:188} INFO - [2025-09-29T15:36:29.958+0000] {dag.py:3947} INFO - Setting next_dagrun for dataset_produces_1 to 2025-09-28 00:00:00+00:00, run_after=2025-09-29 00:00:00+00:00
[2025-09-29T15:36:29.962+0000] {logging_mixin.py:188} INFO - [2025-09-29T15:36:29.961+0000] {dag.py:3947} INFO - Setting next_dagrun for dataset_produces_2 to None, run_after=None
[2025-09-29T15:36:30.043+0000] {processor.py:183} INFO - Processing /home/airflow/.local/lib/python3.12/site-packages/airflow/example_dags/example_datasets.py took 0.346 seconds
[2025-09-29T15:37:00.500+0000] {processor.py:161} INFO - Started process (PID=2151) to work on /home/airflow/.local/lib/python3.12/site-packages/airflow/example_dags/example_datasets.py
[2025-09-29T15:37:00.502+0000] {processor.py:830} INFO - Processing file /home/airflow/.local/lib/python3.12/site-packages/airflow/example_dags/example_datasets.py for tasks to queue
[2025-09-29T15:37:00.506+0000] {logging_mixin.py:188} INFO - [2025-09-29T15:37:00.505+0000] {dagbag.py:545} INFO - Filling up the DagBag from /home/airflow/.local/lib/python3.12/site-packages/airflow/example_dags/example_datasets.py
[2025-09-29T15:37:00.540+0000] {processor.py:840} INFO - DAG(s) 'consume_1_or_2_with_dataset_expressions', 'dataset_consumes_unknown_never_scheduled', 'dataset_produces_2', 'consume_1_and_2_with_dataset_expressions', 'dataset_consumes_1_and_2', 'conditional_dataset_and_time_based_timetable', 'dataset_produces_1', 'dataset_consumes_1', 'consume_1_or_both_2_and_3_with_dataset_expressions', 'dataset_consumes_1_never_scheduled' retrieved from /home/airflow/.local/lib/python3.12/site-packages/airflow/example_dags/example_datasets.py
[2025-09-29T15:37:00.663+0000] {logging_mixin.py:188} INFO - [2025-09-29T15:37:00.662+0000] {dag.py:3089} INFO - Sync 10 DAGs
[2025-09-29T15:37:00.722+0000] {logging_mixin.py:188} INFO - [2025-09-29T15:37:00.721+0000] {dag.py:3947} INFO - Setting next_dagrun for conditional_dataset_and_time_based_timetable to 2025-09-24 01:00:00+00:00, run_after=2025-09-24 01:00:00+00:00
[2025-09-29T15:37:00.730+0000] {logging_mixin.py:188} INFO - [2025-09-29T15:37:00.729+0000] {dag.py:3947} INFO - Setting next_dagrun for consume_1_and_2_with_dataset_expressions to None, run_after=None
[2025-09-29T15:37:00.733+0000] {logging_mixin.py:188} INFO - [2025-09-29T15:37:00.733+0000] {dag.py:3947} INFO - Setting next_dagrun for consume_1_or_2_with_dataset_expressions to None, run_after=None
[2025-09-29T15:37:00.736+0000] {logging_mixin.py:188} INFO - [2025-09-29T15:37:00.735+0000] {dag.py:3947} INFO - Setting next_dagrun for consume_1_or_both_2_and_3_with_dataset_expressions to None, run_after=None
[2025-09-29T15:37:00.739+0000] {logging_mixin.py:188} INFO - [2025-09-29T15:37:00.739+0000] {dag.py:3947} INFO - Setting next_dagrun for dataset_consumes_1 to None, run_after=None
[2025-09-29T15:37:00.742+0000] {logging_mixin.py:188} INFO - [2025-09-29T15:37:00.742+0000] {dag.py:3947} INFO - Setting next_dagrun for dataset_consumes_1_and_2 to None, run_after=None
[2025-09-29T15:37:00.745+0000] {logging_mixin.py:188} INFO - [2025-09-29T15:37:00.745+0000] {dag.py:3947} INFO - Setting next_dagrun for dataset_consumes_1_never_scheduled to None, run_after=None
[2025-09-29T15:37:00.748+0000] {logging_mixin.py:188} INFO - [2025-09-29T15:37:00.748+0000] {dag.py:3947} INFO - Setting next_dagrun for dataset_consumes_unknown_never_scheduled to None, run_after=None
[2025-09-29T15:37:00.754+0000] {logging_mixin.py:188} INFO - [2025-09-29T15:37:00.753+0000] {dag.py:3947} INFO - Setting next_dagrun for dataset_produces_1 to 2025-09-28 00:00:00+00:00, run_after=2025-09-29 00:00:00+00:00
[2025-09-29T15:37:00.757+0000] {logging_mixin.py:188} INFO - [2025-09-29T15:37:00.757+0000] {dag.py:3947} INFO - Setting next_dagrun for dataset_produces_2 to None, run_after=None
[2025-09-29T15:37:00.843+0000] {processor.py:183} INFO - Processing /home/airflow/.local/lib/python3.12/site-packages/airflow/example_dags/example_datasets.py took 0.358 seconds
[2025-09-29T15:37:31.139+0000] {processor.py:161} INFO - Started process (PID=2413) to work on /home/airflow/.local/lib/python3.12/site-packages/airflow/example_dags/example_datasets.py
[2025-09-29T15:37:31.142+0000] {processor.py:830} INFO - Processing file /home/airflow/.local/lib/python3.12/site-packages/airflow/example_dags/example_datasets.py for tasks to queue
[2025-09-29T15:37:31.147+0000] {logging_mixin.py:188} INFO - [2025-09-29T15:37:31.146+0000] {dagbag.py:545} INFO - Filling up the DagBag from /home/airflow/.local/lib/python3.12/site-packages/airflow/example_dags/example_datasets.py
[2025-09-29T15:37:31.184+0000] {processor.py:840} INFO - DAG(s) 'dataset_consumes_1_and_2', 'dataset_consumes_1', 'dataset_consumes_unknown_never_scheduled', 'consume_1_and_2_with_dataset_expressions', 'dataset_consumes_1_never_scheduled', 'dataset_produces_1', 'consume_1_or_2_with_dataset_expressions', 'consume_1_or_both_2_and_3_with_dataset_expressions', 'dataset_produces_2', 'conditional_dataset_and_time_based_timetable' retrieved from /home/airflow/.local/lib/python3.12/site-packages/airflow/example_dags/example_datasets.py
[2025-09-29T15:37:31.320+0000] {logging_mixin.py:188} INFO - [2025-09-29T15:37:31.320+0000] {dag.py:3089} INFO - Sync 10 DAGs
[2025-09-29T15:37:31.388+0000] {logging_mixin.py:188} INFO - [2025-09-29T15:37:31.388+0000] {dag.py:3947} INFO - Setting next_dagrun for conditional_dataset_and_time_based_timetable to 2025-09-24 01:00:00+00:00, run_after=2025-09-24 01:00:00+00:00
[2025-09-29T15:37:31.397+0000] {logging_mixin.py:188} INFO - [2025-09-29T15:37:31.397+0000] {dag.py:3947} INFO - Setting next_dagrun for consume_1_and_2_with_dataset_expressions to None, run_after=None
[2025-09-29T15:37:31.401+0000] {logging_mixin.py:188} INFO - [2025-09-29T15:37:31.401+0000] {dag.py:3947} INFO - Setting next_dagrun for consume_1_or_2_with_dataset_expressions to None, run_after=None
[2025-09-29T15:37:31.405+0000] {logging_mixin.py:188} INFO - [2025-09-29T15:37:31.404+0000] {dag.py:3947} INFO - Setting next_dagrun for consume_1_or_both_2_and_3_with_dataset_expressions to None, run_after=None
[2025-09-29T15:37:31.413+0000] {logging_mixin.py:188} INFO - [2025-09-29T15:37:31.412+0000] {dag.py:3947} INFO - Setting next_dagrun for dataset_consumes_1 to None, run_after=None
[2025-09-29T15:37:31.419+0000] {logging_mixin.py:188} INFO - [2025-09-29T15:37:31.418+0000] {dag.py:3947} INFO - Setting next_dagrun for dataset_consumes_1_and_2 to None, run_after=None
[2025-09-29T15:37:31.422+0000] {logging_mixin.py:188} INFO - [2025-09-29T15:37:31.422+0000] {dag.py:3947} INFO - Setting next_dagrun for dataset_consumes_1_never_scheduled to None, run_after=None
[2025-09-29T15:37:31.426+0000] {logging_mixin.py:188} INFO - [2025-09-29T15:37:31.425+0000] {dag.py:3947} INFO - Setting next_dagrun for dataset_consumes_unknown_never_scheduled to None, run_after=None
[2025-09-29T15:37:31.431+0000] {logging_mixin.py:188} INFO - [2025-09-29T15:37:31.431+0000] {dag.py:3947} INFO - Setting next_dagrun for dataset_produces_1 to 2025-09-28 00:00:00+00:00, run_after=2025-09-29 00:00:00+00:00
[2025-09-29T15:37:31.435+0000] {logging_mixin.py:188} INFO - [2025-09-29T15:37:31.435+0000] {dag.py:3947} INFO - Setting next_dagrun for dataset_produces_2 to None, run_after=None
[2025-09-29T15:37:31.532+0000] {processor.py:183} INFO - Processing /home/airflow/.local/lib/python3.12/site-packages/airflow/example_dags/example_datasets.py took 0.409 seconds
[2025-09-29T15:38:02.157+0000] {processor.py:161} INFO - Started process (PID=2675) to work on /home/airflow/.local/lib/python3.12/site-packages/airflow/example_dags/example_datasets.py
[2025-09-29T15:38:02.160+0000] {processor.py:830} INFO - Processing file /home/airflow/.local/lib/python3.12/site-packages/airflow/example_dags/example_datasets.py for tasks to queue
[2025-09-29T15:38:02.165+0000] {logging_mixin.py:188} INFO - [2025-09-29T15:38:02.164+0000] {dagbag.py:545} INFO - Filling up the DagBag from /home/airflow/.local/lib/python3.12/site-packages/airflow/example_dags/example_datasets.py
[2025-09-29T15:38:02.201+0000] {processor.py:840} INFO - DAG(s) 'conditional_dataset_and_time_based_timetable', 'consume_1_and_2_with_dataset_expressions', 'dataset_consumes_unknown_never_scheduled', 'dataset_produces_1', 'consume_1_or_both_2_and_3_with_dataset_expressions', 'dataset_consumes_1_and_2', 'dataset_produces_2', 'dataset_consumes_1_never_scheduled', 'consume_1_or_2_with_dataset_expressions', 'dataset_consumes_1' retrieved from /home/airflow/.local/lib/python3.12/site-packages/airflow/example_dags/example_datasets.py
[2025-09-29T15:38:02.342+0000] {logging_mixin.py:188} INFO - [2025-09-29T15:38:02.342+0000] {dag.py:3089} INFO - Sync 10 DAGs
[2025-09-29T15:38:02.419+0000] {logging_mixin.py:188} INFO - [2025-09-29T15:38:02.418+0000] {dag.py:3947} INFO - Setting next_dagrun for conditional_dataset_and_time_based_timetable to 2025-09-24 01:00:00+00:00, run_after=2025-09-24 01:00:00+00:00
[2025-09-29T15:38:02.429+0000] {logging_mixin.py:188} INFO - [2025-09-29T15:38:02.428+0000] {dag.py:3947} INFO - Setting next_dagrun for consume_1_and_2_with_dataset_expressions to None, run_after=None
[2025-09-29T15:38:02.432+0000] {logging_mixin.py:188} INFO - [2025-09-29T15:38:02.432+0000] {dag.py:3947} INFO - Setting next_dagrun for consume_1_or_2_with_dataset_expressions to None, run_after=None
[2025-09-29T15:38:02.436+0000] {logging_mixin.py:188} INFO - [2025-09-29T15:38:02.435+0000] {dag.py:3947} INFO - Setting next_dagrun for consume_1_or_both_2_and_3_with_dataset_expressions to None, run_after=None
[2025-09-29T15:38:02.440+0000] {logging_mixin.py:188} INFO - [2025-09-29T15:38:02.440+0000] {dag.py:3947} INFO - Setting next_dagrun for dataset_consumes_1 to None, run_after=None
[2025-09-29T15:38:02.444+0000] {logging_mixin.py:188} INFO - [2025-09-29T15:38:02.443+0000] {dag.py:3947} INFO - Setting next_dagrun for dataset_consumes_1_and_2 to None, run_after=None
[2025-09-29T15:38:02.447+0000] {logging_mixin.py:188} INFO - [2025-09-29T15:38:02.447+0000] {dag.py:3947} INFO - Setting next_dagrun for dataset_consumes_1_never_scheduled to None, run_after=None
[2025-09-29T15:38:02.451+0000] {logging_mixin.py:188} INFO - [2025-09-29T15:38:02.451+0000] {dag.py:3947} INFO - Setting next_dagrun for dataset_consumes_unknown_never_scheduled to None, run_after=None
[2025-09-29T15:38:02.458+0000] {logging_mixin.py:188} INFO - [2025-09-29T15:38:02.457+0000] {dag.py:3947} INFO - Setting next_dagrun for dataset_produces_1 to 2025-09-28 00:00:00+00:00, run_after=2025-09-29 00:00:00+00:00
[2025-09-29T15:38:02.461+0000] {logging_mixin.py:188} INFO - [2025-09-29T15:38:02.460+0000] {dag.py:3947} INFO - Setting next_dagrun for dataset_produces_2 to None, run_after=None
[2025-09-29T15:38:02.554+0000] {processor.py:183} INFO - Processing /home/airflow/.local/lib/python3.12/site-packages/airflow/example_dags/example_datasets.py took 0.417 seconds
[2025-09-29T15:38:32.822+0000] {processor.py:161} INFO - Started process (PID=2937) to work on /home/airflow/.local/lib/python3.12/site-packages/airflow/example_dags/example_datasets.py
[2025-09-29T15:38:32.826+0000] {processor.py:830} INFO - Processing file /home/airflow/.local/lib/python3.12/site-packages/airflow/example_dags/example_datasets.py for tasks to queue
[2025-09-29T15:38:32.833+0000] {logging_mixin.py:188} INFO - [2025-09-29T15:38:32.831+0000] {dagbag.py:545} INFO - Filling up the DagBag from /home/airflow/.local/lib/python3.12/site-packages/airflow/example_dags/example_datasets.py
[2025-09-29T15:38:32.876+0000] {processor.py:840} INFO - DAG(s) 'consume_1_or_2_with_dataset_expressions', 'conditional_dataset_and_time_based_timetable', 'consume_1_and_2_with_dataset_expressions', 'dataset_produces_1', 'consume_1_or_both_2_and_3_with_dataset_expressions', 'dataset_consumes_unknown_never_scheduled', 'dataset_consumes_1_and_2', 'dataset_consumes_1_never_scheduled', 'dataset_consumes_1', 'dataset_produces_2' retrieved from /home/airflow/.local/lib/python3.12/site-packages/airflow/example_dags/example_datasets.py
[2025-09-29T15:38:33.022+0000] {logging_mixin.py:188} INFO - [2025-09-29T15:38:33.021+0000] {dag.py:3089} INFO - Sync 10 DAGs
[2025-09-29T15:38:33.087+0000] {logging_mixin.py:188} INFO - [2025-09-29T15:38:33.087+0000] {dag.py:3947} INFO - Setting next_dagrun for conditional_dataset_and_time_based_timetable to 2025-09-24 01:00:00+00:00, run_after=2025-09-24 01:00:00+00:00
[2025-09-29T15:38:33.096+0000] {logging_mixin.py:188} INFO - [2025-09-29T15:38:33.096+0000] {dag.py:3947} INFO - Setting next_dagrun for consume_1_and_2_with_dataset_expressions to None, run_after=None
[2025-09-29T15:38:33.100+0000] {logging_mixin.py:188} INFO - [2025-09-29T15:38:33.100+0000] {dag.py:3947} INFO - Setting next_dagrun for consume_1_or_2_with_dataset_expressions to None, run_after=None
[2025-09-29T15:38:33.104+0000] {logging_mixin.py:188} INFO - [2025-09-29T15:38:33.103+0000] {dag.py:3947} INFO - Setting next_dagrun for consume_1_or_both_2_and_3_with_dataset_expressions to None, run_after=None
[2025-09-29T15:38:33.107+0000] {logging_mixin.py:188} INFO - [2025-09-29T15:38:33.107+0000] {dag.py:3947} INFO - Setting next_dagrun for dataset_consumes_1 to None, run_after=None
[2025-09-29T15:38:33.112+0000] {logging_mixin.py:188} INFO - [2025-09-29T15:38:33.111+0000] {dag.py:3947} INFO - Setting next_dagrun for dataset_consumes_1_and_2 to None, run_after=None
[2025-09-29T15:38:33.116+0000] {logging_mixin.py:188} INFO - [2025-09-29T15:38:33.115+0000] {dag.py:3947} INFO - Setting next_dagrun for dataset_consumes_1_never_scheduled to None, run_after=None
[2025-09-29T15:38:33.119+0000] {logging_mixin.py:188} INFO - [2025-09-29T15:38:33.118+0000] {dag.py:3947} INFO - Setting next_dagrun for dataset_consumes_unknown_never_scheduled to None, run_after=None
[2025-09-29T15:38:33.125+0000] {logging_mixin.py:188} INFO - [2025-09-29T15:38:33.124+0000] {dag.py:3947} INFO - Setting next_dagrun for dataset_produces_1 to 2025-09-28 00:00:00+00:00, run_after=2025-09-29 00:00:00+00:00
[2025-09-29T15:38:33.128+0000] {logging_mixin.py:188} INFO - [2025-09-29T15:38:33.127+0000] {dag.py:3947} INFO - Setting next_dagrun for dataset_produces_2 to None, run_after=None
[2025-09-29T15:38:33.224+0000] {processor.py:183} INFO - Processing /home/airflow/.local/lib/python3.12/site-packages/airflow/example_dags/example_datasets.py took 0.421 seconds
[2025-09-29T15:39:03.428+0000] {processor.py:161} INFO - Started process (PID=3202) to work on /home/airflow/.local/lib/python3.12/site-packages/airflow/example_dags/example_datasets.py
[2025-09-29T15:39:03.430+0000] {processor.py:830} INFO - Processing file /home/airflow/.local/lib/python3.12/site-packages/airflow/example_dags/example_datasets.py for tasks to queue
[2025-09-29T15:39:03.435+0000] {logging_mixin.py:188} INFO - [2025-09-29T15:39:03.434+0000] {dagbag.py:545} INFO - Filling up the DagBag from /home/airflow/.local/lib/python3.12/site-packages/airflow/example_dags/example_datasets.py
[2025-09-29T15:39:03.473+0000] {processor.py:840} INFO - DAG(s) 'conditional_dataset_and_time_based_timetable', 'dataset_consumes_1_and_2', 'dataset_consumes_1', 'dataset_produces_1', 'consume_1_or_both_2_and_3_with_dataset_expressions', 'dataset_produces_2', 'dataset_consumes_1_never_scheduled', 'dataset_consumes_unknown_never_scheduled', 'consume_1_and_2_with_dataset_expressions', 'consume_1_or_2_with_dataset_expressions' retrieved from /home/airflow/.local/lib/python3.12/site-packages/airflow/example_dags/example_datasets.py
[2025-09-29T15:39:03.600+0000] {logging_mixin.py:188} INFO - [2025-09-29T15:39:03.599+0000] {dag.py:3089} INFO - Sync 10 DAGs
[2025-09-29T15:39:03.657+0000] {logging_mixin.py:188} INFO - [2025-09-29T15:39:03.657+0000] {dag.py:3947} INFO - Setting next_dagrun for conditional_dataset_and_time_based_timetable to 2025-09-24 01:00:00+00:00, run_after=2025-09-24 01:00:00+00:00
[2025-09-29T15:39:03.666+0000] {logging_mixin.py:188} INFO - [2025-09-29T15:39:03.665+0000] {dag.py:3947} INFO - Setting next_dagrun for consume_1_and_2_with_dataset_expressions to None, run_after=None
[2025-09-29T15:39:03.669+0000] {logging_mixin.py:188} INFO - [2025-09-29T15:39:03.668+0000] {dag.py:3947} INFO - Setting next_dagrun for consume_1_or_2_with_dataset_expressions to None, run_after=None
[2025-09-29T15:39:03.672+0000] {logging_mixin.py:188} INFO - [2025-09-29T15:39:03.671+0000] {dag.py:3947} INFO - Setting next_dagrun for consume_1_or_both_2_and_3_with_dataset_expressions to None, run_after=None
[2025-09-29T15:39:03.675+0000] {logging_mixin.py:188} INFO - [2025-09-29T15:39:03.674+0000] {dag.py:3947} INFO - Setting next_dagrun for dataset_consumes_1 to None, run_after=None
[2025-09-29T15:39:03.678+0000] {logging_mixin.py:188} INFO - [2025-09-29T15:39:03.677+0000] {dag.py:3947} INFO - Setting next_dagrun for dataset_consumes_1_and_2 to None, run_after=None
[2025-09-29T15:39:03.681+0000] {logging_mixin.py:188} INFO - [2025-09-29T15:39:03.680+0000] {dag.py:3947} INFO - Setting next_dagrun for dataset_consumes_1_never_scheduled to None, run_after=None
[2025-09-29T15:39:03.686+0000] {logging_mixin.py:188} INFO - [2025-09-29T15:39:03.686+0000] {dag.py:3947} INFO - Setting next_dagrun for dataset_consumes_unknown_never_scheduled to None, run_after=None
[2025-09-29T15:39:03.692+0000] {logging_mixin.py:188} INFO - [2025-09-29T15:39:03.691+0000] {dag.py:3947} INFO - Setting next_dagrun for dataset_produces_1 to 2025-09-28 00:00:00+00:00, run_after=2025-09-29 00:00:00+00:00
[2025-09-29T15:39:03.695+0000] {logging_mixin.py:188} INFO - [2025-09-29T15:39:03.694+0000] {dag.py:3947} INFO - Setting next_dagrun for dataset_produces_2 to None, run_after=None
[2025-09-29T15:39:03.784+0000] {processor.py:183} INFO - Processing /home/airflow/.local/lib/python3.12/site-packages/airflow/example_dags/example_datasets.py took 0.371 seconds
[2025-09-29T15:39:34.316+0000] {processor.py:161} INFO - Started process (PID=3464) to work on /home/airflow/.local/lib/python3.12/site-packages/airflow/example_dags/example_datasets.py
[2025-09-29T15:39:34.319+0000] {processor.py:830} INFO - Processing file /home/airflow/.local/lib/python3.12/site-packages/airflow/example_dags/example_datasets.py for tasks to queue
[2025-09-29T15:39:34.324+0000] {logging_mixin.py:188} INFO - [2025-09-29T15:39:34.323+0000] {dagbag.py:545} INFO - Filling up the DagBag from /home/airflow/.local/lib/python3.12/site-packages/airflow/example_dags/example_datasets.py
[2025-09-29T15:39:34.363+0000] {processor.py:840} INFO - DAG(s) 'dataset_produces_2', 'dataset_consumes_1', 'dataset_consumes_1_and_2', 'dataset_produces_1', 'consume_1_or_2_with_dataset_expressions', 'consume_1_and_2_with_dataset_expressions', 'dataset_consumes_1_never_scheduled', 'consume_1_or_both_2_and_3_with_dataset_expressions', 'dataset_consumes_unknown_never_scheduled', 'conditional_dataset_and_time_based_timetable' retrieved from /home/airflow/.local/lib/python3.12/site-packages/airflow/example_dags/example_datasets.py
[2025-09-29T15:39:34.531+0000] {logging_mixin.py:188} INFO - [2025-09-29T15:39:34.531+0000] {dag.py:3089} INFO - Sync 10 DAGs
[2025-09-29T15:39:34.613+0000] {logging_mixin.py:188} INFO - [2025-09-29T15:39:34.612+0000] {dag.py:3947} INFO - Setting next_dagrun for conditional_dataset_and_time_based_timetable to 2025-09-24 01:00:00+00:00, run_after=2025-09-24 01:00:00+00:00
[2025-09-29T15:39:34.623+0000] {logging_mixin.py:188} INFO - [2025-09-29T15:39:34.623+0000] {dag.py:3947} INFO - Setting next_dagrun for consume_1_and_2_with_dataset_expressions to None, run_after=None
[2025-09-29T15:39:34.627+0000] {logging_mixin.py:188} INFO - [2025-09-29T15:39:34.626+0000] {dag.py:3947} INFO - Setting next_dagrun for consume_1_or_2_with_dataset_expressions to None, run_after=None
[2025-09-29T15:39:34.630+0000] {logging_mixin.py:188} INFO - [2025-09-29T15:39:34.630+0000] {dag.py:3947} INFO - Setting next_dagrun for consume_1_or_both_2_and_3_with_dataset_expressions to None, run_after=None
[2025-09-29T15:39:34.633+0000] {logging_mixin.py:188} INFO - [2025-09-29T15:39:34.633+0000] {dag.py:3947} INFO - Setting next_dagrun for dataset_consumes_1 to None, run_after=None
[2025-09-29T15:39:34.636+0000] {logging_mixin.py:188} INFO - [2025-09-29T15:39:34.636+0000] {dag.py:3947} INFO - Setting next_dagrun for dataset_consumes_1_and_2 to None, run_after=None
[2025-09-29T15:39:34.639+0000] {logging_mixin.py:188} INFO - [2025-09-29T15:39:34.639+0000] {dag.py:3947} INFO - Setting next_dagrun for dataset_consumes_1_never_scheduled to None, run_after=None
[2025-09-29T15:39:34.643+0000] {logging_mixin.py:188} INFO - [2025-09-29T15:39:34.642+0000] {dag.py:3947} INFO - Setting next_dagrun for dataset_consumes_unknown_never_scheduled to None, run_after=None
[2025-09-29T15:39:34.649+0000] {logging_mixin.py:188} INFO - [2025-09-29T15:39:34.648+0000] {dag.py:3947} INFO - Setting next_dagrun for dataset_produces_1 to 2025-09-28 00:00:00+00:00, run_after=2025-09-29 00:00:00+00:00
[2025-09-29T15:39:34.653+0000] {logging_mixin.py:188} INFO - [2025-09-29T15:39:34.652+0000] {dag.py:3947} INFO - Setting next_dagrun for dataset_produces_2 to None, run_after=None
[2025-09-29T15:39:34.757+0000] {processor.py:183} INFO - Processing /home/airflow/.local/lib/python3.12/site-packages/airflow/example_dags/example_datasets.py took 0.457 seconds
[2025-09-29T15:40:04.968+0000] {processor.py:161} INFO - Started process (PID=3722) to work on /home/airflow/.local/lib/python3.12/site-packages/airflow/example_dags/example_datasets.py
[2025-09-29T15:40:04.971+0000] {processor.py:830} INFO - Processing file /home/airflow/.local/lib/python3.12/site-packages/airflow/example_dags/example_datasets.py for tasks to queue
[2025-09-29T15:40:04.976+0000] {logging_mixin.py:188} INFO - [2025-09-29T15:40:04.975+0000] {dagbag.py:545} INFO - Filling up the DagBag from /home/airflow/.local/lib/python3.12/site-packages/airflow/example_dags/example_datasets.py
[2025-09-29T15:40:05.010+0000] {processor.py:840} INFO - DAG(s) 'dataset_consumes_1_and_2', 'dataset_consumes_1_never_scheduled', 'dataset_produces_1', 'consume_1_or_both_2_and_3_with_dataset_expressions', 'dataset_consumes_unknown_never_scheduled', 'dataset_produces_2', 'conditional_dataset_and_time_based_timetable', 'consume_1_or_2_with_dataset_expressions', 'dataset_consumes_1', 'consume_1_and_2_with_dataset_expressions' retrieved from /home/airflow/.local/lib/python3.12/site-packages/airflow/example_dags/example_datasets.py
[2025-09-29T15:40:05.130+0000] {logging_mixin.py:188} INFO - [2025-09-29T15:40:05.130+0000] {dag.py:3089} INFO - Sync 10 DAGs
[2025-09-29T15:40:05.189+0000] {logging_mixin.py:188} INFO - [2025-09-29T15:40:05.189+0000] {dag.py:3947} INFO - Setting next_dagrun for conditional_dataset_and_time_based_timetable to 2025-09-24 01:00:00+00:00, run_after=2025-09-24 01:00:00+00:00
[2025-09-29T15:40:05.198+0000] {logging_mixin.py:188} INFO - [2025-09-29T15:40:05.198+0000] {dag.py:3947} INFO - Setting next_dagrun for consume_1_and_2_with_dataset_expressions to None, run_after=None
[2025-09-29T15:40:05.201+0000] {logging_mixin.py:188} INFO - [2025-09-29T15:40:05.201+0000] {dag.py:3947} INFO - Setting next_dagrun for consume_1_or_2_with_dataset_expressions to None, run_after=None
[2025-09-29T15:40:05.204+0000] {logging_mixin.py:188} INFO - [2025-09-29T15:40:05.204+0000] {dag.py:3947} INFO - Setting next_dagrun for consume_1_or_both_2_and_3_with_dataset_expressions to None, run_after=None
[2025-09-29T15:40:05.207+0000] {logging_mixin.py:188} INFO - [2025-09-29T15:40:05.207+0000] {dag.py:3947} INFO - Setting next_dagrun for dataset_consumes_1 to None, run_after=None
[2025-09-29T15:40:05.210+0000] {logging_mixin.py:188} INFO - [2025-09-29T15:40:05.210+0000] {dag.py:3947} INFO - Setting next_dagrun for dataset_consumes_1_and_2 to None, run_after=None
[2025-09-29T15:40:05.213+0000] {logging_mixin.py:188} INFO - [2025-09-29T15:40:05.213+0000] {dag.py:3947} INFO - Setting next_dagrun for dataset_consumes_1_never_scheduled to None, run_after=None
[2025-09-29T15:40:05.217+0000] {logging_mixin.py:188} INFO - [2025-09-29T15:40:05.216+0000] {dag.py:3947} INFO - Setting next_dagrun for dataset_consumes_unknown_never_scheduled to None, run_after=None
[2025-09-29T15:40:05.224+0000] {logging_mixin.py:188} INFO - [2025-09-29T15:40:05.224+0000] {dag.py:3947} INFO - Setting next_dagrun for dataset_produces_1 to 2025-09-28 00:00:00+00:00, run_after=2025-09-29 00:00:00+00:00
[2025-09-29T15:40:05.228+0000] {logging_mixin.py:188} INFO - [2025-09-29T15:40:05.227+0000] {dag.py:3947} INFO - Setting next_dagrun for dataset_produces_2 to None, run_after=None
[2025-09-29T15:40:05.323+0000] {processor.py:183} INFO - Processing /home/airflow/.local/lib/python3.12/site-packages/airflow/example_dags/example_datasets.py took 0.371 seconds
[2025-09-29T15:40:35.612+0000] {processor.py:161} INFO - Started process (PID=3982) to work on /home/airflow/.local/lib/python3.12/site-packages/airflow/example_dags/example_datasets.py
[2025-09-29T15:40:35.615+0000] {processor.py:830} INFO - Processing file /home/airflow/.local/lib/python3.12/site-packages/airflow/example_dags/example_datasets.py for tasks to queue
[2025-09-29T15:40:35.619+0000] {logging_mixin.py:188} INFO - [2025-09-29T15:40:35.619+0000] {dagbag.py:545} INFO - Filling up the DagBag from /home/airflow/.local/lib/python3.12/site-packages/airflow/example_dags/example_datasets.py
[2025-09-29T15:40:35.653+0000] {processor.py:840} INFO - DAG(s) 'dataset_produces_2', 'dataset_consumes_1_and_2', 'dataset_consumes_1', 'dataset_consumes_1_never_scheduled', 'conditional_dataset_and_time_based_timetable', 'consume_1_or_both_2_and_3_with_dataset_expressions', 'consume_1_or_2_with_dataset_expressions', 'dataset_produces_1', 'dataset_consumes_unknown_never_scheduled', 'consume_1_and_2_with_dataset_expressions' retrieved from /home/airflow/.local/lib/python3.12/site-packages/airflow/example_dags/example_datasets.py
[2025-09-29T15:40:35.786+0000] {logging_mixin.py:188} INFO - [2025-09-29T15:40:35.785+0000] {dag.py:3089} INFO - Sync 10 DAGs
[2025-09-29T15:40:35.843+0000] {logging_mixin.py:188} INFO - [2025-09-29T15:40:35.843+0000] {dag.py:3947} INFO - Setting next_dagrun for conditional_dataset_and_time_based_timetable to 2025-09-24 01:00:00+00:00, run_after=2025-09-24 01:00:00+00:00
[2025-09-29T15:40:35.851+0000] {logging_mixin.py:188} INFO - [2025-09-29T15:40:35.851+0000] {dag.py:3947} INFO - Setting next_dagrun for consume_1_and_2_with_dataset_expressions to None, run_after=None
[2025-09-29T15:40:35.854+0000] {logging_mixin.py:188} INFO - [2025-09-29T15:40:35.854+0000] {dag.py:3947} INFO - Setting next_dagrun for consume_1_or_2_with_dataset_expressions to None, run_after=None
[2025-09-29T15:40:35.857+0000] {logging_mixin.py:188} INFO - [2025-09-29T15:40:35.857+0000] {dag.py:3947} INFO - Setting next_dagrun for consume_1_or_both_2_and_3_with_dataset_expressions to None, run_after=None
[2025-09-29T15:40:35.860+0000] {logging_mixin.py:188} INFO - [2025-09-29T15:40:35.860+0000] {dag.py:3947} INFO - Setting next_dagrun for dataset_consumes_1 to None, run_after=None
[2025-09-29T15:40:35.863+0000] {logging_mixin.py:188} INFO - [2025-09-29T15:40:35.863+0000] {dag.py:3947} INFO - Setting next_dagrun for dataset_consumes_1_and_2 to None, run_after=None
[2025-09-29T15:40:35.866+0000] {logging_mixin.py:188} INFO - [2025-09-29T15:40:35.866+0000] {dag.py:3947} INFO - Setting next_dagrun for dataset_consumes_1_never_scheduled to None, run_after=None
[2025-09-29T15:40:35.869+0000] {logging_mixin.py:188} INFO - [2025-09-29T15:40:35.868+0000] {dag.py:3947} INFO - Setting next_dagrun for dataset_consumes_unknown_never_scheduled to None, run_after=None
[2025-09-29T15:40:35.874+0000] {logging_mixin.py:188} INFO - [2025-09-29T15:40:35.874+0000] {dag.py:3947} INFO - Setting next_dagrun for dataset_produces_1 to 2025-09-28 00:00:00+00:00, run_after=2025-09-29 00:00:00+00:00
[2025-09-29T15:40:35.877+0000] {logging_mixin.py:188} INFO - [2025-09-29T15:40:35.877+0000] {dag.py:3947} INFO - Setting next_dagrun for dataset_produces_2 to None, run_after=None
[2025-09-29T15:40:35.960+0000] {processor.py:183} INFO - Processing /home/airflow/.local/lib/python3.12/site-packages/airflow/example_dags/example_datasets.py took 0.363 seconds
[2025-09-29T15:41:06.168+0000] {processor.py:161} INFO - Started process (PID=4239) to work on /home/airflow/.local/lib/python3.12/site-packages/airflow/example_dags/example_datasets.py
[2025-09-29T15:41:06.171+0000] {processor.py:830} INFO - Processing file /home/airflow/.local/lib/python3.12/site-packages/airflow/example_dags/example_datasets.py for tasks to queue
[2025-09-29T15:41:06.175+0000] {logging_mixin.py:188} INFO - [2025-09-29T15:41:06.174+0000] {dagbag.py:545} INFO - Filling up the DagBag from /home/airflow/.local/lib/python3.12/site-packages/airflow/example_dags/example_datasets.py
[2025-09-29T15:41:06.207+0000] {processor.py:840} INFO - DAG(s) 'consume_1_or_2_with_dataset_expressions', 'dataset_consumes_1_never_scheduled', 'dataset_consumes_unknown_never_scheduled', 'consume_1_and_2_with_dataset_expressions', 'dataset_produces_2', 'dataset_produces_1', 'conditional_dataset_and_time_based_timetable', 'dataset_consumes_1', 'consume_1_or_both_2_and_3_with_dataset_expressions', 'dataset_consumes_1_and_2' retrieved from /home/airflow/.local/lib/python3.12/site-packages/airflow/example_dags/example_datasets.py
[2025-09-29T15:41:06.367+0000] {logging_mixin.py:188} INFO - [2025-09-29T15:41:06.366+0000] {dag.py:3089} INFO - Sync 10 DAGs
[2025-09-29T15:41:06.436+0000] {logging_mixin.py:188} INFO - [2025-09-29T15:41:06.435+0000] {dag.py:3947} INFO - Setting next_dagrun for conditional_dataset_and_time_based_timetable to 2025-09-24 01:00:00+00:00, run_after=2025-09-24 01:00:00+00:00
[2025-09-29T15:41:06.445+0000] {logging_mixin.py:188} INFO - [2025-09-29T15:41:06.444+0000] {dag.py:3947} INFO - Setting next_dagrun for consume_1_and_2_with_dataset_expressions to None, run_after=None
[2025-09-29T15:41:06.449+0000] {logging_mixin.py:188} INFO - [2025-09-29T15:41:06.449+0000] {dag.py:3947} INFO - Setting next_dagrun for consume_1_or_2_with_dataset_expressions to None, run_after=None
[2025-09-29T15:41:06.452+0000] {logging_mixin.py:188} INFO - [2025-09-29T15:41:06.451+0000] {dag.py:3947} INFO - Setting next_dagrun for consume_1_or_both_2_and_3_with_dataset_expressions to None, run_after=None
[2025-09-29T15:41:06.456+0000] {logging_mixin.py:188} INFO - [2025-09-29T15:41:06.455+0000] {dag.py:3947} INFO - Setting next_dagrun for dataset_consumes_1 to None, run_after=None
[2025-09-29T15:41:06.459+0000] {logging_mixin.py:188} INFO - [2025-09-29T15:41:06.459+0000] {dag.py:3947} INFO - Setting next_dagrun for dataset_consumes_1_and_2 to None, run_after=None
[2025-09-29T15:41:06.462+0000] {logging_mixin.py:188} INFO - [2025-09-29T15:41:06.462+0000] {dag.py:3947} INFO - Setting next_dagrun for dataset_consumes_1_never_scheduled to None, run_after=None
[2025-09-29T15:41:06.465+0000] {logging_mixin.py:188} INFO - [2025-09-29T15:41:06.465+0000] {dag.py:3947} INFO - Setting next_dagrun for dataset_consumes_unknown_never_scheduled to None, run_after=None
[2025-09-29T15:41:06.471+0000] {logging_mixin.py:188} INFO - [2025-09-29T15:41:06.470+0000] {dag.py:3947} INFO - Setting next_dagrun for dataset_produces_1 to 2025-09-28 00:00:00+00:00, run_after=2025-09-29 00:00:00+00:00
[2025-09-29T15:41:06.475+0000] {logging_mixin.py:188} INFO - [2025-09-29T15:41:06.475+0000] {dag.py:3947} INFO - Setting next_dagrun for dataset_produces_2 to None, run_after=None
[2025-09-29T15:41:06.569+0000] {processor.py:183} INFO - Processing /home/airflow/.local/lib/python3.12/site-packages/airflow/example_dags/example_datasets.py took 0.416 seconds
[2025-09-29T15:41:37.124+0000] {processor.py:161} INFO - Started process (PID=4518) to work on /home/airflow/.local/lib/python3.12/site-packages/airflow/example_dags/example_datasets.py
[2025-09-29T15:41:37.128+0000] {processor.py:830} INFO - Processing file /home/airflow/.local/lib/python3.12/site-packages/airflow/example_dags/example_datasets.py for tasks to queue
[2025-09-29T15:41:37.136+0000] {logging_mixin.py:188} INFO - [2025-09-29T15:41:37.133+0000] {dagbag.py:545} INFO - Filling up the DagBag from /home/airflow/.local/lib/python3.12/site-packages/airflow/example_dags/example_datasets.py
[2025-09-29T15:41:37.196+0000] {processor.py:840} INFO - DAG(s) 'dataset_consumes_1_never_scheduled', 'dataset_consumes_1', 'dataset_produces_1', 'consume_1_and_2_with_dataset_expressions', 'dataset_produces_2', 'consume_1_or_both_2_and_3_with_dataset_expressions', 'dataset_consumes_unknown_never_scheduled', 'consume_1_or_2_with_dataset_expressions', 'conditional_dataset_and_time_based_timetable', 'dataset_consumes_1_and_2' retrieved from /home/airflow/.local/lib/python3.12/site-packages/airflow/example_dags/example_datasets.py
[2025-09-29T15:41:37.323+0000] {logging_mixin.py:188} INFO - [2025-09-29T15:41:37.322+0000] {dag.py:3089} INFO - Sync 10 DAGs
[2025-09-29T15:41:37.384+0000] {logging_mixin.py:188} INFO - [2025-09-29T15:41:37.384+0000] {dag.py:3947} INFO - Setting next_dagrun for conditional_dataset_and_time_based_timetable to 2025-09-24 01:00:00+00:00, run_after=2025-09-24 01:00:00+00:00
[2025-09-29T15:41:37.393+0000] {logging_mixin.py:188} INFO - [2025-09-29T15:41:37.392+0000] {dag.py:3947} INFO - Setting next_dagrun for consume_1_and_2_with_dataset_expressions to None, run_after=None
[2025-09-29T15:41:37.396+0000] {logging_mixin.py:188} INFO - [2025-09-29T15:41:37.395+0000] {dag.py:3947} INFO - Setting next_dagrun for consume_1_or_2_with_dataset_expressions to None, run_after=None
[2025-09-29T15:41:37.399+0000] {logging_mixin.py:188} INFO - [2025-09-29T15:41:37.399+0000] {dag.py:3947} INFO - Setting next_dagrun for consume_1_or_both_2_and_3_with_dataset_expressions to None, run_after=None
[2025-09-29T15:41:37.403+0000] {logging_mixin.py:188} INFO - [2025-09-29T15:41:37.402+0000] {dag.py:3947} INFO - Setting next_dagrun for dataset_consumes_1 to None, run_after=None
[2025-09-29T15:41:37.406+0000] {logging_mixin.py:188} INFO - [2025-09-29T15:41:37.405+0000] {dag.py:3947} INFO - Setting next_dagrun for dataset_consumes_1_and_2 to None, run_after=None
[2025-09-29T15:41:37.409+0000] {logging_mixin.py:188} INFO - [2025-09-29T15:41:37.408+0000] {dag.py:3947} INFO - Setting next_dagrun for dataset_consumes_1_never_scheduled to None, run_after=None
[2025-09-29T15:41:37.412+0000] {logging_mixin.py:188} INFO - [2025-09-29T15:41:37.412+0000] {dag.py:3947} INFO - Setting next_dagrun for dataset_consumes_unknown_never_scheduled to None, run_after=None
[2025-09-29T15:41:37.418+0000] {logging_mixin.py:188} INFO - [2025-09-29T15:41:37.418+0000] {dag.py:3947} INFO - Setting next_dagrun for dataset_produces_1 to 2025-09-28 00:00:00+00:00, run_after=2025-09-29 00:00:00+00:00
[2025-09-29T15:41:37.421+0000] {logging_mixin.py:188} INFO - [2025-09-29T15:41:37.421+0000] {dag.py:3947} INFO - Setting next_dagrun for dataset_produces_2 to None, run_after=None
[2025-09-29T15:41:37.514+0000] {processor.py:183} INFO - Processing /home/airflow/.local/lib/python3.12/site-packages/airflow/example_dags/example_datasets.py took 0.415 seconds
[2025-09-29T15:42:07.906+0000] {processor.py:161} INFO - Started process (PID=4778) to work on /home/airflow/.local/lib/python3.12/site-packages/airflow/example_dags/example_datasets.py
[2025-09-29T15:42:07.909+0000] {processor.py:830} INFO - Processing file /home/airflow/.local/lib/python3.12/site-packages/airflow/example_dags/example_datasets.py for tasks to queue
[2025-09-29T15:42:07.913+0000] {logging_mixin.py:188} INFO - [2025-09-29T15:42:07.912+0000] {dagbag.py:545} INFO - Filling up the DagBag from /home/airflow/.local/lib/python3.12/site-packages/airflow/example_dags/example_datasets.py
[2025-09-29T15:42:07.948+0000] {processor.py:840} INFO - DAG(s) 'dataset_consumes_1_and_2', 'consume_1_and_2_with_dataset_expressions', 'dataset_consumes_unknown_never_scheduled', 'dataset_consumes_1_never_scheduled', 'dataset_consumes_1', 'dataset_produces_2', 'consume_1_or_2_with_dataset_expressions', 'consume_1_or_both_2_and_3_with_dataset_expressions', 'dataset_produces_1', 'conditional_dataset_and_time_based_timetable' retrieved from /home/airflow/.local/lib/python3.12/site-packages/airflow/example_dags/example_datasets.py
[2025-09-29T15:42:08.077+0000] {logging_mixin.py:188} INFO - [2025-09-29T15:42:08.076+0000] {dag.py:3089} INFO - Sync 10 DAGs
[2025-09-29T15:42:08.138+0000] {logging_mixin.py:188} INFO - [2025-09-29T15:42:08.138+0000] {dag.py:3947} INFO - Setting next_dagrun for conditional_dataset_and_time_based_timetable to 2025-09-24 01:00:00+00:00, run_after=2025-09-24 01:00:00+00:00
[2025-09-29T15:42:08.147+0000] {logging_mixin.py:188} INFO - [2025-09-29T15:42:08.146+0000] {dag.py:3947} INFO - Setting next_dagrun for consume_1_and_2_with_dataset_expressions to None, run_after=None
[2025-09-29T15:42:08.150+0000] {logging_mixin.py:188} INFO - [2025-09-29T15:42:08.150+0000] {dag.py:3947} INFO - Setting next_dagrun for consume_1_or_2_with_dataset_expressions to None, run_after=None
[2025-09-29T15:42:08.154+0000] {logging_mixin.py:188} INFO - [2025-09-29T15:42:08.153+0000] {dag.py:3947} INFO - Setting next_dagrun for consume_1_or_both_2_and_3_with_dataset_expressions to None, run_after=None
[2025-09-29T15:42:08.157+0000] {logging_mixin.py:188} INFO - [2025-09-29T15:42:08.157+0000] {dag.py:3947} INFO - Setting next_dagrun for dataset_consumes_1 to None, run_after=None
[2025-09-29T15:42:08.163+0000] {logging_mixin.py:188} INFO - [2025-09-29T15:42:08.162+0000] {dag.py:3947} INFO - Setting next_dagrun for dataset_consumes_1_and_2 to None, run_after=None
[2025-09-29T15:42:08.166+0000] {logging_mixin.py:188} INFO - [2025-09-29T15:42:08.166+0000] {dag.py:3947} INFO - Setting next_dagrun for dataset_consumes_1_never_scheduled to None, run_after=None
[2025-09-29T15:42:08.170+0000] {logging_mixin.py:188} INFO - [2025-09-29T15:42:08.170+0000] {dag.py:3947} INFO - Setting next_dagrun for dataset_consumes_unknown_never_scheduled to None, run_after=None
[2025-09-29T15:42:08.176+0000] {logging_mixin.py:188} INFO - [2025-09-29T15:42:08.176+0000] {dag.py:3947} INFO - Setting next_dagrun for dataset_produces_1 to 2025-09-28 00:00:00+00:00, run_after=2025-09-29 00:00:00+00:00
[2025-09-29T15:42:08.180+0000] {logging_mixin.py:188} INFO - [2025-09-29T15:42:08.179+0000] {dag.py:3947} INFO - Setting next_dagrun for dataset_produces_2 to None, run_after=None
[2025-09-29T15:42:08.287+0000] {processor.py:183} INFO - Processing /home/airflow/.local/lib/python3.12/site-packages/airflow/example_dags/example_datasets.py took 0.400 seconds
[2025-09-29T15:42:38.512+0000] {processor.py:161} INFO - Started process (PID=5042) to work on /home/airflow/.local/lib/python3.12/site-packages/airflow/example_dags/example_datasets.py
[2025-09-29T15:42:38.514+0000] {processor.py:830} INFO - Processing file /home/airflow/.local/lib/python3.12/site-packages/airflow/example_dags/example_datasets.py for tasks to queue
[2025-09-29T15:42:38.519+0000] {logging_mixin.py:188} INFO - [2025-09-29T15:42:38.518+0000] {dagbag.py:545} INFO - Filling up the DagBag from /home/airflow/.local/lib/python3.12/site-packages/airflow/example_dags/example_datasets.py
[2025-09-29T15:42:38.556+0000] {processor.py:840} INFO - DAG(s) 'consume_1_or_both_2_and_3_with_dataset_expressions', 'consume_1_and_2_with_dataset_expressions', 'consume_1_or_2_with_dataset_expressions', 'dataset_consumes_1_never_scheduled', 'dataset_consumes_unknown_never_scheduled', 'conditional_dataset_and_time_based_timetable', 'dataset_produces_1', 'dataset_consumes_1_and_2', 'dataset_consumes_1', 'dataset_produces_2' retrieved from /home/airflow/.local/lib/python3.12/site-packages/airflow/example_dags/example_datasets.py
[2025-09-29T15:42:38.682+0000] {logging_mixin.py:188} INFO - [2025-09-29T15:42:38.682+0000] {dag.py:3089} INFO - Sync 10 DAGs
[2025-09-29T15:42:38.744+0000] {logging_mixin.py:188} INFO - [2025-09-29T15:42:38.743+0000] {dag.py:3947} INFO - Setting next_dagrun for conditional_dataset_and_time_based_timetable to 2025-09-24 01:00:00+00:00, run_after=2025-09-24 01:00:00+00:00
[2025-09-29T15:42:38.752+0000] {logging_mixin.py:188} INFO - [2025-09-29T15:42:38.752+0000] {dag.py:3947} INFO - Setting next_dagrun for consume_1_and_2_with_dataset_expressions to None, run_after=None
[2025-09-29T15:42:38.755+0000] {logging_mixin.py:188} INFO - [2025-09-29T15:42:38.755+0000] {dag.py:3947} INFO - Setting next_dagrun for consume_1_or_2_with_dataset_expressions to None, run_after=None
[2025-09-29T15:42:38.758+0000] {logging_mixin.py:188} INFO - [2025-09-29T15:42:38.758+0000] {dag.py:3947} INFO - Setting next_dagrun for consume_1_or_both_2_and_3_with_dataset_expressions to None, run_after=None
[2025-09-29T15:42:38.760+0000] {logging_mixin.py:188} INFO - [2025-09-29T15:42:38.760+0000] {dag.py:3947} INFO - Setting next_dagrun for dataset_consumes_1 to None, run_after=None
[2025-09-29T15:42:38.763+0000] {logging_mixin.py:188} INFO - [2025-09-29T15:42:38.763+0000] {dag.py:3947} INFO - Setting next_dagrun for dataset_consumes_1_and_2 to None, run_after=None
[2025-09-29T15:42:38.766+0000] {logging_mixin.py:188} INFO - [2025-09-29T15:42:38.766+0000] {dag.py:3947} INFO - Setting next_dagrun for dataset_consumes_1_never_scheduled to None, run_after=None
[2025-09-29T15:42:38.769+0000] {logging_mixin.py:188} INFO - [2025-09-29T15:42:38.768+0000] {dag.py:3947} INFO - Setting next_dagrun for dataset_consumes_unknown_never_scheduled to None, run_after=None
[2025-09-29T15:42:38.774+0000] {logging_mixin.py:188} INFO - [2025-09-29T15:42:38.773+0000] {dag.py:3947} INFO - Setting next_dagrun for dataset_produces_1 to 2025-09-28 00:00:00+00:00, run_after=2025-09-29 00:00:00+00:00
[2025-09-29T15:42:38.776+0000] {logging_mixin.py:188} INFO - [2025-09-29T15:42:38.776+0000] {dag.py:3947} INFO - Setting next_dagrun for dataset_produces_2 to None, run_after=None
[2025-09-29T15:42:38.858+0000] {processor.py:183} INFO - Processing /home/airflow/.local/lib/python3.12/site-packages/airflow/example_dags/example_datasets.py took 0.363 seconds
[2025-09-29T15:43:09.008+0000] {processor.py:161} INFO - Started process (PID=5304) to work on /home/airflow/.local/lib/python3.12/site-packages/airflow/example_dags/example_datasets.py
[2025-09-29T15:43:09.011+0000] {processor.py:830} INFO - Processing file /home/airflow/.local/lib/python3.12/site-packages/airflow/example_dags/example_datasets.py for tasks to queue
[2025-09-29T15:43:09.015+0000] {logging_mixin.py:188} INFO - [2025-09-29T15:43:09.014+0000] {dagbag.py:545} INFO - Filling up the DagBag from /home/airflow/.local/lib/python3.12/site-packages/airflow/example_dags/example_datasets.py
[2025-09-29T15:43:09.050+0000] {processor.py:840} INFO - DAG(s) 'dataset_consumes_1_never_scheduled', 'dataset_produces_2', 'conditional_dataset_and_time_based_timetable', 'consume_1_and_2_with_dataset_expressions', 'dataset_consumes_1', 'consume_1_or_both_2_and_3_with_dataset_expressions', 'dataset_consumes_unknown_never_scheduled', 'consume_1_or_2_with_dataset_expressions', 'dataset_consumes_1_and_2', 'dataset_produces_1' retrieved from /home/airflow/.local/lib/python3.12/site-packages/airflow/example_dags/example_datasets.py
[2025-09-29T15:43:09.167+0000] {logging_mixin.py:188} INFO - [2025-09-29T15:43:09.166+0000] {dag.py:3089} INFO - Sync 10 DAGs
[2025-09-29T15:43:09.224+0000] {logging_mixin.py:188} INFO - [2025-09-29T15:43:09.223+0000] {dag.py:3947} INFO - Setting next_dagrun for conditional_dataset_and_time_based_timetable to 2025-09-24 01:00:00+00:00, run_after=2025-09-24 01:00:00+00:00
[2025-09-29T15:43:09.232+0000] {logging_mixin.py:188} INFO - [2025-09-29T15:43:09.231+0000] {dag.py:3947} INFO - Setting next_dagrun for consume_1_and_2_with_dataset_expressions to None, run_after=None
[2025-09-29T15:43:09.234+0000] {logging_mixin.py:188} INFO - [2025-09-29T15:43:09.234+0000] {dag.py:3947} INFO - Setting next_dagrun for consume_1_or_2_with_dataset_expressions to None, run_after=None
[2025-09-29T15:43:09.237+0000] {logging_mixin.py:188} INFO - [2025-09-29T15:43:09.237+0000] {dag.py:3947} INFO - Setting next_dagrun for consume_1_or_both_2_and_3_with_dataset_expressions to None, run_after=None
[2025-09-29T15:43:09.240+0000] {logging_mixin.py:188} INFO - [2025-09-29T15:43:09.240+0000] {dag.py:3947} INFO - Setting next_dagrun for dataset_consumes_1 to None, run_after=None
[2025-09-29T15:43:09.243+0000] {logging_mixin.py:188} INFO - [2025-09-29T15:43:09.243+0000] {dag.py:3947} INFO - Setting next_dagrun for dataset_consumes_1_and_2 to None, run_after=None
[2025-09-29T15:43:09.246+0000] {logging_mixin.py:188} INFO - [2025-09-29T15:43:09.245+0000] {dag.py:3947} INFO - Setting next_dagrun for dataset_consumes_1_never_scheduled to None, run_after=None
[2025-09-29T15:43:09.248+0000] {logging_mixin.py:188} INFO - [2025-09-29T15:43:09.248+0000] {dag.py:3947} INFO - Setting next_dagrun for dataset_consumes_unknown_never_scheduled to None, run_after=None
[2025-09-29T15:43:09.253+0000] {logging_mixin.py:188} INFO - [2025-09-29T15:43:09.253+0000] {dag.py:3947} INFO - Setting next_dagrun for dataset_produces_1 to 2025-09-28 00:00:00+00:00, run_after=2025-09-29 00:00:00+00:00
[2025-09-29T15:43:09.256+0000] {logging_mixin.py:188} INFO - [2025-09-29T15:43:09.256+0000] {dag.py:3947} INFO - Setting next_dagrun for dataset_produces_2 to None, run_after=None
[2025-09-29T15:43:09.333+0000] {processor.py:183} INFO - Processing /home/airflow/.local/lib/python3.12/site-packages/airflow/example_dags/example_datasets.py took 0.340 seconds
[2025-09-29T15:43:39.670+0000] {processor.py:161} INFO - Started process (PID=5566) to work on /home/airflow/.local/lib/python3.12/site-packages/airflow/example_dags/example_datasets.py
[2025-09-29T15:43:39.674+0000] {processor.py:830} INFO - Processing file /home/airflow/.local/lib/python3.12/site-packages/airflow/example_dags/example_datasets.py for tasks to queue
[2025-09-29T15:43:39.678+0000] {logging_mixin.py:188} INFO - [2025-09-29T15:43:39.677+0000] {dagbag.py:545} INFO - Filling up the DagBag from /home/airflow/.local/lib/python3.12/site-packages/airflow/example_dags/example_datasets.py
[2025-09-29T15:43:39.722+0000] {processor.py:840} INFO - DAG(s) 'dataset_consumes_1_never_scheduled', 'dataset_consumes_unknown_never_scheduled', 'dataset_produces_1', 'dataset_produces_2', 'consume_1_or_2_with_dataset_expressions', 'consume_1_and_2_with_dataset_expressions', 'consume_1_or_both_2_and_3_with_dataset_expressions', 'conditional_dataset_and_time_based_timetable', 'dataset_consumes_1_and_2', 'dataset_consumes_1' retrieved from /home/airflow/.local/lib/python3.12/site-packages/airflow/example_dags/example_datasets.py
[2025-09-29T15:43:39.862+0000] {logging_mixin.py:188} INFO - [2025-09-29T15:43:39.861+0000] {dag.py:3089} INFO - Sync 10 DAGs
[2025-09-29T15:43:39.929+0000] {logging_mixin.py:188} INFO - [2025-09-29T15:43:39.929+0000] {dag.py:3947} INFO - Setting next_dagrun for conditional_dataset_and_time_based_timetable to 2025-09-24 01:00:00+00:00, run_after=2025-09-24 01:00:00+00:00
[2025-09-29T15:43:39.937+0000] {logging_mixin.py:188} INFO - [2025-09-29T15:43:39.937+0000] {dag.py:3947} INFO - Setting next_dagrun for consume_1_and_2_with_dataset_expressions to None, run_after=None
[2025-09-29T15:43:39.940+0000] {logging_mixin.py:188} INFO - [2025-09-29T15:43:39.940+0000] {dag.py:3947} INFO - Setting next_dagrun for consume_1_or_2_with_dataset_expressions to None, run_after=None
[2025-09-29T15:43:39.944+0000] {logging_mixin.py:188} INFO - [2025-09-29T15:43:39.943+0000] {dag.py:3947} INFO - Setting next_dagrun for consume_1_or_both_2_and_3_with_dataset_expressions to None, run_after=None
[2025-09-29T15:43:39.949+0000] {logging_mixin.py:188} INFO - [2025-09-29T15:43:39.948+0000] {dag.py:3947} INFO - Setting next_dagrun for dataset_consumes_1 to None, run_after=None
[2025-09-29T15:43:39.952+0000] {logging_mixin.py:188} INFO - [2025-09-29T15:43:39.951+0000] {dag.py:3947} INFO - Setting next_dagrun for dataset_consumes_1_and_2 to None, run_after=None
[2025-09-29T15:43:39.954+0000] {logging_mixin.py:188} INFO - [2025-09-29T15:43:39.954+0000] {dag.py:3947} INFO - Setting next_dagrun for dataset_consumes_1_never_scheduled to None, run_after=None
[2025-09-29T15:43:39.957+0000] {logging_mixin.py:188} INFO - [2025-09-29T15:43:39.957+0000] {dag.py:3947} INFO - Setting next_dagrun for dataset_consumes_unknown_never_scheduled to None, run_after=None
[2025-09-29T15:43:39.963+0000] {logging_mixin.py:188} INFO - [2025-09-29T15:43:39.963+0000] {dag.py:3947} INFO - Setting next_dagrun for dataset_produces_1 to 2025-09-28 00:00:00+00:00, run_after=2025-09-29 00:00:00+00:00
[2025-09-29T15:43:39.967+0000] {logging_mixin.py:188} INFO - [2025-09-29T15:43:39.966+0000] {dag.py:3947} INFO - Setting next_dagrun for dataset_produces_2 to None, run_after=None
[2025-09-29T15:43:40.051+0000] {processor.py:183} INFO - Processing /home/airflow/.local/lib/python3.12/site-packages/airflow/example_dags/example_datasets.py took 0.400 seconds
[2025-09-29T15:44:10.924+0000] {processor.py:161} INFO - Started process (PID=5828) to work on /home/airflow/.local/lib/python3.12/site-packages/airflow/example_dags/example_datasets.py
[2025-09-29T15:44:10.926+0000] {processor.py:830} INFO - Processing file /home/airflow/.local/lib/python3.12/site-packages/airflow/example_dags/example_datasets.py for tasks to queue
[2025-09-29T15:44:10.931+0000] {logging_mixin.py:188} INFO - [2025-09-29T15:44:10.930+0000] {dagbag.py:545} INFO - Filling up the DagBag from /home/airflow/.local/lib/python3.12/site-packages/airflow/example_dags/example_datasets.py
[2025-09-29T15:44:10.964+0000] {processor.py:840} INFO - DAG(s) 'conditional_dataset_and_time_based_timetable', 'consume_1_and_2_with_dataset_expressions', 'dataset_produces_1', 'consume_1_or_2_with_dataset_expressions', 'dataset_consumes_unknown_never_scheduled', 'dataset_consumes_1_and_2', 'consume_1_or_both_2_and_3_with_dataset_expressions', 'dataset_consumes_1_never_scheduled', 'dataset_produces_2', 'dataset_consumes_1' retrieved from /home/airflow/.local/lib/python3.12/site-packages/airflow/example_dags/example_datasets.py
[2025-09-29T15:44:11.092+0000] {logging_mixin.py:188} INFO - [2025-09-29T15:44:11.091+0000] {dag.py:3089} INFO - Sync 10 DAGs
[2025-09-29T15:44:11.149+0000] {logging_mixin.py:188} INFO - [2025-09-29T15:44:11.148+0000] {dag.py:3947} INFO - Setting next_dagrun for conditional_dataset_and_time_based_timetable to 2025-09-24 01:00:00+00:00, run_after=2025-09-24 01:00:00+00:00
[2025-09-29T15:44:11.157+0000] {logging_mixin.py:188} INFO - [2025-09-29T15:44:11.156+0000] {dag.py:3947} INFO - Setting next_dagrun for consume_1_and_2_with_dataset_expressions to None, run_after=None
[2025-09-29T15:44:11.160+0000] {logging_mixin.py:188} INFO - [2025-09-29T15:44:11.159+0000] {dag.py:3947} INFO - Setting next_dagrun for consume_1_or_2_with_dataset_expressions to None, run_after=None
[2025-09-29T15:44:11.162+0000] {logging_mixin.py:188} INFO - [2025-09-29T15:44:11.162+0000] {dag.py:3947} INFO - Setting next_dagrun for consume_1_or_both_2_and_3_with_dataset_expressions to None, run_after=None
[2025-09-29T15:44:11.166+0000] {logging_mixin.py:188} INFO - [2025-09-29T15:44:11.165+0000] {dag.py:3947} INFO - Setting next_dagrun for dataset_consumes_1 to None, run_after=None
[2025-09-29T15:44:11.169+0000] {logging_mixin.py:188} INFO - [2025-09-29T15:44:11.168+0000] {dag.py:3947} INFO - Setting next_dagrun for dataset_consumes_1_and_2 to None, run_after=None
[2025-09-29T15:44:11.172+0000] {logging_mixin.py:188} INFO - [2025-09-29T15:44:11.171+0000] {dag.py:3947} INFO - Setting next_dagrun for dataset_consumes_1_never_scheduled to None, run_after=None
[2025-09-29T15:44:11.174+0000] {logging_mixin.py:188} INFO - [2025-09-29T15:44:11.174+0000] {dag.py:3947} INFO - Setting next_dagrun for dataset_consumes_unknown_never_scheduled to None, run_after=None
[2025-09-29T15:44:11.180+0000] {logging_mixin.py:188} INFO - [2025-09-29T15:44:11.179+0000] {dag.py:3947} INFO - Setting next_dagrun for dataset_produces_1 to 2025-09-28 00:00:00+00:00, run_after=2025-09-29 00:00:00+00:00
[2025-09-29T15:44:11.183+0000] {logging_mixin.py:188} INFO - [2025-09-29T15:44:11.183+0000] {dag.py:3947} INFO - Setting next_dagrun for dataset_produces_2 to None, run_after=None
[2025-09-29T15:44:11.270+0000] {processor.py:183} INFO - Processing /home/airflow/.local/lib/python3.12/site-packages/airflow/example_dags/example_datasets.py took 0.360 seconds
[2025-09-29T15:44:41.395+0000] {processor.py:161} INFO - Started process (PID=6090) to work on /home/airflow/.local/lib/python3.12/site-packages/airflow/example_dags/example_datasets.py
[2025-09-29T15:44:41.398+0000] {processor.py:830} INFO - Processing file /home/airflow/.local/lib/python3.12/site-packages/airflow/example_dags/example_datasets.py for tasks to queue
[2025-09-29T15:44:41.403+0000] {logging_mixin.py:188} INFO - [2025-09-29T15:44:41.402+0000] {dagbag.py:545} INFO - Filling up the DagBag from /home/airflow/.local/lib/python3.12/site-packages/airflow/example_dags/example_datasets.py
[2025-09-29T15:44:41.439+0000] {processor.py:840} INFO - DAG(s) 'dataset_produces_1', 'conditional_dataset_and_time_based_timetable', 'consume_1_or_both_2_and_3_with_dataset_expressions', 'dataset_consumes_1_and_2', 'consume_1_and_2_with_dataset_expressions', 'dataset_consumes_1_never_scheduled', 'dataset_produces_2', 'dataset_consumes_unknown_never_scheduled', 'consume_1_or_2_with_dataset_expressions', 'dataset_consumes_1' retrieved from /home/airflow/.local/lib/python3.12/site-packages/airflow/example_dags/example_datasets.py
[2025-09-29T15:44:41.563+0000] {logging_mixin.py:188} INFO - [2025-09-29T15:44:41.562+0000] {dag.py:3089} INFO - Sync 10 DAGs
[2025-09-29T15:44:41.623+0000] {logging_mixin.py:188} INFO - [2025-09-29T15:44:41.623+0000] {dag.py:3947} INFO - Setting next_dagrun for conditional_dataset_and_time_based_timetable to 2025-09-24 01:00:00+00:00, run_after=2025-09-24 01:00:00+00:00
[2025-09-29T15:44:41.632+0000] {logging_mixin.py:188} INFO - [2025-09-29T15:44:41.632+0000] {dag.py:3947} INFO - Setting next_dagrun for consume_1_and_2_with_dataset_expressions to None, run_after=None
[2025-09-29T15:44:41.635+0000] {logging_mixin.py:188} INFO - [2025-09-29T15:44:41.635+0000] {dag.py:3947} INFO - Setting next_dagrun for consume_1_or_2_with_dataset_expressions to None, run_after=None
[2025-09-29T15:44:41.639+0000] {logging_mixin.py:188} INFO - [2025-09-29T15:44:41.638+0000] {dag.py:3947} INFO - Setting next_dagrun for consume_1_or_both_2_and_3_with_dataset_expressions to None, run_after=None
[2025-09-29T15:44:41.643+0000] {logging_mixin.py:188} INFO - [2025-09-29T15:44:41.642+0000] {dag.py:3947} INFO - Setting next_dagrun for dataset_consumes_1 to None, run_after=None
[2025-09-29T15:44:41.646+0000] {logging_mixin.py:188} INFO - [2025-09-29T15:44:41.645+0000] {dag.py:3947} INFO - Setting next_dagrun for dataset_consumes_1_and_2 to None, run_after=None
[2025-09-29T15:44:41.649+0000] {logging_mixin.py:188} INFO - [2025-09-29T15:44:41.649+0000] {dag.py:3947} INFO - Setting next_dagrun for dataset_consumes_1_never_scheduled to None, run_after=None
[2025-09-29T15:44:41.652+0000] {logging_mixin.py:188} INFO - [2025-09-29T15:44:41.652+0000] {dag.py:3947} INFO - Setting next_dagrun for dataset_consumes_unknown_never_scheduled to None, run_after=None
[2025-09-29T15:44:41.658+0000] {logging_mixin.py:188} INFO - [2025-09-29T15:44:41.657+0000] {dag.py:3947} INFO - Setting next_dagrun for dataset_produces_1 to 2025-09-28 00:00:00+00:00, run_after=2025-09-29 00:00:00+00:00
[2025-09-29T15:44:41.661+0000] {logging_mixin.py:188} INFO - [2025-09-29T15:44:41.660+0000] {dag.py:3947} INFO - Setting next_dagrun for dataset_produces_2 to None, run_after=None
[2025-09-29T15:44:41.756+0000] {processor.py:183} INFO - Processing /home/airflow/.local/lib/python3.12/site-packages/airflow/example_dags/example_datasets.py took 0.376 seconds
[2025-09-29T15:45:11.994+0000] {processor.py:161} INFO - Started process (PID=6355) to work on /home/airflow/.local/lib/python3.12/site-packages/airflow/example_dags/example_datasets.py
[2025-09-29T15:45:11.996+0000] {processor.py:830} INFO - Processing file /home/airflow/.local/lib/python3.12/site-packages/airflow/example_dags/example_datasets.py for tasks to queue
[2025-09-29T15:45:12.000+0000] {logging_mixin.py:188} INFO - [2025-09-29T15:45:11.999+0000] {dagbag.py:545} INFO - Filling up the DagBag from /home/airflow/.local/lib/python3.12/site-packages/airflow/example_dags/example_datasets.py
[2025-09-29T15:45:12.035+0000] {processor.py:840} INFO - DAG(s) 'dataset_consumes_1_and_2', 'conditional_dataset_and_time_based_timetable', 'dataset_produces_2', 'dataset_consumes_1', 'dataset_consumes_1_never_scheduled', 'consume_1_or_both_2_and_3_with_dataset_expressions', 'consume_1_and_2_with_dataset_expressions', 'dataset_consumes_unknown_never_scheduled', 'consume_1_or_2_with_dataset_expressions', 'dataset_produces_1' retrieved from /home/airflow/.local/lib/python3.12/site-packages/airflow/example_dags/example_datasets.py
[2025-09-29T15:45:12.165+0000] {logging_mixin.py:188} INFO - [2025-09-29T15:45:12.164+0000] {dag.py:3089} INFO - Sync 10 DAGs
[2025-09-29T15:45:12.227+0000] {logging_mixin.py:188} INFO - [2025-09-29T15:45:12.226+0000] {dag.py:3947} INFO - Setting next_dagrun for conditional_dataset_and_time_based_timetable to 2025-09-24 01:00:00+00:00, run_after=2025-09-24 01:00:00+00:00
[2025-09-29T15:45:12.235+0000] {logging_mixin.py:188} INFO - [2025-09-29T15:45:12.235+0000] {dag.py:3947} INFO - Setting next_dagrun for consume_1_and_2_with_dataset_expressions to None, run_after=None
[2025-09-29T15:45:12.238+0000] {logging_mixin.py:188} INFO - [2025-09-29T15:45:12.238+0000] {dag.py:3947} INFO - Setting next_dagrun for consume_1_or_2_with_dataset_expressions to None, run_after=None
[2025-09-29T15:45:12.242+0000] {logging_mixin.py:188} INFO - [2025-09-29T15:45:12.241+0000] {dag.py:3947} INFO - Setting next_dagrun for consume_1_or_both_2_and_3_with_dataset_expressions to None, run_after=None
[2025-09-29T15:45:12.245+0000] {logging_mixin.py:188} INFO - [2025-09-29T15:45:12.245+0000] {dag.py:3947} INFO - Setting next_dagrun for dataset_consumes_1 to None, run_after=None
[2025-09-29T15:45:12.248+0000] {logging_mixin.py:188} INFO - [2025-09-29T15:45:12.248+0000] {dag.py:3947} INFO - Setting next_dagrun for dataset_consumes_1_and_2 to None, run_after=None
[2025-09-29T15:45:12.251+0000] {logging_mixin.py:188} INFO - [2025-09-29T15:45:12.251+0000] {dag.py:3947} INFO - Setting next_dagrun for dataset_consumes_1_never_scheduled to None, run_after=None
[2025-09-29T15:45:12.255+0000] {logging_mixin.py:188} INFO - [2025-09-29T15:45:12.255+0000] {dag.py:3947} INFO - Setting next_dagrun for dataset_consumes_unknown_never_scheduled to None, run_after=None
[2025-09-29T15:45:12.261+0000] {logging_mixin.py:188} INFO - [2025-09-29T15:45:12.261+0000] {dag.py:3947} INFO - Setting next_dagrun for dataset_produces_1 to 2025-09-28 00:00:00+00:00, run_after=2025-09-29 00:00:00+00:00
[2025-09-29T15:45:12.264+0000] {logging_mixin.py:188} INFO - [2025-09-29T15:45:12.264+0000] {dag.py:3947} INFO - Setting next_dagrun for dataset_produces_2 to None, run_after=None
[2025-09-29T15:45:12.359+0000] {processor.py:183} INFO - Processing /home/airflow/.local/lib/python3.12/site-packages/airflow/example_dags/example_datasets.py took 0.380 seconds
[2025-09-29T15:45:42.475+0000] {processor.py:161} INFO - Started process (PID=6614) to work on /home/airflow/.local/lib/python3.12/site-packages/airflow/example_dags/example_datasets.py
[2025-09-29T15:45:42.490+0000] {processor.py:830} INFO - Processing file /home/airflow/.local/lib/python3.12/site-packages/airflow/example_dags/example_datasets.py for tasks to queue
[2025-09-29T15:45:42.494+0000] {logging_mixin.py:188} INFO - [2025-09-29T15:45:42.493+0000] {dagbag.py:545} INFO - Filling up the DagBag from /home/airflow/.local/lib/python3.12/site-packages/airflow/example_dags/example_datasets.py
[2025-09-29T15:45:42.529+0000] {processor.py:840} INFO - DAG(s) 'dataset_consumes_1', 'dataset_consumes_1_and_2', 'conditional_dataset_and_time_based_timetable', 'dataset_consumes_1_never_scheduled', 'dataset_consumes_unknown_never_scheduled', 'consume_1_and_2_with_dataset_expressions', 'consume_1_or_2_with_dataset_expressions', 'dataset_produces_2', 'consume_1_or_both_2_and_3_with_dataset_expressions', 'dataset_produces_1' retrieved from /home/airflow/.local/lib/python3.12/site-packages/airflow/example_dags/example_datasets.py
[2025-09-29T15:45:42.650+0000] {logging_mixin.py:188} INFO - [2025-09-29T15:45:42.649+0000] {dag.py:3089} INFO - Sync 10 DAGs
[2025-09-29T15:45:42.715+0000] {logging_mixin.py:188} INFO - [2025-09-29T15:45:42.714+0000] {dag.py:3947} INFO - Setting next_dagrun for conditional_dataset_and_time_based_timetable to 2025-09-24 01:00:00+00:00, run_after=2025-09-24 01:00:00+00:00
[2025-09-29T15:45:42.723+0000] {logging_mixin.py:188} INFO - [2025-09-29T15:45:42.723+0000] {dag.py:3947} INFO - Setting next_dagrun for consume_1_and_2_with_dataset_expressions to None, run_after=None
[2025-09-29T15:45:42.727+0000] {logging_mixin.py:188} INFO - [2025-09-29T15:45:42.726+0000] {dag.py:3947} INFO - Setting next_dagrun for consume_1_or_2_with_dataset_expressions to None, run_after=None
[2025-09-29T15:45:42.730+0000] {logging_mixin.py:188} INFO - [2025-09-29T15:45:42.729+0000] {dag.py:3947} INFO - Setting next_dagrun for consume_1_or_both_2_and_3_with_dataset_expressions to None, run_after=None
[2025-09-29T15:45:42.733+0000] {logging_mixin.py:188} INFO - [2025-09-29T15:45:42.732+0000] {dag.py:3947} INFO - Setting next_dagrun for dataset_consumes_1 to None, run_after=None
[2025-09-29T15:45:42.737+0000] {logging_mixin.py:188} INFO - [2025-09-29T15:45:42.736+0000] {dag.py:3947} INFO - Setting next_dagrun for dataset_consumes_1_and_2 to None, run_after=None
[2025-09-29T15:45:42.740+0000] {logging_mixin.py:188} INFO - [2025-09-29T15:45:42.740+0000] {dag.py:3947} INFO - Setting next_dagrun for dataset_consumes_1_never_scheduled to None, run_after=None
[2025-09-29T15:45:42.744+0000] {logging_mixin.py:188} INFO - [2025-09-29T15:45:42.744+0000] {dag.py:3947} INFO - Setting next_dagrun for dataset_consumes_unknown_never_scheduled to None, run_after=None
[2025-09-29T15:45:42.750+0000] {logging_mixin.py:188} INFO - [2025-09-29T15:45:42.750+0000] {dag.py:3947} INFO - Setting next_dagrun for dataset_produces_1 to 2025-09-28 00:00:00+00:00, run_after=2025-09-29 00:00:00+00:00
[2025-09-29T15:45:42.754+0000] {logging_mixin.py:188} INFO - [2025-09-29T15:45:42.753+0000] {dag.py:3947} INFO - Setting next_dagrun for dataset_produces_2 to None, run_after=None
[2025-09-29T15:45:42.846+0000] {processor.py:183} INFO - Processing /home/airflow/.local/lib/python3.12/site-packages/airflow/example_dags/example_datasets.py took 0.386 seconds
[2025-09-29T15:46:13.190+0000] {processor.py:161} INFO - Started process (PID=6876) to work on /home/airflow/.local/lib/python3.12/site-packages/airflow/example_dags/example_datasets.py
[2025-09-29T15:46:13.192+0000] {processor.py:830} INFO - Processing file /home/airflow/.local/lib/python3.12/site-packages/airflow/example_dags/example_datasets.py for tasks to queue
[2025-09-29T15:46:13.196+0000] {logging_mixin.py:188} INFO - [2025-09-29T15:46:13.195+0000] {dagbag.py:545} INFO - Filling up the DagBag from /home/airflow/.local/lib/python3.12/site-packages/airflow/example_dags/example_datasets.py
[2025-09-29T15:46:13.238+0000] {processor.py:840} INFO - DAG(s) 'consume_1_or_both_2_and_3_with_dataset_expressions', 'dataset_consumes_1_never_scheduled', 'dataset_consumes_unknown_never_scheduled', 'consume_1_and_2_with_dataset_expressions', 'dataset_produces_2', 'dataset_produces_1', 'dataset_consumes_1', 'dataset_consumes_1_and_2', 'conditional_dataset_and_time_based_timetable', 'consume_1_or_2_with_dataset_expressions' retrieved from /home/airflow/.local/lib/python3.12/site-packages/airflow/example_dags/example_datasets.py
[2025-09-29T15:46:13.388+0000] {logging_mixin.py:188} INFO - [2025-09-29T15:46:13.387+0000] {dag.py:3089} INFO - Sync 10 DAGs
[2025-09-29T15:46:13.461+0000] {logging_mixin.py:188} INFO - [2025-09-29T15:46:13.461+0000] {dag.py:3947} INFO - Setting next_dagrun for conditional_dataset_and_time_based_timetable to 2025-09-24 01:00:00+00:00, run_after=2025-09-24 01:00:00+00:00
[2025-09-29T15:46:13.471+0000] {logging_mixin.py:188} INFO - [2025-09-29T15:46:13.471+0000] {dag.py:3947} INFO - Setting next_dagrun for consume_1_and_2_with_dataset_expressions to None, run_after=None
[2025-09-29T15:46:13.474+0000] {logging_mixin.py:188} INFO - [2025-09-29T15:46:13.474+0000] {dag.py:3947} INFO - Setting next_dagrun for consume_1_or_2_with_dataset_expressions to None, run_after=None
[2025-09-29T15:46:13.478+0000] {logging_mixin.py:188} INFO - [2025-09-29T15:46:13.477+0000] {dag.py:3947} INFO - Setting next_dagrun for consume_1_or_both_2_and_3_with_dataset_expressions to None, run_after=None
[2025-09-29T15:46:13.482+0000] {logging_mixin.py:188} INFO - [2025-09-29T15:46:13.482+0000] {dag.py:3947} INFO - Setting next_dagrun for dataset_consumes_1 to None, run_after=None
[2025-09-29T15:46:13.486+0000] {logging_mixin.py:188} INFO - [2025-09-29T15:46:13.486+0000] {dag.py:3947} INFO - Setting next_dagrun for dataset_consumes_1_and_2 to None, run_after=None
[2025-09-29T15:46:13.490+0000] {logging_mixin.py:188} INFO - [2025-09-29T15:46:13.489+0000] {dag.py:3947} INFO - Setting next_dagrun for dataset_consumes_1_never_scheduled to None, run_after=None
[2025-09-29T15:46:13.494+0000] {logging_mixin.py:188} INFO - [2025-09-29T15:46:13.493+0000] {dag.py:3947} INFO - Setting next_dagrun for dataset_consumes_unknown_never_scheduled to None, run_after=None
[2025-09-29T15:46:13.502+0000] {logging_mixin.py:188} INFO - [2025-09-29T15:46:13.501+0000] {dag.py:3947} INFO - Setting next_dagrun for dataset_produces_1 to 2025-09-28 00:00:00+00:00, run_after=2025-09-29 00:00:00+00:00
[2025-09-29T15:46:13.506+0000] {logging_mixin.py:188} INFO - [2025-09-29T15:46:13.505+0000] {dag.py:3947} INFO - Setting next_dagrun for dataset_produces_2 to None, run_after=None
[2025-09-29T15:46:13.621+0000] {processor.py:183} INFO - Processing /home/airflow/.local/lib/python3.12/site-packages/airflow/example_dags/example_datasets.py took 0.449 seconds
[2025-09-29T15:46:43.803+0000] {processor.py:161} INFO - Started process (PID=7138) to work on /home/airflow/.local/lib/python3.12/site-packages/airflow/example_dags/example_datasets.py
[2025-09-29T15:46:43.819+0000] {processor.py:830} INFO - Processing file /home/airflow/.local/lib/python3.12/site-packages/airflow/example_dags/example_datasets.py for tasks to queue
[2025-09-29T15:46:43.824+0000] {logging_mixin.py:188} INFO - [2025-09-29T15:46:43.823+0000] {dagbag.py:545} INFO - Filling up the DagBag from /home/airflow/.local/lib/python3.12/site-packages/airflow/example_dags/example_datasets.py
[2025-09-29T15:46:43.858+0000] {processor.py:840} INFO - DAG(s) 'consume_1_or_both_2_and_3_with_dataset_expressions', 'conditional_dataset_and_time_based_timetable', 'dataset_consumes_unknown_never_scheduled', 'dataset_consumes_1_never_scheduled', 'dataset_produces_1', 'consume_1_and_2_with_dataset_expressions', 'consume_1_or_2_with_dataset_expressions', 'dataset_produces_2', 'dataset_consumes_1', 'dataset_consumes_1_and_2' retrieved from /home/airflow/.local/lib/python3.12/site-packages/airflow/example_dags/example_datasets.py
[2025-09-29T15:46:43.978+0000] {logging_mixin.py:188} INFO - [2025-09-29T15:46:43.978+0000] {dag.py:3089} INFO - Sync 10 DAGs
[2025-09-29T15:46:44.036+0000] {logging_mixin.py:188} INFO - [2025-09-29T15:46:44.035+0000] {dag.py:3947} INFO - Setting next_dagrun for conditional_dataset_and_time_based_timetable to 2025-09-24 01:00:00+00:00, run_after=2025-09-24 01:00:00+00:00
[2025-09-29T15:46:44.044+0000] {logging_mixin.py:188} INFO - [2025-09-29T15:46:44.044+0000] {dag.py:3947} INFO - Setting next_dagrun for consume_1_and_2_with_dataset_expressions to None, run_after=None
[2025-09-29T15:46:44.048+0000] {logging_mixin.py:188} INFO - [2025-09-29T15:46:44.047+0000] {dag.py:3947} INFO - Setting next_dagrun for consume_1_or_2_with_dataset_expressions to None, run_after=None
[2025-09-29T15:46:44.051+0000] {logging_mixin.py:188} INFO - [2025-09-29T15:46:44.050+0000] {dag.py:3947} INFO - Setting next_dagrun for consume_1_or_both_2_and_3_with_dataset_expressions to None, run_after=None
[2025-09-29T15:46:44.054+0000] {logging_mixin.py:188} INFO - [2025-09-29T15:46:44.053+0000] {dag.py:3947} INFO - Setting next_dagrun for dataset_consumes_1 to None, run_after=None
[2025-09-29T15:46:44.057+0000] {logging_mixin.py:188} INFO - [2025-09-29T15:46:44.056+0000] {dag.py:3947} INFO - Setting next_dagrun for dataset_consumes_1_and_2 to None, run_after=None
[2025-09-29T15:46:44.060+0000] {logging_mixin.py:188} INFO - [2025-09-29T15:46:44.059+0000] {dag.py:3947} INFO - Setting next_dagrun for dataset_consumes_1_never_scheduled to None, run_after=None
[2025-09-29T15:46:44.063+0000] {logging_mixin.py:188} INFO - [2025-09-29T15:46:44.063+0000] {dag.py:3947} INFO - Setting next_dagrun for dataset_consumes_unknown_never_scheduled to None, run_after=None
[2025-09-29T15:46:44.068+0000] {logging_mixin.py:188} INFO - [2025-09-29T15:46:44.068+0000] {dag.py:3947} INFO - Setting next_dagrun for dataset_produces_1 to 2025-09-28 00:00:00+00:00, run_after=2025-09-29 00:00:00+00:00
[2025-09-29T15:46:44.072+0000] {logging_mixin.py:188} INFO - [2025-09-29T15:46:44.071+0000] {dag.py:3947} INFO - Setting next_dagrun for dataset_produces_2 to None, run_after=None
[2025-09-29T15:46:44.157+0000] {processor.py:183} INFO - Processing /home/airflow/.local/lib/python3.12/site-packages/airflow/example_dags/example_datasets.py took 0.367 seconds
[2025-09-29T15:47:14.437+0000] {processor.py:161} INFO - Started process (PID=7405) to work on /home/airflow/.local/lib/python3.12/site-packages/airflow/example_dags/example_datasets.py
[2025-09-29T15:47:14.439+0000] {processor.py:830} INFO - Processing file /home/airflow/.local/lib/python3.12/site-packages/airflow/example_dags/example_datasets.py for tasks to queue
[2025-09-29T15:47:14.443+0000] {logging_mixin.py:188} INFO - [2025-09-29T15:47:14.443+0000] {dagbag.py:545} INFO - Filling up the DagBag from /home/airflow/.local/lib/python3.12/site-packages/airflow/example_dags/example_datasets.py
[2025-09-29T15:47:14.478+0000] {processor.py:840} INFO - DAG(s) 'dataset_produces_2', 'dataset_consumes_1_never_scheduled', 'dataset_consumes_1_and_2', 'consume_1_or_2_with_dataset_expressions', 'dataset_consumes_1', 'dataset_consumes_unknown_never_scheduled', 'dataset_produces_1', 'consume_1_and_2_with_dataset_expressions', 'conditional_dataset_and_time_based_timetable', 'consume_1_or_both_2_and_3_with_dataset_expressions' retrieved from /home/airflow/.local/lib/python3.12/site-packages/airflow/example_dags/example_datasets.py
[2025-09-29T15:47:14.621+0000] {logging_mixin.py:188} INFO - [2025-09-29T15:47:14.621+0000] {dag.py:3089} INFO - Sync 10 DAGs
[2025-09-29T15:47:14.700+0000] {logging_mixin.py:188} INFO - [2025-09-29T15:47:14.699+0000] {dag.py:3947} INFO - Setting next_dagrun for conditional_dataset_and_time_based_timetable to 2025-09-24 01:00:00+00:00, run_after=2025-09-24 01:00:00+00:00
[2025-09-29T15:47:14.711+0000] {logging_mixin.py:188} INFO - [2025-09-29T15:47:14.711+0000] {dag.py:3947} INFO - Setting next_dagrun for consume_1_and_2_with_dataset_expressions to None, run_after=None
[2025-09-29T15:47:14.715+0000] {logging_mixin.py:188} INFO - [2025-09-29T15:47:14.714+0000] {dag.py:3947} INFO - Setting next_dagrun for consume_1_or_2_with_dataset_expressions to None, run_after=None
[2025-09-29T15:47:14.718+0000] {logging_mixin.py:188} INFO - [2025-09-29T15:47:14.718+0000] {dag.py:3947} INFO - Setting next_dagrun for consume_1_or_both_2_and_3_with_dataset_expressions to None, run_after=None
[2025-09-29T15:47:14.722+0000] {logging_mixin.py:188} INFO - [2025-09-29T15:47:14.722+0000] {dag.py:3947} INFO - Setting next_dagrun for dataset_consumes_1 to None, run_after=None
[2025-09-29T15:47:14.726+0000] {logging_mixin.py:188} INFO - [2025-09-29T15:47:14.725+0000] {dag.py:3947} INFO - Setting next_dagrun for dataset_consumes_1_and_2 to None, run_after=None
[2025-09-29T15:47:14.729+0000] {logging_mixin.py:188} INFO - [2025-09-29T15:47:14.729+0000] {dag.py:3947} INFO - Setting next_dagrun for dataset_consumes_1_never_scheduled to None, run_after=None
[2025-09-29T15:47:14.732+0000] {logging_mixin.py:188} INFO - [2025-09-29T15:47:14.732+0000] {dag.py:3947} INFO - Setting next_dagrun for dataset_consumes_unknown_never_scheduled to None, run_after=None
[2025-09-29T15:47:14.739+0000] {logging_mixin.py:188} INFO - [2025-09-29T15:47:14.738+0000] {dag.py:3947} INFO - Setting next_dagrun for dataset_produces_1 to 2025-09-28 00:00:00+00:00, run_after=2025-09-29 00:00:00+00:00
[2025-09-29T15:47:14.742+0000] {logging_mixin.py:188} INFO - [2025-09-29T15:47:14.742+0000] {dag.py:3947} INFO - Setting next_dagrun for dataset_produces_2 to None, run_after=None
[2025-09-29T15:47:14.841+0000] {processor.py:183} INFO - Processing /home/airflow/.local/lib/python3.12/site-packages/airflow/example_dags/example_datasets.py took 0.419 seconds
[2025-09-29T15:47:45.869+0000] {processor.py:161} INFO - Started process (PID=7667) to work on /home/airflow/.local/lib/python3.12/site-packages/airflow/example_dags/example_datasets.py
[2025-09-29T15:47:45.872+0000] {processor.py:830} INFO - Processing file /home/airflow/.local/lib/python3.12/site-packages/airflow/example_dags/example_datasets.py for tasks to queue
[2025-09-29T15:47:45.876+0000] {logging_mixin.py:188} INFO - [2025-09-29T15:47:45.875+0000] {dagbag.py:545} INFO - Filling up the DagBag from /home/airflow/.local/lib/python3.12/site-packages/airflow/example_dags/example_datasets.py
[2025-09-29T15:47:45.910+0000] {processor.py:840} INFO - DAG(s) 'dataset_consumes_1', 'dataset_produces_1', 'dataset_consumes_unknown_never_scheduled', 'conditional_dataset_and_time_based_timetable', 'dataset_consumes_1_never_scheduled', 'dataset_produces_2', 'consume_1_and_2_with_dataset_expressions', 'consume_1_or_2_with_dataset_expressions', 'consume_1_or_both_2_and_3_with_dataset_expressions', 'dataset_consumes_1_and_2' retrieved from /home/airflow/.local/lib/python3.12/site-packages/airflow/example_dags/example_datasets.py
[2025-09-29T15:47:45.435+0000] {logging_mixin.py:188} INFO - [2025-09-29T15:47:45.435+0000] {dag.py:3089} INFO - Sync 10 DAGs
[2025-09-29T15:47:44.581+0000] {logging_mixin.py:188} INFO - [2025-09-29T15:47:44.581+0000] {dag.py:3947} INFO - Setting next_dagrun for conditional_dataset_and_time_based_timetable to 2025-09-24 01:00:00+00:00, run_after=2025-09-24 01:00:00+00:00
[2025-09-29T15:47:44.590+0000] {logging_mixin.py:188} INFO - [2025-09-29T15:47:44.590+0000] {dag.py:3947} INFO - Setting next_dagrun for consume_1_and_2_with_dataset_expressions to None, run_after=None
[2025-09-29T15:47:44.593+0000] {logging_mixin.py:188} INFO - [2025-09-29T15:47:44.593+0000] {dag.py:3947} INFO - Setting next_dagrun for consume_1_or_2_with_dataset_expressions to None, run_after=None
[2025-09-29T15:47:44.596+0000] {logging_mixin.py:188} INFO - [2025-09-29T15:47:44.596+0000] {dag.py:3947} INFO - Setting next_dagrun for consume_1_or_both_2_and_3_with_dataset_expressions to None, run_after=None
[2025-09-29T15:47:44.600+0000] {logging_mixin.py:188} INFO - [2025-09-29T15:47:44.599+0000] {dag.py:3947} INFO - Setting next_dagrun for dataset_consumes_1 to None, run_after=None
[2025-09-29T15:47:44.603+0000] {logging_mixin.py:188} INFO - [2025-09-29T15:47:44.602+0000] {dag.py:3947} INFO - Setting next_dagrun for dataset_consumes_1_and_2 to None, run_after=None
[2025-09-29T15:47:44.606+0000] {logging_mixin.py:188} INFO - [2025-09-29T15:47:44.606+0000] {dag.py:3947} INFO - Setting next_dagrun for dataset_consumes_1_never_scheduled to None, run_after=None
[2025-09-29T15:47:44.609+0000] {logging_mixin.py:188} INFO - [2025-09-29T15:47:44.609+0000] {dag.py:3947} INFO - Setting next_dagrun for dataset_consumes_unknown_never_scheduled to None, run_after=None
[2025-09-29T15:47:44.614+0000] {logging_mixin.py:188} INFO - [2025-09-29T15:47:44.614+0000] {dag.py:3947} INFO - Setting next_dagrun for dataset_produces_1 to 2025-09-28 00:00:00+00:00, run_after=2025-09-29 00:00:00+00:00
[2025-09-29T15:47:44.618+0000] {logging_mixin.py:188} INFO - [2025-09-29T15:47:44.617+0000] {dag.py:3947} INFO - Setting next_dagrun for dataset_produces_2 to None, run_after=None
[2025-09-29T15:47:44.714+0000] {processor.py:183} INFO - Processing /home/airflow/.local/lib/python3.12/site-packages/airflow/example_dags/example_datasets.py took 0.377 seconds
[2025-09-29T15:48:15.779+0000] {processor.py:161} INFO - Started process (PID=7899) to work on /home/airflow/.local/lib/python3.12/site-packages/airflow/example_dags/example_datasets.py
[2025-09-29T15:48:15.781+0000] {processor.py:830} INFO - Processing file /home/airflow/.local/lib/python3.12/site-packages/airflow/example_dags/example_datasets.py for tasks to queue
[2025-09-29T15:48:15.786+0000] {logging_mixin.py:188} INFO - [2025-09-29T15:48:15.784+0000] {dagbag.py:545} INFO - Filling up the DagBag from /home/airflow/.local/lib/python3.12/site-packages/airflow/example_dags/example_datasets.py
[2025-09-29T15:48:15.822+0000] {processor.py:840} INFO - DAG(s) 'dataset_consumes_unknown_never_scheduled', 'consume_1_and_2_with_dataset_expressions', 'consume_1_or_both_2_and_3_with_dataset_expressions', 'dataset_consumes_1_never_scheduled', 'dataset_consumes_1_and_2', 'dataset_produces_1', 'consume_1_or_2_with_dataset_expressions', 'dataset_consumes_1', 'dataset_produces_2', 'conditional_dataset_and_time_based_timetable' retrieved from /home/airflow/.local/lib/python3.12/site-packages/airflow/example_dags/example_datasets.py
[2025-09-29T15:48:15.954+0000] {logging_mixin.py:188} INFO - [2025-09-29T15:48:15.953+0000] {dag.py:3089} INFO - Sync 10 DAGs
[2025-09-29T15:48:16.016+0000] {logging_mixin.py:188} INFO - [2025-09-29T15:48:16.016+0000] {dag.py:3947} INFO - Setting next_dagrun for conditional_dataset_and_time_based_timetable to 2025-09-24 01:00:00+00:00, run_after=2025-09-24 01:00:00+00:00
[2025-09-29T15:48:16.025+0000] {logging_mixin.py:188} INFO - [2025-09-29T15:48:16.025+0000] {dag.py:3947} INFO - Setting next_dagrun for consume_1_and_2_with_dataset_expressions to None, run_after=None
[2025-09-29T15:48:16.029+0000] {logging_mixin.py:188} INFO - [2025-09-29T15:48:16.028+0000] {dag.py:3947} INFO - Setting next_dagrun for consume_1_or_2_with_dataset_expressions to None, run_after=None
[2025-09-29T15:48:16.032+0000] {logging_mixin.py:188} INFO - [2025-09-29T15:48:16.032+0000] {dag.py:3947} INFO - Setting next_dagrun for consume_1_or_both_2_and_3_with_dataset_expressions to None, run_after=None
[2025-09-29T15:48:16.036+0000] {logging_mixin.py:188} INFO - [2025-09-29T15:48:16.036+0000] {dag.py:3947} INFO - Setting next_dagrun for dataset_consumes_1 to None, run_after=None
[2025-09-29T15:48:16.040+0000] {logging_mixin.py:188} INFO - [2025-09-29T15:48:16.039+0000] {dag.py:3947} INFO - Setting next_dagrun for dataset_consumes_1_and_2 to None, run_after=None
[2025-09-29T15:48:16.043+0000] {logging_mixin.py:188} INFO - [2025-09-29T15:48:16.043+0000] {dag.py:3947} INFO - Setting next_dagrun for dataset_consumes_1_never_scheduled to None, run_after=None
[2025-09-29T15:48:16.046+0000] {logging_mixin.py:188} INFO - [2025-09-29T15:48:16.045+0000] {dag.py:3947} INFO - Setting next_dagrun for dataset_consumes_unknown_never_scheduled to None, run_after=None
[2025-09-29T15:48:16.051+0000] {logging_mixin.py:188} INFO - [2025-09-29T15:48:16.051+0000] {dag.py:3947} INFO - Setting next_dagrun for dataset_produces_1 to 2025-09-28 00:00:00+00:00, run_after=2025-09-29 00:00:00+00:00
[2025-09-29T15:48:16.054+0000] {logging_mixin.py:188} INFO - [2025-09-29T15:48:16.054+0000] {dag.py:3947} INFO - Setting next_dagrun for dataset_produces_2 to None, run_after=None
[2025-09-29T15:48:16.139+0000] {processor.py:183} INFO - Processing /home/airflow/.local/lib/python3.12/site-packages/airflow/example_dags/example_datasets.py took 0.375 seconds
[2025-09-29T15:48:46.225+0000] {processor.py:161} INFO - Started process (PID=8159) to work on /home/airflow/.local/lib/python3.12/site-packages/airflow/example_dags/example_datasets.py
[2025-09-29T15:48:46.232+0000] {processor.py:830} INFO - Processing file /home/airflow/.local/lib/python3.12/site-packages/airflow/example_dags/example_datasets.py for tasks to queue
[2025-09-29T15:48:46.237+0000] {logging_mixin.py:188} INFO - [2025-09-29T15:48:46.236+0000] {dagbag.py:545} INFO - Filling up the DagBag from /home/airflow/.local/lib/python3.12/site-packages/airflow/example_dags/example_datasets.py
[2025-09-29T15:48:46.279+0000] {processor.py:840} INFO - DAG(s) 'dataset_consumes_1', 'dataset_consumes_1_never_scheduled', 'dataset_produces_1', 'consume_1_or_both_2_and_3_with_dataset_expressions', 'consume_1_or_2_with_dataset_expressions', 'conditional_dataset_and_time_based_timetable', 'dataset_consumes_unknown_never_scheduled', 'consume_1_and_2_with_dataset_expressions', 'dataset_consumes_1_and_2', 'dataset_produces_2' retrieved from /home/airflow/.local/lib/python3.12/site-packages/airflow/example_dags/example_datasets.py
[2025-09-29T15:48:46.406+0000] {logging_mixin.py:188} INFO - [2025-09-29T15:48:46.405+0000] {dag.py:3089} INFO - Sync 10 DAGs
[2025-09-29T15:48:46.464+0000] {logging_mixin.py:188} INFO - [2025-09-29T15:48:46.464+0000] {dag.py:3947} INFO - Setting next_dagrun for conditional_dataset_and_time_based_timetable to 2025-09-24 01:00:00+00:00, run_after=2025-09-24 01:00:00+00:00
[2025-09-29T15:48:46.473+0000] {logging_mixin.py:188} INFO - [2025-09-29T15:48:46.472+0000] {dag.py:3947} INFO - Setting next_dagrun for consume_1_and_2_with_dataset_expressions to None, run_after=None
[2025-09-29T15:48:46.476+0000] {logging_mixin.py:188} INFO - [2025-09-29T15:48:46.475+0000] {dag.py:3947} INFO - Setting next_dagrun for consume_1_or_2_with_dataset_expressions to None, run_after=None
[2025-09-29T15:48:46.478+0000] {logging_mixin.py:188} INFO - [2025-09-29T15:48:46.478+0000] {dag.py:3947} INFO - Setting next_dagrun for consume_1_or_both_2_and_3_with_dataset_expressions to None, run_after=None
[2025-09-29T15:48:46.481+0000] {logging_mixin.py:188} INFO - [2025-09-29T15:48:46.480+0000] {dag.py:3947} INFO - Setting next_dagrun for dataset_consumes_1 to None, run_after=None
[2025-09-29T15:48:46.485+0000] {logging_mixin.py:188} INFO - [2025-09-29T15:48:46.485+0000] {dag.py:3947} INFO - Setting next_dagrun for dataset_consumes_1_and_2 to None, run_after=None
[2025-09-29T15:48:46.489+0000] {logging_mixin.py:188} INFO - [2025-09-29T15:48:46.488+0000] {dag.py:3947} INFO - Setting next_dagrun for dataset_consumes_1_never_scheduled to None, run_after=None
[2025-09-29T15:48:46.492+0000] {logging_mixin.py:188} INFO - [2025-09-29T15:48:46.492+0000] {dag.py:3947} INFO - Setting next_dagrun for dataset_consumes_unknown_never_scheduled to None, run_after=None
[2025-09-29T15:48:46.497+0000] {logging_mixin.py:188} INFO - [2025-09-29T15:48:46.496+0000] {dag.py:3947} INFO - Setting next_dagrun for dataset_produces_1 to 2025-09-28 00:00:00+00:00, run_after=2025-09-29 00:00:00+00:00
[2025-09-29T15:48:46.499+0000] {logging_mixin.py:188} INFO - [2025-09-29T15:48:46.499+0000] {dag.py:3947} INFO - Setting next_dagrun for dataset_produces_2 to None, run_after=None
[2025-09-29T15:48:46.592+0000] {processor.py:183} INFO - Processing /home/airflow/.local/lib/python3.12/site-packages/airflow/example_dags/example_datasets.py took 0.382 seconds
[2025-09-29T15:49:17.036+0000] {processor.py:161} INFO - Started process (PID=8421) to work on /home/airflow/.local/lib/python3.12/site-packages/airflow/example_dags/example_datasets.py
[2025-09-29T15:49:17.039+0000] {processor.py:830} INFO - Processing file /home/airflow/.local/lib/python3.12/site-packages/airflow/example_dags/example_datasets.py for tasks to queue
[2025-09-29T15:49:17.043+0000] {logging_mixin.py:188} INFO - [2025-09-29T15:49:17.043+0000] {dagbag.py:545} INFO - Filling up the DagBag from /home/airflow/.local/lib/python3.12/site-packages/airflow/example_dags/example_datasets.py
[2025-09-29T15:49:17.077+0000] {processor.py:840} INFO - DAG(s) 'dataset_produces_2', 'dataset_consumes_1_never_scheduled', 'consume_1_or_2_with_dataset_expressions', 'consume_1_and_2_with_dataset_expressions', 'dataset_produces_1', 'dataset_consumes_unknown_never_scheduled', 'dataset_consumes_1', 'conditional_dataset_and_time_based_timetable', 'consume_1_or_both_2_and_3_with_dataset_expressions', 'dataset_consumes_1_and_2' retrieved from /home/airflow/.local/lib/python3.12/site-packages/airflow/example_dags/example_datasets.py
[2025-09-29T15:49:17.198+0000] {logging_mixin.py:188} INFO - [2025-09-29T15:49:17.198+0000] {dag.py:3089} INFO - Sync 10 DAGs
[2025-09-29T15:49:17.262+0000] {logging_mixin.py:188} INFO - [2025-09-29T15:49:17.261+0000] {dag.py:3947} INFO - Setting next_dagrun for conditional_dataset_and_time_based_timetable to 2025-09-24 01:00:00+00:00, run_after=2025-09-24 01:00:00+00:00
[2025-09-29T15:49:17.272+0000] {logging_mixin.py:188} INFO - [2025-09-29T15:49:17.272+0000] {dag.py:3947} INFO - Setting next_dagrun for consume_1_and_2_with_dataset_expressions to None, run_after=None
[2025-09-29T15:49:17.275+0000] {logging_mixin.py:188} INFO - [2025-09-29T15:49:17.275+0000] {dag.py:3947} INFO - Setting next_dagrun for consume_1_or_2_with_dataset_expressions to None, run_after=None
[2025-09-29T15:49:17.278+0000] {logging_mixin.py:188} INFO - [2025-09-29T15:49:17.278+0000] {dag.py:3947} INFO - Setting next_dagrun for consume_1_or_both_2_and_3_with_dataset_expressions to None, run_after=None
[2025-09-29T15:49:17.281+0000] {logging_mixin.py:188} INFO - [2025-09-29T15:49:17.280+0000] {dag.py:3947} INFO - Setting next_dagrun for dataset_consumes_1 to None, run_after=None
[2025-09-29T15:49:17.283+0000] {logging_mixin.py:188} INFO - [2025-09-29T15:49:17.283+0000] {dag.py:3947} INFO - Setting next_dagrun for dataset_consumes_1_and_2 to None, run_after=None
[2025-09-29T15:49:17.286+0000] {logging_mixin.py:188} INFO - [2025-09-29T15:49:17.286+0000] {dag.py:3947} INFO - Setting next_dagrun for dataset_consumes_1_never_scheduled to None, run_after=None
[2025-09-29T15:49:17.289+0000] {logging_mixin.py:188} INFO - [2025-09-29T15:49:17.288+0000] {dag.py:3947} INFO - Setting next_dagrun for dataset_consumes_unknown_never_scheduled to None, run_after=None
[2025-09-29T15:49:17.294+0000] {logging_mixin.py:188} INFO - [2025-09-29T15:49:17.293+0000] {dag.py:3947} INFO - Setting next_dagrun for dataset_produces_1 to 2025-09-28 00:00:00+00:00, run_after=2025-09-29 00:00:00+00:00
[2025-09-29T15:49:17.297+0000] {logging_mixin.py:188} INFO - [2025-09-29T15:49:17.296+0000] {dag.py:3947} INFO - Setting next_dagrun for dataset_produces_2 to None, run_after=None
[2025-09-29T15:49:17.376+0000] {processor.py:183} INFO - Processing /home/airflow/.local/lib/python3.12/site-packages/airflow/example_dags/example_datasets.py took 0.354 seconds
[2025-09-29T15:49:48.845+0000] {processor.py:161} INFO - Started process (PID=8693) to work on /home/airflow/.local/lib/python3.12/site-packages/airflow/example_dags/example_datasets.py
[2025-09-29T15:49:48.849+0000] {processor.py:830} INFO - Processing file /home/airflow/.local/lib/python3.12/site-packages/airflow/example_dags/example_datasets.py for tasks to queue
[2025-09-29T15:49:48.859+0000] {logging_mixin.py:188} INFO - [2025-09-29T15:49:48.857+0000] {dagbag.py:545} INFO - Filling up the DagBag from /home/airflow/.local/lib/python3.12/site-packages/airflow/example_dags/example_datasets.py
[2025-09-29T15:49:48.912+0000] {processor.py:840} INFO - DAG(s) 'dataset_consumes_1_never_scheduled', 'dataset_produces_1', 'consume_1_or_both_2_and_3_with_dataset_expressions', 'conditional_dataset_and_time_based_timetable', 'dataset_consumes_1_and_2', 'consume_1_and_2_with_dataset_expressions', 'dataset_consumes_1', 'consume_1_or_2_with_dataset_expressions', 'dataset_produces_2', 'dataset_consumes_unknown_never_scheduled' retrieved from /home/airflow/.local/lib/python3.12/site-packages/airflow/example_dags/example_datasets.py
[2025-09-29T15:49:49.057+0000] {logging_mixin.py:188} INFO - [2025-09-29T15:49:49.056+0000] {dag.py:3089} INFO - Sync 10 DAGs
[2025-09-29T15:49:49.134+0000] {logging_mixin.py:188} INFO - [2025-09-29T15:49:49.133+0000] {dag.py:3947} INFO - Setting next_dagrun for conditional_dataset_and_time_based_timetable to 2025-09-24 01:00:00+00:00, run_after=2025-09-24 01:00:00+00:00
[2025-09-29T15:49:49.146+0000] {logging_mixin.py:188} INFO - [2025-09-29T15:49:49.146+0000] {dag.py:3947} INFO - Setting next_dagrun for consume_1_and_2_with_dataset_expressions to None, run_after=None
[2025-09-29T15:49:49.150+0000] {logging_mixin.py:188} INFO - [2025-09-29T15:49:49.150+0000] {dag.py:3947} INFO - Setting next_dagrun for consume_1_or_2_with_dataset_expressions to None, run_after=None
[2025-09-29T15:49:49.154+0000] {logging_mixin.py:188} INFO - [2025-09-29T15:49:49.153+0000] {dag.py:3947} INFO - Setting next_dagrun for consume_1_or_both_2_and_3_with_dataset_expressions to None, run_after=None
[2025-09-29T15:49:49.158+0000] {logging_mixin.py:188} INFO - [2025-09-29T15:49:49.157+0000] {dag.py:3947} INFO - Setting next_dagrun for dataset_consumes_1 to None, run_after=None
[2025-09-29T15:49:49.162+0000] {logging_mixin.py:188} INFO - [2025-09-29T15:49:49.162+0000] {dag.py:3947} INFO - Setting next_dagrun for dataset_consumes_1_and_2 to None, run_after=None
[2025-09-29T15:49:49.166+0000] {logging_mixin.py:188} INFO - [2025-09-29T15:49:49.165+0000] {dag.py:3947} INFO - Setting next_dagrun for dataset_consumes_1_never_scheduled to None, run_after=None
[2025-09-29T15:49:49.170+0000] {logging_mixin.py:188} INFO - [2025-09-29T15:49:49.169+0000] {dag.py:3947} INFO - Setting next_dagrun for dataset_consumes_unknown_never_scheduled to None, run_after=None
[2025-09-29T15:49:49.177+0000] {logging_mixin.py:188} INFO - [2025-09-29T15:49:49.176+0000] {dag.py:3947} INFO - Setting next_dagrun for dataset_produces_1 to 2025-09-28 00:00:00+00:00, run_after=2025-09-29 00:00:00+00:00
[2025-09-29T15:49:49.180+0000] {logging_mixin.py:188} INFO - [2025-09-29T15:49:49.179+0000] {dag.py:3947} INFO - Setting next_dagrun for dataset_produces_2 to None, run_after=None
[2025-09-29T15:49:49.284+0000] {processor.py:183} INFO - Processing /home/airflow/.local/lib/python3.12/site-packages/airflow/example_dags/example_datasets.py took 0.455 seconds
[2025-09-29T15:50:19.987+0000] {processor.py:161} INFO - Started process (PID=8954) to work on /home/airflow/.local/lib/python3.12/site-packages/airflow/example_dags/example_datasets.py
[2025-09-29T15:50:19.990+0000] {processor.py:830} INFO - Processing file /home/airflow/.local/lib/python3.12/site-packages/airflow/example_dags/example_datasets.py for tasks to queue
[2025-09-29T15:50:19.994+0000] {logging_mixin.py:188} INFO - [2025-09-29T15:50:19.993+0000] {dagbag.py:545} INFO - Filling up the DagBag from /home/airflow/.local/lib/python3.12/site-packages/airflow/example_dags/example_datasets.py
[2025-09-29T15:50:20.026+0000] {processor.py:840} INFO - DAG(s) 'conditional_dataset_and_time_based_timetable', 'dataset_consumes_1', 'dataset_produces_1', 'dataset_produces_2', 'consume_1_or_both_2_and_3_with_dataset_expressions', 'dataset_consumes_unknown_never_scheduled', 'dataset_consumes_1_never_scheduled', 'dataset_consumes_1_and_2', 'consume_1_and_2_with_dataset_expressions', 'consume_1_or_2_with_dataset_expressions' retrieved from /home/airflow/.local/lib/python3.12/site-packages/airflow/example_dags/example_datasets.py
[2025-09-29T15:50:20.149+0000] {logging_mixin.py:188} INFO - [2025-09-29T15:50:20.148+0000] {dag.py:3089} INFO - Sync 10 DAGs
[2025-09-29T15:50:20.213+0000] {logging_mixin.py:188} INFO - [2025-09-29T15:50:20.212+0000] {dag.py:3947} INFO - Setting next_dagrun for conditional_dataset_and_time_based_timetable to 2025-09-24 01:00:00+00:00, run_after=2025-09-24 01:00:00+00:00
[2025-09-29T15:50:20.222+0000] {logging_mixin.py:188} INFO - [2025-09-29T15:50:20.222+0000] {dag.py:3947} INFO - Setting next_dagrun for consume_1_and_2_with_dataset_expressions to None, run_after=None
[2025-09-29T15:50:20.226+0000] {logging_mixin.py:188} INFO - [2025-09-29T15:50:20.225+0000] {dag.py:3947} INFO - Setting next_dagrun for consume_1_or_2_with_dataset_expressions to None, run_after=None
[2025-09-29T15:50:20.229+0000] {logging_mixin.py:188} INFO - [2025-09-29T15:50:20.228+0000] {dag.py:3947} INFO - Setting next_dagrun for consume_1_or_both_2_and_3_with_dataset_expressions to None, run_after=None
[2025-09-29T15:50:20.232+0000] {logging_mixin.py:188} INFO - [2025-09-29T15:50:20.231+0000] {dag.py:3947} INFO - Setting next_dagrun for dataset_consumes_1 to None, run_after=None
[2025-09-29T15:50:20.236+0000] {logging_mixin.py:188} INFO - [2025-09-29T15:50:20.235+0000] {dag.py:3947} INFO - Setting next_dagrun for dataset_consumes_1_and_2 to None, run_after=None
[2025-09-29T15:50:20.240+0000] {logging_mixin.py:188} INFO - [2025-09-29T15:50:20.240+0000] {dag.py:3947} INFO - Setting next_dagrun for dataset_consumes_1_never_scheduled to None, run_after=None
[2025-09-29T15:50:20.245+0000] {logging_mixin.py:188} INFO - [2025-09-29T15:50:20.244+0000] {dag.py:3947} INFO - Setting next_dagrun for dataset_consumes_unknown_never_scheduled to None, run_after=None
[2025-09-29T15:50:20.252+0000] {logging_mixin.py:188} INFO - [2025-09-29T15:50:20.251+0000] {dag.py:3947} INFO - Setting next_dagrun for dataset_produces_1 to 2025-09-28 00:00:00+00:00, run_after=2025-09-29 00:00:00+00:00
[2025-09-29T15:50:20.256+0000] {logging_mixin.py:188} INFO - [2025-09-29T15:50:20.255+0000] {dag.py:3947} INFO - Setting next_dagrun for dataset_produces_2 to None, run_after=None
[2025-09-29T15:50:20.339+0000] {processor.py:183} INFO - Processing /home/airflow/.local/lib/python3.12/site-packages/airflow/example_dags/example_datasets.py took 0.366 seconds
[2025-09-29T15:50:51.031+0000] {processor.py:161} INFO - Started process (PID=9213) to work on /home/airflow/.local/lib/python3.12/site-packages/airflow/example_dags/example_datasets.py
[2025-09-29T15:50:51.034+0000] {processor.py:830} INFO - Processing file /home/airflow/.local/lib/python3.12/site-packages/airflow/example_dags/example_datasets.py for tasks to queue
[2025-09-29T15:50:51.038+0000] {logging_mixin.py:188} INFO - [2025-09-29T15:50:51.037+0000] {dagbag.py:545} INFO - Filling up the DagBag from /home/airflow/.local/lib/python3.12/site-packages/airflow/example_dags/example_datasets.py
[2025-09-29T15:50:51.071+0000] {processor.py:840} INFO - DAG(s) 'dataset_consumes_1_never_scheduled', 'conditional_dataset_and_time_based_timetable', 'dataset_consumes_1_and_2', 'dataset_consumes_unknown_never_scheduled', 'dataset_consumes_1', 'consume_1_and_2_with_dataset_expressions', 'consume_1_or_2_with_dataset_expressions', 'consume_1_or_both_2_and_3_with_dataset_expressions', 'dataset_produces_2', 'dataset_produces_1' retrieved from /home/airflow/.local/lib/python3.12/site-packages/airflow/example_dags/example_datasets.py
[2025-09-29T15:50:51.191+0000] {logging_mixin.py:188} INFO - [2025-09-29T15:50:51.190+0000] {dag.py:3089} INFO - Sync 10 DAGs
[2025-09-29T15:50:51.249+0000] {logging_mixin.py:188} INFO - [2025-09-29T15:50:51.249+0000] {dag.py:3947} INFO - Setting next_dagrun for conditional_dataset_and_time_based_timetable to 2025-09-24 01:00:00+00:00, run_after=2025-09-24 01:00:00+00:00
[2025-09-29T15:50:51.257+0000] {logging_mixin.py:188} INFO - [2025-09-29T15:50:51.257+0000] {dag.py:3947} INFO - Setting next_dagrun for consume_1_and_2_with_dataset_expressions to None, run_after=None
[2025-09-29T15:50:51.261+0000] {logging_mixin.py:188} INFO - [2025-09-29T15:50:51.260+0000] {dag.py:3947} INFO - Setting next_dagrun for consume_1_or_2_with_dataset_expressions to None, run_after=None
[2025-09-29T15:50:51.263+0000] {logging_mixin.py:188} INFO - [2025-09-29T15:50:51.263+0000] {dag.py:3947} INFO - Setting next_dagrun for consume_1_or_both_2_and_3_with_dataset_expressions to None, run_after=None
[2025-09-29T15:50:51.266+0000] {logging_mixin.py:188} INFO - [2025-09-29T15:50:51.266+0000] {dag.py:3947} INFO - Setting next_dagrun for dataset_consumes_1 to None, run_after=None
[2025-09-29T15:50:51.269+0000] {logging_mixin.py:188} INFO - [2025-09-29T15:50:51.268+0000] {dag.py:3947} INFO - Setting next_dagrun for dataset_consumes_1_and_2 to None, run_after=None
[2025-09-29T15:50:51.271+0000] {logging_mixin.py:188} INFO - [2025-09-29T15:50:51.271+0000] {dag.py:3947} INFO - Setting next_dagrun for dataset_consumes_1_never_scheduled to None, run_after=None
[2025-09-29T15:50:51.274+0000] {logging_mixin.py:188} INFO - [2025-09-29T15:50:51.274+0000] {dag.py:3947} INFO - Setting next_dagrun for dataset_consumes_unknown_never_scheduled to None, run_after=None
[2025-09-29T15:50:51.279+0000] {logging_mixin.py:188} INFO - [2025-09-29T15:50:51.279+0000] {dag.py:3947} INFO - Setting next_dagrun for dataset_produces_1 to 2025-09-28 00:00:00+00:00, run_after=2025-09-29 00:00:00+00:00
[2025-09-29T15:50:51.282+0000] {logging_mixin.py:188} INFO - [2025-09-29T15:50:51.282+0000] {dag.py:3947} INFO - Setting next_dagrun for dataset_produces_2 to None, run_after=None
[2025-09-29T15:50:51.366+0000] {processor.py:183} INFO - Processing /home/airflow/.local/lib/python3.12/site-packages/airflow/example_dags/example_datasets.py took 0.349 seconds
[2025-09-29T15:51:21.696+0000] {processor.py:161} INFO - Started process (PID=9480) to work on /home/airflow/.local/lib/python3.12/site-packages/airflow/example_dags/example_datasets.py
[2025-09-29T15:51:21.699+0000] {processor.py:830} INFO - Processing file /home/airflow/.local/lib/python3.12/site-packages/airflow/example_dags/example_datasets.py for tasks to queue
[2025-09-29T15:51:21.703+0000] {logging_mixin.py:188} INFO - [2025-09-29T15:51:21.702+0000] {dagbag.py:545} INFO - Filling up the DagBag from /home/airflow/.local/lib/python3.12/site-packages/airflow/example_dags/example_datasets.py
[2025-09-29T15:51:21.737+0000] {processor.py:840} INFO - DAG(s) 'consume_1_or_2_with_dataset_expressions', 'consume_1_or_both_2_and_3_with_dataset_expressions', 'dataset_produces_2', 'dataset_produces_1', 'dataset_consumes_1', 'dataset_consumes_unknown_never_scheduled', 'consume_1_and_2_with_dataset_expressions', 'conditional_dataset_and_time_based_timetable', 'dataset_consumes_1_and_2', 'dataset_consumes_1_never_scheduled' retrieved from /home/airflow/.local/lib/python3.12/site-packages/airflow/example_dags/example_datasets.py
[2025-09-29T15:51:21.853+0000] {logging_mixin.py:188} INFO - [2025-09-29T15:51:21.852+0000] {dag.py:3089} INFO - Sync 10 DAGs
[2025-09-29T15:51:21.911+0000] {logging_mixin.py:188} INFO - [2025-09-29T15:51:21.911+0000] {dag.py:3947} INFO - Setting next_dagrun for conditional_dataset_and_time_based_timetable to 2025-09-24 01:00:00+00:00, run_after=2025-09-24 01:00:00+00:00
[2025-09-29T15:51:21.919+0000] {logging_mixin.py:188} INFO - [2025-09-29T15:51:21.919+0000] {dag.py:3947} INFO - Setting next_dagrun for consume_1_and_2_with_dataset_expressions to None, run_after=None
[2025-09-29T15:51:21.923+0000] {logging_mixin.py:188} INFO - [2025-09-29T15:51:21.922+0000] {dag.py:3947} INFO - Setting next_dagrun for consume_1_or_2_with_dataset_expressions to None, run_after=None
[2025-09-29T15:51:21.926+0000] {logging_mixin.py:188} INFO - [2025-09-29T15:51:21.925+0000] {dag.py:3947} INFO - Setting next_dagrun for consume_1_or_both_2_and_3_with_dataset_expressions to None, run_after=None
[2025-09-29T15:51:21.929+0000] {logging_mixin.py:188} INFO - [2025-09-29T15:51:21.928+0000] {dag.py:3947} INFO - Setting next_dagrun for dataset_consumes_1 to None, run_after=None
[2025-09-29T15:51:21.932+0000] {logging_mixin.py:188} INFO - [2025-09-29T15:51:21.931+0000] {dag.py:3947} INFO - Setting next_dagrun for dataset_consumes_1_and_2 to None, run_after=None
[2025-09-29T15:51:21.935+0000] {logging_mixin.py:188} INFO - [2025-09-29T15:51:21.934+0000] {dag.py:3947} INFO - Setting next_dagrun for dataset_consumes_1_never_scheduled to None, run_after=None
[2025-09-29T15:51:21.938+0000] {logging_mixin.py:188} INFO - [2025-09-29T15:51:21.938+0000] {dag.py:3947} INFO - Setting next_dagrun for dataset_consumes_unknown_never_scheduled to None, run_after=None
[2025-09-29T15:51:21.944+0000] {logging_mixin.py:188} INFO - [2025-09-29T15:51:21.944+0000] {dag.py:3947} INFO - Setting next_dagrun for dataset_produces_1 to 2025-09-28 00:00:00+00:00, run_after=2025-09-29 00:00:00+00:00
[2025-09-29T15:51:21.947+0000] {logging_mixin.py:188} INFO - [2025-09-29T15:51:21.947+0000] {dag.py:3947} INFO - Setting next_dagrun for dataset_produces_2 to None, run_after=None
[2025-09-29T15:51:22.027+0000] {processor.py:183} INFO - Processing /home/airflow/.local/lib/python3.12/site-packages/airflow/example_dags/example_datasets.py took 0.345 seconds
[2025-09-29T15:51:52.803+0000] {processor.py:161} INFO - Started process (PID=9737) to work on /home/airflow/.local/lib/python3.12/site-packages/airflow/example_dags/example_datasets.py
[2025-09-29T15:51:52.806+0000] {processor.py:830} INFO - Processing file /home/airflow/.local/lib/python3.12/site-packages/airflow/example_dags/example_datasets.py for tasks to queue
[2025-09-29T15:51:52.811+0000] {logging_mixin.py:188} INFO - [2025-09-29T15:51:52.810+0000] {dagbag.py:545} INFO - Filling up the DagBag from /home/airflow/.local/lib/python3.12/site-packages/airflow/example_dags/example_datasets.py
[2025-09-29T15:51:52.846+0000] {processor.py:840} INFO - DAG(s) 'dataset_consumes_1', 'dataset_produces_1', 'dataset_consumes_1_never_scheduled', 'dataset_produces_2', 'dataset_consumes_1_and_2', 'consume_1_or_2_with_dataset_expressions', 'consume_1_or_both_2_and_3_with_dataset_expressions', 'dataset_consumes_unknown_never_scheduled', 'consume_1_and_2_with_dataset_expressions', 'conditional_dataset_and_time_based_timetable' retrieved from /home/airflow/.local/lib/python3.12/site-packages/airflow/example_dags/example_datasets.py
[2025-09-29T15:51:52.966+0000] {logging_mixin.py:188} INFO - [2025-09-29T15:51:52.965+0000] {dag.py:3089} INFO - Sync 10 DAGs
[2025-09-29T15:51:53.025+0000] {logging_mixin.py:188} INFO - [2025-09-29T15:51:53.024+0000] {dag.py:3947} INFO - Setting next_dagrun for conditional_dataset_and_time_based_timetable to 2025-09-24 01:00:00+00:00, run_after=2025-09-24 01:00:00+00:00
[2025-09-29T15:51:53.033+0000] {logging_mixin.py:188} INFO - [2025-09-29T15:51:53.032+0000] {dag.py:3947} INFO - Setting next_dagrun for consume_1_and_2_with_dataset_expressions to None, run_after=None
[2025-09-29T15:51:53.036+0000] {logging_mixin.py:188} INFO - [2025-09-29T15:51:53.036+0000] {dag.py:3947} INFO - Setting next_dagrun for consume_1_or_2_with_dataset_expressions to None, run_after=None
[2025-09-29T15:51:53.039+0000] {logging_mixin.py:188} INFO - [2025-09-29T15:51:53.039+0000] {dag.py:3947} INFO - Setting next_dagrun for consume_1_or_both_2_and_3_with_dataset_expressions to None, run_after=None
[2025-09-29T15:51:53.042+0000] {logging_mixin.py:188} INFO - [2025-09-29T15:51:53.042+0000] {dag.py:3947} INFO - Setting next_dagrun for dataset_consumes_1 to None, run_after=None
[2025-09-29T15:51:53.045+0000] {logging_mixin.py:188} INFO - [2025-09-29T15:51:53.045+0000] {dag.py:3947} INFO - Setting next_dagrun for dataset_consumes_1_and_2 to None, run_after=None
[2025-09-29T15:51:53.048+0000] {logging_mixin.py:188} INFO - [2025-09-29T15:51:53.048+0000] {dag.py:3947} INFO - Setting next_dagrun for dataset_consumes_1_never_scheduled to None, run_after=None
[2025-09-29T15:51:53.383+0000] {logging_mixin.py:188} INFO - [2025-09-29T15:51:53.382+0000] {dag.py:3947} INFO - Setting next_dagrun for dataset_consumes_unknown_never_scheduled to None, run_after=None
[2025-09-29T15:51:53.389+0000] {logging_mixin.py:188} INFO - [2025-09-29T15:51:53.388+0000] {dag.py:3947} INFO - Setting next_dagrun for dataset_produces_1 to 2025-09-28 00:00:00+00:00, run_after=2025-09-29 00:00:00+00:00
[2025-09-29T15:51:53.392+0000] {logging_mixin.py:188} INFO - [2025-09-29T15:51:53.392+0000] {dag.py:3947} INFO - Setting next_dagrun for dataset_produces_2 to None, run_after=None
[2025-09-29T15:51:53.472+0000] {processor.py:183} INFO - Processing /home/airflow/.local/lib/python3.12/site-packages/airflow/example_dags/example_datasets.py took 0.686 seconds
[2025-09-29T15:52:23.573+0000] {processor.py:161} INFO - Started process (PID=9994) to work on /home/airflow/.local/lib/python3.12/site-packages/airflow/example_dags/example_datasets.py
[2025-09-29T15:52:23.576+0000] {processor.py:830} INFO - Processing file /home/airflow/.local/lib/python3.12/site-packages/airflow/example_dags/example_datasets.py for tasks to queue
[2025-09-29T15:52:23.580+0000] {logging_mixin.py:188} INFO - [2025-09-29T15:52:23.579+0000] {dagbag.py:545} INFO - Filling up the DagBag from /home/airflow/.local/lib/python3.12/site-packages/airflow/example_dags/example_datasets.py
[2025-09-29T15:52:23.612+0000] {processor.py:840} INFO - DAG(s) 'consume_1_and_2_with_dataset_expressions', 'conditional_dataset_and_time_based_timetable', 'dataset_produces_2', 'dataset_consumes_1_and_2', 'dataset_consumes_unknown_never_scheduled', 'consume_1_or_both_2_and_3_with_dataset_expressions', 'consume_1_or_2_with_dataset_expressions', 'dataset_consumes_1_never_scheduled', 'dataset_produces_1', 'dataset_consumes_1' retrieved from /home/airflow/.local/lib/python3.12/site-packages/airflow/example_dags/example_datasets.py
[2025-09-29T15:52:23.730+0000] {logging_mixin.py:188} INFO - [2025-09-29T15:52:23.729+0000] {dag.py:3089} INFO - Sync 10 DAGs
[2025-09-29T15:52:23.786+0000] {logging_mixin.py:188} INFO - [2025-09-29T15:52:23.786+0000] {dag.py:3947} INFO - Setting next_dagrun for conditional_dataset_and_time_based_timetable to 2025-09-24 01:00:00+00:00, run_after=2025-09-24 01:00:00+00:00
[2025-09-29T15:52:23.794+0000] {logging_mixin.py:188} INFO - [2025-09-29T15:52:23.794+0000] {dag.py:3947} INFO - Setting next_dagrun for consume_1_and_2_with_dataset_expressions to None, run_after=None
[2025-09-29T15:52:23.797+0000] {logging_mixin.py:188} INFO - [2025-09-29T15:52:23.796+0000] {dag.py:3947} INFO - Setting next_dagrun for consume_1_or_2_with_dataset_expressions to None, run_after=None
[2025-09-29T15:52:23.800+0000] {logging_mixin.py:188} INFO - [2025-09-29T15:52:23.799+0000] {dag.py:3947} INFO - Setting next_dagrun for consume_1_or_both_2_and_3_with_dataset_expressions to None, run_after=None
[2025-09-29T15:52:23.802+0000] {logging_mixin.py:188} INFO - [2025-09-29T15:52:23.802+0000] {dag.py:3947} INFO - Setting next_dagrun for dataset_consumes_1 to None, run_after=None
[2025-09-29T15:52:23.805+0000] {logging_mixin.py:188} INFO - [2025-09-29T15:52:23.805+0000] {dag.py:3947} INFO - Setting next_dagrun for dataset_consumes_1_and_2 to None, run_after=None
[2025-09-29T15:52:23.808+0000] {logging_mixin.py:188} INFO - [2025-09-29T15:52:23.807+0000] {dag.py:3947} INFO - Setting next_dagrun for dataset_consumes_1_never_scheduled to None, run_after=None
[2025-09-29T15:52:23.813+0000] {logging_mixin.py:188} INFO - [2025-09-29T15:52:23.812+0000] {dag.py:3947} INFO - Setting next_dagrun for dataset_consumes_unknown_never_scheduled to None, run_after=None
[2025-09-29T15:52:23.818+0000] {logging_mixin.py:188} INFO - [2025-09-29T15:52:23.818+0000] {dag.py:3947} INFO - Setting next_dagrun for dataset_produces_1 to 2025-09-28 00:00:00+00:00, run_after=2025-09-29 00:00:00+00:00
[2025-09-29T15:52:23.821+0000] {logging_mixin.py:188} INFO - [2025-09-29T15:52:23.821+0000] {dag.py:3947} INFO - Setting next_dagrun for dataset_produces_2 to None, run_after=None
[2025-09-29T15:52:24.271+0000] {processor.py:183} INFO - Processing /home/airflow/.local/lib/python3.12/site-packages/airflow/example_dags/example_datasets.py took 0.712 seconds
[2025-09-29T15:52:54.557+0000] {processor.py:161} INFO - Started process (PID=10256) to work on /home/airflow/.local/lib/python3.12/site-packages/airflow/example_dags/example_datasets.py
[2025-09-29T15:52:54.560+0000] {processor.py:830} INFO - Processing file /home/airflow/.local/lib/python3.12/site-packages/airflow/example_dags/example_datasets.py for tasks to queue
[2025-09-29T15:52:54.564+0000] {logging_mixin.py:188} INFO - [2025-09-29T15:52:54.564+0000] {dagbag.py:545} INFO - Filling up the DagBag from /home/airflow/.local/lib/python3.12/site-packages/airflow/example_dags/example_datasets.py
[2025-09-29T15:52:54.601+0000] {processor.py:840} INFO - DAG(s) 'conditional_dataset_and_time_based_timetable', 'consume_1_and_2_with_dataset_expressions', 'dataset_consumes_unknown_never_scheduled', 'dataset_consumes_1_never_scheduled', 'dataset_consumes_1', 'consume_1_or_both_2_and_3_with_dataset_expressions', 'dataset_consumes_1_and_2', 'dataset_produces_2', 'dataset_produces_1', 'consume_1_or_2_with_dataset_expressions' retrieved from /home/airflow/.local/lib/python3.12/site-packages/airflow/example_dags/example_datasets.py
[2025-09-29T15:52:54.732+0000] {logging_mixin.py:188} INFO - [2025-09-29T15:52:54.732+0000] {dag.py:3089} INFO - Sync 10 DAGs
[2025-09-29T15:52:54.793+0000] {logging_mixin.py:188} INFO - [2025-09-29T15:52:54.793+0000] {dag.py:3947} INFO - Setting next_dagrun for conditional_dataset_and_time_based_timetable to 2025-09-24 01:00:00+00:00, run_after=2025-09-24 01:00:00+00:00
[2025-09-29T15:52:54.801+0000] {logging_mixin.py:188} INFO - [2025-09-29T15:52:54.801+0000] {dag.py:3947} INFO - Setting next_dagrun for consume_1_and_2_with_dataset_expressions to None, run_after=None
[2025-09-29T15:52:54.805+0000] {logging_mixin.py:188} INFO - [2025-09-29T15:52:54.804+0000] {dag.py:3947} INFO - Setting next_dagrun for consume_1_or_2_with_dataset_expressions to None, run_after=None
[2025-09-29T15:52:54.808+0000] {logging_mixin.py:188} INFO - [2025-09-29T15:52:54.808+0000] {dag.py:3947} INFO - Setting next_dagrun for consume_1_or_both_2_and_3_with_dataset_expressions to None, run_after=None
[2025-09-29T15:52:54.811+0000] {logging_mixin.py:188} INFO - [2025-09-29T15:52:54.811+0000] {dag.py:3947} INFO - Setting next_dagrun for dataset_consumes_1 to None, run_after=None
[2025-09-29T15:52:54.815+0000] {logging_mixin.py:188} INFO - [2025-09-29T15:52:54.814+0000] {dag.py:3947} INFO - Setting next_dagrun for dataset_consumes_1_and_2 to None, run_after=None
[2025-09-29T15:52:54.818+0000] {logging_mixin.py:188} INFO - [2025-09-29T15:52:54.818+0000] {dag.py:3947} INFO - Setting next_dagrun for dataset_consumes_1_never_scheduled to None, run_after=None
[2025-09-29T15:52:54.822+0000] {logging_mixin.py:188} INFO - [2025-09-29T15:52:54.822+0000] {dag.py:3947} INFO - Setting next_dagrun for dataset_consumes_unknown_never_scheduled to None, run_after=None
[2025-09-29T15:52:54.828+0000] {logging_mixin.py:188} INFO - [2025-09-29T15:52:54.827+0000] {dag.py:3947} INFO - Setting next_dagrun for dataset_produces_1 to 2025-09-28 00:00:00+00:00, run_after=2025-09-29 00:00:00+00:00
[2025-09-29T15:52:54.833+0000] {logging_mixin.py:188} INFO - [2025-09-29T15:52:54.832+0000] {dag.py:3947} INFO - Setting next_dagrun for dataset_produces_2 to None, run_after=None
[2025-09-29T15:52:54.923+0000] {processor.py:183} INFO - Processing /home/airflow/.local/lib/python3.12/site-packages/airflow/example_dags/example_datasets.py took 0.381 seconds
[2025-09-29T15:53:25.454+0000] {processor.py:161} INFO - Started process (PID=10518) to work on /home/airflow/.local/lib/python3.12/site-packages/airflow/example_dags/example_datasets.py
[2025-09-29T15:53:25.456+0000] {processor.py:830} INFO - Processing file /home/airflow/.local/lib/python3.12/site-packages/airflow/example_dags/example_datasets.py for tasks to queue
[2025-09-29T15:53:25.460+0000] {logging_mixin.py:188} INFO - [2025-09-29T15:53:25.460+0000] {dagbag.py:545} INFO - Filling up the DagBag from /home/airflow/.local/lib/python3.12/site-packages/airflow/example_dags/example_datasets.py
[2025-09-29T15:53:25.494+0000] {processor.py:840} INFO - DAG(s) 'dataset_produces_1', 'dataset_consumes_unknown_never_scheduled', 'consume_1_or_2_with_dataset_expressions', 'conditional_dataset_and_time_based_timetable', 'consume_1_and_2_with_dataset_expressions', 'dataset_consumes_1', 'dataset_consumes_1_never_scheduled', 'dataset_produces_2', 'dataset_consumes_1_and_2', 'consume_1_or_both_2_and_3_with_dataset_expressions' retrieved from /home/airflow/.local/lib/python3.12/site-packages/airflow/example_dags/example_datasets.py
[2025-09-29T15:53:25.612+0000] {logging_mixin.py:188} INFO - [2025-09-29T15:53:25.612+0000] {dag.py:3089} INFO - Sync 10 DAGs
[2025-09-29T15:53:25.671+0000] {logging_mixin.py:188} INFO - [2025-09-29T15:53:25.671+0000] {dag.py:3947} INFO - Setting next_dagrun for conditional_dataset_and_time_based_timetable to 2025-09-24 01:00:00+00:00, run_after=2025-09-24 01:00:00+00:00
[2025-09-29T15:53:25.680+0000] {logging_mixin.py:188} INFO - [2025-09-29T15:53:25.679+0000] {dag.py:3947} INFO - Setting next_dagrun for consume_1_and_2_with_dataset_expressions to None, run_after=None
[2025-09-29T15:53:25.684+0000] {logging_mixin.py:188} INFO - [2025-09-29T15:53:25.683+0000] {dag.py:3947} INFO - Setting next_dagrun for consume_1_or_2_with_dataset_expressions to None, run_after=None
[2025-09-29T15:53:25.686+0000] {logging_mixin.py:188} INFO - [2025-09-29T15:53:25.686+0000] {dag.py:3947} INFO - Setting next_dagrun for consume_1_or_both_2_and_3_with_dataset_expressions to None, run_after=None
[2025-09-29T15:53:25.689+0000] {logging_mixin.py:188} INFO - [2025-09-29T15:53:25.689+0000] {dag.py:3947} INFO - Setting next_dagrun for dataset_consumes_1 to None, run_after=None
[2025-09-29T15:53:25.692+0000] {logging_mixin.py:188} INFO - [2025-09-29T15:53:25.692+0000] {dag.py:3947} INFO - Setting next_dagrun for dataset_consumes_1_and_2 to None, run_after=None
[2025-09-29T15:53:25.696+0000] {logging_mixin.py:188} INFO - [2025-09-29T15:53:25.695+0000] {dag.py:3947} INFO - Setting next_dagrun for dataset_consumes_1_never_scheduled to None, run_after=None
[2025-09-29T15:53:25.699+0000] {logging_mixin.py:188} INFO - [2025-09-29T15:53:25.698+0000] {dag.py:3947} INFO - Setting next_dagrun for dataset_consumes_unknown_never_scheduled to None, run_after=None
[2025-09-29T15:53:25.704+0000] {logging_mixin.py:188} INFO - [2025-09-29T15:53:25.704+0000] {dag.py:3947} INFO - Setting next_dagrun for dataset_produces_1 to 2025-09-28 00:00:00+00:00, run_after=2025-09-29 00:00:00+00:00
[2025-09-29T15:53:25.707+0000] {logging_mixin.py:188} INFO - [2025-09-29T15:53:25.706+0000] {dag.py:3947} INFO - Setting next_dagrun for dataset_produces_2 to None, run_after=None
[2025-09-29T15:53:25.793+0000] {processor.py:183} INFO - Processing /home/airflow/.local/lib/python3.12/site-packages/airflow/example_dags/example_datasets.py took 0.354 seconds
[2025-09-29T15:53:56.089+0000] {processor.py:161} INFO - Started process (PID=10780) to work on /home/airflow/.local/lib/python3.12/site-packages/airflow/example_dags/example_datasets.py
[2025-09-29T15:53:56.104+0000] {processor.py:830} INFO - Processing file /home/airflow/.local/lib/python3.12/site-packages/airflow/example_dags/example_datasets.py for tasks to queue
[2025-09-29T15:53:56.109+0000] {logging_mixin.py:188} INFO - [2025-09-29T15:53:56.108+0000] {dagbag.py:545} INFO - Filling up the DagBag from /home/airflow/.local/lib/python3.12/site-packages/airflow/example_dags/example_datasets.py
[2025-09-29T15:53:55.528+0000] {processor.py:840} INFO - DAG(s) 'consume_1_or_both_2_and_3_with_dataset_expressions', 'dataset_consumes_1_never_scheduled', 'consume_1_or_2_with_dataset_expressions', 'dataset_consumes_1', 'dataset_consumes_unknown_never_scheduled', 'consume_1_and_2_with_dataset_expressions', 'dataset_produces_1', 'dataset_produces_2', 'dataset_consumes_1_and_2', 'conditional_dataset_and_time_based_timetable' retrieved from /home/airflow/.local/lib/python3.12/site-packages/airflow/example_dags/example_datasets.py
[2025-09-29T15:53:54.742+0000] {logging_mixin.py:188} INFO - [2025-09-29T15:53:54.741+0000] {dag.py:3089} INFO - Sync 10 DAGs
[2025-09-29T15:53:55.121+0000] {logging_mixin.py:188} INFO - [2025-09-29T15:53:55.121+0000] {dag.py:3947} INFO - Setting next_dagrun for conditional_dataset_and_time_based_timetable to 2025-09-24 01:00:00+00:00, run_after=2025-09-24 01:00:00+00:00
[2025-09-29T15:53:55.129+0000] {logging_mixin.py:188} INFO - [2025-09-29T15:53:55.129+0000] {dag.py:3947} INFO - Setting next_dagrun for consume_1_and_2_with_dataset_expressions to None, run_after=None
[2025-09-29T15:53:55.132+0000] {logging_mixin.py:188} INFO - [2025-09-29T15:53:55.132+0000] {dag.py:3947} INFO - Setting next_dagrun for consume_1_or_2_with_dataset_expressions to None, run_after=None
[2025-09-29T15:53:55.134+0000] {logging_mixin.py:188} INFO - [2025-09-29T15:53:55.134+0000] {dag.py:3947} INFO - Setting next_dagrun for consume_1_or_both_2_and_3_with_dataset_expressions to None, run_after=None
[2025-09-29T15:53:55.137+0000] {logging_mixin.py:188} INFO - [2025-09-29T15:53:55.137+0000] {dag.py:3947} INFO - Setting next_dagrun for dataset_consumes_1 to None, run_after=None
[2025-09-29T15:53:55.139+0000] {logging_mixin.py:188} INFO - [2025-09-29T15:53:55.139+0000] {dag.py:3947} INFO - Setting next_dagrun for dataset_consumes_1_and_2 to None, run_after=None
[2025-09-29T15:53:55.142+0000] {logging_mixin.py:188} INFO - [2025-09-29T15:53:55.142+0000] {dag.py:3947} INFO - Setting next_dagrun for dataset_consumes_1_never_scheduled to None, run_after=None
[2025-09-29T15:53:55.145+0000] {logging_mixin.py:188} INFO - [2025-09-29T15:53:55.145+0000] {dag.py:3947} INFO - Setting next_dagrun for dataset_consumes_unknown_never_scheduled to None, run_after=None
[2025-09-29T15:53:55.150+0000] {logging_mixin.py:188} INFO - [2025-09-29T15:53:55.150+0000] {dag.py:3947} INFO - Setting next_dagrun for dataset_produces_1 to 2025-09-28 00:00:00+00:00, run_after=2025-09-29 00:00:00+00:00
[2025-09-29T15:53:55.153+0000] {logging_mixin.py:188} INFO - [2025-09-29T15:53:55.152+0000] {dag.py:3947} INFO - Setting next_dagrun for dataset_produces_2 to None, run_after=None
[2025-09-29T15:53:55.231+0000] {processor.py:183} INFO - Processing /home/airflow/.local/lib/python3.12/site-packages/airflow/example_dags/example_datasets.py took 0.683 seconds
[2025-09-29T15:54:25.596+0000] {processor.py:161} INFO - Started process (PID=11037) to work on /home/airflow/.local/lib/python3.12/site-packages/airflow/example_dags/example_datasets.py
[2025-09-29T15:54:25.599+0000] {processor.py:830} INFO - Processing file /home/airflow/.local/lib/python3.12/site-packages/airflow/example_dags/example_datasets.py for tasks to queue
[2025-09-29T15:54:25.603+0000] {logging_mixin.py:188} INFO - [2025-09-29T15:54:25.602+0000] {dagbag.py:545} INFO - Filling up the DagBag from /home/airflow/.local/lib/python3.12/site-packages/airflow/example_dags/example_datasets.py
[2025-09-29T15:54:25.633+0000] {processor.py:840} INFO - DAG(s) 'dataset_consumes_1_and_2', 'dataset_produces_1', 'consume_1_or_both_2_and_3_with_dataset_expressions', 'conditional_dataset_and_time_based_timetable', 'dataset_consumes_unknown_never_scheduled', 'dataset_consumes_1_never_scheduled', 'consume_1_and_2_with_dataset_expressions', 'dataset_produces_2', 'consume_1_or_2_with_dataset_expressions', 'dataset_consumes_1' retrieved from /home/airflow/.local/lib/python3.12/site-packages/airflow/example_dags/example_datasets.py
[2025-09-29T15:54:25.752+0000] {logging_mixin.py:188} INFO - [2025-09-29T15:54:25.752+0000] {dag.py:3089} INFO - Sync 10 DAGs
[2025-09-29T15:54:25.809+0000] {logging_mixin.py:188} INFO - [2025-09-29T15:54:25.808+0000] {dag.py:3947} INFO - Setting next_dagrun for conditional_dataset_and_time_based_timetable to 2025-09-24 01:00:00+00:00, run_after=2025-09-24 01:00:00+00:00
[2025-09-29T15:54:25.818+0000] {logging_mixin.py:188} INFO - [2025-09-29T15:54:25.818+0000] {dag.py:3947} INFO - Setting next_dagrun for consume_1_and_2_with_dataset_expressions to None, run_after=None
[2025-09-29T15:54:25.822+0000] {logging_mixin.py:188} INFO - [2025-09-29T15:54:25.822+0000] {dag.py:3947} INFO - Setting next_dagrun for consume_1_or_2_with_dataset_expressions to None, run_after=None
[2025-09-29T15:54:25.825+0000] {logging_mixin.py:188} INFO - [2025-09-29T15:54:25.825+0000] {dag.py:3947} INFO - Setting next_dagrun for consume_1_or_both_2_and_3_with_dataset_expressions to None, run_after=None
[2025-09-29T15:54:25.828+0000] {logging_mixin.py:188} INFO - [2025-09-29T15:54:25.828+0000] {dag.py:3947} INFO - Setting next_dagrun for dataset_consumes_1 to None, run_after=None
[2025-09-29T15:54:25.831+0000] {logging_mixin.py:188} INFO - [2025-09-29T15:54:25.831+0000] {dag.py:3947} INFO - Setting next_dagrun for dataset_consumes_1_and_2 to None, run_after=None
[2025-09-29T15:54:25.834+0000] {logging_mixin.py:188} INFO - [2025-09-29T15:54:25.834+0000] {dag.py:3947} INFO - Setting next_dagrun for dataset_consumes_1_never_scheduled to None, run_after=None
[2025-09-29T15:54:25.837+0000] {logging_mixin.py:188} INFO - [2025-09-29T15:54:25.837+0000] {dag.py:3947} INFO - Setting next_dagrun for dataset_consumes_unknown_never_scheduled to None, run_after=None
[2025-09-29T15:54:25.844+0000] {logging_mixin.py:188} INFO - [2025-09-29T15:54:25.844+0000] {dag.py:3947} INFO - Setting next_dagrun for dataset_produces_1 to 2025-09-28 00:00:00+00:00, run_after=2025-09-29 00:00:00+00:00
[2025-09-29T15:54:25.848+0000] {logging_mixin.py:188} INFO - [2025-09-29T15:54:25.847+0000] {dag.py:3947} INFO - Setting next_dagrun for dataset_produces_2 to None, run_after=None
[2025-09-29T15:54:25.937+0000] {processor.py:183} INFO - Processing /home/airflow/.local/lib/python3.12/site-packages/airflow/example_dags/example_datasets.py took 0.357 seconds
[2025-09-29T15:54:56.808+0000] {processor.py:161} INFO - Started process (PID=11304) to work on /home/airflow/.local/lib/python3.12/site-packages/airflow/example_dags/example_datasets.py
[2025-09-29T15:54:56.810+0000] {processor.py:830} INFO - Processing file /home/airflow/.local/lib/python3.12/site-packages/airflow/example_dags/example_datasets.py for tasks to queue
[2025-09-29T15:54:56.815+0000] {logging_mixin.py:188} INFO - [2025-09-29T15:54:56.814+0000] {dagbag.py:545} INFO - Filling up the DagBag from /home/airflow/.local/lib/python3.12/site-packages/airflow/example_dags/example_datasets.py
[2025-09-29T15:54:56.847+0000] {processor.py:840} INFO - DAG(s) 'conditional_dataset_and_time_based_timetable', 'dataset_consumes_unknown_never_scheduled', 'dataset_produces_1', 'dataset_consumes_1_never_scheduled', 'consume_1_and_2_with_dataset_expressions', 'consume_1_or_both_2_and_3_with_dataset_expressions', 'dataset_consumes_1_and_2', 'dataset_consumes_1', 'consume_1_or_2_with_dataset_expressions', 'dataset_produces_2' retrieved from /home/airflow/.local/lib/python3.12/site-packages/airflow/example_dags/example_datasets.py
[2025-09-29T15:54:56.974+0000] {logging_mixin.py:188} INFO - [2025-09-29T15:54:56.974+0000] {dag.py:3089} INFO - Sync 10 DAGs
[2025-09-29T15:54:57.033+0000] {logging_mixin.py:188} INFO - [2025-09-29T15:54:57.033+0000] {dag.py:3947} INFO - Setting next_dagrun for conditional_dataset_and_time_based_timetable to 2025-09-24 01:00:00+00:00, run_after=2025-09-24 01:00:00+00:00
[2025-09-29T15:54:57.042+0000] {logging_mixin.py:188} INFO - [2025-09-29T15:54:57.042+0000] {dag.py:3947} INFO - Setting next_dagrun for consume_1_and_2_with_dataset_expressions to None, run_after=None
[2025-09-29T15:54:57.046+0000] {logging_mixin.py:188} INFO - [2025-09-29T15:54:57.045+0000] {dag.py:3947} INFO - Setting next_dagrun for consume_1_or_2_with_dataset_expressions to None, run_after=None
[2025-09-29T15:54:57.049+0000] {logging_mixin.py:188} INFO - [2025-09-29T15:54:57.048+0000] {dag.py:3947} INFO - Setting next_dagrun for consume_1_or_both_2_and_3_with_dataset_expressions to None, run_after=None
[2025-09-29T15:54:57.052+0000] {logging_mixin.py:188} INFO - [2025-09-29T15:54:57.052+0000] {dag.py:3947} INFO - Setting next_dagrun for dataset_consumes_1 to None, run_after=None
[2025-09-29T15:54:57.055+0000] {logging_mixin.py:188} INFO - [2025-09-29T15:54:57.055+0000] {dag.py:3947} INFO - Setting next_dagrun for dataset_consumes_1_and_2 to None, run_after=None
[2025-09-29T15:54:57.058+0000] {logging_mixin.py:188} INFO - [2025-09-29T15:54:57.057+0000] {dag.py:3947} INFO - Setting next_dagrun for dataset_consumes_1_never_scheduled to None, run_after=None
[2025-09-29T15:54:57.061+0000] {logging_mixin.py:188} INFO - [2025-09-29T15:54:57.060+0000] {dag.py:3947} INFO - Setting next_dagrun for dataset_consumes_unknown_never_scheduled to None, run_after=None
[2025-09-29T15:54:57.067+0000] {logging_mixin.py:188} INFO - [2025-09-29T15:54:57.066+0000] {dag.py:3947} INFO - Setting next_dagrun for dataset_produces_1 to 2025-09-28 00:00:00+00:00, run_after=2025-09-29 00:00:00+00:00
[2025-09-29T15:54:57.070+0000] {logging_mixin.py:188} INFO - [2025-09-29T15:54:57.069+0000] {dag.py:3947} INFO - Setting next_dagrun for dataset_produces_2 to None, run_after=None
[2025-09-29T15:54:57.150+0000] {processor.py:183} INFO - Processing /home/airflow/.local/lib/python3.12/site-packages/airflow/example_dags/example_datasets.py took 0.356 seconds
[2025-09-29T15:55:28.009+0000] {processor.py:161} INFO - Started process (PID=11566) to work on /home/airflow/.local/lib/python3.12/site-packages/airflow/example_dags/example_datasets.py
[2025-09-29T15:55:28.012+0000] {processor.py:830} INFO - Processing file /home/airflow/.local/lib/python3.12/site-packages/airflow/example_dags/example_datasets.py for tasks to queue
[2025-09-29T15:55:28.022+0000] {logging_mixin.py:188} INFO - [2025-09-29T15:55:28.020+0000] {dagbag.py:545} INFO - Filling up the DagBag from /home/airflow/.local/lib/python3.12/site-packages/airflow/example_dags/example_datasets.py
[2025-09-29T15:55:28.078+0000] {processor.py:840} INFO - DAG(s) 'dataset_produces_2', 'consume_1_and_2_with_dataset_expressions', 'conditional_dataset_and_time_based_timetable', 'dataset_consumes_unknown_never_scheduled', 'dataset_consumes_1_never_scheduled', 'dataset_consumes_1_and_2', 'consume_1_or_both_2_and_3_with_dataset_expressions', 'consume_1_or_2_with_dataset_expressions', 'dataset_consumes_1', 'dataset_produces_1' retrieved from /home/airflow/.local/lib/python3.12/site-packages/airflow/example_dags/example_datasets.py
[2025-09-29T15:55:28.233+0000] {logging_mixin.py:188} INFO - [2025-09-29T15:55:28.232+0000] {dag.py:3089} INFO - Sync 10 DAGs
[2025-09-29T15:55:28.306+0000] {logging_mixin.py:188} INFO - [2025-09-29T15:55:28.305+0000] {dag.py:3947} INFO - Setting next_dagrun for conditional_dataset_and_time_based_timetable to 2025-09-24 01:00:00+00:00, run_after=2025-09-24 01:00:00+00:00
[2025-09-29T15:55:28.314+0000] {logging_mixin.py:188} INFO - [2025-09-29T15:55:28.313+0000] {dag.py:3947} INFO - Setting next_dagrun for consume_1_and_2_with_dataset_expressions to None, run_after=None
[2025-09-29T15:55:28.319+0000] {logging_mixin.py:188} INFO - [2025-09-29T15:55:28.318+0000] {dag.py:3947} INFO - Setting next_dagrun for consume_1_or_2_with_dataset_expressions to None, run_after=None
[2025-09-29T15:55:28.322+0000] {logging_mixin.py:188} INFO - [2025-09-29T15:55:28.321+0000] {dag.py:3947} INFO - Setting next_dagrun for consume_1_or_both_2_and_3_with_dataset_expressions to None, run_after=None
[2025-09-29T15:55:28.325+0000] {logging_mixin.py:188} INFO - [2025-09-29T15:55:28.325+0000] {dag.py:3947} INFO - Setting next_dagrun for dataset_consumes_1 to None, run_after=None
[2025-09-29T15:55:28.328+0000] {logging_mixin.py:188} INFO - [2025-09-29T15:55:28.328+0000] {dag.py:3947} INFO - Setting next_dagrun for dataset_consumes_1_and_2 to None, run_after=None
[2025-09-29T15:55:28.332+0000] {logging_mixin.py:188} INFO - [2025-09-29T15:55:28.332+0000] {dag.py:3947} INFO - Setting next_dagrun for dataset_consumes_1_never_scheduled to None, run_after=None
[2025-09-29T15:55:28.336+0000] {logging_mixin.py:188} INFO - [2025-09-29T15:55:28.336+0000] {dag.py:3947} INFO - Setting next_dagrun for dataset_consumes_unknown_never_scheduled to None, run_after=None
[2025-09-29T15:55:28.342+0000] {logging_mixin.py:188} INFO - [2025-09-29T15:55:28.342+0000] {dag.py:3947} INFO - Setting next_dagrun for dataset_produces_1 to 2025-09-28 00:00:00+00:00, run_after=2025-09-29 00:00:00+00:00
[2025-09-29T15:55:28.345+0000] {logging_mixin.py:188} INFO - [2025-09-29T15:55:28.345+0000] {dag.py:3947} INFO - Setting next_dagrun for dataset_produces_2 to None, run_after=None
[2025-09-29T15:55:28.450+0000] {processor.py:183} INFO - Processing /home/airflow/.local/lib/python3.12/site-packages/airflow/example_dags/example_datasets.py took 0.463 seconds
[2025-09-29T15:55:58.744+0000] {processor.py:161} INFO - Started process (PID=11833) to work on /home/airflow/.local/lib/python3.12/site-packages/airflow/example_dags/example_datasets.py
[2025-09-29T15:55:58.747+0000] {processor.py:830} INFO - Processing file /home/airflow/.local/lib/python3.12/site-packages/airflow/example_dags/example_datasets.py for tasks to queue
[2025-09-29T15:55:58.752+0000] {logging_mixin.py:188} INFO - [2025-09-29T15:55:58.751+0000] {dagbag.py:545} INFO - Filling up the DagBag from /home/airflow/.local/lib/python3.12/site-packages/airflow/example_dags/example_datasets.py
[2025-09-29T15:55:58.783+0000] {processor.py:840} INFO - DAG(s) 'conditional_dataset_and_time_based_timetable', 'consume_1_and_2_with_dataset_expressions', 'dataset_consumes_1', 'dataset_produces_1', 'dataset_consumes_1_and_2', 'dataset_consumes_1_never_scheduled', 'dataset_produces_2', 'consume_1_or_both_2_and_3_with_dataset_expressions', 'dataset_consumes_unknown_never_scheduled', 'consume_1_or_2_with_dataset_expressions' retrieved from /home/airflow/.local/lib/python3.12/site-packages/airflow/example_dags/example_datasets.py
[2025-09-29T15:55:58.915+0000] {logging_mixin.py:188} INFO - [2025-09-29T15:55:58.914+0000] {dag.py:3089} INFO - Sync 10 DAGs
[2025-09-29T15:55:58.979+0000] {logging_mixin.py:188} INFO - [2025-09-29T15:55:58.978+0000] {dag.py:3947} INFO - Setting next_dagrun for conditional_dataset_and_time_based_timetable to 2025-09-24 01:00:00+00:00, run_after=2025-09-24 01:00:00+00:00
[2025-09-29T15:55:58.989+0000] {logging_mixin.py:188} INFO - [2025-09-29T15:55:58.989+0000] {dag.py:3947} INFO - Setting next_dagrun for consume_1_and_2_with_dataset_expressions to None, run_after=None
[2025-09-29T15:55:58.993+0000] {logging_mixin.py:188} INFO - [2025-09-29T15:55:58.992+0000] {dag.py:3947} INFO - Setting next_dagrun for consume_1_or_2_with_dataset_expressions to None, run_after=None
[2025-09-29T15:55:58.997+0000] {logging_mixin.py:188} INFO - [2025-09-29T15:55:58.996+0000] {dag.py:3947} INFO - Setting next_dagrun for consume_1_or_both_2_and_3_with_dataset_expressions to None, run_after=None
[2025-09-29T15:55:59.001+0000] {logging_mixin.py:188} INFO - [2025-09-29T15:55:59.000+0000] {dag.py:3947} INFO - Setting next_dagrun for dataset_consumes_1 to None, run_after=None
[2025-09-29T15:55:59.004+0000] {logging_mixin.py:188} INFO - [2025-09-29T15:55:59.004+0000] {dag.py:3947} INFO - Setting next_dagrun for dataset_consumes_1_and_2 to None, run_after=None
[2025-09-29T15:55:59.008+0000] {logging_mixin.py:188} INFO - [2025-09-29T15:55:59.007+0000] {dag.py:3947} INFO - Setting next_dagrun for dataset_consumes_1_never_scheduled to None, run_after=None
[2025-09-29T15:55:59.012+0000] {logging_mixin.py:188} INFO - [2025-09-29T15:55:59.011+0000] {dag.py:3947} INFO - Setting next_dagrun for dataset_consumes_unknown_never_scheduled to None, run_after=None
[2025-09-29T15:55:59.019+0000] {logging_mixin.py:188} INFO - [2025-09-29T15:55:59.018+0000] {dag.py:3947} INFO - Setting next_dagrun for dataset_produces_1 to 2025-09-28 00:00:00+00:00, run_after=2025-09-29 00:00:00+00:00
[2025-09-29T15:55:59.022+0000] {logging_mixin.py:188} INFO - [2025-09-29T15:55:59.021+0000] {dag.py:3947} INFO - Setting next_dagrun for dataset_produces_2 to None, run_after=None
[2025-09-29T15:55:59.121+0000] {processor.py:183} INFO - Processing /home/airflow/.local/lib/python3.12/site-packages/airflow/example_dags/example_datasets.py took 0.391 seconds
[2025-09-29T15:56:29.304+0000] {processor.py:161} INFO - Started process (PID=12100) to work on /home/airflow/.local/lib/python3.12/site-packages/airflow/example_dags/example_datasets.py
[2025-09-29T15:56:29.307+0000] {processor.py:830} INFO - Processing file /home/airflow/.local/lib/python3.12/site-packages/airflow/example_dags/example_datasets.py for tasks to queue
[2025-09-29T15:56:29.311+0000] {logging_mixin.py:188} INFO - [2025-09-29T15:56:29.310+0000] {dagbag.py:545} INFO - Filling up the DagBag from /home/airflow/.local/lib/python3.12/site-packages/airflow/example_dags/example_datasets.py
[2025-09-29T15:56:29.353+0000] {processor.py:840} INFO - DAG(s) 'dataset_consumes_1_and_2', 'dataset_consumes_1_never_scheduled', 'dataset_consumes_unknown_never_scheduled', 'dataset_consumes_1', 'consume_1_or_2_with_dataset_expressions', 'consume_1_and_2_with_dataset_expressions', 'dataset_produces_2', 'conditional_dataset_and_time_based_timetable', 'dataset_produces_1', 'consume_1_or_both_2_and_3_with_dataset_expressions' retrieved from /home/airflow/.local/lib/python3.12/site-packages/airflow/example_dags/example_datasets.py
[2025-09-29T15:56:29.485+0000] {logging_mixin.py:188} INFO - [2025-09-29T15:56:29.484+0000] {dag.py:3089} INFO - Sync 10 DAGs
[2025-09-29T15:56:29.548+0000] {logging_mixin.py:188} INFO - [2025-09-29T15:56:29.548+0000] {dag.py:3947} INFO - Setting next_dagrun for conditional_dataset_and_time_based_timetable to 2025-09-24 01:00:00+00:00, run_after=2025-09-24 01:00:00+00:00
[2025-09-29T15:56:29.557+0000] {logging_mixin.py:188} INFO - [2025-09-29T15:56:29.556+0000] {dag.py:3947} INFO - Setting next_dagrun for consume_1_and_2_with_dataset_expressions to None, run_after=None
[2025-09-29T15:56:29.562+0000] {logging_mixin.py:188} INFO - [2025-09-29T15:56:29.561+0000] {dag.py:3947} INFO - Setting next_dagrun for consume_1_or_2_with_dataset_expressions to None, run_after=None
[2025-09-29T15:56:29.565+0000] {logging_mixin.py:188} INFO - [2025-09-29T15:56:29.565+0000] {dag.py:3947} INFO - Setting next_dagrun for consume_1_or_both_2_and_3_with_dataset_expressions to None, run_after=None
[2025-09-29T15:56:29.569+0000] {logging_mixin.py:188} INFO - [2025-09-29T15:56:29.568+0000] {dag.py:3947} INFO - Setting next_dagrun for dataset_consumes_1 to None, run_after=None
[2025-09-29T15:56:29.572+0000] {logging_mixin.py:188} INFO - [2025-09-29T15:56:29.572+0000] {dag.py:3947} INFO - Setting next_dagrun for dataset_consumes_1_and_2 to None, run_after=None
[2025-09-29T15:56:29.576+0000] {logging_mixin.py:188} INFO - [2025-09-29T15:56:29.575+0000] {dag.py:3947} INFO - Setting next_dagrun for dataset_consumes_1_never_scheduled to None, run_after=None
[2025-09-29T15:56:29.580+0000] {logging_mixin.py:188} INFO - [2025-09-29T15:56:29.580+0000] {dag.py:3947} INFO - Setting next_dagrun for dataset_consumes_unknown_never_scheduled to None, run_after=None
[2025-09-29T15:56:29.586+0000] {logging_mixin.py:188} INFO - [2025-09-29T15:56:29.585+0000] {dag.py:3947} INFO - Setting next_dagrun for dataset_produces_1 to 2025-09-28 00:00:00+00:00, run_after=2025-09-29 00:00:00+00:00
[2025-09-29T15:56:29.589+0000] {logging_mixin.py:188} INFO - [2025-09-29T15:56:29.588+0000] {dag.py:3947} INFO - Setting next_dagrun for dataset_produces_2 to None, run_after=None
[2025-09-29T15:56:29.678+0000] {processor.py:183} INFO - Processing /home/airflow/.local/lib/python3.12/site-packages/airflow/example_dags/example_datasets.py took 0.393 seconds
[2025-09-29T15:56:59.915+0000] {processor.py:161} INFO - Started process (PID=12360) to work on /home/airflow/.local/lib/python3.12/site-packages/airflow/example_dags/example_datasets.py
[2025-09-29T15:56:59.918+0000] {processor.py:830} INFO - Processing file /home/airflow/.local/lib/python3.12/site-packages/airflow/example_dags/example_datasets.py for tasks to queue
[2025-09-29T15:56:59.922+0000] {logging_mixin.py:188} INFO - [2025-09-29T15:56:59.921+0000] {dagbag.py:545} INFO - Filling up the DagBag from /home/airflow/.local/lib/python3.12/site-packages/airflow/example_dags/example_datasets.py
[2025-09-29T15:56:59.955+0000] {processor.py:840} INFO - DAG(s) 'dataset_produces_2', 'consume_1_or_both_2_and_3_with_dataset_expressions', 'consume_1_and_2_with_dataset_expressions', 'conditional_dataset_and_time_based_timetable', 'dataset_produces_1', 'dataset_consumes_1_and_2', 'dataset_consumes_1_never_scheduled', 'dataset_consumes_1', 'consume_1_or_2_with_dataset_expressions', 'dataset_consumes_unknown_never_scheduled' retrieved from /home/airflow/.local/lib/python3.12/site-packages/airflow/example_dags/example_datasets.py
[2025-09-29T15:57:00.093+0000] {logging_mixin.py:188} INFO - [2025-09-29T15:57:00.093+0000] {dag.py:3089} INFO - Sync 10 DAGs
[2025-09-29T15:57:00.162+0000] {logging_mixin.py:188} INFO - [2025-09-29T15:57:00.162+0000] {dag.py:3947} INFO - Setting next_dagrun for conditional_dataset_and_time_based_timetable to 2025-09-24 01:00:00+00:00, run_after=2025-09-24 01:00:00+00:00
[2025-09-29T15:57:00.173+0000] {logging_mixin.py:188} INFO - [2025-09-29T15:57:00.172+0000] {dag.py:3947} INFO - Setting next_dagrun for consume_1_and_2_with_dataset_expressions to None, run_after=None
[2025-09-29T15:57:00.178+0000] {logging_mixin.py:188} INFO - [2025-09-29T15:57:00.177+0000] {dag.py:3947} INFO - Setting next_dagrun for consume_1_or_2_with_dataset_expressions to None, run_after=None
[2025-09-29T15:57:00.181+0000] {logging_mixin.py:188} INFO - [2025-09-29T15:57:00.181+0000] {dag.py:3947} INFO - Setting next_dagrun for consume_1_or_both_2_and_3_with_dataset_expressions to None, run_after=None
[2025-09-29T15:57:00.185+0000] {logging_mixin.py:188} INFO - [2025-09-29T15:57:00.185+0000] {dag.py:3947} INFO - Setting next_dagrun for dataset_consumes_1 to None, run_after=None
[2025-09-29T15:57:00.190+0000] {logging_mixin.py:188} INFO - [2025-09-29T15:57:00.189+0000] {dag.py:3947} INFO - Setting next_dagrun for dataset_consumes_1_and_2 to None, run_after=None
[2025-09-29T15:57:00.193+0000] {logging_mixin.py:188} INFO - [2025-09-29T15:57:00.193+0000] {dag.py:3947} INFO - Setting next_dagrun for dataset_consumes_1_never_scheduled to None, run_after=None
[2025-09-29T15:57:00.196+0000] {logging_mixin.py:188} INFO - [2025-09-29T15:57:00.196+0000] {dag.py:3947} INFO - Setting next_dagrun for dataset_consumes_unknown_never_scheduled to None, run_after=None
[2025-09-29T15:57:00.201+0000] {logging_mixin.py:188} INFO - [2025-09-29T15:57:00.201+0000] {dag.py:3947} INFO - Setting next_dagrun for dataset_produces_1 to 2025-09-28 00:00:00+00:00, run_after=2025-09-29 00:00:00+00:00
[2025-09-29T15:57:00.205+0000] {logging_mixin.py:188} INFO - [2025-09-29T15:57:00.205+0000] {dag.py:3947} INFO - Setting next_dagrun for dataset_produces_2 to None, run_after=None
[2025-09-29T15:57:00.293+0000] {processor.py:183} INFO - Processing /home/airflow/.local/lib/python3.12/site-packages/airflow/example_dags/example_datasets.py took 0.394 seconds
[2025-09-29T15:57:30.421+0000] {processor.py:161} INFO - Started process (PID=12612) to work on /home/airflow/.local/lib/python3.12/site-packages/airflow/example_dags/example_datasets.py
[2025-09-29T15:57:30.424+0000] {processor.py:830} INFO - Processing file /home/airflow/.local/lib/python3.12/site-packages/airflow/example_dags/example_datasets.py for tasks to queue
[2025-09-29T15:57:30.428+0000] {logging_mixin.py:188} INFO - [2025-09-29T15:57:30.427+0000] {dagbag.py:545} INFO - Filling up the DagBag from /home/airflow/.local/lib/python3.12/site-packages/airflow/example_dags/example_datasets.py
[2025-09-29T15:57:30.464+0000] {processor.py:840} INFO - DAG(s) 'consume_1_and_2_with_dataset_expressions', 'dataset_produces_1', 'conditional_dataset_and_time_based_timetable', 'dataset_consumes_unknown_never_scheduled', 'consume_1_or_2_with_dataset_expressions', 'dataset_consumes_1', 'dataset_consumes_1_and_2', 'consume_1_or_both_2_and_3_with_dataset_expressions', 'dataset_consumes_1_never_scheduled', 'dataset_produces_2' retrieved from /home/airflow/.local/lib/python3.12/site-packages/airflow/example_dags/example_datasets.py
[2025-09-29T15:57:30.597+0000] {logging_mixin.py:188} INFO - [2025-09-29T15:57:30.596+0000] {dag.py:3089} INFO - Sync 10 DAGs
[2025-09-29T15:57:30.667+0000] {logging_mixin.py:188} INFO - [2025-09-29T15:57:30.666+0000] {dag.py:3947} INFO - Setting next_dagrun for conditional_dataset_and_time_based_timetable to 2025-09-24 01:00:00+00:00, run_after=2025-09-24 01:00:00+00:00
[2025-09-29T15:57:30.676+0000] {logging_mixin.py:188} INFO - [2025-09-29T15:57:30.676+0000] {dag.py:3947} INFO - Setting next_dagrun for consume_1_and_2_with_dataset_expressions to None, run_after=None
[2025-09-29T15:57:30.680+0000] {logging_mixin.py:188} INFO - [2025-09-29T15:57:30.680+0000] {dag.py:3947} INFO - Setting next_dagrun for consume_1_or_2_with_dataset_expressions to None, run_after=None
[2025-09-29T15:57:30.685+0000] {logging_mixin.py:188} INFO - [2025-09-29T15:57:30.685+0000] {dag.py:3947} INFO - Setting next_dagrun for consume_1_or_both_2_and_3_with_dataset_expressions to None, run_after=None
[2025-09-29T15:57:30.690+0000] {logging_mixin.py:188} INFO - [2025-09-29T15:57:30.690+0000] {dag.py:3947} INFO - Setting next_dagrun for dataset_consumes_1 to None, run_after=None
[2025-09-29T15:57:30.695+0000] {logging_mixin.py:188} INFO - [2025-09-29T15:57:30.694+0000] {dag.py:3947} INFO - Setting next_dagrun for dataset_consumes_1_and_2 to None, run_after=None
[2025-09-29T15:57:30.699+0000] {logging_mixin.py:188} INFO - [2025-09-29T15:57:30.699+0000] {dag.py:3947} INFO - Setting next_dagrun for dataset_consumes_1_never_scheduled to None, run_after=None
[2025-09-29T15:57:30.702+0000] {logging_mixin.py:188} INFO - [2025-09-29T15:57:30.702+0000] {dag.py:3947} INFO - Setting next_dagrun for dataset_consumes_unknown_never_scheduled to None, run_after=None
[2025-09-29T15:57:30.709+0000] {logging_mixin.py:188} INFO - [2025-09-29T15:57:30.708+0000] {dag.py:3947} INFO - Setting next_dagrun for dataset_produces_1 to 2025-09-28 00:00:00+00:00, run_after=2025-09-29 00:00:00+00:00
[2025-09-29T15:57:30.712+0000] {logging_mixin.py:188} INFO - [2025-09-29T15:57:30.711+0000] {dag.py:3947} INFO - Setting next_dagrun for dataset_produces_2 to None, run_after=None
[2025-09-29T15:57:30.854+0000] {processor.py:183} INFO - Processing /home/airflow/.local/lib/python3.12/site-packages/airflow/example_dags/example_datasets.py took 0.449 seconds
[2025-09-29T15:58:01.553+0000] {processor.py:161} INFO - Started process (PID=12870) to work on /home/airflow/.local/lib/python3.12/site-packages/airflow/example_dags/example_datasets.py
[2025-09-29T15:58:01.556+0000] {processor.py:830} INFO - Processing file /home/airflow/.local/lib/python3.12/site-packages/airflow/example_dags/example_datasets.py for tasks to queue
[2025-09-29T15:58:01.560+0000] {logging_mixin.py:188} INFO - [2025-09-29T15:58:01.560+0000] {dagbag.py:545} INFO - Filling up the DagBag from /home/airflow/.local/lib/python3.12/site-packages/airflow/example_dags/example_datasets.py
[2025-09-29T15:58:01.591+0000] {processor.py:840} INFO - DAG(s) 'consume_1_or_2_with_dataset_expressions', 'dataset_consumes_1', 'consume_1_and_2_with_dataset_expressions', 'dataset_produces_1', 'dataset_consumes_1_and_2', 'conditional_dataset_and_time_based_timetable', 'dataset_consumes_unknown_never_scheduled', 'dataset_consumes_1_never_scheduled', 'consume_1_or_both_2_and_3_with_dataset_expressions', 'dataset_produces_2' retrieved from /home/airflow/.local/lib/python3.12/site-packages/airflow/example_dags/example_datasets.py
[2025-09-29T15:58:01.706+0000] {logging_mixin.py:188} INFO - [2025-09-29T15:58:01.705+0000] {dag.py:3089} INFO - Sync 10 DAGs
[2025-09-29T15:58:01.760+0000] {logging_mixin.py:188} INFO - [2025-09-29T15:58:01.760+0000] {dag.py:3947} INFO - Setting next_dagrun for conditional_dataset_and_time_based_timetable to 2025-09-24 01:00:00+00:00, run_after=2025-09-24 01:00:00+00:00
[2025-09-29T15:58:01.768+0000] {logging_mixin.py:188} INFO - [2025-09-29T15:58:01.767+0000] {dag.py:3947} INFO - Setting next_dagrun for consume_1_and_2_with_dataset_expressions to None, run_after=None
[2025-09-29T15:58:01.771+0000] {logging_mixin.py:188} INFO - [2025-09-29T15:58:01.770+0000] {dag.py:3947} INFO - Setting next_dagrun for consume_1_or_2_with_dataset_expressions to None, run_after=None
[2025-09-29T15:58:01.773+0000] {logging_mixin.py:188} INFO - [2025-09-29T15:58:01.773+0000] {dag.py:3947} INFO - Setting next_dagrun for consume_1_or_both_2_and_3_with_dataset_expressions to None, run_after=None
[2025-09-29T15:58:01.776+0000] {logging_mixin.py:188} INFO - [2025-09-29T15:58:01.775+0000] {dag.py:3947} INFO - Setting next_dagrun for dataset_consumes_1 to None, run_after=None
[2025-09-29T15:58:01.780+0000] {logging_mixin.py:188} INFO - [2025-09-29T15:58:01.780+0000] {dag.py:3947} INFO - Setting next_dagrun for dataset_consumes_1_and_2 to None, run_after=None
[2025-09-29T15:58:01.783+0000] {logging_mixin.py:188} INFO - [2025-09-29T15:58:01.782+0000] {dag.py:3947} INFO - Setting next_dagrun for dataset_consumes_1_never_scheduled to None, run_after=None
[2025-09-29T15:58:01.785+0000] {logging_mixin.py:188} INFO - [2025-09-29T15:58:01.785+0000] {dag.py:3947} INFO - Setting next_dagrun for dataset_consumes_unknown_never_scheduled to None, run_after=None
[2025-09-29T15:58:01.790+0000] {logging_mixin.py:188} INFO - [2025-09-29T15:58:01.790+0000] {dag.py:3947} INFO - Setting next_dagrun for dataset_produces_1 to 2025-09-28 00:00:00+00:00, run_after=2025-09-29 00:00:00+00:00
[2025-09-29T15:58:01.793+0000] {logging_mixin.py:188} INFO - [2025-09-29T15:58:01.792+0000] {dag.py:3947} INFO - Setting next_dagrun for dataset_produces_2 to None, run_after=None
[2025-09-29T15:58:01.868+0000] {processor.py:183} INFO - Processing /home/airflow/.local/lib/python3.12/site-packages/airflow/example_dags/example_datasets.py took 0.329 seconds
[2025-09-29T15:58:31.966+0000] {processor.py:161} INFO - Started process (PID=13130) to work on /home/airflow/.local/lib/python3.12/site-packages/airflow/example_dags/example_datasets.py
[2025-09-29T15:58:31.969+0000] {processor.py:830} INFO - Processing file /home/airflow/.local/lib/python3.12/site-packages/airflow/example_dags/example_datasets.py for tasks to queue
[2025-09-29T15:58:31.973+0000] {logging_mixin.py:188} INFO - [2025-09-29T15:58:31.972+0000] {dagbag.py:545} INFO - Filling up the DagBag from /home/airflow/.local/lib/python3.12/site-packages/airflow/example_dags/example_datasets.py
[2025-09-29T15:58:32.003+0000] {processor.py:840} INFO - DAG(s) 'consume_1_and_2_with_dataset_expressions', 'dataset_consumes_1', 'consume_1_or_both_2_and_3_with_dataset_expressions', 'conditional_dataset_and_time_based_timetable', 'dataset_consumes_unknown_never_scheduled', 'consume_1_or_2_with_dataset_expressions', 'dataset_consumes_1_never_scheduled', 'dataset_produces_1', 'dataset_consumes_1_and_2', 'dataset_produces_2' retrieved from /home/airflow/.local/lib/python3.12/site-packages/airflow/example_dags/example_datasets.py
[2025-09-29T15:58:32.118+0000] {logging_mixin.py:188} INFO - [2025-09-29T15:58:32.117+0000] {dag.py:3089} INFO - Sync 10 DAGs
[2025-09-29T15:58:32.172+0000] {logging_mixin.py:188} INFO - [2025-09-29T15:58:32.171+0000] {dag.py:3947} INFO - Setting next_dagrun for conditional_dataset_and_time_based_timetable to 2025-09-24 01:00:00+00:00, run_after=2025-09-24 01:00:00+00:00
[2025-09-29T15:58:32.179+0000] {logging_mixin.py:188} INFO - [2025-09-29T15:58:32.178+0000] {dag.py:3947} INFO - Setting next_dagrun for consume_1_and_2_with_dataset_expressions to None, run_after=None
[2025-09-29T15:58:32.182+0000] {logging_mixin.py:188} INFO - [2025-09-29T15:58:32.181+0000] {dag.py:3947} INFO - Setting next_dagrun for consume_1_or_2_with_dataset_expressions to None, run_after=None
[2025-09-29T15:58:32.185+0000] {logging_mixin.py:188} INFO - [2025-09-29T15:58:32.184+0000] {dag.py:3947} INFO - Setting next_dagrun for consume_1_or_both_2_and_3_with_dataset_expressions to None, run_after=None
[2025-09-29T15:58:32.189+0000] {logging_mixin.py:188} INFO - [2025-09-29T15:58:32.189+0000] {dag.py:3947} INFO - Setting next_dagrun for dataset_consumes_1 to None, run_after=None
[2025-09-29T15:58:32.192+0000] {logging_mixin.py:188} INFO - [2025-09-29T15:58:32.191+0000] {dag.py:3947} INFO - Setting next_dagrun for dataset_consumes_1_and_2 to None, run_after=None
[2025-09-29T15:58:32.194+0000] {logging_mixin.py:188} INFO - [2025-09-29T15:58:32.194+0000] {dag.py:3947} INFO - Setting next_dagrun for dataset_consumes_1_never_scheduled to None, run_after=None
[2025-09-29T15:58:32.197+0000] {logging_mixin.py:188} INFO - [2025-09-29T15:58:32.196+0000] {dag.py:3947} INFO - Setting next_dagrun for dataset_consumes_unknown_never_scheduled to None, run_after=None
[2025-09-29T15:58:32.201+0000] {logging_mixin.py:188} INFO - [2025-09-29T15:58:32.201+0000] {dag.py:3947} INFO - Setting next_dagrun for dataset_produces_1 to 2025-09-28 00:00:00+00:00, run_after=2025-09-29 00:00:00+00:00
[2025-09-29T15:58:32.204+0000] {logging_mixin.py:188} INFO - [2025-09-29T15:58:32.204+0000] {dag.py:3947} INFO - Setting next_dagrun for dataset_produces_2 to None, run_after=None
[2025-09-29T15:58:32.277+0000] {processor.py:183} INFO - Processing /home/airflow/.local/lib/python3.12/site-packages/airflow/example_dags/example_datasets.py took 0.325 seconds
[2025-09-29T15:59:03.011+0000] {processor.py:161} INFO - Started process (PID=13392) to work on /home/airflow/.local/lib/python3.12/site-packages/airflow/example_dags/example_datasets.py
[2025-09-29T15:59:03.014+0000] {processor.py:830} INFO - Processing file /home/airflow/.local/lib/python3.12/site-packages/airflow/example_dags/example_datasets.py for tasks to queue
[2025-09-29T15:59:03.017+0000] {logging_mixin.py:188} INFO - [2025-09-29T15:59:03.017+0000] {dagbag.py:545} INFO - Filling up the DagBag from /home/airflow/.local/lib/python3.12/site-packages/airflow/example_dags/example_datasets.py
[2025-09-29T15:59:03.053+0000] {processor.py:840} INFO - DAG(s) 'dataset_consumes_unknown_never_scheduled', 'conditional_dataset_and_time_based_timetable', 'dataset_produces_1', 'consume_1_and_2_with_dataset_expressions', 'consume_1_or_2_with_dataset_expressions', 'dataset_consumes_1_and_2', 'consume_1_or_both_2_and_3_with_dataset_expressions', 'dataset_produces_2', 'dataset_consumes_1', 'dataset_consumes_1_never_scheduled' retrieved from /home/airflow/.local/lib/python3.12/site-packages/airflow/example_dags/example_datasets.py
[2025-09-29T15:59:03.174+0000] {logging_mixin.py:188} INFO - [2025-09-29T15:59:03.174+0000] {dag.py:3089} INFO - Sync 10 DAGs
[2025-09-29T15:59:03.229+0000] {logging_mixin.py:188} INFO - [2025-09-29T15:59:03.229+0000] {dag.py:3947} INFO - Setting next_dagrun for conditional_dataset_and_time_based_timetable to 2025-09-24 01:00:00+00:00, run_after=2025-09-24 01:00:00+00:00
[2025-09-29T15:59:03.237+0000] {logging_mixin.py:188} INFO - [2025-09-29T15:59:03.236+0000] {dag.py:3947} INFO - Setting next_dagrun for consume_1_and_2_with_dataset_expressions to None, run_after=None
[2025-09-29T15:59:03.240+0000] {logging_mixin.py:188} INFO - [2025-09-29T15:59:03.239+0000] {dag.py:3947} INFO - Setting next_dagrun for consume_1_or_2_with_dataset_expressions to None, run_after=None
[2025-09-29T15:59:03.242+0000] {logging_mixin.py:188} INFO - [2025-09-29T15:59:03.242+0000] {dag.py:3947} INFO - Setting next_dagrun for consume_1_or_both_2_and_3_with_dataset_expressions to None, run_after=None
[2025-09-29T15:59:03.245+0000] {logging_mixin.py:188} INFO - [2025-09-29T15:59:03.245+0000] {dag.py:3947} INFO - Setting next_dagrun for dataset_consumes_1 to None, run_after=None
[2025-09-29T15:59:03.248+0000] {logging_mixin.py:188} INFO - [2025-09-29T15:59:03.248+0000] {dag.py:3947} INFO - Setting next_dagrun for dataset_consumes_1_and_2 to None, run_after=None
[2025-09-29T15:59:03.251+0000] {logging_mixin.py:188} INFO - [2025-09-29T15:59:03.250+0000] {dag.py:3947} INFO - Setting next_dagrun for dataset_consumes_1_never_scheduled to None, run_after=None
[2025-09-29T15:59:03.255+0000] {logging_mixin.py:188} INFO - [2025-09-29T15:59:03.255+0000] {dag.py:3947} INFO - Setting next_dagrun for dataset_consumes_unknown_never_scheduled to None, run_after=None
[2025-09-29T15:59:03.260+0000] {logging_mixin.py:188} INFO - [2025-09-29T15:59:03.260+0000] {dag.py:3947} INFO - Setting next_dagrun for dataset_produces_1 to 2025-09-28 00:00:00+00:00, run_after=2025-09-29 00:00:00+00:00
[2025-09-29T15:59:03.263+0000] {logging_mixin.py:188} INFO - [2025-09-29T15:59:03.263+0000] {dag.py:3947} INFO - Setting next_dagrun for dataset_produces_2 to None, run_after=None
[2025-09-29T15:59:03.344+0000] {processor.py:183} INFO - Processing /home/airflow/.local/lib/python3.12/site-packages/airflow/example_dags/example_datasets.py took 0.348 seconds
[2025-09-29T15:59:33.877+0000] {processor.py:161} INFO - Started process (PID=13656) to work on /home/airflow/.local/lib/python3.12/site-packages/airflow/example_dags/example_datasets.py
[2025-09-29T15:59:33.880+0000] {processor.py:830} INFO - Processing file /home/airflow/.local/lib/python3.12/site-packages/airflow/example_dags/example_datasets.py for tasks to queue
[2025-09-29T15:59:33.884+0000] {logging_mixin.py:188} INFO - [2025-09-29T15:59:33.883+0000] {dagbag.py:545} INFO - Filling up the DagBag from /home/airflow/.local/lib/python3.12/site-packages/airflow/example_dags/example_datasets.py
[2025-09-29T15:59:33.918+0000] {processor.py:840} INFO - DAG(s) 'consume_1_or_2_with_dataset_expressions', 'consume_1_or_both_2_and_3_with_dataset_expressions', 'dataset_consumes_1_and_2', 'dataset_produces_2', 'dataset_produces_1', 'conditional_dataset_and_time_based_timetable', 'consume_1_and_2_with_dataset_expressions', 'dataset_consumes_1_never_scheduled', 'dataset_consumes_1', 'dataset_consumes_unknown_never_scheduled' retrieved from /home/airflow/.local/lib/python3.12/site-packages/airflow/example_dags/example_datasets.py
[2025-09-29T15:59:34.041+0000] {logging_mixin.py:188} INFO - [2025-09-29T15:59:34.040+0000] {dag.py:3089} INFO - Sync 10 DAGs
[2025-09-29T15:59:34.098+0000] {logging_mixin.py:188} INFO - [2025-09-29T15:59:34.098+0000] {dag.py:3947} INFO - Setting next_dagrun for conditional_dataset_and_time_based_timetable to 2025-09-24 01:00:00+00:00, run_after=2025-09-24 01:00:00+00:00
[2025-09-29T15:59:34.106+0000] {logging_mixin.py:188} INFO - [2025-09-29T15:59:34.105+0000] {dag.py:3947} INFO - Setting next_dagrun for consume_1_and_2_with_dataset_expressions to None, run_after=None
[2025-09-29T15:59:34.109+0000] {logging_mixin.py:188} INFO - [2025-09-29T15:59:34.108+0000] {dag.py:3947} INFO - Setting next_dagrun for consume_1_or_2_with_dataset_expressions to None, run_after=None
[2025-09-29T15:59:34.112+0000] {logging_mixin.py:188} INFO - [2025-09-29T15:59:34.111+0000] {dag.py:3947} INFO - Setting next_dagrun for consume_1_or_both_2_and_3_with_dataset_expressions to None, run_after=None
[2025-09-29T15:59:34.115+0000] {logging_mixin.py:188} INFO - [2025-09-29T15:59:34.115+0000] {dag.py:3947} INFO - Setting next_dagrun for dataset_consumes_1 to None, run_after=None
[2025-09-29T15:59:34.118+0000] {logging_mixin.py:188} INFO - [2025-09-29T15:59:34.118+0000] {dag.py:3947} INFO - Setting next_dagrun for dataset_consumes_1_and_2 to None, run_after=None
[2025-09-29T15:59:34.121+0000] {logging_mixin.py:188} INFO - [2025-09-29T15:59:34.120+0000] {dag.py:3947} INFO - Setting next_dagrun for dataset_consumes_1_never_scheduled to None, run_after=None
[2025-09-29T15:59:34.124+0000] {logging_mixin.py:188} INFO - [2025-09-29T15:59:34.123+0000] {dag.py:3947} INFO - Setting next_dagrun for dataset_consumes_unknown_never_scheduled to None, run_after=None
[2025-09-29T15:59:34.129+0000] {logging_mixin.py:188} INFO - [2025-09-29T15:59:34.128+0000] {dag.py:3947} INFO - Setting next_dagrun for dataset_produces_1 to 2025-09-28 00:00:00+00:00, run_after=2025-09-29 00:00:00+00:00
[2025-09-29T15:59:34.132+0000] {logging_mixin.py:188} INFO - [2025-09-29T15:59:34.131+0000] {dag.py:3947} INFO - Setting next_dagrun for dataset_produces_2 to None, run_after=None
[2025-09-29T15:59:34.211+0000] {processor.py:183} INFO - Processing /home/airflow/.local/lib/python3.12/site-packages/airflow/example_dags/example_datasets.py took 0.349 seconds
[2025-09-29T16:00:04.413+0000] {processor.py:161} INFO - Started process (PID=13918) to work on /home/airflow/.local/lib/python3.12/site-packages/airflow/example_dags/example_datasets.py
[2025-09-29T16:00:04.415+0000] {processor.py:830} INFO - Processing file /home/airflow/.local/lib/python3.12/site-packages/airflow/example_dags/example_datasets.py for tasks to queue
[2025-09-29T16:00:04.419+0000] {logging_mixin.py:188} INFO - [2025-09-29T16:00:04.419+0000] {dagbag.py:545} INFO - Filling up the DagBag from /home/airflow/.local/lib/python3.12/site-packages/airflow/example_dags/example_datasets.py
[2025-09-29T16:00:04.452+0000] {processor.py:840} INFO - DAG(s) 'dataset_consumes_unknown_never_scheduled', 'consume_1_or_2_with_dataset_expressions', 'dataset_produces_2', 'dataset_consumes_1_and_2', 'consume_1_and_2_with_dataset_expressions', 'conditional_dataset_and_time_based_timetable', 'dataset_produces_1', 'consume_1_or_both_2_and_3_with_dataset_expressions', 'dataset_consumes_1_never_scheduled', 'dataset_consumes_1' retrieved from /home/airflow/.local/lib/python3.12/site-packages/airflow/example_dags/example_datasets.py
[2025-09-29T16:00:04.576+0000] {logging_mixin.py:188} INFO - [2025-09-29T16:00:04.575+0000] {dag.py:3089} INFO - Sync 10 DAGs
[2025-09-29T16:00:04.633+0000] {logging_mixin.py:188} INFO - [2025-09-29T16:00:04.632+0000] {dag.py:3947} INFO - Setting next_dagrun for conditional_dataset_and_time_based_timetable to 2025-09-24 01:00:00+00:00, run_after=2025-09-24 01:00:00+00:00
[2025-09-29T16:00:04.641+0000] {logging_mixin.py:188} INFO - [2025-09-29T16:00:04.641+0000] {dag.py:3947} INFO - Setting next_dagrun for consume_1_and_2_with_dataset_expressions to None, run_after=None
[2025-09-29T16:00:04.644+0000] {logging_mixin.py:188} INFO - [2025-09-29T16:00:04.644+0000] {dag.py:3947} INFO - Setting next_dagrun for consume_1_or_2_with_dataset_expressions to None, run_after=None
[2025-09-29T16:00:04.647+0000] {logging_mixin.py:188} INFO - [2025-09-29T16:00:04.647+0000] {dag.py:3947} INFO - Setting next_dagrun for consume_1_or_both_2_and_3_with_dataset_expressions to None, run_after=None
[2025-09-29T16:00:04.650+0000] {logging_mixin.py:188} INFO - [2025-09-29T16:00:04.650+0000] {dag.py:3947} INFO - Setting next_dagrun for dataset_consumes_1 to None, run_after=None
[2025-09-29T16:00:04.653+0000] {logging_mixin.py:188} INFO - [2025-09-29T16:00:04.653+0000] {dag.py:3947} INFO - Setting next_dagrun for dataset_consumes_1_and_2 to None, run_after=None
[2025-09-29T16:00:04.657+0000] {logging_mixin.py:188} INFO - [2025-09-29T16:00:04.656+0000] {dag.py:3947} INFO - Setting next_dagrun for dataset_consumes_1_never_scheduled to None, run_after=None
[2025-09-29T16:00:04.659+0000] {logging_mixin.py:188} INFO - [2025-09-29T16:00:04.659+0000] {dag.py:3947} INFO - Setting next_dagrun for dataset_consumes_unknown_never_scheduled to None, run_after=None
[2025-09-29T16:00:04.665+0000] {logging_mixin.py:188} INFO - [2025-09-29T16:00:04.664+0000] {dag.py:3947} INFO - Setting next_dagrun for dataset_produces_1 to 2025-09-28 00:00:00+00:00, run_after=2025-09-29 00:00:00+00:00
[2025-09-29T16:00:04.667+0000] {logging_mixin.py:188} INFO - [2025-09-29T16:00:04.667+0000] {dag.py:3947} INFO - Setting next_dagrun for dataset_produces_2 to None, run_after=None
[2025-09-29T16:00:04.744+0000] {processor.py:183} INFO - Processing /home/airflow/.local/lib/python3.12/site-packages/airflow/example_dags/example_datasets.py took 0.345 seconds
[2025-09-29T16:00:35.009+0000] {processor.py:161} INFO - Started process (PID=14185) to work on /home/airflow/.local/lib/python3.12/site-packages/airflow/example_dags/example_datasets.py
[2025-09-29T16:00:35.012+0000] {processor.py:830} INFO - Processing file /home/airflow/.local/lib/python3.12/site-packages/airflow/example_dags/example_datasets.py for tasks to queue
[2025-09-29T16:00:35.017+0000] {logging_mixin.py:188} INFO - [2025-09-29T16:00:35.016+0000] {dagbag.py:545} INFO - Filling up the DagBag from /home/airflow/.local/lib/python3.12/site-packages/airflow/example_dags/example_datasets.py
[2025-09-29T16:00:35.051+0000] {processor.py:840} INFO - DAG(s) 'dataset_consumes_1', 'dataset_produces_1', 'consume_1_and_2_with_dataset_expressions', 'conditional_dataset_and_time_based_timetable', 'dataset_consumes_unknown_never_scheduled', 'dataset_produces_2', 'consume_1_or_both_2_and_3_with_dataset_expressions', 'dataset_consumes_1_and_2', 'consume_1_or_2_with_dataset_expressions', 'dataset_consumes_1_never_scheduled' retrieved from /home/airflow/.local/lib/python3.12/site-packages/airflow/example_dags/example_datasets.py
[2025-09-29T16:00:35.172+0000] {logging_mixin.py:188} INFO - [2025-09-29T16:00:35.172+0000] {dag.py:3089} INFO - Sync 10 DAGs
[2025-09-29T16:00:35.228+0000] {logging_mixin.py:188} INFO - [2025-09-29T16:00:35.228+0000] {dag.py:3947} INFO - Setting next_dagrun for conditional_dataset_and_time_based_timetable to 2025-09-24 01:00:00+00:00, run_after=2025-09-24 01:00:00+00:00
[2025-09-29T16:00:35.237+0000] {logging_mixin.py:188} INFO - [2025-09-29T16:00:35.236+0000] {dag.py:3947} INFO - Setting next_dagrun for consume_1_and_2_with_dataset_expressions to None, run_after=None
[2025-09-29T16:00:35.240+0000] {logging_mixin.py:188} INFO - [2025-09-29T16:00:35.239+0000] {dag.py:3947} INFO - Setting next_dagrun for consume_1_or_2_with_dataset_expressions to None, run_after=None
[2025-09-29T16:00:35.243+0000] {logging_mixin.py:188} INFO - [2025-09-29T16:00:35.243+0000] {dag.py:3947} INFO - Setting next_dagrun for consume_1_or_both_2_and_3_with_dataset_expressions to None, run_after=None
[2025-09-29T16:00:35.246+0000] {logging_mixin.py:188} INFO - [2025-09-29T16:00:35.246+0000] {dag.py:3947} INFO - Setting next_dagrun for dataset_consumes_1 to None, run_after=None
[2025-09-29T16:00:35.250+0000] {logging_mixin.py:188} INFO - [2025-09-29T16:00:35.249+0000] {dag.py:3947} INFO - Setting next_dagrun for dataset_consumes_1_and_2 to None, run_after=None
[2025-09-29T16:00:35.253+0000] {logging_mixin.py:188} INFO - [2025-09-29T16:00:35.252+0000] {dag.py:3947} INFO - Setting next_dagrun for dataset_consumes_1_never_scheduled to None, run_after=None
[2025-09-29T16:00:35.255+0000] {logging_mixin.py:188} INFO - [2025-09-29T16:00:35.255+0000] {dag.py:3947} INFO - Setting next_dagrun for dataset_consumes_unknown_never_scheduled to None, run_after=None
[2025-09-29T16:00:35.261+0000] {logging_mixin.py:188} INFO - [2025-09-29T16:00:35.261+0000] {dag.py:3947} INFO - Setting next_dagrun for dataset_produces_1 to 2025-09-28 00:00:00+00:00, run_after=2025-09-29 00:00:00+00:00
[2025-09-29T16:00:35.264+0000] {logging_mixin.py:188} INFO - [2025-09-29T16:00:35.264+0000] {dag.py:3947} INFO - Setting next_dagrun for dataset_produces_2 to None, run_after=None
[2025-09-29T16:00:35.348+0000] {processor.py:183} INFO - Processing /home/airflow/.local/lib/python3.12/site-packages/airflow/example_dags/example_datasets.py took 0.356 seconds
[2025-09-29T16:01:06.013+0000] {processor.py:161} INFO - Started process (PID=14447) to work on /home/airflow/.local/lib/python3.12/site-packages/airflow/example_dags/example_datasets.py
[2025-09-29T16:01:06.017+0000] {processor.py:830} INFO - Processing file /home/airflow/.local/lib/python3.12/site-packages/airflow/example_dags/example_datasets.py for tasks to queue
[2025-09-29T16:01:06.022+0000] {logging_mixin.py:188} INFO - [2025-09-29T16:01:06.021+0000] {dagbag.py:545} INFO - Filling up the DagBag from /home/airflow/.local/lib/python3.12/site-packages/airflow/example_dags/example_datasets.py
[2025-09-29T16:01:06.057+0000] {processor.py:840} INFO - DAG(s) 'dataset_consumes_1_and_2', 'consume_1_or_2_with_dataset_expressions', 'dataset_produces_2', 'consume_1_or_both_2_and_3_with_dataset_expressions', 'consume_1_and_2_with_dataset_expressions', 'dataset_consumes_1', 'dataset_consumes_1_never_scheduled', 'dataset_produces_1', 'conditional_dataset_and_time_based_timetable', 'dataset_consumes_unknown_never_scheduled' retrieved from /home/airflow/.local/lib/python3.12/site-packages/airflow/example_dags/example_datasets.py
[2025-09-29T16:01:06.198+0000] {logging_mixin.py:188} INFO - [2025-09-29T16:01:06.197+0000] {dag.py:3089} INFO - Sync 10 DAGs
[2025-09-29T16:01:06.257+0000] {logging_mixin.py:188} INFO - [2025-09-29T16:01:06.256+0000] {dag.py:3947} INFO - Setting next_dagrun for conditional_dataset_and_time_based_timetable to 2025-09-24 01:00:00+00:00, run_after=2025-09-24 01:00:00+00:00
[2025-09-29T16:01:06.265+0000] {logging_mixin.py:188} INFO - [2025-09-29T16:01:06.264+0000] {dag.py:3947} INFO - Setting next_dagrun for consume_1_and_2_with_dataset_expressions to None, run_after=None
[2025-09-29T16:01:06.268+0000] {logging_mixin.py:188} INFO - [2025-09-29T16:01:06.267+0000] {dag.py:3947} INFO - Setting next_dagrun for consume_1_or_2_with_dataset_expressions to None, run_after=None
[2025-09-29T16:01:06.271+0000] {logging_mixin.py:188} INFO - [2025-09-29T16:01:06.270+0000] {dag.py:3947} INFO - Setting next_dagrun for consume_1_or_both_2_and_3_with_dataset_expressions to None, run_after=None
[2025-09-29T16:01:06.274+0000] {logging_mixin.py:188} INFO - [2025-09-29T16:01:06.273+0000] {dag.py:3947} INFO - Setting next_dagrun for dataset_consumes_1 to None, run_after=None
[2025-09-29T16:01:06.277+0000] {logging_mixin.py:188} INFO - [2025-09-29T16:01:06.277+0000] {dag.py:3947} INFO - Setting next_dagrun for dataset_consumes_1_and_2 to None, run_after=None
[2025-09-29T16:01:06.281+0000] {logging_mixin.py:188} INFO - [2025-09-29T16:01:06.280+0000] {dag.py:3947} INFO - Setting next_dagrun for dataset_consumes_1_never_scheduled to None, run_after=None
[2025-09-29T16:01:06.284+0000] {logging_mixin.py:188} INFO - [2025-09-29T16:01:06.284+0000] {dag.py:3947} INFO - Setting next_dagrun for dataset_consumes_unknown_never_scheduled to None, run_after=None
[2025-09-29T16:01:06.290+0000] {logging_mixin.py:188} INFO - [2025-09-29T16:01:06.290+0000] {dag.py:3947} INFO - Setting next_dagrun for dataset_produces_1 to 2025-09-28 00:00:00+00:00, run_after=2025-09-29 00:00:00+00:00
[2025-09-29T16:01:06.293+0000] {logging_mixin.py:188} INFO - [2025-09-29T16:01:06.293+0000] {dag.py:3947} INFO - Setting next_dagrun for dataset_produces_2 to None, run_after=None
[2025-09-29T16:01:06.375+0000] {processor.py:183} INFO - Processing /home/airflow/.local/lib/python3.12/site-packages/airflow/example_dags/example_datasets.py took 0.379 seconds
[2025-09-29T16:01:36.576+0000] {processor.py:161} INFO - Started process (PID=14714) to work on /home/airflow/.local/lib/python3.12/site-packages/airflow/example_dags/example_datasets.py
[2025-09-29T16:01:36.578+0000] {processor.py:830} INFO - Processing file /home/airflow/.local/lib/python3.12/site-packages/airflow/example_dags/example_datasets.py for tasks to queue
[2025-09-29T16:01:36.582+0000] {logging_mixin.py:188} INFO - [2025-09-29T16:01:36.582+0000] {dagbag.py:545} INFO - Filling up the DagBag from /home/airflow/.local/lib/python3.12/site-packages/airflow/example_dags/example_datasets.py
[2025-09-29T16:01:36.613+0000] {processor.py:840} INFO - DAG(s) 'consume_1_or_both_2_and_3_with_dataset_expressions', 'consume_1_or_2_with_dataset_expressions', 'dataset_produces_2', 'consume_1_and_2_with_dataset_expressions', 'dataset_consumes_unknown_never_scheduled', 'dataset_consumes_1_never_scheduled', 'dataset_consumes_1', 'dataset_produces_1', 'conditional_dataset_and_time_based_timetable', 'dataset_consumes_1_and_2' retrieved from /home/airflow/.local/lib/python3.12/site-packages/airflow/example_dags/example_datasets.py
[2025-09-29T16:01:36.731+0000] {logging_mixin.py:188} INFO - [2025-09-29T16:01:36.730+0000] {dag.py:3089} INFO - Sync 10 DAGs
[2025-09-29T16:01:36.786+0000] {logging_mixin.py:188} INFO - [2025-09-29T16:01:36.785+0000] {dag.py:3947} INFO - Setting next_dagrun for conditional_dataset_and_time_based_timetable to 2025-09-24 01:00:00+00:00, run_after=2025-09-24 01:00:00+00:00
[2025-09-29T16:01:36.794+0000] {logging_mixin.py:188} INFO - [2025-09-29T16:01:36.794+0000] {dag.py:3947} INFO - Setting next_dagrun for consume_1_and_2_with_dataset_expressions to None, run_after=None
[2025-09-29T16:01:36.797+0000] {logging_mixin.py:188} INFO - [2025-09-29T16:01:36.797+0000] {dag.py:3947} INFO - Setting next_dagrun for consume_1_or_2_with_dataset_expressions to None, run_after=None
[2025-09-29T16:01:36.800+0000] {logging_mixin.py:188} INFO - [2025-09-29T16:01:36.799+0000] {dag.py:3947} INFO - Setting next_dagrun for consume_1_or_both_2_and_3_with_dataset_expressions to None, run_after=None
[2025-09-29T16:01:36.802+0000] {logging_mixin.py:188} INFO - [2025-09-29T16:01:36.802+0000] {dag.py:3947} INFO - Setting next_dagrun for dataset_consumes_1 to None, run_after=None
[2025-09-29T16:01:36.805+0000] {logging_mixin.py:188} INFO - [2025-09-29T16:01:36.804+0000] {dag.py:3947} INFO - Setting next_dagrun for dataset_consumes_1_and_2 to None, run_after=None
[2025-09-29T16:01:36.807+0000] {logging_mixin.py:188} INFO - [2025-09-29T16:01:36.807+0000] {dag.py:3947} INFO - Setting next_dagrun for dataset_consumes_1_never_scheduled to None, run_after=None
[2025-09-29T16:01:36.810+0000] {logging_mixin.py:188} INFO - [2025-09-29T16:01:36.810+0000] {dag.py:3947} INFO - Setting next_dagrun for dataset_consumes_unknown_never_scheduled to None, run_after=None
[2025-09-29T16:01:36.815+0000] {logging_mixin.py:188} INFO - [2025-09-29T16:01:36.815+0000] {dag.py:3947} INFO - Setting next_dagrun for dataset_produces_1 to 2025-09-28 00:00:00+00:00, run_after=2025-09-29 00:00:00+00:00
[2025-09-29T16:01:36.818+0000] {logging_mixin.py:188} INFO - [2025-09-29T16:01:36.817+0000] {dag.py:3947} INFO - Setting next_dagrun for dataset_produces_2 to None, run_after=None
[2025-09-29T16:01:36.909+0000] {processor.py:183} INFO - Processing /home/airflow/.local/lib/python3.12/site-packages/airflow/example_dags/example_datasets.py took 0.350 seconds
[2025-09-29T16:02:07.674+0000] {processor.py:161} INFO - Started process (PID=14976) to work on /home/airflow/.local/lib/python3.12/site-packages/airflow/example_dags/example_datasets.py
[2025-09-29T16:02:07.682+0000] {processor.py:830} INFO - Processing file /home/airflow/.local/lib/python3.12/site-packages/airflow/example_dags/example_datasets.py for tasks to queue
[2025-09-29T16:02:07.686+0000] {logging_mixin.py:188} INFO - [2025-09-29T16:02:07.685+0000] {dagbag.py:545} INFO - Filling up the DagBag from /home/airflow/.local/lib/python3.12/site-packages/airflow/example_dags/example_datasets.py
[2025-09-29T16:02:07.716+0000] {processor.py:840} INFO - DAG(s) 'conditional_dataset_and_time_based_timetable', 'dataset_produces_1', 'consume_1_and_2_with_dataset_expressions', 'consume_1_or_2_with_dataset_expressions', 'dataset_consumes_1_and_2', 'dataset_consumes_unknown_never_scheduled', 'consume_1_or_both_2_and_3_with_dataset_expressions', 'dataset_consumes_1', 'dataset_consumes_1_never_scheduled', 'dataset_produces_2' retrieved from /home/airflow/.local/lib/python3.12/site-packages/airflow/example_dags/example_datasets.py
[2025-09-29T16:02:07.839+0000] {logging_mixin.py:188} INFO - [2025-09-29T16:02:07.838+0000] {dag.py:3089} INFO - Sync 10 DAGs
[2025-09-29T16:02:07.894+0000] {logging_mixin.py:188} INFO - [2025-09-29T16:02:07.893+0000] {dag.py:3947} INFO - Setting next_dagrun for conditional_dataset_and_time_based_timetable to 2025-09-24 01:00:00+00:00, run_after=2025-09-24 01:00:00+00:00
[2025-09-29T16:02:07.906+0000] {logging_mixin.py:188} INFO - [2025-09-29T16:02:07.905+0000] {dag.py:3947} INFO - Setting next_dagrun for consume_1_and_2_with_dataset_expressions to None, run_after=None
[2025-09-29T16:02:07.911+0000] {logging_mixin.py:188} INFO - [2025-09-29T16:02:07.910+0000] {dag.py:3947} INFO - Setting next_dagrun for consume_1_or_2_with_dataset_expressions to None, run_after=None
[2025-09-29T16:02:07.915+0000] {logging_mixin.py:188} INFO - [2025-09-29T16:02:07.914+0000] {dag.py:3947} INFO - Setting next_dagrun for consume_1_or_both_2_and_3_with_dataset_expressions to None, run_after=None
[2025-09-29T16:02:07.918+0000] {logging_mixin.py:188} INFO - [2025-09-29T16:02:07.917+0000] {dag.py:3947} INFO - Setting next_dagrun for dataset_consumes_1 to None, run_after=None
[2025-09-29T16:02:07.921+0000] {logging_mixin.py:188} INFO - [2025-09-29T16:02:07.921+0000] {dag.py:3947} INFO - Setting next_dagrun for dataset_consumes_1_and_2 to None, run_after=None
[2025-09-29T16:02:07.924+0000] {logging_mixin.py:188} INFO - [2025-09-29T16:02:07.924+0000] {dag.py:3947} INFO - Setting next_dagrun for dataset_consumes_1_never_scheduled to None, run_after=None
[2025-09-29T16:02:07.927+0000] {logging_mixin.py:188} INFO - [2025-09-29T16:02:07.927+0000] {dag.py:3947} INFO - Setting next_dagrun for dataset_consumes_unknown_never_scheduled to None, run_after=None
[2025-09-29T16:02:07.933+0000] {logging_mixin.py:188} INFO - [2025-09-29T16:02:07.932+0000] {dag.py:3947} INFO - Setting next_dagrun for dataset_produces_1 to 2025-09-28 00:00:00+00:00, run_after=2025-09-29 00:00:00+00:00
[2025-09-29T16:02:07.935+0000] {logging_mixin.py:188} INFO - [2025-09-29T16:02:07.935+0000] {dag.py:3947} INFO - Setting next_dagrun for dataset_produces_2 to None, run_after=None
[2025-09-29T16:02:08.025+0000] {processor.py:183} INFO - Processing /home/airflow/.local/lib/python3.12/site-packages/airflow/example_dags/example_datasets.py took 0.365 seconds
[2025-09-29T16:02:38.296+0000] {processor.py:161} INFO - Started process (PID=15238) to work on /home/airflow/.local/lib/python3.12/site-packages/airflow/example_dags/example_datasets.py
[2025-09-29T16:02:38.299+0000] {processor.py:830} INFO - Processing file /home/airflow/.local/lib/python3.12/site-packages/airflow/example_dags/example_datasets.py for tasks to queue
[2025-09-29T16:02:38.303+0000] {logging_mixin.py:188} INFO - [2025-09-29T16:02:38.302+0000] {dagbag.py:545} INFO - Filling up the DagBag from /home/airflow/.local/lib/python3.12/site-packages/airflow/example_dags/example_datasets.py
[2025-09-29T16:02:38.336+0000] {processor.py:840} INFO - DAG(s) 'consume_1_or_2_with_dataset_expressions', 'dataset_produces_2', 'dataset_consumes_1_never_scheduled', 'dataset_consumes_1', 'conditional_dataset_and_time_based_timetable', 'dataset_consumes_unknown_never_scheduled', 'dataset_consumes_1_and_2', 'dataset_produces_1', 'consume_1_and_2_with_dataset_expressions', 'consume_1_or_both_2_and_3_with_dataset_expressions' retrieved from /home/airflow/.local/lib/python3.12/site-packages/airflow/example_dags/example_datasets.py
[2025-09-29T16:02:38.550+0000] {logging_mixin.py:188} INFO - [2025-09-29T16:02:38.548+0000] {dag.py:3089} INFO - Sync 10 DAGs
[2025-09-29T16:02:38.650+0000] {logging_mixin.py:188} INFO - [2025-09-29T16:02:38.649+0000] {dag.py:3947} INFO - Setting next_dagrun for conditional_dataset_and_time_based_timetable to 2025-09-24 01:00:00+00:00, run_after=2025-09-24 01:00:00+00:00
[2025-09-29T16:02:38.661+0000] {logging_mixin.py:188} INFO - [2025-09-29T16:02:38.661+0000] {dag.py:3947} INFO - Setting next_dagrun for consume_1_and_2_with_dataset_expressions to None, run_after=None
[2025-09-29T16:02:38.665+0000] {logging_mixin.py:188} INFO - [2025-09-29T16:02:38.665+0000] {dag.py:3947} INFO - Setting next_dagrun for consume_1_or_2_with_dataset_expressions to None, run_after=None
[2025-09-29T16:02:38.669+0000] {logging_mixin.py:188} INFO - [2025-09-29T16:02:38.669+0000] {dag.py:3947} INFO - Setting next_dagrun for consume_1_or_both_2_and_3_with_dataset_expressions to None, run_after=None
[2025-09-29T16:02:38.674+0000] {logging_mixin.py:188} INFO - [2025-09-29T16:02:38.673+0000] {dag.py:3947} INFO - Setting next_dagrun for dataset_consumes_1 to None, run_after=None
[2025-09-29T16:02:38.678+0000] {logging_mixin.py:188} INFO - [2025-09-29T16:02:38.678+0000] {dag.py:3947} INFO - Setting next_dagrun for dataset_consumes_1_and_2 to None, run_after=None
[2025-09-29T16:02:38.684+0000] {logging_mixin.py:188} INFO - [2025-09-29T16:02:38.682+0000] {dag.py:3947} INFO - Setting next_dagrun for dataset_consumes_1_never_scheduled to None, run_after=None
[2025-09-29T16:02:38.688+0000] {logging_mixin.py:188} INFO - [2025-09-29T16:02:38.687+0000] {dag.py:3947} INFO - Setting next_dagrun for dataset_consumes_unknown_never_scheduled to None, run_after=None
[2025-09-29T16:02:38.697+0000] {logging_mixin.py:188} INFO - [2025-09-29T16:02:38.696+0000] {dag.py:3947} INFO - Setting next_dagrun for dataset_produces_1 to 2025-09-28 00:00:00+00:00, run_after=2025-09-29 00:00:00+00:00
[2025-09-29T16:02:38.701+0000] {logging_mixin.py:188} INFO - [2025-09-29T16:02:38.701+0000] {dag.py:3947} INFO - Setting next_dagrun for dataset_produces_2 to None, run_after=None
[2025-09-29T16:02:38.821+0000] {processor.py:183} INFO - Processing /home/airflow/.local/lib/python3.12/site-packages/airflow/example_dags/example_datasets.py took 0.541 seconds
[2025-09-29T16:03:08.913+0000] {processor.py:161} INFO - Started process (PID=15500) to work on /home/airflow/.local/lib/python3.12/site-packages/airflow/example_dags/example_datasets.py
[2025-09-29T16:03:08.922+0000] {processor.py:830} INFO - Processing file /home/airflow/.local/lib/python3.12/site-packages/airflow/example_dags/example_datasets.py for tasks to queue
[2025-09-29T16:03:08.926+0000] {logging_mixin.py:188} INFO - [2025-09-29T16:03:08.925+0000] {dagbag.py:545} INFO - Filling up the DagBag from /home/airflow/.local/lib/python3.12/site-packages/airflow/example_dags/example_datasets.py
[2025-09-29T16:03:08.957+0000] {processor.py:840} INFO - DAG(s) 'dataset_consumes_unknown_never_scheduled', 'consume_1_or_2_with_dataset_expressions', 'dataset_consumes_1', 'conditional_dataset_and_time_based_timetable', 'dataset_consumes_1_and_2', 'dataset_produces_2', 'dataset_consumes_1_never_scheduled', 'consume_1_or_both_2_and_3_with_dataset_expressions', 'dataset_produces_1', 'consume_1_and_2_with_dataset_expressions' retrieved from /home/airflow/.local/lib/python3.12/site-packages/airflow/example_dags/example_datasets.py
[2025-09-29T16:03:09.076+0000] {logging_mixin.py:188} INFO - [2025-09-29T16:03:09.075+0000] {dag.py:3089} INFO - Sync 10 DAGs
[2025-09-29T16:03:09.136+0000] {logging_mixin.py:188} INFO - [2025-09-29T16:03:09.136+0000] {dag.py:3947} INFO - Setting next_dagrun for conditional_dataset_and_time_based_timetable to 2025-09-24 01:00:00+00:00, run_after=2025-09-24 01:00:00+00:00
[2025-09-29T16:03:09.144+0000] {logging_mixin.py:188} INFO - [2025-09-29T16:03:09.144+0000] {dag.py:3947} INFO - Setting next_dagrun for consume_1_and_2_with_dataset_expressions to None, run_after=None
[2025-09-29T16:03:09.148+0000] {logging_mixin.py:188} INFO - [2025-09-29T16:03:09.147+0000] {dag.py:3947} INFO - Setting next_dagrun for consume_1_or_2_with_dataset_expressions to None, run_after=None
[2025-09-29T16:03:09.151+0000] {logging_mixin.py:188} INFO - [2025-09-29T16:03:09.150+0000] {dag.py:3947} INFO - Setting next_dagrun for consume_1_or_both_2_and_3_with_dataset_expressions to None, run_after=None
[2025-09-29T16:03:09.154+0000] {logging_mixin.py:188} INFO - [2025-09-29T16:03:09.153+0000] {dag.py:3947} INFO - Setting next_dagrun for dataset_consumes_1 to None, run_after=None
[2025-09-29T16:03:09.158+0000] {logging_mixin.py:188} INFO - [2025-09-29T16:03:09.157+0000] {dag.py:3947} INFO - Setting next_dagrun for dataset_consumes_1_and_2 to None, run_after=None
[2025-09-29T16:03:09.161+0000] {logging_mixin.py:188} INFO - [2025-09-29T16:03:09.161+0000] {dag.py:3947} INFO - Setting next_dagrun for dataset_consumes_1_never_scheduled to None, run_after=None
[2025-09-29T16:03:09.164+0000] {logging_mixin.py:188} INFO - [2025-09-29T16:03:09.164+0000] {dag.py:3947} INFO - Setting next_dagrun for dataset_consumes_unknown_never_scheduled to None, run_after=None
[2025-09-29T16:03:09.170+0000] {logging_mixin.py:188} INFO - [2025-09-29T16:03:09.170+0000] {dag.py:3947} INFO - Setting next_dagrun for dataset_produces_1 to 2025-09-28 00:00:00+00:00, run_after=2025-09-29 00:00:00+00:00
[2025-09-29T16:03:09.174+0000] {logging_mixin.py:188} INFO - [2025-09-29T16:03:09.173+0000] {dag.py:3947} INFO - Setting next_dagrun for dataset_produces_2 to None, run_after=None
[2025-09-29T16:03:09.258+0000] {processor.py:183} INFO - Processing /home/airflow/.local/lib/python3.12/site-packages/airflow/example_dags/example_datasets.py took 0.362 seconds
[2025-09-29T16:03:39.690+0000] {processor.py:161} INFO - Started process (PID=15762) to work on /home/airflow/.local/lib/python3.12/site-packages/airflow/example_dags/example_datasets.py
[2025-09-29T16:03:39.692+0000] {processor.py:830} INFO - Processing file /home/airflow/.local/lib/python3.12/site-packages/airflow/example_dags/example_datasets.py for tasks to queue
[2025-09-29T16:03:39.696+0000] {logging_mixin.py:188} INFO - [2025-09-29T16:03:39.695+0000] {dagbag.py:545} INFO - Filling up the DagBag from /home/airflow/.local/lib/python3.12/site-packages/airflow/example_dags/example_datasets.py
[2025-09-29T16:03:39.729+0000] {processor.py:840} INFO - DAG(s) 'dataset_produces_1', 'dataset_consumes_unknown_never_scheduled', 'dataset_consumes_1', 'dataset_produces_2', 'conditional_dataset_and_time_based_timetable', 'consume_1_and_2_with_dataset_expressions', 'consume_1_or_2_with_dataset_expressions', 'dataset_consumes_1_never_scheduled', 'dataset_consumes_1_and_2', 'consume_1_or_both_2_and_3_with_dataset_expressions' retrieved from /home/airflow/.local/lib/python3.12/site-packages/airflow/example_dags/example_datasets.py
[2025-09-29T16:03:39.862+0000] {logging_mixin.py:188} INFO - [2025-09-29T16:03:39.861+0000] {dag.py:3089} INFO - Sync 10 DAGs
[2025-09-29T16:03:39.924+0000] {logging_mixin.py:188} INFO - [2025-09-29T16:03:39.923+0000] {dag.py:3947} INFO - Setting next_dagrun for conditional_dataset_and_time_based_timetable to 2025-09-24 01:00:00+00:00, run_after=2025-09-24 01:00:00+00:00
[2025-09-29T16:03:39.932+0000] {logging_mixin.py:188} INFO - [2025-09-29T16:03:39.931+0000] {dag.py:3947} INFO - Setting next_dagrun for consume_1_and_2_with_dataset_expressions to None, run_after=None
[2025-09-29T16:03:39.935+0000] {logging_mixin.py:188} INFO - [2025-09-29T16:03:39.935+0000] {dag.py:3947} INFO - Setting next_dagrun for consume_1_or_2_with_dataset_expressions to None, run_after=None
[2025-09-29T16:03:39.939+0000] {logging_mixin.py:188} INFO - [2025-09-29T16:03:39.938+0000] {dag.py:3947} INFO - Setting next_dagrun for consume_1_or_both_2_and_3_with_dataset_expressions to None, run_after=None
[2025-09-29T16:03:39.942+0000] {logging_mixin.py:188} INFO - [2025-09-29T16:03:39.942+0000] {dag.py:3947} INFO - Setting next_dagrun for dataset_consumes_1 to None, run_after=None
[2025-09-29T16:03:39.946+0000] {logging_mixin.py:188} INFO - [2025-09-29T16:03:39.946+0000] {dag.py:3947} INFO - Setting next_dagrun for dataset_consumes_1_and_2 to None, run_after=None
[2025-09-29T16:03:39.950+0000] {logging_mixin.py:188} INFO - [2025-09-29T16:03:39.949+0000] {dag.py:3947} INFO - Setting next_dagrun for dataset_consumes_1_never_scheduled to None, run_after=None
[2025-09-29T16:03:39.953+0000] {logging_mixin.py:188} INFO - [2025-09-29T16:03:39.953+0000] {dag.py:3947} INFO - Setting next_dagrun for dataset_consumes_unknown_never_scheduled to None, run_after=None
[2025-09-29T16:03:39.959+0000] {logging_mixin.py:188} INFO - [2025-09-29T16:03:39.958+0000] {dag.py:3947} INFO - Setting next_dagrun for dataset_produces_1 to 2025-09-28 00:00:00+00:00, run_after=2025-09-29 00:00:00+00:00
[2025-09-29T16:03:39.963+0000] {logging_mixin.py:188} INFO - [2025-09-29T16:03:39.963+0000] {dag.py:3947} INFO - Setting next_dagrun for dataset_produces_2 to None, run_after=None
[2025-09-29T16:03:40.058+0000] {processor.py:183} INFO - Processing /home/airflow/.local/lib/python3.12/site-packages/airflow/example_dags/example_datasets.py took 0.384 seconds
[2025-09-29T16:04:10.154+0000] {processor.py:161} INFO - Started process (PID=16024) to work on /home/airflow/.local/lib/python3.12/site-packages/airflow/example_dags/example_datasets.py
[2025-09-29T16:04:10.157+0000] {processor.py:830} INFO - Processing file /home/airflow/.local/lib/python3.12/site-packages/airflow/example_dags/example_datasets.py for tasks to queue
[2025-09-29T16:04:10.161+0000] {logging_mixin.py:188} INFO - [2025-09-29T16:04:10.160+0000] {dagbag.py:545} INFO - Filling up the DagBag from /home/airflow/.local/lib/python3.12/site-packages/airflow/example_dags/example_datasets.py
[2025-09-29T16:04:10.193+0000] {processor.py:840} INFO - DAG(s) 'dataset_consumes_1_never_scheduled', 'dataset_consumes_1_and_2', 'dataset_produces_1', 'consume_1_and_2_with_dataset_expressions', 'dataset_consumes_1', 'dataset_produces_2', 'consume_1_or_2_with_dataset_expressions', 'consume_1_or_both_2_and_3_with_dataset_expressions', 'dataset_consumes_unknown_never_scheduled', 'conditional_dataset_and_time_based_timetable' retrieved from /home/airflow/.local/lib/python3.12/site-packages/airflow/example_dags/example_datasets.py
[2025-09-29T16:04:10.314+0000] {logging_mixin.py:188} INFO - [2025-09-29T16:04:10.314+0000] {dag.py:3089} INFO - Sync 10 DAGs
[2025-09-29T16:04:10.375+0000] {logging_mixin.py:188} INFO - [2025-09-29T16:04:10.374+0000] {dag.py:3947} INFO - Setting next_dagrun for conditional_dataset_and_time_based_timetable to 2025-09-24 01:00:00+00:00, run_after=2025-09-24 01:00:00+00:00
[2025-09-29T16:04:10.383+0000] {logging_mixin.py:188} INFO - [2025-09-29T16:04:10.382+0000] {dag.py:3947} INFO - Setting next_dagrun for consume_1_and_2_with_dataset_expressions to None, run_after=None
[2025-09-29T16:04:10.386+0000] {logging_mixin.py:188} INFO - [2025-09-29T16:04:10.386+0000] {dag.py:3947} INFO - Setting next_dagrun for consume_1_or_2_with_dataset_expressions to None, run_after=None
[2025-09-29T16:04:10.389+0000] {logging_mixin.py:188} INFO - [2025-09-29T16:04:10.389+0000] {dag.py:3947} INFO - Setting next_dagrun for consume_1_or_both_2_and_3_with_dataset_expressions to None, run_after=None
[2025-09-29T16:04:10.392+0000] {logging_mixin.py:188} INFO - [2025-09-29T16:04:10.391+0000] {dag.py:3947} INFO - Setting next_dagrun for dataset_consumes_1 to None, run_after=None
[2025-09-29T16:04:10.395+0000] {logging_mixin.py:188} INFO - [2025-09-29T16:04:10.394+0000] {dag.py:3947} INFO - Setting next_dagrun for dataset_consumes_1_and_2 to None, run_after=None
[2025-09-29T16:04:10.398+0000] {logging_mixin.py:188} INFO - [2025-09-29T16:04:10.398+0000] {dag.py:3947} INFO - Setting next_dagrun for dataset_consumes_1_never_scheduled to None, run_after=None
[2025-09-29T16:04:10.401+0000] {logging_mixin.py:188} INFO - [2025-09-29T16:04:10.400+0000] {dag.py:3947} INFO - Setting next_dagrun for dataset_consumes_unknown_never_scheduled to None, run_after=None
[2025-09-29T16:04:10.406+0000] {logging_mixin.py:188} INFO - [2025-09-29T16:04:10.406+0000] {dag.py:3947} INFO - Setting next_dagrun for dataset_produces_1 to 2025-09-28 00:00:00+00:00, run_after=2025-09-29 00:00:00+00:00
[2025-09-29T16:04:10.409+0000] {logging_mixin.py:188} INFO - [2025-09-29T16:04:10.409+0000] {dag.py:3947} INFO - Setting next_dagrun for dataset_produces_2 to None, run_after=None
[2025-09-29T16:04:10.494+0000] {processor.py:183} INFO - Processing /home/airflow/.local/lib/python3.12/site-packages/airflow/example_dags/example_datasets.py took 0.354 seconds
[2025-09-29T16:04:40.797+0000] {processor.py:161} INFO - Started process (PID=16286) to work on /home/airflow/.local/lib/python3.12/site-packages/airflow/example_dags/example_datasets.py
[2025-09-29T16:04:40.799+0000] {processor.py:830} INFO - Processing file /home/airflow/.local/lib/python3.12/site-packages/airflow/example_dags/example_datasets.py for tasks to queue
[2025-09-29T16:04:40.803+0000] {logging_mixin.py:188} INFO - [2025-09-29T16:04:40.802+0000] {dagbag.py:545} INFO - Filling up the DagBag from /home/airflow/.local/lib/python3.12/site-packages/airflow/example_dags/example_datasets.py
[2025-09-29T16:04:40.834+0000] {processor.py:840} INFO - DAG(s) 'dataset_consumes_1_and_2', 'dataset_consumes_1', 'consume_1_and_2_with_dataset_expressions', 'dataset_produces_1', 'dataset_consumes_unknown_never_scheduled', 'conditional_dataset_and_time_based_timetable', 'consume_1_or_2_with_dataset_expressions', 'dataset_consumes_1_never_scheduled', 'consume_1_or_both_2_and_3_with_dataset_expressions', 'dataset_produces_2' retrieved from /home/airflow/.local/lib/python3.12/site-packages/airflow/example_dags/example_datasets.py
[2025-09-29T16:04:40.952+0000] {logging_mixin.py:188} INFO - [2025-09-29T16:04:40.952+0000] {dag.py:3089} INFO - Sync 10 DAGs
[2025-09-29T16:04:41.018+0000] {logging_mixin.py:188} INFO - [2025-09-29T16:04:41.017+0000] {dag.py:3947} INFO - Setting next_dagrun for conditional_dataset_and_time_based_timetable to 2025-09-24 01:00:00+00:00, run_after=2025-09-24 01:00:00+00:00
[2025-09-29T16:04:41.026+0000] {logging_mixin.py:188} INFO - [2025-09-29T16:04:41.025+0000] {dag.py:3947} INFO - Setting next_dagrun for consume_1_and_2_with_dataset_expressions to None, run_after=None
[2025-09-29T16:04:41.029+0000] {logging_mixin.py:188} INFO - [2025-09-29T16:04:41.028+0000] {dag.py:3947} INFO - Setting next_dagrun for consume_1_or_2_with_dataset_expressions to None, run_after=None
[2025-09-29T16:04:41.031+0000] {logging_mixin.py:188} INFO - [2025-09-29T16:04:41.031+0000] {dag.py:3947} INFO - Setting next_dagrun for consume_1_or_both_2_and_3_with_dataset_expressions to None, run_after=None
[2025-09-29T16:04:41.036+0000] {logging_mixin.py:188} INFO - [2025-09-29T16:04:41.036+0000] {dag.py:3947} INFO - Setting next_dagrun for dataset_consumes_1 to None, run_after=None
[2025-09-29T16:04:41.040+0000] {logging_mixin.py:188} INFO - [2025-09-29T16:04:41.039+0000] {dag.py:3947} INFO - Setting next_dagrun for dataset_consumes_1_and_2 to None, run_after=None
[2025-09-29T16:04:41.043+0000] {logging_mixin.py:188} INFO - [2025-09-29T16:04:41.042+0000] {dag.py:3947} INFO - Setting next_dagrun for dataset_consumes_1_never_scheduled to None, run_after=None
[2025-09-29T16:04:41.046+0000] {logging_mixin.py:188} INFO - [2025-09-29T16:04:41.045+0000] {dag.py:3947} INFO - Setting next_dagrun for dataset_consumes_unknown_never_scheduled to None, run_after=None
[2025-09-29T16:04:41.051+0000] {logging_mixin.py:188} INFO - [2025-09-29T16:04:41.051+0000] {dag.py:3947} INFO - Setting next_dagrun for dataset_produces_1 to 2025-09-28 00:00:00+00:00, run_after=2025-09-29 00:00:00+00:00
[2025-09-29T16:04:41.054+0000] {logging_mixin.py:188} INFO - [2025-09-29T16:04:41.054+0000] {dag.py:3947} INFO - Setting next_dagrun for dataset_produces_2 to None, run_after=None
[2025-09-29T16:04:41.142+0000] {processor.py:183} INFO - Processing /home/airflow/.local/lib/python3.12/site-packages/airflow/example_dags/example_datasets.py took 0.359 seconds
[2025-09-29T16:05:11.344+0000] {processor.py:161} INFO - Started process (PID=16548) to work on /home/airflow/.local/lib/python3.12/site-packages/airflow/example_dags/example_datasets.py
[2025-09-29T16:05:11.347+0000] {processor.py:830} INFO - Processing file /home/airflow/.local/lib/python3.12/site-packages/airflow/example_dags/example_datasets.py for tasks to queue
[2025-09-29T16:05:11.351+0000] {logging_mixin.py:188} INFO - [2025-09-29T16:05:11.350+0000] {dagbag.py:545} INFO - Filling up the DagBag from /home/airflow/.local/lib/python3.12/site-packages/airflow/example_dags/example_datasets.py
[2025-09-29T16:05:11.393+0000] {processor.py:840} INFO - DAG(s) 'dataset_consumes_1_never_scheduled', 'consume_1_or_2_with_dataset_expressions', 'dataset_consumes_1', 'consume_1_or_both_2_and_3_with_dataset_expressions', 'dataset_produces_1', 'dataset_consumes_unknown_never_scheduled', 'dataset_consumes_1_and_2', 'consume_1_and_2_with_dataset_expressions', 'conditional_dataset_and_time_based_timetable', 'dataset_produces_2' retrieved from /home/airflow/.local/lib/python3.12/site-packages/airflow/example_dags/example_datasets.py
[2025-09-29T16:05:11.540+0000] {logging_mixin.py:188} INFO - [2025-09-29T16:05:11.540+0000] {dag.py:3089} INFO - Sync 10 DAGs
[2025-09-29T16:05:11.599+0000] {logging_mixin.py:188} INFO - [2025-09-29T16:05:11.598+0000] {dag.py:3947} INFO - Setting next_dagrun for conditional_dataset_and_time_based_timetable to 2025-09-24 01:00:00+00:00, run_after=2025-09-24 01:00:00+00:00
[2025-09-29T16:05:11.606+0000] {logging_mixin.py:188} INFO - [2025-09-29T16:05:11.606+0000] {dag.py:3947} INFO - Setting next_dagrun for consume_1_and_2_with_dataset_expressions to None, run_after=None
[2025-09-29T16:05:11.609+0000] {logging_mixin.py:188} INFO - [2025-09-29T16:05:11.609+0000] {dag.py:3947} INFO - Setting next_dagrun for consume_1_or_2_with_dataset_expressions to None, run_after=None
[2025-09-29T16:05:11.613+0000] {logging_mixin.py:188} INFO - [2025-09-29T16:05:11.612+0000] {dag.py:3947} INFO - Setting next_dagrun for consume_1_or_both_2_and_3_with_dataset_expressions to None, run_after=None
[2025-09-29T16:05:11.616+0000] {logging_mixin.py:188} INFO - [2025-09-29T16:05:11.615+0000] {dag.py:3947} INFO - Setting next_dagrun for dataset_consumes_1 to None, run_after=None
[2025-09-29T16:05:11.619+0000] {logging_mixin.py:188} INFO - [2025-09-29T16:05:11.618+0000] {dag.py:3947} INFO - Setting next_dagrun for dataset_consumes_1_and_2 to None, run_after=None
[2025-09-29T16:05:11.622+0000] {logging_mixin.py:188} INFO - [2025-09-29T16:05:11.621+0000] {dag.py:3947} INFO - Setting next_dagrun for dataset_consumes_1_never_scheduled to None, run_after=None
[2025-09-29T16:05:11.625+0000] {logging_mixin.py:188} INFO - [2025-09-29T16:05:11.624+0000] {dag.py:3947} INFO - Setting next_dagrun for dataset_consumes_unknown_never_scheduled to None, run_after=None
[2025-09-29T16:05:11.630+0000] {logging_mixin.py:188} INFO - [2025-09-29T16:05:11.630+0000] {dag.py:3947} INFO - Setting next_dagrun for dataset_produces_1 to 2025-09-28 00:00:00+00:00, run_after=2025-09-29 00:00:00+00:00
[2025-09-29T16:05:11.633+0000] {logging_mixin.py:188} INFO - [2025-09-29T16:05:11.633+0000] {dag.py:3947} INFO - Setting next_dagrun for dataset_produces_2 to None, run_after=None
[2025-09-29T16:05:11.747+0000] {processor.py:183} INFO - Processing /home/airflow/.local/lib/python3.12/site-packages/airflow/example_dags/example_datasets.py took 0.419 seconds
[2025-09-29T16:05:41.919+0000] {processor.py:161} INFO - Started process (PID=16810) to work on /home/airflow/.local/lib/python3.12/site-packages/airflow/example_dags/example_datasets.py
[2025-09-29T16:05:41.921+0000] {processor.py:830} INFO - Processing file /home/airflow/.local/lib/python3.12/site-packages/airflow/example_dags/example_datasets.py for tasks to queue
[2025-09-29T16:05:41.925+0000] {logging_mixin.py:188} INFO - [2025-09-29T16:05:41.924+0000] {dagbag.py:545} INFO - Filling up the DagBag from /home/airflow/.local/lib/python3.12/site-packages/airflow/example_dags/example_datasets.py
[2025-09-29T16:05:41.956+0000] {processor.py:840} INFO - DAG(s) 'dataset_produces_2', 'dataset_consumes_unknown_never_scheduled', 'consume_1_and_2_with_dataset_expressions', 'dataset_consumes_1_never_scheduled', 'consume_1_or_both_2_and_3_with_dataset_expressions', 'dataset_consumes_1', 'dataset_consumes_1_and_2', 'consume_1_or_2_with_dataset_expressions', 'conditional_dataset_and_time_based_timetable', 'dataset_produces_1' retrieved from /home/airflow/.local/lib/python3.12/site-packages/airflow/example_dags/example_datasets.py
[2025-09-29T16:05:42.073+0000] {logging_mixin.py:188} INFO - [2025-09-29T16:05:42.073+0000] {dag.py:3089} INFO - Sync 10 DAGs
[2025-09-29T16:05:42.131+0000] {logging_mixin.py:188} INFO - [2025-09-29T16:05:42.130+0000] {dag.py:3947} INFO - Setting next_dagrun for conditional_dataset_and_time_based_timetable to 2025-09-24 01:00:00+00:00, run_after=2025-09-24 01:00:00+00:00
[2025-09-29T16:05:42.139+0000] {logging_mixin.py:188} INFO - [2025-09-29T16:05:42.139+0000] {dag.py:3947} INFO - Setting next_dagrun for consume_1_and_2_with_dataset_expressions to None, run_after=None
[2025-09-29T16:05:42.142+0000] {logging_mixin.py:188} INFO - [2025-09-29T16:05:42.142+0000] {dag.py:3947} INFO - Setting next_dagrun for consume_1_or_2_with_dataset_expressions to None, run_after=None
[2025-09-29T16:05:42.145+0000] {logging_mixin.py:188} INFO - [2025-09-29T16:05:42.144+0000] {dag.py:3947} INFO - Setting next_dagrun for consume_1_or_both_2_and_3_with_dataset_expressions to None, run_after=None
[2025-09-29T16:05:42.147+0000] {logging_mixin.py:188} INFO - [2025-09-29T16:05:42.147+0000] {dag.py:3947} INFO - Setting next_dagrun for dataset_consumes_1 to None, run_after=None
[2025-09-29T16:05:42.150+0000] {logging_mixin.py:188} INFO - [2025-09-29T16:05:42.150+0000] {dag.py:3947} INFO - Setting next_dagrun for dataset_consumes_1_and_2 to None, run_after=None
[2025-09-29T16:05:42.153+0000] {logging_mixin.py:188} INFO - [2025-09-29T16:05:42.153+0000] {dag.py:3947} INFO - Setting next_dagrun for dataset_consumes_1_never_scheduled to None, run_after=None
[2025-09-29T16:05:42.156+0000] {logging_mixin.py:188} INFO - [2025-09-29T16:05:42.155+0000] {dag.py:3947} INFO - Setting next_dagrun for dataset_consumes_unknown_never_scheduled to None, run_after=None
[2025-09-29T16:05:42.161+0000] {logging_mixin.py:188} INFO - [2025-09-29T16:05:42.160+0000] {dag.py:3947} INFO - Setting next_dagrun for dataset_produces_1 to 2025-09-28 00:00:00+00:00, run_after=2025-09-29 00:00:00+00:00
[2025-09-29T16:05:42.164+0000] {logging_mixin.py:188} INFO - [2025-09-29T16:05:42.163+0000] {dag.py:3947} INFO - Setting next_dagrun for dataset_produces_2 to None, run_after=None
[2025-09-29T16:05:42.246+0000] {processor.py:183} INFO - Processing /home/airflow/.local/lib/python3.12/site-packages/airflow/example_dags/example_datasets.py took 0.341 seconds
[2025-09-29T16:06:12.640+0000] {processor.py:161} INFO - Started process (PID=17072) to work on /home/airflow/.local/lib/python3.12/site-packages/airflow/example_dags/example_datasets.py
[2025-09-29T16:06:12.649+0000] {processor.py:830} INFO - Processing file /home/airflow/.local/lib/python3.12/site-packages/airflow/example_dags/example_datasets.py for tasks to queue
[2025-09-29T16:06:12.655+0000] {logging_mixin.py:188} INFO - [2025-09-29T16:06:12.654+0000] {dagbag.py:545} INFO - Filling up the DagBag from /home/airflow/.local/lib/python3.12/site-packages/airflow/example_dags/example_datasets.py
[2025-09-29T16:06:12.700+0000] {processor.py:840} INFO - DAG(s) 'dataset_produces_2', 'consume_1_and_2_with_dataset_expressions', 'dataset_produces_1', 'dataset_consumes_1', 'dataset_consumes_1_and_2', 'conditional_dataset_and_time_based_timetable', 'dataset_consumes_1_never_scheduled', 'dataset_consumes_unknown_never_scheduled', 'consume_1_or_2_with_dataset_expressions', 'consume_1_or_both_2_and_3_with_dataset_expressions' retrieved from /home/airflow/.local/lib/python3.12/site-packages/airflow/example_dags/example_datasets.py
[2025-09-29T16:06:12.835+0000] {logging_mixin.py:188} INFO - [2025-09-29T16:06:12.834+0000] {dag.py:3089} INFO - Sync 10 DAGs
[2025-09-29T16:06:12.895+0000] {logging_mixin.py:188} INFO - [2025-09-29T16:06:12.895+0000] {dag.py:3947} INFO - Setting next_dagrun for conditional_dataset_and_time_based_timetable to 2025-09-24 01:00:00+00:00, run_after=2025-09-24 01:00:00+00:00
[2025-09-29T16:06:12.904+0000] {logging_mixin.py:188} INFO - [2025-09-29T16:06:12.903+0000] {dag.py:3947} INFO - Setting next_dagrun for consume_1_and_2_with_dataset_expressions to None, run_after=None
[2025-09-29T16:06:12.908+0000] {logging_mixin.py:188} INFO - [2025-09-29T16:06:12.907+0000] {dag.py:3947} INFO - Setting next_dagrun for consume_1_or_2_with_dataset_expressions to None, run_after=None
[2025-09-29T16:06:12.911+0000] {logging_mixin.py:188} INFO - [2025-09-29T16:06:12.910+0000] {dag.py:3947} INFO - Setting next_dagrun for consume_1_or_both_2_and_3_with_dataset_expressions to None, run_after=None
[2025-09-29T16:06:12.914+0000] {logging_mixin.py:188} INFO - [2025-09-29T16:06:12.914+0000] {dag.py:3947} INFO - Setting next_dagrun for dataset_consumes_1 to None, run_after=None
[2025-09-29T16:06:12.918+0000] {logging_mixin.py:188} INFO - [2025-09-29T16:06:12.918+0000] {dag.py:3947} INFO - Setting next_dagrun for dataset_consumes_1_and_2 to None, run_after=None
[2025-09-29T16:06:12.922+0000] {logging_mixin.py:188} INFO - [2025-09-29T16:06:12.921+0000] {dag.py:3947} INFO - Setting next_dagrun for dataset_consumes_1_never_scheduled to None, run_after=None
[2025-09-29T16:06:12.925+0000] {logging_mixin.py:188} INFO - [2025-09-29T16:06:12.924+0000] {dag.py:3947} INFO - Setting next_dagrun for dataset_consumes_unknown_never_scheduled to None, run_after=None
[2025-09-29T16:06:12.930+0000] {logging_mixin.py:188} INFO - [2025-09-29T16:06:12.929+0000] {dag.py:3947} INFO - Setting next_dagrun for dataset_produces_1 to 2025-09-28 00:00:00+00:00, run_after=2025-09-29 00:00:00+00:00
[2025-09-29T16:06:12.933+0000] {logging_mixin.py:188} INFO - [2025-09-29T16:06:12.933+0000] {dag.py:3947} INFO - Setting next_dagrun for dataset_produces_2 to None, run_after=None
[2025-09-29T16:06:13.031+0000] {processor.py:183} INFO - Processing /home/airflow/.local/lib/python3.12/site-packages/airflow/example_dags/example_datasets.py took 0.411 seconds
[2025-09-29T16:06:43.475+0000] {processor.py:161} INFO - Started process (PID=17334) to work on /home/airflow/.local/lib/python3.12/site-packages/airflow/example_dags/example_datasets.py
[2025-09-29T16:06:43.477+0000] {processor.py:830} INFO - Processing file /home/airflow/.local/lib/python3.12/site-packages/airflow/example_dags/example_datasets.py for tasks to queue
[2025-09-29T16:06:43.481+0000] {logging_mixin.py:188} INFO - [2025-09-29T16:06:43.480+0000] {dagbag.py:545} INFO - Filling up the DagBag from /home/airflow/.local/lib/python3.12/site-packages/airflow/example_dags/example_datasets.py
[2025-09-29T16:06:43.513+0000] {processor.py:840} INFO - DAG(s) 'dataset_consumes_1', 'dataset_consumes_1_and_2', 'consume_1_and_2_with_dataset_expressions', 'dataset_consumes_1_never_scheduled', 'dataset_produces_1', 'consume_1_or_both_2_and_3_with_dataset_expressions', 'conditional_dataset_and_time_based_timetable', 'dataset_consumes_unknown_never_scheduled', 'dataset_produces_2', 'consume_1_or_2_with_dataset_expressions' retrieved from /home/airflow/.local/lib/python3.12/site-packages/airflow/example_dags/example_datasets.py
[2025-09-29T16:06:43.635+0000] {logging_mixin.py:188} INFO - [2025-09-29T16:06:43.634+0000] {dag.py:3089} INFO - Sync 10 DAGs
[2025-09-29T16:06:43.694+0000] {logging_mixin.py:188} INFO - [2025-09-29T16:06:43.693+0000] {dag.py:3947} INFO - Setting next_dagrun for conditional_dataset_and_time_based_timetable to 2025-09-24 01:00:00+00:00, run_after=2025-09-24 01:00:00+00:00
[2025-09-29T16:06:43.702+0000] {logging_mixin.py:188} INFO - [2025-09-29T16:06:43.701+0000] {dag.py:3947} INFO - Setting next_dagrun for consume_1_and_2_with_dataset_expressions to None, run_after=None
[2025-09-29T16:06:43.705+0000] {logging_mixin.py:188} INFO - [2025-09-29T16:06:43.705+0000] {dag.py:3947} INFO - Setting next_dagrun for consume_1_or_2_with_dataset_expressions to None, run_after=None
[2025-09-29T16:06:43.709+0000] {logging_mixin.py:188} INFO - [2025-09-29T16:06:43.708+0000] {dag.py:3947} INFO - Setting next_dagrun for consume_1_or_both_2_and_3_with_dataset_expressions to None, run_after=None
[2025-09-29T16:06:43.712+0000] {logging_mixin.py:188} INFO - [2025-09-29T16:06:43.711+0000] {dag.py:3947} INFO - Setting next_dagrun for dataset_consumes_1 to None, run_after=None
[2025-09-29T16:06:43.715+0000] {logging_mixin.py:188} INFO - [2025-09-29T16:06:43.715+0000] {dag.py:3947} INFO - Setting next_dagrun for dataset_consumes_1_and_2 to None, run_after=None
[2025-09-29T16:06:43.718+0000] {logging_mixin.py:188} INFO - [2025-09-29T16:06:43.718+0000] {dag.py:3947} INFO - Setting next_dagrun for dataset_consumes_1_never_scheduled to None, run_after=None
[2025-09-29T16:06:43.721+0000] {logging_mixin.py:188} INFO - [2025-09-29T16:06:43.721+0000] {dag.py:3947} INFO - Setting next_dagrun for dataset_consumes_unknown_never_scheduled to None, run_after=None
[2025-09-29T16:06:43.727+0000] {logging_mixin.py:188} INFO - [2025-09-29T16:06:43.726+0000] {dag.py:3947} INFO - Setting next_dagrun for dataset_produces_1 to 2025-09-28 00:00:00+00:00, run_after=2025-09-29 00:00:00+00:00
[2025-09-29T16:06:43.730+0000] {logging_mixin.py:188} INFO - [2025-09-29T16:06:43.730+0000] {dag.py:3947} INFO - Setting next_dagrun for dataset_produces_2 to None, run_after=None
[2025-09-29T16:06:43.812+0000] {processor.py:183} INFO - Processing /home/airflow/.local/lib/python3.12/site-packages/airflow/example_dags/example_datasets.py took 0.351 seconds
[2025-09-29T16:07:13.919+0000] {processor.py:161} INFO - Started process (PID=17599) to work on /home/airflow/.local/lib/python3.12/site-packages/airflow/example_dags/example_datasets.py
[2025-09-29T16:07:13.922+0000] {processor.py:830} INFO - Processing file /home/airflow/.local/lib/python3.12/site-packages/airflow/example_dags/example_datasets.py for tasks to queue
[2025-09-29T16:07:13.927+0000] {logging_mixin.py:188} INFO - [2025-09-29T16:07:13.926+0000] {dagbag.py:545} INFO - Filling up the DagBag from /home/airflow/.local/lib/python3.12/site-packages/airflow/example_dags/example_datasets.py
[2025-09-29T16:07:13.962+0000] {processor.py:840} INFO - DAG(s) 'dataset_produces_1', 'consume_1_or_2_with_dataset_expressions', 'dataset_consumes_1_never_scheduled', 'consume_1_or_both_2_and_3_with_dataset_expressions', 'conditional_dataset_and_time_based_timetable', 'dataset_consumes_1', 'dataset_produces_2', 'dataset_consumes_unknown_never_scheduled', 'dataset_consumes_1_and_2', 'consume_1_and_2_with_dataset_expressions' retrieved from /home/airflow/.local/lib/python3.12/site-packages/airflow/example_dags/example_datasets.py
[2025-09-29T16:07:14.083+0000] {logging_mixin.py:188} INFO - [2025-09-29T16:07:14.082+0000] {dag.py:3089} INFO - Sync 10 DAGs
[2025-09-29T16:07:14.138+0000] {logging_mixin.py:188} INFO - [2025-09-29T16:07:14.137+0000] {dag.py:3947} INFO - Setting next_dagrun for conditional_dataset_and_time_based_timetable to 2025-09-24 01:00:00+00:00, run_after=2025-09-24 01:00:00+00:00
[2025-09-29T16:07:14.146+0000] {logging_mixin.py:188} INFO - [2025-09-29T16:07:14.145+0000] {dag.py:3947} INFO - Setting next_dagrun for consume_1_and_2_with_dataset_expressions to None, run_after=None
[2025-09-29T16:07:14.149+0000] {logging_mixin.py:188} INFO - [2025-09-29T16:07:14.148+0000] {dag.py:3947} INFO - Setting next_dagrun for consume_1_or_2_with_dataset_expressions to None, run_after=None
[2025-09-29T16:07:14.152+0000] {logging_mixin.py:188} INFO - [2025-09-29T16:07:14.152+0000] {dag.py:3947} INFO - Setting next_dagrun for consume_1_or_both_2_and_3_with_dataset_expressions to None, run_after=None
[2025-09-29T16:07:14.156+0000] {logging_mixin.py:188} INFO - [2025-09-29T16:07:14.155+0000] {dag.py:3947} INFO - Setting next_dagrun for dataset_consumes_1 to None, run_after=None
[2025-09-29T16:07:14.159+0000] {logging_mixin.py:188} INFO - [2025-09-29T16:07:14.158+0000] {dag.py:3947} INFO - Setting next_dagrun for dataset_consumes_1_and_2 to None, run_after=None
[2025-09-29T16:07:14.162+0000] {logging_mixin.py:188} INFO - [2025-09-29T16:07:14.162+0000] {dag.py:3947} INFO - Setting next_dagrun for dataset_consumes_1_never_scheduled to None, run_after=None
[2025-09-29T16:07:14.165+0000] {logging_mixin.py:188} INFO - [2025-09-29T16:07:14.165+0000] {dag.py:3947} INFO - Setting next_dagrun for dataset_consumes_unknown_never_scheduled to None, run_after=None
[2025-09-29T16:07:14.171+0000] {logging_mixin.py:188} INFO - [2025-09-29T16:07:14.170+0000] {dag.py:3947} INFO - Setting next_dagrun for dataset_produces_1 to 2025-09-28 00:00:00+00:00, run_after=2025-09-29 00:00:00+00:00
[2025-09-29T16:07:14.175+0000] {logging_mixin.py:188} INFO - [2025-09-29T16:07:14.174+0000] {dag.py:3947} INFO - Setting next_dagrun for dataset_produces_2 to None, run_after=None
[2025-09-29T16:07:14.259+0000] {processor.py:183} INFO - Processing /home/airflow/.local/lib/python3.12/site-packages/airflow/example_dags/example_datasets.py took 0.355 seconds
[2025-09-29T16:07:44.444+0000] {processor.py:161} INFO - Started process (PID=17856) to work on /home/airflow/.local/lib/python3.12/site-packages/airflow/example_dags/example_datasets.py
[2025-09-29T16:07:44.447+0000] {processor.py:830} INFO - Processing file /home/airflow/.local/lib/python3.12/site-packages/airflow/example_dags/example_datasets.py for tasks to queue
[2025-09-29T16:07:44.451+0000] {logging_mixin.py:188} INFO - [2025-09-29T16:07:44.450+0000] {dagbag.py:545} INFO - Filling up the DagBag from /home/airflow/.local/lib/python3.12/site-packages/airflow/example_dags/example_datasets.py
[2025-09-29T16:07:44.482+0000] {processor.py:840} INFO - DAG(s) 'dataset_produces_1', 'dataset_consumes_1_never_scheduled', 'consume_1_and_2_with_dataset_expressions', 'dataset_consumes_unknown_never_scheduled', 'dataset_produces_2', 'dataset_consumes_1_and_2', 'dataset_consumes_1', 'conditional_dataset_and_time_based_timetable', 'consume_1_or_both_2_and_3_with_dataset_expressions', 'consume_1_or_2_with_dataset_expressions' retrieved from /home/airflow/.local/lib/python3.12/site-packages/airflow/example_dags/example_datasets.py
[2025-09-29T16:07:44.603+0000] {logging_mixin.py:188} INFO - [2025-09-29T16:07:44.602+0000] {dag.py:3089} INFO - Sync 10 DAGs
[2025-09-29T16:07:44.663+0000] {logging_mixin.py:188} INFO - [2025-09-29T16:07:44.663+0000] {dag.py:3947} INFO - Setting next_dagrun for conditional_dataset_and_time_based_timetable to 2025-09-24 01:00:00+00:00, run_after=2025-09-24 01:00:00+00:00
[2025-09-29T16:07:44.673+0000] {logging_mixin.py:188} INFO - [2025-09-29T16:07:44.672+0000] {dag.py:3947} INFO - Setting next_dagrun for consume_1_and_2_with_dataset_expressions to None, run_after=None
[2025-09-29T16:07:44.676+0000] {logging_mixin.py:188} INFO - [2025-09-29T16:07:44.676+0000] {dag.py:3947} INFO - Setting next_dagrun for consume_1_or_2_with_dataset_expressions to None, run_after=None
[2025-09-29T16:07:44.679+0000] {logging_mixin.py:188} INFO - [2025-09-29T16:07:44.678+0000] {dag.py:3947} INFO - Setting next_dagrun for consume_1_or_both_2_and_3_with_dataset_expressions to None, run_after=None
[2025-09-29T16:07:44.681+0000] {logging_mixin.py:188} INFO - [2025-09-29T16:07:44.681+0000] {dag.py:3947} INFO - Setting next_dagrun for dataset_consumes_1 to None, run_after=None
[2025-09-29T16:07:44.685+0000] {logging_mixin.py:188} INFO - [2025-09-29T16:07:44.684+0000] {dag.py:3947} INFO - Setting next_dagrun for dataset_consumes_1_and_2 to None, run_after=None
[2025-09-29T16:07:44.689+0000] {logging_mixin.py:188} INFO - [2025-09-29T16:07:44.688+0000] {dag.py:3947} INFO - Setting next_dagrun for dataset_consumes_1_never_scheduled to None, run_after=None
[2025-09-29T16:07:44.692+0000] {logging_mixin.py:188} INFO - [2025-09-29T16:07:44.692+0000] {dag.py:3947} INFO - Setting next_dagrun for dataset_consumes_unknown_never_scheduled to None, run_after=None
[2025-09-29T16:07:44.697+0000] {logging_mixin.py:188} INFO - [2025-09-29T16:07:44.697+0000] {dag.py:3947} INFO - Setting next_dagrun for dataset_produces_1 to 2025-09-28 00:00:00+00:00, run_after=2025-09-29 00:00:00+00:00
[2025-09-29T16:07:44.700+0000] {logging_mixin.py:188} INFO - [2025-09-29T16:07:44.700+0000] {dag.py:3947} INFO - Setting next_dagrun for dataset_produces_2 to None, run_after=None
[2025-09-29T16:07:44.785+0000] {processor.py:183} INFO - Processing /home/airflow/.local/lib/python3.12/site-packages/airflow/example_dags/example_datasets.py took 0.356 seconds
[2025-09-29T16:08:15.325+0000] {processor.py:161} INFO - Started process (PID=18118) to work on /home/airflow/.local/lib/python3.12/site-packages/airflow/example_dags/example_datasets.py
[2025-09-29T16:08:15.329+0000] {processor.py:830} INFO - Processing file /home/airflow/.local/lib/python3.12/site-packages/airflow/example_dags/example_datasets.py for tasks to queue
[2025-09-29T16:08:15.334+0000] {logging_mixin.py:188} INFO - [2025-09-29T16:08:15.333+0000] {dagbag.py:545} INFO - Filling up the DagBag from /home/airflow/.local/lib/python3.12/site-packages/airflow/example_dags/example_datasets.py
[2025-09-29T16:08:15.372+0000] {processor.py:840} INFO - DAG(s) 'consume_1_or_both_2_and_3_with_dataset_expressions', 'consume_1_or_2_with_dataset_expressions', 'conditional_dataset_and_time_based_timetable', 'dataset_produces_2', 'dataset_consumes_1_and_2', 'dataset_consumes_1_never_scheduled', 'dataset_produces_1', 'dataset_consumes_unknown_never_scheduled', 'dataset_consumes_1', 'consume_1_and_2_with_dataset_expressions' retrieved from /home/airflow/.local/lib/python3.12/site-packages/airflow/example_dags/example_datasets.py
[2025-09-29T16:08:15.584+0000] {logging_mixin.py:188} INFO - [2025-09-29T16:08:15.584+0000] {dag.py:3089} INFO - Sync 10 DAGs
[2025-09-29T16:08:15.713+0000] {logging_mixin.py:188} INFO - [2025-09-29T16:08:15.712+0000] {dag.py:3947} INFO - Setting next_dagrun for conditional_dataset_and_time_based_timetable to 2025-09-24 01:00:00+00:00, run_after=2025-09-24 01:00:00+00:00
[2025-09-29T16:08:15.727+0000] {logging_mixin.py:188} INFO - [2025-09-29T16:08:15.727+0000] {dag.py:3947} INFO - Setting next_dagrun for consume_1_and_2_with_dataset_expressions to None, run_after=None
[2025-09-29T16:08:15.731+0000] {logging_mixin.py:188} INFO - [2025-09-29T16:08:15.731+0000] {dag.py:3947} INFO - Setting next_dagrun for consume_1_or_2_with_dataset_expressions to None, run_after=None
[2025-09-29T16:08:15.735+0000] {logging_mixin.py:188} INFO - [2025-09-29T16:08:15.735+0000] {dag.py:3947} INFO - Setting next_dagrun for consume_1_or_both_2_and_3_with_dataset_expressions to None, run_after=None
[2025-09-29T16:08:15.740+0000] {logging_mixin.py:188} INFO - [2025-09-29T16:08:15.740+0000] {dag.py:3947} INFO - Setting next_dagrun for dataset_consumes_1 to None, run_after=None
[2025-09-29T16:08:15.745+0000] {logging_mixin.py:188} INFO - [2025-09-29T16:08:15.744+0000] {dag.py:3947} INFO - Setting next_dagrun for dataset_consumes_1_and_2 to None, run_after=None
[2025-09-29T16:08:15.749+0000] {logging_mixin.py:188} INFO - [2025-09-29T16:08:15.748+0000] {dag.py:3947} INFO - Setting next_dagrun for dataset_consumes_1_never_scheduled to None, run_after=None
[2025-09-29T16:08:15.752+0000] {logging_mixin.py:188} INFO - [2025-09-29T16:08:15.752+0000] {dag.py:3947} INFO - Setting next_dagrun for dataset_consumes_unknown_never_scheduled to None, run_after=None
[2025-09-29T16:08:15.757+0000] {logging_mixin.py:188} INFO - [2025-09-29T16:08:15.757+0000] {dag.py:3947} INFO - Setting next_dagrun for dataset_produces_1 to 2025-09-28 00:00:00+00:00, run_after=2025-09-29 00:00:00+00:00
[2025-09-29T16:08:15.760+0000] {logging_mixin.py:188} INFO - [2025-09-29T16:08:15.760+0000] {dag.py:3947} INFO - Setting next_dagrun for dataset_produces_2 to None, run_after=None
[2025-09-29T16:08:15.853+0000] {processor.py:183} INFO - Processing /home/airflow/.local/lib/python3.12/site-packages/airflow/example_dags/example_datasets.py took 0.543 seconds
[2025-09-29T16:08:46.471+0000] {processor.py:161} INFO - Started process (PID=18379) to work on /home/airflow/.local/lib/python3.12/site-packages/airflow/example_dags/example_datasets.py
[2025-09-29T16:08:46.473+0000] {processor.py:830} INFO - Processing file /home/airflow/.local/lib/python3.12/site-packages/airflow/example_dags/example_datasets.py for tasks to queue
[2025-09-29T16:08:46.477+0000] {logging_mixin.py:188} INFO - [2025-09-29T16:08:46.477+0000] {dagbag.py:545} INFO - Filling up the DagBag from /home/airflow/.local/lib/python3.12/site-packages/airflow/example_dags/example_datasets.py
[2025-09-29T16:08:46.512+0000] {processor.py:840} INFO - DAG(s) 'dataset_consumes_1', 'dataset_consumes_1_never_scheduled', 'consume_1_or_2_with_dataset_expressions', 'consume_1_or_both_2_and_3_with_dataset_expressions', 'dataset_produces_1', 'consume_1_and_2_with_dataset_expressions', 'dataset_consumes_unknown_never_scheduled', 'dataset_produces_2', 'conditional_dataset_and_time_based_timetable', 'dataset_consumes_1_and_2' retrieved from /home/airflow/.local/lib/python3.12/site-packages/airflow/example_dags/example_datasets.py
[2025-09-29T16:08:46.660+0000] {logging_mixin.py:188} INFO - [2025-09-29T16:08:46.660+0000] {dag.py:3089} INFO - Sync 10 DAGs
[2025-09-29T16:08:46.739+0000] {logging_mixin.py:188} INFO - [2025-09-29T16:08:46.738+0000] {dag.py:3947} INFO - Setting next_dagrun for conditional_dataset_and_time_based_timetable to 2025-09-24 01:00:00+00:00, run_after=2025-09-24 01:00:00+00:00
[2025-09-29T16:08:46.750+0000] {logging_mixin.py:188} INFO - [2025-09-29T16:08:46.750+0000] {dag.py:3947} INFO - Setting next_dagrun for consume_1_and_2_with_dataset_expressions to None, run_after=None
[2025-09-29T16:08:46.753+0000] {logging_mixin.py:188} INFO - [2025-09-29T16:08:46.753+0000] {dag.py:3947} INFO - Setting next_dagrun for consume_1_or_2_with_dataset_expressions to None, run_after=None
[2025-09-29T16:08:46.758+0000] {logging_mixin.py:188} INFO - [2025-09-29T16:08:46.757+0000] {dag.py:3947} INFO - Setting next_dagrun for consume_1_or_both_2_and_3_with_dataset_expressions to None, run_after=None
[2025-09-29T16:08:46.762+0000] {logging_mixin.py:188} INFO - [2025-09-29T16:08:46.762+0000] {dag.py:3947} INFO - Setting next_dagrun for dataset_consumes_1 to None, run_after=None
[2025-09-29T16:08:46.766+0000] {logging_mixin.py:188} INFO - [2025-09-29T16:08:46.766+0000] {dag.py:3947} INFO - Setting next_dagrun for dataset_consumes_1_and_2 to None, run_after=None
[2025-09-29T16:08:46.769+0000] {logging_mixin.py:188} INFO - [2025-09-29T16:08:46.769+0000] {dag.py:3947} INFO - Setting next_dagrun for dataset_consumes_1_never_scheduled to None, run_after=None
[2025-09-29T16:08:46.772+0000] {logging_mixin.py:188} INFO - [2025-09-29T16:08:46.772+0000] {dag.py:3947} INFO - Setting next_dagrun for dataset_consumes_unknown_never_scheduled to None, run_after=None
[2025-09-29T16:08:46.777+0000] {logging_mixin.py:188} INFO - [2025-09-29T16:08:46.777+0000] {dag.py:3947} INFO - Setting next_dagrun for dataset_produces_1 to 2025-09-28 00:00:00+00:00, run_after=2025-09-29 00:00:00+00:00
[2025-09-29T16:08:46.780+0000] {logging_mixin.py:188} INFO - [2025-09-29T16:08:46.780+0000] {dag.py:3947} INFO - Setting next_dagrun for dataset_produces_2 to None, run_after=None
[2025-09-29T16:08:46.867+0000] {processor.py:183} INFO - Processing /home/airflow/.local/lib/python3.12/site-packages/airflow/example_dags/example_datasets.py took 0.416 seconds
[2025-09-29T16:09:17.175+0000] {processor.py:161} INFO - Started process (PID=18643) to work on /home/airflow/.local/lib/python3.12/site-packages/airflow/example_dags/example_datasets.py
[2025-09-29T16:09:17.186+0000] {processor.py:830} INFO - Processing file /home/airflow/.local/lib/python3.12/site-packages/airflow/example_dags/example_datasets.py for tasks to queue
[2025-09-29T16:09:17.190+0000] {logging_mixin.py:188} INFO - [2025-09-29T16:09:17.189+0000] {dagbag.py:545} INFO - Filling up the DagBag from /home/airflow/.local/lib/python3.12/site-packages/airflow/example_dags/example_datasets.py
[2025-09-29T16:09:17.221+0000] {processor.py:840} INFO - DAG(s) 'dataset_produces_2', 'dataset_produces_1', 'consume_1_or_both_2_and_3_with_dataset_expressions', 'consume_1_or_2_with_dataset_expressions', 'conditional_dataset_and_time_based_timetable', 'dataset_consumes_1_never_scheduled', 'dataset_consumes_unknown_never_scheduled', 'consume_1_and_2_with_dataset_expressions', 'dataset_consumes_1_and_2', 'dataset_consumes_1' retrieved from /home/airflow/.local/lib/python3.12/site-packages/airflow/example_dags/example_datasets.py
[2025-09-29T16:09:17.343+0000] {logging_mixin.py:188} INFO - [2025-09-29T16:09:17.342+0000] {dag.py:3089} INFO - Sync 10 DAGs
[2025-09-29T16:09:17.398+0000] {logging_mixin.py:188} INFO - [2025-09-29T16:09:17.397+0000] {dag.py:3947} INFO - Setting next_dagrun for conditional_dataset_and_time_based_timetable to 2025-09-24 01:00:00+00:00, run_after=2025-09-24 01:00:00+00:00
[2025-09-29T16:09:17.406+0000] {logging_mixin.py:188} INFO - [2025-09-29T16:09:17.405+0000] {dag.py:3947} INFO - Setting next_dagrun for consume_1_and_2_with_dataset_expressions to None, run_after=None
[2025-09-29T16:09:17.409+0000] {logging_mixin.py:188} INFO - [2025-09-29T16:09:17.409+0000] {dag.py:3947} INFO - Setting next_dagrun for consume_1_or_2_with_dataset_expressions to None, run_after=None
[2025-09-29T16:09:17.412+0000] {logging_mixin.py:188} INFO - [2025-09-29T16:09:17.412+0000] {dag.py:3947} INFO - Setting next_dagrun for consume_1_or_both_2_and_3_with_dataset_expressions to None, run_after=None
[2025-09-29T16:09:17.416+0000] {logging_mixin.py:188} INFO - [2025-09-29T16:09:17.416+0000] {dag.py:3947} INFO - Setting next_dagrun for dataset_consumes_1 to None, run_after=None
[2025-09-29T16:09:17.420+0000] {logging_mixin.py:188} INFO - [2025-09-29T16:09:17.420+0000] {dag.py:3947} INFO - Setting next_dagrun for dataset_consumes_1_and_2 to None, run_after=None
[2025-09-29T16:09:17.423+0000] {logging_mixin.py:188} INFO - [2025-09-29T16:09:17.422+0000] {dag.py:3947} INFO - Setting next_dagrun for dataset_consumes_1_never_scheduled to None, run_after=None
[2025-09-29T16:09:17.427+0000] {logging_mixin.py:188} INFO - [2025-09-29T16:09:17.426+0000] {dag.py:3947} INFO - Setting next_dagrun for dataset_consumes_unknown_never_scheduled to None, run_after=None
[2025-09-29T16:09:17.432+0000] {logging_mixin.py:188} INFO - [2025-09-29T16:09:17.432+0000] {dag.py:3947} INFO - Setting next_dagrun for dataset_produces_1 to 2025-09-28 00:00:00+00:00, run_after=2025-09-29 00:00:00+00:00
[2025-09-29T16:09:17.436+0000] {logging_mixin.py:188} INFO - [2025-09-29T16:09:17.436+0000] {dag.py:3947} INFO - Setting next_dagrun for dataset_produces_2 to None, run_after=None
[2025-09-29T16:09:17.537+0000] {processor.py:183} INFO - Processing /home/airflow/.local/lib/python3.12/site-packages/airflow/example_dags/example_datasets.py took 0.378 seconds
[2025-09-29T16:09:47.949+0000] {processor.py:161} INFO - Started process (PID=18904) to work on /home/airflow/.local/lib/python3.12/site-packages/airflow/example_dags/example_datasets.py
[2025-09-29T16:09:47.952+0000] {processor.py:830} INFO - Processing file /home/airflow/.local/lib/python3.12/site-packages/airflow/example_dags/example_datasets.py for tasks to queue
[2025-09-29T16:09:47.956+0000] {logging_mixin.py:188} INFO - [2025-09-29T16:09:47.955+0000] {dagbag.py:545} INFO - Filling up the DagBag from /home/airflow/.local/lib/python3.12/site-packages/airflow/example_dags/example_datasets.py
[2025-09-29T16:09:47.987+0000] {processor.py:840} INFO - DAG(s) 'consume_1_or_both_2_and_3_with_dataset_expressions', 'dataset_produces_2', 'dataset_consumes_1_never_scheduled', 'consume_1_or_2_with_dataset_expressions', 'dataset_consumes_1', 'dataset_consumes_unknown_never_scheduled', 'conditional_dataset_and_time_based_timetable', 'dataset_produces_1', 'dataset_consumes_1_and_2', 'consume_1_and_2_with_dataset_expressions' retrieved from /home/airflow/.local/lib/python3.12/site-packages/airflow/example_dags/example_datasets.py
[2025-09-29T16:09:48.117+0000] {logging_mixin.py:188} INFO - [2025-09-29T16:09:48.117+0000] {dag.py:3089} INFO - Sync 10 DAGs
[2025-09-29T16:09:48.204+0000] {logging_mixin.py:188} INFO - [2025-09-29T16:09:48.203+0000] {dag.py:3947} INFO - Setting next_dagrun for conditional_dataset_and_time_based_timetable to 2025-09-24 01:00:00+00:00, run_after=2025-09-24 01:00:00+00:00
[2025-09-29T16:09:48.212+0000] {logging_mixin.py:188} INFO - [2025-09-29T16:09:48.211+0000] {dag.py:3947} INFO - Setting next_dagrun for consume_1_and_2_with_dataset_expressions to None, run_after=None
[2025-09-29T16:09:48.215+0000] {logging_mixin.py:188} INFO - [2025-09-29T16:09:48.214+0000] {dag.py:3947} INFO - Setting next_dagrun for consume_1_or_2_with_dataset_expressions to None, run_after=None
[2025-09-29T16:09:48.218+0000] {logging_mixin.py:188} INFO - [2025-09-29T16:09:48.217+0000] {dag.py:3947} INFO - Setting next_dagrun for consume_1_or_both_2_and_3_with_dataset_expressions to None, run_after=None
[2025-09-29T16:09:48.220+0000] {logging_mixin.py:188} INFO - [2025-09-29T16:09:48.220+0000] {dag.py:3947} INFO - Setting next_dagrun for dataset_consumes_1 to None, run_after=None
[2025-09-29T16:09:48.224+0000] {logging_mixin.py:188} INFO - [2025-09-29T16:09:48.223+0000] {dag.py:3947} INFO - Setting next_dagrun for dataset_consumes_1_and_2 to None, run_after=None
[2025-09-29T16:09:48.228+0000] {logging_mixin.py:188} INFO - [2025-09-29T16:09:48.228+0000] {dag.py:3947} INFO - Setting next_dagrun for dataset_consumes_1_never_scheduled to None, run_after=None
[2025-09-29T16:09:48.232+0000] {logging_mixin.py:188} INFO - [2025-09-29T16:09:48.231+0000] {dag.py:3947} INFO - Setting next_dagrun for dataset_consumes_unknown_never_scheduled to None, run_after=None
[2025-09-29T16:09:48.237+0000] {logging_mixin.py:188} INFO - [2025-09-29T16:09:48.237+0000] {dag.py:3947} INFO - Setting next_dagrun for dataset_produces_1 to 2025-09-28 00:00:00+00:00, run_after=2025-09-29 00:00:00+00:00
[2025-09-29T16:09:48.240+0000] {logging_mixin.py:188} INFO - [2025-09-29T16:09:48.240+0000] {dag.py:3947} INFO - Setting next_dagrun for dataset_produces_2 to None, run_after=None
[2025-09-29T16:09:48.361+0000] {processor.py:183} INFO - Processing /home/airflow/.local/lib/python3.12/site-packages/airflow/example_dags/example_datasets.py took 0.426 seconds
[2025-09-29T16:10:18.478+0000] {processor.py:161} INFO - Started process (PID=19165) to work on /home/airflow/.local/lib/python3.12/site-packages/airflow/example_dags/example_datasets.py
[2025-09-29T16:10:18.481+0000] {processor.py:830} INFO - Processing file /home/airflow/.local/lib/python3.12/site-packages/airflow/example_dags/example_datasets.py for tasks to queue
[2025-09-29T16:10:18.486+0000] {logging_mixin.py:188} INFO - [2025-09-29T16:10:18.485+0000] {dagbag.py:545} INFO - Filling up the DagBag from /home/airflow/.local/lib/python3.12/site-packages/airflow/example_dags/example_datasets.py
[2025-09-29T16:10:18.521+0000] {processor.py:840} INFO - DAG(s) 'conditional_dataset_and_time_based_timetable', 'dataset_consumes_1_and_2', 'consume_1_or_2_with_dataset_expressions', 'dataset_produces_1', 'dataset_consumes_1_never_scheduled', 'consume_1_and_2_with_dataset_expressions', 'dataset_consumes_unknown_never_scheduled', 'dataset_produces_2', 'dataset_consumes_1', 'consume_1_or_both_2_and_3_with_dataset_expressions' retrieved from /home/airflow/.local/lib/python3.12/site-packages/airflow/example_dags/example_datasets.py
[2025-09-29T16:10:18.661+0000] {logging_mixin.py:188} INFO - [2025-09-29T16:10:18.661+0000] {dag.py:3089} INFO - Sync 10 DAGs
[2025-09-29T16:10:18.771+0000] {logging_mixin.py:188} INFO - [2025-09-29T16:10:18.769+0000] {dag.py:3947} INFO - Setting next_dagrun for conditional_dataset_and_time_based_timetable to 2025-09-24 01:00:00+00:00, run_after=2025-09-24 01:00:00+00:00
[2025-09-29T16:10:18.785+0000] {logging_mixin.py:188} INFO - [2025-09-29T16:10:18.784+0000] {dag.py:3947} INFO - Setting next_dagrun for consume_1_and_2_with_dataset_expressions to None, run_after=None
[2025-09-29T16:10:18.788+0000] {logging_mixin.py:188} INFO - [2025-09-29T16:10:18.787+0000] {dag.py:3947} INFO - Setting next_dagrun for consume_1_or_2_with_dataset_expressions to None, run_after=None
[2025-09-29T16:10:18.792+0000] {logging_mixin.py:188} INFO - [2025-09-29T16:10:18.791+0000] {dag.py:3947} INFO - Setting next_dagrun for consume_1_or_both_2_and_3_with_dataset_expressions to None, run_after=None
[2025-09-29T16:10:18.796+0000] {logging_mixin.py:188} INFO - [2025-09-29T16:10:18.795+0000] {dag.py:3947} INFO - Setting next_dagrun for dataset_consumes_1 to None, run_after=None
[2025-09-29T16:10:18.799+0000] {logging_mixin.py:188} INFO - [2025-09-29T16:10:18.799+0000] {dag.py:3947} INFO - Setting next_dagrun for dataset_consumes_1_and_2 to None, run_after=None
[2025-09-29T16:10:18.802+0000] {logging_mixin.py:188} INFO - [2025-09-29T16:10:18.802+0000] {dag.py:3947} INFO - Setting next_dagrun for dataset_consumes_1_never_scheduled to None, run_after=None
[2025-09-29T16:10:18.806+0000] {logging_mixin.py:188} INFO - [2025-09-29T16:10:18.805+0000] {dag.py:3947} INFO - Setting next_dagrun for dataset_consumes_unknown_never_scheduled to None, run_after=None
[2025-09-29T16:10:18.812+0000] {logging_mixin.py:188} INFO - [2025-09-29T16:10:18.811+0000] {dag.py:3947} INFO - Setting next_dagrun for dataset_produces_1 to 2025-09-28 00:00:00+00:00, run_after=2025-09-29 00:00:00+00:00
[2025-09-29T16:10:18.815+0000] {logging_mixin.py:188} INFO - [2025-09-29T16:10:18.815+0000] {dag.py:3947} INFO - Setting next_dagrun for dataset_produces_2 to None, run_after=None
[2025-09-29T16:10:18.921+0000] {processor.py:183} INFO - Processing /home/airflow/.local/lib/python3.12/site-packages/airflow/example_dags/example_datasets.py took 0.458 seconds
[2025-09-29T16:10:49.153+0000] {processor.py:161} INFO - Started process (PID=19431) to work on /home/airflow/.local/lib/python3.12/site-packages/airflow/example_dags/example_datasets.py
[2025-09-29T16:10:49.156+0000] {processor.py:830} INFO - Processing file /home/airflow/.local/lib/python3.12/site-packages/airflow/example_dags/example_datasets.py for tasks to queue
[2025-09-29T16:10:49.157+0000] {logging_mixin.py:188} INFO - [2025-09-29T16:10:49.157+0000] {dagbag.py:545} INFO - Filling up the DagBag from /home/airflow/.local/lib/python3.12/site-packages/airflow/example_dags/example_datasets.py
[2025-09-29T16:10:49.202+0000] {processor.py:840} INFO - DAG(s) 'dataset_produces_2', 'consume_1_and_2_with_dataset_expressions', 'dataset_consumes_1_never_scheduled', 'dataset_consumes_1_and_2', 'conditional_dataset_and_time_based_timetable', 'dataset_consumes_1', 'consume_1_or_2_with_dataset_expressions', 'dataset_consumes_unknown_never_scheduled', 'consume_1_or_both_2_and_3_with_dataset_expressions', 'dataset_produces_1' retrieved from /home/airflow/.local/lib/python3.12/site-packages/airflow/example_dags/example_datasets.py
[2025-09-29T16:10:49.367+0000] {logging_mixin.py:188} INFO - [2025-09-29T16:10:49.366+0000] {dag.py:3089} INFO - Sync 10 DAGs
[2025-09-29T16:10:49.425+0000] {logging_mixin.py:188} INFO - [2025-09-29T16:10:49.425+0000] {dag.py:3947} INFO - Setting next_dagrun for conditional_dataset_and_time_based_timetable to 2025-09-24 01:00:00+00:00, run_after=2025-09-24 01:00:00+00:00
[2025-09-29T16:10:49.434+0000] {logging_mixin.py:188} INFO - [2025-09-29T16:10:49.433+0000] {dag.py:3947} INFO - Setting next_dagrun for consume_1_and_2_with_dataset_expressions to None, run_after=None
[2025-09-29T16:10:49.437+0000] {logging_mixin.py:188} INFO - [2025-09-29T16:10:49.436+0000] {dag.py:3947} INFO - Setting next_dagrun for consume_1_or_2_with_dataset_expressions to None, run_after=None
[2025-09-29T16:10:49.440+0000] {logging_mixin.py:188} INFO - [2025-09-29T16:10:49.440+0000] {dag.py:3947} INFO - Setting next_dagrun for consume_1_or_both_2_and_3_with_dataset_expressions to None, run_after=None
[2025-09-29T16:10:49.443+0000] {logging_mixin.py:188} INFO - [2025-09-29T16:10:49.443+0000] {dag.py:3947} INFO - Setting next_dagrun for dataset_consumes_1 to None, run_after=None
[2025-09-29T16:10:49.447+0000] {logging_mixin.py:188} INFO - [2025-09-29T16:10:49.447+0000] {dag.py:3947} INFO - Setting next_dagrun for dataset_consumes_1_and_2 to None, run_after=None
[2025-09-29T16:10:49.451+0000] {logging_mixin.py:188} INFO - [2025-09-29T16:10:49.451+0000] {dag.py:3947} INFO - Setting next_dagrun for dataset_consumes_1_never_scheduled to None, run_after=None
[2025-09-29T16:10:49.455+0000] {logging_mixin.py:188} INFO - [2025-09-29T16:10:49.454+0000] {dag.py:3947} INFO - Setting next_dagrun for dataset_consumes_unknown_never_scheduled to None, run_after=None
[2025-09-29T16:10:49.460+0000] {logging_mixin.py:188} INFO - [2025-09-29T16:10:49.460+0000] {dag.py:3947} INFO - Setting next_dagrun for dataset_produces_1 to 2025-09-28 00:00:00+00:00, run_after=2025-09-29 00:00:00+00:00
[2025-09-29T16:10:49.463+0000] {logging_mixin.py:188} INFO - [2025-09-29T16:10:49.463+0000] {dag.py:3947} INFO - Setting next_dagrun for dataset_produces_2 to None, run_after=None
[2025-09-29T16:10:49.597+0000] {processor.py:183} INFO - Processing /home/airflow/.local/lib/python3.12/site-packages/airflow/example_dags/example_datasets.py took 0.459 seconds
[2025-09-29T16:11:19.876+0000] {processor.py:161} INFO - Started process (PID=19687) to work on /home/airflow/.local/lib/python3.12/site-packages/airflow/example_dags/example_datasets.py
[2025-09-29T16:11:19.880+0000] {processor.py:830} INFO - Processing file /home/airflow/.local/lib/python3.12/site-packages/airflow/example_dags/example_datasets.py for tasks to queue
[2025-09-29T16:11:19.882+0000] {logging_mixin.py:188} INFO - [2025-09-29T16:11:19.881+0000] {dagbag.py:545} INFO - Filling up the DagBag from /home/airflow/.local/lib/python3.12/site-packages/airflow/example_dags/example_datasets.py
[2025-09-29T16:11:19.917+0000] {processor.py:840} INFO - DAG(s) 'consume_1_and_2_with_dataset_expressions', 'dataset_consumes_1', 'consume_1_or_2_with_dataset_expressions', 'consume_1_or_both_2_and_3_with_dataset_expressions', 'dataset_produces_1', 'conditional_dataset_and_time_based_timetable', 'dataset_consumes_unknown_never_scheduled', 'dataset_consumes_1_never_scheduled', 'dataset_produces_2', 'dataset_consumes_1_and_2' retrieved from /home/airflow/.local/lib/python3.12/site-packages/airflow/example_dags/example_datasets.py
[2025-09-29T16:11:20.035+0000] {logging_mixin.py:188} INFO - [2025-09-29T16:11:20.034+0000] {dag.py:3089} INFO - Sync 10 DAGs
[2025-09-29T16:11:20.091+0000] {logging_mixin.py:188} INFO - [2025-09-29T16:11:20.090+0000] {dag.py:3947} INFO - Setting next_dagrun for conditional_dataset_and_time_based_timetable to 2025-09-24 01:00:00+00:00, run_after=2025-09-24 01:00:00+00:00
[2025-09-29T16:11:20.102+0000] {logging_mixin.py:188} INFO - [2025-09-29T16:11:20.101+0000] {dag.py:3947} INFO - Setting next_dagrun for consume_1_and_2_with_dataset_expressions to None, run_after=None
[2025-09-29T16:11:20.106+0000] {logging_mixin.py:188} INFO - [2025-09-29T16:11:20.105+0000] {dag.py:3947} INFO - Setting next_dagrun for consume_1_or_2_with_dataset_expressions to None, run_after=None
[2025-09-29T16:11:20.110+0000] {logging_mixin.py:188} INFO - [2025-09-29T16:11:20.109+0000] {dag.py:3947} INFO - Setting next_dagrun for consume_1_or_both_2_and_3_with_dataset_expressions to None, run_after=None
[2025-09-29T16:11:20.114+0000] {logging_mixin.py:188} INFO - [2025-09-29T16:11:20.113+0000] {dag.py:3947} INFO - Setting next_dagrun for dataset_consumes_1 to None, run_after=None
[2025-09-29T16:11:20.119+0000] {logging_mixin.py:188} INFO - [2025-09-29T16:11:20.119+0000] {dag.py:3947} INFO - Setting next_dagrun for dataset_consumes_1_and_2 to None, run_after=None
[2025-09-29T16:11:20.123+0000] {logging_mixin.py:188} INFO - [2025-09-29T16:11:20.122+0000] {dag.py:3947} INFO - Setting next_dagrun for dataset_consumes_1_never_scheduled to None, run_after=None
[2025-09-29T16:11:20.127+0000] {logging_mixin.py:188} INFO - [2025-09-29T16:11:20.126+0000] {dag.py:3947} INFO - Setting next_dagrun for dataset_consumes_unknown_never_scheduled to None, run_after=None
[2025-09-29T16:11:20.134+0000] {logging_mixin.py:188} INFO - [2025-09-29T16:11:20.134+0000] {dag.py:3947} INFO - Setting next_dagrun for dataset_produces_1 to 2025-09-28 00:00:00+00:00, run_after=2025-09-29 00:00:00+00:00
[2025-09-29T16:11:20.149+0000] {logging_mixin.py:188} INFO - [2025-09-29T16:11:20.148+0000] {dag.py:3947} INFO - Setting next_dagrun for dataset_produces_2 to None, run_after=None
[2025-09-29T16:11:20.234+0000] {processor.py:183} INFO - Processing /home/airflow/.local/lib/python3.12/site-packages/airflow/example_dags/example_datasets.py took 0.374 seconds
[2025-09-29T16:11:50.537+0000] {processor.py:161} INFO - Started process (PID=19948) to work on /home/airflow/.local/lib/python3.12/site-packages/airflow/example_dags/example_datasets.py
[2025-09-29T16:11:50.541+0000] {processor.py:830} INFO - Processing file /home/airflow/.local/lib/python3.12/site-packages/airflow/example_dags/example_datasets.py for tasks to queue
[2025-09-29T16:11:50.543+0000] {logging_mixin.py:188} INFO - [2025-09-29T16:11:50.542+0000] {dagbag.py:545} INFO - Filling up the DagBag from /home/airflow/.local/lib/python3.12/site-packages/airflow/example_dags/example_datasets.py
[2025-09-29T16:11:50.581+0000] {processor.py:840} INFO - DAG(s) 'dataset_produces_2', 'dataset_consumes_1', 'dataset_consumes_1_and_2', 'conditional_dataset_and_time_based_timetable', 'consume_1_or_both_2_and_3_with_dataset_expressions', 'dataset_produces_1', 'dataset_consumes_unknown_never_scheduled', 'consume_1_and_2_with_dataset_expressions', 'dataset_consumes_1_never_scheduled', 'consume_1_or_2_with_dataset_expressions' retrieved from /home/airflow/.local/lib/python3.12/site-packages/airflow/example_dags/example_datasets.py
[2025-09-29T16:11:50.725+0000] {logging_mixin.py:188} INFO - [2025-09-29T16:11:50.725+0000] {dag.py:3089} INFO - Sync 10 DAGs
[2025-09-29T16:11:50.790+0000] {logging_mixin.py:188} INFO - [2025-09-29T16:11:50.790+0000] {dag.py:3947} INFO - Setting next_dagrun for conditional_dataset_and_time_based_timetable to 2025-09-24 01:00:00+00:00, run_after=2025-09-24 01:00:00+00:00
[2025-09-29T16:11:50.799+0000] {logging_mixin.py:188} INFO - [2025-09-29T16:11:50.799+0000] {dag.py:3947} INFO - Setting next_dagrun for consume_1_and_2_with_dataset_expressions to None, run_after=None
[2025-09-29T16:11:50.803+0000] {logging_mixin.py:188} INFO - [2025-09-29T16:11:50.803+0000] {dag.py:3947} INFO - Setting next_dagrun for consume_1_or_2_with_dataset_expressions to None, run_after=None
[2025-09-29T16:11:50.807+0000] {logging_mixin.py:188} INFO - [2025-09-29T16:11:50.806+0000] {dag.py:3947} INFO - Setting next_dagrun for consume_1_or_both_2_and_3_with_dataset_expressions to None, run_after=None
[2025-09-29T16:11:50.811+0000] {logging_mixin.py:188} INFO - [2025-09-29T16:11:50.811+0000] {dag.py:3947} INFO - Setting next_dagrun for dataset_consumes_1 to None, run_after=None
[2025-09-29T16:11:50.815+0000] {logging_mixin.py:188} INFO - [2025-09-29T16:11:50.814+0000] {dag.py:3947} INFO - Setting next_dagrun for dataset_consumes_1_and_2 to None, run_after=None
[2025-09-29T16:11:50.819+0000] {logging_mixin.py:188} INFO - [2025-09-29T16:11:50.819+0000] {dag.py:3947} INFO - Setting next_dagrun for dataset_consumes_1_never_scheduled to None, run_after=None
[2025-09-29T16:11:50.823+0000] {logging_mixin.py:188} INFO - [2025-09-29T16:11:50.823+0000] {dag.py:3947} INFO - Setting next_dagrun for dataset_consumes_unknown_never_scheduled to None, run_after=None
[2025-09-29T16:11:50.828+0000] {logging_mixin.py:188} INFO - [2025-09-29T16:11:50.828+0000] {dag.py:3947} INFO - Setting next_dagrun for dataset_produces_1 to 2025-09-28 00:00:00+00:00, run_after=2025-09-29 00:00:00+00:00
[2025-09-29T16:11:50.832+0000] {logging_mixin.py:188} INFO - [2025-09-29T16:11:50.831+0000] {dag.py:3947} INFO - Setting next_dagrun for dataset_produces_2 to None, run_after=None
[2025-09-29T16:11:50.923+0000] {processor.py:183} INFO - Processing /home/airflow/.local/lib/python3.12/site-packages/airflow/example_dags/example_datasets.py took 0.400 seconds
[2025-09-29T16:12:21.004+0000] {processor.py:161} INFO - Started process (PID=20209) to work on /home/airflow/.local/lib/python3.12/site-packages/airflow/example_dags/example_datasets.py
[2025-09-29T16:12:21.007+0000] {processor.py:830} INFO - Processing file /home/airflow/.local/lib/python3.12/site-packages/airflow/example_dags/example_datasets.py for tasks to queue
[2025-09-29T16:12:21.008+0000] {logging_mixin.py:188} INFO - [2025-09-29T16:12:21.008+0000] {dagbag.py:545} INFO - Filling up the DagBag from /home/airflow/.local/lib/python3.12/site-packages/airflow/example_dags/example_datasets.py
[2025-09-29T16:12:21.043+0000] {processor.py:840} INFO - DAG(s) 'dataset_consumes_1', 'consume_1_and_2_with_dataset_expressions', 'dataset_produces_2', 'dataset_produces_1', 'dataset_consumes_unknown_never_scheduled', 'consume_1_or_2_with_dataset_expressions', 'dataset_consumes_1_and_2', 'conditional_dataset_and_time_based_timetable', 'dataset_consumes_1_never_scheduled', 'consume_1_or_both_2_and_3_with_dataset_expressions' retrieved from /home/airflow/.local/lib/python3.12/site-packages/airflow/example_dags/example_datasets.py
[2025-09-29T16:12:21.167+0000] {logging_mixin.py:188} INFO - [2025-09-29T16:12:21.166+0000] {dag.py:3089} INFO - Sync 10 DAGs
[2025-09-29T16:12:21.230+0000] {logging_mixin.py:188} INFO - [2025-09-29T16:12:21.229+0000] {dag.py:3947} INFO - Setting next_dagrun for conditional_dataset_and_time_based_timetable to 2025-09-24 01:00:00+00:00, run_after=2025-09-24 01:00:00+00:00
[2025-09-29T16:12:21.237+0000] {logging_mixin.py:188} INFO - [2025-09-29T16:12:21.237+0000] {dag.py:3947} INFO - Setting next_dagrun for consume_1_and_2_with_dataset_expressions to None, run_after=None
[2025-09-29T16:12:21.240+0000] {logging_mixin.py:188} INFO - [2025-09-29T16:12:21.240+0000] {dag.py:3947} INFO - Setting next_dagrun for consume_1_or_2_with_dataset_expressions to None, run_after=None
[2025-09-29T16:12:21.243+0000] {logging_mixin.py:188} INFO - [2025-09-29T16:12:21.243+0000] {dag.py:3947} INFO - Setting next_dagrun for consume_1_or_both_2_and_3_with_dataset_expressions to None, run_after=None
[2025-09-29T16:12:21.246+0000] {logging_mixin.py:188} INFO - [2025-09-29T16:12:21.246+0000] {dag.py:3947} INFO - Setting next_dagrun for dataset_consumes_1 to None, run_after=None
[2025-09-29T16:12:21.250+0000] {logging_mixin.py:188} INFO - [2025-09-29T16:12:21.249+0000] {dag.py:3947} INFO - Setting next_dagrun for dataset_consumes_1_and_2 to None, run_after=None
[2025-09-29T16:12:21.252+0000] {logging_mixin.py:188} INFO - [2025-09-29T16:12:21.252+0000] {dag.py:3947} INFO - Setting next_dagrun for dataset_consumes_1_never_scheduled to None, run_after=None
[2025-09-29T16:12:21.255+0000] {logging_mixin.py:188} INFO - [2025-09-29T16:12:21.255+0000] {dag.py:3947} INFO - Setting next_dagrun for dataset_consumes_unknown_never_scheduled to None, run_after=None
[2025-09-29T16:12:21.260+0000] {logging_mixin.py:188} INFO - [2025-09-29T16:12:21.260+0000] {dag.py:3947} INFO - Setting next_dagrun for dataset_produces_1 to 2025-09-28 00:00:00+00:00, run_after=2025-09-29 00:00:00+00:00
[2025-09-29T16:12:21.263+0000] {logging_mixin.py:188} INFO - [2025-09-29T16:12:21.263+0000] {dag.py:3947} INFO - Setting next_dagrun for dataset_produces_2 to None, run_after=None
[2025-09-29T16:12:21.348+0000] {processor.py:183} INFO - Processing /home/airflow/.local/lib/python3.12/site-packages/airflow/example_dags/example_datasets.py took 0.360 seconds
[2025-09-29T16:12:51.693+0000] {processor.py:161} INFO - Started process (PID=20470) to work on /home/airflow/.local/lib/python3.12/site-packages/airflow/example_dags/example_datasets.py
[2025-09-29T16:12:51.700+0000] {processor.py:830} INFO - Processing file /home/airflow/.local/lib/python3.12/site-packages/airflow/example_dags/example_datasets.py for tasks to queue
[2025-09-29T16:12:51.702+0000] {logging_mixin.py:188} INFO - [2025-09-29T16:12:51.701+0000] {dagbag.py:545} INFO - Filling up the DagBag from /home/airflow/.local/lib/python3.12/site-packages/airflow/example_dags/example_datasets.py
[2025-09-29T16:12:51.736+0000] {processor.py:840} INFO - DAG(s) 'dataset_consumes_unknown_never_scheduled', 'dataset_consumes_1_and_2', 'consume_1_or_2_with_dataset_expressions', 'dataset_consumes_1', 'consume_1_or_both_2_and_3_with_dataset_expressions', 'conditional_dataset_and_time_based_timetable', 'dataset_consumes_1_never_scheduled', 'consume_1_and_2_with_dataset_expressions', 'dataset_produces_2', 'dataset_produces_1' retrieved from /home/airflow/.local/lib/python3.12/site-packages/airflow/example_dags/example_datasets.py
[2025-09-29T16:12:51.864+0000] {logging_mixin.py:188} INFO - [2025-09-29T16:12:51.864+0000] {dag.py:3089} INFO - Sync 10 DAGs
[2025-09-29T16:12:51.921+0000] {logging_mixin.py:188} INFO - [2025-09-29T16:12:51.920+0000] {dag.py:3947} INFO - Setting next_dagrun for conditional_dataset_and_time_based_timetable to 2025-09-24 01:00:00+00:00, run_after=2025-09-24 01:00:00+00:00
[2025-09-29T16:12:51.929+0000] {logging_mixin.py:188} INFO - [2025-09-29T16:12:51.928+0000] {dag.py:3947} INFO - Setting next_dagrun for consume_1_and_2_with_dataset_expressions to None, run_after=None
[2025-09-29T16:12:51.932+0000] {logging_mixin.py:188} INFO - [2025-09-29T16:12:51.932+0000] {dag.py:3947} INFO - Setting next_dagrun for consume_1_or_2_with_dataset_expressions to None, run_after=None
[2025-09-29T16:12:51.936+0000] {logging_mixin.py:188} INFO - [2025-09-29T16:12:51.935+0000] {dag.py:3947} INFO - Setting next_dagrun for consume_1_or_both_2_and_3_with_dataset_expressions to None, run_after=None
[2025-09-29T16:12:51.939+0000] {logging_mixin.py:188} INFO - [2025-09-29T16:12:51.938+0000] {dag.py:3947} INFO - Setting next_dagrun for dataset_consumes_1 to None, run_after=None
[2025-09-29T16:12:51.942+0000] {logging_mixin.py:188} INFO - [2025-09-29T16:12:51.942+0000] {dag.py:3947} INFO - Setting next_dagrun for dataset_consumes_1_and_2 to None, run_after=None
[2025-09-29T16:12:51.945+0000] {logging_mixin.py:188} INFO - [2025-09-29T16:12:51.945+0000] {dag.py:3947} INFO - Setting next_dagrun for dataset_consumes_1_never_scheduled to None, run_after=None
[2025-09-29T16:12:51.948+0000] {logging_mixin.py:188} INFO - [2025-09-29T16:12:51.948+0000] {dag.py:3947} INFO - Setting next_dagrun for dataset_consumes_unknown_never_scheduled to None, run_after=None
[2025-09-29T16:12:51.954+0000] {logging_mixin.py:188} INFO - [2025-09-29T16:12:51.953+0000] {dag.py:3947} INFO - Setting next_dagrun for dataset_produces_1 to 2025-09-28 00:00:00+00:00, run_after=2025-09-29 00:00:00+00:00
[2025-09-29T16:12:51.956+0000] {logging_mixin.py:188} INFO - [2025-09-29T16:12:51.956+0000] {dag.py:3947} INFO - Setting next_dagrun for dataset_produces_2 to None, run_after=None
[2025-09-29T16:12:52.055+0000] {processor.py:183} INFO - Processing /home/airflow/.local/lib/python3.12/site-packages/airflow/example_dags/example_datasets.py took 0.378 seconds
[2025-09-29T16:13:22.271+0000] {processor.py:161} INFO - Started process (PID=20731) to work on /home/airflow/.local/lib/python3.12/site-packages/airflow/example_dags/example_datasets.py
[2025-09-29T16:13:22.275+0000] {processor.py:830} INFO - Processing file /home/airflow/.local/lib/python3.12/site-packages/airflow/example_dags/example_datasets.py for tasks to queue
[2025-09-29T16:13:22.277+0000] {logging_mixin.py:188} INFO - [2025-09-29T16:13:22.276+0000] {dagbag.py:545} INFO - Filling up the DagBag from /home/airflow/.local/lib/python3.12/site-packages/airflow/example_dags/example_datasets.py
[2025-09-29T16:13:22.325+0000] {processor.py:840} INFO - DAG(s) 'conditional_dataset_and_time_based_timetable', 'dataset_produces_1', 'dataset_consumes_1_and_2', 'dataset_consumes_1_never_scheduled', 'consume_1_or_2_with_dataset_expressions', 'consume_1_or_both_2_and_3_with_dataset_expressions', 'consume_1_and_2_with_dataset_expressions', 'dataset_produces_2', 'dataset_consumes_1', 'dataset_consumes_unknown_never_scheduled' retrieved from /home/airflow/.local/lib/python3.12/site-packages/airflow/example_dags/example_datasets.py
[2025-09-29T16:13:22.518+0000] {logging_mixin.py:188} INFO - [2025-09-29T16:13:22.517+0000] {dag.py:3089} INFO - Sync 10 DAGs
[2025-09-29T16:13:22.585+0000] {logging_mixin.py:188} INFO - [2025-09-29T16:13:22.585+0000] {dag.py:3947} INFO - Setting next_dagrun for conditional_dataset_and_time_based_timetable to 2025-09-24 01:00:00+00:00, run_after=2025-09-24 01:00:00+00:00
[2025-09-29T16:13:22.595+0000] {logging_mixin.py:188} INFO - [2025-09-29T16:13:22.595+0000] {dag.py:3947} INFO - Setting next_dagrun for consume_1_and_2_with_dataset_expressions to None, run_after=None
[2025-09-29T16:13:22.599+0000] {logging_mixin.py:188} INFO - [2025-09-29T16:13:22.598+0000] {dag.py:3947} INFO - Setting next_dagrun for consume_1_or_2_with_dataset_expressions to None, run_after=None
[2025-09-29T16:13:22.603+0000] {logging_mixin.py:188} INFO - [2025-09-29T16:13:22.602+0000] {dag.py:3947} INFO - Setting next_dagrun for consume_1_or_both_2_and_3_with_dataset_expressions to None, run_after=None
[2025-09-29T16:13:22.607+0000] {logging_mixin.py:188} INFO - [2025-09-29T16:13:22.607+0000] {dag.py:3947} INFO - Setting next_dagrun for dataset_consumes_1 to None, run_after=None
[2025-09-29T16:13:22.611+0000] {logging_mixin.py:188} INFO - [2025-09-29T16:13:22.610+0000] {dag.py:3947} INFO - Setting next_dagrun for dataset_consumes_1_and_2 to None, run_after=None
[2025-09-29T16:13:22.614+0000] {logging_mixin.py:188} INFO - [2025-09-29T16:13:22.613+0000] {dag.py:3947} INFO - Setting next_dagrun for dataset_consumes_1_never_scheduled to None, run_after=None
[2025-09-29T16:13:22.618+0000] {logging_mixin.py:188} INFO - [2025-09-29T16:13:22.617+0000] {dag.py:3947} INFO - Setting next_dagrun for dataset_consumes_unknown_never_scheduled to None, run_after=None
[2025-09-29T16:13:22.624+0000] {logging_mixin.py:188} INFO - [2025-09-29T16:13:22.624+0000] {dag.py:3947} INFO - Setting next_dagrun for dataset_produces_1 to 2025-09-28 00:00:00+00:00, run_after=2025-09-29 00:00:00+00:00
[2025-09-29T16:13:22.628+0000] {logging_mixin.py:188} INFO - [2025-09-29T16:13:22.627+0000] {dag.py:3947} INFO - Setting next_dagrun for dataset_produces_2 to None, run_after=None
[2025-09-29T16:13:22.069+0000] {processor.py:183} INFO - Processing /home/airflow/.local/lib/python3.12/site-packages/airflow/example_dags/example_datasets.py took 0.486 seconds
[2025-09-29T16:13:52.254+0000] {processor.py:161} INFO - Started process (PID=20990) to work on /home/airflow/.local/lib/python3.12/site-packages/airflow/example_dags/example_datasets.py
[2025-09-29T16:13:52.257+0000] {processor.py:830} INFO - Processing file /home/airflow/.local/lib/python3.12/site-packages/airflow/example_dags/example_datasets.py for tasks to queue
[2025-09-29T16:13:52.259+0000] {logging_mixin.py:188} INFO - [2025-09-29T16:13:52.258+0000] {dagbag.py:545} INFO - Filling up the DagBag from /home/airflow/.local/lib/python3.12/site-packages/airflow/example_dags/example_datasets.py
[2025-09-29T16:13:52.293+0000] {processor.py:840} INFO - DAG(s) 'dataset_consumes_1_never_scheduled', 'dataset_consumes_1_and_2', 'dataset_consumes_1', 'consume_1_or_2_with_dataset_expressions', 'conditional_dataset_and_time_based_timetable', 'dataset_produces_2', 'dataset_produces_1', 'consume_1_or_both_2_and_3_with_dataset_expressions', 'dataset_consumes_unknown_never_scheduled', 'consume_1_and_2_with_dataset_expressions' retrieved from /home/airflow/.local/lib/python3.12/site-packages/airflow/example_dags/example_datasets.py
[2025-09-29T16:13:52.413+0000] {logging_mixin.py:188} INFO - [2025-09-29T16:13:52.413+0000] {dag.py:3089} INFO - Sync 10 DAGs
[2025-09-29T16:13:52.473+0000] {logging_mixin.py:188} INFO - [2025-09-29T16:13:52.472+0000] {dag.py:3947} INFO - Setting next_dagrun for conditional_dataset_and_time_based_timetable to 2025-09-24 01:00:00+00:00, run_after=2025-09-24 01:00:00+00:00
[2025-09-29T16:13:52.481+0000] {logging_mixin.py:188} INFO - [2025-09-29T16:13:52.481+0000] {dag.py:3947} INFO - Setting next_dagrun for consume_1_and_2_with_dataset_expressions to None, run_after=None
[2025-09-29T16:13:52.485+0000] {logging_mixin.py:188} INFO - [2025-09-29T16:13:52.484+0000] {dag.py:3947} INFO - Setting next_dagrun for consume_1_or_2_with_dataset_expressions to None, run_after=None
[2025-09-29T16:13:52.488+0000] {logging_mixin.py:188} INFO - [2025-09-29T16:13:52.488+0000] {dag.py:3947} INFO - Setting next_dagrun for consume_1_or_both_2_and_3_with_dataset_expressions to None, run_after=None
[2025-09-29T16:13:52.492+0000] {logging_mixin.py:188} INFO - [2025-09-29T16:13:52.491+0000] {dag.py:3947} INFO - Setting next_dagrun for dataset_consumes_1 to None, run_after=None
[2025-09-29T16:13:52.496+0000] {logging_mixin.py:188} INFO - [2025-09-29T16:13:52.495+0000] {dag.py:3947} INFO - Setting next_dagrun for dataset_consumes_1_and_2 to None, run_after=None
[2025-09-29T16:13:52.499+0000] {logging_mixin.py:188} INFO - [2025-09-29T16:13:52.499+0000] {dag.py:3947} INFO - Setting next_dagrun for dataset_consumes_1_never_scheduled to None, run_after=None
[2025-09-29T16:13:52.503+0000] {logging_mixin.py:188} INFO - [2025-09-29T16:13:52.503+0000] {dag.py:3947} INFO - Setting next_dagrun for dataset_consumes_unknown_never_scheduled to None, run_after=None
[2025-09-29T16:13:52.509+0000] {logging_mixin.py:188} INFO - [2025-09-29T16:13:52.509+0000] {dag.py:3947} INFO - Setting next_dagrun for dataset_produces_1 to 2025-09-28 00:00:00+00:00, run_after=2025-09-29 00:00:00+00:00
[2025-09-29T16:13:52.513+0000] {logging_mixin.py:188} INFO - [2025-09-29T16:13:52.512+0000] {dag.py:3947} INFO - Setting next_dagrun for dataset_produces_2 to None, run_after=None
[2025-09-29T16:13:52.607+0000] {processor.py:183} INFO - Processing /home/airflow/.local/lib/python3.12/site-packages/airflow/example_dags/example_datasets.py took 0.368 seconds
[2025-09-29T16:14:23.107+0000] {processor.py:161} INFO - Started process (PID=21258) to work on /home/airflow/.local/lib/python3.12/site-packages/airflow/example_dags/example_datasets.py
[2025-09-29T16:14:23.109+0000] {processor.py:830} INFO - Processing file /home/airflow/.local/lib/python3.12/site-packages/airflow/example_dags/example_datasets.py for tasks to queue
[2025-09-29T16:14:23.111+0000] {logging_mixin.py:188} INFO - [2025-09-29T16:14:23.110+0000] {dagbag.py:545} INFO - Filling up the DagBag from /home/airflow/.local/lib/python3.12/site-packages/airflow/example_dags/example_datasets.py
[2025-09-29T16:14:23.149+0000] {processor.py:840} INFO - DAG(s) 'dataset_consumes_unknown_never_scheduled', 'dataset_consumes_1', 'dataset_consumes_1_never_scheduled', 'conditional_dataset_and_time_based_timetable', 'consume_1_and_2_with_dataset_expressions', 'consume_1_or_both_2_and_3_with_dataset_expressions', 'dataset_consumes_1_and_2', 'dataset_produces_2', 'dataset_produces_1', 'consume_1_or_2_with_dataset_expressions' retrieved from /home/airflow/.local/lib/python3.12/site-packages/airflow/example_dags/example_datasets.py
[2025-09-29T16:14:23.273+0000] {logging_mixin.py:188} INFO - [2025-09-29T16:14:23.272+0000] {dag.py:3089} INFO - Sync 10 DAGs
[2025-09-29T16:14:23.332+0000] {logging_mixin.py:188} INFO - [2025-09-29T16:14:23.331+0000] {dag.py:3947} INFO - Setting next_dagrun for conditional_dataset_and_time_based_timetable to 2025-09-24 01:00:00+00:00, run_after=2025-09-24 01:00:00+00:00
[2025-09-29T16:14:23.344+0000] {logging_mixin.py:188} INFO - [2025-09-29T16:14:23.343+0000] {dag.py:3947} INFO - Setting next_dagrun for consume_1_and_2_with_dataset_expressions to None, run_after=None
[2025-09-29T16:14:23.347+0000] {logging_mixin.py:188} INFO - [2025-09-29T16:14:23.347+0000] {dag.py:3947} INFO - Setting next_dagrun for consume_1_or_2_with_dataset_expressions to None, run_after=None
[2025-09-29T16:14:23.350+0000] {logging_mixin.py:188} INFO - [2025-09-29T16:14:23.350+0000] {dag.py:3947} INFO - Setting next_dagrun for consume_1_or_both_2_and_3_with_dataset_expressions to None, run_after=None
[2025-09-29T16:14:23.354+0000] {logging_mixin.py:188} INFO - [2025-09-29T16:14:23.353+0000] {dag.py:3947} INFO - Setting next_dagrun for dataset_consumes_1 to None, run_after=None
[2025-09-29T16:14:23.359+0000] {logging_mixin.py:188} INFO - [2025-09-29T16:14:23.359+0000] {dag.py:3947} INFO - Setting next_dagrun for dataset_consumes_1_and_2 to None, run_after=None
[2025-09-29T16:14:23.362+0000] {logging_mixin.py:188} INFO - [2025-09-29T16:14:23.362+0000] {dag.py:3947} INFO - Setting next_dagrun for dataset_consumes_1_never_scheduled to None, run_after=None
[2025-09-29T16:14:23.365+0000] {logging_mixin.py:188} INFO - [2025-09-29T16:14:23.365+0000] {dag.py:3947} INFO - Setting next_dagrun for dataset_consumes_unknown_never_scheduled to None, run_after=None
[2025-09-29T16:14:23.372+0000] {logging_mixin.py:188} INFO - [2025-09-29T16:14:23.372+0000] {dag.py:3947} INFO - Setting next_dagrun for dataset_produces_1 to 2025-09-28 00:00:00+00:00, run_after=2025-09-29 00:00:00+00:00
[2025-09-29T16:14:23.377+0000] {logging_mixin.py:188} INFO - [2025-09-29T16:14:23.376+0000] {dag.py:3947} INFO - Setting next_dagrun for dataset_produces_2 to None, run_after=None
[2025-09-29T16:14:23.469+0000] {processor.py:183} INFO - Processing /home/airflow/.local/lib/python3.12/site-packages/airflow/example_dags/example_datasets.py took 0.378 seconds
[2025-09-29T16:14:53.729+0000] {processor.py:161} INFO - Started process (PID=21519) to work on /home/airflow/.local/lib/python3.12/site-packages/airflow/example_dags/example_datasets.py
[2025-09-29T16:14:53.774+0000] {processor.py:830} INFO - Processing file /home/airflow/.local/lib/python3.12/site-packages/airflow/example_dags/example_datasets.py for tasks to queue
[2025-09-29T16:14:53.777+0000] {logging_mixin.py:188} INFO - [2025-09-29T16:14:53.776+0000] {dagbag.py:545} INFO - Filling up the DagBag from /home/airflow/.local/lib/python3.12/site-packages/airflow/example_dags/example_datasets.py
[2025-09-29T16:14:53.816+0000] {processor.py:840} INFO - DAG(s) 'dataset_consumes_unknown_never_scheduled', 'consume_1_and_2_with_dataset_expressions', 'dataset_produces_2', 'dataset_consumes_1', 'dataset_consumes_1_and_2', 'conditional_dataset_and_time_based_timetable', 'dataset_produces_1', 'consume_1_or_both_2_and_3_with_dataset_expressions', 'consume_1_or_2_with_dataset_expressions', 'dataset_consumes_1_never_scheduled' retrieved from /home/airflow/.local/lib/python3.12/site-packages/airflow/example_dags/example_datasets.py
[2025-09-29T16:14:53.957+0000] {logging_mixin.py:188} INFO - [2025-09-29T16:14:53.957+0000] {dag.py:3089} INFO - Sync 10 DAGs
[2025-09-29T16:14:54.014+0000] {logging_mixin.py:188} INFO - [2025-09-29T16:14:54.013+0000] {dag.py:3947} INFO - Setting next_dagrun for conditional_dataset_and_time_based_timetable to 2025-09-24 01:00:00+00:00, run_after=2025-09-24 01:00:00+00:00
[2025-09-29T16:14:54.022+0000] {logging_mixin.py:188} INFO - [2025-09-29T16:14:54.021+0000] {dag.py:3947} INFO - Setting next_dagrun for consume_1_and_2_with_dataset_expressions to None, run_after=None
[2025-09-29T16:14:54.026+0000] {logging_mixin.py:188} INFO - [2025-09-29T16:14:54.025+0000] {dag.py:3947} INFO - Setting next_dagrun for consume_1_or_2_with_dataset_expressions to None, run_after=None
[2025-09-29T16:14:54.028+0000] {logging_mixin.py:188} INFO - [2025-09-29T16:14:54.028+0000] {dag.py:3947} INFO - Setting next_dagrun for consume_1_or_both_2_and_3_with_dataset_expressions to None, run_after=None
[2025-09-29T16:14:54.032+0000] {logging_mixin.py:188} INFO - [2025-09-29T16:14:54.032+0000] {dag.py:3947} INFO - Setting next_dagrun for dataset_consumes_1 to None, run_after=None
[2025-09-29T16:14:54.036+0000] {logging_mixin.py:188} INFO - [2025-09-29T16:14:54.035+0000] {dag.py:3947} INFO - Setting next_dagrun for dataset_consumes_1_and_2 to None, run_after=None
[2025-09-29T16:14:54.039+0000] {logging_mixin.py:188} INFO - [2025-09-29T16:14:54.038+0000] {dag.py:3947} INFO - Setting next_dagrun for dataset_consumes_1_never_scheduled to None, run_after=None
[2025-09-29T16:14:54.041+0000] {logging_mixin.py:188} INFO - [2025-09-29T16:14:54.041+0000] {dag.py:3947} INFO - Setting next_dagrun for dataset_consumes_unknown_never_scheduled to None, run_after=None
[2025-09-29T16:14:54.046+0000] {logging_mixin.py:188} INFO - [2025-09-29T16:14:54.046+0000] {dag.py:3947} INFO - Setting next_dagrun for dataset_produces_1 to 2025-09-28 00:00:00+00:00, run_after=2025-09-29 00:00:00+00:00
[2025-09-29T16:14:54.049+0000] {logging_mixin.py:188} INFO - [2025-09-29T16:14:54.049+0000] {dag.py:3947} INFO - Setting next_dagrun for dataset_produces_2 to None, run_after=None
[2025-09-29T16:14:54.264+0000] {processor.py:183} INFO - Processing /home/airflow/.local/lib/python3.12/site-packages/airflow/example_dags/example_datasets.py took 0.551 seconds
[2025-09-29T16:15:24.682+0000] {processor.py:161} INFO - Started process (PID=21780) to work on /home/airflow/.local/lib/python3.12/site-packages/airflow/example_dags/example_datasets.py
[2025-09-29T16:15:24.685+0000] {processor.py:830} INFO - Processing file /home/airflow/.local/lib/python3.12/site-packages/airflow/example_dags/example_datasets.py for tasks to queue
[2025-09-29T16:15:24.687+0000] {logging_mixin.py:188} INFO - [2025-09-29T16:15:24.686+0000] {dagbag.py:545} INFO - Filling up the DagBag from /home/airflow/.local/lib/python3.12/site-packages/airflow/example_dags/example_datasets.py
[2025-09-29T16:15:24.732+0000] {processor.py:840} INFO - DAG(s) 'consume_1_or_2_with_dataset_expressions', 'dataset_consumes_1_never_scheduled', 'dataset_consumes_unknown_never_scheduled', 'consume_1_and_2_with_dataset_expressions', 'dataset_produces_1', 'consume_1_or_both_2_and_3_with_dataset_expressions', 'dataset_produces_2', 'conditional_dataset_and_time_based_timetable', 'dataset_consumes_1', 'dataset_consumes_1_and_2' retrieved from /home/airflow/.local/lib/python3.12/site-packages/airflow/example_dags/example_datasets.py
[2025-09-29T16:15:24.866+0000] {logging_mixin.py:188} INFO - [2025-09-29T16:15:24.865+0000] {dag.py:3089} INFO - Sync 10 DAGs
[2025-09-29T16:15:24.921+0000] {logging_mixin.py:188} INFO - [2025-09-29T16:15:24.921+0000] {dag.py:3947} INFO - Setting next_dagrun for conditional_dataset_and_time_based_timetable to 2025-09-24 01:00:00+00:00, run_after=2025-09-24 01:00:00+00:00
[2025-09-29T16:15:24.930+0000] {logging_mixin.py:188} INFO - [2025-09-29T16:15:24.929+0000] {dag.py:3947} INFO - Setting next_dagrun for consume_1_and_2_with_dataset_expressions to None, run_after=None
[2025-09-29T16:15:24.933+0000] {logging_mixin.py:188} INFO - [2025-09-29T16:15:24.933+0000] {dag.py:3947} INFO - Setting next_dagrun for consume_1_or_2_with_dataset_expressions to None, run_after=None
[2025-09-29T16:15:24.936+0000] {logging_mixin.py:188} INFO - [2025-09-29T16:15:24.935+0000] {dag.py:3947} INFO - Setting next_dagrun for consume_1_or_both_2_and_3_with_dataset_expressions to None, run_after=None
[2025-09-29T16:15:24.938+0000] {logging_mixin.py:188} INFO - [2025-09-29T16:15:24.938+0000] {dag.py:3947} INFO - Setting next_dagrun for dataset_consumes_1 to None, run_after=None
[2025-09-29T16:15:24.942+0000] {logging_mixin.py:188} INFO - [2025-09-29T16:15:24.941+0000] {dag.py:3947} INFO - Setting next_dagrun for dataset_consumes_1_and_2 to None, run_after=None
[2025-09-29T16:15:24.945+0000] {logging_mixin.py:188} INFO - [2025-09-29T16:15:24.945+0000] {dag.py:3947} INFO - Setting next_dagrun for dataset_consumes_1_never_scheduled to None, run_after=None
[2025-09-29T16:15:24.948+0000] {logging_mixin.py:188} INFO - [2025-09-29T16:15:24.948+0000] {dag.py:3947} INFO - Setting next_dagrun for dataset_consumes_unknown_never_scheduled to None, run_after=None
[2025-09-29T16:15:24.953+0000] {logging_mixin.py:188} INFO - [2025-09-29T16:15:24.953+0000] {dag.py:3947} INFO - Setting next_dagrun for dataset_produces_1 to 2025-09-28 00:00:00+00:00, run_after=2025-09-29 00:00:00+00:00
[2025-09-29T16:15:24.956+0000] {logging_mixin.py:188} INFO - [2025-09-29T16:15:24.956+0000] {dag.py:3947} INFO - Setting next_dagrun for dataset_produces_2 to None, run_after=None
[2025-09-29T16:15:25.045+0000] {processor.py:183} INFO - Processing /home/airflow/.local/lib/python3.12/site-packages/airflow/example_dags/example_datasets.py took 0.383 seconds
[2025-09-29T16:15:55.254+0000] {processor.py:161} INFO - Started process (PID=22041) to work on /home/airflow/.local/lib/python3.12/site-packages/airflow/example_dags/example_datasets.py
[2025-09-29T16:15:55.257+0000] {processor.py:830} INFO - Processing file /home/airflow/.local/lib/python3.12/site-packages/airflow/example_dags/example_datasets.py for tasks to queue
[2025-09-29T16:15:55.260+0000] {logging_mixin.py:188} INFO - [2025-09-29T16:15:55.259+0000] {dagbag.py:545} INFO - Filling up the DagBag from /home/airflow/.local/lib/python3.12/site-packages/airflow/example_dags/example_datasets.py
[2025-09-29T16:15:55.297+0000] {processor.py:840} INFO - DAG(s) 'dataset_consumes_1_and_2', 'consume_1_or_both_2_and_3_with_dataset_expressions', 'consume_1_and_2_with_dataset_expressions', 'conditional_dataset_and_time_based_timetable', 'dataset_produces_1', 'dataset_consumes_unknown_never_scheduled', 'dataset_consumes_1_never_scheduled', 'dataset_produces_2', 'dataset_consumes_1', 'consume_1_or_2_with_dataset_expressions' retrieved from /home/airflow/.local/lib/python3.12/site-packages/airflow/example_dags/example_datasets.py
[2025-09-29T16:15:55.436+0000] {logging_mixin.py:188} INFO - [2025-09-29T16:15:55.436+0000] {dag.py:3089} INFO - Sync 10 DAGs
[2025-09-29T16:15:55.494+0000] {logging_mixin.py:188} INFO - [2025-09-29T16:15:55.494+0000] {dag.py:3947} INFO - Setting next_dagrun for conditional_dataset_and_time_based_timetable to 2025-09-24 01:00:00+00:00, run_after=2025-09-24 01:00:00+00:00
[2025-09-29T16:15:55.502+0000] {logging_mixin.py:188} INFO - [2025-09-29T16:15:55.502+0000] {dag.py:3947} INFO - Setting next_dagrun for consume_1_and_2_with_dataset_expressions to None, run_after=None
[2025-09-29T16:15:55.506+0000] {logging_mixin.py:188} INFO - [2025-09-29T16:15:55.506+0000] {dag.py:3947} INFO - Setting next_dagrun for consume_1_or_2_with_dataset_expressions to None, run_after=None
[2025-09-29T16:15:55.510+0000] {logging_mixin.py:188} INFO - [2025-09-29T16:15:55.510+0000] {dag.py:3947} INFO - Setting next_dagrun for consume_1_or_both_2_and_3_with_dataset_expressions to None, run_after=None
[2025-09-29T16:15:55.513+0000] {logging_mixin.py:188} INFO - [2025-09-29T16:15:55.513+0000] {dag.py:3947} INFO - Setting next_dagrun for dataset_consumes_1 to None, run_after=None
[2025-09-29T16:15:55.516+0000] {logging_mixin.py:188} INFO - [2025-09-29T16:15:55.516+0000] {dag.py:3947} INFO - Setting next_dagrun for dataset_consumes_1_and_2 to None, run_after=None
[2025-09-29T16:15:55.520+0000] {logging_mixin.py:188} INFO - [2025-09-29T16:15:55.519+0000] {dag.py:3947} INFO - Setting next_dagrun for dataset_consumes_1_never_scheduled to None, run_after=None
[2025-09-29T16:15:55.524+0000] {logging_mixin.py:188} INFO - [2025-09-29T16:15:55.522+0000] {dag.py:3947} INFO - Setting next_dagrun for dataset_consumes_unknown_never_scheduled to None, run_after=None
[2025-09-29T16:15:55.530+0000] {logging_mixin.py:188} INFO - [2025-09-29T16:15:55.529+0000] {dag.py:3947} INFO - Setting next_dagrun for dataset_produces_1 to 2025-09-28 00:00:00+00:00, run_after=2025-09-29 00:00:00+00:00
[2025-09-29T16:15:55.533+0000] {logging_mixin.py:188} INFO - [2025-09-29T16:15:55.533+0000] {dag.py:3947} INFO - Setting next_dagrun for dataset_produces_2 to None, run_after=None
[2025-09-29T16:15:55.641+0000] {processor.py:183} INFO - Processing /home/airflow/.local/lib/python3.12/site-packages/airflow/example_dags/example_datasets.py took 0.405 seconds
[2025-09-29T16:16:25.828+0000] {processor.py:161} INFO - Started process (PID=22302) to work on /home/airflow/.local/lib/python3.12/site-packages/airflow/example_dags/example_datasets.py
[2025-09-29T16:16:25.830+0000] {processor.py:830} INFO - Processing file /home/airflow/.local/lib/python3.12/site-packages/airflow/example_dags/example_datasets.py for tasks to queue
[2025-09-29T16:16:25.832+0000] {logging_mixin.py:188} INFO - [2025-09-29T16:16:25.831+0000] {dagbag.py:545} INFO - Filling up the DagBag from /home/airflow/.local/lib/python3.12/site-packages/airflow/example_dags/example_datasets.py
[2025-09-29T16:16:25.869+0000] {processor.py:840} INFO - DAG(s) 'dataset_consumes_1_and_2', 'dataset_consumes_1', 'consume_1_and_2_with_dataset_expressions', 'conditional_dataset_and_time_based_timetable', 'consume_1_or_2_with_dataset_expressions', 'dataset_consumes_1_never_scheduled', 'consume_1_or_both_2_and_3_with_dataset_expressions', 'dataset_produces_2', 'dataset_produces_1', 'dataset_consumes_unknown_never_scheduled' retrieved from /home/airflow/.local/lib/python3.12/site-packages/airflow/example_dags/example_datasets.py
[2025-09-29T16:16:26.032+0000] {logging_mixin.py:188} INFO - [2025-09-29T16:16:26.031+0000] {dag.py:3089} INFO - Sync 10 DAGs
[2025-09-29T16:16:26.109+0000] {logging_mixin.py:188} INFO - [2025-09-29T16:16:26.109+0000] {dag.py:3947} INFO - Setting next_dagrun for conditional_dataset_and_time_based_timetable to 2025-09-24 01:00:00+00:00, run_after=2025-09-24 01:00:00+00:00
[2025-09-29T16:16:26.117+0000] {logging_mixin.py:188} INFO - [2025-09-29T16:16:26.117+0000] {dag.py:3947} INFO - Setting next_dagrun for consume_1_and_2_with_dataset_expressions to None, run_after=None
[2025-09-29T16:16:26.121+0000] {logging_mixin.py:188} INFO - [2025-09-29T16:16:26.120+0000] {dag.py:3947} INFO - Setting next_dagrun for consume_1_or_2_with_dataset_expressions to None, run_after=None
[2025-09-29T16:16:26.124+0000] {logging_mixin.py:188} INFO - [2025-09-29T16:16:26.124+0000] {dag.py:3947} INFO - Setting next_dagrun for consume_1_or_both_2_and_3_with_dataset_expressions to None, run_after=None
[2025-09-29T16:16:26.127+0000] {logging_mixin.py:188} INFO - [2025-09-29T16:16:26.127+0000] {dag.py:3947} INFO - Setting next_dagrun for dataset_consumes_1 to None, run_after=None
[2025-09-29T16:16:26.133+0000] {logging_mixin.py:188} INFO - [2025-09-29T16:16:26.132+0000] {dag.py:3947} INFO - Setting next_dagrun for dataset_consumes_1_and_2 to None, run_after=None
[2025-09-29T16:16:26.136+0000] {logging_mixin.py:188} INFO - [2025-09-29T16:16:26.135+0000] {dag.py:3947} INFO - Setting next_dagrun for dataset_consumes_1_never_scheduled to None, run_after=None
[2025-09-29T16:16:26.140+0000] {logging_mixin.py:188} INFO - [2025-09-29T16:16:26.139+0000] {dag.py:3947} INFO - Setting next_dagrun for dataset_consumes_unknown_never_scheduled to None, run_after=None
[2025-09-29T16:16:26.146+0000] {logging_mixin.py:188} INFO - [2025-09-29T16:16:26.145+0000] {dag.py:3947} INFO - Setting next_dagrun for dataset_produces_1 to 2025-09-28 00:00:00+00:00, run_after=2025-09-29 00:00:00+00:00
[2025-09-29T16:16:26.151+0000] {logging_mixin.py:188} INFO - [2025-09-29T16:16:26.150+0000] {dag.py:3947} INFO - Setting next_dagrun for dataset_produces_2 to None, run_after=None
[2025-09-29T16:16:26.265+0000] {processor.py:183} INFO - Processing /home/airflow/.local/lib/python3.12/site-packages/airflow/example_dags/example_datasets.py took 0.453 seconds
[2025-09-29T16:16:57.231+0000] {processor.py:161} INFO - Started process (PID=22563) to work on /home/airflow/.local/lib/python3.12/site-packages/airflow/example_dags/example_datasets.py
[2025-09-29T16:16:57.234+0000] {processor.py:830} INFO - Processing file /home/airflow/.local/lib/python3.12/site-packages/airflow/example_dags/example_datasets.py for tasks to queue
[2025-09-29T16:16:57.237+0000] {logging_mixin.py:188} INFO - [2025-09-29T16:16:57.236+0000] {dagbag.py:545} INFO - Filling up the DagBag from /home/airflow/.local/lib/python3.12/site-packages/airflow/example_dags/example_datasets.py
[2025-09-29T16:16:57.279+0000] {processor.py:840} INFO - DAG(s) 'dataset_consumes_1_never_scheduled', 'consume_1_or_2_with_dataset_expressions', 'dataset_produces_2', 'dataset_consumes_1_and_2', 'conditional_dataset_and_time_based_timetable', 'dataset_consumes_1', 'consume_1_or_both_2_and_3_with_dataset_expressions', 'consume_1_and_2_with_dataset_expressions', 'dataset_consumes_unknown_never_scheduled', 'dataset_produces_1' retrieved from /home/airflow/.local/lib/python3.12/site-packages/airflow/example_dags/example_datasets.py
[2025-09-29T16:16:57.411+0000] {logging_mixin.py:188} INFO - [2025-09-29T16:16:57.411+0000] {dag.py:3089} INFO - Sync 10 DAGs
[2025-09-29T16:16:57.494+0000] {logging_mixin.py:188} INFO - [2025-09-29T16:16:57.493+0000] {dag.py:3947} INFO - Setting next_dagrun for conditional_dataset_and_time_based_timetable to 2025-09-24 01:00:00+00:00, run_after=2025-09-24 01:00:00+00:00
[2025-09-29T16:16:57.503+0000] {logging_mixin.py:188} INFO - [2025-09-29T16:16:57.502+0000] {dag.py:3947} INFO - Setting next_dagrun for consume_1_and_2_with_dataset_expressions to None, run_after=None
[2025-09-29T16:16:57.507+0000] {logging_mixin.py:188} INFO - [2025-09-29T16:16:57.507+0000] {dag.py:3947} INFO - Setting next_dagrun for consume_1_or_2_with_dataset_expressions to None, run_after=None
[2025-09-29T16:16:57.511+0000] {logging_mixin.py:188} INFO - [2025-09-29T16:16:57.510+0000] {dag.py:3947} INFO - Setting next_dagrun for consume_1_or_both_2_and_3_with_dataset_expressions to None, run_after=None
[2025-09-29T16:16:57.514+0000] {logging_mixin.py:188} INFO - [2025-09-29T16:16:57.513+0000] {dag.py:3947} INFO - Setting next_dagrun for dataset_consumes_1 to None, run_after=None
[2025-09-29T16:16:57.517+0000] {logging_mixin.py:188} INFO - [2025-09-29T16:16:57.517+0000] {dag.py:3947} INFO - Setting next_dagrun for dataset_consumes_1_and_2 to None, run_after=None
[2025-09-29T16:16:57.521+0000] {logging_mixin.py:188} INFO - [2025-09-29T16:16:57.520+0000] {dag.py:3947} INFO - Setting next_dagrun for dataset_consumes_1_never_scheduled to None, run_after=None
[2025-09-29T16:16:57.525+0000] {logging_mixin.py:188} INFO - [2025-09-29T16:16:57.524+0000] {dag.py:3947} INFO - Setting next_dagrun for dataset_consumes_unknown_never_scheduled to None, run_after=None
[2025-09-29T16:16:57.531+0000] {logging_mixin.py:188} INFO - [2025-09-29T16:16:57.531+0000] {dag.py:3947} INFO - Setting next_dagrun for dataset_produces_1 to 2025-09-28 00:00:00+00:00, run_after=2025-09-29 00:00:00+00:00
[2025-09-29T16:16:57.536+0000] {logging_mixin.py:188} INFO - [2025-09-29T16:16:57.535+0000] {dag.py:3947} INFO - Setting next_dagrun for dataset_produces_2 to None, run_after=None
[2025-09-29T16:16:57.665+0000] {processor.py:183} INFO - Processing /home/airflow/.local/lib/python3.12/site-packages/airflow/example_dags/example_datasets.py took 0.453 seconds
[2025-09-29T16:17:27.772+0000] {processor.py:161} INFO - Started process (PID=22827) to work on /home/airflow/.local/lib/python3.12/site-packages/airflow/example_dags/example_datasets.py
[2025-09-29T16:17:27.776+0000] {processor.py:830} INFO - Processing file /home/airflow/.local/lib/python3.12/site-packages/airflow/example_dags/example_datasets.py for tasks to queue
[2025-09-29T16:17:27.778+0000] {logging_mixin.py:188} INFO - [2025-09-29T16:17:27.777+0000] {dagbag.py:545} INFO - Filling up the DagBag from /home/airflow/.local/lib/python3.12/site-packages/airflow/example_dags/example_datasets.py
[2025-09-29T16:17:27.818+0000] {processor.py:840} INFO - DAG(s) 'dataset_produces_1', 'consume_1_or_2_with_dataset_expressions', 'consume_1_or_both_2_and_3_with_dataset_expressions', 'dataset_consumes_1_never_scheduled', 'consume_1_and_2_with_dataset_expressions', 'dataset_consumes_unknown_never_scheduled', 'dataset_produces_2', 'dataset_consumes_1', 'conditional_dataset_and_time_based_timetable', 'dataset_consumes_1_and_2' retrieved from /home/airflow/.local/lib/python3.12/site-packages/airflow/example_dags/example_datasets.py
[2025-09-29T16:17:27.956+0000] {logging_mixin.py:188} INFO - [2025-09-29T16:17:27.956+0000] {dag.py:3089} INFO - Sync 10 DAGs
[2025-09-29T16:17:28.029+0000] {logging_mixin.py:188} INFO - [2025-09-29T16:17:28.028+0000] {dag.py:3947} INFO - Setting next_dagrun for conditional_dataset_and_time_based_timetable to 2025-09-24 01:00:00+00:00, run_after=2025-09-24 01:00:00+00:00
[2025-09-29T16:17:28.038+0000] {logging_mixin.py:188} INFO - [2025-09-29T16:17:28.037+0000] {dag.py:3947} INFO - Setting next_dagrun for consume_1_and_2_with_dataset_expressions to None, run_after=None
[2025-09-29T16:17:28.041+0000] {logging_mixin.py:188} INFO - [2025-09-29T16:17:28.041+0000] {dag.py:3947} INFO - Setting next_dagrun for consume_1_or_2_with_dataset_expressions to None, run_after=None
[2025-09-29T16:17:28.044+0000] {logging_mixin.py:188} INFO - [2025-09-29T16:17:28.044+0000] {dag.py:3947} INFO - Setting next_dagrun for consume_1_or_both_2_and_3_with_dataset_expressions to None, run_after=None
[2025-09-29T16:17:28.047+0000] {logging_mixin.py:188} INFO - [2025-09-29T16:17:28.047+0000] {dag.py:3947} INFO - Setting next_dagrun for dataset_consumes_1 to None, run_after=None
[2025-09-29T16:17:28.051+0000] {logging_mixin.py:188} INFO - [2025-09-29T16:17:28.050+0000] {dag.py:3947} INFO - Setting next_dagrun for dataset_consumes_1_and_2 to None, run_after=None
[2025-09-29T16:17:28.054+0000] {logging_mixin.py:188} INFO - [2025-09-29T16:17:28.054+0000] {dag.py:3947} INFO - Setting next_dagrun for dataset_consumes_1_never_scheduled to None, run_after=None
[2025-09-29T16:17:28.058+0000] {logging_mixin.py:188} INFO - [2025-09-29T16:17:28.057+0000] {dag.py:3947} INFO - Setting next_dagrun for dataset_consumes_unknown_never_scheduled to None, run_after=None
[2025-09-29T16:17:28.065+0000] {logging_mixin.py:188} INFO - [2025-09-29T16:17:28.064+0000] {dag.py:3947} INFO - Setting next_dagrun for dataset_produces_1 to 2025-09-28 00:00:00+00:00, run_after=2025-09-29 00:00:00+00:00
[2025-09-29T16:17:28.069+0000] {logging_mixin.py:188} INFO - [2025-09-29T16:17:28.068+0000] {dag.py:3947} INFO - Setting next_dagrun for dataset_produces_2 to None, run_after=None
[2025-09-29T16:17:28.177+0000] {processor.py:183} INFO - Processing /home/airflow/.local/lib/python3.12/site-packages/airflow/example_dags/example_datasets.py took 0.421 seconds
[2025-09-29T16:17:58.494+0000] {processor.py:161} INFO - Started process (PID=23090) to work on /home/airflow/.local/lib/python3.12/site-packages/airflow/example_dags/example_datasets.py
[2025-09-29T16:17:58.498+0000] {processor.py:830} INFO - Processing file /home/airflow/.local/lib/python3.12/site-packages/airflow/example_dags/example_datasets.py for tasks to queue
[2025-09-29T16:17:58.501+0000] {logging_mixin.py:188} INFO - [2025-09-29T16:17:58.500+0000] {dagbag.py:545} INFO - Filling up the DagBag from /home/airflow/.local/lib/python3.12/site-packages/airflow/example_dags/example_datasets.py
[2025-09-29T16:17:58.556+0000] {processor.py:840} INFO - DAG(s) 'dataset_produces_2', 'dataset_consumes_1_never_scheduled', 'dataset_consumes_unknown_never_scheduled', 'consume_1_or_both_2_and_3_with_dataset_expressions', 'conditional_dataset_and_time_based_timetable', 'consume_1_or_2_with_dataset_expressions', 'dataset_consumes_1_and_2', 'consume_1_and_2_with_dataset_expressions', 'dataset_consumes_1', 'dataset_produces_1' retrieved from /home/airflow/.local/lib/python3.12/site-packages/airflow/example_dags/example_datasets.py
[2025-09-29T16:17:58.722+0000] {logging_mixin.py:188} INFO - [2025-09-29T16:17:58.721+0000] {dag.py:3089} INFO - Sync 10 DAGs
[2025-09-29T16:17:58.778+0000] {logging_mixin.py:188} INFO - [2025-09-29T16:17:58.778+0000] {dag.py:3947} INFO - Setting next_dagrun for conditional_dataset_and_time_based_timetable to 2025-09-24 01:00:00+00:00, run_after=2025-09-24 01:00:00+00:00
[2025-09-29T16:17:58.788+0000] {logging_mixin.py:188} INFO - [2025-09-29T16:17:58.787+0000] {dag.py:3947} INFO - Setting next_dagrun for consume_1_and_2_with_dataset_expressions to None, run_after=None
[2025-09-29T16:17:58.791+0000] {logging_mixin.py:188} INFO - [2025-09-29T16:17:58.791+0000] {dag.py:3947} INFO - Setting next_dagrun for consume_1_or_2_with_dataset_expressions to None, run_after=None
[2025-09-29T16:17:58.794+0000] {logging_mixin.py:188} INFO - [2025-09-29T16:17:58.794+0000] {dag.py:3947} INFO - Setting next_dagrun for consume_1_or_both_2_and_3_with_dataset_expressions to None, run_after=None
[2025-09-29T16:17:58.798+0000] {logging_mixin.py:188} INFO - [2025-09-29T16:17:58.797+0000] {dag.py:3947} INFO - Setting next_dagrun for dataset_consumes_1 to None, run_after=None
[2025-09-29T16:17:58.801+0000] {logging_mixin.py:188} INFO - [2025-09-29T16:17:58.800+0000] {dag.py:3947} INFO - Setting next_dagrun for dataset_consumes_1_and_2 to None, run_after=None
[2025-09-29T16:17:58.804+0000] {logging_mixin.py:188} INFO - [2025-09-29T16:17:58.803+0000] {dag.py:3947} INFO - Setting next_dagrun for dataset_consumes_1_never_scheduled to None, run_after=None
[2025-09-29T16:17:58.807+0000] {logging_mixin.py:188} INFO - [2025-09-29T16:17:58.806+0000] {dag.py:3947} INFO - Setting next_dagrun for dataset_consumes_unknown_never_scheduled to None, run_after=None
[2025-09-29T16:17:58.812+0000] {logging_mixin.py:188} INFO - [2025-09-29T16:17:58.812+0000] {dag.py:3947} INFO - Setting next_dagrun for dataset_produces_1 to 2025-09-28 00:00:00+00:00, run_after=2025-09-29 00:00:00+00:00
[2025-09-29T16:17:58.815+0000] {logging_mixin.py:188} INFO - [2025-09-29T16:17:58.815+0000] {dag.py:3947} INFO - Setting next_dagrun for dataset_produces_2 to None, run_after=None
[2025-09-29T16:17:58.920+0000] {processor.py:183} INFO - Processing /home/airflow/.local/lib/python3.12/site-packages/airflow/example_dags/example_datasets.py took 0.449 seconds
[2025-09-29T16:18:29.560+0000] {processor.py:161} INFO - Started process (PID=23351) to work on /home/airflow/.local/lib/python3.12/site-packages/airflow/example_dags/example_datasets.py
[2025-09-29T16:18:29.563+0000] {processor.py:830} INFO - Processing file /home/airflow/.local/lib/python3.12/site-packages/airflow/example_dags/example_datasets.py for tasks to queue
[2025-09-29T16:18:29.565+0000] {logging_mixin.py:188} INFO - [2025-09-29T16:18:29.564+0000] {dagbag.py:545} INFO - Filling up the DagBag from /home/airflow/.local/lib/python3.12/site-packages/airflow/example_dags/example_datasets.py
[2025-09-29T16:18:29.617+0000] {processor.py:840} INFO - DAG(s) 'conditional_dataset_and_time_based_timetable', 'dataset_produces_2', 'consume_1_or_2_with_dataset_expressions', 'dataset_produces_1', 'consume_1_or_both_2_and_3_with_dataset_expressions', 'consume_1_and_2_with_dataset_expressions', 'dataset_consumes_1', 'dataset_consumes_1_and_2', 'dataset_consumes_1_never_scheduled', 'dataset_consumes_unknown_never_scheduled' retrieved from /home/airflow/.local/lib/python3.12/site-packages/airflow/example_dags/example_datasets.py
[2025-09-29T16:18:29.804+0000] {logging_mixin.py:188} INFO - [2025-09-29T16:18:29.803+0000] {dag.py:3089} INFO - Sync 10 DAGs
[2025-09-29T16:18:29.924+0000] {logging_mixin.py:188} INFO - [2025-09-29T16:18:29.923+0000] {dag.py:3947} INFO - Setting next_dagrun for conditional_dataset_and_time_based_timetable to 2025-09-24 01:00:00+00:00, run_after=2025-09-24 01:00:00+00:00
[2025-09-29T16:18:29.938+0000] {logging_mixin.py:188} INFO - [2025-09-29T16:18:29.937+0000] {dag.py:3947} INFO - Setting next_dagrun for consume_1_and_2_with_dataset_expressions to None, run_after=None
[2025-09-29T16:18:29.945+0000] {logging_mixin.py:188} INFO - [2025-09-29T16:18:29.944+0000] {dag.py:3947} INFO - Setting next_dagrun for consume_1_or_2_with_dataset_expressions to None, run_after=None
[2025-09-29T16:18:29.952+0000] {logging_mixin.py:188} INFO - [2025-09-29T16:18:29.951+0000] {dag.py:3947} INFO - Setting next_dagrun for consume_1_or_both_2_and_3_with_dataset_expressions to None, run_after=None
[2025-09-29T16:18:29.966+0000] {logging_mixin.py:188} INFO - [2025-09-29T16:18:29.963+0000] {dag.py:3947} INFO - Setting next_dagrun for dataset_consumes_1 to None, run_after=None
[2025-09-29T16:18:29.972+0000] {logging_mixin.py:188} INFO - [2025-09-29T16:18:29.971+0000] {dag.py:3947} INFO - Setting next_dagrun for dataset_consumes_1_and_2 to None, run_after=None
[2025-09-29T16:18:29.977+0000] {logging_mixin.py:188} INFO - [2025-09-29T16:18:29.977+0000] {dag.py:3947} INFO - Setting next_dagrun for dataset_consumes_1_never_scheduled to None, run_after=None
[2025-09-29T16:18:29.981+0000] {logging_mixin.py:188} INFO - [2025-09-29T16:18:29.981+0000] {dag.py:3947} INFO - Setting next_dagrun for dataset_consumes_unknown_never_scheduled to None, run_after=None
[2025-09-29T16:18:29.988+0000] {logging_mixin.py:188} INFO - [2025-09-29T16:18:29.987+0000] {dag.py:3947} INFO - Setting next_dagrun for dataset_produces_1 to 2025-09-28 00:00:00+00:00, run_after=2025-09-29 00:00:00+00:00
[2025-09-29T16:18:29.991+0000] {logging_mixin.py:188} INFO - [2025-09-29T16:18:29.991+0000] {dag.py:3947} INFO - Setting next_dagrun for dataset_produces_2 to None, run_after=None
[2025-09-29T16:18:30.088+0000] {processor.py:183} INFO - Processing /home/airflow/.local/lib/python3.12/site-packages/airflow/example_dags/example_datasets.py took 0.545 seconds
[2025-09-29T16:19:00.182+0000] {processor.py:161} INFO - Started process (PID=23612) to work on /home/airflow/.local/lib/python3.12/site-packages/airflow/example_dags/example_datasets.py
[2025-09-29T16:19:00.184+0000] {processor.py:830} INFO - Processing file /home/airflow/.local/lib/python3.12/site-packages/airflow/example_dags/example_datasets.py for tasks to queue
[2025-09-29T16:19:00.186+0000] {logging_mixin.py:188} INFO - [2025-09-29T16:19:00.185+0000] {dagbag.py:545} INFO - Filling up the DagBag from /home/airflow/.local/lib/python3.12/site-packages/airflow/example_dags/example_datasets.py
[2025-09-29T16:19:00.222+0000] {processor.py:840} INFO - DAG(s) 'dataset_consumes_unknown_never_scheduled', 'consume_1_and_2_with_dataset_expressions', 'dataset_consumes_1_and_2', 'consume_1_or_2_with_dataset_expressions', 'dataset_consumes_1', 'dataset_produces_1', 'conditional_dataset_and_time_based_timetable', 'dataset_consumes_1_never_scheduled', 'dataset_produces_2', 'consume_1_or_both_2_and_3_with_dataset_expressions' retrieved from /home/airflow/.local/lib/python3.12/site-packages/airflow/example_dags/example_datasets.py
[2025-09-29T16:19:00.355+0000] {logging_mixin.py:188} INFO - [2025-09-29T16:19:00.354+0000] {dag.py:3089} INFO - Sync 10 DAGs
[2025-09-29T16:19:00.414+0000] {logging_mixin.py:188} INFO - [2025-09-29T16:19:00.414+0000] {dag.py:3947} INFO - Setting next_dagrun for conditional_dataset_and_time_based_timetable to 2025-09-24 01:00:00+00:00, run_after=2025-09-24 01:00:00+00:00
[2025-09-29T16:19:00.423+0000] {logging_mixin.py:188} INFO - [2025-09-29T16:19:00.423+0000] {dag.py:3947} INFO - Setting next_dagrun for consume_1_and_2_with_dataset_expressions to None, run_after=None
[2025-09-29T16:19:00.427+0000] {logging_mixin.py:188} INFO - [2025-09-29T16:19:00.426+0000] {dag.py:3947} INFO - Setting next_dagrun for consume_1_or_2_with_dataset_expressions to None, run_after=None
[2025-09-29T16:19:00.430+0000] {logging_mixin.py:188} INFO - [2025-09-29T16:19:00.429+0000] {dag.py:3947} INFO - Setting next_dagrun for consume_1_or_both_2_and_3_with_dataset_expressions to None, run_after=None
[2025-09-29T16:19:00.433+0000] {logging_mixin.py:188} INFO - [2025-09-29T16:19:00.432+0000] {dag.py:3947} INFO - Setting next_dagrun for dataset_consumes_1 to None, run_after=None
[2025-09-29T16:19:00.436+0000] {logging_mixin.py:188} INFO - [2025-09-29T16:19:00.435+0000] {dag.py:3947} INFO - Setting next_dagrun for dataset_consumes_1_and_2 to None, run_after=None
[2025-09-29T16:19:00.439+0000] {logging_mixin.py:188} INFO - [2025-09-29T16:19:00.439+0000] {dag.py:3947} INFO - Setting next_dagrun for dataset_consumes_1_never_scheduled to None, run_after=None
[2025-09-29T16:19:00.443+0000] {logging_mixin.py:188} INFO - [2025-09-29T16:19:00.442+0000] {dag.py:3947} INFO - Setting next_dagrun for dataset_consumes_unknown_never_scheduled to None, run_after=None
[2025-09-29T16:19:00.449+0000] {logging_mixin.py:188} INFO - [2025-09-29T16:19:00.448+0000] {dag.py:3947} INFO - Setting next_dagrun for dataset_produces_1 to 2025-09-28 00:00:00+00:00, run_after=2025-09-29 00:00:00+00:00
[2025-09-29T16:19:00.452+0000] {logging_mixin.py:188} INFO - [2025-09-29T16:19:00.452+0000] {dag.py:3947} INFO - Setting next_dagrun for dataset_produces_2 to None, run_after=None
[2025-09-29T16:19:00.545+0000] {processor.py:183} INFO - Processing /home/airflow/.local/lib/python3.12/site-packages/airflow/example_dags/example_datasets.py took 0.378 seconds
[2025-09-29T16:19:31.272+0000] {processor.py:161} INFO - Started process (PID=23873) to work on /home/airflow/.local/lib/python3.12/site-packages/airflow/example_dags/example_datasets.py
[2025-09-29T16:19:31.274+0000] {processor.py:830} INFO - Processing file /home/airflow/.local/lib/python3.12/site-packages/airflow/example_dags/example_datasets.py for tasks to queue
[2025-09-29T16:19:31.276+0000] {logging_mixin.py:188} INFO - [2025-09-29T16:19:31.276+0000] {dagbag.py:545} INFO - Filling up the DagBag from /home/airflow/.local/lib/python3.12/site-packages/airflow/example_dags/example_datasets.py
[2025-09-29T16:19:31.311+0000] {processor.py:840} INFO - DAG(s) 'dataset_consumes_1_and_2', 'dataset_consumes_1', 'consume_1_or_2_with_dataset_expressions', 'dataset_consumes_1_never_scheduled', 'conditional_dataset_and_time_based_timetable', 'dataset_produces_1', 'consume_1_or_both_2_and_3_with_dataset_expressions', 'dataset_produces_2', 'dataset_consumes_unknown_never_scheduled', 'consume_1_and_2_with_dataset_expressions' retrieved from /home/airflow/.local/lib/python3.12/site-packages/airflow/example_dags/example_datasets.py
[2025-09-29T16:19:31.429+0000] {logging_mixin.py:188} INFO - [2025-09-29T16:19:31.428+0000] {dag.py:3089} INFO - Sync 10 DAGs
[2025-09-29T16:19:31.484+0000] {logging_mixin.py:188} INFO - [2025-09-29T16:19:31.484+0000] {dag.py:3947} INFO - Setting next_dagrun for conditional_dataset_and_time_based_timetable to 2025-09-24 01:00:00+00:00, run_after=2025-09-24 01:00:00+00:00
[2025-09-29T16:19:31.492+0000] {logging_mixin.py:188} INFO - [2025-09-29T16:19:31.492+0000] {dag.py:3947} INFO - Setting next_dagrun for consume_1_and_2_with_dataset_expressions to None, run_after=None
[2025-09-29T16:19:31.495+0000] {logging_mixin.py:188} INFO - [2025-09-29T16:19:31.494+0000] {dag.py:3947} INFO - Setting next_dagrun for consume_1_or_2_with_dataset_expressions to None, run_after=None
[2025-09-29T16:19:31.498+0000] {logging_mixin.py:188} INFO - [2025-09-29T16:19:31.497+0000] {dag.py:3947} INFO - Setting next_dagrun for consume_1_or_both_2_and_3_with_dataset_expressions to None, run_after=None
[2025-09-29T16:19:31.500+0000] {logging_mixin.py:188} INFO - [2025-09-29T16:19:31.500+0000] {dag.py:3947} INFO - Setting next_dagrun for dataset_consumes_1 to None, run_after=None
[2025-09-29T16:19:31.503+0000] {logging_mixin.py:188} INFO - [2025-09-29T16:19:31.502+0000] {dag.py:3947} INFO - Setting next_dagrun for dataset_consumes_1_and_2 to None, run_after=None
[2025-09-29T16:19:31.505+0000] {logging_mixin.py:188} INFO - [2025-09-29T16:19:31.505+0000] {dag.py:3947} INFO - Setting next_dagrun for dataset_consumes_1_never_scheduled to None, run_after=None
[2025-09-29T16:19:31.508+0000] {logging_mixin.py:188} INFO - [2025-09-29T16:19:31.507+0000] {dag.py:3947} INFO - Setting next_dagrun for dataset_consumes_unknown_never_scheduled to None, run_after=None
[2025-09-29T16:19:31.512+0000] {logging_mixin.py:188} INFO - [2025-09-29T16:19:31.512+0000] {dag.py:3947} INFO - Setting next_dagrun for dataset_produces_1 to 2025-09-28 00:00:00+00:00, run_after=2025-09-29 00:00:00+00:00
[2025-09-29T16:19:31.515+0000] {logging_mixin.py:188} INFO - [2025-09-29T16:19:31.515+0000] {dag.py:3947} INFO - Setting next_dagrun for dataset_produces_2 to None, run_after=None
[2025-09-29T16:19:31.593+0000] {processor.py:183} INFO - Processing /home/airflow/.local/lib/python3.12/site-packages/airflow/example_dags/example_datasets.py took 0.336 seconds
[2025-09-29T16:20:02.111+0000] {processor.py:161} INFO - Started process (PID=24134) to work on /home/airflow/.local/lib/python3.12/site-packages/airflow/example_dags/example_datasets.py
[2025-09-29T16:20:02.113+0000] {processor.py:830} INFO - Processing file /home/airflow/.local/lib/python3.12/site-packages/airflow/example_dags/example_datasets.py for tasks to queue
[2025-09-29T16:20:02.114+0000] {logging_mixin.py:188} INFO - [2025-09-29T16:20:02.114+0000] {dagbag.py:545} INFO - Filling up the DagBag from /home/airflow/.local/lib/python3.12/site-packages/airflow/example_dags/example_datasets.py
[2025-09-29T16:20:02.147+0000] {processor.py:840} INFO - DAG(s) 'dataset_produces_2', 'dataset_consumes_1_never_scheduled', 'dataset_produces_1', 'consume_1_or_both_2_and_3_with_dataset_expressions', 'dataset_consumes_unknown_never_scheduled', 'consume_1_and_2_with_dataset_expressions', 'consume_1_or_2_with_dataset_expressions', 'dataset_consumes_1', 'dataset_consumes_1_and_2', 'conditional_dataset_and_time_based_timetable' retrieved from /home/airflow/.local/lib/python3.12/site-packages/airflow/example_dags/example_datasets.py
[2025-09-29T16:20:02.267+0000] {logging_mixin.py:188} INFO - [2025-09-29T16:20:02.266+0000] {dag.py:3089} INFO - Sync 10 DAGs
[2025-09-29T16:20:02.323+0000] {logging_mixin.py:188} INFO - [2025-09-29T16:20:02.323+0000] {dag.py:3947} INFO - Setting next_dagrun for conditional_dataset_and_time_based_timetable to 2025-09-24 01:00:00+00:00, run_after=2025-09-24 01:00:00+00:00
[2025-09-29T16:20:02.331+0000] {logging_mixin.py:188} INFO - [2025-09-29T16:20:02.330+0000] {dag.py:3947} INFO - Setting next_dagrun for consume_1_and_2_with_dataset_expressions to None, run_after=None
[2025-09-29T16:20:02.334+0000] {logging_mixin.py:188} INFO - [2025-09-29T16:20:02.333+0000] {dag.py:3947} INFO - Setting next_dagrun for consume_1_or_2_with_dataset_expressions to None, run_after=None
[2025-09-29T16:20:02.336+0000] {logging_mixin.py:188} INFO - [2025-09-29T16:20:02.336+0000] {dag.py:3947} INFO - Setting next_dagrun for consume_1_or_both_2_and_3_with_dataset_expressions to None, run_after=None
[2025-09-29T16:20:02.339+0000] {logging_mixin.py:188} INFO - [2025-09-29T16:20:02.339+0000] {dag.py:3947} INFO - Setting next_dagrun for dataset_consumes_1 to None, run_after=None
[2025-09-29T16:20:02.343+0000] {logging_mixin.py:188} INFO - [2025-09-29T16:20:02.342+0000] {dag.py:3947} INFO - Setting next_dagrun for dataset_consumes_1_and_2 to None, run_after=None
[2025-09-29T16:20:02.346+0000] {logging_mixin.py:188} INFO - [2025-09-29T16:20:02.345+0000] {dag.py:3947} INFO - Setting next_dagrun for dataset_consumes_1_never_scheduled to None, run_after=None
[2025-09-29T16:20:02.349+0000] {logging_mixin.py:188} INFO - [2025-09-29T16:20:02.348+0000] {dag.py:3947} INFO - Setting next_dagrun for dataset_consumes_unknown_never_scheduled to None, run_after=None
[2025-09-29T16:20:02.354+0000] {logging_mixin.py:188} INFO - [2025-09-29T16:20:02.353+0000] {dag.py:3947} INFO - Setting next_dagrun for dataset_produces_1 to 2025-09-28 00:00:00+00:00, run_after=2025-09-29 00:00:00+00:00
[2025-09-29T16:20:02.357+0000] {logging_mixin.py:188} INFO - [2025-09-29T16:20:02.356+0000] {dag.py:3947} INFO - Setting next_dagrun for dataset_produces_2 to None, run_after=None
[2025-09-29T16:20:02.454+0000] {processor.py:183} INFO - Processing /home/airflow/.local/lib/python3.12/site-packages/airflow/example_dags/example_datasets.py took 0.358 seconds
[2025-09-29T16:20:32.676+0000] {processor.py:161} INFO - Started process (PID=24395) to work on /home/airflow/.local/lib/python3.12/site-packages/airflow/example_dags/example_datasets.py
[2025-09-29T16:20:32.679+0000] {processor.py:830} INFO - Processing file /home/airflow/.local/lib/python3.12/site-packages/airflow/example_dags/example_datasets.py for tasks to queue
[2025-09-29T16:20:32.681+0000] {logging_mixin.py:188} INFO - [2025-09-29T16:20:32.680+0000] {dagbag.py:545} INFO - Filling up the DagBag from /home/airflow/.local/lib/python3.12/site-packages/airflow/example_dags/example_datasets.py
[2025-09-29T16:20:32.713+0000] {processor.py:840} INFO - DAG(s) 'dataset_produces_1', 'consume_1_or_2_with_dataset_expressions', 'conditional_dataset_and_time_based_timetable', 'dataset_consumes_unknown_never_scheduled', 'consume_1_and_2_with_dataset_expressions', 'dataset_consumes_1_and_2', 'dataset_produces_2', 'consume_1_or_both_2_and_3_with_dataset_expressions', 'dataset_consumes_1_never_scheduled', 'dataset_consumes_1' retrieved from /home/airflow/.local/lib/python3.12/site-packages/airflow/example_dags/example_datasets.py
[2025-09-29T16:20:32.828+0000] {logging_mixin.py:188} INFO - [2025-09-29T16:20:32.828+0000] {dag.py:3089} INFO - Sync 10 DAGs
[2025-09-29T16:20:32.883+0000] {logging_mixin.py:188} INFO - [2025-09-29T16:20:32.882+0000] {dag.py:3947} INFO - Setting next_dagrun for conditional_dataset_and_time_based_timetable to 2025-09-24 01:00:00+00:00, run_after=2025-09-24 01:00:00+00:00
[2025-09-29T16:20:32.890+0000] {logging_mixin.py:188} INFO - [2025-09-29T16:20:32.890+0000] {dag.py:3947} INFO - Setting next_dagrun for consume_1_and_2_with_dataset_expressions to None, run_after=None
[2025-09-29T16:20:32.893+0000] {logging_mixin.py:188} INFO - [2025-09-29T16:20:32.893+0000] {dag.py:3947} INFO - Setting next_dagrun for consume_1_or_2_with_dataset_expressions to None, run_after=None
[2025-09-29T16:20:32.896+0000] {logging_mixin.py:188} INFO - [2025-09-29T16:20:32.896+0000] {dag.py:3947} INFO - Setting next_dagrun for consume_1_or_both_2_and_3_with_dataset_expressions to None, run_after=None
[2025-09-29T16:20:32.899+0000] {logging_mixin.py:188} INFO - [2025-09-29T16:20:32.898+0000] {dag.py:3947} INFO - Setting next_dagrun for dataset_consumes_1 to None, run_after=None
[2025-09-29T16:20:32.901+0000] {logging_mixin.py:188} INFO - [2025-09-29T16:20:32.901+0000] {dag.py:3947} INFO - Setting next_dagrun for dataset_consumes_1_and_2 to None, run_after=None
[2025-09-29T16:20:32.904+0000] {logging_mixin.py:188} INFO - [2025-09-29T16:20:32.904+0000] {dag.py:3947} INFO - Setting next_dagrun for dataset_consumes_1_never_scheduled to None, run_after=None
[2025-09-29T16:20:32.906+0000] {logging_mixin.py:188} INFO - [2025-09-29T16:20:32.906+0000] {dag.py:3947} INFO - Setting next_dagrun for dataset_consumes_unknown_never_scheduled to None, run_after=None
[2025-09-29T16:20:32.912+0000] {logging_mixin.py:188} INFO - [2025-09-29T16:20:32.911+0000] {dag.py:3947} INFO - Setting next_dagrun for dataset_produces_1 to 2025-09-28 00:00:00+00:00, run_after=2025-09-29 00:00:00+00:00
[2025-09-29T16:20:32.914+0000] {logging_mixin.py:188} INFO - [2025-09-29T16:20:32.914+0000] {dag.py:3947} INFO - Setting next_dagrun for dataset_produces_2 to None, run_after=None
[2025-09-29T16:20:32.999+0000] {processor.py:183} INFO - Processing /home/airflow/.local/lib/python3.12/site-packages/airflow/example_dags/example_datasets.py took 0.338 seconds
[2025-09-29T16:21:03.217+0000] {processor.py:161} INFO - Started process (PID=24656) to work on /home/airflow/.local/lib/python3.12/site-packages/airflow/example_dags/example_datasets.py
[2025-09-29T16:21:03.219+0000] {processor.py:830} INFO - Processing file /home/airflow/.local/lib/python3.12/site-packages/airflow/example_dags/example_datasets.py for tasks to queue
[2025-09-29T16:21:03.221+0000] {logging_mixin.py:188} INFO - [2025-09-29T16:21:03.220+0000] {dagbag.py:545} INFO - Filling up the DagBag from /home/airflow/.local/lib/python3.12/site-packages/airflow/example_dags/example_datasets.py
[2025-09-29T16:21:03.261+0000] {processor.py:840} INFO - DAG(s) 'dataset_consumes_1_never_scheduled', 'consume_1_or_2_with_dataset_expressions', 'dataset_produces_2', 'dataset_produces_1', 'consume_1_and_2_with_dataset_expressions', 'conditional_dataset_and_time_based_timetable', 'consume_1_or_both_2_and_3_with_dataset_expressions', 'dataset_consumes_1_and_2', 'dataset_consumes_1', 'dataset_consumes_unknown_never_scheduled' retrieved from /home/airflow/.local/lib/python3.12/site-packages/airflow/example_dags/example_datasets.py
[2025-09-29T16:21:03.380+0000] {logging_mixin.py:188} INFO - [2025-09-29T16:21:03.379+0000] {dag.py:3089} INFO - Sync 10 DAGs
[2025-09-29T16:21:03.436+0000] {logging_mixin.py:188} INFO - [2025-09-29T16:21:03.435+0000] {dag.py:3947} INFO - Setting next_dagrun for conditional_dataset_and_time_based_timetable to 2025-09-24 01:00:00+00:00, run_after=2025-09-24 01:00:00+00:00
[2025-09-29T16:21:03.444+0000] {logging_mixin.py:188} INFO - [2025-09-29T16:21:03.443+0000] {dag.py:3947} INFO - Setting next_dagrun for consume_1_and_2_with_dataset_expressions to None, run_after=None
[2025-09-29T16:21:03.447+0000] {logging_mixin.py:188} INFO - [2025-09-29T16:21:03.446+0000] {dag.py:3947} INFO - Setting next_dagrun for consume_1_or_2_with_dataset_expressions to None, run_after=None
[2025-09-29T16:21:03.449+0000] {logging_mixin.py:188} INFO - [2025-09-29T16:21:03.449+0000] {dag.py:3947} INFO - Setting next_dagrun for consume_1_or_both_2_and_3_with_dataset_expressions to None, run_after=None
[2025-09-29T16:21:03.453+0000] {logging_mixin.py:188} INFO - [2025-09-29T16:21:03.452+0000] {dag.py:3947} INFO - Setting next_dagrun for dataset_consumes_1 to None, run_after=None
[2025-09-29T16:21:03.456+0000] {logging_mixin.py:188} INFO - [2025-09-29T16:21:03.456+0000] {dag.py:3947} INFO - Setting next_dagrun for dataset_consumes_1_and_2 to None, run_after=None
[2025-09-29T16:21:03.459+0000] {logging_mixin.py:188} INFO - [2025-09-29T16:21:03.458+0000] {dag.py:3947} INFO - Setting next_dagrun for dataset_consumes_1_never_scheduled to None, run_after=None
[2025-09-29T16:21:03.462+0000] {logging_mixin.py:188} INFO - [2025-09-29T16:21:03.461+0000] {dag.py:3947} INFO - Setting next_dagrun for dataset_consumes_unknown_never_scheduled to None, run_after=None
[2025-09-29T16:21:03.467+0000] {logging_mixin.py:188} INFO - [2025-09-29T16:21:03.466+0000] {dag.py:3947} INFO - Setting next_dagrun for dataset_produces_1 to 2025-09-28 00:00:00+00:00, run_after=2025-09-29 00:00:00+00:00
[2025-09-29T16:21:03.470+0000] {logging_mixin.py:188} INFO - [2025-09-29T16:21:03.469+0000] {dag.py:3947} INFO - Setting next_dagrun for dataset_produces_2 to None, run_after=None
[2025-09-29T16:21:03.565+0000] {processor.py:183} INFO - Processing /home/airflow/.local/lib/python3.12/site-packages/airflow/example_dags/example_datasets.py took 0.364 seconds
[2025-09-29T16:21:34.308+0000] {processor.py:161} INFO - Started process (PID=24917) to work on /home/airflow/.local/lib/python3.12/site-packages/airflow/example_dags/example_datasets.py
[2025-09-29T16:21:34.318+0000] {processor.py:830} INFO - Processing file /home/airflow/.local/lib/python3.12/site-packages/airflow/example_dags/example_datasets.py for tasks to queue
[2025-09-29T16:21:34.319+0000] {logging_mixin.py:188} INFO - [2025-09-29T16:21:34.319+0000] {dagbag.py:545} INFO - Filling up the DagBag from /home/airflow/.local/lib/python3.12/site-packages/airflow/example_dags/example_datasets.py
[2025-09-29T16:21:34.352+0000] {processor.py:840} INFO - DAG(s) 'consume_1_and_2_with_dataset_expressions', 'dataset_consumes_1_and_2', 'dataset_consumes_unknown_never_scheduled', 'dataset_produces_1', 'dataset_produces_2', 'dataset_consumes_1', 'consume_1_or_2_with_dataset_expressions', 'dataset_consumes_1_never_scheduled', 'conditional_dataset_and_time_based_timetable', 'consume_1_or_both_2_and_3_with_dataset_expressions' retrieved from /home/airflow/.local/lib/python3.12/site-packages/airflow/example_dags/example_datasets.py
[2025-09-29T16:21:34.474+0000] {logging_mixin.py:188} INFO - [2025-09-29T16:21:34.474+0000] {dag.py:3089} INFO - Sync 10 DAGs
[2025-09-29T16:21:34.537+0000] {logging_mixin.py:188} INFO - [2025-09-29T16:21:34.537+0000] {dag.py:3947} INFO - Setting next_dagrun for conditional_dataset_and_time_based_timetable to 2025-09-24 01:00:00+00:00, run_after=2025-09-24 01:00:00+00:00
[2025-09-29T16:21:34.545+0000] {logging_mixin.py:188} INFO - [2025-09-29T16:21:34.544+0000] {dag.py:3947} INFO - Setting next_dagrun for consume_1_and_2_with_dataset_expressions to None, run_after=None
[2025-09-29T16:21:34.547+0000] {logging_mixin.py:188} INFO - [2025-09-29T16:21:34.547+0000] {dag.py:3947} INFO - Setting next_dagrun for consume_1_or_2_with_dataset_expressions to None, run_after=None
[2025-09-29T16:21:34.550+0000] {logging_mixin.py:188} INFO - [2025-09-29T16:21:34.550+0000] {dag.py:3947} INFO - Setting next_dagrun for consume_1_or_both_2_and_3_with_dataset_expressions to None, run_after=None
[2025-09-29T16:21:34.553+0000] {logging_mixin.py:188} INFO - [2025-09-29T16:21:34.553+0000] {dag.py:3947} INFO - Setting next_dagrun for dataset_consumes_1 to None, run_after=None
[2025-09-29T16:21:34.558+0000] {logging_mixin.py:188} INFO - [2025-09-29T16:21:34.558+0000] {dag.py:3947} INFO - Setting next_dagrun for dataset_consumes_1_and_2 to None, run_after=None
[2025-09-29T16:21:34.562+0000] {logging_mixin.py:188} INFO - [2025-09-29T16:21:34.561+0000] {dag.py:3947} INFO - Setting next_dagrun for dataset_consumes_1_never_scheduled to None, run_after=None
[2025-09-29T16:21:34.565+0000] {logging_mixin.py:188} INFO - [2025-09-29T16:21:34.564+0000] {dag.py:3947} INFO - Setting next_dagrun for dataset_consumes_unknown_never_scheduled to None, run_after=None
[2025-09-29T16:21:34.569+0000] {logging_mixin.py:188} INFO - [2025-09-29T16:21:34.569+0000] {dag.py:3947} INFO - Setting next_dagrun for dataset_produces_1 to 2025-09-28 00:00:00+00:00, run_after=2025-09-29 00:00:00+00:00
[2025-09-29T16:21:34.572+0000] {logging_mixin.py:188} INFO - [2025-09-29T16:21:34.572+0000] {dag.py:3947} INFO - Setting next_dagrun for dataset_produces_2 to None, run_after=None
[2025-09-29T16:21:34.652+0000] {processor.py:183} INFO - Processing /home/airflow/.local/lib/python3.12/site-packages/airflow/example_dags/example_datasets.py took 0.357 seconds
[2025-09-29T16:22:04.926+0000] {processor.py:161} INFO - Started process (PID=25178) to work on /home/airflow/.local/lib/python3.12/site-packages/airflow/example_dags/example_datasets.py
[2025-09-29T16:22:04.929+0000] {processor.py:830} INFO - Processing file /home/airflow/.local/lib/python3.12/site-packages/airflow/example_dags/example_datasets.py for tasks to queue
[2025-09-29T16:22:04.931+0000] {logging_mixin.py:188} INFO - [2025-09-29T16:22:04.930+0000] {dagbag.py:545} INFO - Filling up the DagBag from /home/airflow/.local/lib/python3.12/site-packages/airflow/example_dags/example_datasets.py
[2025-09-29T16:22:04.964+0000] {processor.py:840} INFO - DAG(s) 'consume_1_or_both_2_and_3_with_dataset_expressions', 'consume_1_and_2_with_dataset_expressions', 'dataset_consumes_1', 'dataset_consumes_unknown_never_scheduled', 'conditional_dataset_and_time_based_timetable', 'dataset_consumes_1_never_scheduled', 'dataset_consumes_1_and_2', 'dataset_produces_2', 'dataset_produces_1', 'consume_1_or_2_with_dataset_expressions' retrieved from /home/airflow/.local/lib/python3.12/site-packages/airflow/example_dags/example_datasets.py
[2025-09-29T16:22:05.092+0000] {logging_mixin.py:188} INFO - [2025-09-29T16:22:05.091+0000] {dag.py:3089} INFO - Sync 10 DAGs
[2025-09-29T16:22:05.153+0000] {logging_mixin.py:188} INFO - [2025-09-29T16:22:05.152+0000] {dag.py:3947} INFO - Setting next_dagrun for conditional_dataset_and_time_based_timetable to 2025-09-24 01:00:00+00:00, run_after=2025-09-24 01:00:00+00:00
[2025-09-29T16:22:05.161+0000] {logging_mixin.py:188} INFO - [2025-09-29T16:22:05.160+0000] {dag.py:3947} INFO - Setting next_dagrun for consume_1_and_2_with_dataset_expressions to None, run_after=None
[2025-09-29T16:22:05.164+0000] {logging_mixin.py:188} INFO - [2025-09-29T16:22:05.163+0000] {dag.py:3947} INFO - Setting next_dagrun for consume_1_or_2_with_dataset_expressions to None, run_after=None
[2025-09-29T16:22:05.167+0000] {logging_mixin.py:188} INFO - [2025-09-29T16:22:05.166+0000] {dag.py:3947} INFO - Setting next_dagrun for consume_1_or_both_2_and_3_with_dataset_expressions to None, run_after=None
[2025-09-29T16:22:05.170+0000] {logging_mixin.py:188} INFO - [2025-09-29T16:22:05.170+0000] {dag.py:3947} INFO - Setting next_dagrun for dataset_consumes_1 to None, run_after=None
[2025-09-29T16:22:05.174+0000] {logging_mixin.py:188} INFO - [2025-09-29T16:22:05.173+0000] {dag.py:3947} INFO - Setting next_dagrun for dataset_consumes_1_and_2 to None, run_after=None
[2025-09-29T16:22:05.177+0000] {logging_mixin.py:188} INFO - [2025-09-29T16:22:05.176+0000] {dag.py:3947} INFO - Setting next_dagrun for dataset_consumes_1_never_scheduled to None, run_after=None
[2025-09-29T16:22:05.180+0000] {logging_mixin.py:188} INFO - [2025-09-29T16:22:05.179+0000] {dag.py:3947} INFO - Setting next_dagrun for dataset_consumes_unknown_never_scheduled to None, run_after=None
[2025-09-29T16:22:05.185+0000] {logging_mixin.py:188} INFO - [2025-09-29T16:22:05.185+0000] {dag.py:3947} INFO - Setting next_dagrun for dataset_produces_1 to 2025-09-28 00:00:00+00:00, run_after=2025-09-29 00:00:00+00:00
[2025-09-29T16:22:05.188+0000] {logging_mixin.py:188} INFO - [2025-09-29T16:22:05.188+0000] {dag.py:3947} INFO - Setting next_dagrun for dataset_produces_2 to None, run_after=None
[2025-09-29T16:22:05.274+0000] {processor.py:183} INFO - Processing /home/airflow/.local/lib/python3.12/site-packages/airflow/example_dags/example_datasets.py took 0.362 seconds
[2025-09-29T16:22:35.365+0000] {processor.py:161} INFO - Started process (PID=25439) to work on /home/airflow/.local/lib/python3.12/site-packages/airflow/example_dags/example_datasets.py
[2025-09-29T16:22:35.367+0000] {processor.py:830} INFO - Processing file /home/airflow/.local/lib/python3.12/site-packages/airflow/example_dags/example_datasets.py for tasks to queue
[2025-09-29T16:22:35.369+0000] {logging_mixin.py:188} INFO - [2025-09-29T16:22:35.368+0000] {dagbag.py:545} INFO - Filling up the DagBag from /home/airflow/.local/lib/python3.12/site-packages/airflow/example_dags/example_datasets.py
[2025-09-29T16:22:35.402+0000] {processor.py:840} INFO - DAG(s) 'dataset_produces_2', 'dataset_consumes_1_never_scheduled', 'conditional_dataset_and_time_based_timetable', 'consume_1_and_2_with_dataset_expressions', 'dataset_consumes_1_and_2', 'dataset_consumes_unknown_never_scheduled', 'consume_1_or_both_2_and_3_with_dataset_expressions', 'dataset_produces_1', 'dataset_consumes_1', 'consume_1_or_2_with_dataset_expressions' retrieved from /home/airflow/.local/lib/python3.12/site-packages/airflow/example_dags/example_datasets.py
[2025-09-29T16:22:35.522+0000] {logging_mixin.py:188} INFO - [2025-09-29T16:22:35.522+0000] {dag.py:3089} INFO - Sync 10 DAGs
[2025-09-29T16:22:35.575+0000] {logging_mixin.py:188} INFO - [2025-09-29T16:22:35.575+0000] {dag.py:3947} INFO - Setting next_dagrun for conditional_dataset_and_time_based_timetable to 2025-09-24 01:00:00+00:00, run_after=2025-09-24 01:00:00+00:00
[2025-09-29T16:22:35.583+0000] {logging_mixin.py:188} INFO - [2025-09-29T16:22:35.583+0000] {dag.py:3947} INFO - Setting next_dagrun for consume_1_and_2_with_dataset_expressions to None, run_after=None
[2025-09-29T16:22:35.586+0000] {logging_mixin.py:188} INFO - [2025-09-29T16:22:35.586+0000] {dag.py:3947} INFO - Setting next_dagrun for consume_1_or_2_with_dataset_expressions to None, run_after=None
[2025-09-29T16:22:35.589+0000] {logging_mixin.py:188} INFO - [2025-09-29T16:22:35.589+0000] {dag.py:3947} INFO - Setting next_dagrun for consume_1_or_both_2_and_3_with_dataset_expressions to None, run_after=None
[2025-09-29T16:22:35.592+0000] {logging_mixin.py:188} INFO - [2025-09-29T16:22:35.592+0000] {dag.py:3947} INFO - Setting next_dagrun for dataset_consumes_1 to None, run_after=None
[2025-09-29T16:22:35.596+0000] {logging_mixin.py:188} INFO - [2025-09-29T16:22:35.595+0000] {dag.py:3947} INFO - Setting next_dagrun for dataset_consumes_1_and_2 to None, run_after=None
[2025-09-29T16:22:35.599+0000] {logging_mixin.py:188} INFO - [2025-09-29T16:22:35.598+0000] {dag.py:3947} INFO - Setting next_dagrun for dataset_consumes_1_never_scheduled to None, run_after=None
[2025-09-29T16:22:35.602+0000] {logging_mixin.py:188} INFO - [2025-09-29T16:22:35.601+0000] {dag.py:3947} INFO - Setting next_dagrun for dataset_consumes_unknown_never_scheduled to None, run_after=None
[2025-09-29T16:22:35.607+0000] {logging_mixin.py:188} INFO - [2025-09-29T16:22:35.606+0000] {dag.py:3947} INFO - Setting next_dagrun for dataset_produces_1 to 2025-09-28 00:00:00+00:00, run_after=2025-09-29 00:00:00+00:00
[2025-09-29T16:22:35.610+0000] {logging_mixin.py:188} INFO - [2025-09-29T16:22:35.609+0000] {dag.py:3947} INFO - Setting next_dagrun for dataset_produces_2 to None, run_after=None
[2025-09-29T16:22:35.697+0000] {processor.py:183} INFO - Processing /home/airflow/.local/lib/python3.12/site-packages/airflow/example_dags/example_datasets.py took 0.345 seconds
[2025-09-29T16:23:05.860+0000] {processor.py:161} INFO - Started process (PID=25694) to work on /home/airflow/.local/lib/python3.12/site-packages/airflow/example_dags/example_datasets.py
[2025-09-29T16:23:05.876+0000] {processor.py:830} INFO - Processing file /home/airflow/.local/lib/python3.12/site-packages/airflow/example_dags/example_datasets.py for tasks to queue
[2025-09-29T16:23:05.878+0000] {logging_mixin.py:188} INFO - [2025-09-29T16:23:05.878+0000] {dagbag.py:545} INFO - Filling up the DagBag from /home/airflow/.local/lib/python3.12/site-packages/airflow/example_dags/example_datasets.py
[2025-09-29T16:23:05.911+0000] {processor.py:840} INFO - DAG(s) 'consume_1_or_2_with_dataset_expressions', 'consume_1_or_both_2_and_3_with_dataset_expressions', 'consume_1_and_2_with_dataset_expressions', 'dataset_consumes_1_never_scheduled', 'conditional_dataset_and_time_based_timetable', 'dataset_produces_1', 'dataset_consumes_1', 'dataset_consumes_unknown_never_scheduled', 'dataset_consumes_1_and_2', 'dataset_produces_2' retrieved from /home/airflow/.local/lib/python3.12/site-packages/airflow/example_dags/example_datasets.py
[2025-09-29T16:23:06.030+0000] {logging_mixin.py:188} INFO - [2025-09-29T16:23:06.029+0000] {dag.py:3089} INFO - Sync 10 DAGs
[2025-09-29T16:23:06.093+0000] {logging_mixin.py:188} INFO - [2025-09-29T16:23:06.092+0000] {dag.py:3947} INFO - Setting next_dagrun for conditional_dataset_and_time_based_timetable to 2025-09-24 01:00:00+00:00, run_after=2025-09-24 01:00:00+00:00
[2025-09-29T16:23:06.100+0000] {logging_mixin.py:188} INFO - [2025-09-29T16:23:06.100+0000] {dag.py:3947} INFO - Setting next_dagrun for consume_1_and_2_with_dataset_expressions to None, run_after=None
[2025-09-29T16:23:06.103+0000] {logging_mixin.py:188} INFO - [2025-09-29T16:23:06.103+0000] {dag.py:3947} INFO - Setting next_dagrun for consume_1_or_2_with_dataset_expressions to None, run_after=None
[2025-09-29T16:23:06.106+0000] {logging_mixin.py:188} INFO - [2025-09-29T16:23:06.105+0000] {dag.py:3947} INFO - Setting next_dagrun for consume_1_or_both_2_and_3_with_dataset_expressions to None, run_after=None
[2025-09-29T16:23:06.109+0000] {logging_mixin.py:188} INFO - [2025-09-29T16:23:06.108+0000] {dag.py:3947} INFO - Setting next_dagrun for dataset_consumes_1 to None, run_after=None
[2025-09-29T16:23:06.112+0000] {logging_mixin.py:188} INFO - [2025-09-29T16:23:06.111+0000] {dag.py:3947} INFO - Setting next_dagrun for dataset_consumes_1_and_2 to None, run_after=None
[2025-09-29T16:23:06.115+0000] {logging_mixin.py:188} INFO - [2025-09-29T16:23:06.114+0000] {dag.py:3947} INFO - Setting next_dagrun for dataset_consumes_1_never_scheduled to None, run_after=None
[2025-09-29T16:23:06.118+0000] {logging_mixin.py:188} INFO - [2025-09-29T16:23:06.117+0000] {dag.py:3947} INFO - Setting next_dagrun for dataset_consumes_unknown_never_scheduled to None, run_after=None
[2025-09-29T16:23:06.123+0000] {logging_mixin.py:188} INFO - [2025-09-29T16:23:06.122+0000] {dag.py:3947} INFO - Setting next_dagrun for dataset_produces_1 to 2025-09-28 00:00:00+00:00, run_after=2025-09-29 00:00:00+00:00
[2025-09-29T16:23:06.126+0000] {logging_mixin.py:188} INFO - [2025-09-29T16:23:06.125+0000] {dag.py:3947} INFO - Setting next_dagrun for dataset_produces_2 to None, run_after=None
[2025-09-29T16:23:06.206+0000] {processor.py:183} INFO - Processing /home/airflow/.local/lib/python3.12/site-packages/airflow/example_dags/example_datasets.py took 0.360 seconds
[2025-09-29T16:23:36.797+0000] {processor.py:161} INFO - Started process (PID=25955) to work on /home/airflow/.local/lib/python3.12/site-packages/airflow/example_dags/example_datasets.py
[2025-09-29T16:23:36.801+0000] {processor.py:830} INFO - Processing file /home/airflow/.local/lib/python3.12/site-packages/airflow/example_dags/example_datasets.py for tasks to queue
[2025-09-29T16:23:36.805+0000] {logging_mixin.py:188} INFO - [2025-09-29T16:23:36.803+0000] {dagbag.py:545} INFO - Filling up the DagBag from /home/airflow/.local/lib/python3.12/site-packages/airflow/example_dags/example_datasets.py
[2025-09-29T16:23:36.851+0000] {processor.py:840} INFO - DAG(s) 'dataset_consumes_1', 'dataset_consumes_1_and_2', 'dataset_produces_1', 'dataset_produces_2', 'dataset_consumes_unknown_never_scheduled', 'consume_1_and_2_with_dataset_expressions', 'consume_1_or_2_with_dataset_expressions', 'consume_1_or_both_2_and_3_with_dataset_expressions', 'dataset_consumes_1_never_scheduled', 'conditional_dataset_and_time_based_timetable' retrieved from /home/airflow/.local/lib/python3.12/site-packages/airflow/example_dags/example_datasets.py
[2025-09-29T16:23:36.988+0000] {logging_mixin.py:188} INFO - [2025-09-29T16:23:36.988+0000] {dag.py:3089} INFO - Sync 10 DAGs
[2025-09-29T16:23:37.047+0000] {logging_mixin.py:188} INFO - [2025-09-29T16:23:37.046+0000] {dag.py:3947} INFO - Setting next_dagrun for conditional_dataset_and_time_based_timetable to 2025-09-24 01:00:00+00:00, run_after=2025-09-24 01:00:00+00:00
[2025-09-29T16:23:37.055+0000] {logging_mixin.py:188} INFO - [2025-09-29T16:23:37.054+0000] {dag.py:3947} INFO - Setting next_dagrun for consume_1_and_2_with_dataset_expressions to None, run_after=None
[2025-09-29T16:23:37.058+0000] {logging_mixin.py:188} INFO - [2025-09-29T16:23:37.058+0000] {dag.py:3947} INFO - Setting next_dagrun for consume_1_or_2_with_dataset_expressions to None, run_after=None
[2025-09-29T16:23:37.061+0000] {logging_mixin.py:188} INFO - [2025-09-29T16:23:37.061+0000] {dag.py:3947} INFO - Setting next_dagrun for consume_1_or_both_2_and_3_with_dataset_expressions to None, run_after=None
[2025-09-29T16:23:37.064+0000] {logging_mixin.py:188} INFO - [2025-09-29T16:23:37.064+0000] {dag.py:3947} INFO - Setting next_dagrun for dataset_consumes_1 to None, run_after=None
[2025-09-29T16:23:37.068+0000] {logging_mixin.py:188} INFO - [2025-09-29T16:23:37.067+0000] {dag.py:3947} INFO - Setting next_dagrun for dataset_consumes_1_and_2 to None, run_after=None
[2025-09-29T16:23:37.071+0000] {logging_mixin.py:188} INFO - [2025-09-29T16:23:37.070+0000] {dag.py:3947} INFO - Setting next_dagrun for dataset_consumes_1_never_scheduled to None, run_after=None
[2025-09-29T16:23:37.074+0000] {logging_mixin.py:188} INFO - [2025-09-29T16:23:37.073+0000] {dag.py:3947} INFO - Setting next_dagrun for dataset_consumes_unknown_never_scheduled to None, run_after=None
[2025-09-29T16:23:37.079+0000] {logging_mixin.py:188} INFO - [2025-09-29T16:23:37.079+0000] {dag.py:3947} INFO - Setting next_dagrun for dataset_produces_1 to 2025-09-28 00:00:00+00:00, run_after=2025-09-29 00:00:00+00:00
[2025-09-29T16:23:37.083+0000] {logging_mixin.py:188} INFO - [2025-09-29T16:23:37.082+0000] {dag.py:3947} INFO - Setting next_dagrun for dataset_produces_2 to None, run_after=None
[2025-09-29T16:23:37.176+0000] {processor.py:183} INFO - Processing /home/airflow/.local/lib/python3.12/site-packages/airflow/example_dags/example_datasets.py took 0.394 seconds
[2025-09-29T16:24:07.603+0000] {processor.py:161} INFO - Started process (PID=26216) to work on /home/airflow/.local/lib/python3.12/site-packages/airflow/example_dags/example_datasets.py
[2025-09-29T16:24:07.606+0000] {processor.py:830} INFO - Processing file /home/airflow/.local/lib/python3.12/site-packages/airflow/example_dags/example_datasets.py for tasks to queue
[2025-09-29T16:24:07.608+0000] {logging_mixin.py:188} INFO - [2025-09-29T16:24:07.607+0000] {dagbag.py:545} INFO - Filling up the DagBag from /home/airflow/.local/lib/python3.12/site-packages/airflow/example_dags/example_datasets.py
[2025-09-29T16:24:07.645+0000] {processor.py:840} INFO - DAG(s) 'dataset_consumes_1_never_scheduled', 'consume_1_or_2_with_dataset_expressions', 'dataset_produces_1', 'consume_1_and_2_with_dataset_expressions', 'dataset_consumes_1_and_2', 'dataset_consumes_unknown_never_scheduled', 'dataset_consumes_1', 'consume_1_or_both_2_and_3_with_dataset_expressions', 'conditional_dataset_and_time_based_timetable', 'dataset_produces_2' retrieved from /home/airflow/.local/lib/python3.12/site-packages/airflow/example_dags/example_datasets.py
[2025-09-29T16:24:07.793+0000] {logging_mixin.py:188} INFO - [2025-09-29T16:24:07.793+0000] {dag.py:3089} INFO - Sync 10 DAGs
[2025-09-29T16:24:07.874+0000] {logging_mixin.py:188} INFO - [2025-09-29T16:24:07.873+0000] {dag.py:3947} INFO - Setting next_dagrun for conditional_dataset_and_time_based_timetable to 2025-09-24 01:00:00+00:00, run_after=2025-09-24 01:00:00+00:00
[2025-09-29T16:24:07.888+0000] {logging_mixin.py:188} INFO - [2025-09-29T16:24:07.888+0000] {dag.py:3947} INFO - Setting next_dagrun for consume_1_and_2_with_dataset_expressions to None, run_after=None
[2025-09-29T16:24:07.893+0000] {logging_mixin.py:188} INFO - [2025-09-29T16:24:07.892+0000] {dag.py:3947} INFO - Setting next_dagrun for consume_1_or_2_with_dataset_expressions to None, run_after=None
[2025-09-29T16:24:07.897+0000] {logging_mixin.py:188} INFO - [2025-09-29T16:24:07.897+0000] {dag.py:3947} INFO - Setting next_dagrun for consume_1_or_both_2_and_3_with_dataset_expressions to None, run_after=None
[2025-09-29T16:24:07.901+0000] {logging_mixin.py:188} INFO - [2025-09-29T16:24:07.900+0000] {dag.py:3947} INFO - Setting next_dagrun for dataset_consumes_1 to None, run_after=None
[2025-09-29T16:24:07.908+0000] {logging_mixin.py:188} INFO - [2025-09-29T16:24:07.907+0000] {dag.py:3947} INFO - Setting next_dagrun for dataset_consumes_1_and_2 to None, run_after=None
[2025-09-29T16:24:07.912+0000] {logging_mixin.py:188} INFO - [2025-09-29T16:24:07.911+0000] {dag.py:3947} INFO - Setting next_dagrun for dataset_consumes_1_never_scheduled to None, run_after=None
[2025-09-29T16:24:07.916+0000] {logging_mixin.py:188} INFO - [2025-09-29T16:24:07.916+0000] {dag.py:3947} INFO - Setting next_dagrun for dataset_consumes_unknown_never_scheduled to None, run_after=None
[2025-09-29T16:24:07.922+0000] {logging_mixin.py:188} INFO - [2025-09-29T16:24:07.922+0000] {dag.py:3947} INFO - Setting next_dagrun for dataset_produces_1 to 2025-09-28 00:00:00+00:00, run_after=2025-09-29 00:00:00+00:00
[2025-09-29T16:24:07.926+0000] {logging_mixin.py:188} INFO - [2025-09-29T16:24:07.925+0000] {dag.py:3947} INFO - Setting next_dagrun for dataset_produces_2 to None, run_after=None
[2025-09-29T16:24:08.027+0000] {processor.py:183} INFO - Processing /home/airflow/.local/lib/python3.12/site-packages/airflow/example_dags/example_datasets.py took 0.441 seconds
[2025-09-29T16:24:38.504+0000] {processor.py:161} INFO - Started process (PID=26477) to work on /home/airflow/.local/lib/python3.12/site-packages/airflow/example_dags/example_datasets.py
[2025-09-29T16:24:38.511+0000] {processor.py:830} INFO - Processing file /home/airflow/.local/lib/python3.12/site-packages/airflow/example_dags/example_datasets.py for tasks to queue
[2025-09-29T16:24:38.516+0000] {logging_mixin.py:188} INFO - [2025-09-29T16:24:38.515+0000] {dagbag.py:545} INFO - Filling up the DagBag from /home/airflow/.local/lib/python3.12/site-packages/airflow/example_dags/example_datasets.py
[2025-09-29T16:24:38.595+0000] {processor.py:840} INFO - DAG(s) 'consume_1_or_2_with_dataset_expressions', 'consume_1_and_2_with_dataset_expressions', 'consume_1_or_both_2_and_3_with_dataset_expressions', 'conditional_dataset_and_time_based_timetable', 'dataset_consumes_1_and_2', 'dataset_consumes_unknown_never_scheduled', 'dataset_produces_2', 'dataset_produces_1', 'dataset_consumes_1', 'dataset_consumes_1_never_scheduled' retrieved from /home/airflow/.local/lib/python3.12/site-packages/airflow/example_dags/example_datasets.py
[2025-09-29T16:24:38.809+0000] {logging_mixin.py:188} INFO - [2025-09-29T16:24:38.808+0000] {dag.py:3089} INFO - Sync 10 DAGs
[2025-09-29T16:24:38.919+0000] {logging_mixin.py:188} INFO - [2025-09-29T16:24:38.918+0000] {dag.py:3947} INFO - Setting next_dagrun for conditional_dataset_and_time_based_timetable to 2025-09-24 01:00:00+00:00, run_after=2025-09-24 01:00:00+00:00
[2025-09-29T16:24:38.931+0000] {logging_mixin.py:188} INFO - [2025-09-29T16:24:38.931+0000] {dag.py:3947} INFO - Setting next_dagrun for consume_1_and_2_with_dataset_expressions to None, run_after=None
[2025-09-29T16:24:38.936+0000] {logging_mixin.py:188} INFO - [2025-09-29T16:24:38.935+0000] {dag.py:3947} INFO - Setting next_dagrun for consume_1_or_2_with_dataset_expressions to None, run_after=None
[2025-09-29T16:24:38.942+0000] {logging_mixin.py:188} INFO - [2025-09-29T16:24:38.941+0000] {dag.py:3947} INFO - Setting next_dagrun for consume_1_or_both_2_and_3_with_dataset_expressions to None, run_after=None
[2025-09-29T16:24:38.947+0000] {logging_mixin.py:188} INFO - [2025-09-29T16:24:38.946+0000] {dag.py:3947} INFO - Setting next_dagrun for dataset_consumes_1 to None, run_after=None
[2025-09-29T16:24:38.952+0000] {logging_mixin.py:188} INFO - [2025-09-29T16:24:38.951+0000] {dag.py:3947} INFO - Setting next_dagrun for dataset_consumes_1_and_2 to None, run_after=None
[2025-09-29T16:24:38.958+0000] {logging_mixin.py:188} INFO - [2025-09-29T16:24:38.957+0000] {dag.py:3947} INFO - Setting next_dagrun for dataset_consumes_1_never_scheduled to None, run_after=None
[2025-09-29T16:24:38.963+0000] {logging_mixin.py:188} INFO - [2025-09-29T16:24:38.962+0000] {dag.py:3947} INFO - Setting next_dagrun for dataset_consumes_unknown_never_scheduled to None, run_after=None
[2025-09-29T16:24:38.973+0000] {logging_mixin.py:188} INFO - [2025-09-29T16:24:38.972+0000] {dag.py:3947} INFO - Setting next_dagrun for dataset_produces_1 to 2025-09-28 00:00:00+00:00, run_after=2025-09-29 00:00:00+00:00
[2025-09-29T16:24:38.977+0000] {logging_mixin.py:188} INFO - [2025-09-29T16:24:38.977+0000] {dag.py:3947} INFO - Setting next_dagrun for dataset_produces_2 to None, run_after=None
[2025-09-29T16:24:39.099+0000] {processor.py:183} INFO - Processing /home/airflow/.local/lib/python3.12/site-packages/airflow/example_dags/example_datasets.py took 0.618 seconds
[2025-09-29T16:25:09.770+0000] {processor.py:161} INFO - Started process (PID=26738) to work on /home/airflow/.local/lib/python3.12/site-packages/airflow/example_dags/example_datasets.py
[2025-09-29T16:25:09.773+0000] {processor.py:830} INFO - Processing file /home/airflow/.local/lib/python3.12/site-packages/airflow/example_dags/example_datasets.py for tasks to queue
[2025-09-29T16:25:09.775+0000] {logging_mixin.py:188} INFO - [2025-09-29T16:25:09.774+0000] {dagbag.py:545} INFO - Filling up the DagBag from /home/airflow/.local/lib/python3.12/site-packages/airflow/example_dags/example_datasets.py
[2025-09-29T16:25:09.807+0000] {processor.py:840} INFO - DAG(s) 'dataset_produces_1', 'dataset_produces_2', 'consume_1_or_2_with_dataset_expressions', 'dataset_consumes_1', 'consume_1_or_both_2_and_3_with_dataset_expressions', 'consume_1_and_2_with_dataset_expressions', 'conditional_dataset_and_time_based_timetable', 'dataset_consumes_1_never_scheduled', 'dataset_consumes_unknown_never_scheduled', 'dataset_consumes_1_and_2' retrieved from /home/airflow/.local/lib/python3.12/site-packages/airflow/example_dags/example_datasets.py
[2025-09-29T16:25:09.930+0000] {logging_mixin.py:188} INFO - [2025-09-29T16:25:09.929+0000] {dag.py:3089} INFO - Sync 10 DAGs
[2025-09-29T16:25:09.985+0000] {logging_mixin.py:188} INFO - [2025-09-29T16:25:09.985+0000] {dag.py:3947} INFO - Setting next_dagrun for conditional_dataset_and_time_based_timetable to 2025-09-24 01:00:00+00:00, run_after=2025-09-24 01:00:00+00:00
[2025-09-29T16:25:09.993+0000] {logging_mixin.py:188} INFO - [2025-09-29T16:25:09.993+0000] {dag.py:3947} INFO - Setting next_dagrun for consume_1_and_2_with_dataset_expressions to None, run_after=None
[2025-09-29T16:25:09.996+0000] {logging_mixin.py:188} INFO - [2025-09-29T16:25:09.996+0000] {dag.py:3947} INFO - Setting next_dagrun for consume_1_or_2_with_dataset_expressions to None, run_after=None
[2025-09-29T16:25:09.999+0000] {logging_mixin.py:188} INFO - [2025-09-29T16:25:09.999+0000] {dag.py:3947} INFO - Setting next_dagrun for consume_1_or_both_2_and_3_with_dataset_expressions to None, run_after=None
[2025-09-29T16:25:10.002+0000] {logging_mixin.py:188} INFO - [2025-09-29T16:25:10.001+0000] {dag.py:3947} INFO - Setting next_dagrun for dataset_consumes_1 to None, run_after=None
[2025-09-29T16:25:10.005+0000] {logging_mixin.py:188} INFO - [2025-09-29T16:25:10.004+0000] {dag.py:3947} INFO - Setting next_dagrun for dataset_consumes_1_and_2 to None, run_after=None
[2025-09-29T16:25:10.007+0000] {logging_mixin.py:188} INFO - [2025-09-29T16:25:10.007+0000] {dag.py:3947} INFO - Setting next_dagrun for dataset_consumes_1_never_scheduled to None, run_after=None
[2025-09-29T16:25:10.010+0000] {logging_mixin.py:188} INFO - [2025-09-29T16:25:10.010+0000] {dag.py:3947} INFO - Setting next_dagrun for dataset_consumes_unknown_never_scheduled to None, run_after=None
[2025-09-29T16:25:10.015+0000] {logging_mixin.py:188} INFO - [2025-09-29T16:25:10.015+0000] {dag.py:3947} INFO - Setting next_dagrun for dataset_produces_1 to 2025-09-28 00:00:00+00:00, run_after=2025-09-29 00:00:00+00:00
[2025-09-29T16:25:10.018+0000] {logging_mixin.py:188} INFO - [2025-09-29T16:25:10.018+0000] {dag.py:3947} INFO - Setting next_dagrun for dataset_produces_2 to None, run_after=None
[2025-09-29T16:25:10.102+0000] {processor.py:183} INFO - Processing /home/airflow/.local/lib/python3.12/site-packages/airflow/example_dags/example_datasets.py took 0.347 seconds
[2025-09-29T16:25:40.676+0000] {processor.py:161} INFO - Started process (PID=26999) to work on /home/airflow/.local/lib/python3.12/site-packages/airflow/example_dags/example_datasets.py
[2025-09-29T16:25:40.682+0000] {processor.py:830} INFO - Processing file /home/airflow/.local/lib/python3.12/site-packages/airflow/example_dags/example_datasets.py for tasks to queue
[2025-09-29T16:25:40.690+0000] {logging_mixin.py:188} INFO - [2025-09-29T16:25:40.687+0000] {dagbag.py:545} INFO - Filling up the DagBag from /home/airflow/.local/lib/python3.12/site-packages/airflow/example_dags/example_datasets.py
[2025-09-29T16:25:40.750+0000] {processor.py:840} INFO - DAG(s) 'dataset_consumes_1', 'dataset_consumes_unknown_never_scheduled', 'consume_1_or_2_with_dataset_expressions', 'conditional_dataset_and_time_based_timetable', 'dataset_produces_2', 'consume_1_or_both_2_and_3_with_dataset_expressions', 'dataset_consumes_1_never_scheduled', 'dataset_consumes_1_and_2', 'dataset_produces_1', 'consume_1_and_2_with_dataset_expressions' retrieved from /home/airflow/.local/lib/python3.12/site-packages/airflow/example_dags/example_datasets.py
[2025-09-29T16:25:40.880+0000] {logging_mixin.py:188} INFO - [2025-09-29T16:25:40.879+0000] {dag.py:3089} INFO - Sync 10 DAGs
[2025-09-29T16:25:40.948+0000] {logging_mixin.py:188} INFO - [2025-09-29T16:25:40.947+0000] {dag.py:3947} INFO - Setting next_dagrun for conditional_dataset_and_time_based_timetable to 2025-09-24 01:00:00+00:00, run_after=2025-09-24 01:00:00+00:00
[2025-09-29T16:25:40.958+0000] {logging_mixin.py:188} INFO - [2025-09-29T16:25:40.958+0000] {dag.py:3947} INFO - Setting next_dagrun for consume_1_and_2_with_dataset_expressions to None, run_after=None
[2025-09-29T16:25:40.962+0000] {logging_mixin.py:188} INFO - [2025-09-29T16:25:40.962+0000] {dag.py:3947} INFO - Setting next_dagrun for consume_1_or_2_with_dataset_expressions to None, run_after=None
[2025-09-29T16:25:40.966+0000] {logging_mixin.py:188} INFO - [2025-09-29T16:25:40.965+0000] {dag.py:3947} INFO - Setting next_dagrun for consume_1_or_both_2_and_3_with_dataset_expressions to None, run_after=None
[2025-09-29T16:25:40.969+0000] {logging_mixin.py:188} INFO - [2025-09-29T16:25:40.968+0000] {dag.py:3947} INFO - Setting next_dagrun for dataset_consumes_1 to None, run_after=None
[2025-09-29T16:25:40.973+0000] {logging_mixin.py:188} INFO - [2025-09-29T16:25:40.972+0000] {dag.py:3947} INFO - Setting next_dagrun for dataset_consumes_1_and_2 to None, run_after=None
[2025-09-29T16:25:40.976+0000] {logging_mixin.py:188} INFO - [2025-09-29T16:25:40.976+0000] {dag.py:3947} INFO - Setting next_dagrun for dataset_consumes_1_never_scheduled to None, run_after=None
[2025-09-29T16:25:40.979+0000] {logging_mixin.py:188} INFO - [2025-09-29T16:25:40.979+0000] {dag.py:3947} INFO - Setting next_dagrun for dataset_consumes_unknown_never_scheduled to None, run_after=None
[2025-09-29T16:25:40.985+0000] {logging_mixin.py:188} INFO - [2025-09-29T16:25:40.984+0000] {dag.py:3947} INFO - Setting next_dagrun for dataset_produces_1 to 2025-09-28 00:00:00+00:00, run_after=2025-09-29 00:00:00+00:00
[2025-09-29T16:25:40.989+0000] {logging_mixin.py:188} INFO - [2025-09-29T16:25:40.989+0000] {dag.py:3947} INFO - Setting next_dagrun for dataset_produces_2 to None, run_after=None
[2025-09-29T16:25:41.076+0000] {processor.py:183} INFO - Processing /home/airflow/.local/lib/python3.12/site-packages/airflow/example_dags/example_datasets.py took 0.437 seconds
[2025-09-29T16:26:11.402+0000] {processor.py:161} INFO - Started process (PID=27260) to work on /home/airflow/.local/lib/python3.12/site-packages/airflow/example_dags/example_datasets.py
[2025-09-29T16:26:11.405+0000] {processor.py:830} INFO - Processing file /home/airflow/.local/lib/python3.12/site-packages/airflow/example_dags/example_datasets.py for tasks to queue
[2025-09-29T16:26:11.407+0000] {logging_mixin.py:188} INFO - [2025-09-29T16:26:11.406+0000] {dagbag.py:545} INFO - Filling up the DagBag from /home/airflow/.local/lib/python3.12/site-packages/airflow/example_dags/example_datasets.py
[2025-09-29T16:26:11.446+0000] {processor.py:840} INFO - DAG(s) 'conditional_dataset_and_time_based_timetable', 'consume_1_or_2_with_dataset_expressions', 'dataset_consumes_1_never_scheduled', 'dataset_produces_2', 'dataset_consumes_1', 'consume_1_and_2_with_dataset_expressions', 'dataset_consumes_unknown_never_scheduled', 'consume_1_or_both_2_and_3_with_dataset_expressions', 'dataset_produces_1', 'dataset_consumes_1_and_2' retrieved from /home/airflow/.local/lib/python3.12/site-packages/airflow/example_dags/example_datasets.py
[2025-09-29T16:26:11.601+0000] {logging_mixin.py:188} INFO - [2025-09-29T16:26:11.601+0000] {dag.py:3089} INFO - Sync 10 DAGs
[2025-09-29T16:26:11.669+0000] {logging_mixin.py:188} INFO - [2025-09-29T16:26:11.668+0000] {dag.py:3947} INFO - Setting next_dagrun for conditional_dataset_and_time_based_timetable to 2025-09-24 01:00:00+00:00, run_after=2025-09-24 01:00:00+00:00
[2025-09-29T16:26:11.677+0000] {logging_mixin.py:188} INFO - [2025-09-29T16:26:11.677+0000] {dag.py:3947} INFO - Setting next_dagrun for consume_1_and_2_with_dataset_expressions to None, run_after=None
[2025-09-29T16:26:11.680+0000] {logging_mixin.py:188} INFO - [2025-09-29T16:26:11.680+0000] {dag.py:3947} INFO - Setting next_dagrun for consume_1_or_2_with_dataset_expressions to None, run_after=None
[2025-09-29T16:26:11.684+0000] {logging_mixin.py:188} INFO - [2025-09-29T16:26:11.683+0000] {dag.py:3947} INFO - Setting next_dagrun for consume_1_or_both_2_and_3_with_dataset_expressions to None, run_after=None
[2025-09-29T16:26:11.687+0000] {logging_mixin.py:188} INFO - [2025-09-29T16:26:11.687+0000] {dag.py:3947} INFO - Setting next_dagrun for dataset_consumes_1 to None, run_after=None
[2025-09-29T16:26:11.691+0000] {logging_mixin.py:188} INFO - [2025-09-29T16:26:11.691+0000] {dag.py:3947} INFO - Setting next_dagrun for dataset_consumes_1_and_2 to None, run_after=None
[2025-09-29T16:26:11.698+0000] {logging_mixin.py:188} INFO - [2025-09-29T16:26:11.698+0000] {dag.py:3947} INFO - Setting next_dagrun for dataset_consumes_1_never_scheduled to None, run_after=None
[2025-09-29T16:26:11.703+0000] {logging_mixin.py:188} INFO - [2025-09-29T16:26:11.702+0000] {dag.py:3947} INFO - Setting next_dagrun for dataset_consumes_unknown_never_scheduled to None, run_after=None
[2025-09-29T16:26:11.712+0000] {logging_mixin.py:188} INFO - [2025-09-29T16:26:11.711+0000] {dag.py:3947} INFO - Setting next_dagrun for dataset_produces_1 to 2025-09-28 00:00:00+00:00, run_after=2025-09-29 00:00:00+00:00
[2025-09-29T16:26:11.717+0000] {logging_mixin.py:188} INFO - [2025-09-29T16:26:11.716+0000] {dag.py:3947} INFO - Setting next_dagrun for dataset_produces_2 to None, run_after=None
[2025-09-29T16:26:11.839+0000] {processor.py:183} INFO - Processing /home/airflow/.local/lib/python3.12/site-packages/airflow/example_dags/example_datasets.py took 0.453 seconds
[2025-09-29T16:26:42.214+0000] {processor.py:161} INFO - Started process (PID=27521) to work on /home/airflow/.local/lib/python3.12/site-packages/airflow/example_dags/example_datasets.py
[2025-09-29T16:26:42.217+0000] {processor.py:830} INFO - Processing file /home/airflow/.local/lib/python3.12/site-packages/airflow/example_dags/example_datasets.py for tasks to queue
[2025-09-29T16:26:42.220+0000] {logging_mixin.py:188} INFO - [2025-09-29T16:26:42.219+0000] {dagbag.py:545} INFO - Filling up the DagBag from /home/airflow/.local/lib/python3.12/site-packages/airflow/example_dags/example_datasets.py
[2025-09-29T16:26:42.258+0000] {processor.py:840} INFO - DAG(s) 'consume_1_or_both_2_and_3_with_dataset_expressions', 'dataset_consumes_1_never_scheduled', 'dataset_consumes_1_and_2', 'dataset_produces_2', 'dataset_produces_1', 'consume_1_or_2_with_dataset_expressions', 'conditional_dataset_and_time_based_timetable', 'dataset_consumes_1', 'consume_1_and_2_with_dataset_expressions', 'dataset_consumes_unknown_never_scheduled' retrieved from /home/airflow/.local/lib/python3.12/site-packages/airflow/example_dags/example_datasets.py
[2025-09-29T16:26:42.393+0000] {logging_mixin.py:188} INFO - [2025-09-29T16:26:42.392+0000] {dag.py:3089} INFO - Sync 10 DAGs
[2025-09-29T16:26:42.459+0000] {logging_mixin.py:188} INFO - [2025-09-29T16:26:42.459+0000] {dag.py:3947} INFO - Setting next_dagrun for conditional_dataset_and_time_based_timetable to 2025-09-24 01:00:00+00:00, run_after=2025-09-24 01:00:00+00:00
[2025-09-29T16:26:42.468+0000] {logging_mixin.py:188} INFO - [2025-09-29T16:26:42.467+0000] {dag.py:3947} INFO - Setting next_dagrun for consume_1_and_2_with_dataset_expressions to None, run_after=None
[2025-09-29T16:26:42.471+0000] {logging_mixin.py:188} INFO - [2025-09-29T16:26:42.471+0000] {dag.py:3947} INFO - Setting next_dagrun for consume_1_or_2_with_dataset_expressions to None, run_after=None
[2025-09-29T16:26:42.475+0000] {logging_mixin.py:188} INFO - [2025-09-29T16:26:42.474+0000] {dag.py:3947} INFO - Setting next_dagrun for consume_1_or_both_2_and_3_with_dataset_expressions to None, run_after=None
[2025-09-29T16:26:42.479+0000] {logging_mixin.py:188} INFO - [2025-09-29T16:26:42.479+0000] {dag.py:3947} INFO - Setting next_dagrun for dataset_consumes_1 to None, run_after=None
[2025-09-29T16:26:42.483+0000] {logging_mixin.py:188} INFO - [2025-09-29T16:26:42.482+0000] {dag.py:3947} INFO - Setting next_dagrun for dataset_consumes_1_and_2 to None, run_after=None
[2025-09-29T16:26:42.486+0000] {logging_mixin.py:188} INFO - [2025-09-29T16:26:42.486+0000] {dag.py:3947} INFO - Setting next_dagrun for dataset_consumes_1_never_scheduled to None, run_after=None
[2025-09-29T16:26:42.490+0000] {logging_mixin.py:188} INFO - [2025-09-29T16:26:42.489+0000] {dag.py:3947} INFO - Setting next_dagrun for dataset_consumes_unknown_never_scheduled to None, run_after=None
[2025-09-29T16:26:42.496+0000] {logging_mixin.py:188} INFO - [2025-09-29T16:26:42.496+0000] {dag.py:3947} INFO - Setting next_dagrun for dataset_produces_1 to 2025-09-28 00:00:00+00:00, run_after=2025-09-29 00:00:00+00:00
[2025-09-29T16:26:42.500+0000] {logging_mixin.py:188} INFO - [2025-09-29T16:26:42.499+0000] {dag.py:3947} INFO - Setting next_dagrun for dataset_produces_2 to None, run_after=None
[2025-09-29T16:26:42.598+0000] {processor.py:183} INFO - Processing /home/airflow/.local/lib/python3.12/site-packages/airflow/example_dags/example_datasets.py took 0.400 seconds
[2025-09-29T16:27:13.313+0000] {processor.py:161} INFO - Started process (PID=27782) to work on /home/airflow/.local/lib/python3.12/site-packages/airflow/example_dags/example_datasets.py
[2025-09-29T16:27:13.315+0000] {processor.py:830} INFO - Processing file /home/airflow/.local/lib/python3.12/site-packages/airflow/example_dags/example_datasets.py for tasks to queue
[2025-09-29T16:27:13.317+0000] {logging_mixin.py:188} INFO - [2025-09-29T16:27:13.316+0000] {dagbag.py:545} INFO - Filling up the DagBag from /home/airflow/.local/lib/python3.12/site-packages/airflow/example_dags/example_datasets.py
[2025-09-29T16:27:13.350+0000] {processor.py:840} INFO - DAG(s) 'dataset_consumes_1', 'dataset_consumes_unknown_never_scheduled', 'dataset_consumes_1_never_scheduled', 'consume_1_and_2_with_dataset_expressions', 'consume_1_or_both_2_and_3_with_dataset_expressions', 'conditional_dataset_and_time_based_timetable', 'consume_1_or_2_with_dataset_expressions', 'dataset_consumes_1_and_2', 'dataset_produces_1', 'dataset_produces_2' retrieved from /home/airflow/.local/lib/python3.12/site-packages/airflow/example_dags/example_datasets.py
[2025-09-29T16:27:13.468+0000] {logging_mixin.py:188} INFO - [2025-09-29T16:27:13.468+0000] {dag.py:3089} INFO - Sync 10 DAGs
[2025-09-29T16:27:13.527+0000] {logging_mixin.py:188} INFO - [2025-09-29T16:27:13.526+0000] {dag.py:3947} INFO - Setting next_dagrun for conditional_dataset_and_time_based_timetable to 2025-09-24 01:00:00+00:00, run_after=2025-09-24 01:00:00+00:00
[2025-09-29T16:27:13.534+0000] {logging_mixin.py:188} INFO - [2025-09-29T16:27:13.534+0000] {dag.py:3947} INFO - Setting next_dagrun for consume_1_and_2_with_dataset_expressions to None, run_after=None
[2025-09-29T16:27:13.537+0000] {logging_mixin.py:188} INFO - [2025-09-29T16:27:13.537+0000] {dag.py:3947} INFO - Setting next_dagrun for consume_1_or_2_with_dataset_expressions to None, run_after=None
[2025-09-29T16:27:13.540+0000] {logging_mixin.py:188} INFO - [2025-09-29T16:27:13.540+0000] {dag.py:3947} INFO - Setting next_dagrun for consume_1_or_both_2_and_3_with_dataset_expressions to None, run_after=None
[2025-09-29T16:27:13.543+0000] {logging_mixin.py:188} INFO - [2025-09-29T16:27:13.543+0000] {dag.py:3947} INFO - Setting next_dagrun for dataset_consumes_1 to None, run_after=None
[2025-09-29T16:27:13.546+0000] {logging_mixin.py:188} INFO - [2025-09-29T16:27:13.546+0000] {dag.py:3947} INFO - Setting next_dagrun for dataset_consumes_1_and_2 to None, run_after=None
[2025-09-29T16:27:13.550+0000] {logging_mixin.py:188} INFO - [2025-09-29T16:27:13.549+0000] {dag.py:3947} INFO - Setting next_dagrun for dataset_consumes_1_never_scheduled to None, run_after=None
[2025-09-29T16:27:13.552+0000] {logging_mixin.py:188} INFO - [2025-09-29T16:27:13.552+0000] {dag.py:3947} INFO - Setting next_dagrun for dataset_consumes_unknown_never_scheduled to None, run_after=None
[2025-09-29T16:27:13.558+0000] {logging_mixin.py:188} INFO - [2025-09-29T16:27:13.557+0000] {dag.py:3947} INFO - Setting next_dagrun for dataset_produces_1 to 2025-09-28 00:00:00+00:00, run_after=2025-09-29 00:00:00+00:00
[2025-09-29T16:27:13.560+0000] {logging_mixin.py:188} INFO - [2025-09-29T16:27:13.560+0000] {dag.py:3947} INFO - Setting next_dagrun for dataset_produces_2 to None, run_after=None
[2025-09-29T16:27:13.646+0000] {processor.py:183} INFO - Processing /home/airflow/.local/lib/python3.12/site-packages/airflow/example_dags/example_datasets.py took 0.347 seconds
[2025-09-29T16:27:43.938+0000] {processor.py:161} INFO - Started process (PID=28043) to work on /home/airflow/.local/lib/python3.12/site-packages/airflow/example_dags/example_datasets.py
[2025-09-29T16:27:43.946+0000] {processor.py:830} INFO - Processing file /home/airflow/.local/lib/python3.12/site-packages/airflow/example_dags/example_datasets.py for tasks to queue
[2025-09-29T16:27:43.950+0000] {logging_mixin.py:188} INFO - [2025-09-29T16:27:43.948+0000] {dagbag.py:545} INFO - Filling up the DagBag from /home/airflow/.local/lib/python3.12/site-packages/airflow/example_dags/example_datasets.py
[2025-09-29T16:27:44.103+0000] {processor.py:840} INFO - DAG(s) 'dataset_produces_2', 'dataset_consumes_1', 'conditional_dataset_and_time_based_timetable', 'dataset_consumes_1_and_2', 'dataset_consumes_unknown_never_scheduled', 'consume_1_and_2_with_dataset_expressions', 'dataset_produces_1', 'dataset_consumes_1_never_scheduled', 'consume_1_or_2_with_dataset_expressions', 'consume_1_or_both_2_and_3_with_dataset_expressions' retrieved from /home/airflow/.local/lib/python3.12/site-packages/airflow/example_dags/example_datasets.py
[2025-09-29T16:27:44.294+0000] {logging_mixin.py:188} INFO - [2025-09-29T16:27:44.294+0000] {dag.py:3089} INFO - Sync 10 DAGs
[2025-09-29T16:27:44.374+0000] {logging_mixin.py:188} INFO - [2025-09-29T16:27:44.374+0000] {dag.py:3947} INFO - Setting next_dagrun for conditional_dataset_and_time_based_timetable to 2025-09-24 01:00:00+00:00, run_after=2025-09-24 01:00:00+00:00
[2025-09-29T16:27:44.382+0000] {logging_mixin.py:188} INFO - [2025-09-29T16:27:44.382+0000] {dag.py:3947} INFO - Setting next_dagrun for consume_1_and_2_with_dataset_expressions to None, run_after=None
[2025-09-29T16:27:44.386+0000] {logging_mixin.py:188} INFO - [2025-09-29T16:27:44.386+0000] {dag.py:3947} INFO - Setting next_dagrun for consume_1_or_2_with_dataset_expressions to None, run_after=None
[2025-09-29T16:27:44.390+0000] {logging_mixin.py:188} INFO - [2025-09-29T16:27:44.389+0000] {dag.py:3947} INFO - Setting next_dagrun for consume_1_or_both_2_and_3_with_dataset_expressions to None, run_after=None
[2025-09-29T16:27:44.394+0000] {logging_mixin.py:188} INFO - [2025-09-29T16:27:44.393+0000] {dag.py:3947} INFO - Setting next_dagrun for dataset_consumes_1 to None, run_after=None
[2025-09-29T16:27:44.397+0000] {logging_mixin.py:188} INFO - [2025-09-29T16:27:44.397+0000] {dag.py:3947} INFO - Setting next_dagrun for dataset_consumes_1_and_2 to None, run_after=None
[2025-09-29T16:27:44.400+0000] {logging_mixin.py:188} INFO - [2025-09-29T16:27:44.400+0000] {dag.py:3947} INFO - Setting next_dagrun for dataset_consumes_1_never_scheduled to None, run_after=None
[2025-09-29T16:27:44.404+0000] {logging_mixin.py:188} INFO - [2025-09-29T16:27:44.403+0000] {dag.py:3947} INFO - Setting next_dagrun for dataset_consumes_unknown_never_scheduled to None, run_after=None
[2025-09-29T16:27:44.409+0000] {logging_mixin.py:188} INFO - [2025-09-29T16:27:44.409+0000] {dag.py:3947} INFO - Setting next_dagrun for dataset_produces_1 to 2025-09-28 00:00:00+00:00, run_after=2025-09-29 00:00:00+00:00
[2025-09-29T16:27:44.413+0000] {logging_mixin.py:188} INFO - [2025-09-29T16:27:44.412+0000] {dag.py:3947} INFO - Setting next_dagrun for dataset_produces_2 to None, run_after=None
[2025-09-29T16:27:44.509+0000] {processor.py:183} INFO - Processing /home/airflow/.local/lib/python3.12/site-packages/airflow/example_dags/example_datasets.py took 0.593 seconds
[2025-09-29T16:28:14.785+0000] {processor.py:161} INFO - Started process (PID=28309) to work on /home/airflow/.local/lib/python3.12/site-packages/airflow/example_dags/example_datasets.py
[2025-09-29T16:28:14.787+0000] {processor.py:830} INFO - Processing file /home/airflow/.local/lib/python3.12/site-packages/airflow/example_dags/example_datasets.py for tasks to queue
[2025-09-29T16:28:14.789+0000] {logging_mixin.py:188} INFO - [2025-09-29T16:28:14.788+0000] {dagbag.py:545} INFO - Filling up the DagBag from /home/airflow/.local/lib/python3.12/site-packages/airflow/example_dags/example_datasets.py
[2025-09-29T16:28:14.825+0000] {processor.py:840} INFO - DAG(s) 'dataset_produces_2', 'dataset_consumes_1_never_scheduled', 'dataset_produces_1', 'consume_1_and_2_with_dataset_expressions', 'dataset_consumes_1', 'consume_1_or_2_with_dataset_expressions', 'conditional_dataset_and_time_based_timetable', 'consume_1_or_both_2_and_3_with_dataset_expressions', 'dataset_consumes_unknown_never_scheduled', 'dataset_consumes_1_and_2' retrieved from /home/airflow/.local/lib/python3.12/site-packages/airflow/example_dags/example_datasets.py
[2025-09-29T16:28:14.957+0000] {logging_mixin.py:188} INFO - [2025-09-29T16:28:14.957+0000] {dag.py:3089} INFO - Sync 10 DAGs
[2025-09-29T16:28:15.029+0000] {logging_mixin.py:188} INFO - [2025-09-29T16:28:15.028+0000] {dag.py:3947} INFO - Setting next_dagrun for conditional_dataset_and_time_based_timetable to 2025-09-24 01:00:00+00:00, run_after=2025-09-24 01:00:00+00:00
[2025-09-29T16:28:15.038+0000] {logging_mixin.py:188} INFO - [2025-09-29T16:28:15.038+0000] {dag.py:3947} INFO - Setting next_dagrun for consume_1_and_2_with_dataset_expressions to None, run_after=None
[2025-09-29T16:28:15.041+0000] {logging_mixin.py:188} INFO - [2025-09-29T16:28:15.041+0000] {dag.py:3947} INFO - Setting next_dagrun for consume_1_or_2_with_dataset_expressions to None, run_after=None
[2025-09-29T16:28:15.044+0000] {logging_mixin.py:188} INFO - [2025-09-29T16:28:15.044+0000] {dag.py:3947} INFO - Setting next_dagrun for consume_1_or_both_2_and_3_with_dataset_expressions to None, run_after=None
[2025-09-29T16:28:15.048+0000] {logging_mixin.py:188} INFO - [2025-09-29T16:28:15.047+0000] {dag.py:3947} INFO - Setting next_dagrun for dataset_consumes_1 to None, run_after=None
[2025-09-29T16:28:15.052+0000] {logging_mixin.py:188} INFO - [2025-09-29T16:28:15.052+0000] {dag.py:3947} INFO - Setting next_dagrun for dataset_consumes_1_and_2 to None, run_after=None
[2025-09-29T16:28:15.056+0000] {logging_mixin.py:188} INFO - [2025-09-29T16:28:15.055+0000] {dag.py:3947} INFO - Setting next_dagrun for dataset_consumes_1_never_scheduled to None, run_after=None
[2025-09-29T16:28:15.059+0000] {logging_mixin.py:188} INFO - [2025-09-29T16:28:15.058+0000] {dag.py:3947} INFO - Setting next_dagrun for dataset_consumes_unknown_never_scheduled to None, run_after=None
[2025-09-29T16:28:15.066+0000] {logging_mixin.py:188} INFO - [2025-09-29T16:28:15.065+0000] {dag.py:3947} INFO - Setting next_dagrun for dataset_produces_1 to 2025-09-28 00:00:00+00:00, run_after=2025-09-29 00:00:00+00:00
[2025-09-29T16:28:15.069+0000] {logging_mixin.py:188} INFO - [2025-09-29T16:28:15.068+0000] {dag.py:3947} INFO - Setting next_dagrun for dataset_produces_2 to None, run_after=None
[2025-09-29T16:28:15.164+0000] {processor.py:183} INFO - Processing /home/airflow/.local/lib/python3.12/site-packages/airflow/example_dags/example_datasets.py took 0.394 seconds
[2025-09-29T16:28:45.873+0000] {processor.py:161} INFO - Started process (PID=28570) to work on /home/airflow/.local/lib/python3.12/site-packages/airflow/example_dags/example_datasets.py
[2025-09-29T16:28:45.889+0000] {processor.py:830} INFO - Processing file /home/airflow/.local/lib/python3.12/site-packages/airflow/example_dags/example_datasets.py for tasks to queue
[2025-09-29T16:28:45.891+0000] {logging_mixin.py:188} INFO - [2025-09-29T16:28:45.890+0000] {dagbag.py:545} INFO - Filling up the DagBag from /home/airflow/.local/lib/python3.12/site-packages/airflow/example_dags/example_datasets.py
[2025-09-29T16:28:45.928+0000] {processor.py:840} INFO - DAG(s) 'dataset_consumes_1_never_scheduled', 'conditional_dataset_and_time_based_timetable', 'dataset_produces_2', 'consume_1_and_2_with_dataset_expressions', 'dataset_consumes_1', 'dataset_produces_1', 'dataset_consumes_1_and_2', 'consume_1_or_2_with_dataset_expressions', 'dataset_consumes_unknown_never_scheduled', 'consume_1_or_both_2_and_3_with_dataset_expressions' retrieved from /home/airflow/.local/lib/python3.12/site-packages/airflow/example_dags/example_datasets.py
[2025-09-29T16:28:46.059+0000] {logging_mixin.py:188} INFO - [2025-09-29T16:28:46.058+0000] {dag.py:3089} INFO - Sync 10 DAGs
[2025-09-29T16:28:46.119+0000] {logging_mixin.py:188} INFO - [2025-09-29T16:28:46.119+0000] {dag.py:3947} INFO - Setting next_dagrun for conditional_dataset_and_time_based_timetable to 2025-09-24 01:00:00+00:00, run_after=2025-09-24 01:00:00+00:00
[2025-09-29T16:28:46.127+0000] {logging_mixin.py:188} INFO - [2025-09-29T16:28:46.127+0000] {dag.py:3947} INFO - Setting next_dagrun for consume_1_and_2_with_dataset_expressions to None, run_after=None
[2025-09-29T16:28:46.130+0000] {logging_mixin.py:188} INFO - [2025-09-29T16:28:46.130+0000] {dag.py:3947} INFO - Setting next_dagrun for consume_1_or_2_with_dataset_expressions to None, run_after=None
[2025-09-29T16:28:46.133+0000] {logging_mixin.py:188} INFO - [2025-09-29T16:28:46.133+0000] {dag.py:3947} INFO - Setting next_dagrun for consume_1_or_both_2_and_3_with_dataset_expressions to None, run_after=None
[2025-09-29T16:28:46.136+0000] {logging_mixin.py:188} INFO - [2025-09-29T16:28:46.136+0000] {dag.py:3947} INFO - Setting next_dagrun for dataset_consumes_1 to None, run_after=None
[2025-09-29T16:28:46.139+0000] {logging_mixin.py:188} INFO - [2025-09-29T16:28:46.139+0000] {dag.py:3947} INFO - Setting next_dagrun for dataset_consumes_1_and_2 to None, run_after=None
[2025-09-29T16:28:46.142+0000] {logging_mixin.py:188} INFO - [2025-09-29T16:28:46.142+0000] {dag.py:3947} INFO - Setting next_dagrun for dataset_consumes_1_never_scheduled to None, run_after=None
[2025-09-29T16:28:46.145+0000] {logging_mixin.py:188} INFO - [2025-09-29T16:28:46.144+0000] {dag.py:3947} INFO - Setting next_dagrun for dataset_consumes_unknown_never_scheduled to None, run_after=None
[2025-09-29T16:28:46.150+0000] {logging_mixin.py:188} INFO - [2025-09-29T16:28:46.149+0000] {dag.py:3947} INFO - Setting next_dagrun for dataset_produces_1 to 2025-09-28 00:00:00+00:00, run_after=2025-09-29 00:00:00+00:00
[2025-09-29T16:28:46.152+0000] {logging_mixin.py:188} INFO - [2025-09-29T16:28:46.152+0000] {dag.py:3947} INFO - Setting next_dagrun for dataset_produces_2 to None, run_after=None
[2025-09-29T16:28:46.235+0000] {processor.py:183} INFO - Processing /home/airflow/.local/lib/python3.12/site-packages/airflow/example_dags/example_datasets.py took 0.377 seconds
[2025-09-29T16:29:16.771+0000] {processor.py:161} INFO - Started process (PID=28831) to work on /home/airflow/.local/lib/python3.12/site-packages/airflow/example_dags/example_datasets.py
[2025-09-29T16:29:16.773+0000] {processor.py:830} INFO - Processing file /home/airflow/.local/lib/python3.12/site-packages/airflow/example_dags/example_datasets.py for tasks to queue
[2025-09-29T16:29:16.774+0000] {logging_mixin.py:188} INFO - [2025-09-29T16:29:16.774+0000] {dagbag.py:545} INFO - Filling up the DagBag from /home/airflow/.local/lib/python3.12/site-packages/airflow/example_dags/example_datasets.py
[2025-09-29T16:29:16.817+0000] {processor.py:840} INFO - DAG(s) 'dataset_consumes_1', 'dataset_produces_1', 'dataset_produces_2', 'consume_1_or_2_with_dataset_expressions', 'dataset_consumes_1_never_scheduled', 'dataset_consumes_unknown_never_scheduled', 'consume_1_and_2_with_dataset_expressions', 'dataset_consumes_1_and_2', 'consume_1_or_both_2_and_3_with_dataset_expressions', 'conditional_dataset_and_time_based_timetable' retrieved from /home/airflow/.local/lib/python3.12/site-packages/airflow/example_dags/example_datasets.py
[2025-09-29T16:29:16.988+0000] {logging_mixin.py:188} INFO - [2025-09-29T16:29:16.987+0000] {dag.py:3089} INFO - Sync 10 DAGs
[2025-09-29T16:29:17.055+0000] {logging_mixin.py:188} INFO - [2025-09-29T16:29:17.054+0000] {dag.py:3947} INFO - Setting next_dagrun for conditional_dataset_and_time_based_timetable to 2025-09-24 01:00:00+00:00, run_after=2025-09-24 01:00:00+00:00
[2025-09-29T16:29:17.070+0000] {logging_mixin.py:188} INFO - [2025-09-29T16:29:17.069+0000] {dag.py:3947} INFO - Setting next_dagrun for consume_1_and_2_with_dataset_expressions to None, run_after=None
[2025-09-29T16:29:17.073+0000] {logging_mixin.py:188} INFO - [2025-09-29T16:29:17.073+0000] {dag.py:3947} INFO - Setting next_dagrun for consume_1_or_2_with_dataset_expressions to None, run_after=None
[2025-09-29T16:29:17.077+0000] {logging_mixin.py:188} INFO - [2025-09-29T16:29:17.076+0000] {dag.py:3947} INFO - Setting next_dagrun for consume_1_or_both_2_and_3_with_dataset_expressions to None, run_after=None
[2025-09-29T16:29:17.080+0000] {logging_mixin.py:188} INFO - [2025-09-29T16:29:17.080+0000] {dag.py:3947} INFO - Setting next_dagrun for dataset_consumes_1 to None, run_after=None
[2025-09-29T16:29:17.085+0000] {logging_mixin.py:188} INFO - [2025-09-29T16:29:17.084+0000] {dag.py:3947} INFO - Setting next_dagrun for dataset_consumes_1_and_2 to None, run_after=None
[2025-09-29T16:29:17.088+0000] {logging_mixin.py:188} INFO - [2025-09-29T16:29:17.088+0000] {dag.py:3947} INFO - Setting next_dagrun for dataset_consumes_1_never_scheduled to None, run_after=None
[2025-09-29T16:29:17.092+0000] {logging_mixin.py:188} INFO - [2025-09-29T16:29:17.091+0000] {dag.py:3947} INFO - Setting next_dagrun for dataset_consumes_unknown_never_scheduled to None, run_after=None
[2025-09-29T16:29:17.098+0000] {logging_mixin.py:188} INFO - [2025-09-29T16:29:17.097+0000] {dag.py:3947} INFO - Setting next_dagrun for dataset_produces_1 to 2025-09-28 00:00:00+00:00, run_after=2025-09-29 00:00:00+00:00
[2025-09-29T16:29:17.102+0000] {logging_mixin.py:188} INFO - [2025-09-29T16:29:17.101+0000] {dag.py:3947} INFO - Setting next_dagrun for dataset_produces_2 to None, run_after=None
[2025-09-29T16:29:17.198+0000] {processor.py:183} INFO - Processing /home/airflow/.local/lib/python3.12/site-packages/airflow/example_dags/example_datasets.py took 0.443 seconds
[2025-09-29T16:29:47.886+0000] {processor.py:161} INFO - Started process (PID=29092) to work on /home/airflow/.local/lib/python3.12/site-packages/airflow/example_dags/example_datasets.py
[2025-09-29T16:29:47.889+0000] {processor.py:830} INFO - Processing file /home/airflow/.local/lib/python3.12/site-packages/airflow/example_dags/example_datasets.py for tasks to queue
[2025-09-29T16:29:47.891+0000] {logging_mixin.py:188} INFO - [2025-09-29T16:29:47.890+0000] {dagbag.py:545} INFO - Filling up the DagBag from /home/airflow/.local/lib/python3.12/site-packages/airflow/example_dags/example_datasets.py
[2025-09-29T16:29:47.923+0000] {processor.py:840} INFO - DAG(s) 'dataset_consumes_1_and_2', 'consume_1_and_2_with_dataset_expressions', 'dataset_consumes_1', 'dataset_consumes_1_never_scheduled', 'consume_1_or_both_2_and_3_with_dataset_expressions', 'dataset_produces_2', 'dataset_consumes_unknown_never_scheduled', 'conditional_dataset_and_time_based_timetable', 'dataset_produces_1', 'consume_1_or_2_with_dataset_expressions' retrieved from /home/airflow/.local/lib/python3.12/site-packages/airflow/example_dags/example_datasets.py
[2025-09-29T16:29:48.044+0000] {logging_mixin.py:188} INFO - [2025-09-29T16:29:48.043+0000] {dag.py:3089} INFO - Sync 10 DAGs
[2025-09-29T16:29:48.104+0000] {logging_mixin.py:188} INFO - [2025-09-29T16:29:48.103+0000] {dag.py:3947} INFO - Setting next_dagrun for conditional_dataset_and_time_based_timetable to 2025-09-24 01:00:00+00:00, run_after=2025-09-24 01:00:00+00:00
[2025-09-29T16:29:48.112+0000] {logging_mixin.py:188} INFO - [2025-09-29T16:29:48.111+0000] {dag.py:3947} INFO - Setting next_dagrun for consume_1_and_2_with_dataset_expressions to None, run_after=None
[2025-09-29T16:29:48.115+0000] {logging_mixin.py:188} INFO - [2025-09-29T16:29:48.115+0000] {dag.py:3947} INFO - Setting next_dagrun for consume_1_or_2_with_dataset_expressions to None, run_after=None
[2025-09-29T16:29:48.119+0000] {logging_mixin.py:188} INFO - [2025-09-29T16:29:48.118+0000] {dag.py:3947} INFO - Setting next_dagrun for consume_1_or_both_2_and_3_with_dataset_expressions to None, run_after=None
[2025-09-29T16:29:48.122+0000] {logging_mixin.py:188} INFO - [2025-09-29T16:29:48.122+0000] {dag.py:3947} INFO - Setting next_dagrun for dataset_consumes_1 to None, run_after=None
[2025-09-29T16:29:48.126+0000] {logging_mixin.py:188} INFO - [2025-09-29T16:29:48.125+0000] {dag.py:3947} INFO - Setting next_dagrun for dataset_consumes_1_and_2 to None, run_after=None
[2025-09-29T16:29:48.129+0000] {logging_mixin.py:188} INFO - [2025-09-29T16:29:48.129+0000] {dag.py:3947} INFO - Setting next_dagrun for dataset_consumes_1_never_scheduled to None, run_after=None
[2025-09-29T16:29:48.132+0000] {logging_mixin.py:188} INFO - [2025-09-29T16:29:48.132+0000] {dag.py:3947} INFO - Setting next_dagrun for dataset_consumes_unknown_never_scheduled to None, run_after=None
[2025-09-29T16:29:48.138+0000] {logging_mixin.py:188} INFO - [2025-09-29T16:29:48.137+0000] {dag.py:3947} INFO - Setting next_dagrun for dataset_produces_1 to 2025-09-28 00:00:00+00:00, run_after=2025-09-29 00:00:00+00:00
[2025-09-29T16:29:48.141+0000] {logging_mixin.py:188} INFO - [2025-09-29T16:29:48.140+0000] {dag.py:3947} INFO - Setting next_dagrun for dataset_produces_2 to None, run_after=None
[2025-09-29T16:29:48.228+0000] {processor.py:183} INFO - Processing /home/airflow/.local/lib/python3.12/site-packages/airflow/example_dags/example_datasets.py took 0.355 seconds
[2025-09-29T16:30:18.548+0000] {processor.py:161} INFO - Started process (PID=29353) to work on /home/airflow/.local/lib/python3.12/site-packages/airflow/example_dags/example_datasets.py
[2025-09-29T16:30:18.551+0000] {processor.py:830} INFO - Processing file /home/airflow/.local/lib/python3.12/site-packages/airflow/example_dags/example_datasets.py for tasks to queue
[2025-09-29T16:30:18.553+0000] {logging_mixin.py:188} INFO - [2025-09-29T16:30:18.553+0000] {dagbag.py:545} INFO - Filling up the DagBag from /home/airflow/.local/lib/python3.12/site-packages/airflow/example_dags/example_datasets.py
[2025-09-29T16:30:18.591+0000] {processor.py:840} INFO - DAG(s) 'dataset_produces_1', 'dataset_consumes_1_and_2', 'dataset_produces_2', 'dataset_consumes_1_never_scheduled', 'dataset_consumes_unknown_never_scheduled', 'consume_1_or_2_with_dataset_expressions', 'consume_1_and_2_with_dataset_expressions', 'consume_1_or_both_2_and_3_with_dataset_expressions', 'dataset_consumes_1', 'conditional_dataset_and_time_based_timetable' retrieved from /home/airflow/.local/lib/python3.12/site-packages/airflow/example_dags/example_datasets.py
[2025-09-29T16:30:18.723+0000] {logging_mixin.py:188} INFO - [2025-09-29T16:30:18.722+0000] {dag.py:3089} INFO - Sync 10 DAGs
[2025-09-29T16:30:18.782+0000] {logging_mixin.py:188} INFO - [2025-09-29T16:30:18.781+0000] {dag.py:3947} INFO - Setting next_dagrun for conditional_dataset_and_time_based_timetable to 2025-09-24 01:00:00+00:00, run_after=2025-09-24 01:00:00+00:00
[2025-09-29T16:30:18.791+0000] {logging_mixin.py:188} INFO - [2025-09-29T16:30:18.790+0000] {dag.py:3947} INFO - Setting next_dagrun for consume_1_and_2_with_dataset_expressions to None, run_after=None
[2025-09-29T16:30:18.794+0000] {logging_mixin.py:188} INFO - [2025-09-29T16:30:18.794+0000] {dag.py:3947} INFO - Setting next_dagrun for consume_1_or_2_with_dataset_expressions to None, run_after=None
[2025-09-29T16:30:18.798+0000] {logging_mixin.py:188} INFO - [2025-09-29T16:30:18.797+0000] {dag.py:3947} INFO - Setting next_dagrun for consume_1_or_both_2_and_3_with_dataset_expressions to None, run_after=None
[2025-09-29T16:30:18.802+0000] {logging_mixin.py:188} INFO - [2025-09-29T16:30:18.801+0000] {dag.py:3947} INFO - Setting next_dagrun for dataset_consumes_1 to None, run_after=None
[2025-09-29T16:30:18.807+0000] {logging_mixin.py:188} INFO - [2025-09-29T16:30:18.807+0000] {dag.py:3947} INFO - Setting next_dagrun for dataset_consumes_1_and_2 to None, run_after=None
[2025-09-29T16:30:18.811+0000] {logging_mixin.py:188} INFO - [2025-09-29T16:30:18.810+0000] {dag.py:3947} INFO - Setting next_dagrun for dataset_consumes_1_never_scheduled to None, run_after=None
[2025-09-29T16:30:18.814+0000] {logging_mixin.py:188} INFO - [2025-09-29T16:30:18.813+0000] {dag.py:3947} INFO - Setting next_dagrun for dataset_consumes_unknown_never_scheduled to None, run_after=None
[2025-09-29T16:30:18.819+0000] {logging_mixin.py:188} INFO - [2025-09-29T16:30:18.819+0000] {dag.py:3947} INFO - Setting next_dagrun for dataset_produces_1 to 2025-09-28 00:00:00+00:00, run_after=2025-09-29 00:00:00+00:00
[2025-09-29T16:30:18.823+0000] {logging_mixin.py:188} INFO - [2025-09-29T16:30:18.822+0000] {dag.py:3947} INFO - Setting next_dagrun for dataset_produces_2 to None, run_after=None
[2025-09-29T16:30:18.918+0000] {processor.py:183} INFO - Processing /home/airflow/.local/lib/python3.12/site-packages/airflow/example_dags/example_datasets.py took 0.384 seconds
[2025-09-29T16:30:49.123+0000] {processor.py:161} INFO - Started process (PID=29614) to work on /home/airflow/.local/lib/python3.12/site-packages/airflow/example_dags/example_datasets.py
[2025-09-29T16:30:49.125+0000] {processor.py:830} INFO - Processing file /home/airflow/.local/lib/python3.12/site-packages/airflow/example_dags/example_datasets.py for tasks to queue
[2025-09-29T16:30:49.127+0000] {logging_mixin.py:188} INFO - [2025-09-29T16:30:49.126+0000] {dagbag.py:545} INFO - Filling up the DagBag from /home/airflow/.local/lib/python3.12/site-packages/airflow/example_dags/example_datasets.py
[2025-09-29T16:30:49.161+0000] {processor.py:840} INFO - DAG(s) 'dataset_produces_1', 'dataset_consumes_1_never_scheduled', 'consume_1_and_2_with_dataset_expressions', 'dataset_consumes_1', 'consume_1_or_2_with_dataset_expressions', 'consume_1_or_both_2_and_3_with_dataset_expressions', 'dataset_consumes_unknown_never_scheduled', 'conditional_dataset_and_time_based_timetable', 'dataset_consumes_1_and_2', 'dataset_produces_2' retrieved from /home/airflow/.local/lib/python3.12/site-packages/airflow/example_dags/example_datasets.py
[2025-09-29T16:30:49.287+0000] {logging_mixin.py:188} INFO - [2025-09-29T16:30:49.287+0000] {dag.py:3089} INFO - Sync 10 DAGs
[2025-09-29T16:30:49.343+0000] {logging_mixin.py:188} INFO - [2025-09-29T16:30:49.343+0000] {dag.py:3947} INFO - Setting next_dagrun for conditional_dataset_and_time_based_timetable to 2025-09-24 01:00:00+00:00, run_after=2025-09-24 01:00:00+00:00
[2025-09-29T16:30:49.352+0000] {logging_mixin.py:188} INFO - [2025-09-29T16:30:49.351+0000] {dag.py:3947} INFO - Setting next_dagrun for consume_1_and_2_with_dataset_expressions to None, run_after=None
[2025-09-29T16:30:49.354+0000] {logging_mixin.py:188} INFO - [2025-09-29T16:30:49.354+0000] {dag.py:3947} INFO - Setting next_dagrun for consume_1_or_2_with_dataset_expressions to None, run_after=None
[2025-09-29T16:30:49.358+0000] {logging_mixin.py:188} INFO - [2025-09-29T16:30:49.357+0000] {dag.py:3947} INFO - Setting next_dagrun for consume_1_or_both_2_and_3_with_dataset_expressions to None, run_after=None
[2025-09-29T16:30:49.361+0000] {logging_mixin.py:188} INFO - [2025-09-29T16:30:49.360+0000] {dag.py:3947} INFO - Setting next_dagrun for dataset_consumes_1 to None, run_after=None
[2025-09-29T16:30:49.364+0000] {logging_mixin.py:188} INFO - [2025-09-29T16:30:49.363+0000] {dag.py:3947} INFO - Setting next_dagrun for dataset_consumes_1_and_2 to None, run_after=None
[2025-09-29T16:30:49.367+0000] {logging_mixin.py:188} INFO - [2025-09-29T16:30:49.367+0000] {dag.py:3947} INFO - Setting next_dagrun for dataset_consumes_1_never_scheduled to None, run_after=None
[2025-09-29T16:30:49.370+0000] {logging_mixin.py:188} INFO - [2025-09-29T16:30:49.370+0000] {dag.py:3947} INFO - Setting next_dagrun for dataset_consumes_unknown_never_scheduled to None, run_after=None
[2025-09-29T16:30:49.375+0000] {logging_mixin.py:188} INFO - [2025-09-29T16:30:49.375+0000] {dag.py:3947} INFO - Setting next_dagrun for dataset_produces_1 to 2025-09-28 00:00:00+00:00, run_after=2025-09-29 00:00:00+00:00
[2025-09-29T16:30:49.378+0000] {logging_mixin.py:188} INFO - [2025-09-29T16:30:49.378+0000] {dag.py:3947} INFO - Setting next_dagrun for dataset_produces_2 to None, run_after=None
[2025-09-29T16:30:49.462+0000] {processor.py:183} INFO - Processing /home/airflow/.local/lib/python3.12/site-packages/airflow/example_dags/example_datasets.py took 0.354 seconds
[2025-09-29T16:31:20.069+0000] {processor.py:161} INFO - Started process (PID=29875) to work on /home/airflow/.local/lib/python3.12/site-packages/airflow/example_dags/example_datasets.py
[2025-09-29T16:31:20.084+0000] {processor.py:830} INFO - Processing file /home/airflow/.local/lib/python3.12/site-packages/airflow/example_dags/example_datasets.py for tasks to queue
[2025-09-29T16:31:20.086+0000] {logging_mixin.py:188} INFO - [2025-09-29T16:31:20.085+0000] {dagbag.py:545} INFO - Filling up the DagBag from /home/airflow/.local/lib/python3.12/site-packages/airflow/example_dags/example_datasets.py
[2025-09-29T16:31:20.125+0000] {processor.py:840} INFO - DAG(s) 'conditional_dataset_and_time_based_timetable', 'dataset_produces_2', 'consume_1_or_both_2_and_3_with_dataset_expressions', 'consume_1_and_2_with_dataset_expressions', 'dataset_consumes_1_never_scheduled', 'dataset_consumes_unknown_never_scheduled', 'dataset_produces_1', 'consume_1_or_2_with_dataset_expressions', 'dataset_consumes_1', 'dataset_consumes_1_and_2' retrieved from /home/airflow/.local/lib/python3.12/site-packages/airflow/example_dags/example_datasets.py
[2025-09-29T16:31:20.267+0000] {logging_mixin.py:188} INFO - [2025-09-29T16:31:20.266+0000] {dag.py:3089} INFO - Sync 10 DAGs
[2025-09-29T16:31:20.332+0000] {logging_mixin.py:188} INFO - [2025-09-29T16:31:20.332+0000] {dag.py:3947} INFO - Setting next_dagrun for conditional_dataset_and_time_based_timetable to 2025-09-24 01:00:00+00:00, run_after=2025-09-24 01:00:00+00:00
[2025-09-29T16:31:20.342+0000] {logging_mixin.py:188} INFO - [2025-09-29T16:31:20.341+0000] {dag.py:3947} INFO - Setting next_dagrun for consume_1_and_2_with_dataset_expressions to None, run_after=None
[2025-09-29T16:31:20.345+0000] {logging_mixin.py:188} INFO - [2025-09-29T16:31:20.345+0000] {dag.py:3947} INFO - Setting next_dagrun for consume_1_or_2_with_dataset_expressions to None, run_after=None
[2025-09-29T16:31:20.349+0000] {logging_mixin.py:188} INFO - [2025-09-29T16:31:20.348+0000] {dag.py:3947} INFO - Setting next_dagrun for consume_1_or_both_2_and_3_with_dataset_expressions to None, run_after=None
[2025-09-29T16:31:20.353+0000] {logging_mixin.py:188} INFO - [2025-09-29T16:31:20.353+0000] {dag.py:3947} INFO - Setting next_dagrun for dataset_consumes_1 to None, run_after=None
[2025-09-29T16:31:20.358+0000] {logging_mixin.py:188} INFO - [2025-09-29T16:31:20.357+0000] {dag.py:3947} INFO - Setting next_dagrun for dataset_consumes_1_and_2 to None, run_after=None
[2025-09-29T16:31:20.361+0000] {logging_mixin.py:188} INFO - [2025-09-29T16:31:20.361+0000] {dag.py:3947} INFO - Setting next_dagrun for dataset_consumes_1_never_scheduled to None, run_after=None
[2025-09-29T16:31:20.364+0000] {logging_mixin.py:188} INFO - [2025-09-29T16:31:20.364+0000] {dag.py:3947} INFO - Setting next_dagrun for dataset_consumes_unknown_never_scheduled to None, run_after=None
[2025-09-29T16:31:20.370+0000] {logging_mixin.py:188} INFO - [2025-09-29T16:31:20.369+0000] {dag.py:3947} INFO - Setting next_dagrun for dataset_produces_1 to 2025-09-28 00:00:00+00:00, run_after=2025-09-29 00:00:00+00:00
[2025-09-29T16:31:20.373+0000] {logging_mixin.py:188} INFO - [2025-09-29T16:31:20.372+0000] {dag.py:3947} INFO - Setting next_dagrun for dataset_produces_2 to None, run_after=None
[2025-09-29T16:31:20.478+0000] {processor.py:183} INFO - Processing /home/airflow/.local/lib/python3.12/site-packages/airflow/example_dags/example_datasets.py took 0.424 seconds
[2025-09-29T16:31:50.992+0000] {processor.py:161} INFO - Started process (PID=30136) to work on /home/airflow/.local/lib/python3.12/site-packages/airflow/example_dags/example_datasets.py
[2025-09-29T16:31:50.995+0000] {processor.py:830} INFO - Processing file /home/airflow/.local/lib/python3.12/site-packages/airflow/example_dags/example_datasets.py for tasks to queue
[2025-09-29T16:31:50.997+0000] {logging_mixin.py:188} INFO - [2025-09-29T16:31:50.996+0000] {dagbag.py:545} INFO - Filling up the DagBag from /home/airflow/.local/lib/python3.12/site-packages/airflow/example_dags/example_datasets.py
[2025-09-29T16:31:51.034+0000] {processor.py:840} INFO - DAG(s) 'consume_1_or_2_with_dataset_expressions', 'conditional_dataset_and_time_based_timetable', 'consume_1_or_both_2_and_3_with_dataset_expressions', 'dataset_consumes_1_never_scheduled', 'consume_1_and_2_with_dataset_expressions', 'dataset_produces_2', 'dataset_consumes_1_and_2', 'dataset_consumes_unknown_never_scheduled', 'dataset_consumes_1', 'dataset_produces_1' retrieved from /home/airflow/.local/lib/python3.12/site-packages/airflow/example_dags/example_datasets.py
[2025-09-29T16:31:51.164+0000] {logging_mixin.py:188} INFO - [2025-09-29T16:31:51.164+0000] {dag.py:3089} INFO - Sync 10 DAGs
[2025-09-29T16:31:51.223+0000] {logging_mixin.py:188} INFO - [2025-09-29T16:31:51.222+0000] {dag.py:3947} INFO - Setting next_dagrun for conditional_dataset_and_time_based_timetable to 2025-09-24 01:00:00+00:00, run_after=2025-09-24 01:00:00+00:00
[2025-09-29T16:31:51.232+0000] {logging_mixin.py:188} INFO - [2025-09-29T16:31:51.231+0000] {dag.py:3947} INFO - Setting next_dagrun for consume_1_and_2_with_dataset_expressions to None, run_after=None
[2025-09-29T16:31:51.235+0000] {logging_mixin.py:188} INFO - [2025-09-29T16:31:51.235+0000] {dag.py:3947} INFO - Setting next_dagrun for consume_1_or_2_with_dataset_expressions to None, run_after=None
[2025-09-29T16:31:51.238+0000] {logging_mixin.py:188} INFO - [2025-09-29T16:31:51.238+0000] {dag.py:3947} INFO - Setting next_dagrun for consume_1_or_both_2_and_3_with_dataset_expressions to None, run_after=None
[2025-09-29T16:31:51.241+0000] {logging_mixin.py:188} INFO - [2025-09-29T16:31:51.241+0000] {dag.py:3947} INFO - Setting next_dagrun for dataset_consumes_1 to None, run_after=None
[2025-09-29T16:31:51.245+0000] {logging_mixin.py:188} INFO - [2025-09-29T16:31:51.244+0000] {dag.py:3947} INFO - Setting next_dagrun for dataset_consumes_1_and_2 to None, run_after=None
[2025-09-29T16:31:51.248+0000] {logging_mixin.py:188} INFO - [2025-09-29T16:31:51.247+0000] {dag.py:3947} INFO - Setting next_dagrun for dataset_consumes_1_never_scheduled to None, run_after=None
[2025-09-29T16:31:51.251+0000] {logging_mixin.py:188} INFO - [2025-09-29T16:31:51.250+0000] {dag.py:3947} INFO - Setting next_dagrun for dataset_consumes_unknown_never_scheduled to None, run_after=None
[2025-09-29T16:31:51.257+0000] {logging_mixin.py:188} INFO - [2025-09-29T16:31:51.256+0000] {dag.py:3947} INFO - Setting next_dagrun for dataset_produces_1 to 2025-09-28 00:00:00+00:00, run_after=2025-09-29 00:00:00+00:00
[2025-09-29T16:31:51.260+0000] {logging_mixin.py:188} INFO - [2025-09-29T16:31:51.259+0000] {dag.py:3947} INFO - Setting next_dagrun for dataset_produces_2 to None, run_after=None
[2025-09-29T16:31:51.349+0000] {processor.py:183} INFO - Processing /home/airflow/.local/lib/python3.12/site-packages/airflow/example_dags/example_datasets.py took 0.382 seconds
[2025-09-29T16:32:21.965+0000] {processor.py:161} INFO - Started process (PID=30397) to work on /home/airflow/.local/lib/python3.12/site-packages/airflow/example_dags/example_datasets.py
[2025-09-29T16:32:21.973+0000] {processor.py:830} INFO - Processing file /home/airflow/.local/lib/python3.12/site-packages/airflow/example_dags/example_datasets.py for tasks to queue
[2025-09-29T16:32:21.975+0000] {logging_mixin.py:188} INFO - [2025-09-29T16:32:21.974+0000] {dagbag.py:545} INFO - Filling up the DagBag from /home/airflow/.local/lib/python3.12/site-packages/airflow/example_dags/example_datasets.py
[2025-09-29T16:32:22.029+0000] {processor.py:840} INFO - DAG(s) 'dataset_consumes_1_never_scheduled', 'dataset_produces_2', 'consume_1_or_2_with_dataset_expressions', 'dataset_consumes_1', 'dataset_consumes_unknown_never_scheduled', 'dataset_produces_1', 'dataset_consumes_1_and_2', 'consume_1_and_2_with_dataset_expressions', 'consume_1_or_both_2_and_3_with_dataset_expressions', 'conditional_dataset_and_time_based_timetable' retrieved from /home/airflow/.local/lib/python3.12/site-packages/airflow/example_dags/example_datasets.py
[2025-09-29T16:32:22.180+0000] {logging_mixin.py:188} INFO - [2025-09-29T16:32:22.180+0000] {dag.py:3089} INFO - Sync 10 DAGs
[2025-09-29T16:32:22.248+0000] {logging_mixin.py:188} INFO - [2025-09-29T16:32:22.247+0000] {dag.py:3947} INFO - Setting next_dagrun for conditional_dataset_and_time_based_timetable to 2025-09-24 01:00:00+00:00, run_after=2025-09-24 01:00:00+00:00
[2025-09-29T16:32:22.258+0000] {logging_mixin.py:188} INFO - [2025-09-29T16:32:22.257+0000] {dag.py:3947} INFO - Setting next_dagrun for consume_1_and_2_with_dataset_expressions to None, run_after=None
[2025-09-29T16:32:22.262+0000] {logging_mixin.py:188} INFO - [2025-09-29T16:32:22.261+0000] {dag.py:3947} INFO - Setting next_dagrun for consume_1_or_2_with_dataset_expressions to None, run_after=None
[2025-09-29T16:32:22.265+0000] {logging_mixin.py:188} INFO - [2025-09-29T16:32:22.265+0000] {dag.py:3947} INFO - Setting next_dagrun for consume_1_or_both_2_and_3_with_dataset_expressions to None, run_after=None
[2025-09-29T16:32:22.270+0000] {logging_mixin.py:188} INFO - [2025-09-29T16:32:22.269+0000] {dag.py:3947} INFO - Setting next_dagrun for dataset_consumes_1 to None, run_after=None
[2025-09-29T16:32:22.273+0000] {logging_mixin.py:188} INFO - [2025-09-29T16:32:22.272+0000] {dag.py:3947} INFO - Setting next_dagrun for dataset_consumes_1_and_2 to None, run_after=None
[2025-09-29T16:32:22.276+0000] {logging_mixin.py:188} INFO - [2025-09-29T16:32:22.276+0000] {dag.py:3947} INFO - Setting next_dagrun for dataset_consumes_1_never_scheduled to None, run_after=None
[2025-09-29T16:32:22.279+0000] {logging_mixin.py:188} INFO - [2025-09-29T16:32:22.279+0000] {dag.py:3947} INFO - Setting next_dagrun for dataset_consumes_unknown_never_scheduled to None, run_after=None
[2025-09-29T16:32:22.285+0000] {logging_mixin.py:188} INFO - [2025-09-29T16:32:22.285+0000] {dag.py:3947} INFO - Setting next_dagrun for dataset_produces_1 to 2025-09-28 00:00:00+00:00, run_after=2025-09-29 00:00:00+00:00
[2025-09-29T16:32:22.288+0000] {logging_mixin.py:188} INFO - [2025-09-29T16:32:22.288+0000] {dag.py:3947} INFO - Setting next_dagrun for dataset_produces_2 to None, run_after=None
[2025-09-29T16:32:22.390+0000] {processor.py:183} INFO - Processing /home/airflow/.local/lib/python3.12/site-packages/airflow/example_dags/example_datasets.py took 0.441 seconds
[2025-09-29T16:32:52.745+0000] {processor.py:161} INFO - Started process (PID=30663) to work on /home/airflow/.local/lib/python3.12/site-packages/airflow/example_dags/example_datasets.py
[2025-09-29T16:32:52.748+0000] {processor.py:830} INFO - Processing file /home/airflow/.local/lib/python3.12/site-packages/airflow/example_dags/example_datasets.py for tasks to queue
[2025-09-29T16:32:52.750+0000] {logging_mixin.py:188} INFO - [2025-09-29T16:32:52.749+0000] {dagbag.py:545} INFO - Filling up the DagBag from /home/airflow/.local/lib/python3.12/site-packages/airflow/example_dags/example_datasets.py
[2025-09-29T16:32:52.785+0000] {processor.py:840} INFO - DAG(s) 'consume_1_and_2_with_dataset_expressions', 'dataset_consumes_1_never_scheduled', 'dataset_produces_2', 'dataset_consumes_1', 'dataset_consumes_unknown_never_scheduled', 'conditional_dataset_and_time_based_timetable', 'dataset_produces_1', 'consume_1_or_2_with_dataset_expressions', 'dataset_consumes_1_and_2', 'consume_1_or_both_2_and_3_with_dataset_expressions' retrieved from /home/airflow/.local/lib/python3.12/site-packages/airflow/example_dags/example_datasets.py
[2025-09-29T16:32:52.909+0000] {logging_mixin.py:188} INFO - [2025-09-29T16:32:52.908+0000] {dag.py:3089} INFO - Sync 10 DAGs
[2025-09-29T16:32:52.967+0000] {logging_mixin.py:188} INFO - [2025-09-29T16:32:52.967+0000] {dag.py:3947} INFO - Setting next_dagrun for conditional_dataset_and_time_based_timetable to 2025-09-24 01:00:00+00:00, run_after=2025-09-24 01:00:00+00:00
[2025-09-29T16:32:52.976+0000] {logging_mixin.py:188} INFO - [2025-09-29T16:32:52.975+0000] {dag.py:3947} INFO - Setting next_dagrun for consume_1_and_2_with_dataset_expressions to None, run_after=None
[2025-09-29T16:32:52.979+0000] {logging_mixin.py:188} INFO - [2025-09-29T16:32:52.979+0000] {dag.py:3947} INFO - Setting next_dagrun for consume_1_or_2_with_dataset_expressions to None, run_after=None
[2025-09-29T16:32:52.982+0000] {logging_mixin.py:188} INFO - [2025-09-29T16:32:52.982+0000] {dag.py:3947} INFO - Setting next_dagrun for consume_1_or_both_2_and_3_with_dataset_expressions to None, run_after=None
[2025-09-29T16:32:52.985+0000] {logging_mixin.py:188} INFO - [2025-09-29T16:32:52.985+0000] {dag.py:3947} INFO - Setting next_dagrun for dataset_consumes_1 to None, run_after=None
[2025-09-29T16:32:52.988+0000] {logging_mixin.py:188} INFO - [2025-09-29T16:32:52.988+0000] {dag.py:3947} INFO - Setting next_dagrun for dataset_consumes_1_and_2 to None, run_after=None
[2025-09-29T16:32:52.992+0000] {logging_mixin.py:188} INFO - [2025-09-29T16:32:52.991+0000] {dag.py:3947} INFO - Setting next_dagrun for dataset_consumes_1_never_scheduled to None, run_after=None
[2025-09-29T16:32:52.995+0000] {logging_mixin.py:188} INFO - [2025-09-29T16:32:52.995+0000] {dag.py:3947} INFO - Setting next_dagrun for dataset_consumes_unknown_never_scheduled to None, run_after=None
[2025-09-29T16:32:53.000+0000] {logging_mixin.py:188} INFO - [2025-09-29T16:32:53.000+0000] {dag.py:3947} INFO - Setting next_dagrun for dataset_produces_1 to 2025-09-28 00:00:00+00:00, run_after=2025-09-29 00:00:00+00:00
[2025-09-29T16:32:53.003+0000] {logging_mixin.py:188} INFO - [2025-09-29T16:32:53.003+0000] {dag.py:3947} INFO - Setting next_dagrun for dataset_produces_2 to None, run_after=None
[2025-09-29T16:32:53.089+0000] {processor.py:183} INFO - Processing /home/airflow/.local/lib/python3.12/site-packages/airflow/example_dags/example_datasets.py took 0.358 seconds
[2025-09-29T16:33:23.346+0000] {processor.py:161} INFO - Started process (PID=30917) to work on /home/airflow/.local/lib/python3.12/site-packages/airflow/example_dags/example_datasets.py
[2025-09-29T16:33:23.350+0000] {processor.py:830} INFO - Processing file /home/airflow/.local/lib/python3.12/site-packages/airflow/example_dags/example_datasets.py for tasks to queue
[2025-09-29T16:33:23.353+0000] {logging_mixin.py:188} INFO - [2025-09-29T16:33:23.352+0000] {dagbag.py:545} INFO - Filling up the DagBag from /home/airflow/.local/lib/python3.12/site-packages/airflow/example_dags/example_datasets.py
[2025-09-29T16:33:23.414+0000] {processor.py:840} INFO - DAG(s) 'consume_1_and_2_with_dataset_expressions', 'conditional_dataset_and_time_based_timetable', 'dataset_consumes_1_never_scheduled', 'dataset_consumes_1_and_2', 'consume_1_or_2_with_dataset_expressions', 'dataset_consumes_unknown_never_scheduled', 'consume_1_or_both_2_and_3_with_dataset_expressions', 'dataset_consumes_1', 'dataset_produces_1', 'dataset_produces_2' retrieved from /home/airflow/.local/lib/python3.12/site-packages/airflow/example_dags/example_datasets.py
[2025-09-29T16:33:23.567+0000] {logging_mixin.py:188} INFO - [2025-09-29T16:33:23.566+0000] {dag.py:3089} INFO - Sync 10 DAGs
[2025-09-29T16:33:23.661+0000] {logging_mixin.py:188} INFO - [2025-09-29T16:33:23.660+0000] {dag.py:3947} INFO - Setting next_dagrun for conditional_dataset_and_time_based_timetable to 2025-09-24 01:00:00+00:00, run_after=2025-09-24 01:00:00+00:00
[2025-09-29T16:33:23.670+0000] {logging_mixin.py:188} INFO - [2025-09-29T16:33:23.669+0000] {dag.py:3947} INFO - Setting next_dagrun for consume_1_and_2_with_dataset_expressions to None, run_after=None
[2025-09-29T16:33:23.673+0000] {logging_mixin.py:188} INFO - [2025-09-29T16:33:23.673+0000] {dag.py:3947} INFO - Setting next_dagrun for consume_1_or_2_with_dataset_expressions to None, run_after=None
[2025-09-29T16:33:23.677+0000] {logging_mixin.py:188} INFO - [2025-09-29T16:33:23.676+0000] {dag.py:3947} INFO - Setting next_dagrun for consume_1_or_both_2_and_3_with_dataset_expressions to None, run_after=None
[2025-09-29T16:33:23.680+0000] {logging_mixin.py:188} INFO - [2025-09-29T16:33:23.679+0000] {dag.py:3947} INFO - Setting next_dagrun for dataset_consumes_1 to None, run_after=None
[2025-09-29T16:33:23.685+0000] {logging_mixin.py:188} INFO - [2025-09-29T16:33:23.684+0000] {dag.py:3947} INFO - Setting next_dagrun for dataset_consumes_1_and_2 to None, run_after=None
[2025-09-29T16:33:23.689+0000] {logging_mixin.py:188} INFO - [2025-09-29T16:33:23.688+0000] {dag.py:3947} INFO - Setting next_dagrun for dataset_consumes_1_never_scheduled to None, run_after=None
[2025-09-29T16:33:23.692+0000] {logging_mixin.py:188} INFO - [2025-09-29T16:33:23.692+0000] {dag.py:3947} INFO - Setting next_dagrun for dataset_consumes_unknown_never_scheduled to None, run_after=None
[2025-09-29T16:33:23.698+0000] {logging_mixin.py:188} INFO - [2025-09-29T16:33:23.698+0000] {dag.py:3947} INFO - Setting next_dagrun for dataset_produces_1 to 2025-09-28 00:00:00+00:00, run_after=2025-09-29 00:00:00+00:00
[2025-09-29T16:33:23.702+0000] {logging_mixin.py:188} INFO - [2025-09-29T16:33:23.701+0000] {dag.py:3947} INFO - Setting next_dagrun for dataset_produces_2 to None, run_after=None
[2025-09-29T16:33:23.798+0000] {processor.py:183} INFO - Processing /home/airflow/.local/lib/python3.12/site-packages/airflow/example_dags/example_datasets.py took 0.473 seconds
[2025-09-29T16:33:54.618+0000] {processor.py:161} INFO - Started process (PID=31180) to work on /home/airflow/.local/lib/python3.12/site-packages/airflow/example_dags/example_datasets.py
[2025-09-29T16:33:54.621+0000] {processor.py:830} INFO - Processing file /home/airflow/.local/lib/python3.12/site-packages/airflow/example_dags/example_datasets.py for tasks to queue
[2025-09-29T16:33:54.623+0000] {logging_mixin.py:188} INFO - [2025-09-29T16:33:54.622+0000] {dagbag.py:545} INFO - Filling up the DagBag from /home/airflow/.local/lib/python3.12/site-packages/airflow/example_dags/example_datasets.py
[2025-09-29T16:33:54.656+0000] {processor.py:840} INFO - DAG(s) 'dataset_produces_1', 'consume_1_or_both_2_and_3_with_dataset_expressions', 'consume_1_and_2_with_dataset_expressions', 'dataset_consumes_unknown_never_scheduled', 'consume_1_or_2_with_dataset_expressions', 'dataset_produces_2', 'conditional_dataset_and_time_based_timetable', 'dataset_consumes_1_never_scheduled', 'dataset_consumes_1', 'dataset_consumes_1_and_2' retrieved from /home/airflow/.local/lib/python3.12/site-packages/airflow/example_dags/example_datasets.py
[2025-09-29T16:33:54.780+0000] {logging_mixin.py:188} INFO - [2025-09-29T16:33:54.779+0000] {dag.py:3089} INFO - Sync 10 DAGs
[2025-09-29T16:33:55.135+0000] {logging_mixin.py:188} INFO - [2025-09-29T16:33:55.134+0000] {dag.py:3947} INFO - Setting next_dagrun for conditional_dataset_and_time_based_timetable to 2025-09-24 01:00:00+00:00, run_after=2025-09-24 01:00:00+00:00
[2025-09-29T16:33:55.142+0000] {logging_mixin.py:188} INFO - [2025-09-29T16:33:55.142+0000] {dag.py:3947} INFO - Setting next_dagrun for consume_1_and_2_with_dataset_expressions to None, run_after=None
[2025-09-29T16:33:55.146+0000] {logging_mixin.py:188} INFO - [2025-09-29T16:33:55.145+0000] {dag.py:3947} INFO - Setting next_dagrun for consume_1_or_2_with_dataset_expressions to None, run_after=None
[2025-09-29T16:33:55.149+0000] {logging_mixin.py:188} INFO - [2025-09-29T16:33:55.148+0000] {dag.py:3947} INFO - Setting next_dagrun for consume_1_or_both_2_and_3_with_dataset_expressions to None, run_after=None
[2025-09-29T16:33:55.152+0000] {logging_mixin.py:188} INFO - [2025-09-29T16:33:55.151+0000] {dag.py:3947} INFO - Setting next_dagrun for dataset_consumes_1 to None, run_after=None
[2025-09-29T16:33:55.154+0000] {logging_mixin.py:188} INFO - [2025-09-29T16:33:55.154+0000] {dag.py:3947} INFO - Setting next_dagrun for dataset_consumes_1_and_2 to None, run_after=None
[2025-09-29T16:33:55.157+0000] {logging_mixin.py:188} INFO - [2025-09-29T16:33:55.157+0000] {dag.py:3947} INFO - Setting next_dagrun for dataset_consumes_1_never_scheduled to None, run_after=None
[2025-09-29T16:33:55.160+0000] {logging_mixin.py:188} INFO - [2025-09-29T16:33:55.160+0000] {dag.py:3947} INFO - Setting next_dagrun for dataset_consumes_unknown_never_scheduled to None, run_after=None
[2025-09-29T16:33:55.165+0000] {logging_mixin.py:188} INFO - [2025-09-29T16:33:55.165+0000] {dag.py:3947} INFO - Setting next_dagrun for dataset_produces_1 to 2025-09-28 00:00:00+00:00, run_after=2025-09-29 00:00:00+00:00
[2025-09-29T16:33:55.168+0000] {logging_mixin.py:188} INFO - [2025-09-29T16:33:55.168+0000] {dag.py:3947} INFO - Setting next_dagrun for dataset_produces_2 to None, run_after=None
[2025-09-29T16:33:55.245+0000] {processor.py:183} INFO - Processing /home/airflow/.local/lib/python3.12/site-packages/airflow/example_dags/example_datasets.py took 0.641 seconds
[2025-09-29T16:34:25.370+0000] {processor.py:161} INFO - Started process (PID=31439) to work on /home/airflow/.local/lib/python3.12/site-packages/airflow/example_dags/example_datasets.py
[2025-09-29T16:34:25.372+0000] {processor.py:830} INFO - Processing file /home/airflow/.local/lib/python3.12/site-packages/airflow/example_dags/example_datasets.py for tasks to queue
[2025-09-29T16:34:25.374+0000] {logging_mixin.py:188} INFO - [2025-09-29T16:34:25.373+0000] {dagbag.py:545} INFO - Filling up the DagBag from /home/airflow/.local/lib/python3.12/site-packages/airflow/example_dags/example_datasets.py
[2025-09-29T16:34:25.413+0000] {processor.py:840} INFO - DAG(s) 'consume_1_and_2_with_dataset_expressions', 'dataset_consumes_1', 'conditional_dataset_and_time_based_timetable', 'dataset_consumes_1_never_scheduled', 'consume_1_or_2_with_dataset_expressions', 'consume_1_or_both_2_and_3_with_dataset_expressions', 'dataset_produces_1', 'dataset_consumes_1_and_2', 'dataset_produces_2', 'dataset_consumes_unknown_never_scheduled' retrieved from /home/airflow/.local/lib/python3.12/site-packages/airflow/example_dags/example_datasets.py
[2025-09-29T16:34:25.604+0000] {logging_mixin.py:188} INFO - [2025-09-29T16:34:25.602+0000] {dag.py:3089} INFO - Sync 10 DAGs
[2025-09-29T16:34:25.699+0000] {logging_mixin.py:188} INFO - [2025-09-29T16:34:25.698+0000] {dag.py:3947} INFO - Setting next_dagrun for conditional_dataset_and_time_based_timetable to 2025-09-24 01:00:00+00:00, run_after=2025-09-24 01:00:00+00:00
[2025-09-29T16:34:25.709+0000] {logging_mixin.py:188} INFO - [2025-09-29T16:34:25.708+0000] {dag.py:3947} INFO - Setting next_dagrun for consume_1_and_2_with_dataset_expressions to None, run_after=None
[2025-09-29T16:34:25.713+0000] {logging_mixin.py:188} INFO - [2025-09-29T16:34:25.712+0000] {dag.py:3947} INFO - Setting next_dagrun for consume_1_or_2_with_dataset_expressions to None, run_after=None
[2025-09-29T16:34:25.718+0000] {logging_mixin.py:188} INFO - [2025-09-29T16:34:25.718+0000] {dag.py:3947} INFO - Setting next_dagrun for consume_1_or_both_2_and_3_with_dataset_expressions to None, run_after=None
[2025-09-29T16:34:25.723+0000] {logging_mixin.py:188} INFO - [2025-09-29T16:34:25.722+0000] {dag.py:3947} INFO - Setting next_dagrun for dataset_consumes_1 to None, run_after=None
[2025-09-29T16:34:26.348+0000] {logging_mixin.py:188} INFO - [2025-09-29T16:34:26.347+0000] {dag.py:3947} INFO - Setting next_dagrun for dataset_consumes_1_and_2 to None, run_after=None
[2025-09-29T16:34:26.353+0000] {logging_mixin.py:188} INFO - [2025-09-29T16:34:26.353+0000] {dag.py:3947} INFO - Setting next_dagrun for dataset_consumes_1_never_scheduled to None, run_after=None
[2025-09-29T16:34:26.359+0000] {logging_mixin.py:188} INFO - [2025-09-29T16:34:26.358+0000] {dag.py:3947} INFO - Setting next_dagrun for dataset_consumes_unknown_never_scheduled to None, run_after=None
[2025-09-29T16:34:26.372+0000] {logging_mixin.py:188} INFO - [2025-09-29T16:34:26.371+0000] {dag.py:3947} INFO - Setting next_dagrun for dataset_produces_1 to 2025-09-28 00:00:00+00:00, run_after=2025-09-29 00:00:00+00:00
[2025-09-29T16:34:26.377+0000] {logging_mixin.py:188} INFO - [2025-09-29T16:34:26.376+0000] {dag.py:3947} INFO - Setting next_dagrun for dataset_produces_2 to None, run_after=None
[2025-09-29T16:34:26.523+0000] {processor.py:183} INFO - Processing /home/airflow/.local/lib/python3.12/site-packages/airflow/example_dags/example_datasets.py took 1.169 seconds
[2025-09-29T16:47:33.031+0000] {processor.py:161} INFO - Started process (PID=298) to work on /home/airflow/.local/lib/python3.12/site-packages/airflow/example_dags/example_datasets.py
[2025-09-29T16:47:33.035+0000] {processor.py:830} INFO - Processing file /home/airflow/.local/lib/python3.12/site-packages/airflow/example_dags/example_datasets.py for tasks to queue
[2025-09-29T16:47:33.039+0000] {logging_mixin.py:188} INFO - [2025-09-29T16:47:33.038+0000] {dagbag.py:545} INFO - Filling up the DagBag from /home/airflow/.local/lib/python3.12/site-packages/airflow/example_dags/example_datasets.py
[2025-09-29T16:47:33.081+0000] {processor.py:840} INFO - DAG(s) 'conditional_dataset_and_time_based_timetable', 'dataset_consumes_1_never_scheduled', 'consume_1_or_both_2_and_3_with_dataset_expressions', 'dataset_consumes_1_and_2', 'dataset_produces_2', 'dataset_consumes_1', 'consume_1_and_2_with_dataset_expressions', 'dataset_produces_1', 'dataset_consumes_unknown_never_scheduled', 'consume_1_or_2_with_dataset_expressions' retrieved from /home/airflow/.local/lib/python3.12/site-packages/airflow/example_dags/example_datasets.py
[2025-09-29T16:47:33.133+0000] {logging_mixin.py:188} INFO - [2025-09-29T16:47:33.133+0000] {dag.py:3089} INFO - Sync 10 DAGs
[2025-09-29T16:47:33.199+0000] {logging_mixin.py:188} INFO - [2025-09-29T16:47:33.198+0000] {dag.py:3947} INFO - Setting next_dagrun for conditional_dataset_and_time_based_timetable to 2025-09-24 01:00:00+00:00, run_after=2025-09-24 01:00:00+00:00
[2025-09-29T16:47:33.208+0000] {logging_mixin.py:188} INFO - [2025-09-29T16:47:33.208+0000] {dag.py:3947} INFO - Setting next_dagrun for consume_1_and_2_with_dataset_expressions to None, run_after=None
[2025-09-29T16:47:33.212+0000] {logging_mixin.py:188} INFO - [2025-09-29T16:47:33.212+0000] {dag.py:3947} INFO - Setting next_dagrun for consume_1_or_2_with_dataset_expressions to None, run_after=None
[2025-09-29T16:47:33.215+0000] {logging_mixin.py:188} INFO - [2025-09-29T16:47:33.215+0000] {dag.py:3947} INFO - Setting next_dagrun for consume_1_or_both_2_and_3_with_dataset_expressions to None, run_after=None
[2025-09-29T16:47:33.218+0000] {logging_mixin.py:188} INFO - [2025-09-29T16:47:33.218+0000] {dag.py:3947} INFO - Setting next_dagrun for dataset_consumes_1 to None, run_after=None
[2025-09-29T16:47:33.222+0000] {logging_mixin.py:188} INFO - [2025-09-29T16:47:33.221+0000] {dag.py:3947} INFO - Setting next_dagrun for dataset_consumes_1_and_2 to None, run_after=None
[2025-09-29T16:47:33.225+0000] {logging_mixin.py:188} INFO - [2025-09-29T16:47:33.224+0000] {dag.py:3947} INFO - Setting next_dagrun for dataset_consumes_1_never_scheduled to None, run_after=None
[2025-09-29T16:47:33.228+0000] {logging_mixin.py:188} INFO - [2025-09-29T16:47:33.228+0000] {dag.py:3947} INFO - Setting next_dagrun for dataset_consumes_unknown_never_scheduled to None, run_after=None
[2025-09-29T16:47:33.234+0000] {logging_mixin.py:188} INFO - [2025-09-29T16:47:33.233+0000] {dag.py:3947} INFO - Setting next_dagrun for dataset_produces_1 to 2025-09-28 00:00:00+00:00, run_after=2025-09-29 00:00:00+00:00
[2025-09-29T16:47:33.237+0000] {logging_mixin.py:188} INFO - [2025-09-29T16:47:33.237+0000] {dag.py:3947} INFO - Setting next_dagrun for dataset_produces_2 to None, run_after=None
[2025-09-29T16:47:33.350+0000] {processor.py:183} INFO - Processing /home/airflow/.local/lib/python3.12/site-packages/airflow/example_dags/example_datasets.py took 0.335 seconds
[2025-09-29T16:48:08.690+0000] {processor.py:161} INFO - Started process (PID=571) to work on /home/airflow/.local/lib/python3.12/site-packages/airflow/example_dags/example_datasets.py
[2025-09-29T16:48:08.693+0000] {processor.py:830} INFO - Processing file /home/airflow/.local/lib/python3.12/site-packages/airflow/example_dags/example_datasets.py for tasks to queue
[2025-09-29T16:48:08.698+0000] {logging_mixin.py:188} INFO - [2025-09-29T16:48:08.697+0000] {dagbag.py:545} INFO - Filling up the DagBag from /home/airflow/.local/lib/python3.12/site-packages/airflow/example_dags/example_datasets.py
[2025-09-29T16:48:08.739+0000] {processor.py:840} INFO - DAG(s) 'consume_1_or_both_2_and_3_with_dataset_expressions', 'consume_1_and_2_with_dataset_expressions', 'dataset_produces_2', 'dataset_consumes_1_and_2', 'dataset_consumes_unknown_never_scheduled', 'dataset_consumes_1', 'dataset_consumes_1_never_scheduled', 'dataset_produces_1', 'conditional_dataset_and_time_based_timetable', 'consume_1_or_2_with_dataset_expressions' retrieved from /home/airflow/.local/lib/python3.12/site-packages/airflow/example_dags/example_datasets.py
[2025-09-29T16:48:09.373+0000] {logging_mixin.py:188} INFO - [2025-09-29T16:48:09.373+0000] {dag.py:3089} INFO - Sync 10 DAGs
[2025-09-29T16:48:09.570+0000] {logging_mixin.py:188} INFO - [2025-09-29T16:48:09.569+0000] {dag.py:3947} INFO - Setting next_dagrun for conditional_dataset_and_time_based_timetable to 2025-09-24 01:00:00+00:00, run_after=2025-09-24 01:00:00+00:00
[2025-09-29T16:48:09.579+0000] {logging_mixin.py:188} INFO - [2025-09-29T16:48:09.579+0000] {dag.py:3947} INFO - Setting next_dagrun for consume_1_and_2_with_dataset_expressions to None, run_after=None
[2025-09-29T16:48:09.583+0000] {logging_mixin.py:188} INFO - [2025-09-29T16:48:09.583+0000] {dag.py:3947} INFO - Setting next_dagrun for consume_1_or_2_with_dataset_expressions to None, run_after=None
[2025-09-29T16:48:09.586+0000] {logging_mixin.py:188} INFO - [2025-09-29T16:48:09.586+0000] {dag.py:3947} INFO - Setting next_dagrun for consume_1_or_both_2_and_3_with_dataset_expressions to None, run_after=None
[2025-09-29T16:48:09.590+0000] {logging_mixin.py:188} INFO - [2025-09-29T16:48:09.589+0000] {dag.py:3947} INFO - Setting next_dagrun for dataset_consumes_1 to None, run_after=None
[2025-09-29T16:48:09.594+0000] {logging_mixin.py:188} INFO - [2025-09-29T16:48:09.593+0000] {dag.py:3947} INFO - Setting next_dagrun for dataset_consumes_1_and_2 to None, run_after=None
[2025-09-29T16:48:09.597+0000] {logging_mixin.py:188} INFO - [2025-09-29T16:48:09.596+0000] {dag.py:3947} INFO - Setting next_dagrun for dataset_consumes_1_never_scheduled to None, run_after=None
[2025-09-29T16:48:09.600+0000] {logging_mixin.py:188} INFO - [2025-09-29T16:48:09.600+0000] {dag.py:3947} INFO - Setting next_dagrun for dataset_consumes_unknown_never_scheduled to None, run_after=None
[2025-09-29T16:48:09.606+0000] {logging_mixin.py:188} INFO - [2025-09-29T16:48:09.606+0000] {dag.py:3947} INFO - Setting next_dagrun for dataset_produces_1 to 2025-09-28 00:00:00+00:00, run_after=2025-09-29 00:00:00+00:00
[2025-09-29T16:48:09.610+0000] {logging_mixin.py:188} INFO - [2025-09-29T16:48:09.609+0000] {dag.py:3947} INFO - Setting next_dagrun for dataset_produces_2 to None, run_after=None
[2025-09-29T16:48:09.785+0000] {processor.py:183} INFO - Processing /home/airflow/.local/lib/python3.12/site-packages/airflow/example_dags/example_datasets.py took 1.115 seconds
[2025-09-29T16:48:40.665+0000] {processor.py:161} INFO - Started process (PID=848) to work on /home/airflow/.local/lib/python3.12/site-packages/airflow/example_dags/example_datasets.py
[2025-09-29T16:48:40.667+0000] {processor.py:830} INFO - Processing file /home/airflow/.local/lib/python3.12/site-packages/airflow/example_dags/example_datasets.py for tasks to queue
[2025-09-29T16:48:40.673+0000] {logging_mixin.py:188} INFO - [2025-09-29T16:48:40.672+0000] {dagbag.py:545} INFO - Filling up the DagBag from /home/airflow/.local/lib/python3.12/site-packages/airflow/example_dags/example_datasets.py
[2025-09-29T16:48:40.715+0000] {processor.py:840} INFO - DAG(s) 'conditional_dataset_and_time_based_timetable', 'consume_1_and_2_with_dataset_expressions', 'consume_1_or_2_with_dataset_expressions', 'dataset_consumes_1', 'consume_1_or_both_2_and_3_with_dataset_expressions', 'dataset_produces_1', 'dataset_produces_2', 'dataset_consumes_1_never_scheduled', 'dataset_consumes_unknown_never_scheduled', 'dataset_consumes_1_and_2' retrieved from /home/airflow/.local/lib/python3.12/site-packages/airflow/example_dags/example_datasets.py
[2025-09-29T16:48:40.838+0000] {logging_mixin.py:188} INFO - [2025-09-29T16:48:40.838+0000] {dag.py:3089} INFO - Sync 10 DAGs
[2025-09-29T16:48:40.904+0000] {logging_mixin.py:188} INFO - [2025-09-29T16:48:40.903+0000] {dag.py:3947} INFO - Setting next_dagrun for conditional_dataset_and_time_based_timetable to 2025-09-24 01:00:00+00:00, run_after=2025-09-24 01:00:00+00:00
[2025-09-29T16:48:40.913+0000] {logging_mixin.py:188} INFO - [2025-09-29T16:48:40.912+0000] {dag.py:3947} INFO - Setting next_dagrun for consume_1_and_2_with_dataset_expressions to None, run_after=None
[2025-09-29T16:48:40.916+0000] {logging_mixin.py:188} INFO - [2025-09-29T16:48:40.916+0000] {dag.py:3947} INFO - Setting next_dagrun for consume_1_or_2_with_dataset_expressions to None, run_after=None
[2025-09-29T16:48:40.920+0000] {logging_mixin.py:188} INFO - [2025-09-29T16:48:40.919+0000] {dag.py:3947} INFO - Setting next_dagrun for consume_1_or_both_2_and_3_with_dataset_expressions to None, run_after=None
[2025-09-29T16:48:40.923+0000] {logging_mixin.py:188} INFO - [2025-09-29T16:48:40.923+0000] {dag.py:3947} INFO - Setting next_dagrun for dataset_consumes_1 to None, run_after=None
[2025-09-29T16:48:40.926+0000] {logging_mixin.py:188} INFO - [2025-09-29T16:48:40.926+0000] {dag.py:3947} INFO - Setting next_dagrun for dataset_consumes_1_and_2 to None, run_after=None
[2025-09-29T16:48:40.930+0000] {logging_mixin.py:188} INFO - [2025-09-29T16:48:40.929+0000] {dag.py:3947} INFO - Setting next_dagrun for dataset_consumes_1_never_scheduled to None, run_after=None
[2025-09-29T16:48:40.933+0000] {logging_mixin.py:188} INFO - [2025-09-29T16:48:40.932+0000] {dag.py:3947} INFO - Setting next_dagrun for dataset_consumes_unknown_never_scheduled to None, run_after=None
[2025-09-29T16:48:40.939+0000] {logging_mixin.py:188} INFO - [2025-09-29T16:48:40.939+0000] {dag.py:3947} INFO - Setting next_dagrun for dataset_produces_1 to 2025-09-28 00:00:00+00:00, run_after=2025-09-29 00:00:00+00:00
[2025-09-29T16:48:40.942+0000] {logging_mixin.py:188} INFO - [2025-09-29T16:48:40.942+0000] {dag.py:3947} INFO - Setting next_dagrun for dataset_produces_2 to None, run_after=None
[2025-09-29T16:48:41.037+0000] {processor.py:183} INFO - Processing /home/airflow/.local/lib/python3.12/site-packages/airflow/example_dags/example_datasets.py took 0.390 seconds
[2025-09-29T16:55:35.734+0000] {processor.py:161} INFO - Started process (PID=317) to work on /home/airflow/.local/lib/python3.12/site-packages/airflow/example_dags/example_datasets.py
[2025-09-29T16:55:35.737+0000] {processor.py:830} INFO - Processing file /home/airflow/.local/lib/python3.12/site-packages/airflow/example_dags/example_datasets.py for tasks to queue
[2025-09-29T16:55:35.742+0000] {logging_mixin.py:188} INFO - [2025-09-29T16:55:35.741+0000] {dagbag.py:545} INFO - Filling up the DagBag from /home/airflow/.local/lib/python3.12/site-packages/airflow/example_dags/example_datasets.py
[2025-09-29T16:55:35.778+0000] {processor.py:840} INFO - DAG(s) 'dataset_consumes_1_and_2', 'dataset_consumes_1_never_scheduled', 'dataset_produces_1', 'dataset_consumes_unknown_never_scheduled', 'dataset_produces_2', 'dataset_consumes_1', 'consume_1_or_both_2_and_3_with_dataset_expressions', 'consume_1_or_2_with_dataset_expressions', 'conditional_dataset_and_time_based_timetable', 'consume_1_and_2_with_dataset_expressions' retrieved from /home/airflow/.local/lib/python3.12/site-packages/airflow/example_dags/example_datasets.py
[2025-09-29T16:55:35.832+0000] {logging_mixin.py:188} INFO - [2025-09-29T16:55:35.831+0000] {dag.py:3089} INFO - Sync 10 DAGs
[2025-09-29T16:55:35.902+0000] {logging_mixin.py:188} INFO - [2025-09-29T16:55:35.901+0000] {dag.py:3947} INFO - Setting next_dagrun for conditional_dataset_and_time_based_timetable to 2025-09-24 01:00:00+00:00, run_after=2025-09-24 01:00:00+00:00
[2025-09-29T16:55:35.911+0000] {logging_mixin.py:188} INFO - [2025-09-29T16:55:35.910+0000] {dag.py:3947} INFO - Setting next_dagrun for consume_1_and_2_with_dataset_expressions to None, run_after=None
[2025-09-29T16:55:35.914+0000] {logging_mixin.py:188} INFO - [2025-09-29T16:55:35.914+0000] {dag.py:3947} INFO - Setting next_dagrun for consume_1_or_2_with_dataset_expressions to None, run_after=None
[2025-09-29T16:55:35.917+0000] {logging_mixin.py:188} INFO - [2025-09-29T16:55:35.917+0000] {dag.py:3947} INFO - Setting next_dagrun for consume_1_or_both_2_and_3_with_dataset_expressions to None, run_after=None
[2025-09-29T16:55:35.920+0000] {logging_mixin.py:188} INFO - [2025-09-29T16:55:35.920+0000] {dag.py:3947} INFO - Setting next_dagrun for dataset_consumes_1 to None, run_after=None
[2025-09-29T16:55:35.923+0000] {logging_mixin.py:188} INFO - [2025-09-29T16:55:35.923+0000] {dag.py:3947} INFO - Setting next_dagrun for dataset_consumes_1_and_2 to None, run_after=None
[2025-09-29T16:55:35.927+0000] {logging_mixin.py:188} INFO - [2025-09-29T16:55:35.926+0000] {dag.py:3947} INFO - Setting next_dagrun for dataset_consumes_1_never_scheduled to None, run_after=None
[2025-09-29T16:55:35.930+0000] {logging_mixin.py:188} INFO - [2025-09-29T16:55:35.929+0000] {dag.py:3947} INFO - Setting next_dagrun for dataset_consumes_unknown_never_scheduled to None, run_after=None
[2025-09-29T16:55:35.935+0000] {logging_mixin.py:188} INFO - [2025-09-29T16:55:35.935+0000] {dag.py:3947} INFO - Setting next_dagrun for dataset_produces_1 to 2025-09-28 00:00:00+00:00, run_after=2025-09-29 00:00:00+00:00
[2025-09-29T16:55:35.938+0000] {logging_mixin.py:188} INFO - [2025-09-29T16:55:35.937+0000] {dag.py:3947} INFO - Setting next_dagrun for dataset_produces_2 to None, run_after=None
[2025-09-29T16:55:36.031+0000] {processor.py:183} INFO - Processing /home/airflow/.local/lib/python3.12/site-packages/airflow/example_dags/example_datasets.py took 0.311 seconds
[2025-09-29T16:56:12.696+0000] {processor.py:161} INFO - Started process (PID=590) to work on /home/airflow/.local/lib/python3.12/site-packages/airflow/example_dags/example_datasets.py
[2025-09-29T16:56:12.701+0000] {processor.py:830} INFO - Processing file /home/airflow/.local/lib/python3.12/site-packages/airflow/example_dags/example_datasets.py for tasks to queue
[2025-09-29T16:56:12.708+0000] {logging_mixin.py:188} INFO - [2025-09-29T16:56:12.707+0000] {dagbag.py:545} INFO - Filling up the DagBag from /home/airflow/.local/lib/python3.12/site-packages/airflow/example_dags/example_datasets.py
[2025-09-29T16:56:12.789+0000] {processor.py:840} INFO - DAG(s) 'consume_1_or_both_2_and_3_with_dataset_expressions', 'dataset_consumes_1', 'dataset_produces_1', 'dataset_consumes_1_and_2', 'consume_1_or_2_with_dataset_expressions', 'dataset_produces_2', 'dataset_consumes_unknown_never_scheduled', 'conditional_dataset_and_time_based_timetable', 'consume_1_and_2_with_dataset_expressions', 'dataset_consumes_1_never_scheduled' retrieved from /home/airflow/.local/lib/python3.12/site-packages/airflow/example_dags/example_datasets.py
[2025-09-29T16:56:13.841+0000] {logging_mixin.py:188} INFO - [2025-09-29T16:56:13.839+0000] {dag.py:3089} INFO - Sync 10 DAGs
[2025-09-29T16:56:14.003+0000] {logging_mixin.py:188} INFO - [2025-09-29T16:56:14.002+0000] {dag.py:3947} INFO - Setting next_dagrun for conditional_dataset_and_time_based_timetable to 2025-09-24 01:00:00+00:00, run_after=2025-09-24 01:00:00+00:00
[2025-09-29T16:56:14.013+0000] {logging_mixin.py:188} INFO - [2025-09-29T16:56:14.013+0000] {dag.py:3947} INFO - Setting next_dagrun for consume_1_and_2_with_dataset_expressions to None, run_after=None
[2025-09-29T16:56:14.018+0000] {logging_mixin.py:188} INFO - [2025-09-29T16:56:14.017+0000] {dag.py:3947} INFO - Setting next_dagrun for consume_1_or_2_with_dataset_expressions to None, run_after=None
[2025-09-29T16:56:14.032+0000] {logging_mixin.py:188} INFO - [2025-09-29T16:56:14.032+0000] {dag.py:3947} INFO - Setting next_dagrun for consume_1_or_both_2_and_3_with_dataset_expressions to None, run_after=None
[2025-09-29T16:56:14.037+0000] {logging_mixin.py:188} INFO - [2025-09-29T16:56:14.036+0000] {dag.py:3947} INFO - Setting next_dagrun for dataset_consumes_1 to None, run_after=None
[2025-09-29T16:56:14.042+0000] {logging_mixin.py:188} INFO - [2025-09-29T16:56:14.040+0000] {dag.py:3947} INFO - Setting next_dagrun for dataset_consumes_1_and_2 to None, run_after=None
[2025-09-29T16:56:14.049+0000] {logging_mixin.py:188} INFO - [2025-09-29T16:56:14.047+0000] {dag.py:3947} INFO - Setting next_dagrun for dataset_consumes_1_never_scheduled to None, run_after=None
[2025-09-29T16:56:14.054+0000] {logging_mixin.py:188} INFO - [2025-09-29T16:56:14.053+0000] {dag.py:3947} INFO - Setting next_dagrun for dataset_consumes_unknown_never_scheduled to None, run_after=None
[2025-09-29T16:56:14.062+0000] {logging_mixin.py:188} INFO - [2025-09-29T16:56:14.061+0000] {dag.py:3947} INFO - Setting next_dagrun for dataset_produces_1 to 2025-09-28 00:00:00+00:00, run_after=2025-09-29 00:00:00+00:00
[2025-09-29T16:56:14.067+0000] {logging_mixin.py:188} INFO - [2025-09-29T16:56:14.066+0000] {dag.py:3947} INFO - Setting next_dagrun for dataset_produces_2 to None, run_after=None
[2025-09-29T16:56:14.238+0000] {processor.py:183} INFO - Processing /home/airflow/.local/lib/python3.12/site-packages/airflow/example_dags/example_datasets.py took 1.578 seconds
[2025-09-29T16:56:45.383+0000] {processor.py:161} INFO - Started process (PID=865) to work on /home/airflow/.local/lib/python3.12/site-packages/airflow/example_dags/example_datasets.py
[2025-09-29T16:56:45.387+0000] {processor.py:830} INFO - Processing file /home/airflow/.local/lib/python3.12/site-packages/airflow/example_dags/example_datasets.py for tasks to queue
[2025-09-29T16:56:45.391+0000] {logging_mixin.py:188} INFO - [2025-09-29T16:56:45.391+0000] {dagbag.py:545} INFO - Filling up the DagBag from /home/airflow/.local/lib/python3.12/site-packages/airflow/example_dags/example_datasets.py
[2025-09-29T16:56:45.440+0000] {processor.py:840} INFO - DAG(s) 'consume_1_or_both_2_and_3_with_dataset_expressions', 'dataset_produces_2', 'dataset_consumes_1', 'consume_1_and_2_with_dataset_expressions', 'dataset_consumes_1_never_scheduled', 'dataset_consumes_1_and_2', 'conditional_dataset_and_time_based_timetable', 'dataset_consumes_unknown_never_scheduled', 'consume_1_or_2_with_dataset_expressions', 'dataset_produces_1' retrieved from /home/airflow/.local/lib/python3.12/site-packages/airflow/example_dags/example_datasets.py
[2025-09-29T16:56:45.584+0000] {logging_mixin.py:188} INFO - [2025-09-29T16:56:45.584+0000] {dag.py:3089} INFO - Sync 10 DAGs
[2025-09-29T16:56:45.657+0000] {logging_mixin.py:188} INFO - [2025-09-29T16:56:45.656+0000] {dag.py:3947} INFO - Setting next_dagrun for conditional_dataset_and_time_based_timetable to 2025-09-24 01:00:00+00:00, run_after=2025-09-24 01:00:00+00:00
[2025-09-29T16:56:45.665+0000] {logging_mixin.py:188} INFO - [2025-09-29T16:56:45.665+0000] {dag.py:3947} INFO - Setting next_dagrun for consume_1_and_2_with_dataset_expressions to None, run_after=None
[2025-09-29T16:56:45.669+0000] {logging_mixin.py:188} INFO - [2025-09-29T16:56:45.668+0000] {dag.py:3947} INFO - Setting next_dagrun for consume_1_or_2_with_dataset_expressions to None, run_after=None
[2025-09-29T16:56:45.671+0000] {logging_mixin.py:188} INFO - [2025-09-29T16:56:45.671+0000] {dag.py:3947} INFO - Setting next_dagrun for consume_1_or_both_2_and_3_with_dataset_expressions to None, run_after=None
[2025-09-29T16:56:45.674+0000] {logging_mixin.py:188} INFO - [2025-09-29T16:56:45.674+0000] {dag.py:3947} INFO - Setting next_dagrun for dataset_consumes_1 to None, run_after=None
[2025-09-29T16:56:45.677+0000] {logging_mixin.py:188} INFO - [2025-09-29T16:56:45.677+0000] {dag.py:3947} INFO - Setting next_dagrun for dataset_consumes_1_and_2 to None, run_after=None
[2025-09-29T16:56:45.680+0000] {logging_mixin.py:188} INFO - [2025-09-29T16:56:45.680+0000] {dag.py:3947} INFO - Setting next_dagrun for dataset_consumes_1_never_scheduled to None, run_after=None
[2025-09-29T16:56:45.683+0000] {logging_mixin.py:188} INFO - [2025-09-29T16:56:45.683+0000] {dag.py:3947} INFO - Setting next_dagrun for dataset_consumes_unknown_never_scheduled to None, run_after=None
[2025-09-29T16:56:45.689+0000] {logging_mixin.py:188} INFO - [2025-09-29T16:56:45.688+0000] {dag.py:3947} INFO - Setting next_dagrun for dataset_produces_1 to 2025-09-28 00:00:00+00:00, run_after=2025-09-29 00:00:00+00:00
[2025-09-29T16:56:45.692+0000] {logging_mixin.py:188} INFO - [2025-09-29T16:56:45.692+0000] {dag.py:3947} INFO - Setting next_dagrun for dataset_produces_2 to None, run_after=None
[2025-09-29T16:56:45.787+0000] {processor.py:183} INFO - Processing /home/airflow/.local/lib/python3.12/site-packages/airflow/example_dags/example_datasets.py took 0.424 seconds
[2025-09-29T16:57:17.982+0000] {processor.py:161} INFO - Started process (PID=1131) to work on /home/airflow/.local/lib/python3.12/site-packages/airflow/example_dags/example_datasets.py
[2025-09-29T16:57:17.985+0000] {processor.py:830} INFO - Processing file /home/airflow/.local/lib/python3.12/site-packages/airflow/example_dags/example_datasets.py for tasks to queue
[2025-09-29T16:57:17.991+0000] {logging_mixin.py:188} INFO - [2025-09-29T16:57:17.989+0000] {dagbag.py:545} INFO - Filling up the DagBag from /home/airflow/.local/lib/python3.12/site-packages/airflow/example_dags/example_datasets.py
[2025-09-29T16:57:18.069+0000] {processor.py:840} INFO - DAG(s) 'dataset_produces_2', 'dataset_consumes_1_never_scheduled', 'consume_1_or_2_with_dataset_expressions', 'consume_1_or_both_2_and_3_with_dataset_expressions', 'dataset_produces_1', 'consume_1_and_2_with_dataset_expressions', 'dataset_consumes_1_and_2', 'dataset_consumes_unknown_never_scheduled', 'dataset_consumes_1', 'conditional_dataset_and_time_based_timetable' retrieved from /home/airflow/.local/lib/python3.12/site-packages/airflow/example_dags/example_datasets.py
[2025-09-29T16:57:18.289+0000] {logging_mixin.py:188} INFO - [2025-09-29T16:57:18.288+0000] {dag.py:3089} INFO - Sync 10 DAGs
[2025-09-29T16:57:18.393+0000] {logging_mixin.py:188} INFO - [2025-09-29T16:57:18.392+0000] {dag.py:3947} INFO - Setting next_dagrun for conditional_dataset_and_time_based_timetable to 2025-09-24 01:00:00+00:00, run_after=2025-09-24 01:00:00+00:00
[2025-09-29T16:57:18.404+0000] {logging_mixin.py:188} INFO - [2025-09-29T16:57:18.404+0000] {dag.py:3947} INFO - Setting next_dagrun for consume_1_and_2_with_dataset_expressions to None, run_after=None
[2025-09-29T16:57:18.409+0000] {logging_mixin.py:188} INFO - [2025-09-29T16:57:18.408+0000] {dag.py:3947} INFO - Setting next_dagrun for consume_1_or_2_with_dataset_expressions to None, run_after=None
[2025-09-29T16:57:18.413+0000] {logging_mixin.py:188} INFO - [2025-09-29T16:57:18.412+0000] {dag.py:3947} INFO - Setting next_dagrun for consume_1_or_both_2_and_3_with_dataset_expressions to None, run_after=None
[2025-09-29T16:57:18.417+0000] {logging_mixin.py:188} INFO - [2025-09-29T16:57:18.416+0000] {dag.py:3947} INFO - Setting next_dagrun for dataset_consumes_1 to None, run_after=None
[2025-09-29T16:57:18.421+0000] {logging_mixin.py:188} INFO - [2025-09-29T16:57:18.421+0000] {dag.py:3947} INFO - Setting next_dagrun for dataset_consumes_1_and_2 to None, run_after=None
[2025-09-29T16:57:18.425+0000] {logging_mixin.py:188} INFO - [2025-09-29T16:57:18.425+0000] {dag.py:3947} INFO - Setting next_dagrun for dataset_consumes_1_never_scheduled to None, run_after=None
[2025-09-29T16:57:18.430+0000] {logging_mixin.py:188} INFO - [2025-09-29T16:57:18.429+0000] {dag.py:3947} INFO - Setting next_dagrun for dataset_consumes_unknown_never_scheduled to None, run_after=None
[2025-09-29T16:57:18.439+0000] {logging_mixin.py:188} INFO - [2025-09-29T16:57:18.439+0000] {dag.py:3947} INFO - Setting next_dagrun for dataset_produces_1 to 2025-09-28 00:00:00+00:00, run_after=2025-09-29 00:00:00+00:00
[2025-09-29T16:57:18.443+0000] {logging_mixin.py:188} INFO - [2025-09-29T16:57:18.442+0000] {dag.py:3947} INFO - Setting next_dagrun for dataset_produces_2 to None, run_after=None
[2025-09-29T16:57:18.636+0000] {processor.py:183} INFO - Processing /home/airflow/.local/lib/python3.12/site-packages/airflow/example_dags/example_datasets.py took 0.674 seconds
[2025-09-29T16:57:49.655+0000] {processor.py:161} INFO - Started process (PID=1392) to work on /home/airflow/.local/lib/python3.12/site-packages/airflow/example_dags/example_datasets.py
[2025-09-29T16:57:49.659+0000] {processor.py:830} INFO - Processing file /home/airflow/.local/lib/python3.12/site-packages/airflow/example_dags/example_datasets.py for tasks to queue
[2025-09-29T16:57:49.665+0000] {logging_mixin.py:188} INFO - [2025-09-29T16:57:49.664+0000] {dagbag.py:545} INFO - Filling up the DagBag from /home/airflow/.local/lib/python3.12/site-packages/airflow/example_dags/example_datasets.py
[2025-09-29T16:57:49.724+0000] {processor.py:840} INFO - DAG(s) 'consume_1_or_both_2_and_3_with_dataset_expressions', 'conditional_dataset_and_time_based_timetable', 'dataset_produces_2', 'dataset_consumes_1_and_2', 'consume_1_and_2_with_dataset_expressions', 'dataset_produces_1', 'consume_1_or_2_with_dataset_expressions', 'dataset_consumes_1_never_scheduled', 'dataset_consumes_1', 'dataset_consumes_unknown_never_scheduled' retrieved from /home/airflow/.local/lib/python3.12/site-packages/airflow/example_dags/example_datasets.py
[2025-09-29T16:57:49.945+0000] {logging_mixin.py:188} INFO - [2025-09-29T16:57:49.944+0000] {dag.py:3089} INFO - Sync 10 DAGs
[2025-09-29T16:57:50.042+0000] {logging_mixin.py:188} INFO - [2025-09-29T16:57:50.042+0000] {dag.py:3947} INFO - Setting next_dagrun for conditional_dataset_and_time_based_timetable to 2025-09-24 01:00:00+00:00, run_after=2025-09-24 01:00:00+00:00
[2025-09-29T16:57:50.053+0000] {logging_mixin.py:188} INFO - [2025-09-29T16:57:50.052+0000] {dag.py:3947} INFO - Setting next_dagrun for consume_1_and_2_with_dataset_expressions to None, run_after=None
[2025-09-29T16:57:50.058+0000] {logging_mixin.py:188} INFO - [2025-09-29T16:57:50.057+0000] {dag.py:3947} INFO - Setting next_dagrun for consume_1_or_2_with_dataset_expressions to None, run_after=None
[2025-09-29T16:57:50.064+0000] {logging_mixin.py:188} INFO - [2025-09-29T16:57:50.063+0000] {dag.py:3947} INFO - Setting next_dagrun for consume_1_or_both_2_and_3_with_dataset_expressions to None, run_after=None
[2025-09-29T16:57:50.068+0000] {logging_mixin.py:188} INFO - [2025-09-29T16:57:50.067+0000] {dag.py:3947} INFO - Setting next_dagrun for dataset_consumes_1 to None, run_after=None
[2025-09-29T16:57:50.072+0000] {logging_mixin.py:188} INFO - [2025-09-29T16:57:50.071+0000] {dag.py:3947} INFO - Setting next_dagrun for dataset_consumes_1_and_2 to None, run_after=None
[2025-09-29T16:57:50.075+0000] {logging_mixin.py:188} INFO - [2025-09-29T16:57:50.075+0000] {dag.py:3947} INFO - Setting next_dagrun for dataset_consumes_1_never_scheduled to None, run_after=None
[2025-09-29T16:57:50.083+0000] {logging_mixin.py:188} INFO - [2025-09-29T16:57:50.082+0000] {dag.py:3947} INFO - Setting next_dagrun for dataset_consumes_unknown_never_scheduled to None, run_after=None
[2025-09-29T16:57:50.091+0000] {logging_mixin.py:188} INFO - [2025-09-29T16:57:50.091+0000] {dag.py:3947} INFO - Setting next_dagrun for dataset_produces_1 to 2025-09-28 00:00:00+00:00, run_after=2025-09-29 00:00:00+00:00
[2025-09-29T16:57:50.095+0000] {logging_mixin.py:188} INFO - [2025-09-29T16:57:50.094+0000] {dag.py:3947} INFO - Setting next_dagrun for dataset_produces_2 to None, run_after=None
[2025-09-29T16:57:50.208+0000] {processor.py:183} INFO - Processing /home/airflow/.local/lib/python3.12/site-packages/airflow/example_dags/example_datasets.py took 0.573 seconds
[2025-09-29T16:58:21.095+0000] {processor.py:161} INFO - Started process (PID=1654) to work on /home/airflow/.local/lib/python3.12/site-packages/airflow/example_dags/example_datasets.py
[2025-09-29T16:58:21.098+0000] {processor.py:830} INFO - Processing file /home/airflow/.local/lib/python3.12/site-packages/airflow/example_dags/example_datasets.py for tasks to queue
[2025-09-29T16:58:21.103+0000] {logging_mixin.py:188} INFO - [2025-09-29T16:58:21.102+0000] {dagbag.py:545} INFO - Filling up the DagBag from /home/airflow/.local/lib/python3.12/site-packages/airflow/example_dags/example_datasets.py
[2025-09-29T16:58:21.139+0000] {processor.py:840} INFO - DAG(s) 'consume_1_and_2_with_dataset_expressions', 'consume_1_or_2_with_dataset_expressions', 'consume_1_or_both_2_and_3_with_dataset_expressions', 'dataset_consumes_1_never_scheduled', 'dataset_consumes_1_and_2', 'conditional_dataset_and_time_based_timetable', 'dataset_consumes_1', 'dataset_consumes_unknown_never_scheduled', 'dataset_produces_1', 'dataset_produces_2' retrieved from /home/airflow/.local/lib/python3.12/site-packages/airflow/example_dags/example_datasets.py
[2025-09-29T16:58:21.272+0000] {logging_mixin.py:188} INFO - [2025-09-29T16:58:21.272+0000] {dag.py:3089} INFO - Sync 10 DAGs
[2025-09-29T16:58:21.334+0000] {logging_mixin.py:188} INFO - [2025-09-29T16:58:21.334+0000] {dag.py:3947} INFO - Setting next_dagrun for conditional_dataset_and_time_based_timetable to 2025-09-24 01:00:00+00:00, run_after=2025-09-24 01:00:00+00:00
[2025-09-29T16:58:21.343+0000] {logging_mixin.py:188} INFO - [2025-09-29T16:58:21.343+0000] {dag.py:3947} INFO - Setting next_dagrun for consume_1_and_2_with_dataset_expressions to None, run_after=None
[2025-09-29T16:58:21.347+0000] {logging_mixin.py:188} INFO - [2025-09-29T16:58:21.346+0000] {dag.py:3947} INFO - Setting next_dagrun for consume_1_or_2_with_dataset_expressions to None, run_after=None
[2025-09-29T16:58:21.350+0000] {logging_mixin.py:188} INFO - [2025-09-29T16:58:21.350+0000] {dag.py:3947} INFO - Setting next_dagrun for consume_1_or_both_2_and_3_with_dataset_expressions to None, run_after=None
[2025-09-29T16:58:21.354+0000] {logging_mixin.py:188} INFO - [2025-09-29T16:58:21.354+0000] {dag.py:3947} INFO - Setting next_dagrun for dataset_consumes_1 to None, run_after=None
[2025-09-29T16:58:21.358+0000] {logging_mixin.py:188} INFO - [2025-09-29T16:58:21.357+0000] {dag.py:3947} INFO - Setting next_dagrun for dataset_consumes_1_and_2 to None, run_after=None
[2025-09-29T16:58:21.361+0000] {logging_mixin.py:188} INFO - [2025-09-29T16:58:21.361+0000] {dag.py:3947} INFO - Setting next_dagrun for dataset_consumes_1_never_scheduled to None, run_after=None
[2025-09-29T16:58:21.365+0000] {logging_mixin.py:188} INFO - [2025-09-29T16:58:21.365+0000] {dag.py:3947} INFO - Setting next_dagrun for dataset_consumes_unknown_never_scheduled to None, run_after=None
[2025-09-29T16:58:21.371+0000] {logging_mixin.py:188} INFO - [2025-09-29T16:58:21.371+0000] {dag.py:3947} INFO - Setting next_dagrun for dataset_produces_1 to 2025-09-28 00:00:00+00:00, run_after=2025-09-29 00:00:00+00:00
[2025-09-29T16:58:21.375+0000] {logging_mixin.py:188} INFO - [2025-09-29T16:58:21.374+0000] {dag.py:3947} INFO - Setting next_dagrun for dataset_produces_2 to None, run_after=None
[2025-09-29T16:58:21.481+0000] {processor.py:183} INFO - Processing /home/airflow/.local/lib/python3.12/site-packages/airflow/example_dags/example_datasets.py took 0.402 seconds
[2025-09-29T16:58:51.679+0000] {processor.py:161} INFO - Started process (PID=1916) to work on /home/airflow/.local/lib/python3.12/site-packages/airflow/example_dags/example_datasets.py
[2025-09-29T16:58:51.681+0000] {processor.py:830} INFO - Processing file /home/airflow/.local/lib/python3.12/site-packages/airflow/example_dags/example_datasets.py for tasks to queue
[2025-09-29T16:58:51.686+0000] {logging_mixin.py:188} INFO - [2025-09-29T16:58:51.685+0000] {dagbag.py:545} INFO - Filling up the DagBag from /home/airflow/.local/lib/python3.12/site-packages/airflow/example_dags/example_datasets.py
[2025-09-29T16:58:51.719+0000] {processor.py:840} INFO - DAG(s) 'dataset_produces_1', 'dataset_consumes_1', 'dataset_consumes_1_never_scheduled', 'dataset_consumes_1_and_2', 'dataset_produces_2', 'conditional_dataset_and_time_based_timetable', 'consume_1_and_2_with_dataset_expressions', 'consume_1_or_both_2_and_3_with_dataset_expressions', 'dataset_consumes_unknown_never_scheduled', 'consume_1_or_2_with_dataset_expressions' retrieved from /home/airflow/.local/lib/python3.12/site-packages/airflow/example_dags/example_datasets.py
[2025-09-29T16:58:51.841+0000] {logging_mixin.py:188} INFO - [2025-09-29T16:58:51.841+0000] {dag.py:3089} INFO - Sync 10 DAGs
[2025-09-29T16:58:51.897+0000] {logging_mixin.py:188} INFO - [2025-09-29T16:58:51.897+0000] {dag.py:3947} INFO - Setting next_dagrun for conditional_dataset_and_time_based_timetable to 2025-09-24 01:00:00+00:00, run_after=2025-09-24 01:00:00+00:00
[2025-09-29T16:58:51.905+0000] {logging_mixin.py:188} INFO - [2025-09-29T16:58:51.904+0000] {dag.py:3947} INFO - Setting next_dagrun for consume_1_and_2_with_dataset_expressions to None, run_after=None
[2025-09-29T16:58:51.908+0000] {logging_mixin.py:188} INFO - [2025-09-29T16:58:51.907+0000] {dag.py:3947} INFO - Setting next_dagrun for consume_1_or_2_with_dataset_expressions to None, run_after=None
[2025-09-29T16:58:51.911+0000] {logging_mixin.py:188} INFO - [2025-09-29T16:58:51.910+0000] {dag.py:3947} INFO - Setting next_dagrun for consume_1_or_both_2_and_3_with_dataset_expressions to None, run_after=None
[2025-09-29T16:58:51.913+0000] {logging_mixin.py:188} INFO - [2025-09-29T16:58:51.913+0000] {dag.py:3947} INFO - Setting next_dagrun for dataset_consumes_1 to None, run_after=None
[2025-09-29T16:58:51.916+0000] {logging_mixin.py:188} INFO - [2025-09-29T16:58:51.916+0000] {dag.py:3947} INFO - Setting next_dagrun for dataset_consumes_1_and_2 to None, run_after=None
[2025-09-29T16:58:51.919+0000] {logging_mixin.py:188} INFO - [2025-09-29T16:58:51.919+0000] {dag.py:3947} INFO - Setting next_dagrun for dataset_consumes_1_never_scheduled to None, run_after=None
[2025-09-29T16:58:51.922+0000] {logging_mixin.py:188} INFO - [2025-09-29T16:58:51.922+0000] {dag.py:3947} INFO - Setting next_dagrun for dataset_consumes_unknown_never_scheduled to None, run_after=None
[2025-09-29T16:58:51.928+0000] {logging_mixin.py:188} INFO - [2025-09-29T16:58:51.927+0000] {dag.py:3947} INFO - Setting next_dagrun for dataset_produces_1 to 2025-09-28 00:00:00+00:00, run_after=2025-09-29 00:00:00+00:00
[2025-09-29T16:58:51.931+0000] {logging_mixin.py:188} INFO - [2025-09-29T16:58:51.930+0000] {dag.py:3947} INFO - Setting next_dagrun for dataset_produces_2 to None, run_after=None
[2025-09-29T16:58:52.012+0000] {processor.py:183} INFO - Processing /home/airflow/.local/lib/python3.12/site-packages/airflow/example_dags/example_datasets.py took 0.349 seconds
[2025-09-29T16:59:21.895+0000] {processor.py:161} INFO - Started process (PID=2183) to work on /home/airflow/.local/lib/python3.12/site-packages/airflow/example_dags/example_datasets.py
[2025-09-29T16:59:21.898+0000] {processor.py:830} INFO - Processing file /home/airflow/.local/lib/python3.12/site-packages/airflow/example_dags/example_datasets.py for tasks to queue
[2025-09-29T16:59:21.903+0000] {logging_mixin.py:188} INFO - [2025-09-29T16:59:21.902+0000] {dagbag.py:545} INFO - Filling up the DagBag from /home/airflow/.local/lib/python3.12/site-packages/airflow/example_dags/example_datasets.py
[2025-09-29T16:59:21.934+0000] {processor.py:840} INFO - DAG(s) 'dataset_consumes_1', 'dataset_consumes_1_never_scheduled', 'dataset_produces_1', 'dataset_consumes_unknown_never_scheduled', 'conditional_dataset_and_time_based_timetable', 'consume_1_and_2_with_dataset_expressions', 'consume_1_or_2_with_dataset_expressions', 'consume_1_or_both_2_and_3_with_dataset_expressions', 'dataset_consumes_1_and_2', 'dataset_produces_2' retrieved from /home/airflow/.local/lib/python3.12/site-packages/airflow/example_dags/example_datasets.py
[2025-09-29T16:59:22.053+0000] {logging_mixin.py:188} INFO - [2025-09-29T16:59:22.053+0000] {dag.py:3089} INFO - Sync 10 DAGs
[2025-09-29T16:59:22.111+0000] {logging_mixin.py:188} INFO - [2025-09-29T16:59:22.111+0000] {dag.py:3947} INFO - Setting next_dagrun for conditional_dataset_and_time_based_timetable to 2025-09-24 01:00:00+00:00, run_after=2025-09-24 01:00:00+00:00
[2025-09-29T16:59:22.119+0000] {logging_mixin.py:188} INFO - [2025-09-29T16:59:22.118+0000] {dag.py:3947} INFO - Setting next_dagrun for consume_1_and_2_with_dataset_expressions to None, run_after=None
[2025-09-29T16:59:22.122+0000] {logging_mixin.py:188} INFO - [2025-09-29T16:59:22.121+0000] {dag.py:3947} INFO - Setting next_dagrun for consume_1_or_2_with_dataset_expressions to None, run_after=None
[2025-09-29T16:59:22.125+0000] {logging_mixin.py:188} INFO - [2025-09-29T16:59:22.125+0000] {dag.py:3947} INFO - Setting next_dagrun for consume_1_or_both_2_and_3_with_dataset_expressions to None, run_after=None
[2025-09-29T16:59:22.128+0000] {logging_mixin.py:188} INFO - [2025-09-29T16:59:22.128+0000] {dag.py:3947} INFO - Setting next_dagrun for dataset_consumes_1 to None, run_after=None
[2025-09-29T16:59:22.131+0000] {logging_mixin.py:188} INFO - [2025-09-29T16:59:22.131+0000] {dag.py:3947} INFO - Setting next_dagrun for dataset_consumes_1_and_2 to None, run_after=None
[2025-09-29T16:59:22.134+0000] {logging_mixin.py:188} INFO - [2025-09-29T16:59:22.133+0000] {dag.py:3947} INFO - Setting next_dagrun for dataset_consumes_1_never_scheduled to None, run_after=None
[2025-09-29T16:59:22.137+0000] {logging_mixin.py:188} INFO - [2025-09-29T16:59:22.136+0000] {dag.py:3947} INFO - Setting next_dagrun for dataset_consumes_unknown_never_scheduled to None, run_after=None
[2025-09-29T16:59:22.142+0000] {logging_mixin.py:188} INFO - [2025-09-29T16:59:22.142+0000] {dag.py:3947} INFO - Setting next_dagrun for dataset_produces_1 to 2025-09-28 00:00:00+00:00, run_after=2025-09-29 00:00:00+00:00
[2025-09-29T16:59:22.145+0000] {logging_mixin.py:188} INFO - [2025-09-29T16:59:22.145+0000] {dag.py:3947} INFO - Setting next_dagrun for dataset_produces_2 to None, run_after=None
[2025-09-29T16:59:22.230+0000] {processor.py:183} INFO - Processing /home/airflow/.local/lib/python3.12/site-packages/airflow/example_dags/example_datasets.py took 0.350 seconds
[2025-09-29T16:59:52.827+0000] {processor.py:161} INFO - Started process (PID=2445) to work on /home/airflow/.local/lib/python3.12/site-packages/airflow/example_dags/example_datasets.py
[2025-09-29T16:59:52.830+0000] {processor.py:830} INFO - Processing file /home/airflow/.local/lib/python3.12/site-packages/airflow/example_dags/example_datasets.py for tasks to queue
[2025-09-29T16:59:52.834+0000] {logging_mixin.py:188} INFO - [2025-09-29T16:59:52.834+0000] {dagbag.py:545} INFO - Filling up the DagBag from /home/airflow/.local/lib/python3.12/site-packages/airflow/example_dags/example_datasets.py
[2025-09-29T16:59:52.872+0000] {processor.py:840} INFO - DAG(s) 'consume_1_or_both_2_and_3_with_dataset_expressions', 'dataset_consumes_1_never_scheduled', 'dataset_produces_1', 'consume_1_and_2_with_dataset_expressions', 'dataset_consumes_1', 'dataset_consumes_1_and_2', 'dataset_produces_2', 'dataset_consumes_unknown_never_scheduled', 'conditional_dataset_and_time_based_timetable', 'consume_1_or_2_with_dataset_expressions' retrieved from /home/airflow/.local/lib/python3.12/site-packages/airflow/example_dags/example_datasets.py
[2025-09-29T16:59:52.992+0000] {logging_mixin.py:188} INFO - [2025-09-29T16:59:52.992+0000] {dag.py:3089} INFO - Sync 10 DAGs
[2025-09-29T16:59:53.049+0000] {logging_mixin.py:188} INFO - [2025-09-29T16:59:53.048+0000] {dag.py:3947} INFO - Setting next_dagrun for conditional_dataset_and_time_based_timetable to 2025-09-24 01:00:00+00:00, run_after=2025-09-24 01:00:00+00:00
[2025-09-29T16:59:53.057+0000] {logging_mixin.py:188} INFO - [2025-09-29T16:59:53.056+0000] {dag.py:3947} INFO - Setting next_dagrun for consume_1_and_2_with_dataset_expressions to None, run_after=None
[2025-09-29T16:59:53.060+0000] {logging_mixin.py:188} INFO - [2025-09-29T16:59:53.059+0000] {dag.py:3947} INFO - Setting next_dagrun for consume_1_or_2_with_dataset_expressions to None, run_after=None
[2025-09-29T16:59:53.063+0000] {logging_mixin.py:188} INFO - [2025-09-29T16:59:53.062+0000] {dag.py:3947} INFO - Setting next_dagrun for consume_1_or_both_2_and_3_with_dataset_expressions to None, run_after=None
[2025-09-29T16:59:53.066+0000] {logging_mixin.py:188} INFO - [2025-09-29T16:59:53.066+0000] {dag.py:3947} INFO - Setting next_dagrun for dataset_consumes_1 to None, run_after=None
[2025-09-29T16:59:53.069+0000] {logging_mixin.py:188} INFO - [2025-09-29T16:59:53.068+0000] {dag.py:3947} INFO - Setting next_dagrun for dataset_consumes_1_and_2 to None, run_after=None
[2025-09-29T16:59:53.072+0000] {logging_mixin.py:188} INFO - [2025-09-29T16:59:53.071+0000] {dag.py:3947} INFO - Setting next_dagrun for dataset_consumes_1_never_scheduled to None, run_after=None
[2025-09-29T16:59:53.075+0000] {logging_mixin.py:188} INFO - [2025-09-29T16:59:53.074+0000] {dag.py:3947} INFO - Setting next_dagrun for dataset_consumes_unknown_never_scheduled to None, run_after=None
[2025-09-29T16:59:53.080+0000] {logging_mixin.py:188} INFO - [2025-09-29T16:59:53.079+0000] {dag.py:3947} INFO - Setting next_dagrun for dataset_produces_1 to 2025-09-28 00:00:00+00:00, run_after=2025-09-29 00:00:00+00:00
[2025-09-29T16:59:53.083+0000] {logging_mixin.py:188} INFO - [2025-09-29T16:59:53.083+0000] {dag.py:3947} INFO - Setting next_dagrun for dataset_produces_2 to None, run_after=None
[2025-09-29T16:59:53.166+0000] {processor.py:183} INFO - Processing /home/airflow/.local/lib/python3.12/site-packages/airflow/example_dags/example_datasets.py took 0.353 seconds
[2025-09-29T17:00:23.758+0000] {processor.py:161} INFO - Started process (PID=2707) to work on /home/airflow/.local/lib/python3.12/site-packages/airflow/example_dags/example_datasets.py
[2025-09-29T17:00:23.761+0000] {processor.py:830} INFO - Processing file /home/airflow/.local/lib/python3.12/site-packages/airflow/example_dags/example_datasets.py for tasks to queue
[2025-09-29T17:00:23.768+0000] {logging_mixin.py:188} INFO - [2025-09-29T17:00:23.767+0000] {dagbag.py:545} INFO - Filling up the DagBag from /home/airflow/.local/lib/python3.12/site-packages/airflow/example_dags/example_datasets.py
[2025-09-29T17:00:23.804+0000] {processor.py:840} INFO - DAG(s) 'consume_1_and_2_with_dataset_expressions', 'dataset_produces_2', 'consume_1_or_both_2_and_3_with_dataset_expressions', 'dataset_produces_1', 'consume_1_or_2_with_dataset_expressions', 'dataset_consumes_1', 'dataset_consumes_unknown_never_scheduled', 'conditional_dataset_and_time_based_timetable', 'dataset_consumes_1_and_2', 'dataset_consumes_1_never_scheduled' retrieved from /home/airflow/.local/lib/python3.12/site-packages/airflow/example_dags/example_datasets.py
[2025-09-29T17:00:23.942+0000] {logging_mixin.py:188} INFO - [2025-09-29T17:00:23.941+0000] {dag.py:3089} INFO - Sync 10 DAGs
[2025-09-29T17:00:24.013+0000] {logging_mixin.py:188} INFO - [2025-09-29T17:00:24.012+0000] {dag.py:3947} INFO - Setting next_dagrun for conditional_dataset_and_time_based_timetable to 2025-09-24 01:00:00+00:00, run_after=2025-09-24 01:00:00+00:00
[2025-09-29T17:00:24.022+0000] {logging_mixin.py:188} INFO - [2025-09-29T17:00:24.021+0000] {dag.py:3947} INFO - Setting next_dagrun for consume_1_and_2_with_dataset_expressions to None, run_after=None
[2025-09-29T17:00:24.025+0000] {logging_mixin.py:188} INFO - [2025-09-29T17:00:24.025+0000] {dag.py:3947} INFO - Setting next_dagrun for consume_1_or_2_with_dataset_expressions to None, run_after=None
[2025-09-29T17:00:24.029+0000] {logging_mixin.py:188} INFO - [2025-09-29T17:00:24.028+0000] {dag.py:3947} INFO - Setting next_dagrun for consume_1_or_both_2_and_3_with_dataset_expressions to None, run_after=None
[2025-09-29T17:00:24.032+0000] {logging_mixin.py:188} INFO - [2025-09-29T17:00:24.031+0000] {dag.py:3947} INFO - Setting next_dagrun for dataset_consumes_1 to None, run_after=None
[2025-09-29T17:00:24.035+0000] {logging_mixin.py:188} INFO - [2025-09-29T17:00:24.034+0000] {dag.py:3947} INFO - Setting next_dagrun for dataset_consumes_1_and_2 to None, run_after=None
[2025-09-29T17:00:24.038+0000] {logging_mixin.py:188} INFO - [2025-09-29T17:00:24.037+0000] {dag.py:3947} INFO - Setting next_dagrun for dataset_consumes_1_never_scheduled to None, run_after=None
[2025-09-29T17:00:24.042+0000] {logging_mixin.py:188} INFO - [2025-09-29T17:00:24.041+0000] {dag.py:3947} INFO - Setting next_dagrun for dataset_consumes_unknown_never_scheduled to None, run_after=None
[2025-09-29T17:00:24.048+0000] {logging_mixin.py:188} INFO - [2025-09-29T17:00:24.048+0000] {dag.py:3947} INFO - Setting next_dagrun for dataset_produces_1 to 2025-09-28 00:00:00+00:00, run_after=2025-09-29 00:00:00+00:00
[2025-09-29T17:00:24.051+0000] {logging_mixin.py:188} INFO - [2025-09-29T17:00:24.051+0000] {dag.py:3947} INFO - Setting next_dagrun for dataset_produces_2 to None, run_after=None
[2025-09-29T17:00:24.147+0000] {processor.py:183} INFO - Processing /home/airflow/.local/lib/python3.12/site-packages/airflow/example_dags/example_datasets.py took 0.404 seconds
[2025-09-29T17:00:54.246+0000] {processor.py:161} INFO - Started process (PID=2969) to work on /home/airflow/.local/lib/python3.12/site-packages/airflow/example_dags/example_datasets.py
[2025-09-29T17:00:54.249+0000] {processor.py:830} INFO - Processing file /home/airflow/.local/lib/python3.12/site-packages/airflow/example_dags/example_datasets.py for tasks to queue
[2025-09-29T17:00:54.253+0000] {logging_mixin.py:188} INFO - [2025-09-29T17:00:54.253+0000] {dagbag.py:545} INFO - Filling up the DagBag from /home/airflow/.local/lib/python3.12/site-packages/airflow/example_dags/example_datasets.py
[2025-09-29T17:00:54.285+0000] {processor.py:840} INFO - DAG(s) 'dataset_consumes_1', 'consume_1_or_both_2_and_3_with_dataset_expressions', 'conditional_dataset_and_time_based_timetable', 'dataset_consumes_unknown_never_scheduled', 'dataset_produces_1', 'dataset_consumes_1_and_2', 'consume_1_or_2_with_dataset_expressions', 'dataset_consumes_1_never_scheduled', 'dataset_produces_2', 'consume_1_and_2_with_dataset_expressions' retrieved from /home/airflow/.local/lib/python3.12/site-packages/airflow/example_dags/example_datasets.py
[2025-09-29T17:00:54.407+0000] {logging_mixin.py:188} INFO - [2025-09-29T17:00:54.407+0000] {dag.py:3089} INFO - Sync 10 DAGs
[2025-09-29T17:00:54.464+0000] {logging_mixin.py:188} INFO - [2025-09-29T17:00:54.464+0000] {dag.py:3947} INFO - Setting next_dagrun for conditional_dataset_and_time_based_timetable to 2025-09-24 01:00:00+00:00, run_after=2025-09-24 01:00:00+00:00
[2025-09-29T17:00:54.472+0000] {logging_mixin.py:188} INFO - [2025-09-29T17:00:54.472+0000] {dag.py:3947} INFO - Setting next_dagrun for consume_1_and_2_with_dataset_expressions to None, run_after=None
[2025-09-29T17:00:54.476+0000] {logging_mixin.py:188} INFO - [2025-09-29T17:00:54.475+0000] {dag.py:3947} INFO - Setting next_dagrun for consume_1_or_2_with_dataset_expressions to None, run_after=None
[2025-09-29T17:00:54.479+0000] {logging_mixin.py:188} INFO - [2025-09-29T17:00:54.478+0000] {dag.py:3947} INFO - Setting next_dagrun for consume_1_or_both_2_and_3_with_dataset_expressions to None, run_after=None
[2025-09-29T17:00:54.481+0000] {logging_mixin.py:188} INFO - [2025-09-29T17:00:54.481+0000] {dag.py:3947} INFO - Setting next_dagrun for dataset_consumes_1 to None, run_after=None
[2025-09-29T17:00:54.484+0000] {logging_mixin.py:188} INFO - [2025-09-29T17:00:54.484+0000] {dag.py:3947} INFO - Setting next_dagrun for dataset_consumes_1_and_2 to None, run_after=None
[2025-09-29T17:00:54.487+0000] {logging_mixin.py:188} INFO - [2025-09-29T17:00:54.487+0000] {dag.py:3947} INFO - Setting next_dagrun for dataset_consumes_1_never_scheduled to None, run_after=None
[2025-09-29T17:00:54.490+0000] {logging_mixin.py:188} INFO - [2025-09-29T17:00:54.490+0000] {dag.py:3947} INFO - Setting next_dagrun for dataset_consumes_unknown_never_scheduled to None, run_after=None
[2025-09-29T17:00:54.496+0000] {logging_mixin.py:188} INFO - [2025-09-29T17:00:54.495+0000] {dag.py:3947} INFO - Setting next_dagrun for dataset_produces_1 to 2025-09-28 00:00:00+00:00, run_after=2025-09-29 00:00:00+00:00
[2025-09-29T17:00:54.499+0000] {logging_mixin.py:188} INFO - [2025-09-29T17:00:54.498+0000] {dag.py:3947} INFO - Setting next_dagrun for dataset_produces_2 to None, run_after=None
[2025-09-29T17:00:54.588+0000] {processor.py:183} INFO - Processing /home/airflow/.local/lib/python3.12/site-packages/airflow/example_dags/example_datasets.py took 0.355 seconds
[2025-09-29T17:01:24.905+0000] {processor.py:161} INFO - Started process (PID=3231) to work on /home/airflow/.local/lib/python3.12/site-packages/airflow/example_dags/example_datasets.py
[2025-09-29T17:01:24.909+0000] {processor.py:830} INFO - Processing file /home/airflow/.local/lib/python3.12/site-packages/airflow/example_dags/example_datasets.py for tasks to queue
[2025-09-29T17:01:24.913+0000] {logging_mixin.py:188} INFO - [2025-09-29T17:01:24.913+0000] {dagbag.py:545} INFO - Filling up the DagBag from /home/airflow/.local/lib/python3.12/site-packages/airflow/example_dags/example_datasets.py
[2025-09-29T17:01:24.957+0000] {processor.py:840} INFO - DAG(s) 'dataset_produces_2', 'dataset_consumes_unknown_never_scheduled', 'consume_1_or_2_with_dataset_expressions', 'dataset_consumes_1', 'dataset_consumes_1_and_2', 'dataset_produces_1', 'consume_1_or_both_2_and_3_with_dataset_expressions', 'dataset_consumes_1_never_scheduled', 'conditional_dataset_and_time_based_timetable', 'consume_1_and_2_with_dataset_expressions' retrieved from /home/airflow/.local/lib/python3.12/site-packages/airflow/example_dags/example_datasets.py
[2025-09-29T17:01:25.104+0000] {logging_mixin.py:188} INFO - [2025-09-29T17:01:25.103+0000] {dag.py:3089} INFO - Sync 10 DAGs
[2025-09-29T17:01:25.169+0000] {logging_mixin.py:188} INFO - [2025-09-29T17:01:25.169+0000] {dag.py:3947} INFO - Setting next_dagrun for conditional_dataset_and_time_based_timetable to 2025-09-24 01:00:00+00:00, run_after=2025-09-24 01:00:00+00:00
[2025-09-29T17:01:25.178+0000] {logging_mixin.py:188} INFO - [2025-09-29T17:01:25.177+0000] {dag.py:3947} INFO - Setting next_dagrun for consume_1_and_2_with_dataset_expressions to None, run_after=None
[2025-09-29T17:01:25.181+0000] {logging_mixin.py:188} INFO - [2025-09-29T17:01:25.181+0000] {dag.py:3947} INFO - Setting next_dagrun for consume_1_or_2_with_dataset_expressions to None, run_after=None
[2025-09-29T17:01:25.185+0000] {logging_mixin.py:188} INFO - [2025-09-29T17:01:25.185+0000] {dag.py:3947} INFO - Setting next_dagrun for consume_1_or_both_2_and_3_with_dataset_expressions to None, run_after=None
[2025-09-29T17:01:25.189+0000] {logging_mixin.py:188} INFO - [2025-09-29T17:01:25.188+0000] {dag.py:3947} INFO - Setting next_dagrun for dataset_consumes_1 to None, run_after=None
[2025-09-29T17:01:25.192+0000] {logging_mixin.py:188} INFO - [2025-09-29T17:01:25.192+0000] {dag.py:3947} INFO - Setting next_dagrun for dataset_consumes_1_and_2 to None, run_after=None
[2025-09-29T17:01:25.196+0000] {logging_mixin.py:188} INFO - [2025-09-29T17:01:25.195+0000] {dag.py:3947} INFO - Setting next_dagrun for dataset_consumes_1_never_scheduled to None, run_after=None
[2025-09-29T17:01:25.200+0000] {logging_mixin.py:188} INFO - [2025-09-29T17:01:25.200+0000] {dag.py:3947} INFO - Setting next_dagrun for dataset_consumes_unknown_never_scheduled to None, run_after=None
[2025-09-29T17:01:25.206+0000] {logging_mixin.py:188} INFO - [2025-09-29T17:01:25.206+0000] {dag.py:3947} INFO - Setting next_dagrun for dataset_produces_1 to 2025-09-28 00:00:00+00:00, run_after=2025-09-29 00:00:00+00:00
[2025-09-29T17:01:25.209+0000] {logging_mixin.py:188} INFO - [2025-09-29T17:01:25.209+0000] {dag.py:3947} INFO - Setting next_dagrun for dataset_produces_2 to None, run_after=None
[2025-09-29T17:01:25.308+0000] {processor.py:183} INFO - Processing /home/airflow/.local/lib/python3.12/site-packages/airflow/example_dags/example_datasets.py took 0.425 seconds
[2025-09-29T17:01:55.674+0000] {processor.py:161} INFO - Started process (PID=3498) to work on /home/airflow/.local/lib/python3.12/site-packages/airflow/example_dags/example_datasets.py
[2025-09-29T17:01:55.677+0000] {processor.py:830} INFO - Processing file /home/airflow/.local/lib/python3.12/site-packages/airflow/example_dags/example_datasets.py for tasks to queue
[2025-09-29T17:01:55.682+0000] {logging_mixin.py:188} INFO - [2025-09-29T17:01:55.681+0000] {dagbag.py:545} INFO - Filling up the DagBag from /home/airflow/.local/lib/python3.12/site-packages/airflow/example_dags/example_datasets.py
[2025-09-29T17:01:55.717+0000] {processor.py:840} INFO - DAG(s) 'dataset_consumes_1_never_scheduled', 'dataset_produces_1', 'dataset_consumes_1_and_2', 'consume_1_or_both_2_and_3_with_dataset_expressions', 'conditional_dataset_and_time_based_timetable', 'consume_1_and_2_with_dataset_expressions', 'dataset_consumes_unknown_never_scheduled', 'dataset_produces_2', 'consume_1_or_2_with_dataset_expressions', 'dataset_consumes_1' retrieved from /home/airflow/.local/lib/python3.12/site-packages/airflow/example_dags/example_datasets.py
[2025-09-29T17:01:55.843+0000] {logging_mixin.py:188} INFO - [2025-09-29T17:01:55.843+0000] {dag.py:3089} INFO - Sync 10 DAGs
[2025-09-29T17:01:55.901+0000] {logging_mixin.py:188} INFO - [2025-09-29T17:01:55.901+0000] {dag.py:3947} INFO - Setting next_dagrun for conditional_dataset_and_time_based_timetable to 2025-09-24 01:00:00+00:00, run_after=2025-09-24 01:00:00+00:00
[2025-09-29T17:01:55.910+0000] {logging_mixin.py:188} INFO - [2025-09-29T17:01:55.909+0000] {dag.py:3947} INFO - Setting next_dagrun for consume_1_and_2_with_dataset_expressions to None, run_after=None
[2025-09-29T17:01:55.913+0000] {logging_mixin.py:188} INFO - [2025-09-29T17:01:55.912+0000] {dag.py:3947} INFO - Setting next_dagrun for consume_1_or_2_with_dataset_expressions to None, run_after=None
[2025-09-29T17:01:55.916+0000] {logging_mixin.py:188} INFO - [2025-09-29T17:01:55.915+0000] {dag.py:3947} INFO - Setting next_dagrun for consume_1_or_both_2_and_3_with_dataset_expressions to None, run_after=None
[2025-09-29T17:01:55.918+0000] {logging_mixin.py:188} INFO - [2025-09-29T17:01:55.918+0000] {dag.py:3947} INFO - Setting next_dagrun for dataset_consumes_1 to None, run_after=None
[2025-09-29T17:01:55.921+0000] {logging_mixin.py:188} INFO - [2025-09-29T17:01:55.921+0000] {dag.py:3947} INFO - Setting next_dagrun for dataset_consumes_1_and_2 to None, run_after=None
[2025-09-29T17:01:55.924+0000] {logging_mixin.py:188} INFO - [2025-09-29T17:01:55.924+0000] {dag.py:3947} INFO - Setting next_dagrun for dataset_consumes_1_never_scheduled to None, run_after=None
[2025-09-29T17:01:55.927+0000] {logging_mixin.py:188} INFO - [2025-09-29T17:01:55.927+0000] {dag.py:3947} INFO - Setting next_dagrun for dataset_consumes_unknown_never_scheduled to None, run_after=None
[2025-09-29T17:01:55.932+0000] {logging_mixin.py:188} INFO - [2025-09-29T17:01:55.932+0000] {dag.py:3947} INFO - Setting next_dagrun for dataset_produces_1 to 2025-09-28 00:00:00+00:00, run_after=2025-09-29 00:00:00+00:00
[2025-09-29T17:01:55.935+0000] {logging_mixin.py:188} INFO - [2025-09-29T17:01:55.935+0000] {dag.py:3947} INFO - Setting next_dagrun for dataset_produces_2 to None, run_after=None
[2025-09-29T17:01:56.043+0000] {processor.py:183} INFO - Processing /home/airflow/.local/lib/python3.12/site-packages/airflow/example_dags/example_datasets.py took 0.384 seconds
[2025-09-29T17:02:26.747+0000] {processor.py:161} INFO - Started process (PID=3760) to work on /home/airflow/.local/lib/python3.12/site-packages/airflow/example_dags/example_datasets.py
[2025-09-29T17:02:26.784+0000] {processor.py:830} INFO - Processing file /home/airflow/.local/lib/python3.12/site-packages/airflow/example_dags/example_datasets.py for tasks to queue
[2025-09-29T17:02:26.788+0000] {logging_mixin.py:188} INFO - [2025-09-29T17:02:26.787+0000] {dagbag.py:545} INFO - Filling up the DagBag from /home/airflow/.local/lib/python3.12/site-packages/airflow/example_dags/example_datasets.py
[2025-09-29T17:02:26.842+0000] {processor.py:840} INFO - DAG(s) 'consume_1_or_both_2_and_3_with_dataset_expressions', 'dataset_produces_1', 'conditional_dataset_and_time_based_timetable', 'dataset_consumes_1_never_scheduled', 'consume_1_or_2_with_dataset_expressions', 'dataset_produces_2', 'dataset_consumes_unknown_never_scheduled', 'consume_1_and_2_with_dataset_expressions', 'dataset_consumes_1', 'dataset_consumes_1_and_2' retrieved from /home/airflow/.local/lib/python3.12/site-packages/airflow/example_dags/example_datasets.py
[2025-09-29T17:02:26.967+0000] {logging_mixin.py:188} INFO - [2025-09-29T17:02:26.967+0000] {dag.py:3089} INFO - Sync 10 DAGs
[2025-09-29T17:02:27.043+0000] {logging_mixin.py:188} INFO - [2025-09-29T17:02:27.042+0000] {dag.py:3947} INFO - Setting next_dagrun for conditional_dataset_and_time_based_timetable to 2025-09-24 01:00:00+00:00, run_after=2025-09-24 01:00:00+00:00
[2025-09-29T17:02:27.052+0000] {logging_mixin.py:188} INFO - [2025-09-29T17:02:27.052+0000] {dag.py:3947} INFO - Setting next_dagrun for consume_1_and_2_with_dataset_expressions to None, run_after=None
[2025-09-29T17:02:27.056+0000] {logging_mixin.py:188} INFO - [2025-09-29T17:02:27.055+0000] {dag.py:3947} INFO - Setting next_dagrun for consume_1_or_2_with_dataset_expressions to None, run_after=None
[2025-09-29T17:02:27.060+0000] {logging_mixin.py:188} INFO - [2025-09-29T17:02:27.059+0000] {dag.py:3947} INFO - Setting next_dagrun for consume_1_or_both_2_and_3_with_dataset_expressions to None, run_after=None
[2025-09-29T17:02:27.064+0000] {logging_mixin.py:188} INFO - [2025-09-29T17:02:27.063+0000] {dag.py:3947} INFO - Setting next_dagrun for dataset_consumes_1 to None, run_after=None
[2025-09-29T17:02:27.067+0000] {logging_mixin.py:188} INFO - [2025-09-29T17:02:27.067+0000] {dag.py:3947} INFO - Setting next_dagrun for dataset_consumes_1_and_2 to None, run_after=None
[2025-09-29T17:02:27.071+0000] {logging_mixin.py:188} INFO - [2025-09-29T17:02:27.070+0000] {dag.py:3947} INFO - Setting next_dagrun for dataset_consumes_1_never_scheduled to None, run_after=None
[2025-09-29T17:02:27.074+0000] {logging_mixin.py:188} INFO - [2025-09-29T17:02:27.073+0000] {dag.py:3947} INFO - Setting next_dagrun for dataset_consumes_unknown_never_scheduled to None, run_after=None
[2025-09-29T17:02:27.082+0000] {logging_mixin.py:188} INFO - [2025-09-29T17:02:27.081+0000] {dag.py:3947} INFO - Setting next_dagrun for dataset_produces_1 to 2025-09-28 00:00:00+00:00, run_after=2025-09-29 00:00:00+00:00
[2025-09-29T17:02:27.085+0000] {logging_mixin.py:188} INFO - [2025-09-29T17:02:27.084+0000] {dag.py:3947} INFO - Setting next_dagrun for dataset_produces_2 to None, run_after=None
[2025-09-29T17:02:27.217+0000] {processor.py:183} INFO - Processing /home/airflow/.local/lib/python3.12/site-packages/airflow/example_dags/example_datasets.py took 0.487 seconds
[2025-09-29T17:02:57.384+0000] {processor.py:161} INFO - Started process (PID=4022) to work on /home/airflow/.local/lib/python3.12/site-packages/airflow/example_dags/example_datasets.py
[2025-09-29T17:02:57.392+0000] {processor.py:830} INFO - Processing file /home/airflow/.local/lib/python3.12/site-packages/airflow/example_dags/example_datasets.py for tasks to queue
[2025-09-29T17:02:57.397+0000] {logging_mixin.py:188} INFO - [2025-09-29T17:02:57.396+0000] {dagbag.py:545} INFO - Filling up the DagBag from /home/airflow/.local/lib/python3.12/site-packages/airflow/example_dags/example_datasets.py
[2025-09-29T17:02:57.433+0000] {processor.py:840} INFO - DAG(s) 'dataset_produces_2', 'dataset_consumes_1', 'dataset_consumes_1_never_scheduled', 'consume_1_and_2_with_dataset_expressions', 'consume_1_or_both_2_and_3_with_dataset_expressions', 'conditional_dataset_and_time_based_timetable', 'dataset_consumes_1_and_2', 'dataset_consumes_unknown_never_scheduled', 'consume_1_or_2_with_dataset_expressions', 'dataset_produces_1' retrieved from /home/airflow/.local/lib/python3.12/site-packages/airflow/example_dags/example_datasets.py
[2025-09-29T17:02:57.555+0000] {logging_mixin.py:188} INFO - [2025-09-29T17:02:57.555+0000] {dag.py:3089} INFO - Sync 10 DAGs
[2025-09-29T17:02:57.616+0000] {logging_mixin.py:188} INFO - [2025-09-29T17:02:57.615+0000] {dag.py:3947} INFO - Setting next_dagrun for conditional_dataset_and_time_based_timetable to 2025-09-24 01:00:00+00:00, run_after=2025-09-24 01:00:00+00:00
[2025-09-29T17:02:57.624+0000] {logging_mixin.py:188} INFO - [2025-09-29T17:02:57.624+0000] {dag.py:3947} INFO - Setting next_dagrun for consume_1_and_2_with_dataset_expressions to None, run_after=None
[2025-09-29T17:02:57.627+0000] {logging_mixin.py:188} INFO - [2025-09-29T17:02:57.627+0000] {dag.py:3947} INFO - Setting next_dagrun for consume_1_or_2_with_dataset_expressions to None, run_after=None
[2025-09-29T17:02:57.630+0000] {logging_mixin.py:188} INFO - [2025-09-29T17:02:57.630+0000] {dag.py:3947} INFO - Setting next_dagrun for consume_1_or_both_2_and_3_with_dataset_expressions to None, run_after=None
[2025-09-29T17:02:57.633+0000] {logging_mixin.py:188} INFO - [2025-09-29T17:02:57.633+0000] {dag.py:3947} INFO - Setting next_dagrun for dataset_consumes_1 to None, run_after=None
[2025-09-29T17:02:57.636+0000] {logging_mixin.py:188} INFO - [2025-09-29T17:02:57.636+0000] {dag.py:3947} INFO - Setting next_dagrun for dataset_consumes_1_and_2 to None, run_after=None
[2025-09-29T17:02:57.639+0000] {logging_mixin.py:188} INFO - [2025-09-29T17:02:57.639+0000] {dag.py:3947} INFO - Setting next_dagrun for dataset_consumes_1_never_scheduled to None, run_after=None
[2025-09-29T17:02:57.642+0000] {logging_mixin.py:188} INFO - [2025-09-29T17:02:57.642+0000] {dag.py:3947} INFO - Setting next_dagrun for dataset_consumes_unknown_never_scheduled to None, run_after=None
[2025-09-29T17:02:57.647+0000] {logging_mixin.py:188} INFO - [2025-09-29T17:02:57.647+0000] {dag.py:3947} INFO - Setting next_dagrun for dataset_produces_1 to 2025-09-28 00:00:00+00:00, run_after=2025-09-29 00:00:00+00:00
[2025-09-29T17:02:57.650+0000] {logging_mixin.py:188} INFO - [2025-09-29T17:02:57.650+0000] {dag.py:3947} INFO - Setting next_dagrun for dataset_produces_2 to None, run_after=None
[2025-09-29T17:02:57.741+0000] {processor.py:183} INFO - Processing /home/airflow/.local/lib/python3.12/site-packages/airflow/example_dags/example_datasets.py took 0.372 seconds
[2025-09-29T17:03:28.054+0000] {processor.py:161} INFO - Started process (PID=4284) to work on /home/airflow/.local/lib/python3.12/site-packages/airflow/example_dags/example_datasets.py
[2025-09-29T17:03:28.058+0000] {processor.py:830} INFO - Processing file /home/airflow/.local/lib/python3.12/site-packages/airflow/example_dags/example_datasets.py for tasks to queue
[2025-09-29T17:03:28.064+0000] {logging_mixin.py:188} INFO - [2025-09-29T17:03:28.063+0000] {dagbag.py:545} INFO - Filling up the DagBag from /home/airflow/.local/lib/python3.12/site-packages/airflow/example_dags/example_datasets.py
[2025-09-29T17:03:28.122+0000] {processor.py:840} INFO - DAG(s) 'dataset_produces_2', 'consume_1_or_both_2_and_3_with_dataset_expressions', 'dataset_consumes_unknown_never_scheduled', 'consume_1_or_2_with_dataset_expressions', 'dataset_consumes_1_never_scheduled', 'dataset_consumes_1_and_2', 'dataset_consumes_1', 'consume_1_and_2_with_dataset_expressions', 'dataset_produces_1', 'conditional_dataset_and_time_based_timetable' retrieved from /home/airflow/.local/lib/python3.12/site-packages/airflow/example_dags/example_datasets.py
[2025-09-29T17:03:28.298+0000] {logging_mixin.py:188} INFO - [2025-09-29T17:03:28.298+0000] {dag.py:3089} INFO - Sync 10 DAGs
[2025-09-29T17:03:28.368+0000] {logging_mixin.py:188} INFO - [2025-09-29T17:03:28.367+0000] {dag.py:3947} INFO - Setting next_dagrun for conditional_dataset_and_time_based_timetable to 2025-09-24 01:00:00+00:00, run_after=2025-09-24 01:00:00+00:00
[2025-09-29T17:03:28.377+0000] {logging_mixin.py:188} INFO - [2025-09-29T17:03:28.377+0000] {dag.py:3947} INFO - Setting next_dagrun for consume_1_and_2_with_dataset_expressions to None, run_after=None
[2025-09-29T17:03:28.381+0000] {logging_mixin.py:188} INFO - [2025-09-29T17:03:28.380+0000] {dag.py:3947} INFO - Setting next_dagrun for consume_1_or_2_with_dataset_expressions to None, run_after=None
[2025-09-29T17:03:28.385+0000] {logging_mixin.py:188} INFO - [2025-09-29T17:03:28.384+0000] {dag.py:3947} INFO - Setting next_dagrun for consume_1_or_both_2_and_3_with_dataset_expressions to None, run_after=None
[2025-09-29T17:03:28.389+0000] {logging_mixin.py:188} INFO - [2025-09-29T17:03:28.389+0000] {dag.py:3947} INFO - Setting next_dagrun for dataset_consumes_1 to None, run_after=None
[2025-09-29T17:03:28.393+0000] {logging_mixin.py:188} INFO - [2025-09-29T17:03:28.393+0000] {dag.py:3947} INFO - Setting next_dagrun for dataset_consumes_1_and_2 to None, run_after=None
[2025-09-29T17:03:28.397+0000] {logging_mixin.py:188} INFO - [2025-09-29T17:03:28.397+0000] {dag.py:3947} INFO - Setting next_dagrun for dataset_consumes_1_never_scheduled to None, run_after=None
[2025-09-29T17:03:28.401+0000] {logging_mixin.py:188} INFO - [2025-09-29T17:03:28.400+0000] {dag.py:3947} INFO - Setting next_dagrun for dataset_consumes_unknown_never_scheduled to None, run_after=None
[2025-09-29T17:03:28.407+0000] {logging_mixin.py:188} INFO - [2025-09-29T17:03:28.406+0000] {dag.py:3947} INFO - Setting next_dagrun for dataset_produces_1 to 2025-09-28 00:00:00+00:00, run_after=2025-09-29 00:00:00+00:00
[2025-09-29T17:03:28.410+0000] {logging_mixin.py:188} INFO - [2025-09-29T17:03:28.410+0000] {dag.py:3947} INFO - Setting next_dagrun for dataset_produces_2 to None, run_after=None
[2025-09-29T17:03:28.506+0000] {processor.py:183} INFO - Processing /home/airflow/.local/lib/python3.12/site-packages/airflow/example_dags/example_datasets.py took 0.474 seconds
[2025-09-29T17:03:58.610+0000] {processor.py:161} INFO - Started process (PID=4549) to work on /home/airflow/.local/lib/python3.12/site-packages/airflow/example_dags/example_datasets.py
[2025-09-29T17:03:58.612+0000] {processor.py:830} INFO - Processing file /home/airflow/.local/lib/python3.12/site-packages/airflow/example_dags/example_datasets.py for tasks to queue
[2025-09-29T17:03:58.617+0000] {logging_mixin.py:188} INFO - [2025-09-29T17:03:58.617+0000] {dagbag.py:545} INFO - Filling up the DagBag from /home/airflow/.local/lib/python3.12/site-packages/airflow/example_dags/example_datasets.py
[2025-09-29T17:03:58.653+0000] {processor.py:840} INFO - DAG(s) 'dataset_produces_2', 'consume_1_or_2_with_dataset_expressions', 'dataset_produces_1', 'dataset_consumes_1_never_scheduled', 'dataset_consumes_1_and_2', 'consume_1_or_both_2_and_3_with_dataset_expressions', 'dataset_consumes_1', 'conditional_dataset_and_time_based_timetable', 'consume_1_and_2_with_dataset_expressions', 'dataset_consumes_unknown_never_scheduled' retrieved from /home/airflow/.local/lib/python3.12/site-packages/airflow/example_dags/example_datasets.py
[2025-09-29T17:03:58.776+0000] {logging_mixin.py:188} INFO - [2025-09-29T17:03:58.775+0000] {dag.py:3089} INFO - Sync 10 DAGs
[2025-09-29T17:03:58.835+0000] {logging_mixin.py:188} INFO - [2025-09-29T17:03:58.835+0000] {dag.py:3947} INFO - Setting next_dagrun for conditional_dataset_and_time_based_timetable to 2025-09-24 01:00:00+00:00, run_after=2025-09-24 01:00:00+00:00
[2025-09-29T17:03:58.844+0000] {logging_mixin.py:188} INFO - [2025-09-29T17:03:58.843+0000] {dag.py:3947} INFO - Setting next_dagrun for consume_1_and_2_with_dataset_expressions to None, run_after=None
[2025-09-29T17:03:58.847+0000] {logging_mixin.py:188} INFO - [2025-09-29T17:03:58.847+0000] {dag.py:3947} INFO - Setting next_dagrun for consume_1_or_2_with_dataset_expressions to None, run_after=None
[2025-09-29T17:03:58.850+0000] {logging_mixin.py:188} INFO - [2025-09-29T17:03:58.850+0000] {dag.py:3947} INFO - Setting next_dagrun for consume_1_or_both_2_and_3_with_dataset_expressions to None, run_after=None
[2025-09-29T17:03:58.853+0000] {logging_mixin.py:188} INFO - [2025-09-29T17:03:58.853+0000] {dag.py:3947} INFO - Setting next_dagrun for dataset_consumes_1 to None, run_after=None
[2025-09-29T17:03:58.856+0000] {logging_mixin.py:188} INFO - [2025-09-29T17:03:58.856+0000] {dag.py:3947} INFO - Setting next_dagrun for dataset_consumes_1_and_2 to None, run_after=None
[2025-09-29T17:03:58.859+0000] {logging_mixin.py:188} INFO - [2025-09-29T17:03:58.859+0000] {dag.py:3947} INFO - Setting next_dagrun for dataset_consumes_1_never_scheduled to None, run_after=None
[2025-09-29T17:03:58.862+0000] {logging_mixin.py:188} INFO - [2025-09-29T17:03:58.862+0000] {dag.py:3947} INFO - Setting next_dagrun for dataset_consumes_unknown_never_scheduled to None, run_after=None
[2025-09-29T17:03:58.867+0000] {logging_mixin.py:188} INFO - [2025-09-29T17:03:58.867+0000] {dag.py:3947} INFO - Setting next_dagrun for dataset_produces_1 to 2025-09-28 00:00:00+00:00, run_after=2025-09-29 00:00:00+00:00
[2025-09-29T17:03:58.870+0000] {logging_mixin.py:188} INFO - [2025-09-29T17:03:58.870+0000] {dag.py:3947} INFO - Setting next_dagrun for dataset_produces_2 to None, run_after=None
[2025-09-29T17:03:58.955+0000] {processor.py:183} INFO - Processing /home/airflow/.local/lib/python3.12/site-packages/airflow/example_dags/example_datasets.py took 0.361 seconds
[2025-09-29T17:04:29.090+0000] {processor.py:161} INFO - Started process (PID=4808) to work on /home/airflow/.local/lib/python3.12/site-packages/airflow/example_dags/example_datasets.py
[2025-09-29T17:04:29.105+0000] {processor.py:830} INFO - Processing file /home/airflow/.local/lib/python3.12/site-packages/airflow/example_dags/example_datasets.py for tasks to queue
[2025-09-29T17:04:29.109+0000] {logging_mixin.py:188} INFO - [2025-09-29T17:04:29.108+0000] {dagbag.py:545} INFO - Filling up the DagBag from /home/airflow/.local/lib/python3.12/site-packages/airflow/example_dags/example_datasets.py
[2025-09-29T17:04:29.147+0000] {processor.py:840} INFO - DAG(s) 'dataset_consumes_1', 'dataset_consumes_1_never_scheduled', 'consume_1_or_both_2_and_3_with_dataset_expressions', 'conditional_dataset_and_time_based_timetable', 'dataset_consumes_unknown_never_scheduled', 'dataset_produces_1', 'dataset_produces_2', 'dataset_consumes_1_and_2', 'consume_1_or_2_with_dataset_expressions', 'consume_1_and_2_with_dataset_expressions' retrieved from /home/airflow/.local/lib/python3.12/site-packages/airflow/example_dags/example_datasets.py
[2025-09-29T17:04:29.271+0000] {logging_mixin.py:188} INFO - [2025-09-29T17:04:29.271+0000] {dag.py:3089} INFO - Sync 10 DAGs
[2025-09-29T17:04:29.334+0000] {logging_mixin.py:188} INFO - [2025-09-29T17:04:29.333+0000] {dag.py:3947} INFO - Setting next_dagrun for conditional_dataset_and_time_based_timetable to 2025-09-24 01:00:00+00:00, run_after=2025-09-24 01:00:00+00:00
[2025-09-29T17:04:29.343+0000] {logging_mixin.py:188} INFO - [2025-09-29T17:04:29.343+0000] {dag.py:3947} INFO - Setting next_dagrun for consume_1_and_2_with_dataset_expressions to None, run_after=None
[2025-09-29T17:04:29.347+0000] {logging_mixin.py:188} INFO - [2025-09-29T17:04:29.347+0000] {dag.py:3947} INFO - Setting next_dagrun for consume_1_or_2_with_dataset_expressions to None, run_after=None
[2025-09-29T17:04:29.351+0000] {logging_mixin.py:188} INFO - [2025-09-29T17:04:29.350+0000] {dag.py:3947} INFO - Setting next_dagrun for consume_1_or_both_2_and_3_with_dataset_expressions to None, run_after=None
[2025-09-29T17:04:29.354+0000] {logging_mixin.py:188} INFO - [2025-09-29T17:04:29.353+0000] {dag.py:3947} INFO - Setting next_dagrun for dataset_consumes_1 to None, run_after=None
[2025-09-29T17:04:29.357+0000] {logging_mixin.py:188} INFO - [2025-09-29T17:04:29.356+0000] {dag.py:3947} INFO - Setting next_dagrun for dataset_consumes_1_and_2 to None, run_after=None
[2025-09-29T17:04:29.360+0000] {logging_mixin.py:188} INFO - [2025-09-29T17:04:29.359+0000] {dag.py:3947} INFO - Setting next_dagrun for dataset_consumes_1_never_scheduled to None, run_after=None
[2025-09-29T17:04:29.363+0000] {logging_mixin.py:188} INFO - [2025-09-29T17:04:29.363+0000] {dag.py:3947} INFO - Setting next_dagrun for dataset_consumes_unknown_never_scheduled to None, run_after=None
[2025-09-29T17:04:29.369+0000] {logging_mixin.py:188} INFO - [2025-09-29T17:04:29.369+0000] {dag.py:3947} INFO - Setting next_dagrun for dataset_produces_1 to 2025-09-28 00:00:00+00:00, run_after=2025-09-29 00:00:00+00:00
[2025-09-29T17:04:29.372+0000] {logging_mixin.py:188} INFO - [2025-09-29T17:04:29.372+0000] {dag.py:3947} INFO - Setting next_dagrun for dataset_produces_2 to None, run_after=None
[2025-09-29T17:04:29.462+0000] {processor.py:183} INFO - Processing /home/airflow/.local/lib/python3.12/site-packages/airflow/example_dags/example_datasets.py took 0.386 seconds
[2025-09-29T17:04:59.694+0000] {processor.py:161} INFO - Started process (PID=5079) to work on /home/airflow/.local/lib/python3.12/site-packages/airflow/example_dags/example_datasets.py
[2025-09-29T17:04:59.697+0000] {processor.py:830} INFO - Processing file /home/airflow/.local/lib/python3.12/site-packages/airflow/example_dags/example_datasets.py for tasks to queue
[2025-09-29T17:04:59.703+0000] {logging_mixin.py:188} INFO - [2025-09-29T17:04:59.702+0000] {dagbag.py:545} INFO - Filling up the DagBag from /home/airflow/.local/lib/python3.12/site-packages/airflow/example_dags/example_datasets.py
[2025-09-29T17:04:59.742+0000] {processor.py:840} INFO - DAG(s) 'dataset_consumes_unknown_never_scheduled', 'consume_1_or_2_with_dataset_expressions', 'dataset_produces_2', 'consume_1_and_2_with_dataset_expressions', 'dataset_consumes_1', 'conditional_dataset_and_time_based_timetable', 'dataset_produces_1', 'dataset_consumes_1_never_scheduled', 'dataset_consumes_1_and_2', 'consume_1_or_both_2_and_3_with_dataset_expressions' retrieved from /home/airflow/.local/lib/python3.12/site-packages/airflow/example_dags/example_datasets.py
[2025-09-29T17:04:59.881+0000] {logging_mixin.py:188} INFO - [2025-09-29T17:04:59.880+0000] {dag.py:3089} INFO - Sync 10 DAGs
[2025-09-29T17:04:59.947+0000] {logging_mixin.py:188} INFO - [2025-09-29T17:04:59.947+0000] {dag.py:3947} INFO - Setting next_dagrun for conditional_dataset_and_time_based_timetable to 2025-09-24 01:00:00+00:00, run_after=2025-09-24 01:00:00+00:00
[2025-09-29T17:04:59.956+0000] {logging_mixin.py:188} INFO - [2025-09-29T17:04:59.955+0000] {dag.py:3947} INFO - Setting next_dagrun for consume_1_and_2_with_dataset_expressions to None, run_after=None
[2025-09-29T17:04:59.958+0000] {logging_mixin.py:188} INFO - [2025-09-29T17:04:59.958+0000] {dag.py:3947} INFO - Setting next_dagrun for consume_1_or_2_with_dataset_expressions to None, run_after=None
[2025-09-29T17:04:59.961+0000] {logging_mixin.py:188} INFO - [2025-09-29T17:04:59.961+0000] {dag.py:3947} INFO - Setting next_dagrun for consume_1_or_both_2_and_3_with_dataset_expressions to None, run_after=None
[2025-09-29T17:04:59.964+0000] {logging_mixin.py:188} INFO - [2025-09-29T17:04:59.964+0000] {dag.py:3947} INFO - Setting next_dagrun for dataset_consumes_1 to None, run_after=None
[2025-09-29T17:04:59.967+0000] {logging_mixin.py:188} INFO - [2025-09-29T17:04:59.966+0000] {dag.py:3947} INFO - Setting next_dagrun for dataset_consumes_1_and_2 to None, run_after=None
[2025-09-29T17:04:59.970+0000] {logging_mixin.py:188} INFO - [2025-09-29T17:04:59.970+0000] {dag.py:3947} INFO - Setting next_dagrun for dataset_consumes_1_never_scheduled to None, run_after=None
[2025-09-29T17:04:59.974+0000] {logging_mixin.py:188} INFO - [2025-09-29T17:04:59.973+0000] {dag.py:3947} INFO - Setting next_dagrun for dataset_consumes_unknown_never_scheduled to None, run_after=None
[2025-09-29T17:04:59.979+0000] {logging_mixin.py:188} INFO - [2025-09-29T17:04:59.979+0000] {dag.py:3947} INFO - Setting next_dagrun for dataset_produces_1 to 2025-09-28 00:00:00+00:00, run_after=2025-09-29 00:00:00+00:00
[2025-09-29T17:04:59.982+0000] {logging_mixin.py:188} INFO - [2025-09-29T17:04:59.982+0000] {dag.py:3947} INFO - Setting next_dagrun for dataset_produces_2 to None, run_after=None
[2025-09-29T17:05:00.097+0000] {processor.py:183} INFO - Processing /home/airflow/.local/lib/python3.12/site-packages/airflow/example_dags/example_datasets.py took 0.419 seconds
[2025-09-29T17:05:33.660+0000] {processor.py:161} INFO - Started process (PID=5346) to work on /home/airflow/.local/lib/python3.12/site-packages/airflow/example_dags/example_datasets.py
[2025-09-29T17:05:33.666+0000] {processor.py:830} INFO - Processing file /home/airflow/.local/lib/python3.12/site-packages/airflow/example_dags/example_datasets.py for tasks to queue
[2025-09-29T17:05:33.673+0000] {logging_mixin.py:188} INFO - [2025-09-29T17:05:33.672+0000] {dagbag.py:545} INFO - Filling up the DagBag from /home/airflow/.local/lib/python3.12/site-packages/airflow/example_dags/example_datasets.py
[2025-09-29T17:05:33.736+0000] {processor.py:840} INFO - DAG(s) 'consume_1_or_2_with_dataset_expressions', 'consume_1_or_both_2_and_3_with_dataset_expressions', 'conditional_dataset_and_time_based_timetable', 'consume_1_and_2_with_dataset_expressions', 'dataset_consumes_unknown_never_scheduled', 'dataset_consumes_1', 'dataset_produces_1', 'dataset_consumes_1_never_scheduled', 'dataset_produces_2', 'dataset_consumes_1_and_2' retrieved from /home/airflow/.local/lib/python3.12/site-packages/airflow/example_dags/example_datasets.py
[2025-09-29T17:05:33.908+0000] {logging_mixin.py:188} INFO - [2025-09-29T17:05:33.908+0000] {dag.py:3089} INFO - Sync 10 DAGs
[2025-09-29T17:05:33.985+0000] {logging_mixin.py:188} INFO - [2025-09-29T17:05:33.984+0000] {dag.py:3947} INFO - Setting next_dagrun for conditional_dataset_and_time_based_timetable to 2025-09-24 01:00:00+00:00, run_after=2025-09-24 01:00:00+00:00
[2025-09-29T17:05:33.998+0000] {logging_mixin.py:188} INFO - [2025-09-29T17:05:33.998+0000] {dag.py:3947} INFO - Setting next_dagrun for consume_1_and_2_with_dataset_expressions to None, run_after=None
[2025-09-29T17:05:34.003+0000] {logging_mixin.py:188} INFO - [2025-09-29T17:05:34.002+0000] {dag.py:3947} INFO - Setting next_dagrun for consume_1_or_2_with_dataset_expressions to None, run_after=None
[2025-09-29T17:05:34.007+0000] {logging_mixin.py:188} INFO - [2025-09-29T17:05:34.006+0000] {dag.py:3947} INFO - Setting next_dagrun for consume_1_or_both_2_and_3_with_dataset_expressions to None, run_after=None
[2025-09-29T17:05:34.011+0000] {logging_mixin.py:188} INFO - [2025-09-29T17:05:34.011+0000] {dag.py:3947} INFO - Setting next_dagrun for dataset_consumes_1 to None, run_after=None
[2025-09-29T17:05:34.015+0000] {logging_mixin.py:188} INFO - [2025-09-29T17:05:34.014+0000] {dag.py:3947} INFO - Setting next_dagrun for dataset_consumes_1_and_2 to None, run_after=None
[2025-09-29T17:05:34.018+0000] {logging_mixin.py:188} INFO - [2025-09-29T17:05:34.018+0000] {dag.py:3947} INFO - Setting next_dagrun for dataset_consumes_1_never_scheduled to None, run_after=None
[2025-09-29T17:05:34.024+0000] {logging_mixin.py:188} INFO - [2025-09-29T17:05:34.023+0000] {dag.py:3947} INFO - Setting next_dagrun for dataset_consumes_unknown_never_scheduled to None, run_after=None
[2025-09-29T17:05:34.031+0000] {logging_mixin.py:188} INFO - [2025-09-29T17:05:34.030+0000] {dag.py:3947} INFO - Setting next_dagrun for dataset_produces_1 to 2025-09-28 00:00:00+00:00, run_after=2025-09-29 00:00:00+00:00
[2025-09-29T17:05:34.035+0000] {logging_mixin.py:188} INFO - [2025-09-29T17:05:34.034+0000] {dag.py:3947} INFO - Setting next_dagrun for dataset_produces_2 to None, run_after=None
[2025-09-29T17:05:34.167+0000] {processor.py:183} INFO - Processing /home/airflow/.local/lib/python3.12/site-packages/airflow/example_dags/example_datasets.py took 0.529 seconds
[2025-09-29T17:06:05.123+0000] {processor.py:161} INFO - Started process (PID=5608) to work on /home/airflow/.local/lib/python3.12/site-packages/airflow/example_dags/example_datasets.py
[2025-09-29T17:06:05.131+0000] {processor.py:830} INFO - Processing file /home/airflow/.local/lib/python3.12/site-packages/airflow/example_dags/example_datasets.py for tasks to queue
[2025-09-29T17:06:05.136+0000] {logging_mixin.py:188} INFO - [2025-09-29T17:06:05.135+0000] {dagbag.py:545} INFO - Filling up the DagBag from /home/airflow/.local/lib/python3.12/site-packages/airflow/example_dags/example_datasets.py
[2025-09-29T17:06:05.174+0000] {processor.py:840} INFO - DAG(s) 'consume_1_or_both_2_and_3_with_dataset_expressions', 'consume_1_and_2_with_dataset_expressions', 'dataset_consumes_1', 'dataset_consumes_unknown_never_scheduled', 'consume_1_or_2_with_dataset_expressions', 'dataset_produces_2', 'conditional_dataset_and_time_based_timetable', 'dataset_produces_1', 'dataset_consumes_1_never_scheduled', 'dataset_consumes_1_and_2' retrieved from /home/airflow/.local/lib/python3.12/site-packages/airflow/example_dags/example_datasets.py
[2025-09-29T17:06:05.312+0000] {logging_mixin.py:188} INFO - [2025-09-29T17:06:05.312+0000] {dag.py:3089} INFO - Sync 10 DAGs
[2025-09-29T17:06:05.380+0000] {logging_mixin.py:188} INFO - [2025-09-29T17:06:05.380+0000] {dag.py:3947} INFO - Setting next_dagrun for conditional_dataset_and_time_based_timetable to 2025-09-24 01:00:00+00:00, run_after=2025-09-24 01:00:00+00:00
[2025-09-29T17:06:05.389+0000] {logging_mixin.py:188} INFO - [2025-09-29T17:06:05.388+0000] {dag.py:3947} INFO - Setting next_dagrun for consume_1_and_2_with_dataset_expressions to None, run_after=None
[2025-09-29T17:06:05.392+0000] {logging_mixin.py:188} INFO - [2025-09-29T17:06:05.391+0000] {dag.py:3947} INFO - Setting next_dagrun for consume_1_or_2_with_dataset_expressions to None, run_after=None
[2025-09-29T17:06:05.395+0000] {logging_mixin.py:188} INFO - [2025-09-29T17:06:05.394+0000] {dag.py:3947} INFO - Setting next_dagrun for consume_1_or_both_2_and_3_with_dataset_expressions to None, run_after=None
[2025-09-29T17:06:05.398+0000] {logging_mixin.py:188} INFO - [2025-09-29T17:06:05.397+0000] {dag.py:3947} INFO - Setting next_dagrun for dataset_consumes_1 to None, run_after=None
[2025-09-29T17:06:05.402+0000] {logging_mixin.py:188} INFO - [2025-09-29T17:06:05.401+0000] {dag.py:3947} INFO - Setting next_dagrun for dataset_consumes_1_and_2 to None, run_after=None
[2025-09-29T17:06:05.405+0000] {logging_mixin.py:188} INFO - [2025-09-29T17:06:05.405+0000] {dag.py:3947} INFO - Setting next_dagrun for dataset_consumes_1_never_scheduled to None, run_after=None
[2025-09-29T17:06:05.409+0000] {logging_mixin.py:188} INFO - [2025-09-29T17:06:05.409+0000] {dag.py:3947} INFO - Setting next_dagrun for dataset_consumes_unknown_never_scheduled to None, run_after=None
[2025-09-29T17:06:05.415+0000] {logging_mixin.py:188} INFO - [2025-09-29T17:06:05.414+0000] {dag.py:3947} INFO - Setting next_dagrun for dataset_produces_1 to 2025-09-28 00:00:00+00:00, run_after=2025-09-29 00:00:00+00:00
[2025-09-29T17:06:05.418+0000] {logging_mixin.py:188} INFO - [2025-09-29T17:06:05.418+0000] {dag.py:3947} INFO - Setting next_dagrun for dataset_produces_2 to None, run_after=None
[2025-09-29T17:06:05.509+0000] {processor.py:183} INFO - Processing /home/airflow/.local/lib/python3.12/site-packages/airflow/example_dags/example_datasets.py took 0.402 seconds
[2025-09-29T17:06:36.634+0000] {processor.py:161} INFO - Started process (PID=5870) to work on /home/airflow/.local/lib/python3.12/site-packages/airflow/example_dags/example_datasets.py
[2025-09-29T17:06:36.644+0000] {processor.py:830} INFO - Processing file /home/airflow/.local/lib/python3.12/site-packages/airflow/example_dags/example_datasets.py for tasks to queue
[2025-09-29T17:06:36.650+0000] {logging_mixin.py:188} INFO - [2025-09-29T17:06:36.648+0000] {dagbag.py:545} INFO - Filling up the DagBag from /home/airflow/.local/lib/python3.12/site-packages/airflow/example_dags/example_datasets.py
[2025-09-29T17:06:36.699+0000] {processor.py:840} INFO - DAG(s) 'dataset_produces_1', 'consume_1_or_2_with_dataset_expressions', 'dataset_consumes_unknown_never_scheduled', 'dataset_consumes_1_never_scheduled', 'dataset_consumes_1_and_2', 'conditional_dataset_and_time_based_timetable', 'dataset_produces_2', 'consume_1_and_2_with_dataset_expressions', 'dataset_consumes_1', 'consume_1_or_both_2_and_3_with_dataset_expressions' retrieved from /home/airflow/.local/lib/python3.12/site-packages/airflow/example_dags/example_datasets.py
[2025-09-29T17:06:36.846+0000] {logging_mixin.py:188} INFO - [2025-09-29T17:06:36.845+0000] {dag.py:3089} INFO - Sync 10 DAGs
[2025-09-29T17:06:36.915+0000] {logging_mixin.py:188} INFO - [2025-09-29T17:06:36.914+0000] {dag.py:3947} INFO - Setting next_dagrun for conditional_dataset_and_time_based_timetable to 2025-09-24 01:00:00+00:00, run_after=2025-09-24 01:00:00+00:00
[2025-09-29T17:06:36.924+0000] {logging_mixin.py:188} INFO - [2025-09-29T17:06:36.923+0000] {dag.py:3947} INFO - Setting next_dagrun for consume_1_and_2_with_dataset_expressions to None, run_after=None
[2025-09-29T17:06:36.928+0000] {logging_mixin.py:188} INFO - [2025-09-29T17:06:36.927+0000] {dag.py:3947} INFO - Setting next_dagrun for consume_1_or_2_with_dataset_expressions to None, run_after=None
[2025-09-29T17:06:36.932+0000] {logging_mixin.py:188} INFO - [2025-09-29T17:06:36.931+0000] {dag.py:3947} INFO - Setting next_dagrun for consume_1_or_both_2_and_3_with_dataset_expressions to None, run_after=None
[2025-09-29T17:06:36.935+0000] {logging_mixin.py:188} INFO - [2025-09-29T17:06:36.935+0000] {dag.py:3947} INFO - Setting next_dagrun for dataset_consumes_1 to None, run_after=None
[2025-09-29T17:06:36.938+0000] {logging_mixin.py:188} INFO - [2025-09-29T17:06:36.938+0000] {dag.py:3947} INFO - Setting next_dagrun for dataset_consumes_1_and_2 to None, run_after=None
[2025-09-29T17:06:36.942+0000] {logging_mixin.py:188} INFO - [2025-09-29T17:06:36.941+0000] {dag.py:3947} INFO - Setting next_dagrun for dataset_consumes_1_never_scheduled to None, run_after=None
[2025-09-29T17:06:36.946+0000] {logging_mixin.py:188} INFO - [2025-09-29T17:06:36.945+0000] {dag.py:3947} INFO - Setting next_dagrun for dataset_consumes_unknown_never_scheduled to None, run_after=None
[2025-09-29T17:06:36.952+0000] {logging_mixin.py:188} INFO - [2025-09-29T17:06:36.951+0000] {dag.py:3947} INFO - Setting next_dagrun for dataset_produces_1 to 2025-09-28 00:00:00+00:00, run_after=2025-09-29 00:00:00+00:00
[2025-09-29T17:06:36.955+0000] {logging_mixin.py:188} INFO - [2025-09-29T17:06:36.955+0000] {dag.py:3947} INFO - Setting next_dagrun for dataset_produces_2 to None, run_after=None
[2025-09-29T17:06:37.069+0000] {processor.py:183} INFO - Processing /home/airflow/.local/lib/python3.12/site-packages/airflow/example_dags/example_datasets.py took 0.452 seconds
[2025-09-29T17:07:07.293+0000] {processor.py:161} INFO - Started process (PID=6125) to work on /home/airflow/.local/lib/python3.12/site-packages/airflow/example_dags/example_datasets.py
[2025-09-29T17:07:07.304+0000] {processor.py:830} INFO - Processing file /home/airflow/.local/lib/python3.12/site-packages/airflow/example_dags/example_datasets.py for tasks to queue
[2025-09-29T17:07:07.316+0000] {logging_mixin.py:188} INFO - [2025-09-29T17:07:07.315+0000] {dagbag.py:545} INFO - Filling up the DagBag from /home/airflow/.local/lib/python3.12/site-packages/airflow/example_dags/example_datasets.py
[2025-09-29T17:07:07.457+0000] {processor.py:840} INFO - DAG(s) 'dataset_consumes_1', 'dataset_produces_1', 'consume_1_or_both_2_and_3_with_dataset_expressions', 'conditional_dataset_and_time_based_timetable', 'dataset_consumes_1_and_2', 'dataset_consumes_1_never_scheduled', 'consume_1_and_2_with_dataset_expressions', 'consume_1_or_2_with_dataset_expressions', 'dataset_produces_2', 'dataset_consumes_unknown_never_scheduled' retrieved from /home/airflow/.local/lib/python3.12/site-packages/airflow/example_dags/example_datasets.py
[2025-09-29T17:07:08.397+0000] {logging_mixin.py:188} INFO - [2025-09-29T17:07:08.396+0000] {dag.py:3089} INFO - Sync 10 DAGs
[2025-09-29T17:07:08.508+0000] {logging_mixin.py:188} INFO - [2025-09-29T17:07:08.507+0000] {dag.py:3111} INFO - Creating ORM DAG for conditional_dataset_and_time_based_timetable
[2025-09-29T17:07:06.981+0000] {logging_mixin.py:188} INFO - [2025-09-29T17:07:06.980+0000] {dag.py:3947} INFO - Setting next_dagrun for conditional_dataset_and_time_based_timetable to 2025-09-24 01:00:00+00:00, run_after=2025-09-24 01:00:00+00:00
[2025-09-29T17:07:06.984+0000] {logging_mixin.py:188} INFO - [2025-09-29T17:07:06.983+0000] {dag.py:3947} INFO - Setting next_dagrun for consume_1_and_2_with_dataset_expressions to None, run_after=None
[2025-09-29T17:07:07.019+0000] {logging_mixin.py:188} INFO - [2025-09-29T17:07:07.017+0000] {dag.py:3947} INFO - Setting next_dagrun for consume_1_or_2_with_dataset_expressions to None, run_after=None
[2025-09-29T17:07:07.031+0000] {logging_mixin.py:188} INFO - [2025-09-29T17:07:07.030+0000] {dag.py:3947} INFO - Setting next_dagrun for consume_1_or_both_2_and_3_with_dataset_expressions to None, run_after=None
[2025-09-29T17:07:07.048+0000] {logging_mixin.py:188} INFO - [2025-09-29T17:07:07.048+0000] {dag.py:3947} INFO - Setting next_dagrun for dataset_consumes_1 to None, run_after=None
[2025-09-29T17:07:07.060+0000] {logging_mixin.py:188} INFO - [2025-09-29T17:07:07.060+0000] {dag.py:3947} INFO - Setting next_dagrun for dataset_consumes_1_and_2 to None, run_after=None
[2025-09-29T17:07:07.069+0000] {logging_mixin.py:188} INFO - [2025-09-29T17:07:07.068+0000] {dag.py:3947} INFO - Setting next_dagrun for dataset_consumes_1_never_scheduled to None, run_after=None
[2025-09-29T17:07:07.074+0000] {logging_mixin.py:188} INFO - [2025-09-29T17:07:07.074+0000] {dag.py:3947} INFO - Setting next_dagrun for dataset_consumes_unknown_never_scheduled to None, run_after=None
[2025-09-29T17:07:07.090+0000] {logging_mixin.py:188} INFO - [2025-09-29T17:07:07.089+0000] {dag.py:3947} INFO - Setting next_dagrun for dataset_produces_1 to 2025-09-28 00:00:00+00:00, run_after=2025-09-29 00:00:00+00:00
[2025-09-29T17:07:07.118+0000] {logging_mixin.py:188} INFO - [2025-09-29T17:07:07.117+0000] {dag.py:3947} INFO - Setting next_dagrun for dataset_produces_2 to None, run_after=None
[2025-09-29T17:07:07.551+0000] {processor.py:183} INFO - Processing /home/airflow/.local/lib/python3.12/site-packages/airflow/example_dags/example_datasets.py took 1.940 seconds
[2025-09-29T17:07:38.284+0000] {processor.py:161} INFO - Started process (PID=6384) to work on /home/airflow/.local/lib/python3.12/site-packages/airflow/example_dags/example_datasets.py
[2025-09-29T17:07:38.287+0000] {processor.py:830} INFO - Processing file /home/airflow/.local/lib/python3.12/site-packages/airflow/example_dags/example_datasets.py for tasks to queue
[2025-09-29T17:07:38.291+0000] {logging_mixin.py:188} INFO - [2025-09-29T17:07:38.291+0000] {dagbag.py:545} INFO - Filling up the DagBag from /home/airflow/.local/lib/python3.12/site-packages/airflow/example_dags/example_datasets.py
[2025-09-29T17:07:38.326+0000] {processor.py:840} INFO - DAG(s) 'consume_1_or_2_with_dataset_expressions', 'dataset_produces_1', 'dataset_consumes_1_never_scheduled', 'consume_1_and_2_with_dataset_expressions', 'dataset_consumes_1_and_2', 'dataset_consumes_1', 'consume_1_or_both_2_and_3_with_dataset_expressions', 'conditional_dataset_and_time_based_timetable', 'dataset_consumes_unknown_never_scheduled', 'dataset_produces_2' retrieved from /home/airflow/.local/lib/python3.12/site-packages/airflow/example_dags/example_datasets.py
[2025-09-29T17:07:38.456+0000] {logging_mixin.py:188} INFO - [2025-09-29T17:07:38.456+0000] {dag.py:3089} INFO - Sync 10 DAGs
[2025-09-29T17:07:38.517+0000] {logging_mixin.py:188} INFO - [2025-09-29T17:07:38.517+0000] {dag.py:3947} INFO - Setting next_dagrun for conditional_dataset_and_time_based_timetable to 2025-09-24 01:00:00+00:00, run_after=2025-09-24 01:00:00+00:00
[2025-09-29T17:07:38.525+0000] {logging_mixin.py:188} INFO - [2025-09-29T17:07:38.525+0000] {dag.py:3947} INFO - Setting next_dagrun for consume_1_and_2_with_dataset_expressions to None, run_after=None
[2025-09-29T17:07:38.528+0000] {logging_mixin.py:188} INFO - [2025-09-29T17:07:38.528+0000] {dag.py:3947} INFO - Setting next_dagrun for consume_1_or_2_with_dataset_expressions to None, run_after=None
[2025-09-29T17:07:38.532+0000] {logging_mixin.py:188} INFO - [2025-09-29T17:07:38.531+0000] {dag.py:3947} INFO - Setting next_dagrun for consume_1_or_both_2_and_3_with_dataset_expressions to None, run_after=None
[2025-09-29T17:07:38.535+0000] {logging_mixin.py:188} INFO - [2025-09-29T17:07:38.535+0000] {dag.py:3947} INFO - Setting next_dagrun for dataset_consumes_1 to None, run_after=None
[2025-09-29T17:07:38.538+0000] {logging_mixin.py:188} INFO - [2025-09-29T17:07:38.538+0000] {dag.py:3947} INFO - Setting next_dagrun for dataset_consumes_1_and_2 to None, run_after=None
[2025-09-29T17:07:38.541+0000] {logging_mixin.py:188} INFO - [2025-09-29T17:07:38.541+0000] {dag.py:3947} INFO - Setting next_dagrun for dataset_consumes_1_never_scheduled to None, run_after=None
[2025-09-29T17:07:38.544+0000] {logging_mixin.py:188} INFO - [2025-09-29T17:07:38.544+0000] {dag.py:3947} INFO - Setting next_dagrun for dataset_consumes_unknown_never_scheduled to None, run_after=None
[2025-09-29T17:07:38.552+0000] {logging_mixin.py:188} INFO - [2025-09-29T17:07:38.552+0000] {dag.py:3947} INFO - Setting next_dagrun for dataset_produces_1 to 2025-09-28 00:00:00+00:00, run_after=2025-09-29 00:00:00+00:00
[2025-09-29T17:07:38.555+0000] {logging_mixin.py:188} INFO - [2025-09-29T17:07:38.554+0000] {dag.py:3947} INFO - Setting next_dagrun for dataset_produces_2 to None, run_after=None
[2025-09-29T17:07:38.652+0000] {processor.py:183} INFO - Processing /home/airflow/.local/lib/python3.12/site-packages/airflow/example_dags/example_datasets.py took 0.384 seconds
[2025-09-29T17:08:08.771+0000] {processor.py:161} INFO - Started process (PID=6646) to work on /home/airflow/.local/lib/python3.12/site-packages/airflow/example_dags/example_datasets.py
[2025-09-29T17:08:08.774+0000] {processor.py:830} INFO - Processing file /home/airflow/.local/lib/python3.12/site-packages/airflow/example_dags/example_datasets.py for tasks to queue
[2025-09-29T17:08:08.779+0000] {logging_mixin.py:188} INFO - [2025-09-29T17:08:08.778+0000] {dagbag.py:545} INFO - Filling up the DagBag from /home/airflow/.local/lib/python3.12/site-packages/airflow/example_dags/example_datasets.py
[2025-09-29T17:08:08.815+0000] {processor.py:840} INFO - DAG(s) 'dataset_produces_1', 'dataset_consumes_1_never_scheduled', 'consume_1_or_both_2_and_3_with_dataset_expressions', 'consume_1_or_2_with_dataset_expressions', 'consume_1_and_2_with_dataset_expressions', 'conditional_dataset_and_time_based_timetable', 'dataset_consumes_1_and_2', 'dataset_consumes_1', 'dataset_consumes_unknown_never_scheduled', 'dataset_produces_2' retrieved from /home/airflow/.local/lib/python3.12/site-packages/airflow/example_dags/example_datasets.py
[2025-09-29T17:08:08.952+0000] {logging_mixin.py:188} INFO - [2025-09-29T17:08:08.952+0000] {dag.py:3089} INFO - Sync 10 DAGs
[2025-09-29T17:08:09.016+0000] {logging_mixin.py:188} INFO - [2025-09-29T17:08:09.016+0000] {dag.py:3947} INFO - Setting next_dagrun for conditional_dataset_and_time_based_timetable to 2025-09-24 01:00:00+00:00, run_after=2025-09-24 01:00:00+00:00
[2025-09-29T17:08:09.025+0000] {logging_mixin.py:188} INFO - [2025-09-29T17:08:09.024+0000] {dag.py:3947} INFO - Setting next_dagrun for consume_1_and_2_with_dataset_expressions to None, run_after=None
[2025-09-29T17:08:09.028+0000] {logging_mixin.py:188} INFO - [2025-09-29T17:08:09.027+0000] {dag.py:3947} INFO - Setting next_dagrun for consume_1_or_2_with_dataset_expressions to None, run_after=None
[2025-09-29T17:08:09.032+0000] {logging_mixin.py:188} INFO - [2025-09-29T17:08:09.031+0000] {dag.py:3947} INFO - Setting next_dagrun for consume_1_or_both_2_and_3_with_dataset_expressions to None, run_after=None
[2025-09-29T17:08:09.036+0000] {logging_mixin.py:188} INFO - [2025-09-29T17:08:09.035+0000] {dag.py:3947} INFO - Setting next_dagrun for dataset_consumes_1 to None, run_after=None
[2025-09-29T17:08:09.039+0000] {logging_mixin.py:188} INFO - [2025-09-29T17:08:09.039+0000] {dag.py:3947} INFO - Setting next_dagrun for dataset_consumes_1_and_2 to None, run_after=None
[2025-09-29T17:08:09.042+0000] {logging_mixin.py:188} INFO - [2025-09-29T17:08:09.041+0000] {dag.py:3947} INFO - Setting next_dagrun for dataset_consumes_1_never_scheduled to None, run_after=None
[2025-09-29T17:08:09.045+0000] {logging_mixin.py:188} INFO - [2025-09-29T17:08:09.044+0000] {dag.py:3947} INFO - Setting next_dagrun for dataset_consumes_unknown_never_scheduled to None, run_after=None
[2025-09-29T17:08:09.051+0000] {logging_mixin.py:188} INFO - [2025-09-29T17:08:09.051+0000] {dag.py:3947} INFO - Setting next_dagrun for dataset_produces_1 to 2025-09-28 00:00:00+00:00, run_after=2025-09-29 00:00:00+00:00
[2025-09-29T17:08:09.055+0000] {logging_mixin.py:188} INFO - [2025-09-29T17:08:09.055+0000] {dag.py:3947} INFO - Setting next_dagrun for dataset_produces_2 to None, run_after=None
[2025-09-29T17:08:09.170+0000] {processor.py:183} INFO - Processing /home/airflow/.local/lib/python3.12/site-packages/airflow/example_dags/example_datasets.py took 0.415 seconds
[2025-09-29T17:08:39.492+0000] {processor.py:161} INFO - Started process (PID=6908) to work on /home/airflow/.local/lib/python3.12/site-packages/airflow/example_dags/example_datasets.py
[2025-09-29T17:08:39.495+0000] {processor.py:830} INFO - Processing file /home/airflow/.local/lib/python3.12/site-packages/airflow/example_dags/example_datasets.py for tasks to queue
[2025-09-29T17:08:39.500+0000] {logging_mixin.py:188} INFO - [2025-09-29T17:08:39.499+0000] {dagbag.py:545} INFO - Filling up the DagBag from /home/airflow/.local/lib/python3.12/site-packages/airflow/example_dags/example_datasets.py
[2025-09-29T17:08:39.538+0000] {processor.py:840} INFO - DAG(s) 'consume_1_or_both_2_and_3_with_dataset_expressions', 'conditional_dataset_and_time_based_timetable', 'consume_1_or_2_with_dataset_expressions', 'dataset_produces_1', 'dataset_consumes_1_and_2', 'consume_1_and_2_with_dataset_expressions', 'dataset_produces_2', 'dataset_consumes_unknown_never_scheduled', 'dataset_consumes_1_never_scheduled', 'dataset_consumes_1' retrieved from /home/airflow/.local/lib/python3.12/site-packages/airflow/example_dags/example_datasets.py
[2025-09-29T17:08:39.688+0000] {logging_mixin.py:188} INFO - [2025-09-29T17:08:39.688+0000] {dag.py:3089} INFO - Sync 10 DAGs
[2025-09-29T17:08:39.764+0000] {logging_mixin.py:188} INFO - [2025-09-29T17:08:39.763+0000] {dag.py:3947} INFO - Setting next_dagrun for conditional_dataset_and_time_based_timetable to 2025-09-24 01:00:00+00:00, run_after=2025-09-24 01:00:00+00:00
[2025-09-29T17:08:39.775+0000] {logging_mixin.py:188} INFO - [2025-09-29T17:08:39.774+0000] {dag.py:3947} INFO - Setting next_dagrun for consume_1_and_2_with_dataset_expressions to None, run_after=None
[2025-09-29T17:08:39.781+0000] {logging_mixin.py:188} INFO - [2025-09-29T17:08:39.779+0000] {dag.py:3947} INFO - Setting next_dagrun for consume_1_or_2_with_dataset_expressions to None, run_after=None
[2025-09-29T17:08:39.785+0000] {logging_mixin.py:188} INFO - [2025-09-29T17:08:39.784+0000] {dag.py:3947} INFO - Setting next_dagrun for consume_1_or_both_2_and_3_with_dataset_expressions to None, run_after=None
[2025-09-29T17:08:39.788+0000] {logging_mixin.py:188} INFO - [2025-09-29T17:08:39.788+0000] {dag.py:3947} INFO - Setting next_dagrun for dataset_consumes_1 to None, run_after=None
[2025-09-29T17:08:39.792+0000] {logging_mixin.py:188} INFO - [2025-09-29T17:08:39.791+0000] {dag.py:3947} INFO - Setting next_dagrun for dataset_consumes_1_and_2 to None, run_after=None
[2025-09-29T17:08:39.797+0000] {logging_mixin.py:188} INFO - [2025-09-29T17:08:39.796+0000] {dag.py:3947} INFO - Setting next_dagrun for dataset_consumes_1_never_scheduled to None, run_after=None
[2025-09-29T17:08:39.802+0000] {logging_mixin.py:188} INFO - [2025-09-29T17:08:39.802+0000] {dag.py:3947} INFO - Setting next_dagrun for dataset_consumes_unknown_never_scheduled to None, run_after=None
[2025-09-29T17:08:39.809+0000] {logging_mixin.py:188} INFO - [2025-09-29T17:08:39.808+0000] {dag.py:3947} INFO - Setting next_dagrun for dataset_produces_1 to 2025-09-28 00:00:00+00:00, run_after=2025-09-29 00:00:00+00:00
[2025-09-29T17:08:39.813+0000] {logging_mixin.py:188} INFO - [2025-09-29T17:08:39.812+0000] {dag.py:3947} INFO - Setting next_dagrun for dataset_produces_2 to None, run_after=None
[2025-09-29T17:08:39.930+0000] {processor.py:183} INFO - Processing /home/airflow/.local/lib/python3.12/site-packages/airflow/example_dags/example_datasets.py took 0.459 seconds
[2025-09-29T17:09:10.191+0000] {processor.py:161} INFO - Started process (PID=7168) to work on /home/airflow/.local/lib/python3.12/site-packages/airflow/example_dags/example_datasets.py
[2025-09-29T17:09:10.195+0000] {processor.py:830} INFO - Processing file /home/airflow/.local/lib/python3.12/site-packages/airflow/example_dags/example_datasets.py for tasks to queue
[2025-09-29T17:09:10.206+0000] {logging_mixin.py:188} INFO - [2025-09-29T17:09:10.203+0000] {dagbag.py:545} INFO - Filling up the DagBag from /home/airflow/.local/lib/python3.12/site-packages/airflow/example_dags/example_datasets.py
[2025-09-29T17:09:10.541+0000] {processor.py:840} INFO - DAG(s) 'dataset_consumes_1_and_2', 'consume_1_or_2_with_dataset_expressions', 'conditional_dataset_and_time_based_timetable', 'consume_1_or_both_2_and_3_with_dataset_expressions', 'dataset_consumes_1', 'dataset_consumes_unknown_never_scheduled', 'dataset_produces_2', 'consume_1_and_2_with_dataset_expressions', 'dataset_consumes_1_never_scheduled', 'dataset_produces_1' retrieved from /home/airflow/.local/lib/python3.12/site-packages/airflow/example_dags/example_datasets.py
[2025-09-29T17:09:10.806+0000] {logging_mixin.py:188} INFO - [2025-09-29T17:09:10.805+0000] {dag.py:3089} INFO - Sync 10 DAGs
[2025-09-29T17:09:10.973+0000] {logging_mixin.py:188} INFO - [2025-09-29T17:09:10.973+0000] {dag.py:3947} INFO - Setting next_dagrun for conditional_dataset_and_time_based_timetable to 2025-09-24 01:00:00+00:00, run_after=2025-09-24 01:00:00+00:00
[2025-09-29T17:09:10.983+0000] {logging_mixin.py:188} INFO - [2025-09-29T17:09:10.983+0000] {dag.py:3947} INFO - Setting next_dagrun for consume_1_and_2_with_dataset_expressions to None, run_after=None
[2025-09-29T17:09:10.987+0000] {logging_mixin.py:188} INFO - [2025-09-29T17:09:10.986+0000] {dag.py:3947} INFO - Setting next_dagrun for consume_1_or_2_with_dataset_expressions to None, run_after=None
[2025-09-29T17:09:10.990+0000] {logging_mixin.py:188} INFO - [2025-09-29T17:09:10.990+0000] {dag.py:3947} INFO - Setting next_dagrun for consume_1_or_both_2_and_3_with_dataset_expressions to None, run_after=None
[2025-09-29T17:09:10.994+0000] {logging_mixin.py:188} INFO - [2025-09-29T17:09:10.994+0000] {dag.py:3947} INFO - Setting next_dagrun for dataset_consumes_1 to None, run_after=None
[2025-09-29T17:09:10.998+0000] {logging_mixin.py:188} INFO - [2025-09-29T17:09:10.997+0000] {dag.py:3947} INFO - Setting next_dagrun for dataset_consumes_1_and_2 to None, run_after=None
[2025-09-29T17:09:11.000+0000] {logging_mixin.py:188} INFO - [2025-09-29T17:09:11.000+0000] {dag.py:3947} INFO - Setting next_dagrun for dataset_consumes_1_never_scheduled to None, run_after=None
[2025-09-29T17:09:11.004+0000] {logging_mixin.py:188} INFO - [2025-09-29T17:09:11.003+0000] {dag.py:3947} INFO - Setting next_dagrun for dataset_consumes_unknown_never_scheduled to None, run_after=None
[2025-09-29T17:09:11.011+0000] {logging_mixin.py:188} INFO - [2025-09-29T17:09:11.010+0000] {dag.py:3947} INFO - Setting next_dagrun for dataset_produces_1 to 2025-09-28 00:00:00+00:00, run_after=2025-09-29 00:00:00+00:00
[2025-09-29T17:09:11.014+0000] {logging_mixin.py:188} INFO - [2025-09-29T17:09:11.013+0000] {dag.py:3947} INFO - Setting next_dagrun for dataset_produces_2 to None, run_after=None
[2025-09-29T17:09:12.080+0000] {processor.py:183} INFO - Processing /home/airflow/.local/lib/python3.12/site-packages/airflow/example_dags/example_datasets.py took 1.919 seconds
[2025-09-29T17:09:42.865+0000] {processor.py:161} INFO - Started process (PID=7432) to work on /home/airflow/.local/lib/python3.12/site-packages/airflow/example_dags/example_datasets.py
[2025-09-29T17:09:42.869+0000] {processor.py:830} INFO - Processing file /home/airflow/.local/lib/python3.12/site-packages/airflow/example_dags/example_datasets.py for tasks to queue
[2025-09-29T17:09:42.875+0000] {logging_mixin.py:188} INFO - [2025-09-29T17:09:42.874+0000] {dagbag.py:545} INFO - Filling up the DagBag from /home/airflow/.local/lib/python3.12/site-packages/airflow/example_dags/example_datasets.py
[2025-09-29T17:09:42.931+0000] {processor.py:840} INFO - DAG(s) 'dataset_consumes_1', 'consume_1_or_both_2_and_3_with_dataset_expressions', 'dataset_consumes_unknown_never_scheduled', 'dataset_consumes_1_never_scheduled', 'dataset_produces_1', 'consume_1_or_2_with_dataset_expressions', 'dataset_produces_2', 'conditional_dataset_and_time_based_timetable', 'consume_1_and_2_with_dataset_expressions', 'dataset_consumes_1_and_2' retrieved from /home/airflow/.local/lib/python3.12/site-packages/airflow/example_dags/example_datasets.py
[2025-09-29T17:09:43.066+0000] {logging_mixin.py:188} INFO - [2025-09-29T17:09:43.065+0000] {dag.py:3089} INFO - Sync 10 DAGs
[2025-09-29T17:09:43.133+0000] {logging_mixin.py:188} INFO - [2025-09-29T17:09:43.132+0000] {dag.py:3947} INFO - Setting next_dagrun for conditional_dataset_and_time_based_timetable to 2025-09-24 01:00:00+00:00, run_after=2025-09-24 01:00:00+00:00
[2025-09-29T17:09:43.142+0000] {logging_mixin.py:188} INFO - [2025-09-29T17:09:43.141+0000] {dag.py:3947} INFO - Setting next_dagrun for consume_1_and_2_with_dataset_expressions to None, run_after=None
[2025-09-29T17:09:43.145+0000] {logging_mixin.py:188} INFO - [2025-09-29T17:09:43.145+0000] {dag.py:3947} INFO - Setting next_dagrun for consume_1_or_2_with_dataset_expressions to None, run_after=None
[2025-09-29T17:09:43.148+0000] {logging_mixin.py:188} INFO - [2025-09-29T17:09:43.148+0000] {dag.py:3947} INFO - Setting next_dagrun for consume_1_or_both_2_and_3_with_dataset_expressions to None, run_after=None
[2025-09-29T17:09:43.152+0000] {logging_mixin.py:188} INFO - [2025-09-29T17:09:43.151+0000] {dag.py:3947} INFO - Setting next_dagrun for dataset_consumes_1 to None, run_after=None
[2025-09-29T17:09:43.155+0000] {logging_mixin.py:188} INFO - [2025-09-29T17:09:43.155+0000] {dag.py:3947} INFO - Setting next_dagrun for dataset_consumes_1_and_2 to None, run_after=None
[2025-09-29T17:09:43.158+0000] {logging_mixin.py:188} INFO - [2025-09-29T17:09:43.158+0000] {dag.py:3947} INFO - Setting next_dagrun for dataset_consumes_1_never_scheduled to None, run_after=None
[2025-09-29T17:09:43.162+0000] {logging_mixin.py:188} INFO - [2025-09-29T17:09:43.161+0000] {dag.py:3947} INFO - Setting next_dagrun for dataset_consumes_unknown_never_scheduled to None, run_after=None
[2025-09-29T17:09:43.168+0000] {logging_mixin.py:188} INFO - [2025-09-29T17:09:43.168+0000] {dag.py:3947} INFO - Setting next_dagrun for dataset_produces_1 to 2025-09-28 00:00:00+00:00, run_after=2025-09-29 00:00:00+00:00
[2025-09-29T17:09:43.171+0000] {logging_mixin.py:188} INFO - [2025-09-29T17:09:43.171+0000] {dag.py:3947} INFO - Setting next_dagrun for dataset_produces_2 to None, run_after=None
[2025-09-29T17:09:43.269+0000] {processor.py:183} INFO - Processing /home/airflow/.local/lib/python3.12/site-packages/airflow/example_dags/example_datasets.py took 0.426 seconds
[2025-09-29T17:10:13.751+0000] {processor.py:161} INFO - Started process (PID=7694) to work on /home/airflow/.local/lib/python3.12/site-packages/airflow/example_dags/example_datasets.py
[2025-09-29T17:10:13.754+0000] {processor.py:830} INFO - Processing file /home/airflow/.local/lib/python3.12/site-packages/airflow/example_dags/example_datasets.py for tasks to queue
[2025-09-29T17:10:13.761+0000] {logging_mixin.py:188} INFO - [2025-09-29T17:10:13.760+0000] {dagbag.py:545} INFO - Filling up the DagBag from /home/airflow/.local/lib/python3.12/site-packages/airflow/example_dags/example_datasets.py
[2025-09-29T17:10:13.810+0000] {processor.py:840} INFO - DAG(s) 'dataset_consumes_1_never_scheduled', 'conditional_dataset_and_time_based_timetable', 'dataset_produces_1', 'consume_1_or_both_2_and_3_with_dataset_expressions', 'dataset_consumes_1_and_2', 'dataset_produces_2', 'dataset_consumes_1', 'dataset_consumes_unknown_never_scheduled', 'consume_1_or_2_with_dataset_expressions', 'consume_1_and_2_with_dataset_expressions' retrieved from /home/airflow/.local/lib/python3.12/site-packages/airflow/example_dags/example_datasets.py
[2025-09-29T17:10:13.936+0000] {logging_mixin.py:188} INFO - [2025-09-29T17:10:13.936+0000] {dag.py:3089} INFO - Sync 10 DAGs
[2025-09-29T17:10:13.996+0000] {logging_mixin.py:188} INFO - [2025-09-29T17:10:13.996+0000] {dag.py:3947} INFO - Setting next_dagrun for conditional_dataset_and_time_based_timetable to 2025-09-24 01:00:00+00:00, run_after=2025-09-24 01:00:00+00:00
[2025-09-29T17:10:14.004+0000] {logging_mixin.py:188} INFO - [2025-09-29T17:10:14.004+0000] {dag.py:3947} INFO - Setting next_dagrun for consume_1_and_2_with_dataset_expressions to None, run_after=None
[2025-09-29T17:10:14.008+0000] {logging_mixin.py:188} INFO - [2025-09-29T17:10:14.008+0000] {dag.py:3947} INFO - Setting next_dagrun for consume_1_or_2_with_dataset_expressions to None, run_after=None
[2025-09-29T17:10:14.011+0000] {logging_mixin.py:188} INFO - [2025-09-29T17:10:14.011+0000] {dag.py:3947} INFO - Setting next_dagrun for consume_1_or_both_2_and_3_with_dataset_expressions to None, run_after=None
[2025-09-29T17:10:14.015+0000] {logging_mixin.py:188} INFO - [2025-09-29T17:10:14.014+0000] {dag.py:3947} INFO - Setting next_dagrun for dataset_consumes_1 to None, run_after=None
[2025-09-29T17:10:14.018+0000] {logging_mixin.py:188} INFO - [2025-09-29T17:10:14.018+0000] {dag.py:3947} INFO - Setting next_dagrun for dataset_consumes_1_and_2 to None, run_after=None
[2025-09-29T17:10:14.022+0000] {logging_mixin.py:188} INFO - [2025-09-29T17:10:14.021+0000] {dag.py:3947} INFO - Setting next_dagrun for dataset_consumes_1_never_scheduled to None, run_after=None
[2025-09-29T17:10:14.025+0000] {logging_mixin.py:188} INFO - [2025-09-29T17:10:14.025+0000] {dag.py:3947} INFO - Setting next_dagrun for dataset_consumes_unknown_never_scheduled to None, run_after=None
[2025-09-29T17:10:14.032+0000] {logging_mixin.py:188} INFO - [2025-09-29T17:10:14.032+0000] {dag.py:3947} INFO - Setting next_dagrun for dataset_produces_1 to 2025-09-28 00:00:00+00:00, run_after=2025-09-29 00:00:00+00:00
[2025-09-29T17:10:14.036+0000] {logging_mixin.py:188} INFO - [2025-09-29T17:10:14.035+0000] {dag.py:3947} INFO - Setting next_dagrun for dataset_produces_2 to None, run_after=None
[2025-09-29T17:10:14.140+0000] {processor.py:183} INFO - Processing /home/airflow/.local/lib/python3.12/site-packages/airflow/example_dags/example_datasets.py took 0.409 seconds
[2025-09-29T17:10:44.726+0000] {processor.py:161} INFO - Started process (PID=7959) to work on /home/airflow/.local/lib/python3.12/site-packages/airflow/example_dags/example_datasets.py
[2025-09-29T17:10:44.730+0000] {processor.py:830} INFO - Processing file /home/airflow/.local/lib/python3.12/site-packages/airflow/example_dags/example_datasets.py for tasks to queue
[2025-09-29T17:10:44.736+0000] {logging_mixin.py:188} INFO - [2025-09-29T17:10:44.735+0000] {dagbag.py:545} INFO - Filling up the DagBag from /home/airflow/.local/lib/python3.12/site-packages/airflow/example_dags/example_datasets.py
[2025-09-29T17:10:44.799+0000] {processor.py:840} INFO - DAG(s) 'dataset_consumes_1_and_2', 'dataset_consumes_1_never_scheduled', 'dataset_consumes_unknown_never_scheduled', 'consume_1_and_2_with_dataset_expressions', 'dataset_produces_1', 'consume_1_or_2_with_dataset_expressions', 'dataset_consumes_1', 'conditional_dataset_and_time_based_timetable', 'consume_1_or_both_2_and_3_with_dataset_expressions', 'dataset_produces_2' retrieved from /home/airflow/.local/lib/python3.12/site-packages/airflow/example_dags/example_datasets.py
[2025-09-29T17:10:44.952+0000] {logging_mixin.py:188} INFO - [2025-09-29T17:10:44.951+0000] {dag.py:3089} INFO - Sync 10 DAGs
[2025-09-29T17:10:45.095+0000] {logging_mixin.py:188} INFO - [2025-09-29T17:10:45.094+0000] {dag.py:3947} INFO - Setting next_dagrun for conditional_dataset_and_time_based_timetable to 2025-09-24 01:00:00+00:00, run_after=2025-09-24 01:00:00+00:00
[2025-09-29T17:10:45.114+0000] {logging_mixin.py:188} INFO - [2025-09-29T17:10:45.108+0000] {dag.py:3947} INFO - Setting next_dagrun for consume_1_and_2_with_dataset_expressions to None, run_after=None
[2025-09-29T17:10:45.120+0000] {logging_mixin.py:188} INFO - [2025-09-29T17:10:45.120+0000] {dag.py:3947} INFO - Setting next_dagrun for consume_1_or_2_with_dataset_expressions to None, run_after=None
[2025-09-29T17:10:45.125+0000] {logging_mixin.py:188} INFO - [2025-09-29T17:10:45.124+0000] {dag.py:3947} INFO - Setting next_dagrun for consume_1_or_both_2_and_3_with_dataset_expressions to None, run_after=None
[2025-09-29T17:10:45.131+0000] {logging_mixin.py:188} INFO - [2025-09-29T17:10:45.130+0000] {dag.py:3947} INFO - Setting next_dagrun for dataset_consumes_1 to None, run_after=None
[2025-09-29T17:10:45.144+0000] {logging_mixin.py:188} INFO - [2025-09-29T17:10:45.143+0000] {dag.py:3947} INFO - Setting next_dagrun for dataset_consumes_1_and_2 to None, run_after=None
[2025-09-29T17:10:45.149+0000] {logging_mixin.py:188} INFO - [2025-09-29T17:10:45.148+0000] {dag.py:3947} INFO - Setting next_dagrun for dataset_consumes_1_never_scheduled to None, run_after=None
[2025-09-29T17:10:45.155+0000] {logging_mixin.py:188} INFO - [2025-09-29T17:10:45.154+0000] {dag.py:3947} INFO - Setting next_dagrun for dataset_consumes_unknown_never_scheduled to None, run_after=None
[2025-09-29T17:10:45.165+0000] {logging_mixin.py:188} INFO - [2025-09-29T17:10:45.164+0000] {dag.py:3947} INFO - Setting next_dagrun for dataset_produces_1 to 2025-09-28 00:00:00+00:00, run_after=2025-09-29 00:00:00+00:00
[2025-09-29T17:10:45.170+0000] {logging_mixin.py:188} INFO - [2025-09-29T17:10:45.169+0000] {dag.py:3947} INFO - Setting next_dagrun for dataset_produces_2 to None, run_after=None
[2025-09-29T17:10:45.353+0000] {processor.py:183} INFO - Processing /home/airflow/.local/lib/python3.12/site-packages/airflow/example_dags/example_datasets.py took 0.652 seconds
[2025-09-29T17:11:15.994+0000] {processor.py:161} INFO - Started process (PID=8221) to work on /home/airflow/.local/lib/python3.12/site-packages/airflow/example_dags/example_datasets.py
[2025-09-29T17:11:16.003+0000] {processor.py:830} INFO - Processing file /home/airflow/.local/lib/python3.12/site-packages/airflow/example_dags/example_datasets.py for tasks to queue
[2025-09-29T17:11:16.018+0000] {logging_mixin.py:188} INFO - [2025-09-29T17:11:16.016+0000] {dagbag.py:545} INFO - Filling up the DagBag from /home/airflow/.local/lib/python3.12/site-packages/airflow/example_dags/example_datasets.py
[2025-09-29T17:11:16.061+0000] {processor.py:840} INFO - DAG(s) 'consume_1_or_2_with_dataset_expressions', 'conditional_dataset_and_time_based_timetable', 'dataset_produces_1', 'consume_1_and_2_with_dataset_expressions', 'dataset_consumes_1_never_scheduled', 'dataset_produces_2', 'dataset_consumes_unknown_never_scheduled', 'dataset_consumes_1_and_2', 'consume_1_or_both_2_and_3_with_dataset_expressions', 'dataset_consumes_1' retrieved from /home/airflow/.local/lib/python3.12/site-packages/airflow/example_dags/example_datasets.py
[2025-09-29T17:11:16.220+0000] {logging_mixin.py:188} INFO - [2025-09-29T17:11:16.219+0000] {dag.py:3089} INFO - Sync 10 DAGs
[2025-09-29T17:11:16.336+0000] {logging_mixin.py:188} INFO - [2025-09-29T17:11:16.336+0000] {dag.py:3947} INFO - Setting next_dagrun for conditional_dataset_and_time_based_timetable to 2025-09-24 01:00:00+00:00, run_after=2025-09-24 01:00:00+00:00
[2025-09-29T17:11:16.350+0000] {logging_mixin.py:188} INFO - [2025-09-29T17:11:16.349+0000] {dag.py:3947} INFO - Setting next_dagrun for consume_1_and_2_with_dataset_expressions to None, run_after=None
[2025-09-29T17:11:16.355+0000] {logging_mixin.py:188} INFO - [2025-09-29T17:11:16.354+0000] {dag.py:3947} INFO - Setting next_dagrun for consume_1_or_2_with_dataset_expressions to None, run_after=None
[2025-09-29T17:11:16.361+0000] {logging_mixin.py:188} INFO - [2025-09-29T17:11:16.360+0000] {dag.py:3947} INFO - Setting next_dagrun for consume_1_or_both_2_and_3_with_dataset_expressions to None, run_after=None
[2025-09-29T17:11:16.364+0000] {logging_mixin.py:188} INFO - [2025-09-29T17:11:16.364+0000] {dag.py:3947} INFO - Setting next_dagrun for dataset_consumes_1 to None, run_after=None
[2025-09-29T17:11:16.368+0000] {logging_mixin.py:188} INFO - [2025-09-29T17:11:16.367+0000] {dag.py:3947} INFO - Setting next_dagrun for dataset_consumes_1_and_2 to None, run_after=None
[2025-09-29T17:11:16.372+0000] {logging_mixin.py:188} INFO - [2025-09-29T17:11:16.371+0000] {dag.py:3947} INFO - Setting next_dagrun for dataset_consumes_1_never_scheduled to None, run_after=None
[2025-09-29T17:11:16.376+0000] {logging_mixin.py:188} INFO - [2025-09-29T17:11:16.376+0000] {dag.py:3947} INFO - Setting next_dagrun for dataset_consumes_unknown_never_scheduled to None, run_after=None
[2025-09-29T17:11:16.382+0000] {logging_mixin.py:188} INFO - [2025-09-29T17:11:16.382+0000] {dag.py:3947} INFO - Setting next_dagrun for dataset_produces_1 to 2025-09-28 00:00:00+00:00, run_after=2025-09-29 00:00:00+00:00
[2025-09-29T17:11:16.386+0000] {logging_mixin.py:188} INFO - [2025-09-29T17:11:16.385+0000] {dag.py:3947} INFO - Setting next_dagrun for dataset_produces_2 to None, run_after=None
[2025-09-29T17:11:16.495+0000] {processor.py:183} INFO - Processing /home/airflow/.local/lib/python3.12/site-packages/airflow/example_dags/example_datasets.py took 0.549 seconds
[2025-09-29T17:11:46.646+0000] {processor.py:161} INFO - Started process (PID=8486) to work on /home/airflow/.local/lib/python3.12/site-packages/airflow/example_dags/example_datasets.py
[2025-09-29T17:11:46.650+0000] {processor.py:830} INFO - Processing file /home/airflow/.local/lib/python3.12/site-packages/airflow/example_dags/example_datasets.py for tasks to queue
[2025-09-29T17:11:46.658+0000] {logging_mixin.py:188} INFO - [2025-09-29T17:11:46.656+0000] {dagbag.py:545} INFO - Filling up the DagBag from /home/airflow/.local/lib/python3.12/site-packages/airflow/example_dags/example_datasets.py
[2025-09-29T17:11:46.718+0000] {processor.py:840} INFO - DAG(s) 'consume_1_and_2_with_dataset_expressions', 'dataset_consumes_1', 'dataset_consumes_1_never_scheduled', 'conditional_dataset_and_time_based_timetable', 'dataset_consumes_unknown_never_scheduled', 'consume_1_or_both_2_and_3_with_dataset_expressions', 'consume_1_or_2_with_dataset_expressions', 'dataset_produces_2', 'dataset_produces_1', 'dataset_consumes_1_and_2' retrieved from /home/airflow/.local/lib/python3.12/site-packages/airflow/example_dags/example_datasets.py
[2025-09-29T17:11:46.910+0000] {logging_mixin.py:188} INFO - [2025-09-29T17:11:46.908+0000] {dag.py:3089} INFO - Sync 10 DAGs
[2025-09-29T17:11:46.988+0000] {logging_mixin.py:188} INFO - [2025-09-29T17:11:46.988+0000] {dag.py:3947} INFO - Setting next_dagrun for conditional_dataset_and_time_based_timetable to 2025-09-24 01:00:00+00:00, run_after=2025-09-24 01:00:00+00:00
[2025-09-29T17:11:46.998+0000] {logging_mixin.py:188} INFO - [2025-09-29T17:11:46.997+0000] {dag.py:3947} INFO - Setting next_dagrun for consume_1_and_2_with_dataset_expressions to None, run_after=None
[2025-09-29T17:11:47.002+0000] {logging_mixin.py:188} INFO - [2025-09-29T17:11:47.001+0000] {dag.py:3947} INFO - Setting next_dagrun for consume_1_or_2_with_dataset_expressions to None, run_after=None
[2025-09-29T17:11:47.005+0000] {logging_mixin.py:188} INFO - [2025-09-29T17:11:47.005+0000] {dag.py:3947} INFO - Setting next_dagrun for consume_1_or_both_2_and_3_with_dataset_expressions to None, run_after=None
[2025-09-29T17:11:47.009+0000] {logging_mixin.py:188} INFO - [2025-09-29T17:11:47.008+0000] {dag.py:3947} INFO - Setting next_dagrun for dataset_consumes_1 to None, run_after=None
[2025-09-29T17:11:47.013+0000] {logging_mixin.py:188} INFO - [2025-09-29T17:11:47.012+0000] {dag.py:3947} INFO - Setting next_dagrun for dataset_consumes_1_and_2 to None, run_after=None
[2025-09-29T17:11:47.016+0000] {logging_mixin.py:188} INFO - [2025-09-29T17:11:47.015+0000] {dag.py:3947} INFO - Setting next_dagrun for dataset_consumes_1_never_scheduled to None, run_after=None
[2025-09-29T17:11:47.019+0000] {logging_mixin.py:188} INFO - [2025-09-29T17:11:47.019+0000] {dag.py:3947} INFO - Setting next_dagrun for dataset_consumes_unknown_never_scheduled to None, run_after=None
[2025-09-29T17:11:47.026+0000] {logging_mixin.py:188} INFO - [2025-09-29T17:11:47.025+0000] {dag.py:3947} INFO - Setting next_dagrun for dataset_produces_1 to 2025-09-28 00:00:00+00:00, run_after=2025-09-29 00:00:00+00:00
[2025-09-29T17:11:47.029+0000] {logging_mixin.py:188} INFO - [2025-09-29T17:11:47.029+0000] {dag.py:3947} INFO - Setting next_dagrun for dataset_produces_2 to None, run_after=None
[2025-09-29T17:11:47.145+0000] {processor.py:183} INFO - Processing /home/airflow/.local/lib/python3.12/site-packages/airflow/example_dags/example_datasets.py took 0.526 seconds
[2025-09-29T17:12:17.532+0000] {processor.py:161} INFO - Started process (PID=8750) to work on /home/airflow/.local/lib/python3.12/site-packages/airflow/example_dags/example_datasets.py
[2025-09-29T17:12:17.535+0000] {processor.py:830} INFO - Processing file /home/airflow/.local/lib/python3.12/site-packages/airflow/example_dags/example_datasets.py for tasks to queue
[2025-09-29T17:12:17.541+0000] {logging_mixin.py:188} INFO - [2025-09-29T17:12:17.540+0000] {dagbag.py:545} INFO - Filling up the DagBag from /home/airflow/.local/lib/python3.12/site-packages/airflow/example_dags/example_datasets.py
[2025-09-29T17:12:17.596+0000] {processor.py:840} INFO - DAG(s) 'dataset_consumes_1_and_2', 'dataset_produces_2', 'dataset_produces_1', 'dataset_consumes_unknown_never_scheduled', 'dataset_consumes_1', 'consume_1_or_both_2_and_3_with_dataset_expressions', 'conditional_dataset_and_time_based_timetable', 'consume_1_or_2_with_dataset_expressions', 'consume_1_and_2_with_dataset_expressions', 'dataset_consumes_1_never_scheduled' retrieved from /home/airflow/.local/lib/python3.12/site-packages/airflow/example_dags/example_datasets.py
[2025-09-29T17:12:17.852+0000] {logging_mixin.py:188} INFO - [2025-09-29T17:12:17.851+0000] {dag.py:3089} INFO - Sync 10 DAGs
[2025-09-29T17:12:18.010+0000] {logging_mixin.py:188} INFO - [2025-09-29T17:12:18.009+0000] {dag.py:3947} INFO - Setting next_dagrun for conditional_dataset_and_time_based_timetable to 2025-09-24 01:00:00+00:00, run_after=2025-09-24 01:00:00+00:00
[2025-09-29T17:12:18.027+0000] {logging_mixin.py:188} INFO - [2025-09-29T17:12:18.027+0000] {dag.py:3947} INFO - Setting next_dagrun for consume_1_and_2_with_dataset_expressions to None, run_after=None
[2025-09-29T17:12:18.032+0000] {logging_mixin.py:188} INFO - [2025-09-29T17:12:18.031+0000] {dag.py:3947} INFO - Setting next_dagrun for consume_1_or_2_with_dataset_expressions to None, run_after=None
[2025-09-29T17:12:18.037+0000] {logging_mixin.py:188} INFO - [2025-09-29T17:12:18.036+0000] {dag.py:3947} INFO - Setting next_dagrun for consume_1_or_both_2_and_3_with_dataset_expressions to None, run_after=None
[2025-09-29T17:12:18.043+0000] {logging_mixin.py:188} INFO - [2025-09-29T17:12:18.043+0000] {dag.py:3947} INFO - Setting next_dagrun for dataset_consumes_1 to None, run_after=None
[2025-09-29T17:12:18.050+0000] {logging_mixin.py:188} INFO - [2025-09-29T17:12:18.049+0000] {dag.py:3947} INFO - Setting next_dagrun for dataset_consumes_1_and_2 to None, run_after=None
[2025-09-29T17:12:18.056+0000] {logging_mixin.py:188} INFO - [2025-09-29T17:12:18.055+0000] {dag.py:3947} INFO - Setting next_dagrun for dataset_consumes_1_never_scheduled to None, run_after=None
[2025-09-29T17:12:18.061+0000] {logging_mixin.py:188} INFO - [2025-09-29T17:12:18.060+0000] {dag.py:3947} INFO - Setting next_dagrun for dataset_consumes_unknown_never_scheduled to None, run_after=None
[2025-09-29T17:12:18.070+0000] {logging_mixin.py:188} INFO - [2025-09-29T17:12:18.069+0000] {dag.py:3947} INFO - Setting next_dagrun for dataset_produces_1 to 2025-09-28 00:00:00+00:00, run_after=2025-09-29 00:00:00+00:00
[2025-09-29T17:12:18.074+0000] {logging_mixin.py:188} INFO - [2025-09-29T17:12:18.073+0000] {dag.py:3947} INFO - Setting next_dagrun for dataset_produces_2 to None, run_after=None
[2025-09-29T17:12:18.198+0000] {processor.py:183} INFO - Processing /home/airflow/.local/lib/python3.12/site-packages/airflow/example_dags/example_datasets.py took 0.686 seconds
[2025-09-29T17:12:49.704+0000] {processor.py:161} INFO - Started process (PID=9005) to work on /home/airflow/.local/lib/python3.12/site-packages/airflow/example_dags/example_datasets.py
[2025-09-29T17:12:49.711+0000] {processor.py:830} INFO - Processing file /home/airflow/.local/lib/python3.12/site-packages/airflow/example_dags/example_datasets.py for tasks to queue
[2025-09-29T17:12:49.719+0000] {logging_mixin.py:188} INFO - [2025-09-29T17:12:49.717+0000] {dagbag.py:545} INFO - Filling up the DagBag from /home/airflow/.local/lib/python3.12/site-packages/airflow/example_dags/example_datasets.py
[2025-09-29T17:12:49.785+0000] {processor.py:840} INFO - DAG(s) 'dataset_produces_1', 'dataset_consumes_1', 'consume_1_or_2_with_dataset_expressions', 'consume_1_and_2_with_dataset_expressions', 'dataset_produces_2', 'dataset_consumes_unknown_never_scheduled', 'conditional_dataset_and_time_based_timetable', 'dataset_consumes_1_never_scheduled', 'dataset_consumes_1_and_2', 'consume_1_or_both_2_and_3_with_dataset_expressions' retrieved from /home/airflow/.local/lib/python3.12/site-packages/airflow/example_dags/example_datasets.py
[2025-09-29T17:12:49.948+0000] {logging_mixin.py:188} INFO - [2025-09-29T17:12:49.947+0000] {dag.py:3089} INFO - Sync 10 DAGs
[2025-09-29T17:12:50.036+0000] {logging_mixin.py:188} INFO - [2025-09-29T17:12:50.036+0000] {dag.py:3947} INFO - Setting next_dagrun for conditional_dataset_and_time_based_timetable to 2025-09-24 01:00:00+00:00, run_after=2025-09-24 01:00:00+00:00
[2025-09-29T17:12:50.051+0000] {logging_mixin.py:188} INFO - [2025-09-29T17:12:50.050+0000] {dag.py:3947} INFO - Setting next_dagrun for consume_1_and_2_with_dataset_expressions to None, run_after=None
[2025-09-29T17:12:50.055+0000] {logging_mixin.py:188} INFO - [2025-09-29T17:12:50.054+0000] {dag.py:3947} INFO - Setting next_dagrun for consume_1_or_2_with_dataset_expressions to None, run_after=None
[2025-09-29T17:12:50.058+0000] {logging_mixin.py:188} INFO - [2025-09-29T17:12:50.058+0000] {dag.py:3947} INFO - Setting next_dagrun for consume_1_or_both_2_and_3_with_dataset_expressions to None, run_after=None
[2025-09-29T17:12:50.062+0000] {logging_mixin.py:188} INFO - [2025-09-29T17:12:50.061+0000] {dag.py:3947} INFO - Setting next_dagrun for dataset_consumes_1 to None, run_after=None
[2025-09-29T17:12:50.065+0000] {logging_mixin.py:188} INFO - [2025-09-29T17:12:50.064+0000] {dag.py:3947} INFO - Setting next_dagrun for dataset_consumes_1_and_2 to None, run_after=None
[2025-09-29T17:12:50.068+0000] {logging_mixin.py:188} INFO - [2025-09-29T17:12:50.068+0000] {dag.py:3947} INFO - Setting next_dagrun for dataset_consumes_1_never_scheduled to None, run_after=None
[2025-09-29T17:12:50.072+0000] {logging_mixin.py:188} INFO - [2025-09-29T17:12:50.071+0000] {dag.py:3947} INFO - Setting next_dagrun for dataset_consumes_unknown_never_scheduled to None, run_after=None
[2025-09-29T17:12:50.079+0000] {logging_mixin.py:188} INFO - [2025-09-29T17:12:50.079+0000] {dag.py:3947} INFO - Setting next_dagrun for dataset_produces_1 to 2025-09-28 00:00:00+00:00, run_after=2025-09-29 00:00:00+00:00
[2025-09-29T17:12:50.083+0000] {logging_mixin.py:188} INFO - [2025-09-29T17:12:50.082+0000] {dag.py:3947} INFO - Setting next_dagrun for dataset_produces_2 to None, run_after=None
[2025-09-29T17:12:50.182+0000] {processor.py:183} INFO - Processing /home/airflow/.local/lib/python3.12/site-packages/airflow/example_dags/example_datasets.py took 0.504 seconds
[2025-09-29T17:13:20.380+0000] {processor.py:161} INFO - Started process (PID=9262) to work on /home/airflow/.local/lib/python3.12/site-packages/airflow/example_dags/example_datasets.py
[2025-09-29T17:13:20.383+0000] {processor.py:830} INFO - Processing file /home/airflow/.local/lib/python3.12/site-packages/airflow/example_dags/example_datasets.py for tasks to queue
[2025-09-29T17:13:20.389+0000] {logging_mixin.py:188} INFO - [2025-09-29T17:13:20.388+0000] {dagbag.py:545} INFO - Filling up the DagBag from /home/airflow/.local/lib/python3.12/site-packages/airflow/example_dags/example_datasets.py
[2025-09-29T17:13:20.429+0000] {processor.py:840} INFO - DAG(s) 'dataset_produces_1', 'consume_1_or_both_2_and_3_with_dataset_expressions', 'dataset_consumes_1_and_2', 'dataset_consumes_1', 'conditional_dataset_and_time_based_timetable', 'dataset_consumes_1_never_scheduled', 'consume_1_and_2_with_dataset_expressions', 'dataset_consumes_unknown_never_scheduled', 'dataset_produces_2', 'consume_1_or_2_with_dataset_expressions' retrieved from /home/airflow/.local/lib/python3.12/site-packages/airflow/example_dags/example_datasets.py
[2025-09-29T17:13:20.558+0000] {logging_mixin.py:188} INFO - [2025-09-29T17:13:20.558+0000] {dag.py:3089} INFO - Sync 10 DAGs
[2025-09-29T17:13:20.621+0000] {logging_mixin.py:188} INFO - [2025-09-29T17:13:20.621+0000] {dag.py:3947} INFO - Setting next_dagrun for conditional_dataset_and_time_based_timetable to 2025-09-24 01:00:00+00:00, run_after=2025-09-24 01:00:00+00:00
[2025-09-29T17:13:20.631+0000] {logging_mixin.py:188} INFO - [2025-09-29T17:13:20.630+0000] {dag.py:3947} INFO - Setting next_dagrun for consume_1_and_2_with_dataset_expressions to None, run_after=None
[2025-09-29T17:13:20.635+0000] {logging_mixin.py:188} INFO - [2025-09-29T17:13:20.634+0000] {dag.py:3947} INFO - Setting next_dagrun for consume_1_or_2_with_dataset_expressions to None, run_after=None
[2025-09-29T17:13:20.638+0000] {logging_mixin.py:188} INFO - [2025-09-29T17:13:20.638+0000] {dag.py:3947} INFO - Setting next_dagrun for consume_1_or_both_2_and_3_with_dataset_expressions to None, run_after=None
[2025-09-29T17:13:20.642+0000] {logging_mixin.py:188} INFO - [2025-09-29T17:13:20.641+0000] {dag.py:3947} INFO - Setting next_dagrun for dataset_consumes_1 to None, run_after=None
[2025-09-29T17:13:20.645+0000] {logging_mixin.py:188} INFO - [2025-09-29T17:13:20.645+0000] {dag.py:3947} INFO - Setting next_dagrun for dataset_consumes_1_and_2 to None, run_after=None
[2025-09-29T17:13:20.649+0000] {logging_mixin.py:188} INFO - [2025-09-29T17:13:20.648+0000] {dag.py:3947} INFO - Setting next_dagrun for dataset_consumes_1_never_scheduled to None, run_after=None
[2025-09-29T17:13:20.652+0000] {logging_mixin.py:188} INFO - [2025-09-29T17:13:20.652+0000] {dag.py:3947} INFO - Setting next_dagrun for dataset_consumes_unknown_never_scheduled to None, run_after=None
[2025-09-29T17:13:20.658+0000] {logging_mixin.py:188} INFO - [2025-09-29T17:13:20.657+0000] {dag.py:3947} INFO - Setting next_dagrun for dataset_produces_1 to 2025-09-28 00:00:00+00:00, run_after=2025-09-29 00:00:00+00:00
[2025-09-29T17:13:20.661+0000] {logging_mixin.py:188} INFO - [2025-09-29T17:13:20.661+0000] {dag.py:3947} INFO - Setting next_dagrun for dataset_produces_2 to None, run_after=None
[2025-09-29T17:13:21.165+0000] {processor.py:183} INFO - Processing /home/airflow/.local/lib/python3.12/site-packages/airflow/example_dags/example_datasets.py took 0.804 seconds
[2025-09-29T17:13:51.427+0000] {processor.py:161} INFO - Started process (PID=9526) to work on /home/airflow/.local/lib/python3.12/site-packages/airflow/example_dags/example_datasets.py
[2025-09-29T17:13:51.432+0000] {processor.py:830} INFO - Processing file /home/airflow/.local/lib/python3.12/site-packages/airflow/example_dags/example_datasets.py for tasks to queue
[2025-09-29T17:13:51.441+0000] {logging_mixin.py:188} INFO - [2025-09-29T17:13:51.439+0000] {dagbag.py:545} INFO - Filling up the DagBag from /home/airflow/.local/lib/python3.12/site-packages/airflow/example_dags/example_datasets.py
[2025-09-29T17:13:51.490+0000] {processor.py:840} INFO - DAG(s) 'dataset_consumes_1', 'dataset_consumes_1_and_2', 'conditional_dataset_and_time_based_timetable', 'dataset_consumes_unknown_never_scheduled', 'consume_1_and_2_with_dataset_expressions', 'dataset_produces_2', 'consume_1_or_2_with_dataset_expressions', 'consume_1_or_both_2_and_3_with_dataset_expressions', 'dataset_consumes_1_never_scheduled', 'dataset_produces_1' retrieved from /home/airflow/.local/lib/python3.12/site-packages/airflow/example_dags/example_datasets.py
[2025-09-29T17:13:51.631+0000] {logging_mixin.py:188} INFO - [2025-09-29T17:13:51.631+0000] {dag.py:3089} INFO - Sync 10 DAGs
[2025-09-29T17:13:51.723+0000] {logging_mixin.py:188} INFO - [2025-09-29T17:13:51.722+0000] {dag.py:3947} INFO - Setting next_dagrun for conditional_dataset_and_time_based_timetable to 2025-09-24 01:00:00+00:00, run_after=2025-09-24 01:00:00+00:00
[2025-09-29T17:13:51.732+0000] {logging_mixin.py:188} INFO - [2025-09-29T17:13:51.731+0000] {dag.py:3947} INFO - Setting next_dagrun for consume_1_and_2_with_dataset_expressions to None, run_after=None
[2025-09-29T17:13:51.736+0000] {logging_mixin.py:188} INFO - [2025-09-29T17:13:51.735+0000] {dag.py:3947} INFO - Setting next_dagrun for consume_1_or_2_with_dataset_expressions to None, run_after=None
[2025-09-29T17:13:51.741+0000] {logging_mixin.py:188} INFO - [2025-09-29T17:13:51.740+0000] {dag.py:3947} INFO - Setting next_dagrun for consume_1_or_both_2_and_3_with_dataset_expressions to None, run_after=None
[2025-09-29T17:13:51.744+0000] {logging_mixin.py:188} INFO - [2025-09-29T17:13:51.744+0000] {dag.py:3947} INFO - Setting next_dagrun for dataset_consumes_1 to None, run_after=None
[2025-09-29T17:13:51.748+0000] {logging_mixin.py:188} INFO - [2025-09-29T17:13:51.747+0000] {dag.py:3947} INFO - Setting next_dagrun for dataset_consumes_1_and_2 to None, run_after=None
[2025-09-29T17:13:51.751+0000] {logging_mixin.py:188} INFO - [2025-09-29T17:13:51.751+0000] {dag.py:3947} INFO - Setting next_dagrun for dataset_consumes_1_never_scheduled to None, run_after=None
[2025-09-29T17:13:51.755+0000] {logging_mixin.py:188} INFO - [2025-09-29T17:13:51.755+0000] {dag.py:3947} INFO - Setting next_dagrun for dataset_consumes_unknown_never_scheduled to None, run_after=None
[2025-09-29T17:13:51.761+0000] {logging_mixin.py:188} INFO - [2025-09-29T17:13:51.761+0000] {dag.py:3947} INFO - Setting next_dagrun for dataset_produces_1 to 2025-09-28 00:00:00+00:00, run_after=2025-09-29 00:00:00+00:00
[2025-09-29T17:13:51.765+0000] {logging_mixin.py:188} INFO - [2025-09-29T17:13:51.764+0000] {dag.py:3947} INFO - Setting next_dagrun for dataset_produces_2 to None, run_after=None
[2025-09-29T17:13:51.878+0000] {processor.py:183} INFO - Processing /home/airflow/.local/lib/python3.12/site-packages/airflow/example_dags/example_datasets.py took 0.483 seconds
[2025-09-29T17:14:23.019+0000] {processor.py:161} INFO - Started process (PID=9768) to work on /home/airflow/.local/lib/python3.12/site-packages/airflow/example_dags/example_datasets.py
[2025-09-29T17:14:23.022+0000] {processor.py:830} INFO - Processing file /home/airflow/.local/lib/python3.12/site-packages/airflow/example_dags/example_datasets.py for tasks to queue
[2025-09-29T17:14:23.028+0000] {logging_mixin.py:188} INFO - [2025-09-29T17:14:23.027+0000] {dagbag.py:545} INFO - Filling up the DagBag from /home/airflow/.local/lib/python3.12/site-packages/airflow/example_dags/example_datasets.py
[2025-09-29T17:14:23.068+0000] {processor.py:840} INFO - DAG(s) 'consume_1_or_2_with_dataset_expressions', 'consume_1_and_2_with_dataset_expressions', 'dataset_produces_2', 'dataset_consumes_1_never_scheduled', 'dataset_consumes_1', 'consume_1_or_both_2_and_3_with_dataset_expressions', 'conditional_dataset_and_time_based_timetable', 'dataset_produces_1', 'dataset_consumes_unknown_never_scheduled', 'dataset_consumes_1_and_2' retrieved from /home/airflow/.local/lib/python3.12/site-packages/airflow/example_dags/example_datasets.py
[2025-09-29T17:14:23.216+0000] {logging_mixin.py:188} INFO - [2025-09-29T17:14:23.216+0000] {dag.py:3089} INFO - Sync 10 DAGs
[2025-09-29T17:14:23.291+0000] {logging_mixin.py:188} INFO - [2025-09-29T17:14:23.290+0000] {dag.py:3947} INFO - Setting next_dagrun for conditional_dataset_and_time_based_timetable to 2025-09-24 01:00:00+00:00, run_after=2025-09-24 01:00:00+00:00
[2025-09-29T17:14:23.304+0000] {logging_mixin.py:188} INFO - [2025-09-29T17:14:23.303+0000] {dag.py:3947} INFO - Setting next_dagrun for consume_1_and_2_with_dataset_expressions to None, run_after=None
[2025-09-29T17:14:23.309+0000] {logging_mixin.py:188} INFO - [2025-09-29T17:14:23.309+0000] {dag.py:3947} INFO - Setting next_dagrun for consume_1_or_2_with_dataset_expressions to None, run_after=None
[2025-09-29T17:14:23.315+0000] {logging_mixin.py:188} INFO - [2025-09-29T17:14:23.314+0000] {dag.py:3947} INFO - Setting next_dagrun for consume_1_or_both_2_and_3_with_dataset_expressions to None, run_after=None
[2025-09-29T17:14:23.321+0000] {logging_mixin.py:188} INFO - [2025-09-29T17:14:23.320+0000] {dag.py:3947} INFO - Setting next_dagrun for dataset_consumes_1 to None, run_after=None
[2025-09-29T17:14:23.327+0000] {logging_mixin.py:188} INFO - [2025-09-29T17:14:23.326+0000] {dag.py:3947} INFO - Setting next_dagrun for dataset_consumes_1_and_2 to None, run_after=None
[2025-09-29T17:14:23.332+0000] {logging_mixin.py:188} INFO - [2025-09-29T17:14:23.331+0000] {dag.py:3947} INFO - Setting next_dagrun for dataset_consumes_1_never_scheduled to None, run_after=None
[2025-09-29T17:14:23.338+0000] {logging_mixin.py:188} INFO - [2025-09-29T17:14:23.337+0000] {dag.py:3947} INFO - Setting next_dagrun for dataset_consumes_unknown_never_scheduled to None, run_after=None
[2025-09-29T17:14:23.344+0000] {logging_mixin.py:188} INFO - [2025-09-29T17:14:23.344+0000] {dag.py:3947} INFO - Setting next_dagrun for dataset_produces_1 to 2025-09-28 00:00:00+00:00, run_after=2025-09-29 00:00:00+00:00
[2025-09-29T17:14:23.348+0000] {logging_mixin.py:188} INFO - [2025-09-29T17:14:23.348+0000] {dag.py:3947} INFO - Setting next_dagrun for dataset_produces_2 to None, run_after=None
[2025-09-29T17:14:23.488+0000] {processor.py:183} INFO - Processing /home/airflow/.local/lib/python3.12/site-packages/airflow/example_dags/example_datasets.py took 0.490 seconds
[2025-09-29T17:14:53.923+0000] {processor.py:161} INFO - Started process (PID=10035) to work on /home/airflow/.local/lib/python3.12/site-packages/airflow/example_dags/example_datasets.py
[2025-09-29T17:14:53.953+0000] {processor.py:830} INFO - Processing file /home/airflow/.local/lib/python3.12/site-packages/airflow/example_dags/example_datasets.py for tasks to queue
[2025-09-29T17:14:53.960+0000] {logging_mixin.py:188} INFO - [2025-09-29T17:14:53.958+0000] {dagbag.py:545} INFO - Filling up the DagBag from /home/airflow/.local/lib/python3.12/site-packages/airflow/example_dags/example_datasets.py
[2025-09-29T17:14:53.998+0000] {processor.py:840} INFO - DAG(s) 'consume_1_or_both_2_and_3_with_dataset_expressions', 'dataset_produces_2', 'consume_1_and_2_with_dataset_expressions', 'consume_1_or_2_with_dataset_expressions', 'dataset_consumes_unknown_never_scheduled', 'dataset_consumes_1_never_scheduled', 'dataset_consumes_1_and_2', 'conditional_dataset_and_time_based_timetable', 'dataset_produces_1', 'dataset_consumes_1' retrieved from /home/airflow/.local/lib/python3.12/site-packages/airflow/example_dags/example_datasets.py
[2025-09-29T17:14:54.132+0000] {logging_mixin.py:188} INFO - [2025-09-29T17:14:54.131+0000] {dag.py:3089} INFO - Sync 10 DAGs
[2025-09-29T17:14:54.200+0000] {logging_mixin.py:188} INFO - [2025-09-29T17:14:54.200+0000] {dag.py:3947} INFO - Setting next_dagrun for conditional_dataset_and_time_based_timetable to 2025-09-24 01:00:00+00:00, run_after=2025-09-24 01:00:00+00:00
[2025-09-29T17:14:54.209+0000] {logging_mixin.py:188} INFO - [2025-09-29T17:14:54.209+0000] {dag.py:3947} INFO - Setting next_dagrun for consume_1_and_2_with_dataset_expressions to None, run_after=None
[2025-09-29T17:14:54.213+0000] {logging_mixin.py:188} INFO - [2025-09-29T17:14:54.212+0000] {dag.py:3947} INFO - Setting next_dagrun for consume_1_or_2_with_dataset_expressions to None, run_after=None
[2025-09-29T17:14:54.216+0000] {logging_mixin.py:188} INFO - [2025-09-29T17:14:54.215+0000] {dag.py:3947} INFO - Setting next_dagrun for consume_1_or_both_2_and_3_with_dataset_expressions to None, run_after=None
[2025-09-29T17:14:54.220+0000] {logging_mixin.py:188} INFO - [2025-09-29T17:14:54.219+0000] {dag.py:3947} INFO - Setting next_dagrun for dataset_consumes_1 to None, run_after=None
[2025-09-29T17:14:54.224+0000] {logging_mixin.py:188} INFO - [2025-09-29T17:14:54.223+0000] {dag.py:3947} INFO - Setting next_dagrun for dataset_consumes_1_and_2 to None, run_after=None
[2025-09-29T17:14:54.228+0000] {logging_mixin.py:188} INFO - [2025-09-29T17:14:54.227+0000] {dag.py:3947} INFO - Setting next_dagrun for dataset_consumes_1_never_scheduled to None, run_after=None
[2025-09-29T17:14:54.614+0000] {logging_mixin.py:188} INFO - [2025-09-29T17:14:54.614+0000] {dag.py:3947} INFO - Setting next_dagrun for dataset_consumes_unknown_never_scheduled to None, run_after=None
[2025-09-29T17:14:54.715+0000] {logging_mixin.py:188} INFO - [2025-09-29T17:14:54.715+0000] {dag.py:3947} INFO - Setting next_dagrun for dataset_produces_1 to 2025-09-28 00:00:00+00:00, run_after=2025-09-29 00:00:00+00:00
[2025-09-29T17:14:54.719+0000] {logging_mixin.py:188} INFO - [2025-09-29T17:14:54.718+0000] {dag.py:3947} INFO - Setting next_dagrun for dataset_produces_2 to None, run_after=None
[2025-09-29T17:14:55.071+0000] {processor.py:183} INFO - Processing /home/airflow/.local/lib/python3.12/site-packages/airflow/example_dags/example_datasets.py took 1.165 seconds
[2025-09-29T17:15:27.054+0000] {processor.py:161} INFO - Started process (PID=10302) to work on /home/airflow/.local/lib/python3.12/site-packages/airflow/example_dags/example_datasets.py
[2025-09-29T17:15:27.057+0000] {processor.py:830} INFO - Processing file /home/airflow/.local/lib/python3.12/site-packages/airflow/example_dags/example_datasets.py for tasks to queue
[2025-09-29T17:15:27.064+0000] {logging_mixin.py:188} INFO - [2025-09-29T17:15:27.063+0000] {dagbag.py:545} INFO - Filling up the DagBag from /home/airflow/.local/lib/python3.12/site-packages/airflow/example_dags/example_datasets.py
[2025-09-29T17:15:27.110+0000] {processor.py:840} INFO - DAG(s) 'consume_1_and_2_with_dataset_expressions', 'consume_1_or_both_2_and_3_with_dataset_expressions', 'conditional_dataset_and_time_based_timetable', 'dataset_consumes_unknown_never_scheduled', 'consume_1_or_2_with_dataset_expressions', 'dataset_consumes_1', 'dataset_produces_1', 'dataset_produces_2', 'dataset_consumes_1_never_scheduled', 'dataset_consumes_1_and_2' retrieved from /home/airflow/.local/lib/python3.12/site-packages/airflow/example_dags/example_datasets.py
[2025-09-29T17:15:27.269+0000] {logging_mixin.py:188} INFO - [2025-09-29T17:15:27.268+0000] {dag.py:3089} INFO - Sync 10 DAGs
[2025-09-29T17:15:27.350+0000] {logging_mixin.py:188} INFO - [2025-09-29T17:15:27.349+0000] {dag.py:3947} INFO - Setting next_dagrun for conditional_dataset_and_time_based_timetable to 2025-09-24 01:00:00+00:00, run_after=2025-09-24 01:00:00+00:00
[2025-09-29T17:15:27.359+0000] {logging_mixin.py:188} INFO - [2025-09-29T17:15:27.359+0000] {dag.py:3947} INFO - Setting next_dagrun for consume_1_and_2_with_dataset_expressions to None, run_after=None
[2025-09-29T17:15:27.363+0000] {logging_mixin.py:188} INFO - [2025-09-29T17:15:27.362+0000] {dag.py:3947} INFO - Setting next_dagrun for consume_1_or_2_with_dataset_expressions to None, run_after=None
[2025-09-29T17:15:27.366+0000] {logging_mixin.py:188} INFO - [2025-09-29T17:15:27.365+0000] {dag.py:3947} INFO - Setting next_dagrun for consume_1_or_both_2_and_3_with_dataset_expressions to None, run_after=None
[2025-09-29T17:15:27.369+0000] {logging_mixin.py:188} INFO - [2025-09-29T17:15:27.368+0000] {dag.py:3947} INFO - Setting next_dagrun for dataset_consumes_1 to None, run_after=None
[2025-09-29T17:15:27.373+0000] {logging_mixin.py:188} INFO - [2025-09-29T17:15:27.372+0000] {dag.py:3947} INFO - Setting next_dagrun for dataset_consumes_1_and_2 to None, run_after=None
[2025-09-29T17:15:27.376+0000] {logging_mixin.py:188} INFO - [2025-09-29T17:15:27.376+0000] {dag.py:3947} INFO - Setting next_dagrun for dataset_consumes_1_never_scheduled to None, run_after=None
[2025-09-29T17:15:27.381+0000] {logging_mixin.py:188} INFO - [2025-09-29T17:15:27.380+0000] {dag.py:3947} INFO - Setting next_dagrun for dataset_consumes_unknown_never_scheduled to None, run_after=None
[2025-09-29T17:15:27.386+0000] {logging_mixin.py:188} INFO - [2025-09-29T17:15:27.386+0000] {dag.py:3947} INFO - Setting next_dagrun for dataset_produces_1 to 2025-09-28 00:00:00+00:00, run_after=2025-09-29 00:00:00+00:00
[2025-09-29T17:15:27.390+0000] {logging_mixin.py:188} INFO - [2025-09-29T17:15:27.389+0000] {dag.py:3947} INFO - Setting next_dagrun for dataset_produces_2 to None, run_after=None
[2025-09-29T17:15:28.135+0000] {processor.py:183} INFO - Processing /home/airflow/.local/lib/python3.12/site-packages/airflow/example_dags/example_datasets.py took 1.100 seconds
[2025-09-29T17:15:58.487+0000] {processor.py:161} INFO - Started process (PID=10562) to work on /home/airflow/.local/lib/python3.12/site-packages/airflow/example_dags/example_datasets.py
[2025-09-29T17:15:58.491+0000] {processor.py:830} INFO - Processing file /home/airflow/.local/lib/python3.12/site-packages/airflow/example_dags/example_datasets.py for tasks to queue
[2025-09-29T17:15:58.497+0000] {logging_mixin.py:188} INFO - [2025-09-29T17:15:58.496+0000] {dagbag.py:545} INFO - Filling up the DagBag from /home/airflow/.local/lib/python3.12/site-packages/airflow/example_dags/example_datasets.py
[2025-09-29T17:15:58.559+0000] {processor.py:840} INFO - DAG(s) 'dataset_consumes_1_and_2', 'consume_1_and_2_with_dataset_expressions', 'dataset_consumes_1_never_scheduled', 'dataset_produces_2', 'consume_1_or_both_2_and_3_with_dataset_expressions', 'dataset_consumes_unknown_never_scheduled', 'dataset_consumes_1', 'dataset_produces_1', 'consume_1_or_2_with_dataset_expressions', 'conditional_dataset_and_time_based_timetable' retrieved from /home/airflow/.local/lib/python3.12/site-packages/airflow/example_dags/example_datasets.py
[2025-09-29T17:15:58.725+0000] {logging_mixin.py:188} INFO - [2025-09-29T17:15:58.725+0000] {dag.py:3089} INFO - Sync 10 DAGs
[2025-09-29T17:15:58.798+0000] {logging_mixin.py:188} INFO - [2025-09-29T17:15:58.798+0000] {dag.py:3947} INFO - Setting next_dagrun for conditional_dataset_and_time_based_timetable to 2025-09-24 01:00:00+00:00, run_after=2025-09-24 01:00:00+00:00
[2025-09-29T17:15:58.808+0000] {logging_mixin.py:188} INFO - [2025-09-29T17:15:58.807+0000] {dag.py:3947} INFO - Setting next_dagrun for consume_1_and_2_with_dataset_expressions to None, run_after=None
[2025-09-29T17:15:58.812+0000] {logging_mixin.py:188} INFO - [2025-09-29T17:15:58.811+0000] {dag.py:3947} INFO - Setting next_dagrun for consume_1_or_2_with_dataset_expressions to None, run_after=None
[2025-09-29T17:15:58.815+0000] {logging_mixin.py:188} INFO - [2025-09-29T17:15:58.815+0000] {dag.py:3947} INFO - Setting next_dagrun for consume_1_or_both_2_and_3_with_dataset_expressions to None, run_after=None
[2025-09-29T17:15:58.819+0000] {logging_mixin.py:188} INFO - [2025-09-29T17:15:58.818+0000] {dag.py:3947} INFO - Setting next_dagrun for dataset_consumes_1 to None, run_after=None
[2025-09-29T17:15:58.822+0000] {logging_mixin.py:188} INFO - [2025-09-29T17:15:58.822+0000] {dag.py:3947} INFO - Setting next_dagrun for dataset_consumes_1_and_2 to None, run_after=None
[2025-09-29T17:15:58.826+0000] {logging_mixin.py:188} INFO - [2025-09-29T17:15:58.825+0000] {dag.py:3947} INFO - Setting next_dagrun for dataset_consumes_1_never_scheduled to None, run_after=None
[2025-09-29T17:15:58.829+0000] {logging_mixin.py:188} INFO - [2025-09-29T17:15:58.829+0000] {dag.py:3947} INFO - Setting next_dagrun for dataset_consumes_unknown_never_scheduled to None, run_after=None
[2025-09-29T17:15:58.837+0000] {logging_mixin.py:188} INFO - [2025-09-29T17:15:58.836+0000] {dag.py:3947} INFO - Setting next_dagrun for dataset_produces_1 to 2025-09-28 00:00:00+00:00, run_after=2025-09-29 00:00:00+00:00
[2025-09-29T17:15:58.841+0000] {logging_mixin.py:188} INFO - [2025-09-29T17:15:58.840+0000] {dag.py:3947} INFO - Setting next_dagrun for dataset_produces_2 to None, run_after=None
[2025-09-29T17:15:59.300+0000] {processor.py:183} INFO - Processing /home/airflow/.local/lib/python3.12/site-packages/airflow/example_dags/example_datasets.py took 0.831 seconds
[2025-09-29T17:16:31.505+0000] {processor.py:161} INFO - Started process (PID=10809) to work on /home/airflow/.local/lib/python3.12/site-packages/airflow/example_dags/example_datasets.py
[2025-09-29T17:16:31.508+0000] {processor.py:830} INFO - Processing file /home/airflow/.local/lib/python3.12/site-packages/airflow/example_dags/example_datasets.py for tasks to queue
[2025-09-29T17:16:31.515+0000] {logging_mixin.py:188} INFO - [2025-09-29T17:16:31.514+0000] {dagbag.py:545} INFO - Filling up the DagBag from /home/airflow/.local/lib/python3.12/site-packages/airflow/example_dags/example_datasets.py
[2025-09-29T17:16:31.560+0000] {processor.py:840} INFO - DAG(s) 'consume_1_and_2_with_dataset_expressions', 'dataset_consumes_1', 'dataset_produces_2', 'dataset_consumes_1_never_scheduled', 'dataset_produces_1', 'conditional_dataset_and_time_based_timetable', 'dataset_consumes_unknown_never_scheduled', 'consume_1_or_both_2_and_3_with_dataset_expressions', 'consume_1_or_2_with_dataset_expressions', 'dataset_consumes_1_and_2' retrieved from /home/airflow/.local/lib/python3.12/site-packages/airflow/example_dags/example_datasets.py
[2025-09-29T17:16:31.692+0000] {logging_mixin.py:188} INFO - [2025-09-29T17:16:31.691+0000] {dag.py:3089} INFO - Sync 10 DAGs
[2025-09-29T17:16:31.753+0000] {logging_mixin.py:188} INFO - [2025-09-29T17:16:31.752+0000] {dag.py:3947} INFO - Setting next_dagrun for conditional_dataset_and_time_based_timetable to 2025-09-24 01:00:00+00:00, run_after=2025-09-24 01:00:00+00:00
[2025-09-29T17:16:31.762+0000] {logging_mixin.py:188} INFO - [2025-09-29T17:16:31.761+0000] {dag.py:3947} INFO - Setting next_dagrun for consume_1_and_2_with_dataset_expressions to None, run_after=None
[2025-09-29T17:16:31.765+0000] {logging_mixin.py:188} INFO - [2025-09-29T17:16:31.764+0000] {dag.py:3947} INFO - Setting next_dagrun for consume_1_or_2_with_dataset_expressions to None, run_after=None
[2025-09-29T17:16:31.768+0000] {logging_mixin.py:188} INFO - [2025-09-29T17:16:31.768+0000] {dag.py:3947} INFO - Setting next_dagrun for consume_1_or_both_2_and_3_with_dataset_expressions to None, run_after=None
[2025-09-29T17:16:31.773+0000] {logging_mixin.py:188} INFO - [2025-09-29T17:16:31.772+0000] {dag.py:3947} INFO - Setting next_dagrun for dataset_consumes_1 to None, run_after=None
[2025-09-29T17:16:31.777+0000] {logging_mixin.py:188} INFO - [2025-09-29T17:16:31.777+0000] {dag.py:3947} INFO - Setting next_dagrun for dataset_consumes_1_and_2 to None, run_after=None
[2025-09-29T17:16:31.782+0000] {logging_mixin.py:188} INFO - [2025-09-29T17:16:31.781+0000] {dag.py:3947} INFO - Setting next_dagrun for dataset_consumes_1_never_scheduled to None, run_after=None
[2025-09-29T17:16:31.786+0000] {logging_mixin.py:188} INFO - [2025-09-29T17:16:31.785+0000] {dag.py:3947} INFO - Setting next_dagrun for dataset_consumes_unknown_never_scheduled to None, run_after=None
[2025-09-29T17:16:31.793+0000] {logging_mixin.py:188} INFO - [2025-09-29T17:16:31.792+0000] {dag.py:3947} INFO - Setting next_dagrun for dataset_produces_1 to 2025-09-28 00:00:00+00:00, run_after=2025-09-29 00:00:00+00:00
[2025-09-29T17:16:31.797+0000] {logging_mixin.py:188} INFO - [2025-09-29T17:16:31.796+0000] {dag.py:3947} INFO - Setting next_dagrun for dataset_produces_2 to None, run_after=None
[2025-09-29T17:16:31.895+0000] {processor.py:183} INFO - Processing /home/airflow/.local/lib/python3.12/site-packages/airflow/example_dags/example_datasets.py took 0.410 seconds
