[2025-09-29T15:33:19.077+0000] {processor.py:161} INFO - Started process (PID=252) to work on /home/airflow/.local/lib/python3.12/site-packages/airflow/example_dags/example_kubernetes_executor.py
[2025-09-29T15:33:19.080+0000] {processor.py:830} INFO - Processing file /home/airflow/.local/lib/python3.12/site-packages/airflow/example_dags/example_kubernetes_executor.py for tasks to queue
[2025-09-29T15:33:19.084+0000] {logging_mixin.py:188} INFO - [2025-09-29T15:33:19.083+0000] {dagbag.py:545} INFO - Filling up the DagBag from /home/airflow/.local/lib/python3.12/site-packages/airflow/example_dags/example_kubernetes_executor.py
[2025-09-29T15:33:19.131+0000] {processor.py:840} INFO - DAG(s) 'example_kubernetes_executor' retrieved from /home/airflow/.local/lib/python3.12/site-packages/airflow/example_dags/example_kubernetes_executor.py
[2025-09-29T15:33:19.175+0000] {logging_mixin.py:188} INFO - [2025-09-29T15:33:19.174+0000] {dag.py:3089} INFO - Sync 1 DAGs
[2025-09-29T15:33:19.213+0000] {logging_mixin.py:188} INFO - [2025-09-29T15:33:19.213+0000] {dag.py:3947} INFO - Setting next_dagrun for example_kubernetes_executor to None, run_after=None
[2025-09-29T15:33:19.280+0000] {processor.py:183} INFO - Processing /home/airflow/.local/lib/python3.12/site-packages/airflow/example_dags/example_kubernetes_executor.py took 0.219 seconds
[2025-09-29T15:33:52.087+0000] {processor.py:161} INFO - Started process (PID=527) to work on /home/airflow/.local/lib/python3.12/site-packages/airflow/example_dags/example_kubernetes_executor.py
[2025-09-29T15:33:52.090+0000] {processor.py:830} INFO - Processing file /home/airflow/.local/lib/python3.12/site-packages/airflow/example_dags/example_kubernetes_executor.py for tasks to queue
[2025-09-29T15:33:52.094+0000] {logging_mixin.py:188} INFO - [2025-09-29T15:33:52.093+0000] {dagbag.py:545} INFO - Filling up the DagBag from /home/airflow/.local/lib/python3.12/site-packages/airflow/example_dags/example_kubernetes_executor.py
[2025-09-29T15:33:52.131+0000] {processor.py:840} INFO - DAG(s) 'example_kubernetes_executor' retrieved from /home/airflow/.local/lib/python3.12/site-packages/airflow/example_dags/example_kubernetes_executor.py
[2025-09-29T15:33:52.429+0000] {logging_mixin.py:188} INFO - [2025-09-29T15:33:52.429+0000] {dag.py:3089} INFO - Sync 1 DAGs
[2025-09-29T15:33:52.456+0000] {logging_mixin.py:188} INFO - [2025-09-29T15:33:52.456+0000] {dag.py:3947} INFO - Setting next_dagrun for example_kubernetes_executor to None, run_after=None
[2025-09-29T15:33:52.505+0000] {processor.py:183} INFO - Processing /home/airflow/.local/lib/python3.12/site-packages/airflow/example_dags/example_kubernetes_executor.py took 0.434 seconds
[2025-09-29T15:34:23.002+0000] {processor.py:161} INFO - Started process (PID=799) to work on /home/airflow/.local/lib/python3.12/site-packages/airflow/example_dags/example_kubernetes_executor.py
[2025-09-29T15:34:23.005+0000] {processor.py:830} INFO - Processing file /home/airflow/.local/lib/python3.12/site-packages/airflow/example_dags/example_kubernetes_executor.py for tasks to queue
[2025-09-29T15:34:23.011+0000] {logging_mixin.py:188} INFO - [2025-09-29T15:34:23.010+0000] {dagbag.py:545} INFO - Filling up the DagBag from /home/airflow/.local/lib/python3.12/site-packages/airflow/example_dags/example_kubernetes_executor.py
[2025-09-29T15:34:23.081+0000] {processor.py:840} INFO - DAG(s) 'example_kubernetes_executor' retrieved from /home/airflow/.local/lib/python3.12/site-packages/airflow/example_dags/example_kubernetes_executor.py
[2025-09-29T15:34:23.317+0000] {logging_mixin.py:188} INFO - [2025-09-29T15:34:23.316+0000] {dag.py:3089} INFO - Sync 1 DAGs
[2025-09-29T15:34:23.412+0000] {logging_mixin.py:188} INFO - [2025-09-29T15:34:23.411+0000] {dag.py:3947} INFO - Setting next_dagrun for example_kubernetes_executor to None, run_after=None
[2025-09-29T15:34:23.498+0000] {processor.py:183} INFO - Processing /home/airflow/.local/lib/python3.12/site-packages/airflow/example_dags/example_kubernetes_executor.py took 0.525 seconds
[2025-09-29T15:34:54.393+0000] {processor.py:161} INFO - Started process (PID=1060) to work on /home/airflow/.local/lib/python3.12/site-packages/airflow/example_dags/example_kubernetes_executor.py
[2025-09-29T15:34:54.396+0000] {processor.py:830} INFO - Processing file /home/airflow/.local/lib/python3.12/site-packages/airflow/example_dags/example_kubernetes_executor.py for tasks to queue
[2025-09-29T15:34:54.401+0000] {logging_mixin.py:188} INFO - [2025-09-29T15:34:54.400+0000] {dagbag.py:545} INFO - Filling up the DagBag from /home/airflow/.local/lib/python3.12/site-packages/airflow/example_dags/example_kubernetes_executor.py
[2025-09-29T15:34:54.435+0000] {processor.py:840} INFO - DAG(s) 'example_kubernetes_executor' retrieved from /home/airflow/.local/lib/python3.12/site-packages/airflow/example_dags/example_kubernetes_executor.py
[2025-09-29T15:34:54.528+0000] {logging_mixin.py:188} INFO - [2025-09-29T15:34:54.527+0000] {dag.py:3089} INFO - Sync 1 DAGs
[2025-09-29T15:34:54.557+0000] {logging_mixin.py:188} INFO - [2025-09-29T15:34:54.556+0000] {dag.py:3947} INFO - Setting next_dagrun for example_kubernetes_executor to None, run_after=None
[2025-09-29T15:34:54.609+0000] {processor.py:183} INFO - Processing /home/airflow/.local/lib/python3.12/site-packages/airflow/example_dags/example_kubernetes_executor.py took 0.237 seconds
[2025-09-29T15:35:25.408+0000] {processor.py:161} INFO - Started process (PID=1320) to work on /home/airflow/.local/lib/python3.12/site-packages/airflow/example_dags/example_kubernetes_executor.py
[2025-09-29T15:35:25.411+0000] {processor.py:830} INFO - Processing file /home/airflow/.local/lib/python3.12/site-packages/airflow/example_dags/example_kubernetes_executor.py for tasks to queue
[2025-09-29T15:35:25.415+0000] {logging_mixin.py:188} INFO - [2025-09-29T15:35:25.415+0000] {dagbag.py:545} INFO - Filling up the DagBag from /home/airflow/.local/lib/python3.12/site-packages/airflow/example_dags/example_kubernetes_executor.py
[2025-09-29T15:35:25.443+0000] {processor.py:840} INFO - DAG(s) 'example_kubernetes_executor' retrieved from /home/airflow/.local/lib/python3.12/site-packages/airflow/example_dags/example_kubernetes_executor.py
[2025-09-29T15:35:25.554+0000] {logging_mixin.py:188} INFO - [2025-09-29T15:35:25.553+0000] {dag.py:3089} INFO - Sync 1 DAGs
[2025-09-29T15:35:25.608+0000] {logging_mixin.py:188} INFO - [2025-09-29T15:35:25.607+0000] {dag.py:3947} INFO - Setting next_dagrun for example_kubernetes_executor to None, run_after=None
[2025-09-29T15:35:25.712+0000] {processor.py:183} INFO - Processing /home/airflow/.local/lib/python3.12/site-packages/airflow/example_dags/example_kubernetes_executor.py took 0.319 seconds
[2025-09-29T15:35:56.356+0000] {processor.py:161} INFO - Started process (PID=1582) to work on /home/airflow/.local/lib/python3.12/site-packages/airflow/example_dags/example_kubernetes_executor.py
[2025-09-29T15:35:56.377+0000] {processor.py:830} INFO - Processing file /home/airflow/.local/lib/python3.12/site-packages/airflow/example_dags/example_kubernetes_executor.py for tasks to queue
[2025-09-29T15:35:56.382+0000] {logging_mixin.py:188} INFO - [2025-09-29T15:35:56.381+0000] {dagbag.py:545} INFO - Filling up the DagBag from /home/airflow/.local/lib/python3.12/site-packages/airflow/example_dags/example_kubernetes_executor.py
[2025-09-29T15:35:56.428+0000] {processor.py:840} INFO - DAG(s) 'example_kubernetes_executor' retrieved from /home/airflow/.local/lib/python3.12/site-packages/airflow/example_dags/example_kubernetes_executor.py
[2025-09-29T15:35:56.609+0000] {logging_mixin.py:188} INFO - [2025-09-29T15:35:56.609+0000] {dag.py:3089} INFO - Sync 1 DAGs
[2025-09-29T15:35:56.680+0000] {logging_mixin.py:188} INFO - [2025-09-29T15:35:56.679+0000] {dag.py:3947} INFO - Setting next_dagrun for example_kubernetes_executor to None, run_after=None
[2025-09-29T15:35:56.797+0000] {processor.py:183} INFO - Processing /home/airflow/.local/lib/python3.12/site-packages/airflow/example_dags/example_kubernetes_executor.py took 0.468 seconds
[2025-09-29T15:36:27.144+0000] {processor.py:161} INFO - Started process (PID=1844) to work on /home/airflow/.local/lib/python3.12/site-packages/airflow/example_dags/example_kubernetes_executor.py
[2025-09-29T15:36:27.146+0000] {processor.py:830} INFO - Processing file /home/airflow/.local/lib/python3.12/site-packages/airflow/example_dags/example_kubernetes_executor.py for tasks to queue
[2025-09-29T15:36:27.150+0000] {logging_mixin.py:188} INFO - [2025-09-29T15:36:27.150+0000] {dagbag.py:545} INFO - Filling up the DagBag from /home/airflow/.local/lib/python3.12/site-packages/airflow/example_dags/example_kubernetes_executor.py
[2025-09-29T15:36:27.179+0000] {processor.py:840} INFO - DAG(s) 'example_kubernetes_executor' retrieved from /home/airflow/.local/lib/python3.12/site-packages/airflow/example_dags/example_kubernetes_executor.py
[2025-09-29T15:36:27.285+0000] {logging_mixin.py:188} INFO - [2025-09-29T15:36:27.284+0000] {dag.py:3089} INFO - Sync 1 DAGs
[2025-09-29T15:36:27.327+0000] {logging_mixin.py:188} INFO - [2025-09-29T15:36:27.327+0000] {dag.py:3947} INFO - Setting next_dagrun for example_kubernetes_executor to None, run_after=None
[2025-09-29T15:36:27.389+0000] {processor.py:183} INFO - Processing /home/airflow/.local/lib/python3.12/site-packages/airflow/example_dags/example_kubernetes_executor.py took 0.261 seconds
[2025-09-29T15:36:57.872+0000] {processor.py:161} INFO - Started process (PID=2106) to work on /home/airflow/.local/lib/python3.12/site-packages/airflow/example_dags/example_kubernetes_executor.py
[2025-09-29T15:36:57.875+0000] {processor.py:830} INFO - Processing file /home/airflow/.local/lib/python3.12/site-packages/airflow/example_dags/example_kubernetes_executor.py for tasks to queue
[2025-09-29T15:36:57.879+0000] {logging_mixin.py:188} INFO - [2025-09-29T15:36:57.878+0000] {dagbag.py:545} INFO - Filling up the DagBag from /home/airflow/.local/lib/python3.12/site-packages/airflow/example_dags/example_kubernetes_executor.py
[2025-09-29T15:36:57.926+0000] {processor.py:840} INFO - DAG(s) 'example_kubernetes_executor' retrieved from /home/airflow/.local/lib/python3.12/site-packages/airflow/example_dags/example_kubernetes_executor.py
[2025-09-29T15:36:58.050+0000] {logging_mixin.py:188} INFO - [2025-09-29T15:36:58.049+0000] {dag.py:3089} INFO - Sync 1 DAGs
[2025-09-29T15:36:58.085+0000] {logging_mixin.py:188} INFO - [2025-09-29T15:36:58.084+0000] {dag.py:3947} INFO - Setting next_dagrun for example_kubernetes_executor to None, run_after=None
[2025-09-29T15:36:58.140+0000] {processor.py:183} INFO - Processing /home/airflow/.local/lib/python3.12/site-packages/airflow/example_dags/example_kubernetes_executor.py took 0.282 seconds
[2025-09-29T15:37:28.558+0000] {processor.py:161} INFO - Started process (PID=2368) to work on /home/airflow/.local/lib/python3.12/site-packages/airflow/example_dags/example_kubernetes_executor.py
[2025-09-29T15:37:28.561+0000] {processor.py:830} INFO - Processing file /home/airflow/.local/lib/python3.12/site-packages/airflow/example_dags/example_kubernetes_executor.py for tasks to queue
[2025-09-29T15:37:28.565+0000] {logging_mixin.py:188} INFO - [2025-09-29T15:37:28.564+0000] {dagbag.py:545} INFO - Filling up the DagBag from /home/airflow/.local/lib/python3.12/site-packages/airflow/example_dags/example_kubernetes_executor.py
[2025-09-29T15:37:28.598+0000] {processor.py:840} INFO - DAG(s) 'example_kubernetes_executor' retrieved from /home/airflow/.local/lib/python3.12/site-packages/airflow/example_dags/example_kubernetes_executor.py
[2025-09-29T15:37:28.732+0000] {logging_mixin.py:188} INFO - [2025-09-29T15:37:28.731+0000] {dag.py:3089} INFO - Sync 1 DAGs
[2025-09-29T15:37:28.767+0000] {logging_mixin.py:188} INFO - [2025-09-29T15:37:28.766+0000] {dag.py:3947} INFO - Setting next_dagrun for example_kubernetes_executor to None, run_after=None
[2025-09-29T15:37:28.823+0000] {processor.py:183} INFO - Processing /home/airflow/.local/lib/python3.12/site-packages/airflow/example_dags/example_kubernetes_executor.py took 0.279 seconds
[2025-09-29T15:37:59.757+0000] {processor.py:161} INFO - Started process (PID=2630) to work on /home/airflow/.local/lib/python3.12/site-packages/airflow/example_dags/example_kubernetes_executor.py
[2025-09-29T15:37:59.762+0000] {processor.py:830} INFO - Processing file /home/airflow/.local/lib/python3.12/site-packages/airflow/example_dags/example_kubernetes_executor.py for tasks to queue
[2025-09-29T15:37:59.767+0000] {logging_mixin.py:188} INFO - [2025-09-29T15:37:59.766+0000] {dagbag.py:545} INFO - Filling up the DagBag from /home/airflow/.local/lib/python3.12/site-packages/airflow/example_dags/example_kubernetes_executor.py
[2025-09-29T15:37:59.801+0000] {processor.py:840} INFO - DAG(s) 'example_kubernetes_executor' retrieved from /home/airflow/.local/lib/python3.12/site-packages/airflow/example_dags/example_kubernetes_executor.py
[2025-09-29T15:37:59.894+0000] {logging_mixin.py:188} INFO - [2025-09-29T15:37:59.893+0000] {dag.py:3089} INFO - Sync 1 DAGs
[2025-09-29T15:37:59.923+0000] {logging_mixin.py:188} INFO - [2025-09-29T15:37:59.923+0000] {dag.py:3947} INFO - Setting next_dagrun for example_kubernetes_executor to None, run_after=None
[2025-09-29T15:37:59.993+0000] {processor.py:183} INFO - Processing /home/airflow/.local/lib/python3.12/site-packages/airflow/example_dags/example_kubernetes_executor.py took 0.256 seconds
[2025-09-29T15:38:30.418+0000] {processor.py:161} INFO - Started process (PID=2890) to work on /home/airflow/.local/lib/python3.12/site-packages/airflow/example_dags/example_kubernetes_executor.py
[2025-09-29T15:38:30.424+0000] {processor.py:830} INFO - Processing file /home/airflow/.local/lib/python3.12/site-packages/airflow/example_dags/example_kubernetes_executor.py for tasks to queue
[2025-09-29T15:38:30.438+0000] {logging_mixin.py:188} INFO - [2025-09-29T15:38:30.436+0000] {dagbag.py:545} INFO - Filling up the DagBag from /home/airflow/.local/lib/python3.12/site-packages/airflow/example_dags/example_kubernetes_executor.py
[2025-09-29T15:38:30.528+0000] {processor.py:840} INFO - DAG(s) 'example_kubernetes_executor' retrieved from /home/airflow/.local/lib/python3.12/site-packages/airflow/example_dags/example_kubernetes_executor.py
[2025-09-29T15:38:30.646+0000] {logging_mixin.py:188} INFO - [2025-09-29T15:38:30.645+0000] {dag.py:3089} INFO - Sync 1 DAGs
[2025-09-29T15:38:30.678+0000] {logging_mixin.py:188} INFO - [2025-09-29T15:38:30.677+0000] {dag.py:3947} INFO - Setting next_dagrun for example_kubernetes_executor to None, run_after=None
[2025-09-29T15:38:30.726+0000] {processor.py:183} INFO - Processing /home/airflow/.local/lib/python3.12/site-packages/airflow/example_dags/example_kubernetes_executor.py took 0.359 seconds
[2025-09-29T15:39:01.171+0000] {processor.py:161} INFO - Started process (PID=3148) to work on /home/airflow/.local/lib/python3.12/site-packages/airflow/example_dags/example_kubernetes_executor.py
[2025-09-29T15:39:01.175+0000] {processor.py:830} INFO - Processing file /home/airflow/.local/lib/python3.12/site-packages/airflow/example_dags/example_kubernetes_executor.py for tasks to queue
[2025-09-29T15:39:01.180+0000] {logging_mixin.py:188} INFO - [2025-09-29T15:39:01.179+0000] {dagbag.py:545} INFO - Filling up the DagBag from /home/airflow/.local/lib/python3.12/site-packages/airflow/example_dags/example_kubernetes_executor.py
[2025-09-29T15:39:01.215+0000] {processor.py:840} INFO - DAG(s) 'example_kubernetes_executor' retrieved from /home/airflow/.local/lib/python3.12/site-packages/airflow/example_dags/example_kubernetes_executor.py
[2025-09-29T15:39:01.315+0000] {logging_mixin.py:188} INFO - [2025-09-29T15:39:01.315+0000] {dag.py:3089} INFO - Sync 1 DAGs
[2025-09-29T15:39:01.347+0000] {logging_mixin.py:188} INFO - [2025-09-29T15:39:01.346+0000] {dag.py:3947} INFO - Setting next_dagrun for example_kubernetes_executor to None, run_after=None
[2025-09-29T15:39:01.404+0000] {processor.py:183} INFO - Processing /home/airflow/.local/lib/python3.12/site-packages/airflow/example_dags/example_kubernetes_executor.py took 0.250 seconds
[2025-09-29T15:39:31.676+0000] {processor.py:161} INFO - Started process (PID=3410) to work on /home/airflow/.local/lib/python3.12/site-packages/airflow/example_dags/example_kubernetes_executor.py
[2025-09-29T15:39:31.679+0000] {processor.py:830} INFO - Processing file /home/airflow/.local/lib/python3.12/site-packages/airflow/example_dags/example_kubernetes_executor.py for tasks to queue
[2025-09-29T15:39:31.685+0000] {logging_mixin.py:188} INFO - [2025-09-29T15:39:31.684+0000] {dagbag.py:545} INFO - Filling up the DagBag from /home/airflow/.local/lib/python3.12/site-packages/airflow/example_dags/example_kubernetes_executor.py
[2025-09-29T15:39:31.728+0000] {processor.py:840} INFO - DAG(s) 'example_kubernetes_executor' retrieved from /home/airflow/.local/lib/python3.12/site-packages/airflow/example_dags/example_kubernetes_executor.py
[2025-09-29T15:39:31.831+0000] {logging_mixin.py:188} INFO - [2025-09-29T15:39:31.830+0000] {dag.py:3089} INFO - Sync 1 DAGs
[2025-09-29T15:39:31.862+0000] {logging_mixin.py:188} INFO - [2025-09-29T15:39:31.861+0000] {dag.py:3947} INFO - Setting next_dagrun for example_kubernetes_executor to None, run_after=None
[2025-09-29T15:39:31.915+0000] {processor.py:183} INFO - Processing /home/airflow/.local/lib/python3.12/site-packages/airflow/example_dags/example_kubernetes_executor.py took 0.260 seconds
[2025-09-29T15:40:02.544+0000] {processor.py:161} INFO - Started process (PID=3672) to work on /home/airflow/.local/lib/python3.12/site-packages/airflow/example_dags/example_kubernetes_executor.py
[2025-09-29T15:40:02.547+0000] {processor.py:830} INFO - Processing file /home/airflow/.local/lib/python3.12/site-packages/airflow/example_dags/example_kubernetes_executor.py for tasks to queue
[2025-09-29T15:40:02.551+0000] {logging_mixin.py:188} INFO - [2025-09-29T15:40:02.550+0000] {dagbag.py:545} INFO - Filling up the DagBag from /home/airflow/.local/lib/python3.12/site-packages/airflow/example_dags/example_kubernetes_executor.py
[2025-09-29T15:40:02.580+0000] {processor.py:840} INFO - DAG(s) 'example_kubernetes_executor' retrieved from /home/airflow/.local/lib/python3.12/site-packages/airflow/example_dags/example_kubernetes_executor.py
[2025-09-29T15:40:02.670+0000] {logging_mixin.py:188} INFO - [2025-09-29T15:40:02.670+0000] {dag.py:3089} INFO - Sync 1 DAGs
[2025-09-29T15:40:02.699+0000] {logging_mixin.py:188} INFO - [2025-09-29T15:40:02.698+0000] {dag.py:3947} INFO - Setting next_dagrun for example_kubernetes_executor to None, run_after=None
[2025-09-29T15:40:02.746+0000] {processor.py:183} INFO - Processing /home/airflow/.local/lib/python3.12/site-packages/airflow/example_dags/example_kubernetes_executor.py took 0.216 seconds
[2025-09-29T15:40:33.454+0000] {processor.py:161} INFO - Started process (PID=3934) to work on /home/airflow/.local/lib/python3.12/site-packages/airflow/example_dags/example_kubernetes_executor.py
[2025-09-29T15:40:33.457+0000] {processor.py:830} INFO - Processing file /home/airflow/.local/lib/python3.12/site-packages/airflow/example_dags/example_kubernetes_executor.py for tasks to queue
[2025-09-29T15:40:33.461+0000] {logging_mixin.py:188} INFO - [2025-09-29T15:40:33.460+0000] {dagbag.py:545} INFO - Filling up the DagBag from /home/airflow/.local/lib/python3.12/site-packages/airflow/example_dags/example_kubernetes_executor.py
[2025-09-29T15:40:33.495+0000] {processor.py:840} INFO - DAG(s) 'example_kubernetes_executor' retrieved from /home/airflow/.local/lib/python3.12/site-packages/airflow/example_dags/example_kubernetes_executor.py
[2025-09-29T15:40:33.590+0000] {logging_mixin.py:188} INFO - [2025-09-29T15:40:33.589+0000] {dag.py:3089} INFO - Sync 1 DAGs
[2025-09-29T15:40:33.623+0000] {logging_mixin.py:188} INFO - [2025-09-29T15:40:33.623+0000] {dag.py:3947} INFO - Setting next_dagrun for example_kubernetes_executor to None, run_after=None
[2025-09-29T15:40:33.672+0000] {processor.py:183} INFO - Processing /home/airflow/.local/lib/python3.12/site-packages/airflow/example_dags/example_kubernetes_executor.py took 0.232 seconds
[2025-09-29T15:41:04.190+0000] {processor.py:161} INFO - Started process (PID=4196) to work on /home/airflow/.local/lib/python3.12/site-packages/airflow/example_dags/example_kubernetes_executor.py
[2025-09-29T15:41:04.193+0000] {processor.py:830} INFO - Processing file /home/airflow/.local/lib/python3.12/site-packages/airflow/example_dags/example_kubernetes_executor.py for tasks to queue
[2025-09-29T15:41:04.197+0000] {logging_mixin.py:188} INFO - [2025-09-29T15:41:04.196+0000] {dagbag.py:545} INFO - Filling up the DagBag from /home/airflow/.local/lib/python3.12/site-packages/airflow/example_dags/example_kubernetes_executor.py
[2025-09-29T15:41:04.225+0000] {processor.py:840} INFO - DAG(s) 'example_kubernetes_executor' retrieved from /home/airflow/.local/lib/python3.12/site-packages/airflow/example_dags/example_kubernetes_executor.py
[2025-09-29T15:41:04.320+0000] {logging_mixin.py:188} INFO - [2025-09-29T15:41:04.319+0000] {dag.py:3089} INFO - Sync 1 DAGs
[2025-09-29T15:41:04.349+0000] {logging_mixin.py:188} INFO - [2025-09-29T15:41:04.349+0000] {dag.py:3947} INFO - Setting next_dagrun for example_kubernetes_executor to None, run_after=None
[2025-09-29T15:41:04.396+0000] {processor.py:183} INFO - Processing /home/airflow/.local/lib/python3.12/site-packages/airflow/example_dags/example_kubernetes_executor.py took 0.220 seconds
[2025-09-29T15:41:34.875+0000] {processor.py:161} INFO - Started process (PID=4458) to work on /home/airflow/.local/lib/python3.12/site-packages/airflow/example_dags/example_kubernetes_executor.py
[2025-09-29T15:41:34.878+0000] {processor.py:830} INFO - Processing file /home/airflow/.local/lib/python3.12/site-packages/airflow/example_dags/example_kubernetes_executor.py for tasks to queue
[2025-09-29T15:41:34.882+0000] {logging_mixin.py:188} INFO - [2025-09-29T15:41:34.881+0000] {dagbag.py:545} INFO - Filling up the DagBag from /home/airflow/.local/lib/python3.12/site-packages/airflow/example_dags/example_kubernetes_executor.py
[2025-09-29T15:41:34.913+0000] {processor.py:840} INFO - DAG(s) 'example_kubernetes_executor' retrieved from /home/airflow/.local/lib/python3.12/site-packages/airflow/example_dags/example_kubernetes_executor.py
[2025-09-29T15:41:35.013+0000] {logging_mixin.py:188} INFO - [2025-09-29T15:41:35.012+0000] {dag.py:3089} INFO - Sync 1 DAGs
[2025-09-29T15:41:35.050+0000] {logging_mixin.py:188} INFO - [2025-09-29T15:41:35.050+0000] {dag.py:3947} INFO - Setting next_dagrun for example_kubernetes_executor to None, run_after=None
[2025-09-29T15:41:35.105+0000] {processor.py:183} INFO - Processing /home/airflow/.local/lib/python3.12/site-packages/airflow/example_dags/example_kubernetes_executor.py took 0.245 seconds
[2025-09-29T15:42:05.329+0000] {processor.py:161} INFO - Started process (PID=4730) to work on /home/airflow/.local/lib/python3.12/site-packages/airflow/example_dags/example_kubernetes_executor.py
[2025-09-29T15:42:05.332+0000] {processor.py:830} INFO - Processing file /home/airflow/.local/lib/python3.12/site-packages/airflow/example_dags/example_kubernetes_executor.py for tasks to queue
[2025-09-29T15:42:05.337+0000] {logging_mixin.py:188} INFO - [2025-09-29T15:42:05.336+0000] {dagbag.py:545} INFO - Filling up the DagBag from /home/airflow/.local/lib/python3.12/site-packages/airflow/example_dags/example_kubernetes_executor.py
[2025-09-29T15:42:05.370+0000] {processor.py:840} INFO - DAG(s) 'example_kubernetes_executor' retrieved from /home/airflow/.local/lib/python3.12/site-packages/airflow/example_dags/example_kubernetes_executor.py
[2025-09-29T15:42:05.480+0000] {logging_mixin.py:188} INFO - [2025-09-29T15:42:05.479+0000] {dag.py:3089} INFO - Sync 1 DAGs
[2025-09-29T15:42:05.510+0000] {logging_mixin.py:188} INFO - [2025-09-29T15:42:05.509+0000] {dag.py:3947} INFO - Setting next_dagrun for example_kubernetes_executor to None, run_after=None
[2025-09-29T15:42:05.561+0000] {processor.py:183} INFO - Processing /home/airflow/.local/lib/python3.12/site-packages/airflow/example_dags/example_kubernetes_executor.py took 0.250 seconds
[2025-09-29T15:42:35.825+0000] {processor.py:161} INFO - Started process (PID=4992) to work on /home/airflow/.local/lib/python3.12/site-packages/airflow/example_dags/example_kubernetes_executor.py
[2025-09-29T15:42:35.827+0000] {processor.py:830} INFO - Processing file /home/airflow/.local/lib/python3.12/site-packages/airflow/example_dags/example_kubernetes_executor.py for tasks to queue
[2025-09-29T15:42:35.831+0000] {logging_mixin.py:188} INFO - [2025-09-29T15:42:35.831+0000] {dagbag.py:545} INFO - Filling up the DagBag from /home/airflow/.local/lib/python3.12/site-packages/airflow/example_dags/example_kubernetes_executor.py
[2025-09-29T15:42:35.859+0000] {processor.py:840} INFO - DAG(s) 'example_kubernetes_executor' retrieved from /home/airflow/.local/lib/python3.12/site-packages/airflow/example_dags/example_kubernetes_executor.py
[2025-09-29T15:42:35.954+0000] {logging_mixin.py:188} INFO - [2025-09-29T15:42:35.954+0000] {dag.py:3089} INFO - Sync 1 DAGs
[2025-09-29T15:42:35.985+0000] {logging_mixin.py:188} INFO - [2025-09-29T15:42:35.985+0000] {dag.py:3947} INFO - Setting next_dagrun for example_kubernetes_executor to None, run_after=None
[2025-09-29T15:42:36.032+0000] {processor.py:183} INFO - Processing /home/airflow/.local/lib/python3.12/site-packages/airflow/example_dags/example_kubernetes_executor.py took 0.220 seconds
[2025-09-29T15:43:06.354+0000] {processor.py:161} INFO - Started process (PID=5254) to work on /home/airflow/.local/lib/python3.12/site-packages/airflow/example_dags/example_kubernetes_executor.py
[2025-09-29T15:43:06.357+0000] {processor.py:830} INFO - Processing file /home/airflow/.local/lib/python3.12/site-packages/airflow/example_dags/example_kubernetes_executor.py for tasks to queue
[2025-09-29T15:43:06.362+0000] {logging_mixin.py:188} INFO - [2025-09-29T15:43:06.361+0000] {dagbag.py:545} INFO - Filling up the DagBag from /home/airflow/.local/lib/python3.12/site-packages/airflow/example_dags/example_kubernetes_executor.py
[2025-09-29T15:43:06.400+0000] {processor.py:840} INFO - DAG(s) 'example_kubernetes_executor' retrieved from /home/airflow/.local/lib/python3.12/site-packages/airflow/example_dags/example_kubernetes_executor.py
[2025-09-29T15:43:06.499+0000] {logging_mixin.py:188} INFO - [2025-09-29T15:43:06.499+0000] {dag.py:3089} INFO - Sync 1 DAGs
[2025-09-29T15:43:06.527+0000] {logging_mixin.py:188} INFO - [2025-09-29T15:43:06.527+0000] {dag.py:3947} INFO - Setting next_dagrun for example_kubernetes_executor to None, run_after=None
[2025-09-29T15:43:06.577+0000] {processor.py:183} INFO - Processing /home/airflow/.local/lib/python3.12/site-packages/airflow/example_dags/example_kubernetes_executor.py took 0.242 seconds
[2025-09-29T15:43:36.843+0000] {processor.py:161} INFO - Started process (PID=5516) to work on /home/airflow/.local/lib/python3.12/site-packages/airflow/example_dags/example_kubernetes_executor.py
[2025-09-29T15:43:36.845+0000] {processor.py:830} INFO - Processing file /home/airflow/.local/lib/python3.12/site-packages/airflow/example_dags/example_kubernetes_executor.py for tasks to queue
[2025-09-29T15:43:36.850+0000] {logging_mixin.py:188} INFO - [2025-09-29T15:43:36.849+0000] {dagbag.py:545} INFO - Filling up the DagBag from /home/airflow/.local/lib/python3.12/site-packages/airflow/example_dags/example_kubernetes_executor.py
[2025-09-29T15:43:36.880+0000] {processor.py:840} INFO - DAG(s) 'example_kubernetes_executor' retrieved from /home/airflow/.local/lib/python3.12/site-packages/airflow/example_dags/example_kubernetes_executor.py
[2025-09-29T15:43:36.976+0000] {logging_mixin.py:188} INFO - [2025-09-29T15:43:36.975+0000] {dag.py:3089} INFO - Sync 1 DAGs
[2025-09-29T15:43:37.005+0000] {logging_mixin.py:188} INFO - [2025-09-29T15:43:37.005+0000] {dag.py:3947} INFO - Setting next_dagrun for example_kubernetes_executor to None, run_after=None
[2025-09-29T15:43:37.052+0000] {processor.py:183} INFO - Processing /home/airflow/.local/lib/python3.12/site-packages/airflow/example_dags/example_kubernetes_executor.py took 0.223 seconds
[2025-09-29T15:44:07.359+0000] {processor.py:161} INFO - Started process (PID=5768) to work on /home/airflow/.local/lib/python3.12/site-packages/airflow/example_dags/example_kubernetes_executor.py
[2025-09-29T15:44:07.361+0000] {processor.py:830} INFO - Processing file /home/airflow/.local/lib/python3.12/site-packages/airflow/example_dags/example_kubernetes_executor.py for tasks to queue
[2025-09-29T15:44:07.365+0000] {logging_mixin.py:188} INFO - [2025-09-29T15:44:07.364+0000] {dagbag.py:545} INFO - Filling up the DagBag from /home/airflow/.local/lib/python3.12/site-packages/airflow/example_dags/example_kubernetes_executor.py
[2025-09-29T15:44:07.395+0000] {processor.py:840} INFO - DAG(s) 'example_kubernetes_executor' retrieved from /home/airflow/.local/lib/python3.12/site-packages/airflow/example_dags/example_kubernetes_executor.py
[2025-09-29T15:44:07.495+0000] {logging_mixin.py:188} INFO - [2025-09-29T15:44:07.494+0000] {dag.py:3089} INFO - Sync 1 DAGs
[2025-09-29T15:44:07.530+0000] {logging_mixin.py:188} INFO - [2025-09-29T15:44:07.529+0000] {dag.py:3947} INFO - Setting next_dagrun for example_kubernetes_executor to None, run_after=None
[2025-09-29T15:44:07.595+0000] {processor.py:183} INFO - Processing /home/airflow/.local/lib/python3.12/site-packages/airflow/example_dags/example_kubernetes_executor.py took 0.250 seconds
[2025-09-29T15:44:38.237+0000] {processor.py:161} INFO - Started process (PID=6030) to work on /home/airflow/.local/lib/python3.12/site-packages/airflow/example_dags/example_kubernetes_executor.py
[2025-09-29T15:44:38.240+0000] {processor.py:830} INFO - Processing file /home/airflow/.local/lib/python3.12/site-packages/airflow/example_dags/example_kubernetes_executor.py for tasks to queue
[2025-09-29T15:44:38.245+0000] {logging_mixin.py:188} INFO - [2025-09-29T15:44:38.244+0000] {dagbag.py:545} INFO - Filling up the DagBag from /home/airflow/.local/lib/python3.12/site-packages/airflow/example_dags/example_kubernetes_executor.py
[2025-09-29T15:44:38.274+0000] {processor.py:840} INFO - DAG(s) 'example_kubernetes_executor' retrieved from /home/airflow/.local/lib/python3.12/site-packages/airflow/example_dags/example_kubernetes_executor.py
[2025-09-29T15:44:38.364+0000] {logging_mixin.py:188} INFO - [2025-09-29T15:44:38.363+0000] {dag.py:3089} INFO - Sync 1 DAGs
[2025-09-29T15:44:38.395+0000] {logging_mixin.py:188} INFO - [2025-09-29T15:44:38.395+0000] {dag.py:3947} INFO - Setting next_dagrun for example_kubernetes_executor to None, run_after=None
[2025-09-29T15:44:38.443+0000] {processor.py:183} INFO - Processing /home/airflow/.local/lib/python3.12/site-packages/airflow/example_dags/example_kubernetes_executor.py took 0.221 seconds
[2025-09-29T15:45:08.858+0000] {processor.py:161} INFO - Started process (PID=6290) to work on /home/airflow/.local/lib/python3.12/site-packages/airflow/example_dags/example_kubernetes_executor.py
[2025-09-29T15:45:08.866+0000] {processor.py:830} INFO - Processing file /home/airflow/.local/lib/python3.12/site-packages/airflow/example_dags/example_kubernetes_executor.py for tasks to queue
[2025-09-29T15:45:08.874+0000] {logging_mixin.py:188} INFO - [2025-09-29T15:45:08.873+0000] {dagbag.py:545} INFO - Filling up the DagBag from /home/airflow/.local/lib/python3.12/site-packages/airflow/example_dags/example_kubernetes_executor.py
[2025-09-29T15:45:08.906+0000] {processor.py:840} INFO - DAG(s) 'example_kubernetes_executor' retrieved from /home/airflow/.local/lib/python3.12/site-packages/airflow/example_dags/example_kubernetes_executor.py
[2025-09-29T15:45:09.001+0000] {logging_mixin.py:188} INFO - [2025-09-29T15:45:09.001+0000] {dag.py:3089} INFO - Sync 1 DAGs
[2025-09-29T15:45:09.035+0000] {logging_mixin.py:188} INFO - [2025-09-29T15:45:09.034+0000] {dag.py:3947} INFO - Setting next_dagrun for example_kubernetes_executor to None, run_after=None
[2025-09-29T15:45:09.085+0000] {processor.py:183} INFO - Processing /home/airflow/.local/lib/python3.12/site-packages/airflow/example_dags/example_kubernetes_executor.py took 0.243 seconds
[2025-09-29T15:45:39.504+0000] {processor.py:161} INFO - Started process (PID=6552) to work on /home/airflow/.local/lib/python3.12/site-packages/airflow/example_dags/example_kubernetes_executor.py
[2025-09-29T15:45:39.507+0000] {processor.py:830} INFO - Processing file /home/airflow/.local/lib/python3.12/site-packages/airflow/example_dags/example_kubernetes_executor.py for tasks to queue
[2025-09-29T15:45:39.511+0000] {logging_mixin.py:188} INFO - [2025-09-29T15:45:39.510+0000] {dagbag.py:545} INFO - Filling up the DagBag from /home/airflow/.local/lib/python3.12/site-packages/airflow/example_dags/example_kubernetes_executor.py
[2025-09-29T15:45:39.542+0000] {processor.py:840} INFO - DAG(s) 'example_kubernetes_executor' retrieved from /home/airflow/.local/lib/python3.12/site-packages/airflow/example_dags/example_kubernetes_executor.py
[2025-09-29T15:45:39.641+0000] {logging_mixin.py:188} INFO - [2025-09-29T15:45:39.641+0000] {dag.py:3089} INFO - Sync 1 DAGs
[2025-09-29T15:45:39.674+0000] {logging_mixin.py:188} INFO - [2025-09-29T15:45:39.673+0000] {dag.py:3947} INFO - Setting next_dagrun for example_kubernetes_executor to None, run_after=None
[2025-09-29T15:45:39.724+0000] {processor.py:183} INFO - Processing /home/airflow/.local/lib/python3.12/site-packages/airflow/example_dags/example_kubernetes_executor.py took 0.234 seconds
[2025-09-29T15:46:10.155+0000] {processor.py:161} INFO - Started process (PID=6814) to work on /home/airflow/.local/lib/python3.12/site-packages/airflow/example_dags/example_kubernetes_executor.py
[2025-09-29T15:46:10.158+0000] {processor.py:830} INFO - Processing file /home/airflow/.local/lib/python3.12/site-packages/airflow/example_dags/example_kubernetes_executor.py for tasks to queue
[2025-09-29T15:46:10.162+0000] {logging_mixin.py:188} INFO - [2025-09-29T15:46:10.161+0000] {dagbag.py:545} INFO - Filling up the DagBag from /home/airflow/.local/lib/python3.12/site-packages/airflow/example_dags/example_kubernetes_executor.py
[2025-09-29T15:46:10.192+0000] {processor.py:840} INFO - DAG(s) 'example_kubernetes_executor' retrieved from /home/airflow/.local/lib/python3.12/site-packages/airflow/example_dags/example_kubernetes_executor.py
[2025-09-29T15:46:10.286+0000] {logging_mixin.py:188} INFO - [2025-09-29T15:46:10.285+0000] {dag.py:3089} INFO - Sync 1 DAGs
[2025-09-29T15:46:10.317+0000] {logging_mixin.py:188} INFO - [2025-09-29T15:46:10.316+0000] {dag.py:3947} INFO - Setting next_dagrun for example_kubernetes_executor to None, run_after=None
[2025-09-29T15:46:10.364+0000] {processor.py:183} INFO - Processing /home/airflow/.local/lib/python3.12/site-packages/airflow/example_dags/example_kubernetes_executor.py took 0.223 seconds
[2025-09-29T15:46:40.673+0000] {processor.py:161} INFO - Started process (PID=7076) to work on /home/airflow/.local/lib/python3.12/site-packages/airflow/example_dags/example_kubernetes_executor.py
[2025-09-29T15:46:40.676+0000] {processor.py:830} INFO - Processing file /home/airflow/.local/lib/python3.12/site-packages/airflow/example_dags/example_kubernetes_executor.py for tasks to queue
[2025-09-29T15:46:40.680+0000] {logging_mixin.py:188} INFO - [2025-09-29T15:46:40.679+0000] {dagbag.py:545} INFO - Filling up the DagBag from /home/airflow/.local/lib/python3.12/site-packages/airflow/example_dags/example_kubernetes_executor.py
[2025-09-29T15:46:40.711+0000] {processor.py:840} INFO - DAG(s) 'example_kubernetes_executor' retrieved from /home/airflow/.local/lib/python3.12/site-packages/airflow/example_dags/example_kubernetes_executor.py
[2025-09-29T15:46:40.822+0000] {logging_mixin.py:188} INFO - [2025-09-29T15:46:40.821+0000] {dag.py:3089} INFO - Sync 1 DAGs
[2025-09-29T15:46:40.857+0000] {logging_mixin.py:188} INFO - [2025-09-29T15:46:40.857+0000] {dag.py:3947} INFO - Setting next_dagrun for example_kubernetes_executor to None, run_after=None
[2025-09-29T15:46:40.908+0000] {processor.py:183} INFO - Processing /home/airflow/.local/lib/python3.12/site-packages/airflow/example_dags/example_kubernetes_executor.py took 0.250 seconds
[2025-09-29T15:47:12.251+0000] {processor.py:161} INFO - Started process (PID=7338) to work on /home/airflow/.local/lib/python3.12/site-packages/airflow/example_dags/example_kubernetes_executor.py
[2025-09-29T15:47:12.253+0000] {processor.py:830} INFO - Processing file /home/airflow/.local/lib/python3.12/site-packages/airflow/example_dags/example_kubernetes_executor.py for tasks to queue
[2025-09-29T15:47:12.258+0000] {logging_mixin.py:188} INFO - [2025-09-29T15:47:12.257+0000] {dagbag.py:545} INFO - Filling up the DagBag from /home/airflow/.local/lib/python3.12/site-packages/airflow/example_dags/example_kubernetes_executor.py
[2025-09-29T15:47:12.289+0000] {processor.py:840} INFO - DAG(s) 'example_kubernetes_executor' retrieved from /home/airflow/.local/lib/python3.12/site-packages/airflow/example_dags/example_kubernetes_executor.py
[2025-09-29T15:47:12.391+0000] {logging_mixin.py:188} INFO - [2025-09-29T15:47:12.391+0000] {dag.py:3089} INFO - Sync 1 DAGs
[2025-09-29T15:47:12.426+0000] {logging_mixin.py:188} INFO - [2025-09-29T15:47:12.425+0000] {dag.py:3947} INFO - Setting next_dagrun for example_kubernetes_executor to None, run_after=None
[2025-09-29T15:47:12.479+0000] {processor.py:183} INFO - Processing /home/airflow/.local/lib/python3.12/site-packages/airflow/example_dags/example_kubernetes_executor.py took 0.247 seconds
[2025-09-29T15:47:43.382+0000] {processor.py:161} INFO - Started process (PID=7600) to work on /home/airflow/.local/lib/python3.12/site-packages/airflow/example_dags/example_kubernetes_executor.py
[2025-09-29T15:47:43.386+0000] {processor.py:830} INFO - Processing file /home/airflow/.local/lib/python3.12/site-packages/airflow/example_dags/example_kubernetes_executor.py for tasks to queue
[2025-09-29T15:47:43.390+0000] {logging_mixin.py:188} INFO - [2025-09-29T15:47:43.389+0000] {dagbag.py:545} INFO - Filling up the DagBag from /home/airflow/.local/lib/python3.12/site-packages/airflow/example_dags/example_kubernetes_executor.py
[2025-09-29T15:47:43.424+0000] {processor.py:840} INFO - DAG(s) 'example_kubernetes_executor' retrieved from /home/airflow/.local/lib/python3.12/site-packages/airflow/example_dags/example_kubernetes_executor.py
[2025-09-29T15:47:43.531+0000] {logging_mixin.py:188} INFO - [2025-09-29T15:47:43.530+0000] {dag.py:3089} INFO - Sync 1 DAGs
[2025-09-29T15:47:43.568+0000] {logging_mixin.py:188} INFO - [2025-09-29T15:47:43.568+0000] {dag.py:3947} INFO - Setting next_dagrun for example_kubernetes_executor to None, run_after=None
[2025-09-29T15:47:43.631+0000] {processor.py:183} INFO - Processing /home/airflow/.local/lib/python3.12/site-packages/airflow/example_dags/example_kubernetes_executor.py took 0.268 seconds
[2025-09-29T15:48:14.068+0000] {processor.py:161} INFO - Started process (PID=7861) to work on /home/airflow/.local/lib/python3.12/site-packages/airflow/example_dags/example_kubernetes_executor.py
[2025-09-29T15:48:14.070+0000] {processor.py:830} INFO - Processing file /home/airflow/.local/lib/python3.12/site-packages/airflow/example_dags/example_kubernetes_executor.py for tasks to queue
[2025-09-29T15:48:14.076+0000] {logging_mixin.py:188} INFO - [2025-09-29T15:48:14.074+0000] {dagbag.py:545} INFO - Filling up the DagBag from /home/airflow/.local/lib/python3.12/site-packages/airflow/example_dags/example_kubernetes_executor.py
[2025-09-29T15:48:14.111+0000] {processor.py:840} INFO - DAG(s) 'example_kubernetes_executor' retrieved from /home/airflow/.local/lib/python3.12/site-packages/airflow/example_dags/example_kubernetes_executor.py
[2025-09-29T15:48:14.216+0000] {logging_mixin.py:188} INFO - [2025-09-29T15:48:14.215+0000] {dag.py:3089} INFO - Sync 1 DAGs
[2025-09-29T15:48:14.245+0000] {logging_mixin.py:188} INFO - [2025-09-29T15:48:14.244+0000] {dag.py:3947} INFO - Setting next_dagrun for example_kubernetes_executor to None, run_after=None
[2025-09-29T15:48:14.296+0000] {processor.py:183} INFO - Processing /home/airflow/.local/lib/python3.12/site-packages/airflow/example_dags/example_kubernetes_executor.py took 0.243 seconds
[2025-09-29T15:48:45.049+0000] {processor.py:161} INFO - Started process (PID=8129) to work on /home/airflow/.local/lib/python3.12/site-packages/airflow/example_dags/example_kubernetes_executor.py
[2025-09-29T15:48:45.052+0000] {processor.py:830} INFO - Processing file /home/airflow/.local/lib/python3.12/site-packages/airflow/example_dags/example_kubernetes_executor.py for tasks to queue
[2025-09-29T15:48:45.058+0000] {logging_mixin.py:188} INFO - [2025-09-29T15:48:45.057+0000] {dagbag.py:545} INFO - Filling up the DagBag from /home/airflow/.local/lib/python3.12/site-packages/airflow/example_dags/example_kubernetes_executor.py
[2025-09-29T15:48:45.093+0000] {processor.py:840} INFO - DAG(s) 'example_kubernetes_executor' retrieved from /home/airflow/.local/lib/python3.12/site-packages/airflow/example_dags/example_kubernetes_executor.py
[2025-09-29T15:48:45.205+0000] {logging_mixin.py:188} INFO - [2025-09-29T15:48:45.204+0000] {dag.py:3089} INFO - Sync 1 DAGs
[2025-09-29T15:48:45.241+0000] {logging_mixin.py:188} INFO - [2025-09-29T15:48:45.240+0000] {dag.py:3947} INFO - Setting next_dagrun for example_kubernetes_executor to None, run_after=None
[2025-09-29T15:48:45.293+0000] {processor.py:183} INFO - Processing /home/airflow/.local/lib/python3.12/site-packages/airflow/example_dags/example_kubernetes_executor.py took 0.263 seconds
[2025-09-29T15:49:15.622+0000] {processor.py:161} INFO - Started process (PID=8387) to work on /home/airflow/.local/lib/python3.12/site-packages/airflow/example_dags/example_kubernetes_executor.py
[2025-09-29T15:49:15.638+0000] {processor.py:830} INFO - Processing file /home/airflow/.local/lib/python3.12/site-packages/airflow/example_dags/example_kubernetes_executor.py for tasks to queue
[2025-09-29T15:49:15.642+0000] {logging_mixin.py:188} INFO - [2025-09-29T15:49:15.641+0000] {dagbag.py:545} INFO - Filling up the DagBag from /home/airflow/.local/lib/python3.12/site-packages/airflow/example_dags/example_kubernetes_executor.py
[2025-09-29T15:49:15.671+0000] {processor.py:840} INFO - DAG(s) 'example_kubernetes_executor' retrieved from /home/airflow/.local/lib/python3.12/site-packages/airflow/example_dags/example_kubernetes_executor.py
[2025-09-29T15:49:15.762+0000] {logging_mixin.py:188} INFO - [2025-09-29T15:49:15.761+0000] {dag.py:3089} INFO - Sync 1 DAGs
[2025-09-29T15:49:15.796+0000] {logging_mixin.py:188} INFO - [2025-09-29T15:49:15.796+0000] {dag.py:3947} INFO - Setting next_dagrun for example_kubernetes_executor to None, run_after=None
[2025-09-29T15:49:15.848+0000] {processor.py:183} INFO - Processing /home/airflow/.local/lib/python3.12/site-packages/airflow/example_dags/example_kubernetes_executor.py took 0.240 seconds
[2025-09-29T15:49:46.438+0000] {processor.py:161} INFO - Started process (PID=8647) to work on /home/airflow/.local/lib/python3.12/site-packages/airflow/example_dags/example_kubernetes_executor.py
[2025-09-29T15:49:46.453+0000] {processor.py:830} INFO - Processing file /home/airflow/.local/lib/python3.12/site-packages/airflow/example_dags/example_kubernetes_executor.py for tasks to queue
[2025-09-29T15:49:46.457+0000] {logging_mixin.py:188} INFO - [2025-09-29T15:49:46.457+0000] {dagbag.py:545} INFO - Filling up the DagBag from /home/airflow/.local/lib/python3.12/site-packages/airflow/example_dags/example_kubernetes_executor.py
[2025-09-29T15:49:46.486+0000] {processor.py:840} INFO - DAG(s) 'example_kubernetes_executor' retrieved from /home/airflow/.local/lib/python3.12/site-packages/airflow/example_dags/example_kubernetes_executor.py
[2025-09-29T15:49:46.579+0000] {logging_mixin.py:188} INFO - [2025-09-29T15:49:46.579+0000] {dag.py:3089} INFO - Sync 1 DAGs
[2025-09-29T15:49:46.610+0000] {logging_mixin.py:188} INFO - [2025-09-29T15:49:46.609+0000] {dag.py:3947} INFO - Setting next_dagrun for example_kubernetes_executor to None, run_after=None
[2025-09-29T15:49:46.665+0000] {processor.py:183} INFO - Processing /home/airflow/.local/lib/python3.12/site-packages/airflow/example_dags/example_kubernetes_executor.py took 0.241 seconds
[2025-09-29T15:50:16.854+0000] {processor.py:161} INFO - Started process (PID=8906) to work on /home/airflow/.local/lib/python3.12/site-packages/airflow/example_dags/example_kubernetes_executor.py
[2025-09-29T15:50:16.857+0000] {processor.py:830} INFO - Processing file /home/airflow/.local/lib/python3.12/site-packages/airflow/example_dags/example_kubernetes_executor.py for tasks to queue
[2025-09-29T15:50:16.861+0000] {logging_mixin.py:188} INFO - [2025-09-29T15:50:16.860+0000] {dagbag.py:545} INFO - Filling up the DagBag from /home/airflow/.local/lib/python3.12/site-packages/airflow/example_dags/example_kubernetes_executor.py
[2025-09-29T15:50:16.890+0000] {processor.py:840} INFO - DAG(s) 'example_kubernetes_executor' retrieved from /home/airflow/.local/lib/python3.12/site-packages/airflow/example_dags/example_kubernetes_executor.py
[2025-09-29T15:50:16.997+0000] {logging_mixin.py:188} INFO - [2025-09-29T15:50:16.996+0000] {dag.py:3089} INFO - Sync 1 DAGs
[2025-09-29T15:50:17.032+0000] {logging_mixin.py:188} INFO - [2025-09-29T15:50:17.032+0000] {dag.py:3947} INFO - Setting next_dagrun for example_kubernetes_executor to None, run_after=None
[2025-09-29T15:50:17.085+0000] {processor.py:183} INFO - Processing /home/airflow/.local/lib/python3.12/site-packages/airflow/example_dags/example_kubernetes_executor.py took 0.245 seconds
[2025-09-29T15:50:47.411+0000] {processor.py:161} INFO - Started process (PID=9168) to work on /home/airflow/.local/lib/python3.12/site-packages/airflow/example_dags/example_kubernetes_executor.py
[2025-09-29T15:50:47.413+0000] {processor.py:830} INFO - Processing file /home/airflow/.local/lib/python3.12/site-packages/airflow/example_dags/example_kubernetes_executor.py for tasks to queue
[2025-09-29T15:50:47.418+0000] {logging_mixin.py:188} INFO - [2025-09-29T15:50:47.417+0000] {dagbag.py:545} INFO - Filling up the DagBag from /home/airflow/.local/lib/python3.12/site-packages/airflow/example_dags/example_kubernetes_executor.py
[2025-09-29T15:50:47.449+0000] {processor.py:840} INFO - DAG(s) 'example_kubernetes_executor' retrieved from /home/airflow/.local/lib/python3.12/site-packages/airflow/example_dags/example_kubernetes_executor.py
[2025-09-29T15:50:47.543+0000] {logging_mixin.py:188} INFO - [2025-09-29T15:50:47.543+0000] {dag.py:3089} INFO - Sync 1 DAGs
[2025-09-29T15:50:47.577+0000] {logging_mixin.py:188} INFO - [2025-09-29T15:50:47.576+0000] {dag.py:3947} INFO - Setting next_dagrun for example_kubernetes_executor to None, run_after=None
[2025-09-29T15:50:47.629+0000] {processor.py:183} INFO - Processing /home/airflow/.local/lib/python3.12/site-packages/airflow/example_dags/example_kubernetes_executor.py took 0.233 seconds
[2025-09-29T15:51:18.230+0000] {processor.py:161} INFO - Started process (PID=9430) to work on /home/airflow/.local/lib/python3.12/site-packages/airflow/example_dags/example_kubernetes_executor.py
[2025-09-29T15:51:18.233+0000] {processor.py:830} INFO - Processing file /home/airflow/.local/lib/python3.12/site-packages/airflow/example_dags/example_kubernetes_executor.py for tasks to queue
[2025-09-29T15:51:18.237+0000] {logging_mixin.py:188} INFO - [2025-09-29T15:51:18.237+0000] {dagbag.py:545} INFO - Filling up the DagBag from /home/airflow/.local/lib/python3.12/site-packages/airflow/example_dags/example_kubernetes_executor.py
[2025-09-29T15:51:18.266+0000] {processor.py:840} INFO - DAG(s) 'example_kubernetes_executor' retrieved from /home/airflow/.local/lib/python3.12/site-packages/airflow/example_dags/example_kubernetes_executor.py
[2025-09-29T15:51:18.358+0000] {logging_mixin.py:188} INFO - [2025-09-29T15:51:18.358+0000] {dag.py:3089} INFO - Sync 1 DAGs
[2025-09-29T15:51:18.390+0000] {logging_mixin.py:188} INFO - [2025-09-29T15:51:18.389+0000] {dag.py:3947} INFO - Setting next_dagrun for example_kubernetes_executor to None, run_after=None
[2025-09-29T15:51:18.437+0000] {processor.py:183} INFO - Processing /home/airflow/.local/lib/python3.12/site-packages/airflow/example_dags/example_kubernetes_executor.py took 0.220 seconds
[2025-09-29T15:51:48.664+0000] {processor.py:161} INFO - Started process (PID=9692) to work on /home/airflow/.local/lib/python3.12/site-packages/airflow/example_dags/example_kubernetes_executor.py
[2025-09-29T15:51:48.667+0000] {processor.py:830} INFO - Processing file /home/airflow/.local/lib/python3.12/site-packages/airflow/example_dags/example_kubernetes_executor.py for tasks to queue
[2025-09-29T15:51:48.671+0000] {logging_mixin.py:188} INFO - [2025-09-29T15:51:48.670+0000] {dagbag.py:545} INFO - Filling up the DagBag from /home/airflow/.local/lib/python3.12/site-packages/airflow/example_dags/example_kubernetes_executor.py
[2025-09-29T15:51:48.710+0000] {processor.py:840} INFO - DAG(s) 'example_kubernetes_executor' retrieved from /home/airflow/.local/lib/python3.12/site-packages/airflow/example_dags/example_kubernetes_executor.py
[2025-09-29T15:51:48.809+0000] {logging_mixin.py:188} INFO - [2025-09-29T15:51:48.808+0000] {dag.py:3089} INFO - Sync 1 DAGs
[2025-09-29T15:51:48.842+0000] {logging_mixin.py:188} INFO - [2025-09-29T15:51:48.842+0000] {dag.py:3947} INFO - Setting next_dagrun for example_kubernetes_executor to None, run_after=None
[2025-09-29T15:51:48.890+0000] {processor.py:183} INFO - Processing /home/airflow/.local/lib/python3.12/site-packages/airflow/example_dags/example_kubernetes_executor.py took 0.241 seconds
[2025-09-29T15:52:19.674+0000] {processor.py:161} INFO - Started process (PID=9954) to work on /home/airflow/.local/lib/python3.12/site-packages/airflow/example_dags/example_kubernetes_executor.py
[2025-09-29T15:52:19.690+0000] {processor.py:830} INFO - Processing file /home/airflow/.local/lib/python3.12/site-packages/airflow/example_dags/example_kubernetes_executor.py for tasks to queue
[2025-09-29T15:52:19.694+0000] {logging_mixin.py:188} INFO - [2025-09-29T15:52:19.693+0000] {dagbag.py:545} INFO - Filling up the DagBag from /home/airflow/.local/lib/python3.12/site-packages/airflow/example_dags/example_kubernetes_executor.py
[2025-09-29T15:52:19.723+0000] {processor.py:840} INFO - DAG(s) 'example_kubernetes_executor' retrieved from /home/airflow/.local/lib/python3.12/site-packages/airflow/example_dags/example_kubernetes_executor.py
[2025-09-29T15:52:19.817+0000] {logging_mixin.py:188} INFO - [2025-09-29T15:52:19.816+0000] {dag.py:3089} INFO - Sync 1 DAGs
[2025-09-29T15:52:19.847+0000] {logging_mixin.py:188} INFO - [2025-09-29T15:52:19.846+0000] {dag.py:3947} INFO - Setting next_dagrun for example_kubernetes_executor to None, run_after=None
[2025-09-29T15:52:19.895+0000] {processor.py:183} INFO - Processing /home/airflow/.local/lib/python3.12/site-packages/airflow/example_dags/example_kubernetes_executor.py took 0.235 seconds
[2025-09-29T15:52:50.480+0000] {processor.py:161} INFO - Started process (PID=10216) to work on /home/airflow/.local/lib/python3.12/site-packages/airflow/example_dags/example_kubernetes_executor.py
[2025-09-29T15:52:50.496+0000] {processor.py:830} INFO - Processing file /home/airflow/.local/lib/python3.12/site-packages/airflow/example_dags/example_kubernetes_executor.py for tasks to queue
[2025-09-29T15:52:50.501+0000] {logging_mixin.py:188} INFO - [2025-09-29T15:52:50.500+0000] {dagbag.py:545} INFO - Filling up the DagBag from /home/airflow/.local/lib/python3.12/site-packages/airflow/example_dags/example_kubernetes_executor.py
[2025-09-29T15:52:50.547+0000] {processor.py:840} INFO - DAG(s) 'example_kubernetes_executor' retrieved from /home/airflow/.local/lib/python3.12/site-packages/airflow/example_dags/example_kubernetes_executor.py
[2025-09-29T15:52:50.658+0000] {logging_mixin.py:188} INFO - [2025-09-29T15:52:50.657+0000] {dag.py:3089} INFO - Sync 1 DAGs
[2025-09-29T15:52:50.693+0000] {logging_mixin.py:188} INFO - [2025-09-29T15:52:50.693+0000] {dag.py:3947} INFO - Setting next_dagrun for example_kubernetes_executor to None, run_after=None
[2025-09-29T15:52:50.750+0000] {processor.py:183} INFO - Processing /home/airflow/.local/lib/python3.12/site-packages/airflow/example_dags/example_kubernetes_executor.py took 0.289 seconds
[2025-09-29T15:53:21.321+0000] {processor.py:161} INFO - Started process (PID=10481) to work on /home/airflow/.local/lib/python3.12/site-packages/airflow/example_dags/example_kubernetes_executor.py
[2025-09-29T15:53:21.324+0000] {processor.py:830} INFO - Processing file /home/airflow/.local/lib/python3.12/site-packages/airflow/example_dags/example_kubernetes_executor.py for tasks to queue
[2025-09-29T15:53:21.329+0000] {logging_mixin.py:188} INFO - [2025-09-29T15:53:21.328+0000] {dagbag.py:545} INFO - Filling up the DagBag from /home/airflow/.local/lib/python3.12/site-packages/airflow/example_dags/example_kubernetes_executor.py
[2025-09-29T15:53:21.360+0000] {processor.py:840} INFO - DAG(s) 'example_kubernetes_executor' retrieved from /home/airflow/.local/lib/python3.12/site-packages/airflow/example_dags/example_kubernetes_executor.py
[2025-09-29T15:53:21.780+0000] {logging_mixin.py:188} INFO - [2025-09-29T15:53:21.779+0000] {dag.py:3089} INFO - Sync 1 DAGs
[2025-09-29T15:53:21.808+0000] {logging_mixin.py:188} INFO - [2025-09-29T15:53:21.807+0000] {dag.py:3947} INFO - Setting next_dagrun for example_kubernetes_executor to None, run_after=None
[2025-09-29T15:53:21.860+0000] {processor.py:183} INFO - Processing /home/airflow/.local/lib/python3.12/site-packages/airflow/example_dags/example_kubernetes_executor.py took 0.554 seconds
[2025-09-29T15:53:52.268+0000] {processor.py:161} INFO - Started process (PID=10743) to work on /home/airflow/.local/lib/python3.12/site-packages/airflow/example_dags/example_kubernetes_executor.py
[2025-09-29T15:53:52.270+0000] {processor.py:830} INFO - Processing file /home/airflow/.local/lib/python3.12/site-packages/airflow/example_dags/example_kubernetes_executor.py for tasks to queue
[2025-09-29T15:53:52.275+0000] {logging_mixin.py:188} INFO - [2025-09-29T15:53:52.274+0000] {dagbag.py:545} INFO - Filling up the DagBag from /home/airflow/.local/lib/python3.12/site-packages/airflow/example_dags/example_kubernetes_executor.py
[2025-09-29T15:53:52.303+0000] {processor.py:840} INFO - DAG(s) 'example_kubernetes_executor' retrieved from /home/airflow/.local/lib/python3.12/site-packages/airflow/example_dags/example_kubernetes_executor.py
[2025-09-29T15:53:52.415+0000] {logging_mixin.py:188} INFO - [2025-09-29T15:53:52.414+0000] {dag.py:3089} INFO - Sync 1 DAGs
[2025-09-29T15:53:52.759+0000] {logging_mixin.py:188} INFO - [2025-09-29T15:53:52.758+0000] {dag.py:3947} INFO - Setting next_dagrun for example_kubernetes_executor to None, run_after=None
[2025-09-29T15:53:52.799+0000] {processor.py:183} INFO - Processing /home/airflow/.local/lib/python3.12/site-packages/airflow/example_dags/example_kubernetes_executor.py took 0.546 seconds
[2025-09-29T15:54:23.241+0000] {processor.py:161} INFO - Started process (PID=11002) to work on /home/airflow/.local/lib/python3.12/site-packages/airflow/example_dags/example_kubernetes_executor.py
[2025-09-29T15:54:23.244+0000] {processor.py:830} INFO - Processing file /home/airflow/.local/lib/python3.12/site-packages/airflow/example_dags/example_kubernetes_executor.py for tasks to queue
[2025-09-29T15:54:23.248+0000] {logging_mixin.py:188} INFO - [2025-09-29T15:54:23.247+0000] {dagbag.py:545} INFO - Filling up the DagBag from /home/airflow/.local/lib/python3.12/site-packages/airflow/example_dags/example_kubernetes_executor.py
[2025-09-29T15:54:23.275+0000] {processor.py:840} INFO - DAG(s) 'example_kubernetes_executor' retrieved from /home/airflow/.local/lib/python3.12/site-packages/airflow/example_dags/example_kubernetes_executor.py
[2025-09-29T15:54:23.374+0000] {logging_mixin.py:188} INFO - [2025-09-29T15:54:23.374+0000] {dag.py:3089} INFO - Sync 1 DAGs
[2025-09-29T15:54:23.409+0000] {logging_mixin.py:188} INFO - [2025-09-29T15:54:23.408+0000] {dag.py:3947} INFO - Setting next_dagrun for example_kubernetes_executor to None, run_after=None
[2025-09-29T15:54:23.458+0000] {processor.py:183} INFO - Processing /home/airflow/.local/lib/python3.12/site-packages/airflow/example_dags/example_kubernetes_executor.py took 0.232 seconds
[2025-09-29T15:54:53.613+0000] {processor.py:161} INFO - Started process (PID=11264) to work on /home/airflow/.local/lib/python3.12/site-packages/airflow/example_dags/example_kubernetes_executor.py
[2025-09-29T15:54:53.622+0000] {processor.py:830} INFO - Processing file /home/airflow/.local/lib/python3.12/site-packages/airflow/example_dags/example_kubernetes_executor.py for tasks to queue
[2025-09-29T15:54:53.627+0000] {logging_mixin.py:188} INFO - [2025-09-29T15:54:53.626+0000] {dagbag.py:545} INFO - Filling up the DagBag from /home/airflow/.local/lib/python3.12/site-packages/airflow/example_dags/example_kubernetes_executor.py
[2025-09-29T15:54:53.655+0000] {processor.py:840} INFO - DAG(s) 'example_kubernetes_executor' retrieved from /home/airflow/.local/lib/python3.12/site-packages/airflow/example_dags/example_kubernetes_executor.py
[2025-09-29T15:54:53.763+0000] {logging_mixin.py:188} INFO - [2025-09-29T15:54:53.762+0000] {dag.py:3089} INFO - Sync 1 DAGs
[2025-09-29T15:54:53.798+0000] {logging_mixin.py:188} INFO - [2025-09-29T15:54:53.797+0000] {dag.py:3947} INFO - Setting next_dagrun for example_kubernetes_executor to None, run_after=None
[2025-09-29T15:54:53.851+0000] {processor.py:183} INFO - Processing /home/airflow/.local/lib/python3.12/site-packages/airflow/example_dags/example_kubernetes_executor.py took 0.253 seconds
[2025-09-29T15:55:24.608+0000] {processor.py:161} INFO - Started process (PID=11526) to work on /home/airflow/.local/lib/python3.12/site-packages/airflow/example_dags/example_kubernetes_executor.py
[2025-09-29T15:55:24.610+0000] {processor.py:830} INFO - Processing file /home/airflow/.local/lib/python3.12/site-packages/airflow/example_dags/example_kubernetes_executor.py for tasks to queue
[2025-09-29T15:55:24.615+0000] {logging_mixin.py:188} INFO - [2025-09-29T15:55:24.614+0000] {dagbag.py:545} INFO - Filling up the DagBag from /home/airflow/.local/lib/python3.12/site-packages/airflow/example_dags/example_kubernetes_executor.py
[2025-09-29T15:55:24.641+0000] {processor.py:840} INFO - DAG(s) 'example_kubernetes_executor' retrieved from /home/airflow/.local/lib/python3.12/site-packages/airflow/example_dags/example_kubernetes_executor.py
[2025-09-29T15:55:24.733+0000] {logging_mixin.py:188} INFO - [2025-09-29T15:55:24.733+0000] {dag.py:3089} INFO - Sync 1 DAGs
[2025-09-29T15:55:24.762+0000] {logging_mixin.py:188} INFO - [2025-09-29T15:55:24.761+0000] {dag.py:3947} INFO - Setting next_dagrun for example_kubernetes_executor to None, run_after=None
[2025-09-29T15:55:24.809+0000] {processor.py:183} INFO - Processing /home/airflow/.local/lib/python3.12/site-packages/airflow/example_dags/example_kubernetes_executor.py took 0.215 seconds
[2025-09-29T15:55:55.400+0000] {processor.py:161} INFO - Started process (PID=11782) to work on /home/airflow/.local/lib/python3.12/site-packages/airflow/example_dags/example_kubernetes_executor.py
[2025-09-29T15:55:55.415+0000] {processor.py:830} INFO - Processing file /home/airflow/.local/lib/python3.12/site-packages/airflow/example_dags/example_kubernetes_executor.py for tasks to queue
[2025-09-29T15:55:55.419+0000] {logging_mixin.py:188} INFO - [2025-09-29T15:55:55.418+0000] {dagbag.py:545} INFO - Filling up the DagBag from /home/airflow/.local/lib/python3.12/site-packages/airflow/example_dags/example_kubernetes_executor.py
[2025-09-29T15:55:55.446+0000] {processor.py:840} INFO - DAG(s) 'example_kubernetes_executor' retrieved from /home/airflow/.local/lib/python3.12/site-packages/airflow/example_dags/example_kubernetes_executor.py
[2025-09-29T15:55:55.546+0000] {logging_mixin.py:188} INFO - [2025-09-29T15:55:55.546+0000] {dag.py:3089} INFO - Sync 1 DAGs
[2025-09-29T15:55:55.578+0000] {logging_mixin.py:188} INFO - [2025-09-29T15:55:55.577+0000] {dag.py:3947} INFO - Setting next_dagrun for example_kubernetes_executor to None, run_after=None
[2025-09-29T15:55:55.627+0000] {processor.py:183} INFO - Processing /home/airflow/.local/lib/python3.12/site-packages/airflow/example_dags/example_kubernetes_executor.py took 0.242 seconds
[2025-09-29T15:56:25.934+0000] {processor.py:161} INFO - Started process (PID=12044) to work on /home/airflow/.local/lib/python3.12/site-packages/airflow/example_dags/example_kubernetes_executor.py
[2025-09-29T15:56:25.937+0000] {processor.py:830} INFO - Processing file /home/airflow/.local/lib/python3.12/site-packages/airflow/example_dags/example_kubernetes_executor.py for tasks to queue
[2025-09-29T15:56:25.943+0000] {logging_mixin.py:188} INFO - [2025-09-29T15:56:25.942+0000] {dagbag.py:545} INFO - Filling up the DagBag from /home/airflow/.local/lib/python3.12/site-packages/airflow/example_dags/example_kubernetes_executor.py
[2025-09-29T15:56:25.985+0000] {processor.py:840} INFO - DAG(s) 'example_kubernetes_executor' retrieved from /home/airflow/.local/lib/python3.12/site-packages/airflow/example_dags/example_kubernetes_executor.py
[2025-09-29T15:56:26.108+0000] {logging_mixin.py:188} INFO - [2025-09-29T15:56:26.108+0000] {dag.py:3089} INFO - Sync 1 DAGs
[2025-09-29T15:56:26.143+0000] {logging_mixin.py:188} INFO - [2025-09-29T15:56:26.143+0000] {dag.py:3947} INFO - Setting next_dagrun for example_kubernetes_executor to None, run_after=None
[2025-09-29T15:56:26.196+0000] {processor.py:183} INFO - Processing /home/airflow/.local/lib/python3.12/site-packages/airflow/example_dags/example_kubernetes_executor.py took 0.278 seconds
[2025-09-29T15:56:56.806+0000] {processor.py:161} INFO - Started process (PID=12306) to work on /home/airflow/.local/lib/python3.12/site-packages/airflow/example_dags/example_kubernetes_executor.py
[2025-09-29T15:56:56.809+0000] {processor.py:830} INFO - Processing file /home/airflow/.local/lib/python3.12/site-packages/airflow/example_dags/example_kubernetes_executor.py for tasks to queue
[2025-09-29T15:56:56.813+0000] {logging_mixin.py:188} INFO - [2025-09-29T15:56:56.812+0000] {dagbag.py:545} INFO - Filling up the DagBag from /home/airflow/.local/lib/python3.12/site-packages/airflow/example_dags/example_kubernetes_executor.py
[2025-09-29T15:56:56.839+0000] {processor.py:840} INFO - DAG(s) 'example_kubernetes_executor' retrieved from /home/airflow/.local/lib/python3.12/site-packages/airflow/example_dags/example_kubernetes_executor.py
[2025-09-29T15:56:56.933+0000] {logging_mixin.py:188} INFO - [2025-09-29T15:56:56.932+0000] {dag.py:3089} INFO - Sync 1 DAGs
[2025-09-29T15:56:56.967+0000] {logging_mixin.py:188} INFO - [2025-09-29T15:56:56.967+0000] {dag.py:3947} INFO - Setting next_dagrun for example_kubernetes_executor to None, run_after=None
[2025-09-29T15:56:57.019+0000] {processor.py:183} INFO - Processing /home/airflow/.local/lib/python3.12/site-packages/airflow/example_dags/example_kubernetes_executor.py took 0.228 seconds
[2025-09-29T15:57:27.282+0000] {processor.py:161} INFO - Started process (PID=12568) to work on /home/airflow/.local/lib/python3.12/site-packages/airflow/example_dags/example_kubernetes_executor.py
[2025-09-29T15:57:27.284+0000] {processor.py:830} INFO - Processing file /home/airflow/.local/lib/python3.12/site-packages/airflow/example_dags/example_kubernetes_executor.py for tasks to queue
[2025-09-29T15:57:27.288+0000] {logging_mixin.py:188} INFO - [2025-09-29T15:57:27.288+0000] {dagbag.py:545} INFO - Filling up the DagBag from /home/airflow/.local/lib/python3.12/site-packages/airflow/example_dags/example_kubernetes_executor.py
[2025-09-29T15:57:27.315+0000] {processor.py:840} INFO - DAG(s) 'example_kubernetes_executor' retrieved from /home/airflow/.local/lib/python3.12/site-packages/airflow/example_dags/example_kubernetes_executor.py
[2025-09-29T15:57:27.427+0000] {logging_mixin.py:188} INFO - [2025-09-29T15:57:27.426+0000] {dag.py:3089} INFO - Sync 1 DAGs
[2025-09-29T15:57:27.456+0000] {logging_mixin.py:188} INFO - [2025-09-29T15:57:27.455+0000] {dag.py:3947} INFO - Setting next_dagrun for example_kubernetes_executor to None, run_after=None
[2025-09-29T15:57:27.506+0000] {processor.py:183} INFO - Processing /home/airflow/.local/lib/python3.12/site-packages/airflow/example_dags/example_kubernetes_executor.py took 0.240 seconds
[2025-09-29T15:57:58.186+0000] {processor.py:161} INFO - Started process (PID=12830) to work on /home/airflow/.local/lib/python3.12/site-packages/airflow/example_dags/example_kubernetes_executor.py
[2025-09-29T15:57:58.189+0000] {processor.py:830} INFO - Processing file /home/airflow/.local/lib/python3.12/site-packages/airflow/example_dags/example_kubernetes_executor.py for tasks to queue
[2025-09-29T15:57:58.194+0000] {logging_mixin.py:188} INFO - [2025-09-29T15:57:58.193+0000] {dagbag.py:545} INFO - Filling up the DagBag from /home/airflow/.local/lib/python3.12/site-packages/airflow/example_dags/example_kubernetes_executor.py
[2025-09-29T15:57:58.221+0000] {processor.py:840} INFO - DAG(s) 'example_kubernetes_executor' retrieved from /home/airflow/.local/lib/python3.12/site-packages/airflow/example_dags/example_kubernetes_executor.py
[2025-09-29T15:57:58.310+0000] {logging_mixin.py:188} INFO - [2025-09-29T15:57:58.309+0000] {dag.py:3089} INFO - Sync 1 DAGs
[2025-09-29T15:57:58.338+0000] {logging_mixin.py:188} INFO - [2025-09-29T15:57:58.337+0000] {dag.py:3947} INFO - Setting next_dagrun for example_kubernetes_executor to None, run_after=None
[2025-09-29T15:57:58.391+0000] {processor.py:183} INFO - Processing /home/airflow/.local/lib/python3.12/site-packages/airflow/example_dags/example_kubernetes_executor.py took 0.220 seconds
[2025-09-29T15:58:29.122+0000] {processor.py:161} INFO - Started process (PID=13092) to work on /home/airflow/.local/lib/python3.12/site-packages/airflow/example_dags/example_kubernetes_executor.py
[2025-09-29T15:58:29.130+0000] {processor.py:830} INFO - Processing file /home/airflow/.local/lib/python3.12/site-packages/airflow/example_dags/example_kubernetes_executor.py for tasks to queue
[2025-09-29T15:58:29.135+0000] {logging_mixin.py:188} INFO - [2025-09-29T15:58:29.134+0000] {dagbag.py:545} INFO - Filling up the DagBag from /home/airflow/.local/lib/python3.12/site-packages/airflow/example_dags/example_kubernetes_executor.py
[2025-09-29T15:58:29.161+0000] {processor.py:840} INFO - DAG(s) 'example_kubernetes_executor' retrieved from /home/airflow/.local/lib/python3.12/site-packages/airflow/example_dags/example_kubernetes_executor.py
[2025-09-29T15:58:29.250+0000] {logging_mixin.py:188} INFO - [2025-09-29T15:58:29.249+0000] {dag.py:3089} INFO - Sync 1 DAGs
[2025-09-29T15:58:29.278+0000] {logging_mixin.py:188} INFO - [2025-09-29T15:58:29.278+0000] {dag.py:3947} INFO - Setting next_dagrun for example_kubernetes_executor to None, run_after=None
[2025-09-29T15:58:29.327+0000] {processor.py:183} INFO - Processing /home/airflow/.local/lib/python3.12/site-packages/airflow/example_dags/example_kubernetes_executor.py took 0.219 seconds
[2025-09-29T15:58:59.841+0000] {processor.py:161} INFO - Started process (PID=13354) to work on /home/airflow/.local/lib/python3.12/site-packages/airflow/example_dags/example_kubernetes_executor.py
[2025-09-29T15:58:59.844+0000] {processor.py:830} INFO - Processing file /home/airflow/.local/lib/python3.12/site-packages/airflow/example_dags/example_kubernetes_executor.py for tasks to queue
[2025-09-29T15:58:59.848+0000] {logging_mixin.py:188} INFO - [2025-09-29T15:58:59.847+0000] {dagbag.py:545} INFO - Filling up the DagBag from /home/airflow/.local/lib/python3.12/site-packages/airflow/example_dags/example_kubernetes_executor.py
[2025-09-29T15:58:59.876+0000] {processor.py:840} INFO - DAG(s) 'example_kubernetes_executor' retrieved from /home/airflow/.local/lib/python3.12/site-packages/airflow/example_dags/example_kubernetes_executor.py
[2025-09-29T15:58:59.973+0000] {logging_mixin.py:188} INFO - [2025-09-29T15:58:59.972+0000] {dag.py:3089} INFO - Sync 1 DAGs
[2025-09-29T15:59:00.012+0000] {logging_mixin.py:188} INFO - [2025-09-29T15:59:00.012+0000] {dag.py:3947} INFO - Setting next_dagrun for example_kubernetes_executor to None, run_after=None
[2025-09-29T15:59:00.073+0000] {processor.py:183} INFO - Processing /home/airflow/.local/lib/python3.12/site-packages/airflow/example_dags/example_kubernetes_executor.py took 0.246 seconds
[2025-09-29T15:59:30.798+0000] {processor.py:161} INFO - Started process (PID=13616) to work on /home/airflow/.local/lib/python3.12/site-packages/airflow/example_dags/example_kubernetes_executor.py
[2025-09-29T15:59:30.800+0000] {processor.py:830} INFO - Processing file /home/airflow/.local/lib/python3.12/site-packages/airflow/example_dags/example_kubernetes_executor.py for tasks to queue
[2025-09-29T15:59:30.805+0000] {logging_mixin.py:188} INFO - [2025-09-29T15:59:30.804+0000] {dagbag.py:545} INFO - Filling up the DagBag from /home/airflow/.local/lib/python3.12/site-packages/airflow/example_dags/example_kubernetes_executor.py
[2025-09-29T15:59:30.835+0000] {processor.py:840} INFO - DAG(s) 'example_kubernetes_executor' retrieved from /home/airflow/.local/lib/python3.12/site-packages/airflow/example_dags/example_kubernetes_executor.py
[2025-09-29T15:59:30.936+0000] {logging_mixin.py:188} INFO - [2025-09-29T15:59:30.936+0000] {dag.py:3089} INFO - Sync 1 DAGs
[2025-09-29T15:59:30.969+0000] {logging_mixin.py:188} INFO - [2025-09-29T15:59:30.969+0000] {dag.py:3947} INFO - Setting next_dagrun for example_kubernetes_executor to None, run_after=None
[2025-09-29T15:59:31.019+0000] {processor.py:183} INFO - Processing /home/airflow/.local/lib/python3.12/site-packages/airflow/example_dags/example_kubernetes_executor.py took 0.237 seconds
[2025-09-29T16:00:01.111+0000] {processor.py:161} INFO - Started process (PID=13878) to work on /home/airflow/.local/lib/python3.12/site-packages/airflow/example_dags/example_kubernetes_executor.py
[2025-09-29T16:00:01.114+0000] {processor.py:830} INFO - Processing file /home/airflow/.local/lib/python3.12/site-packages/airflow/example_dags/example_kubernetes_executor.py for tasks to queue
[2025-09-29T16:00:01.118+0000] {logging_mixin.py:188} INFO - [2025-09-29T16:00:01.117+0000] {dagbag.py:545} INFO - Filling up the DagBag from /home/airflow/.local/lib/python3.12/site-packages/airflow/example_dags/example_kubernetes_executor.py
[2025-09-29T16:00:01.145+0000] {processor.py:840} INFO - DAG(s) 'example_kubernetes_executor' retrieved from /home/airflow/.local/lib/python3.12/site-packages/airflow/example_dags/example_kubernetes_executor.py
[2025-09-29T16:00:01.238+0000] {logging_mixin.py:188} INFO - [2025-09-29T16:00:01.238+0000] {dag.py:3089} INFO - Sync 1 DAGs
[2025-09-29T16:00:01.272+0000] {logging_mixin.py:188} INFO - [2025-09-29T16:00:01.271+0000] {dag.py:3947} INFO - Setting next_dagrun for example_kubernetes_executor to None, run_after=None
[2025-09-29T16:00:01.321+0000] {processor.py:183} INFO - Processing /home/airflow/.local/lib/python3.12/site-packages/airflow/example_dags/example_kubernetes_executor.py took 0.225 seconds
[2025-09-29T16:00:31.875+0000] {processor.py:161} INFO - Started process (PID=14140) to work on /home/airflow/.local/lib/python3.12/site-packages/airflow/example_dags/example_kubernetes_executor.py
[2025-09-29T16:00:31.889+0000] {processor.py:830} INFO - Processing file /home/airflow/.local/lib/python3.12/site-packages/airflow/example_dags/example_kubernetes_executor.py for tasks to queue
[2025-09-29T16:00:31.894+0000] {logging_mixin.py:188} INFO - [2025-09-29T16:00:31.893+0000] {dagbag.py:545} INFO - Filling up the DagBag from /home/airflow/.local/lib/python3.12/site-packages/airflow/example_dags/example_kubernetes_executor.py
[2025-09-29T16:00:31.922+0000] {processor.py:840} INFO - DAG(s) 'example_kubernetes_executor' retrieved from /home/airflow/.local/lib/python3.12/site-packages/airflow/example_dags/example_kubernetes_executor.py
[2025-09-29T16:00:32.019+0000] {logging_mixin.py:188} INFO - [2025-09-29T16:00:32.018+0000] {dag.py:3089} INFO - Sync 1 DAGs
[2025-09-29T16:00:32.052+0000] {logging_mixin.py:188} INFO - [2025-09-29T16:00:32.051+0000] {dag.py:3947} INFO - Setting next_dagrun for example_kubernetes_executor to None, run_after=None
[2025-09-29T16:00:32.104+0000] {processor.py:183} INFO - Processing /home/airflow/.local/lib/python3.12/site-packages/airflow/example_dags/example_kubernetes_executor.py took 0.244 seconds
[2025-09-29T16:01:02.833+0000] {processor.py:161} INFO - Started process (PID=14402) to work on /home/airflow/.local/lib/python3.12/site-packages/airflow/example_dags/example_kubernetes_executor.py
[2025-09-29T16:01:02.836+0000] {processor.py:830} INFO - Processing file /home/airflow/.local/lib/python3.12/site-packages/airflow/example_dags/example_kubernetes_executor.py for tasks to queue
[2025-09-29T16:01:02.840+0000] {logging_mixin.py:188} INFO - [2025-09-29T16:01:02.839+0000] {dagbag.py:545} INFO - Filling up the DagBag from /home/airflow/.local/lib/python3.12/site-packages/airflow/example_dags/example_kubernetes_executor.py
[2025-09-29T16:01:02.868+0000] {processor.py:840} INFO - DAG(s) 'example_kubernetes_executor' retrieved from /home/airflow/.local/lib/python3.12/site-packages/airflow/example_dags/example_kubernetes_executor.py
[2025-09-29T16:01:02.960+0000] {logging_mixin.py:188} INFO - [2025-09-29T16:01:02.960+0000] {dag.py:3089} INFO - Sync 1 DAGs
[2025-09-29T16:01:02.990+0000] {logging_mixin.py:188} INFO - [2025-09-29T16:01:02.990+0000] {dag.py:3947} INFO - Setting next_dagrun for example_kubernetes_executor to None, run_after=None
[2025-09-29T16:01:03.039+0000] {processor.py:183} INFO - Processing /home/airflow/.local/lib/python3.12/site-packages/airflow/example_dags/example_kubernetes_executor.py took 0.221 seconds
[2025-09-29T16:01:33.240+0000] {processor.py:161} INFO - Started process (PID=14679) to work on /home/airflow/.local/lib/python3.12/site-packages/airflow/example_dags/example_kubernetes_executor.py
[2025-09-29T16:01:33.242+0000] {processor.py:830} INFO - Processing file /home/airflow/.local/lib/python3.12/site-packages/airflow/example_dags/example_kubernetes_executor.py for tasks to queue
[2025-09-29T16:01:33.247+0000] {logging_mixin.py:188} INFO - [2025-09-29T16:01:33.246+0000] {dagbag.py:545} INFO - Filling up the DagBag from /home/airflow/.local/lib/python3.12/site-packages/airflow/example_dags/example_kubernetes_executor.py
[2025-09-29T16:01:33.276+0000] {processor.py:840} INFO - DAG(s) 'example_kubernetes_executor' retrieved from /home/airflow/.local/lib/python3.12/site-packages/airflow/example_dags/example_kubernetes_executor.py
[2025-09-29T16:01:33.371+0000] {logging_mixin.py:188} INFO - [2025-09-29T16:01:33.370+0000] {dag.py:3089} INFO - Sync 1 DAGs
[2025-09-29T16:01:33.401+0000] {logging_mixin.py:188} INFO - [2025-09-29T16:01:33.401+0000] {dag.py:3947} INFO - Setting next_dagrun for example_kubernetes_executor to None, run_after=None
[2025-09-29T16:01:33.460+0000] {processor.py:183} INFO - Processing /home/airflow/.local/lib/python3.12/site-packages/airflow/example_dags/example_kubernetes_executor.py took 0.236 seconds
[2025-09-29T16:02:03.702+0000] {processor.py:161} INFO - Started process (PID=14934) to work on /home/airflow/.local/lib/python3.12/site-packages/airflow/example_dags/example_kubernetes_executor.py
[2025-09-29T16:02:03.705+0000] {processor.py:830} INFO - Processing file /home/airflow/.local/lib/python3.12/site-packages/airflow/example_dags/example_kubernetes_executor.py for tasks to queue
[2025-09-29T16:02:03.709+0000] {logging_mixin.py:188} INFO - [2025-09-29T16:02:03.709+0000] {dagbag.py:545} INFO - Filling up the DagBag from /home/airflow/.local/lib/python3.12/site-packages/airflow/example_dags/example_kubernetes_executor.py
[2025-09-29T16:02:03.739+0000] {processor.py:840} INFO - DAG(s) 'example_kubernetes_executor' retrieved from /home/airflow/.local/lib/python3.12/site-packages/airflow/example_dags/example_kubernetes_executor.py
[2025-09-29T16:02:03.840+0000] {logging_mixin.py:188} INFO - [2025-09-29T16:02:03.839+0000] {dag.py:3089} INFO - Sync 1 DAGs
[2025-09-29T16:02:03.870+0000] {logging_mixin.py:188} INFO - [2025-09-29T16:02:03.869+0000] {dag.py:3947} INFO - Setting next_dagrun for example_kubernetes_executor to None, run_after=None
[2025-09-29T16:02:03.921+0000] {processor.py:183} INFO - Processing /home/airflow/.local/lib/python3.12/site-packages/airflow/example_dags/example_kubernetes_executor.py took 0.235 seconds
[2025-09-29T16:02:34.542+0000] {processor.py:161} INFO - Started process (PID=15188) to work on /home/airflow/.local/lib/python3.12/site-packages/airflow/example_dags/example_kubernetes_executor.py
[2025-09-29T16:02:34.545+0000] {processor.py:830} INFO - Processing file /home/airflow/.local/lib/python3.12/site-packages/airflow/example_dags/example_kubernetes_executor.py for tasks to queue
[2025-09-29T16:02:34.549+0000] {logging_mixin.py:188} INFO - [2025-09-29T16:02:34.548+0000] {dagbag.py:545} INFO - Filling up the DagBag from /home/airflow/.local/lib/python3.12/site-packages/airflow/example_dags/example_kubernetes_executor.py
[2025-09-29T16:02:34.578+0000] {processor.py:840} INFO - DAG(s) 'example_kubernetes_executor' retrieved from /home/airflow/.local/lib/python3.12/site-packages/airflow/example_dags/example_kubernetes_executor.py
[2025-09-29T16:02:34.671+0000] {logging_mixin.py:188} INFO - [2025-09-29T16:02:34.670+0000] {dag.py:3089} INFO - Sync 1 DAGs
[2025-09-29T16:02:34.703+0000] {logging_mixin.py:188} INFO - [2025-09-29T16:02:34.702+0000] {dag.py:3947} INFO - Setting next_dagrun for example_kubernetes_executor to None, run_after=None
[2025-09-29T16:02:34.753+0000] {processor.py:183} INFO - Processing /home/airflow/.local/lib/python3.12/site-packages/airflow/example_dags/example_kubernetes_executor.py took 0.224 seconds
[2025-09-29T16:03:05.430+0000] {processor.py:161} INFO - Started process (PID=15450) to work on /home/airflow/.local/lib/python3.12/site-packages/airflow/example_dags/example_kubernetes_executor.py
[2025-09-29T16:03:05.433+0000] {processor.py:830} INFO - Processing file /home/airflow/.local/lib/python3.12/site-packages/airflow/example_dags/example_kubernetes_executor.py for tasks to queue
[2025-09-29T16:03:05.438+0000] {logging_mixin.py:188} INFO - [2025-09-29T16:03:05.437+0000] {dagbag.py:545} INFO - Filling up the DagBag from /home/airflow/.local/lib/python3.12/site-packages/airflow/example_dags/example_kubernetes_executor.py
[2025-09-29T16:03:05.467+0000] {processor.py:840} INFO - DAG(s) 'example_kubernetes_executor' retrieved from /home/airflow/.local/lib/python3.12/site-packages/airflow/example_dags/example_kubernetes_executor.py
[2025-09-29T16:03:05.571+0000] {logging_mixin.py:188} INFO - [2025-09-29T16:03:05.570+0000] {dag.py:3089} INFO - Sync 1 DAGs
[2025-09-29T16:03:05.600+0000] {logging_mixin.py:188} INFO - [2025-09-29T16:03:05.600+0000] {dag.py:3947} INFO - Setting next_dagrun for example_kubernetes_executor to None, run_after=None
[2025-09-29T16:03:05.653+0000] {processor.py:183} INFO - Processing /home/airflow/.local/lib/python3.12/site-packages/airflow/example_dags/example_kubernetes_executor.py took 0.238 seconds
[2025-09-29T16:03:35.945+0000] {processor.py:161} INFO - Started process (PID=15712) to work on /home/airflow/.local/lib/python3.12/site-packages/airflow/example_dags/example_kubernetes_executor.py
[2025-09-29T16:03:35.947+0000] {processor.py:830} INFO - Processing file /home/airflow/.local/lib/python3.12/site-packages/airflow/example_dags/example_kubernetes_executor.py for tasks to queue
[2025-09-29T16:03:35.951+0000] {logging_mixin.py:188} INFO - [2025-09-29T16:03:35.950+0000] {dagbag.py:545} INFO - Filling up the DagBag from /home/airflow/.local/lib/python3.12/site-packages/airflow/example_dags/example_kubernetes_executor.py
[2025-09-29T16:03:35.979+0000] {processor.py:840} INFO - DAG(s) 'example_kubernetes_executor' retrieved from /home/airflow/.local/lib/python3.12/site-packages/airflow/example_dags/example_kubernetes_executor.py
[2025-09-29T16:03:36.072+0000] {logging_mixin.py:188} INFO - [2025-09-29T16:03:36.071+0000] {dag.py:3089} INFO - Sync 1 DAGs
[2025-09-29T16:03:36.099+0000] {logging_mixin.py:188} INFO - [2025-09-29T16:03:36.098+0000] {dag.py:3947} INFO - Setting next_dagrun for example_kubernetes_executor to None, run_after=None
[2025-09-29T16:03:36.143+0000] {processor.py:183} INFO - Processing /home/airflow/.local/lib/python3.12/site-packages/airflow/example_dags/example_kubernetes_executor.py took 0.213 seconds
[2025-09-29T16:04:06.450+0000] {processor.py:161} INFO - Started process (PID=15974) to work on /home/airflow/.local/lib/python3.12/site-packages/airflow/example_dags/example_kubernetes_executor.py
[2025-09-29T16:04:06.453+0000] {processor.py:830} INFO - Processing file /home/airflow/.local/lib/python3.12/site-packages/airflow/example_dags/example_kubernetes_executor.py for tasks to queue
[2025-09-29T16:04:06.457+0000] {logging_mixin.py:188} INFO - [2025-09-29T16:04:06.456+0000] {dagbag.py:545} INFO - Filling up the DagBag from /home/airflow/.local/lib/python3.12/site-packages/airflow/example_dags/example_kubernetes_executor.py
[2025-09-29T16:04:06.485+0000] {processor.py:840} INFO - DAG(s) 'example_kubernetes_executor' retrieved from /home/airflow/.local/lib/python3.12/site-packages/airflow/example_dags/example_kubernetes_executor.py
[2025-09-29T16:04:06.576+0000] {logging_mixin.py:188} INFO - [2025-09-29T16:04:06.575+0000] {dag.py:3089} INFO - Sync 1 DAGs
[2025-09-29T16:04:06.604+0000] {logging_mixin.py:188} INFO - [2025-09-29T16:04:06.604+0000] {dag.py:3947} INFO - Setting next_dagrun for example_kubernetes_executor to None, run_after=None
[2025-09-29T16:04:06.660+0000] {processor.py:183} INFO - Processing /home/airflow/.local/lib/python3.12/site-packages/airflow/example_dags/example_kubernetes_executor.py took 0.225 seconds
[2025-09-29T16:04:37.196+0000] {processor.py:161} INFO - Started process (PID=16236) to work on /home/airflow/.local/lib/python3.12/site-packages/airflow/example_dags/example_kubernetes_executor.py
[2025-09-29T16:04:37.197+0000] {processor.py:830} INFO - Processing file /home/airflow/.local/lib/python3.12/site-packages/airflow/example_dags/example_kubernetes_executor.py for tasks to queue
[2025-09-29T16:04:37.201+0000] {logging_mixin.py:188} INFO - [2025-09-29T16:04:37.201+0000] {dagbag.py:545} INFO - Filling up the DagBag from /home/airflow/.local/lib/python3.12/site-packages/airflow/example_dags/example_kubernetes_executor.py
[2025-09-29T16:04:37.228+0000] {processor.py:840} INFO - DAG(s) 'example_kubernetes_executor' retrieved from /home/airflow/.local/lib/python3.12/site-packages/airflow/example_dags/example_kubernetes_executor.py
[2025-09-29T16:04:37.322+0000] {logging_mixin.py:188} INFO - [2025-09-29T16:04:37.321+0000] {dag.py:3089} INFO - Sync 1 DAGs
[2025-09-29T16:04:37.349+0000] {logging_mixin.py:188} INFO - [2025-09-29T16:04:37.349+0000] {dag.py:3947} INFO - Setting next_dagrun for example_kubernetes_executor to None, run_after=None
[2025-09-29T16:04:37.399+0000] {processor.py:183} INFO - Processing /home/airflow/.local/lib/python3.12/site-packages/airflow/example_dags/example_kubernetes_executor.py took 0.218 seconds
[2025-09-29T16:05:07.890+0000] {processor.py:161} INFO - Started process (PID=16498) to work on /home/airflow/.local/lib/python3.12/site-packages/airflow/example_dags/example_kubernetes_executor.py
[2025-09-29T16:05:07.893+0000] {processor.py:830} INFO - Processing file /home/airflow/.local/lib/python3.12/site-packages/airflow/example_dags/example_kubernetes_executor.py for tasks to queue
[2025-09-29T16:05:07.898+0000] {logging_mixin.py:188} INFO - [2025-09-29T16:05:07.897+0000] {dagbag.py:545} INFO - Filling up the DagBag from /home/airflow/.local/lib/python3.12/site-packages/airflow/example_dags/example_kubernetes_executor.py
[2025-09-29T16:05:07.929+0000] {processor.py:840} INFO - DAG(s) 'example_kubernetes_executor' retrieved from /home/airflow/.local/lib/python3.12/site-packages/airflow/example_dags/example_kubernetes_executor.py
[2025-09-29T16:05:08.025+0000] {logging_mixin.py:188} INFO - [2025-09-29T16:05:08.025+0000] {dag.py:3089} INFO - Sync 1 DAGs
[2025-09-29T16:05:08.055+0000] {logging_mixin.py:188} INFO - [2025-09-29T16:05:08.055+0000] {dag.py:3947} INFO - Setting next_dagrun for example_kubernetes_executor to None, run_after=None
[2025-09-29T16:05:08.103+0000] {processor.py:183} INFO - Processing /home/airflow/.local/lib/python3.12/site-packages/airflow/example_dags/example_kubernetes_executor.py took 0.229 seconds
[2025-09-29T16:05:38.447+0000] {processor.py:161} INFO - Started process (PID=16760) to work on /home/airflow/.local/lib/python3.12/site-packages/airflow/example_dags/example_kubernetes_executor.py
[2025-09-29T16:05:38.449+0000] {processor.py:830} INFO - Processing file /home/airflow/.local/lib/python3.12/site-packages/airflow/example_dags/example_kubernetes_executor.py for tasks to queue
[2025-09-29T16:05:38.453+0000] {logging_mixin.py:188} INFO - [2025-09-29T16:05:38.452+0000] {dagbag.py:545} INFO - Filling up the DagBag from /home/airflow/.local/lib/python3.12/site-packages/airflow/example_dags/example_kubernetes_executor.py
[2025-09-29T16:05:38.482+0000] {processor.py:840} INFO - DAG(s) 'example_kubernetes_executor' retrieved from /home/airflow/.local/lib/python3.12/site-packages/airflow/example_dags/example_kubernetes_executor.py
[2025-09-29T16:05:38.576+0000] {logging_mixin.py:188} INFO - [2025-09-29T16:05:38.575+0000] {dag.py:3089} INFO - Sync 1 DAGs
[2025-09-29T16:05:38.605+0000] {logging_mixin.py:188} INFO - [2025-09-29T16:05:38.604+0000] {dag.py:3947} INFO - Setting next_dagrun for example_kubernetes_executor to None, run_after=None
[2025-09-29T16:05:38.650+0000] {processor.py:183} INFO - Processing /home/airflow/.local/lib/python3.12/site-packages/airflow/example_dags/example_kubernetes_executor.py took 0.219 seconds
[2025-09-29T16:06:08.764+0000] {processor.py:161} INFO - Started process (PID=17020) to work on /home/airflow/.local/lib/python3.12/site-packages/airflow/example_dags/example_kubernetes_executor.py
[2025-09-29T16:06:08.767+0000] {processor.py:830} INFO - Processing file /home/airflow/.local/lib/python3.12/site-packages/airflow/example_dags/example_kubernetes_executor.py for tasks to queue
[2025-09-29T16:06:08.771+0000] {logging_mixin.py:188} INFO - [2025-09-29T16:06:08.770+0000] {dagbag.py:545} INFO - Filling up the DagBag from /home/airflow/.local/lib/python3.12/site-packages/airflow/example_dags/example_kubernetes_executor.py
[2025-09-29T16:06:08.799+0000] {processor.py:840} INFO - DAG(s) 'example_kubernetes_executor' retrieved from /home/airflow/.local/lib/python3.12/site-packages/airflow/example_dags/example_kubernetes_executor.py
[2025-09-29T16:06:08.893+0000] {logging_mixin.py:188} INFO - [2025-09-29T16:06:08.893+0000] {dag.py:3089} INFO - Sync 1 DAGs
[2025-09-29T16:06:08.921+0000] {logging_mixin.py:188} INFO - [2025-09-29T16:06:08.921+0000] {dag.py:3947} INFO - Setting next_dagrun for example_kubernetes_executor to None, run_after=None
[2025-09-29T16:06:08.977+0000] {processor.py:183} INFO - Processing /home/airflow/.local/lib/python3.12/site-packages/airflow/example_dags/example_kubernetes_executor.py took 0.230 seconds
[2025-09-29T16:06:39.805+0000] {processor.py:161} INFO - Started process (PID=17282) to work on /home/airflow/.local/lib/python3.12/site-packages/airflow/example_dags/example_kubernetes_executor.py
[2025-09-29T16:06:39.807+0000] {processor.py:830} INFO - Processing file /home/airflow/.local/lib/python3.12/site-packages/airflow/example_dags/example_kubernetes_executor.py for tasks to queue
[2025-09-29T16:06:39.813+0000] {logging_mixin.py:188} INFO - [2025-09-29T16:06:39.811+0000] {dagbag.py:545} INFO - Filling up the DagBag from /home/airflow/.local/lib/python3.12/site-packages/airflow/example_dags/example_kubernetes_executor.py
[2025-09-29T16:06:39.841+0000] {processor.py:840} INFO - DAG(s) 'example_kubernetes_executor' retrieved from /home/airflow/.local/lib/python3.12/site-packages/airflow/example_dags/example_kubernetes_executor.py
[2025-09-29T16:06:39.948+0000] {logging_mixin.py:188} INFO - [2025-09-29T16:06:39.948+0000] {dag.py:3089} INFO - Sync 1 DAGs
[2025-09-29T16:06:40.027+0000] {logging_mixin.py:188} INFO - [2025-09-29T16:06:40.026+0000] {dag.py:3947} INFO - Setting next_dagrun for example_kubernetes_executor to None, run_after=None
[2025-09-29T16:06:40.115+0000] {processor.py:183} INFO - Processing /home/airflow/.local/lib/python3.12/site-packages/airflow/example_dags/example_kubernetes_executor.py took 0.327 seconds
[2025-09-29T16:07:10.303+0000] {processor.py:161} INFO - Started process (PID=17540) to work on /home/airflow/.local/lib/python3.12/site-packages/airflow/example_dags/example_kubernetes_executor.py
[2025-09-29T16:07:10.308+0000] {processor.py:830} INFO - Processing file /home/airflow/.local/lib/python3.12/site-packages/airflow/example_dags/example_kubernetes_executor.py for tasks to queue
[2025-09-29T16:07:10.312+0000] {logging_mixin.py:188} INFO - [2025-09-29T16:07:10.311+0000] {dagbag.py:545} INFO - Filling up the DagBag from /home/airflow/.local/lib/python3.12/site-packages/airflow/example_dags/example_kubernetes_executor.py
[2025-09-29T16:07:10.344+0000] {processor.py:840} INFO - DAG(s) 'example_kubernetes_executor' retrieved from /home/airflow/.local/lib/python3.12/site-packages/airflow/example_dags/example_kubernetes_executor.py
[2025-09-29T16:07:10.442+0000] {logging_mixin.py:188} INFO - [2025-09-29T16:07:10.442+0000] {dag.py:3089} INFO - Sync 1 DAGs
[2025-09-29T16:07:10.476+0000] {logging_mixin.py:188} INFO - [2025-09-29T16:07:10.475+0000] {dag.py:3947} INFO - Setting next_dagrun for example_kubernetes_executor to None, run_after=None
[2025-09-29T16:07:10.525+0000] {processor.py:183} INFO - Processing /home/airflow/.local/lib/python3.12/site-packages/airflow/example_dags/example_kubernetes_executor.py took 0.238 seconds
[2025-09-29T16:07:40.716+0000] {processor.py:161} INFO - Started process (PID=17802) to work on /home/airflow/.local/lib/python3.12/site-packages/airflow/example_dags/example_kubernetes_executor.py
[2025-09-29T16:07:40.719+0000] {processor.py:830} INFO - Processing file /home/airflow/.local/lib/python3.12/site-packages/airflow/example_dags/example_kubernetes_executor.py for tasks to queue
[2025-09-29T16:07:40.723+0000] {logging_mixin.py:188} INFO - [2025-09-29T16:07:40.722+0000] {dagbag.py:545} INFO - Filling up the DagBag from /home/airflow/.local/lib/python3.12/site-packages/airflow/example_dags/example_kubernetes_executor.py
[2025-09-29T16:07:40.750+0000] {processor.py:840} INFO - DAG(s) 'example_kubernetes_executor' retrieved from /home/airflow/.local/lib/python3.12/site-packages/airflow/example_dags/example_kubernetes_executor.py
[2025-09-29T16:07:40.847+0000] {logging_mixin.py:188} INFO - [2025-09-29T16:07:40.846+0000] {dag.py:3089} INFO - Sync 1 DAGs
[2025-09-29T16:07:40.878+0000] {logging_mixin.py:188} INFO - [2025-09-29T16:07:40.877+0000] {dag.py:3947} INFO - Setting next_dagrun for example_kubernetes_executor to None, run_after=None
[2025-09-29T16:07:40.930+0000] {processor.py:183} INFO - Processing /home/airflow/.local/lib/python3.12/site-packages/airflow/example_dags/example_kubernetes_executor.py took 0.228 seconds
[2025-09-29T16:08:11.622+0000] {processor.py:161} INFO - Started process (PID=18064) to work on /home/airflow/.local/lib/python3.12/site-packages/airflow/example_dags/example_kubernetes_executor.py
[2025-09-29T16:08:11.624+0000] {processor.py:830} INFO - Processing file /home/airflow/.local/lib/python3.12/site-packages/airflow/example_dags/example_kubernetes_executor.py for tasks to queue
[2025-09-29T16:08:11.629+0000] {logging_mixin.py:188} INFO - [2025-09-29T16:08:11.628+0000] {dagbag.py:545} INFO - Filling up the DagBag from /home/airflow/.local/lib/python3.12/site-packages/airflow/example_dags/example_kubernetes_executor.py
[2025-09-29T16:08:11.662+0000] {processor.py:840} INFO - DAG(s) 'example_kubernetes_executor' retrieved from /home/airflow/.local/lib/python3.12/site-packages/airflow/example_dags/example_kubernetes_executor.py
[2025-09-29T16:08:11.758+0000] {logging_mixin.py:188} INFO - [2025-09-29T16:08:11.757+0000] {dag.py:3089} INFO - Sync 1 DAGs
[2025-09-29T16:08:11.786+0000] {logging_mixin.py:188} INFO - [2025-09-29T16:08:11.786+0000] {dag.py:3947} INFO - Setting next_dagrun for example_kubernetes_executor to None, run_after=None
[2025-09-29T16:08:11.832+0000] {processor.py:183} INFO - Processing /home/airflow/.local/lib/python3.12/site-packages/airflow/example_dags/example_kubernetes_executor.py took 0.226 seconds
[2025-09-29T16:08:42.062+0000] {processor.py:161} INFO - Started process (PID=18326) to work on /home/airflow/.local/lib/python3.12/site-packages/airflow/example_dags/example_kubernetes_executor.py
[2025-09-29T16:08:42.065+0000] {processor.py:830} INFO - Processing file /home/airflow/.local/lib/python3.12/site-packages/airflow/example_dags/example_kubernetes_executor.py for tasks to queue
[2025-09-29T16:08:42.069+0000] {logging_mixin.py:188} INFO - [2025-09-29T16:08:42.069+0000] {dagbag.py:545} INFO - Filling up the DagBag from /home/airflow/.local/lib/python3.12/site-packages/airflow/example_dags/example_kubernetes_executor.py
[2025-09-29T16:08:42.097+0000] {processor.py:840} INFO - DAG(s) 'example_kubernetes_executor' retrieved from /home/airflow/.local/lib/python3.12/site-packages/airflow/example_dags/example_kubernetes_executor.py
[2025-09-29T16:08:42.205+0000] {logging_mixin.py:188} INFO - [2025-09-29T16:08:42.204+0000] {dag.py:3089} INFO - Sync 1 DAGs
[2025-09-29T16:08:42.237+0000] {logging_mixin.py:188} INFO - [2025-09-29T16:08:42.236+0000] {dag.py:3947} INFO - Setting next_dagrun for example_kubernetes_executor to None, run_after=None
[2025-09-29T16:08:42.288+0000] {processor.py:183} INFO - Processing /home/airflow/.local/lib/python3.12/site-packages/airflow/example_dags/example_kubernetes_executor.py took 0.241 seconds
[2025-09-29T16:09:12.972+0000] {processor.py:161} INFO - Started process (PID=18593) to work on /home/airflow/.local/lib/python3.12/site-packages/airflow/example_dags/example_kubernetes_executor.py
[2025-09-29T16:09:12.975+0000] {processor.py:830} INFO - Processing file /home/airflow/.local/lib/python3.12/site-packages/airflow/example_dags/example_kubernetes_executor.py for tasks to queue
[2025-09-29T16:09:12.979+0000] {logging_mixin.py:188} INFO - [2025-09-29T16:09:12.979+0000] {dagbag.py:545} INFO - Filling up the DagBag from /home/airflow/.local/lib/python3.12/site-packages/airflow/example_dags/example_kubernetes_executor.py
[2025-09-29T16:09:13.009+0000] {processor.py:840} INFO - DAG(s) 'example_kubernetes_executor' retrieved from /home/airflow/.local/lib/python3.12/site-packages/airflow/example_dags/example_kubernetes_executor.py
[2025-09-29T16:09:13.107+0000] {logging_mixin.py:188} INFO - [2025-09-29T16:09:13.107+0000] {dag.py:3089} INFO - Sync 1 DAGs
[2025-09-29T16:09:13.137+0000] {logging_mixin.py:188} INFO - [2025-09-29T16:09:13.136+0000] {dag.py:3947} INFO - Setting next_dagrun for example_kubernetes_executor to None, run_after=None
[2025-09-29T16:09:13.184+0000] {processor.py:183} INFO - Processing /home/airflow/.local/lib/python3.12/site-packages/airflow/example_dags/example_kubernetes_executor.py took 0.225 seconds
[2025-09-29T16:09:43.379+0000] {processor.py:161} INFO - Started process (PID=18854) to work on /home/airflow/.local/lib/python3.12/site-packages/airflow/example_dags/example_kubernetes_executor.py
[2025-09-29T16:09:43.382+0000] {processor.py:830} INFO - Processing file /home/airflow/.local/lib/python3.12/site-packages/airflow/example_dags/example_kubernetes_executor.py for tasks to queue
[2025-09-29T16:09:43.387+0000] {logging_mixin.py:188} INFO - [2025-09-29T16:09:43.386+0000] {dagbag.py:545} INFO - Filling up the DagBag from /home/airflow/.local/lib/python3.12/site-packages/airflow/example_dags/example_kubernetes_executor.py
[2025-09-29T16:09:43.417+0000] {processor.py:840} INFO - DAG(s) 'example_kubernetes_executor' retrieved from /home/airflow/.local/lib/python3.12/site-packages/airflow/example_dags/example_kubernetes_executor.py
[2025-09-29T16:09:43.511+0000] {logging_mixin.py:188} INFO - [2025-09-29T16:09:43.510+0000] {dag.py:3089} INFO - Sync 1 DAGs
[2025-09-29T16:09:43.543+0000] {logging_mixin.py:188} INFO - [2025-09-29T16:09:43.542+0000] {dag.py:3947} INFO - Setting next_dagrun for example_kubernetes_executor to None, run_after=None
[2025-09-29T16:09:43.632+0000] {processor.py:183} INFO - Processing /home/airflow/.local/lib/python3.12/site-packages/airflow/example_dags/example_kubernetes_executor.py took 0.268 seconds
[2025-09-29T16:10:14.063+0000] {processor.py:161} INFO - Started process (PID=19115) to work on /home/airflow/.local/lib/python3.12/site-packages/airflow/example_dags/example_kubernetes_executor.py
[2025-09-29T16:10:14.066+0000] {processor.py:830} INFO - Processing file /home/airflow/.local/lib/python3.12/site-packages/airflow/example_dags/example_kubernetes_executor.py for tasks to queue
[2025-09-29T16:10:14.070+0000] {logging_mixin.py:188} INFO - [2025-09-29T16:10:14.069+0000] {dagbag.py:545} INFO - Filling up the DagBag from /home/airflow/.local/lib/python3.12/site-packages/airflow/example_dags/example_kubernetes_executor.py
[2025-09-29T16:10:14.102+0000] {processor.py:840} INFO - DAG(s) 'example_kubernetes_executor' retrieved from /home/airflow/.local/lib/python3.12/site-packages/airflow/example_dags/example_kubernetes_executor.py
[2025-09-29T16:10:14.210+0000] {logging_mixin.py:188} INFO - [2025-09-29T16:10:14.210+0000] {dag.py:3089} INFO - Sync 1 DAGs
[2025-09-29T16:10:14.239+0000] {logging_mixin.py:188} INFO - [2025-09-29T16:10:14.239+0000] {dag.py:3947} INFO - Setting next_dagrun for example_kubernetes_executor to None, run_after=None
[2025-09-29T16:10:14.289+0000] {processor.py:183} INFO - Processing /home/airflow/.local/lib/python3.12/site-packages/airflow/example_dags/example_kubernetes_executor.py took 0.241 seconds
[2025-09-29T16:10:44.679+0000] {processor.py:161} INFO - Started process (PID=19376) to work on /home/airflow/.local/lib/python3.12/site-packages/airflow/example_dags/example_kubernetes_executor.py
[2025-09-29T16:10:44.681+0000] {processor.py:830} INFO - Processing file /home/airflow/.local/lib/python3.12/site-packages/airflow/example_dags/example_kubernetes_executor.py for tasks to queue
[2025-09-29T16:10:44.683+0000] {logging_mixin.py:188} INFO - [2025-09-29T16:10:44.682+0000] {dagbag.py:545} INFO - Filling up the DagBag from /home/airflow/.local/lib/python3.12/site-packages/airflow/example_dags/example_kubernetes_executor.py
[2025-09-29T16:10:44.712+0000] {processor.py:840} INFO - DAG(s) 'example_kubernetes_executor' retrieved from /home/airflow/.local/lib/python3.12/site-packages/airflow/example_dags/example_kubernetes_executor.py
[2025-09-29T16:10:44.801+0000] {logging_mixin.py:188} INFO - [2025-09-29T16:10:44.800+0000] {dag.py:3089} INFO - Sync 1 DAGs
[2025-09-29T16:10:44.830+0000] {logging_mixin.py:188} INFO - [2025-09-29T16:10:44.829+0000] {dag.py:3947} INFO - Setting next_dagrun for example_kubernetes_executor to None, run_after=None
[2025-09-29T16:10:44.876+0000] {processor.py:183} INFO - Processing /home/airflow/.local/lib/python3.12/site-packages/airflow/example_dags/example_kubernetes_executor.py took 0.211 seconds
[2025-09-29T16:11:15.716+0000] {processor.py:161} INFO - Started process (PID=19637) to work on /home/airflow/.local/lib/python3.12/site-packages/airflow/example_dags/example_kubernetes_executor.py
[2025-09-29T16:11:15.719+0000] {processor.py:830} INFO - Processing file /home/airflow/.local/lib/python3.12/site-packages/airflow/example_dags/example_kubernetes_executor.py for tasks to queue
[2025-09-29T16:11:15.721+0000] {logging_mixin.py:188} INFO - [2025-09-29T16:11:15.720+0000] {dagbag.py:545} INFO - Filling up the DagBag from /home/airflow/.local/lib/python3.12/site-packages/airflow/example_dags/example_kubernetes_executor.py
[2025-09-29T16:11:15.747+0000] {processor.py:840} INFO - DAG(s) 'example_kubernetes_executor' retrieved from /home/airflow/.local/lib/python3.12/site-packages/airflow/example_dags/example_kubernetes_executor.py
[2025-09-29T16:11:15.838+0000] {logging_mixin.py:188} INFO - [2025-09-29T16:11:15.838+0000] {dag.py:3089} INFO - Sync 1 DAGs
[2025-09-29T16:11:15.868+0000] {logging_mixin.py:188} INFO - [2025-09-29T16:11:15.867+0000] {dag.py:3947} INFO - Setting next_dagrun for example_kubernetes_executor to None, run_after=None
[2025-09-29T16:11:15.917+0000] {processor.py:183} INFO - Processing /home/airflow/.local/lib/python3.12/site-packages/airflow/example_dags/example_kubernetes_executor.py took 0.215 seconds
[2025-09-29T16:11:46.276+0000] {processor.py:161} INFO - Started process (PID=19898) to work on /home/airflow/.local/lib/python3.12/site-packages/airflow/example_dags/example_kubernetes_executor.py
[2025-09-29T16:11:46.279+0000] {processor.py:830} INFO - Processing file /home/airflow/.local/lib/python3.12/site-packages/airflow/example_dags/example_kubernetes_executor.py for tasks to queue
[2025-09-29T16:11:46.281+0000] {logging_mixin.py:188} INFO - [2025-09-29T16:11:46.280+0000] {dagbag.py:545} INFO - Filling up the DagBag from /home/airflow/.local/lib/python3.12/site-packages/airflow/example_dags/example_kubernetes_executor.py
[2025-09-29T16:11:46.315+0000] {processor.py:840} INFO - DAG(s) 'example_kubernetes_executor' retrieved from /home/airflow/.local/lib/python3.12/site-packages/airflow/example_dags/example_kubernetes_executor.py
[2025-09-29T16:11:46.429+0000] {logging_mixin.py:188} INFO - [2025-09-29T16:11:46.428+0000] {dag.py:3089} INFO - Sync 1 DAGs
[2025-09-29T16:11:46.459+0000] {logging_mixin.py:188} INFO - [2025-09-29T16:11:46.458+0000] {dag.py:3947} INFO - Setting next_dagrun for example_kubernetes_executor to None, run_after=None
[2025-09-29T16:11:46.513+0000] {processor.py:183} INFO - Processing /home/airflow/.local/lib/python3.12/site-packages/airflow/example_dags/example_kubernetes_executor.py took 0.254 seconds
[2025-09-29T16:12:16.600+0000] {processor.py:161} INFO - Started process (PID=20159) to work on /home/airflow/.local/lib/python3.12/site-packages/airflow/example_dags/example_kubernetes_executor.py
[2025-09-29T16:12:16.603+0000] {processor.py:830} INFO - Processing file /home/airflow/.local/lib/python3.12/site-packages/airflow/example_dags/example_kubernetes_executor.py for tasks to queue
[2025-09-29T16:12:16.605+0000] {logging_mixin.py:188} INFO - [2025-09-29T16:12:16.604+0000] {dagbag.py:545} INFO - Filling up the DagBag from /home/airflow/.local/lib/python3.12/site-packages/airflow/example_dags/example_kubernetes_executor.py
[2025-09-29T16:12:16.633+0000] {processor.py:840} INFO - DAG(s) 'example_kubernetes_executor' retrieved from /home/airflow/.local/lib/python3.12/site-packages/airflow/example_dags/example_kubernetes_executor.py
[2025-09-29T16:12:16.727+0000] {logging_mixin.py:188} INFO - [2025-09-29T16:12:16.727+0000] {dag.py:3089} INFO - Sync 1 DAGs
[2025-09-29T16:12:16.756+0000] {logging_mixin.py:188} INFO - [2025-09-29T16:12:16.755+0000] {dag.py:3947} INFO - Setting next_dagrun for example_kubernetes_executor to None, run_after=None
[2025-09-29T16:12:16.803+0000] {processor.py:183} INFO - Processing /home/airflow/.local/lib/python3.12/site-packages/airflow/example_dags/example_kubernetes_executor.py took 0.217 seconds
[2025-09-29T16:12:47.502+0000] {processor.py:161} INFO - Started process (PID=20420) to work on /home/airflow/.local/lib/python3.12/site-packages/airflow/example_dags/example_kubernetes_executor.py
[2025-09-29T16:12:47.505+0000] {processor.py:830} INFO - Processing file /home/airflow/.local/lib/python3.12/site-packages/airflow/example_dags/example_kubernetes_executor.py for tasks to queue
[2025-09-29T16:12:47.506+0000] {logging_mixin.py:188} INFO - [2025-09-29T16:12:47.506+0000] {dagbag.py:545} INFO - Filling up the DagBag from /home/airflow/.local/lib/python3.12/site-packages/airflow/example_dags/example_kubernetes_executor.py
[2025-09-29T16:12:47.536+0000] {processor.py:840} INFO - DAG(s) 'example_kubernetes_executor' retrieved from /home/airflow/.local/lib/python3.12/site-packages/airflow/example_dags/example_kubernetes_executor.py
[2025-09-29T16:12:47.631+0000] {logging_mixin.py:188} INFO - [2025-09-29T16:12:47.630+0000] {dag.py:3089} INFO - Sync 1 DAGs
[2025-09-29T16:12:47.659+0000] {logging_mixin.py:188} INFO - [2025-09-29T16:12:47.659+0000] {dag.py:3947} INFO - Setting next_dagrun for example_kubernetes_executor to None, run_after=None
[2025-09-29T16:12:47.709+0000] {processor.py:183} INFO - Processing /home/airflow/.local/lib/python3.12/site-packages/airflow/example_dags/example_kubernetes_executor.py took 0.221 seconds
[2025-09-29T16:13:17.976+0000] {processor.py:161} INFO - Started process (PID=20681) to work on /home/airflow/.local/lib/python3.12/site-packages/airflow/example_dags/example_kubernetes_executor.py
[2025-09-29T16:13:17.979+0000] {processor.py:830} INFO - Processing file /home/airflow/.local/lib/python3.12/site-packages/airflow/example_dags/example_kubernetes_executor.py for tasks to queue
[2025-09-29T16:13:17.980+0000] {logging_mixin.py:188} INFO - [2025-09-29T16:13:17.980+0000] {dagbag.py:545} INFO - Filling up the DagBag from /home/airflow/.local/lib/python3.12/site-packages/airflow/example_dags/example_kubernetes_executor.py
[2025-09-29T16:13:18.009+0000] {processor.py:840} INFO - DAG(s) 'example_kubernetes_executor' retrieved from /home/airflow/.local/lib/python3.12/site-packages/airflow/example_dags/example_kubernetes_executor.py
[2025-09-29T16:13:18.100+0000] {logging_mixin.py:188} INFO - [2025-09-29T16:13:18.100+0000] {dag.py:3089} INFO - Sync 1 DAGs
[2025-09-29T16:13:18.129+0000] {logging_mixin.py:188} INFO - [2025-09-29T16:13:18.128+0000] {dag.py:3947} INFO - Setting next_dagrun for example_kubernetes_executor to None, run_after=None
[2025-09-29T16:13:18.173+0000] {processor.py:183} INFO - Processing /home/airflow/.local/lib/python3.12/site-packages/airflow/example_dags/example_kubernetes_executor.py took 0.210 seconds
[2025-09-29T16:13:48.498+0000] {processor.py:161} INFO - Started process (PID=20942) to work on /home/airflow/.local/lib/python3.12/site-packages/airflow/example_dags/example_kubernetes_executor.py
[2025-09-29T16:13:48.502+0000] {processor.py:830} INFO - Processing file /home/airflow/.local/lib/python3.12/site-packages/airflow/example_dags/example_kubernetes_executor.py for tasks to queue
[2025-09-29T16:13:48.504+0000] {logging_mixin.py:188} INFO - [2025-09-29T16:13:48.503+0000] {dagbag.py:545} INFO - Filling up the DagBag from /home/airflow/.local/lib/python3.12/site-packages/airflow/example_dags/example_kubernetes_executor.py
[2025-09-29T16:13:48.548+0000] {processor.py:840} INFO - DAG(s) 'example_kubernetes_executor' retrieved from /home/airflow/.local/lib/python3.12/site-packages/airflow/example_dags/example_kubernetes_executor.py
[2025-09-29T16:13:48.690+0000] {logging_mixin.py:188} INFO - [2025-09-29T16:13:48.689+0000] {dag.py:3089} INFO - Sync 1 DAGs
[2025-09-29T16:13:48.728+0000] {logging_mixin.py:188} INFO - [2025-09-29T16:13:48.728+0000] {dag.py:3947} INFO - Setting next_dagrun for example_kubernetes_executor to None, run_after=None
[2025-09-29T16:13:48.802+0000] {processor.py:183} INFO - Processing /home/airflow/.local/lib/python3.12/site-packages/airflow/example_dags/example_kubernetes_executor.py took 0.322 seconds
[2025-09-29T16:14:19.005+0000] {processor.py:161} INFO - Started process (PID=21203) to work on /home/airflow/.local/lib/python3.12/site-packages/airflow/example_dags/example_kubernetes_executor.py
[2025-09-29T16:14:19.007+0000] {processor.py:830} INFO - Processing file /home/airflow/.local/lib/python3.12/site-packages/airflow/example_dags/example_kubernetes_executor.py for tasks to queue
[2025-09-29T16:14:19.010+0000] {logging_mixin.py:188} INFO - [2025-09-29T16:14:19.009+0000] {dagbag.py:545} INFO - Filling up the DagBag from /home/airflow/.local/lib/python3.12/site-packages/airflow/example_dags/example_kubernetes_executor.py
[2025-09-29T16:14:19.051+0000] {processor.py:840} INFO - DAG(s) 'example_kubernetes_executor' retrieved from /home/airflow/.local/lib/python3.12/site-packages/airflow/example_dags/example_kubernetes_executor.py
[2025-09-29T16:14:19.181+0000] {logging_mixin.py:188} INFO - [2025-09-29T16:14:19.180+0000] {dag.py:3089} INFO - Sync 1 DAGs
[2025-09-29T16:14:19.215+0000] {logging_mixin.py:188} INFO - [2025-09-29T16:14:19.214+0000] {dag.py:3947} INFO - Setting next_dagrun for example_kubernetes_executor to None, run_after=None
[2025-09-29T16:14:19.291+0000] {processor.py:183} INFO - Processing /home/airflow/.local/lib/python3.12/site-packages/airflow/example_dags/example_kubernetes_executor.py took 0.307 seconds
[2025-09-29T16:14:49.907+0000] {processor.py:161} INFO - Started process (PID=21464) to work on /home/airflow/.local/lib/python3.12/site-packages/airflow/example_dags/example_kubernetes_executor.py
[2025-09-29T16:14:49.911+0000] {processor.py:830} INFO - Processing file /home/airflow/.local/lib/python3.12/site-packages/airflow/example_dags/example_kubernetes_executor.py for tasks to queue
[2025-09-29T16:14:49.913+0000] {logging_mixin.py:188} INFO - [2025-09-29T16:14:49.912+0000] {dagbag.py:545} INFO - Filling up the DagBag from /home/airflow/.local/lib/python3.12/site-packages/airflow/example_dags/example_kubernetes_executor.py
[2025-09-29T16:14:49.981+0000] {processor.py:840} INFO - DAG(s) 'example_kubernetes_executor' retrieved from /home/airflow/.local/lib/python3.12/site-packages/airflow/example_dags/example_kubernetes_executor.py
[2025-09-29T16:14:50.108+0000] {logging_mixin.py:188} INFO - [2025-09-29T16:14:50.107+0000] {dag.py:3089} INFO - Sync 1 DAGs
[2025-09-29T16:14:50.140+0000] {logging_mixin.py:188} INFO - [2025-09-29T16:14:50.139+0000] {dag.py:3947} INFO - Setting next_dagrun for example_kubernetes_executor to None, run_after=None
[2025-09-29T16:14:50.197+0000] {processor.py:183} INFO - Processing /home/airflow/.local/lib/python3.12/site-packages/airflow/example_dags/example_kubernetes_executor.py took 0.314 seconds
[2025-09-29T16:15:20.707+0000] {processor.py:161} INFO - Started process (PID=21725) to work on /home/airflow/.local/lib/python3.12/site-packages/airflow/example_dags/example_kubernetes_executor.py
[2025-09-29T16:15:20.710+0000] {processor.py:830} INFO - Processing file /home/airflow/.local/lib/python3.12/site-packages/airflow/example_dags/example_kubernetes_executor.py for tasks to queue
[2025-09-29T16:15:20.712+0000] {logging_mixin.py:188} INFO - [2025-09-29T16:15:20.711+0000] {dagbag.py:545} INFO - Filling up the DagBag from /home/airflow/.local/lib/python3.12/site-packages/airflow/example_dags/example_kubernetes_executor.py
[2025-09-29T16:15:20.802+0000] {processor.py:840} INFO - DAG(s) 'example_kubernetes_executor' retrieved from /home/airflow/.local/lib/python3.12/site-packages/airflow/example_dags/example_kubernetes_executor.py
[2025-09-29T16:15:20.925+0000] {logging_mixin.py:188} INFO - [2025-09-29T16:15:20.925+0000] {dag.py:3089} INFO - Sync 1 DAGs
[2025-09-29T16:15:20.956+0000] {logging_mixin.py:188} INFO - [2025-09-29T16:15:20.955+0000] {dag.py:3947} INFO - Setting next_dagrun for example_kubernetes_executor to None, run_after=None
[2025-09-29T16:15:21.007+0000] {processor.py:183} INFO - Processing /home/airflow/.local/lib/python3.12/site-packages/airflow/example_dags/example_kubernetes_executor.py took 0.314 seconds
[2025-09-29T16:15:51.264+0000] {processor.py:161} INFO - Started process (PID=21986) to work on /home/airflow/.local/lib/python3.12/site-packages/airflow/example_dags/example_kubernetes_executor.py
[2025-09-29T16:15:51.267+0000] {processor.py:830} INFO - Processing file /home/airflow/.local/lib/python3.12/site-packages/airflow/example_dags/example_kubernetes_executor.py for tasks to queue
[2025-09-29T16:15:51.269+0000] {logging_mixin.py:188} INFO - [2025-09-29T16:15:51.268+0000] {dagbag.py:545} INFO - Filling up the DagBag from /home/airflow/.local/lib/python3.12/site-packages/airflow/example_dags/example_kubernetes_executor.py
[2025-09-29T16:15:51.301+0000] {processor.py:840} INFO - DAG(s) 'example_kubernetes_executor' retrieved from /home/airflow/.local/lib/python3.12/site-packages/airflow/example_dags/example_kubernetes_executor.py
[2025-09-29T16:15:51.403+0000] {logging_mixin.py:188} INFO - [2025-09-29T16:15:51.402+0000] {dag.py:3089} INFO - Sync 1 DAGs
[2025-09-29T16:15:51.433+0000] {logging_mixin.py:188} INFO - [2025-09-29T16:15:51.432+0000] {dag.py:3947} INFO - Setting next_dagrun for example_kubernetes_executor to None, run_after=None
[2025-09-29T16:15:51.489+0000] {processor.py:183} INFO - Processing /home/airflow/.local/lib/python3.12/site-packages/airflow/example_dags/example_kubernetes_executor.py took 0.240 seconds
[2025-09-29T16:16:21.714+0000] {processor.py:161} INFO - Started process (PID=22247) to work on /home/airflow/.local/lib/python3.12/site-packages/airflow/example_dags/example_kubernetes_executor.py
[2025-09-29T16:16:21.717+0000] {processor.py:830} INFO - Processing file /home/airflow/.local/lib/python3.12/site-packages/airflow/example_dags/example_kubernetes_executor.py for tasks to queue
[2025-09-29T16:16:21.719+0000] {logging_mixin.py:188} INFO - [2025-09-29T16:16:21.718+0000] {dagbag.py:545} INFO - Filling up the DagBag from /home/airflow/.local/lib/python3.12/site-packages/airflow/example_dags/example_kubernetes_executor.py
[2025-09-29T16:16:21.748+0000] {processor.py:840} INFO - DAG(s) 'example_kubernetes_executor' retrieved from /home/airflow/.local/lib/python3.12/site-packages/airflow/example_dags/example_kubernetes_executor.py
[2025-09-29T16:16:21.840+0000] {logging_mixin.py:188} INFO - [2025-09-29T16:16:21.840+0000] {dag.py:3089} INFO - Sync 1 DAGs
[2025-09-29T16:16:21.873+0000] {logging_mixin.py:188} INFO - [2025-09-29T16:16:21.873+0000] {dag.py:3947} INFO - Setting next_dagrun for example_kubernetes_executor to None, run_after=None
[2025-09-29T16:16:21.923+0000] {processor.py:183} INFO - Processing /home/airflow/.local/lib/python3.12/site-packages/airflow/example_dags/example_kubernetes_executor.py took 0.223 seconds
[2025-09-29T16:16:52.274+0000] {processor.py:161} INFO - Started process (PID=22508) to work on /home/airflow/.local/lib/python3.12/site-packages/airflow/example_dags/example_kubernetes_executor.py
[2025-09-29T16:16:52.277+0000] {processor.py:830} INFO - Processing file /home/airflow/.local/lib/python3.12/site-packages/airflow/example_dags/example_kubernetes_executor.py for tasks to queue
[2025-09-29T16:16:52.283+0000] {logging_mixin.py:188} INFO - [2025-09-29T16:16:52.279+0000] {dagbag.py:545} INFO - Filling up the DagBag from /home/airflow/.local/lib/python3.12/site-packages/airflow/example_dags/example_kubernetes_executor.py
[2025-09-29T16:16:52.318+0000] {processor.py:840} INFO - DAG(s) 'example_kubernetes_executor' retrieved from /home/airflow/.local/lib/python3.12/site-packages/airflow/example_dags/example_kubernetes_executor.py
[2025-09-29T16:16:52.425+0000] {logging_mixin.py:188} INFO - [2025-09-29T16:16:52.425+0000] {dag.py:3089} INFO - Sync 1 DAGs
[2025-09-29T16:16:52.454+0000] {logging_mixin.py:188} INFO - [2025-09-29T16:16:52.453+0000] {dag.py:3947} INFO - Setting next_dagrun for example_kubernetes_executor to None, run_after=None
[2025-09-29T16:16:52.506+0000] {processor.py:183} INFO - Processing /home/airflow/.local/lib/python3.12/site-packages/airflow/example_dags/example_kubernetes_executor.py took 0.251 seconds
[2025-09-29T16:17:22.699+0000] {processor.py:161} INFO - Started process (PID=22768) to work on /home/airflow/.local/lib/python3.12/site-packages/airflow/example_dags/example_kubernetes_executor.py
[2025-09-29T16:17:22.702+0000] {processor.py:830} INFO - Processing file /home/airflow/.local/lib/python3.12/site-packages/airflow/example_dags/example_kubernetes_executor.py for tasks to queue
[2025-09-29T16:17:22.704+0000] {logging_mixin.py:188} INFO - [2025-09-29T16:17:22.704+0000] {dagbag.py:545} INFO - Filling up the DagBag from /home/airflow/.local/lib/python3.12/site-packages/airflow/example_dags/example_kubernetes_executor.py
[2025-09-29T16:17:22.735+0000] {processor.py:840} INFO - DAG(s) 'example_kubernetes_executor' retrieved from /home/airflow/.local/lib/python3.12/site-packages/airflow/example_dags/example_kubernetes_executor.py
[2025-09-29T16:17:22.834+0000] {logging_mixin.py:188} INFO - [2025-09-29T16:17:22.834+0000] {dag.py:3089} INFO - Sync 1 DAGs
[2025-09-29T16:17:22.867+0000] {logging_mixin.py:188} INFO - [2025-09-29T16:17:22.867+0000] {dag.py:3947} INFO - Setting next_dagrun for example_kubernetes_executor to None, run_after=None
[2025-09-29T16:17:22.915+0000] {processor.py:183} INFO - Processing /home/airflow/.local/lib/python3.12/site-packages/airflow/example_dags/example_kubernetes_executor.py took 0.232 seconds
[2025-09-29T16:17:53.263+0000] {processor.py:161} INFO - Started process (PID=23030) to work on /home/airflow/.local/lib/python3.12/site-packages/airflow/example_dags/example_kubernetes_executor.py
[2025-09-29T16:17:53.266+0000] {processor.py:830} INFO - Processing file /home/airflow/.local/lib/python3.12/site-packages/airflow/example_dags/example_kubernetes_executor.py for tasks to queue
[2025-09-29T16:17:53.268+0000] {logging_mixin.py:188} INFO - [2025-09-29T16:17:53.268+0000] {dagbag.py:545} INFO - Filling up the DagBag from /home/airflow/.local/lib/python3.12/site-packages/airflow/example_dags/example_kubernetes_executor.py
[2025-09-29T16:17:53.297+0000] {processor.py:840} INFO - DAG(s) 'example_kubernetes_executor' retrieved from /home/airflow/.local/lib/python3.12/site-packages/airflow/example_dags/example_kubernetes_executor.py
[2025-09-29T16:17:53.396+0000] {logging_mixin.py:188} INFO - [2025-09-29T16:17:53.395+0000] {dag.py:3089} INFO - Sync 1 DAGs
[2025-09-29T16:17:53.434+0000] {logging_mixin.py:188} INFO - [2025-09-29T16:17:53.433+0000] {dag.py:3947} INFO - Setting next_dagrun for example_kubernetes_executor to None, run_after=None
[2025-09-29T16:17:53.494+0000] {processor.py:183} INFO - Processing /home/airflow/.local/lib/python3.12/site-packages/airflow/example_dags/example_kubernetes_executor.py took 0.246 seconds
[2025-09-29T16:18:23.766+0000] {processor.py:161} INFO - Started process (PID=23289) to work on /home/airflow/.local/lib/python3.12/site-packages/airflow/example_dags/example_kubernetes_executor.py
[2025-09-29T16:18:23.769+0000] {processor.py:830} INFO - Processing file /home/airflow/.local/lib/python3.12/site-packages/airflow/example_dags/example_kubernetes_executor.py for tasks to queue
[2025-09-29T16:18:23.771+0000] {logging_mixin.py:188} INFO - [2025-09-29T16:18:23.770+0000] {dagbag.py:545} INFO - Filling up the DagBag from /home/airflow/.local/lib/python3.12/site-packages/airflow/example_dags/example_kubernetes_executor.py
[2025-09-29T16:18:23.803+0000] {processor.py:840} INFO - DAG(s) 'example_kubernetes_executor' retrieved from /home/airflow/.local/lib/python3.12/site-packages/airflow/example_dags/example_kubernetes_executor.py
[2025-09-29T16:18:23.907+0000] {logging_mixin.py:188} INFO - [2025-09-29T16:18:23.906+0000] {dag.py:3089} INFO - Sync 1 DAGs
[2025-09-29T16:18:23.943+0000] {logging_mixin.py:188} INFO - [2025-09-29T16:18:23.943+0000] {dag.py:3947} INFO - Setting next_dagrun for example_kubernetes_executor to None, run_after=None
[2025-09-29T16:18:24.005+0000] {processor.py:183} INFO - Processing /home/airflow/.local/lib/python3.12/site-packages/airflow/example_dags/example_kubernetes_executor.py took 0.255 seconds
[2025-09-29T16:18:54.437+0000] {processor.py:161} INFO - Started process (PID=23546) to work on /home/airflow/.local/lib/python3.12/site-packages/airflow/example_dags/example_kubernetes_executor.py
[2025-09-29T16:18:54.438+0000] {processor.py:830} INFO - Processing file /home/airflow/.local/lib/python3.12/site-packages/airflow/example_dags/example_kubernetes_executor.py for tasks to queue
[2025-09-29T16:18:54.440+0000] {logging_mixin.py:188} INFO - [2025-09-29T16:18:54.439+0000] {dagbag.py:545} INFO - Filling up the DagBag from /home/airflow/.local/lib/python3.12/site-packages/airflow/example_dags/example_kubernetes_executor.py
[2025-09-29T16:18:54.479+0000] {processor.py:840} INFO - DAG(s) 'example_kubernetes_executor' retrieved from /home/airflow/.local/lib/python3.12/site-packages/airflow/example_dags/example_kubernetes_executor.py
[2025-09-29T16:18:54.581+0000] {logging_mixin.py:188} INFO - [2025-09-29T16:18:54.581+0000] {dag.py:3089} INFO - Sync 1 DAGs
[2025-09-29T16:18:54.610+0000] {logging_mixin.py:188} INFO - [2025-09-29T16:18:54.610+0000] {dag.py:3947} INFO - Setting next_dagrun for example_kubernetes_executor to None, run_after=None
[2025-09-29T16:18:54.664+0000] {processor.py:183} INFO - Processing /home/airflow/.local/lib/python3.12/site-packages/airflow/example_dags/example_kubernetes_executor.py took 0.244 seconds
[2025-09-29T16:19:25.191+0000] {processor.py:161} INFO - Started process (PID=23807) to work on /home/airflow/.local/lib/python3.12/site-packages/airflow/example_dags/example_kubernetes_executor.py
[2025-09-29T16:19:25.194+0000] {processor.py:830} INFO - Processing file /home/airflow/.local/lib/python3.12/site-packages/airflow/example_dags/example_kubernetes_executor.py for tasks to queue
[2025-09-29T16:19:25.195+0000] {logging_mixin.py:188} INFO - [2025-09-29T16:19:25.195+0000] {dagbag.py:545} INFO - Filling up the DagBag from /home/airflow/.local/lib/python3.12/site-packages/airflow/example_dags/example_kubernetes_executor.py
[2025-09-29T16:19:25.223+0000] {processor.py:840} INFO - DAG(s) 'example_kubernetes_executor' retrieved from /home/airflow/.local/lib/python3.12/site-packages/airflow/example_dags/example_kubernetes_executor.py
[2025-09-29T16:19:25.315+0000] {logging_mixin.py:188} INFO - [2025-09-29T16:19:25.314+0000] {dag.py:3089} INFO - Sync 1 DAGs
[2025-09-29T16:19:25.346+0000] {logging_mixin.py:188} INFO - [2025-09-29T16:19:25.345+0000] {dag.py:3947} INFO - Setting next_dagrun for example_kubernetes_executor to None, run_after=None
[2025-09-29T16:19:25.394+0000] {processor.py:183} INFO - Processing /home/airflow/.local/lib/python3.12/site-packages/airflow/example_dags/example_kubernetes_executor.py took 0.219 seconds
[2025-09-29T16:19:56.016+0000] {processor.py:161} INFO - Started process (PID=24068) to work on /home/airflow/.local/lib/python3.12/site-packages/airflow/example_dags/example_kubernetes_executor.py
[2025-09-29T16:19:56.017+0000] {processor.py:830} INFO - Processing file /home/airflow/.local/lib/python3.12/site-packages/airflow/example_dags/example_kubernetes_executor.py for tasks to queue
[2025-09-29T16:19:56.019+0000] {logging_mixin.py:188} INFO - [2025-09-29T16:19:56.018+0000] {dagbag.py:545} INFO - Filling up the DagBag from /home/airflow/.local/lib/python3.12/site-packages/airflow/example_dags/example_kubernetes_executor.py
[2025-09-29T16:19:56.048+0000] {processor.py:840} INFO - DAG(s) 'example_kubernetes_executor' retrieved from /home/airflow/.local/lib/python3.12/site-packages/airflow/example_dags/example_kubernetes_executor.py
[2025-09-29T16:19:56.143+0000] {logging_mixin.py:188} INFO - [2025-09-29T16:19:56.142+0000] {dag.py:3089} INFO - Sync 1 DAGs
[2025-09-29T16:19:56.173+0000] {logging_mixin.py:188} INFO - [2025-09-29T16:19:56.172+0000] {dag.py:3947} INFO - Setting next_dagrun for example_kubernetes_executor to None, run_after=None
[2025-09-29T16:19:56.223+0000] {processor.py:183} INFO - Processing /home/airflow/.local/lib/python3.12/site-packages/airflow/example_dags/example_kubernetes_executor.py took 0.221 seconds
[2025-09-29T16:20:26.528+0000] {processor.py:161} INFO - Started process (PID=24329) to work on /home/airflow/.local/lib/python3.12/site-packages/airflow/example_dags/example_kubernetes_executor.py
[2025-09-29T16:20:26.531+0000] {processor.py:830} INFO - Processing file /home/airflow/.local/lib/python3.12/site-packages/airflow/example_dags/example_kubernetes_executor.py for tasks to queue
[2025-09-29T16:20:26.533+0000] {logging_mixin.py:188} INFO - [2025-09-29T16:20:26.533+0000] {dagbag.py:545} INFO - Filling up the DagBag from /home/airflow/.local/lib/python3.12/site-packages/airflow/example_dags/example_kubernetes_executor.py
[2025-09-29T16:20:26.564+0000] {processor.py:840} INFO - DAG(s) 'example_kubernetes_executor' retrieved from /home/airflow/.local/lib/python3.12/site-packages/airflow/example_dags/example_kubernetes_executor.py
[2025-09-29T16:20:26.660+0000] {logging_mixin.py:188} INFO - [2025-09-29T16:20:26.660+0000] {dag.py:3089} INFO - Sync 1 DAGs
[2025-09-29T16:20:26.696+0000] {logging_mixin.py:188} INFO - [2025-09-29T16:20:26.696+0000] {dag.py:3947} INFO - Setting next_dagrun for example_kubernetes_executor to None, run_after=None
[2025-09-29T16:20:26.746+0000] {processor.py:183} INFO - Processing /home/airflow/.local/lib/python3.12/site-packages/airflow/example_dags/example_kubernetes_executor.py took 0.234 seconds
[2025-09-29T16:20:57.511+0000] {processor.py:161} INFO - Started process (PID=24590) to work on /home/airflow/.local/lib/python3.12/site-packages/airflow/example_dags/example_kubernetes_executor.py
[2025-09-29T16:20:57.513+0000] {processor.py:830} INFO - Processing file /home/airflow/.local/lib/python3.12/site-packages/airflow/example_dags/example_kubernetes_executor.py for tasks to queue
[2025-09-29T16:20:57.515+0000] {logging_mixin.py:188} INFO - [2025-09-29T16:20:57.514+0000] {dagbag.py:545} INFO - Filling up the DagBag from /home/airflow/.local/lib/python3.12/site-packages/airflow/example_dags/example_kubernetes_executor.py
[2025-09-29T16:20:57.543+0000] {processor.py:840} INFO - DAG(s) 'example_kubernetes_executor' retrieved from /home/airflow/.local/lib/python3.12/site-packages/airflow/example_dags/example_kubernetes_executor.py
[2025-09-29T16:20:57.643+0000] {logging_mixin.py:188} INFO - [2025-09-29T16:20:57.643+0000] {dag.py:3089} INFO - Sync 1 DAGs
[2025-09-29T16:20:57.678+0000] {logging_mixin.py:188} INFO - [2025-09-29T16:20:57.678+0000] {dag.py:3947} INFO - Setting next_dagrun for example_kubernetes_executor to None, run_after=None
[2025-09-29T16:20:57.733+0000] {processor.py:183} INFO - Processing /home/airflow/.local/lib/python3.12/site-packages/airflow/example_dags/example_kubernetes_executor.py took 0.237 seconds
[2025-09-29T16:21:28.238+0000] {processor.py:161} INFO - Started process (PID=24866) to work on /home/airflow/.local/lib/python3.12/site-packages/airflow/example_dags/example_kubernetes_executor.py
[2025-09-29T16:21:28.241+0000] {processor.py:830} INFO - Processing file /home/airflow/.local/lib/python3.12/site-packages/airflow/example_dags/example_kubernetes_executor.py for tasks to queue
[2025-09-29T16:21:28.243+0000] {logging_mixin.py:188} INFO - [2025-09-29T16:21:28.242+0000] {dagbag.py:545} INFO - Filling up the DagBag from /home/airflow/.local/lib/python3.12/site-packages/airflow/example_dags/example_kubernetes_executor.py
[2025-09-29T16:21:28.271+0000] {processor.py:840} INFO - DAG(s) 'example_kubernetes_executor' retrieved from /home/airflow/.local/lib/python3.12/site-packages/airflow/example_dags/example_kubernetes_executor.py
[2025-09-29T16:21:28.363+0000] {logging_mixin.py:188} INFO - [2025-09-29T16:21:28.363+0000] {dag.py:3089} INFO - Sync 1 DAGs
[2025-09-29T16:21:28.391+0000] {logging_mixin.py:188} INFO - [2025-09-29T16:21:28.390+0000] {dag.py:3947} INFO - Setting next_dagrun for example_kubernetes_executor to None, run_after=None
[2025-09-29T16:21:28.437+0000] {processor.py:183} INFO - Processing /home/airflow/.local/lib/python3.12/site-packages/airflow/example_dags/example_kubernetes_executor.py took 0.214 seconds
[2025-09-29T16:21:58.699+0000] {processor.py:161} INFO - Started process (PID=25127) to work on /home/airflow/.local/lib/python3.12/site-packages/airflow/example_dags/example_kubernetes_executor.py
[2025-09-29T16:21:58.701+0000] {processor.py:830} INFO - Processing file /home/airflow/.local/lib/python3.12/site-packages/airflow/example_dags/example_kubernetes_executor.py for tasks to queue
[2025-09-29T16:21:58.703+0000] {logging_mixin.py:188} INFO - [2025-09-29T16:21:58.703+0000] {dagbag.py:545} INFO - Filling up the DagBag from /home/airflow/.local/lib/python3.12/site-packages/airflow/example_dags/example_kubernetes_executor.py
[2025-09-29T16:21:58.731+0000] {processor.py:840} INFO - DAG(s) 'example_kubernetes_executor' retrieved from /home/airflow/.local/lib/python3.12/site-packages/airflow/example_dags/example_kubernetes_executor.py
[2025-09-29T16:21:58.822+0000] {logging_mixin.py:188} INFO - [2025-09-29T16:21:58.822+0000] {dag.py:3089} INFO - Sync 1 DAGs
[2025-09-29T16:21:58.851+0000] {logging_mixin.py:188} INFO - [2025-09-29T16:21:58.850+0000] {dag.py:3947} INFO - Setting next_dagrun for example_kubernetes_executor to None, run_after=None
[2025-09-29T16:21:58.895+0000] {processor.py:183} INFO - Processing /home/airflow/.local/lib/python3.12/site-packages/airflow/example_dags/example_kubernetes_executor.py took 0.210 seconds
[2025-09-29T16:22:29.027+0000] {processor.py:161} INFO - Started process (PID=25388) to work on /home/airflow/.local/lib/python3.12/site-packages/airflow/example_dags/example_kubernetes_executor.py
[2025-09-29T16:22:29.029+0000] {processor.py:830} INFO - Processing file /home/airflow/.local/lib/python3.12/site-packages/airflow/example_dags/example_kubernetes_executor.py for tasks to queue
[2025-09-29T16:22:29.031+0000] {logging_mixin.py:188} INFO - [2025-09-29T16:22:29.030+0000] {dagbag.py:545} INFO - Filling up the DagBag from /home/airflow/.local/lib/python3.12/site-packages/airflow/example_dags/example_kubernetes_executor.py
[2025-09-29T16:22:29.060+0000] {processor.py:840} INFO - DAG(s) 'example_kubernetes_executor' retrieved from /home/airflow/.local/lib/python3.12/site-packages/airflow/example_dags/example_kubernetes_executor.py
[2025-09-29T16:22:29.154+0000] {logging_mixin.py:188} INFO - [2025-09-29T16:22:29.153+0000] {dag.py:3089} INFO - Sync 1 DAGs
[2025-09-29T16:22:29.181+0000] {logging_mixin.py:188} INFO - [2025-09-29T16:22:29.180+0000] {dag.py:3947} INFO - Setting next_dagrun for example_kubernetes_executor to None, run_after=None
[2025-09-29T16:22:29.242+0000] {processor.py:183} INFO - Processing /home/airflow/.local/lib/python3.12/site-packages/airflow/example_dags/example_kubernetes_executor.py took 0.230 seconds
[2025-09-29T16:22:59.712+0000] {processor.py:161} INFO - Started process (PID=25649) to work on /home/airflow/.local/lib/python3.12/site-packages/airflow/example_dags/example_kubernetes_executor.py
[2025-09-29T16:22:59.715+0000] {processor.py:830} INFO - Processing file /home/airflow/.local/lib/python3.12/site-packages/airflow/example_dags/example_kubernetes_executor.py for tasks to queue
[2025-09-29T16:22:59.717+0000] {logging_mixin.py:188} INFO - [2025-09-29T16:22:59.716+0000] {dagbag.py:545} INFO - Filling up the DagBag from /home/airflow/.local/lib/python3.12/site-packages/airflow/example_dags/example_kubernetes_executor.py
[2025-09-29T16:22:59.744+0000] {processor.py:840} INFO - DAG(s) 'example_kubernetes_executor' retrieved from /home/airflow/.local/lib/python3.12/site-packages/airflow/example_dags/example_kubernetes_executor.py
[2025-09-29T16:22:59.839+0000] {logging_mixin.py:188} INFO - [2025-09-29T16:22:59.838+0000] {dag.py:3089} INFO - Sync 1 DAGs
[2025-09-29T16:22:59.866+0000] {logging_mixin.py:188} INFO - [2025-09-29T16:22:59.866+0000] {dag.py:3947} INFO - Setting next_dagrun for example_kubernetes_executor to None, run_after=None
[2025-09-29T16:22:59.913+0000] {processor.py:183} INFO - Processing /home/airflow/.local/lib/python3.12/site-packages/airflow/example_dags/example_kubernetes_executor.py took 0.215 seconds
[2025-09-29T16:23:30.280+0000] {processor.py:161} INFO - Started process (PID=25908) to work on /home/airflow/.local/lib/python3.12/site-packages/airflow/example_dags/example_kubernetes_executor.py
[2025-09-29T16:23:30.339+0000] {processor.py:830} INFO - Processing file /home/airflow/.local/lib/python3.12/site-packages/airflow/example_dags/example_kubernetes_executor.py for tasks to queue
[2025-09-29T16:23:30.342+0000] {logging_mixin.py:188} INFO - [2025-09-29T16:23:30.341+0000] {dagbag.py:545} INFO - Filling up the DagBag from /home/airflow/.local/lib/python3.12/site-packages/airflow/example_dags/example_kubernetes_executor.py
[2025-09-29T16:23:30.375+0000] {processor.py:840} INFO - DAG(s) 'example_kubernetes_executor' retrieved from /home/airflow/.local/lib/python3.12/site-packages/airflow/example_dags/example_kubernetes_executor.py
[2025-09-29T16:23:30.485+0000] {logging_mixin.py:188} INFO - [2025-09-29T16:23:30.485+0000] {dag.py:3089} INFO - Sync 1 DAGs
[2025-09-29T16:23:30.517+0000] {logging_mixin.py:188} INFO - [2025-09-29T16:23:30.517+0000] {dag.py:3947} INFO - Setting next_dagrun for example_kubernetes_executor to None, run_after=None
[2025-09-29T16:23:30.780+0000] {processor.py:183} INFO - Processing /home/airflow/.local/lib/python3.12/site-packages/airflow/example_dags/example_kubernetes_executor.py took 0.516 seconds
[2025-09-29T16:24:01.217+0000] {processor.py:161} INFO - Started process (PID=26171) to work on /home/airflow/.local/lib/python3.12/site-packages/airflow/example_dags/example_kubernetes_executor.py
[2025-09-29T16:24:01.219+0000] {processor.py:830} INFO - Processing file /home/airflow/.local/lib/python3.12/site-packages/airflow/example_dags/example_kubernetes_executor.py for tasks to queue
[2025-09-29T16:24:01.222+0000] {logging_mixin.py:188} INFO - [2025-09-29T16:24:01.221+0000] {dagbag.py:545} INFO - Filling up the DagBag from /home/airflow/.local/lib/python3.12/site-packages/airflow/example_dags/example_kubernetes_executor.py
[2025-09-29T16:24:01.255+0000] {processor.py:840} INFO - DAG(s) 'example_kubernetes_executor' retrieved from /home/airflow/.local/lib/python3.12/site-packages/airflow/example_dags/example_kubernetes_executor.py
[2025-09-29T16:24:01.357+0000] {logging_mixin.py:188} INFO - [2025-09-29T16:24:01.356+0000] {dag.py:3089} INFO - Sync 1 DAGs
[2025-09-29T16:24:01.388+0000] {logging_mixin.py:188} INFO - [2025-09-29T16:24:01.388+0000] {dag.py:3947} INFO - Setting next_dagrun for example_kubernetes_executor to None, run_after=None
[2025-09-29T16:24:01.442+0000] {processor.py:183} INFO - Processing /home/airflow/.local/lib/python3.12/site-packages/airflow/example_dags/example_kubernetes_executor.py took 0.241 seconds
[2025-09-29T16:24:31.976+0000] {processor.py:161} INFO - Started process (PID=26432) to work on /home/airflow/.local/lib/python3.12/site-packages/airflow/example_dags/example_kubernetes_executor.py
[2025-09-29T16:24:31.979+0000] {processor.py:830} INFO - Processing file /home/airflow/.local/lib/python3.12/site-packages/airflow/example_dags/example_kubernetes_executor.py for tasks to queue
[2025-09-29T16:24:31.981+0000] {logging_mixin.py:188} INFO - [2025-09-29T16:24:31.980+0000] {dagbag.py:545} INFO - Filling up the DagBag from /home/airflow/.local/lib/python3.12/site-packages/airflow/example_dags/example_kubernetes_executor.py
[2025-09-29T16:24:32.013+0000] {processor.py:840} INFO - DAG(s) 'example_kubernetes_executor' retrieved from /home/airflow/.local/lib/python3.12/site-packages/airflow/example_dags/example_kubernetes_executor.py
[2025-09-29T16:24:32.118+0000] {logging_mixin.py:188} INFO - [2025-09-29T16:24:32.117+0000] {dag.py:3089} INFO - Sync 1 DAGs
[2025-09-29T16:24:32.148+0000] {logging_mixin.py:188} INFO - [2025-09-29T16:24:32.147+0000] {dag.py:3947} INFO - Setting next_dagrun for example_kubernetes_executor to None, run_after=None
[2025-09-29T16:24:32.198+0000] {processor.py:183} INFO - Processing /home/airflow/.local/lib/python3.12/site-packages/airflow/example_dags/example_kubernetes_executor.py took 0.240 seconds
[2025-09-29T16:25:02.417+0000] {processor.py:161} INFO - Started process (PID=26691) to work on /home/airflow/.local/lib/python3.12/site-packages/airflow/example_dags/example_kubernetes_executor.py
[2025-09-29T16:25:02.420+0000] {processor.py:830} INFO - Processing file /home/airflow/.local/lib/python3.12/site-packages/airflow/example_dags/example_kubernetes_executor.py for tasks to queue
[2025-09-29T16:25:02.422+0000] {logging_mixin.py:188} INFO - [2025-09-29T16:25:02.421+0000] {dagbag.py:545} INFO - Filling up the DagBag from /home/airflow/.local/lib/python3.12/site-packages/airflow/example_dags/example_kubernetes_executor.py
[2025-09-29T16:25:02.451+0000] {processor.py:840} INFO - DAG(s) 'example_kubernetes_executor' retrieved from /home/airflow/.local/lib/python3.12/site-packages/airflow/example_dags/example_kubernetes_executor.py
[2025-09-29T16:25:02.567+0000] {logging_mixin.py:188} INFO - [2025-09-29T16:25:02.567+0000] {dag.py:3089} INFO - Sync 1 DAGs
[2025-09-29T16:25:02.599+0000] {logging_mixin.py:188} INFO - [2025-09-29T16:25:02.598+0000] {dag.py:3947} INFO - Setting next_dagrun for example_kubernetes_executor to None, run_after=None
[2025-09-29T16:25:02.650+0000] {processor.py:183} INFO - Processing /home/airflow/.local/lib/python3.12/site-packages/airflow/example_dags/example_kubernetes_executor.py took 0.253 seconds
[2025-09-29T16:25:33.026+0000] {processor.py:161} INFO - Started process (PID=26952) to work on /home/airflow/.local/lib/python3.12/site-packages/airflow/example_dags/example_kubernetes_executor.py
[2025-09-29T16:25:33.029+0000] {processor.py:830} INFO - Processing file /home/airflow/.local/lib/python3.12/site-packages/airflow/example_dags/example_kubernetes_executor.py for tasks to queue
[2025-09-29T16:25:33.031+0000] {logging_mixin.py:188} INFO - [2025-09-29T16:25:33.030+0000] {dagbag.py:545} INFO - Filling up the DagBag from /home/airflow/.local/lib/python3.12/site-packages/airflow/example_dags/example_kubernetes_executor.py
[2025-09-29T16:25:33.065+0000] {processor.py:840} INFO - DAG(s) 'example_kubernetes_executor' retrieved from /home/airflow/.local/lib/python3.12/site-packages/airflow/example_dags/example_kubernetes_executor.py
[2025-09-29T16:25:33.186+0000] {logging_mixin.py:188} INFO - [2025-09-29T16:25:33.186+0000] {dag.py:3089} INFO - Sync 1 DAGs
[2025-09-29T16:25:33.239+0000] {logging_mixin.py:188} INFO - [2025-09-29T16:25:33.238+0000] {dag.py:3947} INFO - Setting next_dagrun for example_kubernetes_executor to None, run_after=None
[2025-09-29T16:25:33.296+0000] {processor.py:183} INFO - Processing /home/airflow/.local/lib/python3.12/site-packages/airflow/example_dags/example_kubernetes_executor.py took 0.285 seconds
[2025-09-29T16:26:03.495+0000] {processor.py:161} INFO - Started process (PID=27210) to work on /home/airflow/.local/lib/python3.12/site-packages/airflow/example_dags/example_kubernetes_executor.py
[2025-09-29T16:26:03.499+0000] {processor.py:830} INFO - Processing file /home/airflow/.local/lib/python3.12/site-packages/airflow/example_dags/example_kubernetes_executor.py for tasks to queue
[2025-09-29T16:26:03.502+0000] {logging_mixin.py:188} INFO - [2025-09-29T16:26:03.501+0000] {dagbag.py:545} INFO - Filling up the DagBag from /home/airflow/.local/lib/python3.12/site-packages/airflow/example_dags/example_kubernetes_executor.py
[2025-09-29T16:26:03.538+0000] {processor.py:840} INFO - DAG(s) 'example_kubernetes_executor' retrieved from /home/airflow/.local/lib/python3.12/site-packages/airflow/example_dags/example_kubernetes_executor.py
[2025-09-29T16:26:03.689+0000] {logging_mixin.py:188} INFO - [2025-09-29T16:26:03.688+0000] {dag.py:3089} INFO - Sync 1 DAGs
[2025-09-29T16:26:03.724+0000] {logging_mixin.py:188} INFO - [2025-09-29T16:26:03.724+0000] {dag.py:3947} INFO - Setting next_dagrun for example_kubernetes_executor to None, run_after=None
[2025-09-29T16:26:03.784+0000] {processor.py:183} INFO - Processing /home/airflow/.local/lib/python3.12/site-packages/airflow/example_dags/example_kubernetes_executor.py took 0.306 seconds
[2025-09-29T16:26:34.529+0000] {processor.py:161} INFO - Started process (PID=27471) to work on /home/airflow/.local/lib/python3.12/site-packages/airflow/example_dags/example_kubernetes_executor.py
[2025-09-29T16:26:34.533+0000] {processor.py:830} INFO - Processing file /home/airflow/.local/lib/python3.12/site-packages/airflow/example_dags/example_kubernetes_executor.py for tasks to queue
[2025-09-29T16:26:34.535+0000] {logging_mixin.py:188} INFO - [2025-09-29T16:26:34.534+0000] {dagbag.py:545} INFO - Filling up the DagBag from /home/airflow/.local/lib/python3.12/site-packages/airflow/example_dags/example_kubernetes_executor.py
[2025-09-29T16:26:34.565+0000] {processor.py:840} INFO - DAG(s) 'example_kubernetes_executor' retrieved from /home/airflow/.local/lib/python3.12/site-packages/airflow/example_dags/example_kubernetes_executor.py
[2025-09-29T16:26:34.672+0000] {logging_mixin.py:188} INFO - [2025-09-29T16:26:34.671+0000] {dag.py:3089} INFO - Sync 1 DAGs
[2025-09-29T16:26:34.699+0000] {logging_mixin.py:188} INFO - [2025-09-29T16:26:34.699+0000] {dag.py:3947} INFO - Setting next_dagrun for example_kubernetes_executor to None, run_after=None
[2025-09-29T16:26:34.747+0000] {processor.py:183} INFO - Processing /home/airflow/.local/lib/python3.12/site-packages/airflow/example_dags/example_kubernetes_executor.py took 0.235 seconds
[2025-09-29T16:27:05.096+0000] {processor.py:161} INFO - Started process (PID=27732) to work on /home/airflow/.local/lib/python3.12/site-packages/airflow/example_dags/example_kubernetes_executor.py
[2025-09-29T16:27:05.099+0000] {processor.py:830} INFO - Processing file /home/airflow/.local/lib/python3.12/site-packages/airflow/example_dags/example_kubernetes_executor.py for tasks to queue
[2025-09-29T16:27:05.101+0000] {logging_mixin.py:188} INFO - [2025-09-29T16:27:05.100+0000] {dagbag.py:545} INFO - Filling up the DagBag from /home/airflow/.local/lib/python3.12/site-packages/airflow/example_dags/example_kubernetes_executor.py
[2025-09-29T16:27:05.131+0000] {processor.py:840} INFO - DAG(s) 'example_kubernetes_executor' retrieved from /home/airflow/.local/lib/python3.12/site-packages/airflow/example_dags/example_kubernetes_executor.py
[2025-09-29T16:27:05.224+0000] {logging_mixin.py:188} INFO - [2025-09-29T16:27:05.224+0000] {dag.py:3089} INFO - Sync 1 DAGs
[2025-09-29T16:27:05.254+0000] {logging_mixin.py:188} INFO - [2025-09-29T16:27:05.253+0000] {dag.py:3947} INFO - Setting next_dagrun for example_kubernetes_executor to None, run_after=None
[2025-09-29T16:27:05.297+0000] {processor.py:183} INFO - Processing /home/airflow/.local/lib/python3.12/site-packages/airflow/example_dags/example_kubernetes_executor.py took 0.217 seconds
[2025-09-29T16:27:35.821+0000] {processor.py:161} INFO - Started process (PID=27993) to work on /home/airflow/.local/lib/python3.12/site-packages/airflow/example_dags/example_kubernetes_executor.py
[2025-09-29T16:27:35.823+0000] {processor.py:830} INFO - Processing file /home/airflow/.local/lib/python3.12/site-packages/airflow/example_dags/example_kubernetes_executor.py for tasks to queue
[2025-09-29T16:27:35.826+0000] {logging_mixin.py:188} INFO - [2025-09-29T16:27:35.825+0000] {dagbag.py:545} INFO - Filling up the DagBag from /home/airflow/.local/lib/python3.12/site-packages/airflow/example_dags/example_kubernetes_executor.py
[2025-09-29T16:27:35.859+0000] {processor.py:840} INFO - DAG(s) 'example_kubernetes_executor' retrieved from /home/airflow/.local/lib/python3.12/site-packages/airflow/example_dags/example_kubernetes_executor.py
[2025-09-29T16:27:34.406+0000] {logging_mixin.py:188} INFO - [2025-09-29T16:27:34.405+0000] {dag.py:3089} INFO - Sync 1 DAGs
[2025-09-29T16:27:34.446+0000] {logging_mixin.py:188} INFO - [2025-09-29T16:27:34.445+0000] {dag.py:3947} INFO - Setting next_dagrun for example_kubernetes_executor to None, run_after=None
[2025-09-29T16:27:34.510+0000] {processor.py:183} INFO - Processing /home/airflow/.local/lib/python3.12/site-packages/airflow/example_dags/example_kubernetes_executor.py took 0.300 seconds
[2025-09-29T16:28:05.200+0000] {processor.py:161} INFO - Started process (PID=28253) to work on /home/airflow/.local/lib/python3.12/site-packages/airflow/example_dags/example_kubernetes_executor.py
[2025-09-29T16:28:05.203+0000] {processor.py:830} INFO - Processing file /home/airflow/.local/lib/python3.12/site-packages/airflow/example_dags/example_kubernetes_executor.py for tasks to queue
[2025-09-29T16:28:05.205+0000] {logging_mixin.py:188} INFO - [2025-09-29T16:28:05.204+0000] {dagbag.py:545} INFO - Filling up the DagBag from /home/airflow/.local/lib/python3.12/site-packages/airflow/example_dags/example_kubernetes_executor.py
[2025-09-29T16:28:05.234+0000] {processor.py:840} INFO - DAG(s) 'example_kubernetes_executor' retrieved from /home/airflow/.local/lib/python3.12/site-packages/airflow/example_dags/example_kubernetes_executor.py
[2025-09-29T16:28:05.343+0000] {logging_mixin.py:188} INFO - [2025-09-29T16:28:05.342+0000] {dag.py:3089} INFO - Sync 1 DAGs
[2025-09-29T16:28:05.375+0000] {logging_mixin.py:188} INFO - [2025-09-29T16:28:05.375+0000] {dag.py:3947} INFO - Setting next_dagrun for example_kubernetes_executor to None, run_after=None
[2025-09-29T16:28:05.427+0000] {processor.py:183} INFO - Processing /home/airflow/.local/lib/python3.12/site-packages/airflow/example_dags/example_kubernetes_executor.py took 0.248 seconds
[2025-09-29T16:28:35.743+0000] {processor.py:161} INFO - Started process (PID=28515) to work on /home/airflow/.local/lib/python3.12/site-packages/airflow/example_dags/example_kubernetes_executor.py
[2025-09-29T16:28:35.747+0000] {processor.py:830} INFO - Processing file /home/airflow/.local/lib/python3.12/site-packages/airflow/example_dags/example_kubernetes_executor.py for tasks to queue
[2025-09-29T16:28:35.748+0000] {logging_mixin.py:188} INFO - [2025-09-29T16:28:35.747+0000] {dagbag.py:545} INFO - Filling up the DagBag from /home/airflow/.local/lib/python3.12/site-packages/airflow/example_dags/example_kubernetes_executor.py
[2025-09-29T16:28:35.777+0000] {processor.py:840} INFO - DAG(s) 'example_kubernetes_executor' retrieved from /home/airflow/.local/lib/python3.12/site-packages/airflow/example_dags/example_kubernetes_executor.py
[2025-09-29T16:28:35.873+0000] {logging_mixin.py:188} INFO - [2025-09-29T16:28:35.872+0000] {dag.py:3089} INFO - Sync 1 DAGs
[2025-09-29T16:28:35.903+0000] {logging_mixin.py:188} INFO - [2025-09-29T16:28:35.902+0000] {dag.py:3947} INFO - Setting next_dagrun for example_kubernetes_executor to None, run_after=None
[2025-09-29T16:28:35.950+0000] {processor.py:183} INFO - Processing /home/airflow/.local/lib/python3.12/site-packages/airflow/example_dags/example_kubernetes_executor.py took 0.223 seconds
[2025-09-29T16:29:06.340+0000] {processor.py:161} INFO - Started process (PID=28776) to work on /home/airflow/.local/lib/python3.12/site-packages/airflow/example_dags/example_kubernetes_executor.py
[2025-09-29T16:29:06.343+0000] {processor.py:830} INFO - Processing file /home/airflow/.local/lib/python3.12/site-packages/airflow/example_dags/example_kubernetes_executor.py for tasks to queue
[2025-09-29T16:29:06.345+0000] {logging_mixin.py:188} INFO - [2025-09-29T16:29:06.344+0000] {dagbag.py:545} INFO - Filling up the DagBag from /home/airflow/.local/lib/python3.12/site-packages/airflow/example_dags/example_kubernetes_executor.py
[2025-09-29T16:29:06.378+0000] {processor.py:840} INFO - DAG(s) 'example_kubernetes_executor' retrieved from /home/airflow/.local/lib/python3.12/site-packages/airflow/example_dags/example_kubernetes_executor.py
[2025-09-29T16:29:06.469+0000] {logging_mixin.py:188} INFO - [2025-09-29T16:29:06.468+0000] {dag.py:3089} INFO - Sync 1 DAGs
[2025-09-29T16:29:06.499+0000] {logging_mixin.py:188} INFO - [2025-09-29T16:29:06.499+0000] {dag.py:3947} INFO - Setting next_dagrun for example_kubernetes_executor to None, run_after=None
[2025-09-29T16:29:06.548+0000] {processor.py:183} INFO - Processing /home/airflow/.local/lib/python3.12/site-packages/airflow/example_dags/example_kubernetes_executor.py took 0.223 seconds
[2025-09-29T16:29:36.691+0000] {processor.py:161} INFO - Started process (PID=29037) to work on /home/airflow/.local/lib/python3.12/site-packages/airflow/example_dags/example_kubernetes_executor.py
[2025-09-29T16:29:36.693+0000] {processor.py:830} INFO - Processing file /home/airflow/.local/lib/python3.12/site-packages/airflow/example_dags/example_kubernetes_executor.py for tasks to queue
[2025-09-29T16:29:36.695+0000] {logging_mixin.py:188} INFO - [2025-09-29T16:29:36.694+0000] {dagbag.py:545} INFO - Filling up the DagBag from /home/airflow/.local/lib/python3.12/site-packages/airflow/example_dags/example_kubernetes_executor.py
[2025-09-29T16:29:36.724+0000] {processor.py:840} INFO - DAG(s) 'example_kubernetes_executor' retrieved from /home/airflow/.local/lib/python3.12/site-packages/airflow/example_dags/example_kubernetes_executor.py
[2025-09-29T16:29:36.822+0000] {logging_mixin.py:188} INFO - [2025-09-29T16:29:36.821+0000] {dag.py:3089} INFO - Sync 1 DAGs
[2025-09-29T16:29:36.851+0000] {logging_mixin.py:188} INFO - [2025-09-29T16:29:36.850+0000] {dag.py:3947} INFO - Setting next_dagrun for example_kubernetes_executor to None, run_after=None
[2025-09-29T16:29:36.898+0000] {processor.py:183} INFO - Processing /home/airflow/.local/lib/python3.12/site-packages/airflow/example_dags/example_kubernetes_executor.py took 0.222 seconds
[2025-09-29T16:30:07.043+0000] {processor.py:161} INFO - Started process (PID=29298) to work on /home/airflow/.local/lib/python3.12/site-packages/airflow/example_dags/example_kubernetes_executor.py
[2025-09-29T16:30:07.046+0000] {processor.py:830} INFO - Processing file /home/airflow/.local/lib/python3.12/site-packages/airflow/example_dags/example_kubernetes_executor.py for tasks to queue
[2025-09-29T16:30:07.048+0000] {logging_mixin.py:188} INFO - [2025-09-29T16:30:07.047+0000] {dagbag.py:545} INFO - Filling up the DagBag from /home/airflow/.local/lib/python3.12/site-packages/airflow/example_dags/example_kubernetes_executor.py
[2025-09-29T16:30:07.077+0000] {processor.py:840} INFO - DAG(s) 'example_kubernetes_executor' retrieved from /home/airflow/.local/lib/python3.12/site-packages/airflow/example_dags/example_kubernetes_executor.py
[2025-09-29T16:30:07.171+0000] {logging_mixin.py:188} INFO - [2025-09-29T16:30:07.170+0000] {dag.py:3089} INFO - Sync 1 DAGs
[2025-09-29T16:30:07.199+0000] {logging_mixin.py:188} INFO - [2025-09-29T16:30:07.198+0000] {dag.py:3947} INFO - Setting next_dagrun for example_kubernetes_executor to None, run_after=None
[2025-09-29T16:30:07.250+0000] {processor.py:183} INFO - Processing /home/airflow/.local/lib/python3.12/site-packages/airflow/example_dags/example_kubernetes_executor.py took 0.221 seconds
[2025-09-29T16:30:37.598+0000] {processor.py:161} INFO - Started process (PID=29559) to work on /home/airflow/.local/lib/python3.12/site-packages/airflow/example_dags/example_kubernetes_executor.py
[2025-09-29T16:30:37.602+0000] {processor.py:830} INFO - Processing file /home/airflow/.local/lib/python3.12/site-packages/airflow/example_dags/example_kubernetes_executor.py for tasks to queue
[2025-09-29T16:30:37.604+0000] {logging_mixin.py:188} INFO - [2025-09-29T16:30:37.603+0000] {dagbag.py:545} INFO - Filling up the DagBag from /home/airflow/.local/lib/python3.12/site-packages/airflow/example_dags/example_kubernetes_executor.py
[2025-09-29T16:30:37.634+0000] {processor.py:840} INFO - DAG(s) 'example_kubernetes_executor' retrieved from /home/airflow/.local/lib/python3.12/site-packages/airflow/example_dags/example_kubernetes_executor.py
[2025-09-29T16:30:37.742+0000] {logging_mixin.py:188} INFO - [2025-09-29T16:30:37.742+0000] {dag.py:3089} INFO - Sync 1 DAGs
[2025-09-29T16:30:37.775+0000] {logging_mixin.py:188} INFO - [2025-09-29T16:30:37.775+0000] {dag.py:3947} INFO - Setting next_dagrun for example_kubernetes_executor to None, run_after=None
[2025-09-29T16:30:37.827+0000] {processor.py:183} INFO - Processing /home/airflow/.local/lib/python3.12/site-packages/airflow/example_dags/example_kubernetes_executor.py took 0.243 seconds
[2025-09-29T16:31:08.554+0000] {processor.py:161} INFO - Started process (PID=29820) to work on /home/airflow/.local/lib/python3.12/site-packages/airflow/example_dags/example_kubernetes_executor.py
[2025-09-29T16:31:08.556+0000] {processor.py:830} INFO - Processing file /home/airflow/.local/lib/python3.12/site-packages/airflow/example_dags/example_kubernetes_executor.py for tasks to queue
[2025-09-29T16:31:08.558+0000] {logging_mixin.py:188} INFO - [2025-09-29T16:31:08.557+0000] {dagbag.py:545} INFO - Filling up the DagBag from /home/airflow/.local/lib/python3.12/site-packages/airflow/example_dags/example_kubernetes_executor.py
[2025-09-29T16:31:08.586+0000] {processor.py:840} INFO - DAG(s) 'example_kubernetes_executor' retrieved from /home/airflow/.local/lib/python3.12/site-packages/airflow/example_dags/example_kubernetes_executor.py
[2025-09-29T16:31:08.680+0000] {logging_mixin.py:188} INFO - [2025-09-29T16:31:08.680+0000] {dag.py:3089} INFO - Sync 1 DAGs
[2025-09-29T16:31:08.713+0000] {logging_mixin.py:188} INFO - [2025-09-29T16:31:08.713+0000] {dag.py:3947} INFO - Setting next_dagrun for example_kubernetes_executor to None, run_after=None
[2025-09-29T16:31:08.761+0000] {processor.py:183} INFO - Processing /home/airflow/.local/lib/python3.12/site-packages/airflow/example_dags/example_kubernetes_executor.py took 0.221 seconds
[2025-09-29T16:31:38.971+0000] {processor.py:161} INFO - Started process (PID=30081) to work on /home/airflow/.local/lib/python3.12/site-packages/airflow/example_dags/example_kubernetes_executor.py
[2025-09-29T16:31:38.974+0000] {processor.py:830} INFO - Processing file /home/airflow/.local/lib/python3.12/site-packages/airflow/example_dags/example_kubernetes_executor.py for tasks to queue
[2025-09-29T16:31:38.975+0000] {logging_mixin.py:188} INFO - [2025-09-29T16:31:38.975+0000] {dagbag.py:545} INFO - Filling up the DagBag from /home/airflow/.local/lib/python3.12/site-packages/airflow/example_dags/example_kubernetes_executor.py
[2025-09-29T16:31:39.004+0000] {processor.py:840} INFO - DAG(s) 'example_kubernetes_executor' retrieved from /home/airflow/.local/lib/python3.12/site-packages/airflow/example_dags/example_kubernetes_executor.py
[2025-09-29T16:31:39.095+0000] {logging_mixin.py:188} INFO - [2025-09-29T16:31:39.094+0000] {dag.py:3089} INFO - Sync 1 DAGs
[2025-09-29T16:31:39.124+0000] {logging_mixin.py:188} INFO - [2025-09-29T16:31:39.123+0000] {dag.py:3947} INFO - Setting next_dagrun for example_kubernetes_executor to None, run_after=None
[2025-09-29T16:31:39.172+0000] {processor.py:183} INFO - Processing /home/airflow/.local/lib/python3.12/site-packages/airflow/example_dags/example_kubernetes_executor.py took 0.215 seconds
[2025-09-29T16:32:10.476+0000] {processor.py:161} INFO - Started process (PID=30342) to work on /home/airflow/.local/lib/python3.12/site-packages/airflow/example_dags/example_kubernetes_executor.py
[2025-09-29T16:32:10.479+0000] {processor.py:830} INFO - Processing file /home/airflow/.local/lib/python3.12/site-packages/airflow/example_dags/example_kubernetes_executor.py for tasks to queue
[2025-09-29T16:32:10.482+0000] {logging_mixin.py:188} INFO - [2025-09-29T16:32:10.481+0000] {dagbag.py:545} INFO - Filling up the DagBag from /home/airflow/.local/lib/python3.12/site-packages/airflow/example_dags/example_kubernetes_executor.py
[2025-09-29T16:32:10.514+0000] {processor.py:840} INFO - DAG(s) 'example_kubernetes_executor' retrieved from /home/airflow/.local/lib/python3.12/site-packages/airflow/example_dags/example_kubernetes_executor.py
[2025-09-29T16:32:10.627+0000] {logging_mixin.py:188} INFO - [2025-09-29T16:32:10.627+0000] {dag.py:3089} INFO - Sync 1 DAGs
[2025-09-29T16:32:10.667+0000] {logging_mixin.py:188} INFO - [2025-09-29T16:32:10.666+0000] {dag.py:3947} INFO - Setting next_dagrun for example_kubernetes_executor to None, run_after=None
[2025-09-29T16:32:10.722+0000] {processor.py:183} INFO - Processing /home/airflow/.local/lib/python3.12/site-packages/airflow/example_dags/example_kubernetes_executor.py took 0.265 seconds
[2025-09-29T16:32:41.012+0000] {processor.py:161} INFO - Started process (PID=30601) to work on /home/airflow/.local/lib/python3.12/site-packages/airflow/example_dags/example_kubernetes_executor.py
[2025-09-29T16:32:41.015+0000] {processor.py:830} INFO - Processing file /home/airflow/.local/lib/python3.12/site-packages/airflow/example_dags/example_kubernetes_executor.py for tasks to queue
[2025-09-29T16:32:41.017+0000] {logging_mixin.py:188} INFO - [2025-09-29T16:32:41.016+0000] {dagbag.py:545} INFO - Filling up the DagBag from /home/airflow/.local/lib/python3.12/site-packages/airflow/example_dags/example_kubernetes_executor.py
[2025-09-29T16:32:41.052+0000] {processor.py:840} INFO - DAG(s) 'example_kubernetes_executor' retrieved from /home/airflow/.local/lib/python3.12/site-packages/airflow/example_dags/example_kubernetes_executor.py
[2025-09-29T16:32:41.184+0000] {logging_mixin.py:188} INFO - [2025-09-29T16:32:41.183+0000] {dag.py:3089} INFO - Sync 1 DAGs
[2025-09-29T16:32:41.226+0000] {logging_mixin.py:188} INFO - [2025-09-29T16:32:41.225+0000] {dag.py:3947} INFO - Setting next_dagrun for example_kubernetes_executor to None, run_after=None
[2025-09-29T16:32:41.286+0000] {processor.py:183} INFO - Processing /home/airflow/.local/lib/python3.12/site-packages/airflow/example_dags/example_kubernetes_executor.py took 0.290 seconds
[2025-09-29T16:33:11.392+0000] {processor.py:161} INFO - Started process (PID=30858) to work on /home/airflow/.local/lib/python3.12/site-packages/airflow/example_dags/example_kubernetes_executor.py
[2025-09-29T16:33:11.394+0000] {processor.py:830} INFO - Processing file /home/airflow/.local/lib/python3.12/site-packages/airflow/example_dags/example_kubernetes_executor.py for tasks to queue
[2025-09-29T16:33:11.396+0000] {logging_mixin.py:188} INFO - [2025-09-29T16:33:11.395+0000] {dagbag.py:545} INFO - Filling up the DagBag from /home/airflow/.local/lib/python3.12/site-packages/airflow/example_dags/example_kubernetes_executor.py
[2025-09-29T16:33:11.427+0000] {processor.py:840} INFO - DAG(s) 'example_kubernetes_executor' retrieved from /home/airflow/.local/lib/python3.12/site-packages/airflow/example_dags/example_kubernetes_executor.py
[2025-09-29T16:33:11.525+0000] {logging_mixin.py:188} INFO - [2025-09-29T16:33:11.524+0000] {dag.py:3089} INFO - Sync 1 DAGs
[2025-09-29T16:33:11.557+0000] {logging_mixin.py:188} INFO - [2025-09-29T16:33:11.557+0000] {dag.py:3947} INFO - Setting next_dagrun for example_kubernetes_executor to None, run_after=None
[2025-09-29T16:33:11.608+0000] {processor.py:183} INFO - Processing /home/airflow/.local/lib/python3.12/site-packages/airflow/example_dags/example_kubernetes_executor.py took 0.232 seconds
[2025-09-29T16:33:41.754+0000] {processor.py:161} INFO - Started process (PID=31119) to work on /home/airflow/.local/lib/python3.12/site-packages/airflow/example_dags/example_kubernetes_executor.py
[2025-09-29T16:33:41.756+0000] {processor.py:830} INFO - Processing file /home/airflow/.local/lib/python3.12/site-packages/airflow/example_dags/example_kubernetes_executor.py for tasks to queue
[2025-09-29T16:33:41.758+0000] {logging_mixin.py:188} INFO - [2025-09-29T16:33:41.757+0000] {dagbag.py:545} INFO - Filling up the DagBag from /home/airflow/.local/lib/python3.12/site-packages/airflow/example_dags/example_kubernetes_executor.py
[2025-09-29T16:33:41.787+0000] {processor.py:840} INFO - DAG(s) 'example_kubernetes_executor' retrieved from /home/airflow/.local/lib/python3.12/site-packages/airflow/example_dags/example_kubernetes_executor.py
[2025-09-29T16:33:41.894+0000] {logging_mixin.py:188} INFO - [2025-09-29T16:33:41.893+0000] {dag.py:3089} INFO - Sync 1 DAGs
[2025-09-29T16:33:41.923+0000] {logging_mixin.py:188} INFO - [2025-09-29T16:33:41.923+0000] {dag.py:3947} INFO - Setting next_dagrun for example_kubernetes_executor to None, run_after=None
[2025-09-29T16:33:41.970+0000] {processor.py:183} INFO - Processing /home/airflow/.local/lib/python3.12/site-packages/airflow/example_dags/example_kubernetes_executor.py took 0.233 seconds
[2025-09-29T16:34:12.250+0000] {processor.py:161} INFO - Started process (PID=31380) to work on /home/airflow/.local/lib/python3.12/site-packages/airflow/example_dags/example_kubernetes_executor.py
[2025-09-29T16:34:12.253+0000] {processor.py:830} INFO - Processing file /home/airflow/.local/lib/python3.12/site-packages/airflow/example_dags/example_kubernetes_executor.py for tasks to queue
[2025-09-29T16:34:12.255+0000] {logging_mixin.py:188} INFO - [2025-09-29T16:34:12.254+0000] {dagbag.py:545} INFO - Filling up the DagBag from /home/airflow/.local/lib/python3.12/site-packages/airflow/example_dags/example_kubernetes_executor.py
[2025-09-29T16:34:12.285+0000] {processor.py:840} INFO - DAG(s) 'example_kubernetes_executor' retrieved from /home/airflow/.local/lib/python3.12/site-packages/airflow/example_dags/example_kubernetes_executor.py
[2025-09-29T16:34:12.377+0000] {logging_mixin.py:188} INFO - [2025-09-29T16:34:12.376+0000] {dag.py:3089} INFO - Sync 1 DAGs
[2025-09-29T16:34:12.406+0000] {logging_mixin.py:188} INFO - [2025-09-29T16:34:12.405+0000] {dag.py:3947} INFO - Setting next_dagrun for example_kubernetes_executor to None, run_after=None
[2025-09-29T16:34:12.455+0000] {processor.py:183} INFO - Processing /home/airflow/.local/lib/python3.12/site-packages/airflow/example_dags/example_kubernetes_executor.py took 0.219 seconds
[2025-09-29T16:34:43.261+0000] {processor.py:161} INFO - Started process (PID=31641) to work on /home/airflow/.local/lib/python3.12/site-packages/airflow/example_dags/example_kubernetes_executor.py
[2025-09-29T16:34:43.265+0000] {processor.py:830} INFO - Processing file /home/airflow/.local/lib/python3.12/site-packages/airflow/example_dags/example_kubernetes_executor.py for tasks to queue
[2025-09-29T16:34:43.268+0000] {logging_mixin.py:188} INFO - [2025-09-29T16:34:43.267+0000] {dagbag.py:545} INFO - Filling up the DagBag from /home/airflow/.local/lib/python3.12/site-packages/airflow/example_dags/example_kubernetes_executor.py
[2025-09-29T16:34:43.298+0000] {processor.py:840} INFO - DAG(s) 'example_kubernetes_executor' retrieved from /home/airflow/.local/lib/python3.12/site-packages/airflow/example_dags/example_kubernetes_executor.py
[2025-09-29T16:34:43.402+0000] {logging_mixin.py:188} INFO - [2025-09-29T16:34:43.401+0000] {dag.py:3089} INFO - Sync 1 DAGs
[2025-09-29T16:34:43.435+0000] {logging_mixin.py:188} INFO - [2025-09-29T16:34:43.434+0000] {dag.py:3947} INFO - Setting next_dagrun for example_kubernetes_executor to None, run_after=None
[2025-09-29T16:34:43.482+0000] {processor.py:183} INFO - Processing /home/airflow/.local/lib/python3.12/site-packages/airflow/example_dags/example_kubernetes_executor.py took 0.236 seconds
[2025-09-29T16:47:31.195+0000] {processor.py:161} INFO - Started process (PID=253) to work on /home/airflow/.local/lib/python3.12/site-packages/airflow/example_dags/example_kubernetes_executor.py
[2025-09-29T16:47:31.198+0000] {processor.py:830} INFO - Processing file /home/airflow/.local/lib/python3.12/site-packages/airflow/example_dags/example_kubernetes_executor.py for tasks to queue
[2025-09-29T16:47:31.203+0000] {logging_mixin.py:188} INFO - [2025-09-29T16:47:31.202+0000] {dagbag.py:545} INFO - Filling up the DagBag from /home/airflow/.local/lib/python3.12/site-packages/airflow/example_dags/example_kubernetes_executor.py
[2025-09-29T16:47:31.237+0000] {processor.py:840} INFO - DAG(s) 'example_kubernetes_executor' retrieved from /home/airflow/.local/lib/python3.12/site-packages/airflow/example_dags/example_kubernetes_executor.py
[2025-09-29T16:47:31.275+0000] {logging_mixin.py:188} INFO - [2025-09-29T16:47:31.274+0000] {dag.py:3089} INFO - Sync 1 DAGs
[2025-09-29T16:47:31.314+0000] {logging_mixin.py:188} INFO - [2025-09-29T16:47:31.313+0000] {dag.py:3947} INFO - Setting next_dagrun for example_kubernetes_executor to None, run_after=None
[2025-09-29T16:47:31.375+0000] {processor.py:183} INFO - Processing /home/airflow/.local/lib/python3.12/site-packages/airflow/example_dags/example_kubernetes_executor.py took 0.196 seconds
[2025-09-29T16:48:05.072+0000] {processor.py:161} INFO - Started process (PID=525) to work on /home/airflow/.local/lib/python3.12/site-packages/airflow/example_dags/example_kubernetes_executor.py
[2025-09-29T16:48:05.075+0000] {processor.py:830} INFO - Processing file /home/airflow/.local/lib/python3.12/site-packages/airflow/example_dags/example_kubernetes_executor.py for tasks to queue
[2025-09-29T16:48:05.079+0000] {logging_mixin.py:188} INFO - [2025-09-29T16:48:05.078+0000] {dagbag.py:545} INFO - Filling up the DagBag from /home/airflow/.local/lib/python3.12/site-packages/airflow/example_dags/example_kubernetes_executor.py
[2025-09-29T16:48:05.115+0000] {processor.py:840} INFO - DAG(s) 'example_kubernetes_executor' retrieved from /home/airflow/.local/lib/python3.12/site-packages/airflow/example_dags/example_kubernetes_executor.py
[2025-09-29T16:48:05.733+0000] {logging_mixin.py:188} INFO - [2025-09-29T16:48:05.732+0000] {dag.py:3089} INFO - Sync 1 DAGs
[2025-09-29T16:48:05.780+0000] {logging_mixin.py:188} INFO - [2025-09-29T16:48:05.780+0000] {dag.py:3947} INFO - Setting next_dagrun for example_kubernetes_executor to None, run_after=None
[2025-09-29T16:48:05.855+0000] {processor.py:183} INFO - Processing /home/airflow/.local/lib/python3.12/site-packages/airflow/example_dags/example_kubernetes_executor.py took 0.802 seconds
[2025-09-29T16:48:35.971+0000] {processor.py:161} INFO - Started process (PID=796) to work on /home/airflow/.local/lib/python3.12/site-packages/airflow/example_dags/example_kubernetes_executor.py
[2025-09-29T16:48:35.973+0000] {processor.py:830} INFO - Processing file /home/airflow/.local/lib/python3.12/site-packages/airflow/example_dags/example_kubernetes_executor.py for tasks to queue
[2025-09-29T16:48:35.977+0000] {logging_mixin.py:188} INFO - [2025-09-29T16:48:35.976+0000] {dagbag.py:545} INFO - Filling up the DagBag from /home/airflow/.local/lib/python3.12/site-packages/airflow/example_dags/example_kubernetes_executor.py
[2025-09-29T16:48:36.003+0000] {processor.py:840} INFO - DAG(s) 'example_kubernetes_executor' retrieved from /home/airflow/.local/lib/python3.12/site-packages/airflow/example_dags/example_kubernetes_executor.py
[2025-09-29T16:48:36.099+0000] {logging_mixin.py:188} INFO - [2025-09-29T16:48:36.099+0000] {dag.py:3089} INFO - Sync 1 DAGs
[2025-09-29T16:48:36.130+0000] {logging_mixin.py:188} INFO - [2025-09-29T16:48:36.130+0000] {dag.py:3947} INFO - Setting next_dagrun for example_kubernetes_executor to None, run_after=None
[2025-09-29T16:48:36.181+0000] {processor.py:183} INFO - Processing /home/airflow/.local/lib/python3.12/site-packages/airflow/example_dags/example_kubernetes_executor.py took 0.225 seconds
[2025-09-29T16:55:34.236+0000] {processor.py:161} INFO - Started process (PID=269) to work on /home/airflow/.local/lib/python3.12/site-packages/airflow/example_dags/example_kubernetes_executor.py
[2025-09-29T16:55:34.240+0000] {processor.py:830} INFO - Processing file /home/airflow/.local/lib/python3.12/site-packages/airflow/example_dags/example_kubernetes_executor.py for tasks to queue
[2025-09-29T16:55:34.245+0000] {logging_mixin.py:188} INFO - [2025-09-29T16:55:34.244+0000] {dagbag.py:545} INFO - Filling up the DagBag from /home/airflow/.local/lib/python3.12/site-packages/airflow/example_dags/example_kubernetes_executor.py
[2025-09-29T16:55:34.284+0000] {processor.py:840} INFO - DAG(s) 'example_kubernetes_executor' retrieved from /home/airflow/.local/lib/python3.12/site-packages/airflow/example_dags/example_kubernetes_executor.py
[2025-09-29T16:55:34.325+0000] {logging_mixin.py:188} INFO - [2025-09-29T16:55:34.324+0000] {dag.py:3089} INFO - Sync 1 DAGs
[2025-09-29T16:55:34.367+0000] {logging_mixin.py:188} INFO - [2025-09-29T16:55:34.367+0000] {dag.py:3947} INFO - Setting next_dagrun for example_kubernetes_executor to None, run_after=None
[2025-09-29T16:55:34.420+0000] {processor.py:183} INFO - Processing /home/airflow/.local/lib/python3.12/site-packages/airflow/example_dags/example_kubernetes_executor.py took 0.203 seconds
[2025-09-29T16:56:10.023+0000] {processor.py:161} INFO - Started process (PID=547) to work on /home/airflow/.local/lib/python3.12/site-packages/airflow/example_dags/example_kubernetes_executor.py
[2025-09-29T16:56:10.027+0000] {processor.py:830} INFO - Processing file /home/airflow/.local/lib/python3.12/site-packages/airflow/example_dags/example_kubernetes_executor.py for tasks to queue
[2025-09-29T16:56:10.034+0000] {logging_mixin.py:188} INFO - [2025-09-29T16:56:10.032+0000] {dagbag.py:545} INFO - Filling up the DagBag from /home/airflow/.local/lib/python3.12/site-packages/airflow/example_dags/example_kubernetes_executor.py
[2025-09-29T16:56:10.086+0000] {processor.py:840} INFO - DAG(s) 'example_kubernetes_executor' retrieved from /home/airflow/.local/lib/python3.12/site-packages/airflow/example_dags/example_kubernetes_executor.py
[2025-09-29T16:56:10.508+0000] {logging_mixin.py:188} INFO - [2025-09-29T16:56:10.508+0000] {dag.py:3089} INFO - Sync 1 DAGs
[2025-09-29T16:56:10.552+0000] {logging_mixin.py:188} INFO - [2025-09-29T16:56:10.551+0000] {dag.py:3947} INFO - Setting next_dagrun for example_kubernetes_executor to None, run_after=None
[2025-09-29T16:56:10.658+0000] {processor.py:183} INFO - Processing /home/airflow/.local/lib/python3.12/site-packages/airflow/example_dags/example_kubernetes_executor.py took 0.655 seconds
[2025-09-29T16:56:41.774+0000] {processor.py:161} INFO - Started process (PID=818) to work on /home/airflow/.local/lib/python3.12/site-packages/airflow/example_dags/example_kubernetes_executor.py
[2025-09-29T16:56:41.777+0000] {processor.py:830} INFO - Processing file /home/airflow/.local/lib/python3.12/site-packages/airflow/example_dags/example_kubernetes_executor.py for tasks to queue
[2025-09-29T16:56:41.782+0000] {logging_mixin.py:188} INFO - [2025-09-29T16:56:41.781+0000] {dagbag.py:545} INFO - Filling up the DagBag from /home/airflow/.local/lib/python3.12/site-packages/airflow/example_dags/example_kubernetes_executor.py
[2025-09-29T16:56:41.816+0000] {processor.py:840} INFO - DAG(s) 'example_kubernetes_executor' retrieved from /home/airflow/.local/lib/python3.12/site-packages/airflow/example_dags/example_kubernetes_executor.py
[2025-09-29T16:56:42.244+0000] {logging_mixin.py:188} INFO - [2025-09-29T16:56:42.243+0000] {dag.py:3089} INFO - Sync 1 DAGs
[2025-09-29T16:56:42.334+0000] {logging_mixin.py:188} INFO - [2025-09-29T16:56:42.333+0000] {dag.py:3947} INFO - Setting next_dagrun for example_kubernetes_executor to None, run_after=None
[2025-09-29T16:56:42.616+0000] {processor.py:183} INFO - Processing /home/airflow/.local/lib/python3.12/site-packages/airflow/example_dags/example_kubernetes_executor.py took 0.862 seconds
[2025-09-29T16:57:13.408+0000] {processor.py:161} INFO - Started process (PID=1079) to work on /home/airflow/.local/lib/python3.12/site-packages/airflow/example_dags/example_kubernetes_executor.py
[2025-09-29T16:57:13.417+0000] {processor.py:830} INFO - Processing file /home/airflow/.local/lib/python3.12/site-packages/airflow/example_dags/example_kubernetes_executor.py for tasks to queue
[2025-09-29T16:57:13.454+0000] {logging_mixin.py:188} INFO - [2025-09-29T16:57:13.444+0000] {dagbag.py:545} INFO - Filling up the DagBag from /home/airflow/.local/lib/python3.12/site-packages/airflow/example_dags/example_kubernetes_executor.py
[2025-09-29T16:57:13.590+0000] {processor.py:840} INFO - DAG(s) 'example_kubernetes_executor' retrieved from /home/airflow/.local/lib/python3.12/site-packages/airflow/example_dags/example_kubernetes_executor.py
[2025-09-29T16:57:13.866+0000] {logging_mixin.py:188} INFO - [2025-09-29T16:57:13.865+0000] {dag.py:3089} INFO - Sync 1 DAGs
[2025-09-29T16:57:13.971+0000] {logging_mixin.py:188} INFO - [2025-09-29T16:57:13.970+0000] {dag.py:3947} INFO - Setting next_dagrun for example_kubernetes_executor to None, run_after=None
[2025-09-29T16:57:14.122+0000] {processor.py:183} INFO - Processing /home/airflow/.local/lib/python3.12/site-packages/airflow/example_dags/example_kubernetes_executor.py took 0.743 seconds
[2025-09-29T16:57:44.294+0000] {processor.py:161} INFO - Started process (PID=1347) to work on /home/airflow/.local/lib/python3.12/site-packages/airflow/example_dags/example_kubernetes_executor.py
[2025-09-29T16:57:44.298+0000] {processor.py:830} INFO - Processing file /home/airflow/.local/lib/python3.12/site-packages/airflow/example_dags/example_kubernetes_executor.py for tasks to queue
[2025-09-29T16:57:44.309+0000] {logging_mixin.py:188} INFO - [2025-09-29T16:57:44.306+0000] {dagbag.py:545} INFO - Filling up the DagBag from /home/airflow/.local/lib/python3.12/site-packages/airflow/example_dags/example_kubernetes_executor.py
[2025-09-29T16:57:44.349+0000] {processor.py:840} INFO - DAG(s) 'example_kubernetes_executor' retrieved from /home/airflow/.local/lib/python3.12/site-packages/airflow/example_dags/example_kubernetes_executor.py
[2025-09-29T16:57:44.455+0000] {logging_mixin.py:188} INFO - [2025-09-29T16:57:44.454+0000] {dag.py:3089} INFO - Sync 1 DAGs
[2025-09-29T16:57:44.494+0000] {logging_mixin.py:188} INFO - [2025-09-29T16:57:44.494+0000] {dag.py:3947} INFO - Setting next_dagrun for example_kubernetes_executor to None, run_after=None
[2025-09-29T16:57:44.554+0000] {processor.py:183} INFO - Processing /home/airflow/.local/lib/python3.12/site-packages/airflow/example_dags/example_kubernetes_executor.py took 0.282 seconds
[2025-09-29T16:58:15.597+0000] {processor.py:161} INFO - Started process (PID=1609) to work on /home/airflow/.local/lib/python3.12/site-packages/airflow/example_dags/example_kubernetes_executor.py
[2025-09-29T16:58:15.600+0000] {processor.py:830} INFO - Processing file /home/airflow/.local/lib/python3.12/site-packages/airflow/example_dags/example_kubernetes_executor.py for tasks to queue
[2025-09-29T16:58:15.606+0000] {logging_mixin.py:188} INFO - [2025-09-29T16:58:15.605+0000] {dagbag.py:545} INFO - Filling up the DagBag from /home/airflow/.local/lib/python3.12/site-packages/airflow/example_dags/example_kubernetes_executor.py
[2025-09-29T16:58:15.640+0000] {processor.py:840} INFO - DAG(s) 'example_kubernetes_executor' retrieved from /home/airflow/.local/lib/python3.12/site-packages/airflow/example_dags/example_kubernetes_executor.py
[2025-09-29T16:58:15.738+0000] {logging_mixin.py:188} INFO - [2025-09-29T16:58:15.737+0000] {dag.py:3089} INFO - Sync 1 DAGs
[2025-09-29T16:58:15.770+0000] {logging_mixin.py:188} INFO - [2025-09-29T16:58:15.769+0000] {dag.py:3947} INFO - Setting next_dagrun for example_kubernetes_executor to None, run_after=None
[2025-09-29T16:58:15.819+0000] {processor.py:183} INFO - Processing /home/airflow/.local/lib/python3.12/site-packages/airflow/example_dags/example_kubernetes_executor.py took 0.239 seconds
[2025-09-29T16:58:46.231+0000] {processor.py:161} INFO - Started process (PID=1871) to work on /home/airflow/.local/lib/python3.12/site-packages/airflow/example_dags/example_kubernetes_executor.py
[2025-09-29T16:58:46.234+0000] {processor.py:830} INFO - Processing file /home/airflow/.local/lib/python3.12/site-packages/airflow/example_dags/example_kubernetes_executor.py for tasks to queue
[2025-09-29T16:58:46.239+0000] {logging_mixin.py:188} INFO - [2025-09-29T16:58:46.238+0000] {dagbag.py:545} INFO - Filling up the DagBag from /home/airflow/.local/lib/python3.12/site-packages/airflow/example_dags/example_kubernetes_executor.py
[2025-09-29T16:58:46.268+0000] {processor.py:840} INFO - DAG(s) 'example_kubernetes_executor' retrieved from /home/airflow/.local/lib/python3.12/site-packages/airflow/example_dags/example_kubernetes_executor.py
[2025-09-29T16:58:46.367+0000] {logging_mixin.py:188} INFO - [2025-09-29T16:58:46.366+0000] {dag.py:3089} INFO - Sync 1 DAGs
[2025-09-29T16:58:46.399+0000] {logging_mixin.py:188} INFO - [2025-09-29T16:58:46.398+0000] {dag.py:3947} INFO - Setting next_dagrun for example_kubernetes_executor to None, run_after=None
[2025-09-29T16:58:46.450+0000] {processor.py:183} INFO - Processing /home/airflow/.local/lib/python3.12/site-packages/airflow/example_dags/example_kubernetes_executor.py took 0.234 seconds
[2025-09-29T16:59:17.186+0000] {processor.py:161} INFO - Started process (PID=2133) to work on /home/airflow/.local/lib/python3.12/site-packages/airflow/example_dags/example_kubernetes_executor.py
[2025-09-29T16:59:17.189+0000] {processor.py:830} INFO - Processing file /home/airflow/.local/lib/python3.12/site-packages/airflow/example_dags/example_kubernetes_executor.py for tasks to queue
[2025-09-29T16:59:17.194+0000] {logging_mixin.py:188} INFO - [2025-09-29T16:59:17.193+0000] {dagbag.py:545} INFO - Filling up the DagBag from /home/airflow/.local/lib/python3.12/site-packages/airflow/example_dags/example_kubernetes_executor.py
[2025-09-29T16:59:17.223+0000] {processor.py:840} INFO - DAG(s) 'example_kubernetes_executor' retrieved from /home/airflow/.local/lib/python3.12/site-packages/airflow/example_dags/example_kubernetes_executor.py
[2025-09-29T16:59:17.325+0000] {logging_mixin.py:188} INFO - [2025-09-29T16:59:17.325+0000] {dag.py:3089} INFO - Sync 1 DAGs
[2025-09-29T16:59:17.360+0000] {logging_mixin.py:188} INFO - [2025-09-29T16:59:17.360+0000] {dag.py:3947} INFO - Setting next_dagrun for example_kubernetes_executor to None, run_after=None
[2025-09-29T16:59:17.417+0000] {processor.py:183} INFO - Processing /home/airflow/.local/lib/python3.12/site-packages/airflow/example_dags/example_kubernetes_executor.py took 0.245 seconds
[2025-09-29T16:59:47.974+0000] {processor.py:161} INFO - Started process (PID=2395) to work on /home/airflow/.local/lib/python3.12/site-packages/airflow/example_dags/example_kubernetes_executor.py
[2025-09-29T16:59:47.977+0000] {processor.py:830} INFO - Processing file /home/airflow/.local/lib/python3.12/site-packages/airflow/example_dags/example_kubernetes_executor.py for tasks to queue
[2025-09-29T16:59:47.981+0000] {logging_mixin.py:188} INFO - [2025-09-29T16:59:47.980+0000] {dagbag.py:545} INFO - Filling up the DagBag from /home/airflow/.local/lib/python3.12/site-packages/airflow/example_dags/example_kubernetes_executor.py
[2025-09-29T16:59:48.012+0000] {processor.py:840} INFO - DAG(s) 'example_kubernetes_executor' retrieved from /home/airflow/.local/lib/python3.12/site-packages/airflow/example_dags/example_kubernetes_executor.py
[2025-09-29T16:59:48.107+0000] {logging_mixin.py:188} INFO - [2025-09-29T16:59:48.107+0000] {dag.py:3089} INFO - Sync 1 DAGs
[2025-09-29T16:59:48.139+0000] {logging_mixin.py:188} INFO - [2025-09-29T16:59:48.139+0000] {dag.py:3947} INFO - Setting next_dagrun for example_kubernetes_executor to None, run_after=None
[2025-09-29T16:59:48.192+0000] {processor.py:183} INFO - Processing /home/airflow/.local/lib/python3.12/site-packages/airflow/example_dags/example_kubernetes_executor.py took 0.234 seconds
[2025-09-29T17:00:18.293+0000] {processor.py:161} INFO - Started process (PID=2657) to work on /home/airflow/.local/lib/python3.12/site-packages/airflow/example_dags/example_kubernetes_executor.py
[2025-09-29T17:00:18.301+0000] {processor.py:830} INFO - Processing file /home/airflow/.local/lib/python3.12/site-packages/airflow/example_dags/example_kubernetes_executor.py for tasks to queue
[2025-09-29T17:00:18.306+0000] {logging_mixin.py:188} INFO - [2025-09-29T17:00:18.305+0000] {dagbag.py:545} INFO - Filling up the DagBag from /home/airflow/.local/lib/python3.12/site-packages/airflow/example_dags/example_kubernetes_executor.py
[2025-09-29T17:00:18.340+0000] {processor.py:840} INFO - DAG(s) 'example_kubernetes_executor' retrieved from /home/airflow/.local/lib/python3.12/site-packages/airflow/example_dags/example_kubernetes_executor.py
[2025-09-29T17:00:18.443+0000] {logging_mixin.py:188} INFO - [2025-09-29T17:00:18.442+0000] {dag.py:3089} INFO - Sync 1 DAGs
[2025-09-29T17:00:18.474+0000] {logging_mixin.py:188} INFO - [2025-09-29T17:00:18.473+0000] {dag.py:3947} INFO - Setting next_dagrun for example_kubernetes_executor to None, run_after=None
[2025-09-29T17:00:18.527+0000] {processor.py:183} INFO - Processing /home/airflow/.local/lib/python3.12/site-packages/airflow/example_dags/example_kubernetes_executor.py took 0.249 seconds
[2025-09-29T17:00:48.716+0000] {processor.py:161} INFO - Started process (PID=2919) to work on /home/airflow/.local/lib/python3.12/site-packages/airflow/example_dags/example_kubernetes_executor.py
[2025-09-29T17:00:48.719+0000] {processor.py:830} INFO - Processing file /home/airflow/.local/lib/python3.12/site-packages/airflow/example_dags/example_kubernetes_executor.py for tasks to queue
[2025-09-29T17:00:48.724+0000] {logging_mixin.py:188} INFO - [2025-09-29T17:00:48.723+0000] {dagbag.py:545} INFO - Filling up the DagBag from /home/airflow/.local/lib/python3.12/site-packages/airflow/example_dags/example_kubernetes_executor.py
[2025-09-29T17:00:48.761+0000] {processor.py:840} INFO - DAG(s) 'example_kubernetes_executor' retrieved from /home/airflow/.local/lib/python3.12/site-packages/airflow/example_dags/example_kubernetes_executor.py
[2025-09-29T17:00:48.879+0000] {logging_mixin.py:188} INFO - [2025-09-29T17:00:48.878+0000] {dag.py:3089} INFO - Sync 1 DAGs
[2025-09-29T17:00:48.914+0000] {logging_mixin.py:188} INFO - [2025-09-29T17:00:48.914+0000] {dag.py:3947} INFO - Setting next_dagrun for example_kubernetes_executor to None, run_after=None
[2025-09-29T17:00:48.981+0000] {processor.py:183} INFO - Processing /home/airflow/.local/lib/python3.12/site-packages/airflow/example_dags/example_kubernetes_executor.py took 0.279 seconds
[2025-09-29T17:01:20.044+0000] {processor.py:161} INFO - Started process (PID=3181) to work on /home/airflow/.local/lib/python3.12/site-packages/airflow/example_dags/example_kubernetes_executor.py
[2025-09-29T17:01:20.047+0000] {processor.py:830} INFO - Processing file /home/airflow/.local/lib/python3.12/site-packages/airflow/example_dags/example_kubernetes_executor.py for tasks to queue
[2025-09-29T17:01:20.051+0000] {logging_mixin.py:188} INFO - [2025-09-29T17:01:20.050+0000] {dagbag.py:545} INFO - Filling up the DagBag from /home/airflow/.local/lib/python3.12/site-packages/airflow/example_dags/example_kubernetes_executor.py
[2025-09-29T17:01:20.080+0000] {processor.py:840} INFO - DAG(s) 'example_kubernetes_executor' retrieved from /home/airflow/.local/lib/python3.12/site-packages/airflow/example_dags/example_kubernetes_executor.py
[2025-09-29T17:01:20.179+0000] {logging_mixin.py:188} INFO - [2025-09-29T17:01:20.178+0000] {dag.py:3089} INFO - Sync 1 DAGs
[2025-09-29T17:01:20.214+0000] {logging_mixin.py:188} INFO - [2025-09-29T17:01:20.214+0000] {dag.py:3947} INFO - Setting next_dagrun for example_kubernetes_executor to None, run_after=None
[2025-09-29T17:01:20.266+0000] {processor.py:183} INFO - Processing /home/airflow/.local/lib/python3.12/site-packages/airflow/example_dags/example_kubernetes_executor.py took 0.236 seconds
[2025-09-29T17:01:50.656+0000] {processor.py:161} INFO - Started process (PID=3443) to work on /home/airflow/.local/lib/python3.12/site-packages/airflow/example_dags/example_kubernetes_executor.py
[2025-09-29T17:01:50.672+0000] {processor.py:830} INFO - Processing file /home/airflow/.local/lib/python3.12/site-packages/airflow/example_dags/example_kubernetes_executor.py for tasks to queue
[2025-09-29T17:01:50.676+0000] {logging_mixin.py:188} INFO - [2025-09-29T17:01:50.675+0000] {dagbag.py:545} INFO - Filling up the DagBag from /home/airflow/.local/lib/python3.12/site-packages/airflow/example_dags/example_kubernetes_executor.py
[2025-09-29T17:01:50.706+0000] {processor.py:840} INFO - DAG(s) 'example_kubernetes_executor' retrieved from /home/airflow/.local/lib/python3.12/site-packages/airflow/example_dags/example_kubernetes_executor.py
[2025-09-29T17:01:50.805+0000] {logging_mixin.py:188} INFO - [2025-09-29T17:01:50.804+0000] {dag.py:3089} INFO - Sync 1 DAGs
[2025-09-29T17:01:50.834+0000] {logging_mixin.py:188} INFO - [2025-09-29T17:01:50.834+0000] {dag.py:3947} INFO - Setting next_dagrun for example_kubernetes_executor to None, run_after=None
[2025-09-29T17:01:50.887+0000] {processor.py:183} INFO - Processing /home/airflow/.local/lib/python3.12/site-packages/airflow/example_dags/example_kubernetes_executor.py took 0.245 seconds
[2025-09-29T17:02:21.042+0000] {processor.py:161} INFO - Started process (PID=3705) to work on /home/airflow/.local/lib/python3.12/site-packages/airflow/example_dags/example_kubernetes_executor.py
[2025-09-29T17:02:21.045+0000] {processor.py:830} INFO - Processing file /home/airflow/.local/lib/python3.12/site-packages/airflow/example_dags/example_kubernetes_executor.py for tasks to queue
[2025-09-29T17:02:21.049+0000] {logging_mixin.py:188} INFO - [2025-09-29T17:02:21.048+0000] {dagbag.py:545} INFO - Filling up the DagBag from /home/airflow/.local/lib/python3.12/site-packages/airflow/example_dags/example_kubernetes_executor.py
[2025-09-29T17:02:21.080+0000] {processor.py:840} INFO - DAG(s) 'example_kubernetes_executor' retrieved from /home/airflow/.local/lib/python3.12/site-packages/airflow/example_dags/example_kubernetes_executor.py
[2025-09-29T17:02:21.177+0000] {logging_mixin.py:188} INFO - [2025-09-29T17:02:21.176+0000] {dag.py:3089} INFO - Sync 1 DAGs
[2025-09-29T17:02:21.209+0000] {logging_mixin.py:188} INFO - [2025-09-29T17:02:21.209+0000] {dag.py:3947} INFO - Setting next_dagrun for example_kubernetes_executor to None, run_after=None
[2025-09-29T17:02:21.270+0000] {processor.py:183} INFO - Processing /home/airflow/.local/lib/python3.12/site-packages/airflow/example_dags/example_kubernetes_executor.py took 0.243 seconds
[2025-09-29T17:02:51.618+0000] {processor.py:161} INFO - Started process (PID=3967) to work on /home/airflow/.local/lib/python3.12/site-packages/airflow/example_dags/example_kubernetes_executor.py
[2025-09-29T17:02:51.621+0000] {processor.py:830} INFO - Processing file /home/airflow/.local/lib/python3.12/site-packages/airflow/example_dags/example_kubernetes_executor.py for tasks to queue
[2025-09-29T17:02:51.626+0000] {logging_mixin.py:188} INFO - [2025-09-29T17:02:51.625+0000] {dagbag.py:545} INFO - Filling up the DagBag from /home/airflow/.local/lib/python3.12/site-packages/airflow/example_dags/example_kubernetes_executor.py
[2025-09-29T17:02:51.659+0000] {processor.py:840} INFO - DAG(s) 'example_kubernetes_executor' retrieved from /home/airflow/.local/lib/python3.12/site-packages/airflow/example_dags/example_kubernetes_executor.py
[2025-09-29T17:02:51.758+0000] {logging_mixin.py:188} INFO - [2025-09-29T17:02:51.758+0000] {dag.py:3089} INFO - Sync 1 DAGs
[2025-09-29T17:02:51.788+0000] {logging_mixin.py:188} INFO - [2025-09-29T17:02:51.788+0000] {dag.py:3947} INFO - Setting next_dagrun for example_kubernetes_executor to None, run_after=None
[2025-09-29T17:02:51.839+0000] {processor.py:183} INFO - Processing /home/airflow/.local/lib/python3.12/site-packages/airflow/example_dags/example_kubernetes_executor.py took 0.235 seconds
[2025-09-29T17:03:22.386+0000] {processor.py:161} INFO - Started process (PID=4229) to work on /home/airflow/.local/lib/python3.12/site-packages/airflow/example_dags/example_kubernetes_executor.py
[2025-09-29T17:03:22.388+0000] {processor.py:830} INFO - Processing file /home/airflow/.local/lib/python3.12/site-packages/airflow/example_dags/example_kubernetes_executor.py for tasks to queue
[2025-09-29T17:03:22.393+0000] {logging_mixin.py:188} INFO - [2025-09-29T17:03:22.392+0000] {dagbag.py:545} INFO - Filling up the DagBag from /home/airflow/.local/lib/python3.12/site-packages/airflow/example_dags/example_kubernetes_executor.py
[2025-09-29T17:03:22.430+0000] {processor.py:840} INFO - DAG(s) 'example_kubernetes_executor' retrieved from /home/airflow/.local/lib/python3.12/site-packages/airflow/example_dags/example_kubernetes_executor.py
[2025-09-29T17:03:22.534+0000] {logging_mixin.py:188} INFO - [2025-09-29T17:03:22.534+0000] {dag.py:3089} INFO - Sync 1 DAGs
[2025-09-29T17:03:22.578+0000] {logging_mixin.py:188} INFO - [2025-09-29T17:03:22.577+0000] {dag.py:3947} INFO - Setting next_dagrun for example_kubernetes_executor to None, run_after=None
[2025-09-29T17:03:22.639+0000] {processor.py:183} INFO - Processing /home/airflow/.local/lib/python3.12/site-packages/airflow/example_dags/example_kubernetes_executor.py took 0.270 seconds
[2025-09-29T17:03:52.767+0000] {processor.py:161} INFO - Started process (PID=4489) to work on /home/airflow/.local/lib/python3.12/site-packages/airflow/example_dags/example_kubernetes_executor.py
[2025-09-29T17:03:52.769+0000] {processor.py:830} INFO - Processing file /home/airflow/.local/lib/python3.12/site-packages/airflow/example_dags/example_kubernetes_executor.py for tasks to queue
[2025-09-29T17:03:52.774+0000] {logging_mixin.py:188} INFO - [2025-09-29T17:03:52.773+0000] {dagbag.py:545} INFO - Filling up the DagBag from /home/airflow/.local/lib/python3.12/site-packages/airflow/example_dags/example_kubernetes_executor.py
[2025-09-29T17:03:52.814+0000] {processor.py:840} INFO - DAG(s) 'example_kubernetes_executor' retrieved from /home/airflow/.local/lib/python3.12/site-packages/airflow/example_dags/example_kubernetes_executor.py
[2025-09-29T17:03:52.965+0000] {logging_mixin.py:188} INFO - [2025-09-29T17:03:52.964+0000] {dag.py:3089} INFO - Sync 1 DAGs
[2025-09-29T17:03:53.006+0000] {logging_mixin.py:188} INFO - [2025-09-29T17:03:53.006+0000] {dag.py:3947} INFO - Setting next_dagrun for example_kubernetes_executor to None, run_after=None
[2025-09-29T17:03:53.055+0000] {processor.py:183} INFO - Processing /home/airflow/.local/lib/python3.12/site-packages/airflow/example_dags/example_kubernetes_executor.py took 0.303 seconds
[2025-09-29T17:04:23.512+0000] {processor.py:161} INFO - Started process (PID=4747) to work on /home/airflow/.local/lib/python3.12/site-packages/airflow/example_dags/example_kubernetes_executor.py
[2025-09-29T17:04:23.515+0000] {processor.py:830} INFO - Processing file /home/airflow/.local/lib/python3.12/site-packages/airflow/example_dags/example_kubernetes_executor.py for tasks to queue
[2025-09-29T17:04:23.519+0000] {logging_mixin.py:188} INFO - [2025-09-29T17:04:23.519+0000] {dagbag.py:545} INFO - Filling up the DagBag from /home/airflow/.local/lib/python3.12/site-packages/airflow/example_dags/example_kubernetes_executor.py
[2025-09-29T17:04:23.548+0000] {processor.py:840} INFO - DAG(s) 'example_kubernetes_executor' retrieved from /home/airflow/.local/lib/python3.12/site-packages/airflow/example_dags/example_kubernetes_executor.py
[2025-09-29T17:04:23.644+0000] {logging_mixin.py:188} INFO - [2025-09-29T17:04:23.643+0000] {dag.py:3089} INFO - Sync 1 DAGs
[2025-09-29T17:04:23.674+0000] {logging_mixin.py:188} INFO - [2025-09-29T17:04:23.674+0000] {dag.py:3947} INFO - Setting next_dagrun for example_kubernetes_executor to None, run_after=None
[2025-09-29T17:04:23.723+0000] {processor.py:183} INFO - Processing /home/airflow/.local/lib/python3.12/site-packages/airflow/example_dags/example_kubernetes_executor.py took 0.225 seconds
[2025-09-29T17:04:54.338+0000] {processor.py:161} INFO - Started process (PID=5009) to work on /home/airflow/.local/lib/python3.12/site-packages/airflow/example_dags/example_kubernetes_executor.py
[2025-09-29T17:04:54.341+0000] {processor.py:830} INFO - Processing file /home/airflow/.local/lib/python3.12/site-packages/airflow/example_dags/example_kubernetes_executor.py for tasks to queue
[2025-09-29T17:04:54.347+0000] {logging_mixin.py:188} INFO - [2025-09-29T17:04:54.346+0000] {dagbag.py:545} INFO - Filling up the DagBag from /home/airflow/.local/lib/python3.12/site-packages/airflow/example_dags/example_kubernetes_executor.py
[2025-09-29T17:04:54.406+0000] {processor.py:840} INFO - DAG(s) 'example_kubernetes_executor' retrieved from /home/airflow/.local/lib/python3.12/site-packages/airflow/example_dags/example_kubernetes_executor.py
[2025-09-29T17:04:54.566+0000] {logging_mixin.py:188} INFO - [2025-09-29T17:04:54.566+0000] {dag.py:3089} INFO - Sync 1 DAGs
[2025-09-29T17:04:54.639+0000] {logging_mixin.py:188} INFO - [2025-09-29T17:04:54.638+0000] {dag.py:3947} INFO - Setting next_dagrun for example_kubernetes_executor to None, run_after=None
[2025-09-29T17:04:54.691+0000] {processor.py:183} INFO - Processing /home/airflow/.local/lib/python3.12/site-packages/airflow/example_dags/example_kubernetes_executor.py took 0.375 seconds
[2025-09-29T17:05:29.028+0000] {processor.py:161} INFO - Started process (PID=5279) to work on /home/airflow/.local/lib/python3.12/site-packages/airflow/example_dags/example_kubernetes_executor.py
[2025-09-29T17:05:29.038+0000] {processor.py:830} INFO - Processing file /home/airflow/.local/lib/python3.12/site-packages/airflow/example_dags/example_kubernetes_executor.py for tasks to queue
[2025-09-29T17:05:29.044+0000] {logging_mixin.py:188} INFO - [2025-09-29T17:05:29.043+0000] {dagbag.py:545} INFO - Filling up the DagBag from /home/airflow/.local/lib/python3.12/site-packages/airflow/example_dags/example_kubernetes_executor.py
[2025-09-29T17:05:29.086+0000] {processor.py:840} INFO - DAG(s) 'example_kubernetes_executor' retrieved from /home/airflow/.local/lib/python3.12/site-packages/airflow/example_dags/example_kubernetes_executor.py
[2025-09-29T17:05:29.338+0000] {logging_mixin.py:188} INFO - [2025-09-29T17:05:29.337+0000] {dag.py:3089} INFO - Sync 1 DAGs
[2025-09-29T17:05:29.421+0000] {logging_mixin.py:188} INFO - [2025-09-29T17:05:29.420+0000] {dag.py:3947} INFO - Setting next_dagrun for example_kubernetes_executor to None, run_after=None
[2025-09-29T17:05:29.532+0000] {processor.py:183} INFO - Processing /home/airflow/.local/lib/python3.12/site-packages/airflow/example_dags/example_kubernetes_executor.py took 0.526 seconds
[2025-09-29T17:06:00.083+0000] {processor.py:161} INFO - Started process (PID=5571) to work on /home/airflow/.local/lib/python3.12/site-packages/airflow/example_dags/example_kubernetes_executor.py
[2025-09-29T17:06:00.086+0000] {processor.py:830} INFO - Processing file /home/airflow/.local/lib/python3.12/site-packages/airflow/example_dags/example_kubernetes_executor.py for tasks to queue
[2025-09-29T17:06:00.092+0000] {logging_mixin.py:188} INFO - [2025-09-29T17:06:00.091+0000] {dagbag.py:545} INFO - Filling up the DagBag from /home/airflow/.local/lib/python3.12/site-packages/airflow/example_dags/example_kubernetes_executor.py
[2025-09-29T17:06:00.144+0000] {processor.py:840} INFO - DAG(s) 'example_kubernetes_executor' retrieved from /home/airflow/.local/lib/python3.12/site-packages/airflow/example_dags/example_kubernetes_executor.py
[2025-09-29T17:06:00.246+0000] {logging_mixin.py:188} INFO - [2025-09-29T17:06:00.246+0000] {dag.py:3089} INFO - Sync 1 DAGs
[2025-09-29T17:06:00.279+0000] {logging_mixin.py:188} INFO - [2025-09-29T17:06:00.278+0000] {dag.py:3947} INFO - Setting next_dagrun for example_kubernetes_executor to None, run_after=None
[2025-09-29T17:06:00.332+0000] {processor.py:183} INFO - Processing /home/airflow/.local/lib/python3.12/site-packages/airflow/example_dags/example_kubernetes_executor.py took 0.265 seconds
[2025-09-29T17:06:30.531+0000] {processor.py:161} INFO - Started process (PID=5818) to work on /home/airflow/.local/lib/python3.12/site-packages/airflow/example_dags/example_kubernetes_executor.py
[2025-09-29T17:06:30.534+0000] {processor.py:830} INFO - Processing file /home/airflow/.local/lib/python3.12/site-packages/airflow/example_dags/example_kubernetes_executor.py for tasks to queue
[2025-09-29T17:06:30.539+0000] {logging_mixin.py:188} INFO - [2025-09-29T17:06:30.538+0000] {dagbag.py:545} INFO - Filling up the DagBag from /home/airflow/.local/lib/python3.12/site-packages/airflow/example_dags/example_kubernetes_executor.py
[2025-09-29T17:06:30.589+0000] {processor.py:840} INFO - DAG(s) 'example_kubernetes_executor' retrieved from /home/airflow/.local/lib/python3.12/site-packages/airflow/example_dags/example_kubernetes_executor.py
[2025-09-29T17:06:30.714+0000] {logging_mixin.py:188} INFO - [2025-09-29T17:06:30.713+0000] {dag.py:3089} INFO - Sync 1 DAGs
[2025-09-29T17:06:30.751+0000] {logging_mixin.py:188} INFO - [2025-09-29T17:06:30.751+0000] {dag.py:3947} INFO - Setting next_dagrun for example_kubernetes_executor to None, run_after=None
[2025-09-29T17:06:30.818+0000] {processor.py:183} INFO - Processing /home/airflow/.local/lib/python3.12/site-packages/airflow/example_dags/example_kubernetes_executor.py took 0.308 seconds
[2025-09-29T17:07:01.542+0000] {processor.py:161} INFO - Started process (PID=6082) to work on /home/airflow/.local/lib/python3.12/site-packages/airflow/example_dags/example_kubernetes_executor.py
[2025-09-29T17:07:01.547+0000] {processor.py:830} INFO - Processing file /home/airflow/.local/lib/python3.12/site-packages/airflow/example_dags/example_kubernetes_executor.py for tasks to queue
[2025-09-29T17:07:01.553+0000] {logging_mixin.py:188} INFO - [2025-09-29T17:07:01.552+0000] {dagbag.py:545} INFO - Filling up the DagBag from /home/airflow/.local/lib/python3.12/site-packages/airflow/example_dags/example_kubernetes_executor.py
[2025-09-29T17:07:01.595+0000] {processor.py:840} INFO - DAG(s) 'example_kubernetes_executor' retrieved from /home/airflow/.local/lib/python3.12/site-packages/airflow/example_dags/example_kubernetes_executor.py
[2025-09-29T17:07:01.711+0000] {logging_mixin.py:188} INFO - [2025-09-29T17:07:01.711+0000] {dag.py:3089} INFO - Sync 1 DAGs
[2025-09-29T17:07:01.754+0000] {logging_mixin.py:188} INFO - [2025-09-29T17:07:01.753+0000] {dag.py:3947} INFO - Setting next_dagrun for example_kubernetes_executor to None, run_after=None
[2025-09-29T17:07:01.819+0000] {processor.py:183} INFO - Processing /home/airflow/.local/lib/python3.12/site-packages/airflow/example_dags/example_kubernetes_executor.py took 0.296 seconds
[2025-09-29T17:07:31.993+0000] {processor.py:161} INFO - Started process (PID=6344) to work on /home/airflow/.local/lib/python3.12/site-packages/airflow/example_dags/example_kubernetes_executor.py
[2025-09-29T17:07:31.996+0000] {processor.py:830} INFO - Processing file /home/airflow/.local/lib/python3.12/site-packages/airflow/example_dags/example_kubernetes_executor.py for tasks to queue
[2025-09-29T17:07:32.002+0000] {logging_mixin.py:188} INFO - [2025-09-29T17:07:32.001+0000] {dagbag.py:545} INFO - Filling up the DagBag from /home/airflow/.local/lib/python3.12/site-packages/airflow/example_dags/example_kubernetes_executor.py
[2025-09-29T17:07:32.033+0000] {processor.py:840} INFO - DAG(s) 'example_kubernetes_executor' retrieved from /home/airflow/.local/lib/python3.12/site-packages/airflow/example_dags/example_kubernetes_executor.py
[2025-09-29T17:07:32.130+0000] {logging_mixin.py:188} INFO - [2025-09-29T17:07:32.129+0000] {dag.py:3089} INFO - Sync 1 DAGs
[2025-09-29T17:07:32.160+0000] {logging_mixin.py:188} INFO - [2025-09-29T17:07:32.160+0000] {dag.py:3947} INFO - Setting next_dagrun for example_kubernetes_executor to None, run_after=None
[2025-09-29T17:07:32.216+0000] {processor.py:183} INFO - Processing /home/airflow/.local/lib/python3.12/site-packages/airflow/example_dags/example_kubernetes_executor.py took 0.239 seconds
[2025-09-29T17:08:02.567+0000] {processor.py:161} INFO - Started process (PID=6606) to work on /home/airflow/.local/lib/python3.12/site-packages/airflow/example_dags/example_kubernetes_executor.py
[2025-09-29T17:08:02.570+0000] {processor.py:830} INFO - Processing file /home/airflow/.local/lib/python3.12/site-packages/airflow/example_dags/example_kubernetes_executor.py for tasks to queue
[2025-09-29T17:08:02.575+0000] {logging_mixin.py:188} INFO - [2025-09-29T17:08:02.574+0000] {dagbag.py:545} INFO - Filling up the DagBag from /home/airflow/.local/lib/python3.12/site-packages/airflow/example_dags/example_kubernetes_executor.py
[2025-09-29T17:08:02.618+0000] {processor.py:840} INFO - DAG(s) 'example_kubernetes_executor' retrieved from /home/airflow/.local/lib/python3.12/site-packages/airflow/example_dags/example_kubernetes_executor.py
[2025-09-29T17:08:02.783+0000] {logging_mixin.py:188} INFO - [2025-09-29T17:08:02.782+0000] {dag.py:3089} INFO - Sync 1 DAGs
[2025-09-29T17:08:02.819+0000] {logging_mixin.py:188} INFO - [2025-09-29T17:08:02.818+0000] {dag.py:3947} INFO - Setting next_dagrun for example_kubernetes_executor to None, run_after=None
[2025-09-29T17:08:02.890+0000] {processor.py:183} INFO - Processing /home/airflow/.local/lib/python3.12/site-packages/airflow/example_dags/example_kubernetes_executor.py took 0.342 seconds
[2025-09-29T17:08:33.233+0000] {processor.py:161} INFO - Started process (PID=6868) to work on /home/airflow/.local/lib/python3.12/site-packages/airflow/example_dags/example_kubernetes_executor.py
[2025-09-29T17:08:33.236+0000] {processor.py:830} INFO - Processing file /home/airflow/.local/lib/python3.12/site-packages/airflow/example_dags/example_kubernetes_executor.py for tasks to queue
[2025-09-29T17:08:33.242+0000] {logging_mixin.py:188} INFO - [2025-09-29T17:08:33.241+0000] {dagbag.py:545} INFO - Filling up the DagBag from /home/airflow/.local/lib/python3.12/site-packages/airflow/example_dags/example_kubernetes_executor.py
[2025-09-29T17:08:33.286+0000] {processor.py:840} INFO - DAG(s) 'example_kubernetes_executor' retrieved from /home/airflow/.local/lib/python3.12/site-packages/airflow/example_dags/example_kubernetes_executor.py
[2025-09-29T17:08:33.414+0000] {logging_mixin.py:188} INFO - [2025-09-29T17:08:33.413+0000] {dag.py:3089} INFO - Sync 1 DAGs
[2025-09-29T17:08:33.461+0000] {logging_mixin.py:188} INFO - [2025-09-29T17:08:33.460+0000] {dag.py:3947} INFO - Setting next_dagrun for example_kubernetes_executor to None, run_after=None
[2025-09-29T17:08:33.524+0000] {processor.py:183} INFO - Processing /home/airflow/.local/lib/python3.12/site-packages/airflow/example_dags/example_kubernetes_executor.py took 0.314 seconds
[2025-09-29T17:09:07.046+0000] {processor.py:161} INFO - Started process (PID=7128) to work on /home/airflow/.local/lib/python3.12/site-packages/airflow/example_dags/example_kubernetes_executor.py
[2025-09-29T17:09:07.049+0000] {processor.py:830} INFO - Processing file /home/airflow/.local/lib/python3.12/site-packages/airflow/example_dags/example_kubernetes_executor.py for tasks to queue
[2025-09-29T17:09:07.055+0000] {logging_mixin.py:188} INFO - [2025-09-29T17:09:07.054+0000] {dagbag.py:545} INFO - Filling up the DagBag from /home/airflow/.local/lib/python3.12/site-packages/airflow/example_dags/example_kubernetes_executor.py
[2025-09-29T17:09:07.244+0000] {processor.py:840} INFO - DAG(s) 'example_kubernetes_executor' retrieved from /home/airflow/.local/lib/python3.12/site-packages/airflow/example_dags/example_kubernetes_executor.py
[2025-09-29T17:09:07.500+0000] {logging_mixin.py:188} INFO - [2025-09-29T17:09:07.499+0000] {dag.py:3089} INFO - Sync 1 DAGs
[2025-09-29T17:09:07.595+0000] {logging_mixin.py:188} INFO - [2025-09-29T17:09:07.595+0000] {dag.py:3947} INFO - Setting next_dagrun for example_kubernetes_executor to None, run_after=None
[2025-09-29T17:09:07.692+0000] {processor.py:183} INFO - Processing /home/airflow/.local/lib/python3.12/site-packages/airflow/example_dags/example_kubernetes_executor.py took 0.672 seconds
[2025-09-29T17:09:37.805+0000] {processor.py:161} INFO - Started process (PID=7392) to work on /home/airflow/.local/lib/python3.12/site-packages/airflow/example_dags/example_kubernetes_executor.py
[2025-09-29T17:09:37.809+0000] {processor.py:830} INFO - Processing file /home/airflow/.local/lib/python3.12/site-packages/airflow/example_dags/example_kubernetes_executor.py for tasks to queue
[2025-09-29T17:09:37.814+0000] {logging_mixin.py:188} INFO - [2025-09-29T17:09:37.814+0000] {dagbag.py:545} INFO - Filling up the DagBag from /home/airflow/.local/lib/python3.12/site-packages/airflow/example_dags/example_kubernetes_executor.py
[2025-09-29T17:09:37.852+0000] {processor.py:840} INFO - DAG(s) 'example_kubernetes_executor' retrieved from /home/airflow/.local/lib/python3.12/site-packages/airflow/example_dags/example_kubernetes_executor.py
[2025-09-29T17:09:37.970+0000] {logging_mixin.py:188} INFO - [2025-09-29T17:09:37.969+0000] {dag.py:3089} INFO - Sync 1 DAGs
[2025-09-29T17:09:38.012+0000] {logging_mixin.py:188} INFO - [2025-09-29T17:09:38.011+0000] {dag.py:3947} INFO - Setting next_dagrun for example_kubernetes_executor to None, run_after=None
[2025-09-29T17:09:38.081+0000] {processor.py:183} INFO - Processing /home/airflow/.local/lib/python3.12/site-packages/airflow/example_dags/example_kubernetes_executor.py took 0.292 seconds
[2025-09-29T17:10:08.409+0000] {processor.py:161} INFO - Started process (PID=7654) to work on /home/airflow/.local/lib/python3.12/site-packages/airflow/example_dags/example_kubernetes_executor.py
[2025-09-29T17:10:08.412+0000] {processor.py:830} INFO - Processing file /home/airflow/.local/lib/python3.12/site-packages/airflow/example_dags/example_kubernetes_executor.py for tasks to queue
[2025-09-29T17:10:08.418+0000] {logging_mixin.py:188} INFO - [2025-09-29T17:10:08.417+0000] {dagbag.py:545} INFO - Filling up the DagBag from /home/airflow/.local/lib/python3.12/site-packages/airflow/example_dags/example_kubernetes_executor.py
[2025-09-29T17:10:08.452+0000] {processor.py:840} INFO - DAG(s) 'example_kubernetes_executor' retrieved from /home/airflow/.local/lib/python3.12/site-packages/airflow/example_dags/example_kubernetes_executor.py
[2025-09-29T17:10:08.551+0000] {logging_mixin.py:188} INFO - [2025-09-29T17:10:08.551+0000] {dag.py:3089} INFO - Sync 1 DAGs
[2025-09-29T17:10:08.583+0000] {logging_mixin.py:188} INFO - [2025-09-29T17:10:08.582+0000] {dag.py:3947} INFO - Setting next_dagrun for example_kubernetes_executor to None, run_after=None
[2025-09-29T17:10:08.632+0000] {processor.py:183} INFO - Processing /home/airflow/.local/lib/python3.12/site-packages/airflow/example_dags/example_kubernetes_executor.py took 0.239 seconds
[2025-09-29T17:10:39.169+0000] {processor.py:161} INFO - Started process (PID=7914) to work on /home/airflow/.local/lib/python3.12/site-packages/airflow/example_dags/example_kubernetes_executor.py
[2025-09-29T17:10:39.172+0000] {processor.py:830} INFO - Processing file /home/airflow/.local/lib/python3.12/site-packages/airflow/example_dags/example_kubernetes_executor.py for tasks to queue
[2025-09-29T17:10:39.179+0000] {logging_mixin.py:188} INFO - [2025-09-29T17:10:39.178+0000] {dagbag.py:545} INFO - Filling up the DagBag from /home/airflow/.local/lib/python3.12/site-packages/airflow/example_dags/example_kubernetes_executor.py
[2025-09-29T17:10:39.218+0000] {processor.py:840} INFO - DAG(s) 'example_kubernetes_executor' retrieved from /home/airflow/.local/lib/python3.12/site-packages/airflow/example_dags/example_kubernetes_executor.py
[2025-09-29T17:10:39.328+0000] {logging_mixin.py:188} INFO - [2025-09-29T17:10:39.327+0000] {dag.py:3089} INFO - Sync 1 DAGs
[2025-09-29T17:10:39.363+0000] {logging_mixin.py:188} INFO - [2025-09-29T17:10:39.362+0000] {dag.py:3947} INFO - Setting next_dagrun for example_kubernetes_executor to None, run_after=None
[2025-09-29T17:10:39.417+0000] {processor.py:183} INFO - Processing /home/airflow/.local/lib/python3.12/site-packages/airflow/example_dags/example_kubernetes_executor.py took 0.267 seconds
[2025-09-29T17:11:10.383+0000] {processor.py:161} INFO - Started process (PID=8176) to work on /home/airflow/.local/lib/python3.12/site-packages/airflow/example_dags/example_kubernetes_executor.py
[2025-09-29T17:11:10.387+0000] {processor.py:830} INFO - Processing file /home/airflow/.local/lib/python3.12/site-packages/airflow/example_dags/example_kubernetes_executor.py for tasks to queue
[2025-09-29T17:11:10.393+0000] {logging_mixin.py:188} INFO - [2025-09-29T17:11:10.392+0000] {dagbag.py:545} INFO - Filling up the DagBag from /home/airflow/.local/lib/python3.12/site-packages/airflow/example_dags/example_kubernetes_executor.py
[2025-09-29T17:11:10.430+0000] {processor.py:840} INFO - DAG(s) 'example_kubernetes_executor' retrieved from /home/airflow/.local/lib/python3.12/site-packages/airflow/example_dags/example_kubernetes_executor.py
[2025-09-29T17:11:10.538+0000] {logging_mixin.py:188} INFO - [2025-09-29T17:11:10.537+0000] {dag.py:3089} INFO - Sync 1 DAGs
[2025-09-29T17:11:10.571+0000] {logging_mixin.py:188} INFO - [2025-09-29T17:11:10.571+0000] {dag.py:3947} INFO - Setting next_dagrun for example_kubernetes_executor to None, run_after=None
[2025-09-29T17:11:10.623+0000] {processor.py:183} INFO - Processing /home/airflow/.local/lib/python3.12/site-packages/airflow/example_dags/example_kubernetes_executor.py took 0.260 seconds
[2025-09-29T17:11:41.637+0000] {processor.py:161} INFO - Started process (PID=8448) to work on /home/airflow/.local/lib/python3.12/site-packages/airflow/example_dags/example_kubernetes_executor.py
[2025-09-29T17:11:41.640+0000] {processor.py:830} INFO - Processing file /home/airflow/.local/lib/python3.12/site-packages/airflow/example_dags/example_kubernetes_executor.py for tasks to queue
[2025-09-29T17:11:41.645+0000] {logging_mixin.py:188} INFO - [2025-09-29T17:11:41.644+0000] {dagbag.py:545} INFO - Filling up the DagBag from /home/airflow/.local/lib/python3.12/site-packages/airflow/example_dags/example_kubernetes_executor.py
[2025-09-29T17:11:41.678+0000] {processor.py:840} INFO - DAG(s) 'example_kubernetes_executor' retrieved from /home/airflow/.local/lib/python3.12/site-packages/airflow/example_dags/example_kubernetes_executor.py
[2025-09-29T17:11:41.772+0000] {logging_mixin.py:188} INFO - [2025-09-29T17:11:41.771+0000] {dag.py:3089} INFO - Sync 1 DAGs
[2025-09-29T17:11:41.802+0000] {logging_mixin.py:188} INFO - [2025-09-29T17:11:41.801+0000] {dag.py:3947} INFO - Setting next_dagrun for example_kubernetes_executor to None, run_after=None
[2025-09-29T17:11:41.849+0000] {processor.py:183} INFO - Processing /home/airflow/.local/lib/python3.12/site-packages/airflow/example_dags/example_kubernetes_executor.py took 0.228 seconds
[2025-09-29T17:12:13.441+0000] {processor.py:161} INFO - Started process (PID=8700) to work on /home/airflow/.local/lib/python3.12/site-packages/airflow/example_dags/example_kubernetes_executor.py
[2025-09-29T17:12:13.444+0000] {processor.py:830} INFO - Processing file /home/airflow/.local/lib/python3.12/site-packages/airflow/example_dags/example_kubernetes_executor.py for tasks to queue
[2025-09-29T17:12:13.449+0000] {logging_mixin.py:188} INFO - [2025-09-29T17:12:13.448+0000] {dagbag.py:545} INFO - Filling up the DagBag from /home/airflow/.local/lib/python3.12/site-packages/airflow/example_dags/example_kubernetes_executor.py
[2025-09-29T17:12:13.491+0000] {processor.py:840} INFO - DAG(s) 'example_kubernetes_executor' retrieved from /home/airflow/.local/lib/python3.12/site-packages/airflow/example_dags/example_kubernetes_executor.py
[2025-09-29T17:12:13.601+0000] {logging_mixin.py:188} INFO - [2025-09-29T17:12:13.600+0000] {dag.py:3089} INFO - Sync 1 DAGs
[2025-09-29T17:12:13.632+0000] {logging_mixin.py:188} INFO - [2025-09-29T17:12:13.631+0000] {dag.py:3947} INFO - Setting next_dagrun for example_kubernetes_executor to None, run_after=None
[2025-09-29T17:12:13.686+0000] {processor.py:183} INFO - Processing /home/airflow/.local/lib/python3.12/site-packages/airflow/example_dags/example_kubernetes_executor.py took 0.264 seconds
[2025-09-29T17:12:47.238+0000] {processor.py:161} INFO - Started process (PID=8935) to work on /home/airflow/.local/lib/python3.12/site-packages/airflow/example_dags/example_kubernetes_executor.py
[2025-09-29T17:12:47.241+0000] {processor.py:830} INFO - Processing file /home/airflow/.local/lib/python3.12/site-packages/airflow/example_dags/example_kubernetes_executor.py for tasks to queue
[2025-09-29T17:12:47.248+0000] {logging_mixin.py:188} INFO - [2025-09-29T17:12:47.247+0000] {dagbag.py:545} INFO - Filling up the DagBag from /home/airflow/.local/lib/python3.12/site-packages/airflow/example_dags/example_kubernetes_executor.py
[2025-09-29T17:12:47.300+0000] {processor.py:840} INFO - DAG(s) 'example_kubernetes_executor' retrieved from /home/airflow/.local/lib/python3.12/site-packages/airflow/example_dags/example_kubernetes_executor.py
[2025-09-29T17:12:47.454+0000] {logging_mixin.py:188} INFO - [2025-09-29T17:12:47.453+0000] {dag.py:3089} INFO - Sync 1 DAGs
[2025-09-29T17:12:47.488+0000] {logging_mixin.py:188} INFO - [2025-09-29T17:12:47.487+0000] {dag.py:3947} INFO - Setting next_dagrun for example_kubernetes_executor to None, run_after=None
[2025-09-29T17:12:47.545+0000] {processor.py:183} INFO - Processing /home/airflow/.local/lib/python3.12/site-packages/airflow/example_dags/example_kubernetes_executor.py took 0.326 seconds
[2025-09-29T17:13:17.883+0000] {processor.py:161} INFO - Started process (PID=9199) to work on /home/airflow/.local/lib/python3.12/site-packages/airflow/example_dags/example_kubernetes_executor.py
[2025-09-29T17:13:17.886+0000] {processor.py:830} INFO - Processing file /home/airflow/.local/lib/python3.12/site-packages/airflow/example_dags/example_kubernetes_executor.py for tasks to queue
[2025-09-29T17:13:17.892+0000] {logging_mixin.py:188} INFO - [2025-09-29T17:13:17.891+0000] {dagbag.py:545} INFO - Filling up the DagBag from /home/airflow/.local/lib/python3.12/site-packages/airflow/example_dags/example_kubernetes_executor.py
[2025-09-29T17:13:17.927+0000] {processor.py:840} INFO - DAG(s) 'example_kubernetes_executor' retrieved from /home/airflow/.local/lib/python3.12/site-packages/airflow/example_dags/example_kubernetes_executor.py
[2025-09-29T17:13:18.035+0000] {logging_mixin.py:188} INFO - [2025-09-29T17:13:18.035+0000] {dag.py:3089} INFO - Sync 1 DAGs
[2025-09-29T17:13:18.079+0000] {logging_mixin.py:188} INFO - [2025-09-29T17:13:18.079+0000] {dag.py:3947} INFO - Setting next_dagrun for example_kubernetes_executor to None, run_after=None
[2025-09-29T17:13:18.137+0000] {processor.py:183} INFO - Processing /home/airflow/.local/lib/python3.12/site-packages/airflow/example_dags/example_kubernetes_executor.py took 0.272 seconds
[2025-09-29T17:13:48.803+0000] {processor.py:161} INFO - Started process (PID=9455) to work on /home/airflow/.local/lib/python3.12/site-packages/airflow/example_dags/example_kubernetes_executor.py
[2025-09-29T17:13:48.806+0000] {processor.py:830} INFO - Processing file /home/airflow/.local/lib/python3.12/site-packages/airflow/example_dags/example_kubernetes_executor.py for tasks to queue
[2025-09-29T17:13:48.812+0000] {logging_mixin.py:188} INFO - [2025-09-29T17:13:48.811+0000] {dagbag.py:545} INFO - Filling up the DagBag from /home/airflow/.local/lib/python3.12/site-packages/airflow/example_dags/example_kubernetes_executor.py
[2025-09-29T17:13:48.855+0000] {processor.py:840} INFO - DAG(s) 'example_kubernetes_executor' retrieved from /home/airflow/.local/lib/python3.12/site-packages/airflow/example_dags/example_kubernetes_executor.py
[2025-09-29T17:13:48.981+0000] {logging_mixin.py:188} INFO - [2025-09-29T17:13:48.980+0000] {dag.py:3089} INFO - Sync 1 DAGs
[2025-09-29T17:13:49.021+0000] {logging_mixin.py:188} INFO - [2025-09-29T17:13:49.021+0000] {dag.py:3947} INFO - Setting next_dagrun for example_kubernetes_executor to None, run_after=None
[2025-09-29T17:13:49.084+0000] {processor.py:183} INFO - Processing /home/airflow/.local/lib/python3.12/site-packages/airflow/example_dags/example_kubernetes_executor.py took 0.302 seconds
[2025-09-29T17:14:20.812+0000] {processor.py:161} INFO - Started process (PID=9718) to work on /home/airflow/.local/lib/python3.12/site-packages/airflow/example_dags/example_kubernetes_executor.py
[2025-09-29T17:14:20.815+0000] {processor.py:830} INFO - Processing file /home/airflow/.local/lib/python3.12/site-packages/airflow/example_dags/example_kubernetes_executor.py for tasks to queue
[2025-09-29T17:14:20.821+0000] {logging_mixin.py:188} INFO - [2025-09-29T17:14:20.820+0000] {dagbag.py:545} INFO - Filling up the DagBag from /home/airflow/.local/lib/python3.12/site-packages/airflow/example_dags/example_kubernetes_executor.py
[2025-09-29T17:14:20.854+0000] {processor.py:840} INFO - DAG(s) 'example_kubernetes_executor' retrieved from /home/airflow/.local/lib/python3.12/site-packages/airflow/example_dags/example_kubernetes_executor.py
[2025-09-29T17:14:20.959+0000] {logging_mixin.py:188} INFO - [2025-09-29T17:14:20.958+0000] {dag.py:3089} INFO - Sync 1 DAGs
[2025-09-29T17:14:20.991+0000] {logging_mixin.py:188} INFO - [2025-09-29T17:14:20.990+0000] {dag.py:3947} INFO - Setting next_dagrun for example_kubernetes_executor to None, run_after=None
[2025-09-29T17:14:21.045+0000] {processor.py:183} INFO - Processing /home/airflow/.local/lib/python3.12/site-packages/airflow/example_dags/example_kubernetes_executor.py took 0.251 seconds
[2025-09-29T17:14:51.200+0000] {processor.py:161} INFO - Started process (PID=9978) to work on /home/airflow/.local/lib/python3.12/site-packages/airflow/example_dags/example_kubernetes_executor.py
[2025-09-29T17:14:51.203+0000] {processor.py:830} INFO - Processing file /home/airflow/.local/lib/python3.12/site-packages/airflow/example_dags/example_kubernetes_executor.py for tasks to queue
[2025-09-29T17:14:51.209+0000] {logging_mixin.py:188} INFO - [2025-09-29T17:14:51.208+0000] {dagbag.py:545} INFO - Filling up the DagBag from /home/airflow/.local/lib/python3.12/site-packages/airflow/example_dags/example_kubernetes_executor.py
[2025-09-29T17:14:51.248+0000] {processor.py:840} INFO - DAG(s) 'example_kubernetes_executor' retrieved from /home/airflow/.local/lib/python3.12/site-packages/airflow/example_dags/example_kubernetes_executor.py
[2025-09-29T17:14:51.348+0000] {logging_mixin.py:188} INFO - [2025-09-29T17:14:51.347+0000] {dag.py:3089} INFO - Sync 1 DAGs
[2025-09-29T17:14:51.379+0000] {logging_mixin.py:188} INFO - [2025-09-29T17:14:51.379+0000] {dag.py:3947} INFO - Setting next_dagrun for example_kubernetes_executor to None, run_after=None
[2025-09-29T17:14:51.437+0000] {processor.py:183} INFO - Processing /home/airflow/.local/lib/python3.12/site-packages/airflow/example_dags/example_kubernetes_executor.py took 0.254 seconds
[2025-09-29T17:15:24.514+0000] {processor.py:161} INFO - Started process (PID=10220) to work on /home/airflow/.local/lib/python3.12/site-packages/airflow/example_dags/example_kubernetes_executor.py
[2025-09-29T17:15:24.522+0000] {processor.py:830} INFO - Processing file /home/airflow/.local/lib/python3.12/site-packages/airflow/example_dags/example_kubernetes_executor.py for tasks to queue
[2025-09-29T17:15:24.540+0000] {logging_mixin.py:188} INFO - [2025-09-29T17:15:24.539+0000] {dagbag.py:545} INFO - Filling up the DagBag from /home/airflow/.local/lib/python3.12/site-packages/airflow/example_dags/example_kubernetes_executor.py
[2025-09-29T17:15:24.647+0000] {processor.py:840} INFO - DAG(s) 'example_kubernetes_executor' retrieved from /home/airflow/.local/lib/python3.12/site-packages/airflow/example_dags/example_kubernetes_executor.py
[2025-09-29T17:15:24.865+0000] {logging_mixin.py:188} INFO - [2025-09-29T17:15:24.864+0000] {dag.py:3089} INFO - Sync 1 DAGs
[2025-09-29T17:15:24.911+0000] {logging_mixin.py:188} INFO - [2025-09-29T17:15:24.910+0000] {dag.py:3947} INFO - Setting next_dagrun for example_kubernetes_executor to None, run_after=None
[2025-09-29T17:15:25.123+0000] {processor.py:183} INFO - Processing /home/airflow/.local/lib/python3.12/site-packages/airflow/example_dags/example_kubernetes_executor.py took 0.656 seconds
[2025-09-29T17:15:55.991+0000] {processor.py:161} INFO - Started process (PID=10472) to work on /home/airflow/.local/lib/python3.12/site-packages/airflow/example_dags/example_kubernetes_executor.py
[2025-09-29T17:15:55.995+0000] {processor.py:830} INFO - Processing file /home/airflow/.local/lib/python3.12/site-packages/airflow/example_dags/example_kubernetes_executor.py for tasks to queue
[2025-09-29T17:15:56.001+0000] {logging_mixin.py:188} INFO - [2025-09-29T17:15:56.000+0000] {dagbag.py:545} INFO - Filling up the DagBag from /home/airflow/.local/lib/python3.12/site-packages/airflow/example_dags/example_kubernetes_executor.py
[2025-09-29T17:15:56.041+0000] {processor.py:840} INFO - DAG(s) 'example_kubernetes_executor' retrieved from /home/airflow/.local/lib/python3.12/site-packages/airflow/example_dags/example_kubernetes_executor.py
[2025-09-29T17:15:56.172+0000] {logging_mixin.py:188} INFO - [2025-09-29T17:15:56.172+0000] {dag.py:3089} INFO - Sync 1 DAGs
[2025-09-29T17:15:56.223+0000] {logging_mixin.py:188} INFO - [2025-09-29T17:15:56.222+0000] {dag.py:3947} INFO - Setting next_dagrun for example_kubernetes_executor to None, run_after=None
[2025-09-29T17:15:55.541+0000] {processor.py:183} INFO - Processing /home/airflow/.local/lib/python3.12/site-packages/airflow/example_dags/example_kubernetes_executor.py took 0.316 seconds
[2025-09-29T17:16:25.885+0000] {processor.py:161} INFO - Started process (PID=10730) to work on /home/airflow/.local/lib/python3.12/site-packages/airflow/example_dags/example_kubernetes_executor.py
[2025-09-29T17:16:25.888+0000] {processor.py:830} INFO - Processing file /home/airflow/.local/lib/python3.12/site-packages/airflow/example_dags/example_kubernetes_executor.py for tasks to queue
[2025-09-29T17:16:25.893+0000] {logging_mixin.py:188} INFO - [2025-09-29T17:16:25.892+0000] {dagbag.py:545} INFO - Filling up the DagBag from /home/airflow/.local/lib/python3.12/site-packages/airflow/example_dags/example_kubernetes_executor.py
[2025-09-29T17:16:25.929+0000] {processor.py:840} INFO - DAG(s) 'example_kubernetes_executor' retrieved from /home/airflow/.local/lib/python3.12/site-packages/airflow/example_dags/example_kubernetes_executor.py
[2025-09-29T17:16:26.409+0000] {logging_mixin.py:188} INFO - [2025-09-29T17:16:26.409+0000] {dag.py:3089} INFO - Sync 1 DAGs
[2025-09-29T17:16:26.435+0000] {logging_mixin.py:188} INFO - [2025-09-29T17:16:26.434+0000] {dag.py:3947} INFO - Setting next_dagrun for example_kubernetes_executor to None, run_after=None
[2025-09-29T17:16:26.482+0000] {processor.py:183} INFO - Processing /home/airflow/.local/lib/python3.12/site-packages/airflow/example_dags/example_kubernetes_executor.py took 0.616 seconds
[2025-09-29T17:16:56.756+0000] {processor.py:161} INFO - Started process (PID=10987) to work on /home/airflow/.local/lib/python3.12/site-packages/airflow/example_dags/example_kubernetes_executor.py
[2025-09-29T17:16:56.760+0000] {processor.py:830} INFO - Processing file /home/airflow/.local/lib/python3.12/site-packages/airflow/example_dags/example_kubernetes_executor.py for tasks to queue
[2025-09-29T17:16:56.770+0000] {logging_mixin.py:188} INFO - [2025-09-29T17:16:56.769+0000] {dagbag.py:545} INFO - Filling up the DagBag from /home/airflow/.local/lib/python3.12/site-packages/airflow/example_dags/example_kubernetes_executor.py
[2025-09-29T17:16:56.896+0000] {processor.py:840} INFO - DAG(s) 'example_kubernetes_executor' retrieved from /home/airflow/.local/lib/python3.12/site-packages/airflow/example_dags/example_kubernetes_executor.py
[2025-09-29T17:16:57.154+0000] {logging_mixin.py:188} INFO - [2025-09-29T17:16:57.135+0000] {dag.py:3089} INFO - Sync 1 DAGs
[2025-09-29T17:16:57.267+0000] {logging_mixin.py:188} INFO - [2025-09-29T17:16:57.266+0000] {dag.py:3947} INFO - Setting next_dagrun for example_kubernetes_executor to None, run_after=None
[2025-09-29T17:16:59.046+0000] {processor.py:183} INFO - Processing /home/airflow/.local/lib/python3.12/site-packages/airflow/example_dags/example_kubernetes_executor.py took 2.325 seconds
