[2025-09-29T15:33:25.414+0000] {processor.py:161} INFO - Started process (PID=409) to work on /home/airflow/.local/lib/python3.12/site-packages/airflow/example_dags/example_params_trigger_ui.py
[2025-09-29T15:33:25.417+0000] {processor.py:830} INFO - Processing file /home/airflow/.local/lib/python3.12/site-packages/airflow/example_dags/example_params_trigger_ui.py for tasks to queue
[2025-09-29T15:33:25.421+0000] {logging_mixin.py:188} INFO - [2025-09-29T15:33:25.420+0000] {dagbag.py:545} INFO - Filling up the DagBag from /home/airflow/.local/lib/python3.12/site-packages/airflow/example_dags/example_params_trigger_ui.py
[2025-09-29T15:33:25.448+0000] {processor.py:840} INFO - DAG(s) 'example_params_trigger_ui' retrieved from /home/airflow/.local/lib/python3.12/site-packages/airflow/example_dags/example_params_trigger_ui.py
[2025-09-29T15:33:25.484+0000] {logging_mixin.py:188} INFO - [2025-09-29T15:33:25.483+0000] {dag.py:3089} INFO - Sync 1 DAGs
[2025-09-29T15:33:25.515+0000] {logging_mixin.py:188} INFO - [2025-09-29T15:33:25.515+0000] {dag.py:3947} INFO - Setting next_dagrun for example_params_trigger_ui to None, run_after=None
[2025-09-29T15:33:25.564+0000] {processor.py:183} INFO - Processing /home/airflow/.local/lib/python3.12/site-packages/airflow/example_dags/example_params_trigger_ui.py took 0.165 seconds
[2025-09-29T15:34:01.037+0000] {processor.py:161} INFO - Started process (PID=673) to work on /home/airflow/.local/lib/python3.12/site-packages/airflow/example_dags/example_params_trigger_ui.py
[2025-09-29T15:34:01.041+0000] {processor.py:830} INFO - Processing file /home/airflow/.local/lib/python3.12/site-packages/airflow/example_dags/example_params_trigger_ui.py for tasks to queue
[2025-09-29T15:34:01.067+0000] {logging_mixin.py:188} INFO - [2025-09-29T15:34:01.057+0000] {dagbag.py:545} INFO - Filling up the DagBag from /home/airflow/.local/lib/python3.12/site-packages/airflow/example_dags/example_params_trigger_ui.py
[2025-09-29T15:34:01.110+0000] {processor.py:840} INFO - DAG(s) 'example_params_trigger_ui' retrieved from /home/airflow/.local/lib/python3.12/site-packages/airflow/example_dags/example_params_trigger_ui.py
[2025-09-29T15:34:01.560+0000] {logging_mixin.py:188} INFO - [2025-09-29T15:34:01.559+0000] {dag.py:3089} INFO - Sync 1 DAGs
[2025-09-29T15:34:01.589+0000] {logging_mixin.py:188} INFO - [2025-09-29T15:34:01.588+0000] {dag.py:3947} INFO - Setting next_dagrun for example_params_trigger_ui to None, run_after=None
[2025-09-29T15:34:01.648+0000] {processor.py:183} INFO - Processing /home/airflow/.local/lib/python3.12/site-packages/airflow/example_dags/example_params_trigger_ui.py took 0.650 seconds
[2025-09-29T15:34:32.316+0000] {processor.py:161} INFO - Started process (PID=944) to work on /home/airflow/.local/lib/python3.12/site-packages/airflow/example_dags/example_params_trigger_ui.py
[2025-09-29T15:34:32.318+0000] {processor.py:830} INFO - Processing file /home/airflow/.local/lib/python3.12/site-packages/airflow/example_dags/example_params_trigger_ui.py for tasks to queue
[2025-09-29T15:34:32.323+0000] {logging_mixin.py:188} INFO - [2025-09-29T15:34:32.322+0000] {dagbag.py:545} INFO - Filling up the DagBag from /home/airflow/.local/lib/python3.12/site-packages/airflow/example_dags/example_params_trigger_ui.py
[2025-09-29T15:34:32.347+0000] {processor.py:840} INFO - DAG(s) 'example_params_trigger_ui' retrieved from /home/airflow/.local/lib/python3.12/site-packages/airflow/example_dags/example_params_trigger_ui.py
[2025-09-29T15:34:32.465+0000] {logging_mixin.py:188} INFO - [2025-09-29T15:34:32.464+0000] {dag.py:3089} INFO - Sync 1 DAGs
[2025-09-29T15:34:32.498+0000] {logging_mixin.py:188} INFO - [2025-09-29T15:34:32.498+0000] {dag.py:3947} INFO - Setting next_dagrun for example_params_trigger_ui to None, run_after=None
[2025-09-29T15:34:32.551+0000] {processor.py:183} INFO - Processing /home/airflow/.local/lib/python3.12/site-packages/airflow/example_dags/example_params_trigger_ui.py took 0.248 seconds
[2025-09-29T15:35:02.866+0000] {processor.py:161} INFO - Started process (PID=1206) to work on /home/airflow/.local/lib/python3.12/site-packages/airflow/example_dags/example_params_trigger_ui.py
[2025-09-29T15:35:02.869+0000] {processor.py:830} INFO - Processing file /home/airflow/.local/lib/python3.12/site-packages/airflow/example_dags/example_params_trigger_ui.py for tasks to queue
[2025-09-29T15:35:02.873+0000] {logging_mixin.py:188} INFO - [2025-09-29T15:35:02.872+0000] {dagbag.py:545} INFO - Filling up the DagBag from /home/airflow/.local/lib/python3.12/site-packages/airflow/example_dags/example_params_trigger_ui.py
[2025-09-29T15:35:02.893+0000] {processor.py:840} INFO - DAG(s) 'example_params_trigger_ui' retrieved from /home/airflow/.local/lib/python3.12/site-packages/airflow/example_dags/example_params_trigger_ui.py
[2025-09-29T15:35:02.999+0000] {logging_mixin.py:188} INFO - [2025-09-29T15:35:02.998+0000] {dag.py:3089} INFO - Sync 1 DAGs
[2025-09-29T15:35:03.030+0000] {logging_mixin.py:188} INFO - [2025-09-29T15:35:03.029+0000] {dag.py:3947} INFO - Setting next_dagrun for example_params_trigger_ui to None, run_after=None
[2025-09-29T15:35:03.089+0000] {processor.py:183} INFO - Processing /home/airflow/.local/lib/python3.12/site-packages/airflow/example_dags/example_params_trigger_ui.py took 0.236 seconds
[2025-09-29T15:35:33.521+0000] {processor.py:161} INFO - Started process (PID=1469) to work on /home/airflow/.local/lib/python3.12/site-packages/airflow/example_dags/example_params_trigger_ui.py
[2025-09-29T15:35:33.525+0000] {processor.py:830} INFO - Processing file /home/airflow/.local/lib/python3.12/site-packages/airflow/example_dags/example_params_trigger_ui.py for tasks to queue
[2025-09-29T15:35:33.530+0000] {logging_mixin.py:188} INFO - [2025-09-29T15:35:33.529+0000] {dagbag.py:545} INFO - Filling up the DagBag from /home/airflow/.local/lib/python3.12/site-packages/airflow/example_dags/example_params_trigger_ui.py
[2025-09-29T15:35:33.553+0000] {processor.py:840} INFO - DAG(s) 'example_params_trigger_ui' retrieved from /home/airflow/.local/lib/python3.12/site-packages/airflow/example_dags/example_params_trigger_ui.py
[2025-09-29T15:35:33.663+0000] {logging_mixin.py:188} INFO - [2025-09-29T15:35:33.663+0000] {dag.py:3089} INFO - Sync 1 DAGs
[2025-09-29T15:35:33.701+0000] {logging_mixin.py:188} INFO - [2025-09-29T15:35:33.700+0000] {dag.py:3947} INFO - Setting next_dagrun for example_params_trigger_ui to None, run_after=None
[2025-09-29T15:35:33.752+0000] {processor.py:183} INFO - Processing /home/airflow/.local/lib/python3.12/site-packages/airflow/example_dags/example_params_trigger_ui.py took 0.245 seconds
[2025-09-29T15:36:03.928+0000] {processor.py:161} INFO - Started process (PID=1731) to work on /home/airflow/.local/lib/python3.12/site-packages/airflow/example_dags/example_params_trigger_ui.py
[2025-09-29T15:36:03.931+0000] {processor.py:830} INFO - Processing file /home/airflow/.local/lib/python3.12/site-packages/airflow/example_dags/example_params_trigger_ui.py for tasks to queue
[2025-09-29T15:36:03.935+0000] {logging_mixin.py:188} INFO - [2025-09-29T15:36:03.934+0000] {dagbag.py:545} INFO - Filling up the DagBag from /home/airflow/.local/lib/python3.12/site-packages/airflow/example_dags/example_params_trigger_ui.py
[2025-09-29T15:36:03.957+0000] {processor.py:840} INFO - DAG(s) 'example_params_trigger_ui' retrieved from /home/airflow/.local/lib/python3.12/site-packages/airflow/example_dags/example_params_trigger_ui.py
[2025-09-29T15:36:04.066+0000] {logging_mixin.py:188} INFO - [2025-09-29T15:36:04.065+0000] {dag.py:3089} INFO - Sync 1 DAGs
[2025-09-29T15:36:04.096+0000] {logging_mixin.py:188} INFO - [2025-09-29T15:36:04.095+0000] {dag.py:3947} INFO - Setting next_dagrun for example_params_trigger_ui to None, run_after=None
[2025-09-29T15:36:04.142+0000] {processor.py:183} INFO - Processing /home/airflow/.local/lib/python3.12/site-packages/airflow/example_dags/example_params_trigger_ui.py took 0.229 seconds
[2025-09-29T15:36:35.147+0000] {processor.py:161} INFO - Started process (PID=1993) to work on /home/airflow/.local/lib/python3.12/site-packages/airflow/example_dags/example_params_trigger_ui.py
[2025-09-29T15:36:35.151+0000] {processor.py:830} INFO - Processing file /home/airflow/.local/lib/python3.12/site-packages/airflow/example_dags/example_params_trigger_ui.py for tasks to queue
[2025-09-29T15:36:35.155+0000] {logging_mixin.py:188} INFO - [2025-09-29T15:36:35.154+0000] {dagbag.py:545} INFO - Filling up the DagBag from /home/airflow/.local/lib/python3.12/site-packages/airflow/example_dags/example_params_trigger_ui.py
[2025-09-29T15:36:35.176+0000] {processor.py:840} INFO - DAG(s) 'example_params_trigger_ui' retrieved from /home/airflow/.local/lib/python3.12/site-packages/airflow/example_dags/example_params_trigger_ui.py
[2025-09-29T15:36:35.282+0000] {logging_mixin.py:188} INFO - [2025-09-29T15:36:35.282+0000] {dag.py:3089} INFO - Sync 1 DAGs
[2025-09-29T15:36:35.312+0000] {logging_mixin.py:188} INFO - [2025-09-29T15:36:35.311+0000] {dag.py:3947} INFO - Setting next_dagrun for example_params_trigger_ui to None, run_after=None
[2025-09-29T15:36:35.363+0000] {processor.py:183} INFO - Processing /home/airflow/.local/lib/python3.12/site-packages/airflow/example_dags/example_params_trigger_ui.py took 0.230 seconds
[2025-09-29T15:37:06.625+0000] {processor.py:161} INFO - Started process (PID=2255) to work on /home/airflow/.local/lib/python3.12/site-packages/airflow/example_dags/example_params_trigger_ui.py
[2025-09-29T15:37:06.628+0000] {processor.py:830} INFO - Processing file /home/airflow/.local/lib/python3.12/site-packages/airflow/example_dags/example_params_trigger_ui.py for tasks to queue
[2025-09-29T15:37:06.633+0000] {logging_mixin.py:188} INFO - [2025-09-29T15:37:06.632+0000] {dagbag.py:545} INFO - Filling up the DagBag from /home/airflow/.local/lib/python3.12/site-packages/airflow/example_dags/example_params_trigger_ui.py
[2025-09-29T15:37:06.655+0000] {processor.py:840} INFO - DAG(s) 'example_params_trigger_ui' retrieved from /home/airflow/.local/lib/python3.12/site-packages/airflow/example_dags/example_params_trigger_ui.py
[2025-09-29T15:37:06.768+0000] {logging_mixin.py:188} INFO - [2025-09-29T15:37:06.768+0000] {dag.py:3089} INFO - Sync 1 DAGs
[2025-09-29T15:37:06.800+0000] {logging_mixin.py:188} INFO - [2025-09-29T15:37:06.799+0000] {dag.py:3947} INFO - Setting next_dagrun for example_params_trigger_ui to None, run_after=None
[2025-09-29T15:37:06.850+0000] {processor.py:183} INFO - Processing /home/airflow/.local/lib/python3.12/site-packages/airflow/example_dags/example_params_trigger_ui.py took 0.240 seconds
[2025-09-29T15:37:38.254+0000] {processor.py:161} INFO - Started process (PID=2517) to work on /home/airflow/.local/lib/python3.12/site-packages/airflow/example_dags/example_params_trigger_ui.py
[2025-09-29T15:37:38.256+0000] {processor.py:830} INFO - Processing file /home/airflow/.local/lib/python3.12/site-packages/airflow/example_dags/example_params_trigger_ui.py for tasks to queue
[2025-09-29T15:37:38.262+0000] {logging_mixin.py:188} INFO - [2025-09-29T15:37:38.260+0000] {dagbag.py:545} INFO - Filling up the DagBag from /home/airflow/.local/lib/python3.12/site-packages/airflow/example_dags/example_params_trigger_ui.py
[2025-09-29T15:37:38.300+0000] {processor.py:840} INFO - DAG(s) 'example_params_trigger_ui' retrieved from /home/airflow/.local/lib/python3.12/site-packages/airflow/example_dags/example_params_trigger_ui.py
[2025-09-29T15:37:38.449+0000] {logging_mixin.py:188} INFO - [2025-09-29T15:37:38.448+0000] {dag.py:3089} INFO - Sync 1 DAGs
[2025-09-29T15:37:38.519+0000] {logging_mixin.py:188} INFO - [2025-09-29T15:37:38.519+0000] {dag.py:3947} INFO - Setting next_dagrun for example_params_trigger_ui to None, run_after=None
[2025-09-29T15:37:38.611+0000] {processor.py:183} INFO - Processing /home/airflow/.local/lib/python3.12/site-packages/airflow/example_dags/example_params_trigger_ui.py took 0.372 seconds
[2025-09-29T15:38:09.406+0000] {processor.py:161} INFO - Started process (PID=2778) to work on /home/airflow/.local/lib/python3.12/site-packages/airflow/example_dags/example_params_trigger_ui.py
[2025-09-29T15:38:09.409+0000] {processor.py:830} INFO - Processing file /home/airflow/.local/lib/python3.12/site-packages/airflow/example_dags/example_params_trigger_ui.py for tasks to queue
[2025-09-29T15:38:09.413+0000] {logging_mixin.py:188} INFO - [2025-09-29T15:38:09.413+0000] {dagbag.py:545} INFO - Filling up the DagBag from /home/airflow/.local/lib/python3.12/site-packages/airflow/example_dags/example_params_trigger_ui.py
[2025-09-29T15:38:09.438+0000] {processor.py:840} INFO - DAG(s) 'example_params_trigger_ui' retrieved from /home/airflow/.local/lib/python3.12/site-packages/airflow/example_dags/example_params_trigger_ui.py
[2025-09-29T15:38:09.554+0000] {logging_mixin.py:188} INFO - [2025-09-29T15:38:09.553+0000] {dag.py:3089} INFO - Sync 1 DAGs
[2025-09-29T15:38:09.587+0000] {logging_mixin.py:188} INFO - [2025-09-29T15:38:09.586+0000] {dag.py:3947} INFO - Setting next_dagrun for example_params_trigger_ui to None, run_after=None
[2025-09-29T15:38:09.636+0000] {processor.py:183} INFO - Processing /home/airflow/.local/lib/python3.12/site-packages/airflow/example_dags/example_params_trigger_ui.py took 0.245 seconds
[2025-09-29T15:38:40.009+0000] {processor.py:161} INFO - Started process (PID=3037) to work on /home/airflow/.local/lib/python3.12/site-packages/airflow/example_dags/example_params_trigger_ui.py
[2025-09-29T15:38:40.012+0000] {processor.py:830} INFO - Processing file /home/airflow/.local/lib/python3.12/site-packages/airflow/example_dags/example_params_trigger_ui.py for tasks to queue
[2025-09-29T15:38:40.017+0000] {logging_mixin.py:188} INFO - [2025-09-29T15:38:40.016+0000] {dagbag.py:545} INFO - Filling up the DagBag from /home/airflow/.local/lib/python3.12/site-packages/airflow/example_dags/example_params_trigger_ui.py
[2025-09-29T15:38:40.039+0000] {processor.py:840} INFO - DAG(s) 'example_params_trigger_ui' retrieved from /home/airflow/.local/lib/python3.12/site-packages/airflow/example_dags/example_params_trigger_ui.py
[2025-09-29T15:38:40.174+0000] {logging_mixin.py:188} INFO - [2025-09-29T15:38:40.174+0000] {dag.py:3089} INFO - Sync 1 DAGs
[2025-09-29T15:38:40.207+0000] {logging_mixin.py:188} INFO - [2025-09-29T15:38:40.206+0000] {dag.py:3947} INFO - Setting next_dagrun for example_params_trigger_ui to None, run_after=None
[2025-09-29T15:38:40.257+0000] {processor.py:183} INFO - Processing /home/airflow/.local/lib/python3.12/site-packages/airflow/example_dags/example_params_trigger_ui.py took 0.263 seconds
[2025-09-29T15:39:10.379+0000] {processor.py:161} INFO - Started process (PID=3299) to work on /home/airflow/.local/lib/python3.12/site-packages/airflow/example_dags/example_params_trigger_ui.py
[2025-09-29T15:39:10.382+0000] {processor.py:830} INFO - Processing file /home/airflow/.local/lib/python3.12/site-packages/airflow/example_dags/example_params_trigger_ui.py for tasks to queue
[2025-09-29T15:39:10.387+0000] {logging_mixin.py:188} INFO - [2025-09-29T15:39:10.386+0000] {dagbag.py:545} INFO - Filling up the DagBag from /home/airflow/.local/lib/python3.12/site-packages/airflow/example_dags/example_params_trigger_ui.py
[2025-09-29T15:39:10.409+0000] {processor.py:840} INFO - DAG(s) 'example_params_trigger_ui' retrieved from /home/airflow/.local/lib/python3.12/site-packages/airflow/example_dags/example_params_trigger_ui.py
[2025-09-29T15:39:10.515+0000] {logging_mixin.py:188} INFO - [2025-09-29T15:39:10.515+0000] {dag.py:3089} INFO - Sync 1 DAGs
[2025-09-29T15:39:10.544+0000] {logging_mixin.py:188} INFO - [2025-09-29T15:39:10.544+0000] {dag.py:3947} INFO - Setting next_dagrun for example_params_trigger_ui to None, run_after=None
[2025-09-29T15:39:10.588+0000] {processor.py:183} INFO - Processing /home/airflow/.local/lib/python3.12/site-packages/airflow/example_dags/example_params_trigger_ui.py took 0.224 seconds
[2025-09-29T15:39:40.740+0000] {processor.py:161} INFO - Started process (PID=3561) to work on /home/airflow/.local/lib/python3.12/site-packages/airflow/example_dags/example_params_trigger_ui.py
[2025-09-29T15:39:40.794+0000] {processor.py:830} INFO - Processing file /home/airflow/.local/lib/python3.12/site-packages/airflow/example_dags/example_params_trigger_ui.py for tasks to queue
[2025-09-29T15:39:39.939+0000] {logging_mixin.py:188} INFO - [2025-09-29T15:39:39.938+0000] {dagbag.py:545} INFO - Filling up the DagBag from /home/airflow/.local/lib/python3.12/site-packages/airflow/example_dags/example_params_trigger_ui.py
[2025-09-29T15:39:39.961+0000] {processor.py:840} INFO - DAG(s) 'example_params_trigger_ui' retrieved from /home/airflow/.local/lib/python3.12/site-packages/airflow/example_dags/example_params_trigger_ui.py
[2025-09-29T15:39:40.076+0000] {logging_mixin.py:188} INFO - [2025-09-29T15:39:40.075+0000] {dag.py:3089} INFO - Sync 1 DAGs
[2025-09-29T15:39:40.113+0000] {logging_mixin.py:188} INFO - [2025-09-29T15:39:40.113+0000] {dag.py:3947} INFO - Setting next_dagrun for example_params_trigger_ui to None, run_after=None
[2025-09-29T15:39:40.431+0000] {processor.py:183} INFO - Processing /home/airflow/.local/lib/python3.12/site-packages/airflow/example_dags/example_params_trigger_ui.py took 0.623 seconds
[2025-09-29T15:40:11.550+0000] {processor.py:161} INFO - Started process (PID=3823) to work on /home/airflow/.local/lib/python3.12/site-packages/airflow/example_dags/example_params_trigger_ui.py
[2025-09-29T15:40:11.553+0000] {processor.py:830} INFO - Processing file /home/airflow/.local/lib/python3.12/site-packages/airflow/example_dags/example_params_trigger_ui.py for tasks to queue
[2025-09-29T15:40:11.558+0000] {logging_mixin.py:188} INFO - [2025-09-29T15:40:11.557+0000] {dagbag.py:545} INFO - Filling up the DagBag from /home/airflow/.local/lib/python3.12/site-packages/airflow/example_dags/example_params_trigger_ui.py
[2025-09-29T15:40:11.580+0000] {processor.py:840} INFO - DAG(s) 'example_params_trigger_ui' retrieved from /home/airflow/.local/lib/python3.12/site-packages/airflow/example_dags/example_params_trigger_ui.py
[2025-09-29T15:40:11.694+0000] {logging_mixin.py:188} INFO - [2025-09-29T15:40:11.694+0000] {dag.py:3089} INFO - Sync 1 DAGs
[2025-09-29T15:40:11.730+0000] {logging_mixin.py:188} INFO - [2025-09-29T15:40:11.729+0000] {dag.py:3947} INFO - Setting next_dagrun for example_params_trigger_ui to None, run_after=None
[2025-09-29T15:40:11.786+0000] {processor.py:183} INFO - Processing /home/airflow/.local/lib/python3.12/site-packages/airflow/example_dags/example_params_trigger_ui.py took 0.249 seconds
[2025-09-29T15:40:41.954+0000] {processor.py:161} INFO - Started process (PID=4085) to work on /home/airflow/.local/lib/python3.12/site-packages/airflow/example_dags/example_params_trigger_ui.py
[2025-09-29T15:40:41.956+0000] {processor.py:830} INFO - Processing file /home/airflow/.local/lib/python3.12/site-packages/airflow/example_dags/example_params_trigger_ui.py for tasks to queue
[2025-09-29T15:40:41.960+0000] {logging_mixin.py:188} INFO - [2025-09-29T15:40:41.960+0000] {dagbag.py:545} INFO - Filling up the DagBag from /home/airflow/.local/lib/python3.12/site-packages/airflow/example_dags/example_params_trigger_ui.py
[2025-09-29T15:40:41.985+0000] {processor.py:840} INFO - DAG(s) 'example_params_trigger_ui' retrieved from /home/airflow/.local/lib/python3.12/site-packages/airflow/example_dags/example_params_trigger_ui.py
[2025-09-29T15:40:42.106+0000] {logging_mixin.py:188} INFO - [2025-09-29T15:40:42.105+0000] {dag.py:3089} INFO - Sync 1 DAGs
[2025-09-29T15:40:42.136+0000] {logging_mixin.py:188} INFO - [2025-09-29T15:40:42.136+0000] {dag.py:3947} INFO - Setting next_dagrun for example_params_trigger_ui to None, run_after=None
[2025-09-29T15:40:42.191+0000] {processor.py:183} INFO - Processing /home/airflow/.local/lib/python3.12/site-packages/airflow/example_dags/example_params_trigger_ui.py took 0.255 seconds
[2025-09-29T15:41:12.508+0000] {processor.py:161} INFO - Started process (PID=4347) to work on /home/airflow/.local/lib/python3.12/site-packages/airflow/example_dags/example_params_trigger_ui.py
[2025-09-29T15:41:12.511+0000] {processor.py:830} INFO - Processing file /home/airflow/.local/lib/python3.12/site-packages/airflow/example_dags/example_params_trigger_ui.py for tasks to queue
[2025-09-29T15:41:12.516+0000] {logging_mixin.py:188} INFO - [2025-09-29T15:41:12.515+0000] {dagbag.py:545} INFO - Filling up the DagBag from /home/airflow/.local/lib/python3.12/site-packages/airflow/example_dags/example_params_trigger_ui.py
[2025-09-29T15:41:12.543+0000] {processor.py:840} INFO - DAG(s) 'example_params_trigger_ui' retrieved from /home/airflow/.local/lib/python3.12/site-packages/airflow/example_dags/example_params_trigger_ui.py
[2025-09-29T15:41:12.666+0000] {logging_mixin.py:188} INFO - [2025-09-29T15:41:12.665+0000] {dag.py:3089} INFO - Sync 1 DAGs
[2025-09-29T15:41:12.696+0000] {logging_mixin.py:188} INFO - [2025-09-29T15:41:12.695+0000] {dag.py:3947} INFO - Setting next_dagrun for example_params_trigger_ui to None, run_after=None
[2025-09-29T15:41:12.746+0000] {processor.py:183} INFO - Processing /home/airflow/.local/lib/python3.12/site-packages/airflow/example_dags/example_params_trigger_ui.py took 0.254 seconds
[2025-09-29T15:41:43.530+0000] {processor.py:161} INFO - Started process (PID=4607) to work on /home/airflow/.local/lib/python3.12/site-packages/airflow/example_dags/example_params_trigger_ui.py
[2025-09-29T15:41:43.532+0000] {processor.py:830} INFO - Processing file /home/airflow/.local/lib/python3.12/site-packages/airflow/example_dags/example_params_trigger_ui.py for tasks to queue
[2025-09-29T15:41:43.537+0000] {logging_mixin.py:188} INFO - [2025-09-29T15:41:43.536+0000] {dagbag.py:545} INFO - Filling up the DagBag from /home/airflow/.local/lib/python3.12/site-packages/airflow/example_dags/example_params_trigger_ui.py
[2025-09-29T15:41:43.563+0000] {processor.py:840} INFO - DAG(s) 'example_params_trigger_ui' retrieved from /home/airflow/.local/lib/python3.12/site-packages/airflow/example_dags/example_params_trigger_ui.py
[2025-09-29T15:41:43.735+0000] {logging_mixin.py:188} INFO - [2025-09-29T15:41:43.734+0000] {dag.py:3089} INFO - Sync 1 DAGs
[2025-09-29T15:41:43.768+0000] {logging_mixin.py:188} INFO - [2025-09-29T15:41:43.767+0000] {dag.py:3947} INFO - Setting next_dagrun for example_params_trigger_ui to None, run_after=None
[2025-09-29T15:41:43.834+0000] {processor.py:183} INFO - Processing /home/airflow/.local/lib/python3.12/site-packages/airflow/example_dags/example_params_trigger_ui.py took 0.321 seconds
[2025-09-29T15:42:14.736+0000] {processor.py:161} INFO - Started process (PID=4869) to work on /home/airflow/.local/lib/python3.12/site-packages/airflow/example_dags/example_params_trigger_ui.py
[2025-09-29T15:42:14.739+0000] {processor.py:830} INFO - Processing file /home/airflow/.local/lib/python3.12/site-packages/airflow/example_dags/example_params_trigger_ui.py for tasks to queue
[2025-09-29T15:42:14.743+0000] {logging_mixin.py:188} INFO - [2025-09-29T15:42:14.742+0000] {dagbag.py:545} INFO - Filling up the DagBag from /home/airflow/.local/lib/python3.12/site-packages/airflow/example_dags/example_params_trigger_ui.py
[2025-09-29T15:42:14.764+0000] {processor.py:840} INFO - DAG(s) 'example_params_trigger_ui' retrieved from /home/airflow/.local/lib/python3.12/site-packages/airflow/example_dags/example_params_trigger_ui.py
[2025-09-29T15:42:14.878+0000] {logging_mixin.py:188} INFO - [2025-09-29T15:42:14.877+0000] {dag.py:3089} INFO - Sync 1 DAGs
[2025-09-29T15:42:14.912+0000] {logging_mixin.py:188} INFO - [2025-09-29T15:42:14.912+0000] {dag.py:3947} INFO - Setting next_dagrun for example_params_trigger_ui to None, run_after=None
[2025-09-29T15:42:14.958+0000] {processor.py:183} INFO - Processing /home/airflow/.local/lib/python3.12/site-packages/airflow/example_dags/example_params_trigger_ui.py took 0.238 seconds
[2025-09-29T15:42:46.092+0000] {processor.py:161} INFO - Started process (PID=5133) to work on /home/airflow/.local/lib/python3.12/site-packages/airflow/example_dags/example_params_trigger_ui.py
[2025-09-29T15:42:46.096+0000] {processor.py:830} INFO - Processing file /home/airflow/.local/lib/python3.12/site-packages/airflow/example_dags/example_params_trigger_ui.py for tasks to queue
[2025-09-29T15:42:46.101+0000] {logging_mixin.py:188} INFO - [2025-09-29T15:42:46.100+0000] {dagbag.py:545} INFO - Filling up the DagBag from /home/airflow/.local/lib/python3.12/site-packages/airflow/example_dags/example_params_trigger_ui.py
[2025-09-29T15:42:46.126+0000] {processor.py:840} INFO - DAG(s) 'example_params_trigger_ui' retrieved from /home/airflow/.local/lib/python3.12/site-packages/airflow/example_dags/example_params_trigger_ui.py
[2025-09-29T15:42:46.237+0000] {logging_mixin.py:188} INFO - [2025-09-29T15:42:46.237+0000] {dag.py:3089} INFO - Sync 1 DAGs
[2025-09-29T15:42:46.268+0000] {logging_mixin.py:188} INFO - [2025-09-29T15:42:46.267+0000] {dag.py:3947} INFO - Setting next_dagrun for example_params_trigger_ui to None, run_after=None
[2025-09-29T15:42:46.320+0000] {processor.py:183} INFO - Processing /home/airflow/.local/lib/python3.12/site-packages/airflow/example_dags/example_params_trigger_ui.py took 0.244 seconds
[2025-09-29T15:43:17.190+0000] {processor.py:161} INFO - Started process (PID=5393) to work on /home/airflow/.local/lib/python3.12/site-packages/airflow/example_dags/example_params_trigger_ui.py
[2025-09-29T15:43:17.193+0000] {processor.py:830} INFO - Processing file /home/airflow/.local/lib/python3.12/site-packages/airflow/example_dags/example_params_trigger_ui.py for tasks to queue
[2025-09-29T15:43:17.198+0000] {logging_mixin.py:188} INFO - [2025-09-29T15:43:17.197+0000] {dagbag.py:545} INFO - Filling up the DagBag from /home/airflow/.local/lib/python3.12/site-packages/airflow/example_dags/example_params_trigger_ui.py
[2025-09-29T15:43:17.227+0000] {processor.py:840} INFO - DAG(s) 'example_params_trigger_ui' retrieved from /home/airflow/.local/lib/python3.12/site-packages/airflow/example_dags/example_params_trigger_ui.py
[2025-09-29T15:43:17.361+0000] {logging_mixin.py:188} INFO - [2025-09-29T15:43:17.360+0000] {dag.py:3089} INFO - Sync 1 DAGs
[2025-09-29T15:43:17.404+0000] {logging_mixin.py:188} INFO - [2025-09-29T15:43:17.404+0000] {dag.py:3947} INFO - Setting next_dagrun for example_params_trigger_ui to None, run_after=None
[2025-09-29T15:43:17.463+0000] {processor.py:183} INFO - Processing /home/airflow/.local/lib/python3.12/site-packages/airflow/example_dags/example_params_trigger_ui.py took 0.289 seconds
[2025-09-29T15:43:47.588+0000] {processor.py:161} INFO - Started process (PID=5651) to work on /home/airflow/.local/lib/python3.12/site-packages/airflow/example_dags/example_params_trigger_ui.py
[2025-09-29T15:43:47.591+0000] {processor.py:830} INFO - Processing file /home/airflow/.local/lib/python3.12/site-packages/airflow/example_dags/example_params_trigger_ui.py for tasks to queue
[2025-09-29T15:43:47.595+0000] {logging_mixin.py:188} INFO - [2025-09-29T15:43:47.594+0000] {dagbag.py:545} INFO - Filling up the DagBag from /home/airflow/.local/lib/python3.12/site-packages/airflow/example_dags/example_params_trigger_ui.py
[2025-09-29T15:43:47.617+0000] {processor.py:840} INFO - DAG(s) 'example_params_trigger_ui' retrieved from /home/airflow/.local/lib/python3.12/site-packages/airflow/example_dags/example_params_trigger_ui.py
[2025-09-29T15:43:47.730+0000] {logging_mixin.py:188} INFO - [2025-09-29T15:43:47.730+0000] {dag.py:3089} INFO - Sync 1 DAGs
[2025-09-29T15:43:47.760+0000] {logging_mixin.py:188} INFO - [2025-09-29T15:43:47.759+0000] {dag.py:3947} INFO - Setting next_dagrun for example_params_trigger_ui to None, run_after=None
[2025-09-29T15:43:47.810+0000] {processor.py:183} INFO - Processing /home/airflow/.local/lib/python3.12/site-packages/airflow/example_dags/example_params_trigger_ui.py took 0.237 seconds
[2025-09-29T15:44:18.041+0000] {processor.py:161} INFO - Started process (PID=5911) to work on /home/airflow/.local/lib/python3.12/site-packages/airflow/example_dags/example_params_trigger_ui.py
[2025-09-29T15:44:18.043+0000] {processor.py:830} INFO - Processing file /home/airflow/.local/lib/python3.12/site-packages/airflow/example_dags/example_params_trigger_ui.py for tasks to queue
[2025-09-29T15:44:18.047+0000] {logging_mixin.py:188} INFO - [2025-09-29T15:44:18.047+0000] {dagbag.py:545} INFO - Filling up the DagBag from /home/airflow/.local/lib/python3.12/site-packages/airflow/example_dags/example_params_trigger_ui.py
[2025-09-29T15:44:18.081+0000] {processor.py:840} INFO - DAG(s) 'example_params_trigger_ui' retrieved from /home/airflow/.local/lib/python3.12/site-packages/airflow/example_dags/example_params_trigger_ui.py
[2025-09-29T15:44:18.244+0000] {logging_mixin.py:188} INFO - [2025-09-29T15:44:18.244+0000] {dag.py:3089} INFO - Sync 1 DAGs
[2025-09-29T15:44:18.274+0000] {logging_mixin.py:188} INFO - [2025-09-29T15:44:18.273+0000] {dag.py:3947} INFO - Setting next_dagrun for example_params_trigger_ui to None, run_after=None
[2025-09-29T15:44:18.321+0000] {processor.py:183} INFO - Processing /home/airflow/.local/lib/python3.12/site-packages/airflow/example_dags/example_params_trigger_ui.py took 0.295 seconds
[2025-09-29T15:44:48.596+0000] {processor.py:161} INFO - Started process (PID=6173) to work on /home/airflow/.local/lib/python3.12/site-packages/airflow/example_dags/example_params_trigger_ui.py
[2025-09-29T15:44:48.599+0000] {processor.py:830} INFO - Processing file /home/airflow/.local/lib/python3.12/site-packages/airflow/example_dags/example_params_trigger_ui.py for tasks to queue
[2025-09-29T15:44:48.604+0000] {logging_mixin.py:188} INFO - [2025-09-29T15:44:48.603+0000] {dagbag.py:545} INFO - Filling up the DagBag from /home/airflow/.local/lib/python3.12/site-packages/airflow/example_dags/example_params_trigger_ui.py
[2025-09-29T15:44:48.627+0000] {processor.py:840} INFO - DAG(s) 'example_params_trigger_ui' retrieved from /home/airflow/.local/lib/python3.12/site-packages/airflow/example_dags/example_params_trigger_ui.py
[2025-09-29T15:44:48.737+0000] {logging_mixin.py:188} INFO - [2025-09-29T15:44:48.737+0000] {dag.py:3089} INFO - Sync 1 DAGs
[2025-09-29T15:44:48.771+0000] {logging_mixin.py:188} INFO - [2025-09-29T15:44:48.771+0000] {dag.py:3947} INFO - Setting next_dagrun for example_params_trigger_ui to None, run_after=None
[2025-09-29T15:44:48.824+0000] {processor.py:183} INFO - Processing /home/airflow/.local/lib/python3.12/site-packages/airflow/example_dags/example_params_trigger_ui.py took 0.243 seconds
[2025-09-29T15:45:18.991+0000] {processor.py:161} INFO - Started process (PID=6435) to work on /home/airflow/.local/lib/python3.12/site-packages/airflow/example_dags/example_params_trigger_ui.py
[2025-09-29T15:45:18.993+0000] {processor.py:830} INFO - Processing file /home/airflow/.local/lib/python3.12/site-packages/airflow/example_dags/example_params_trigger_ui.py for tasks to queue
[2025-09-29T15:45:18.997+0000] {logging_mixin.py:188} INFO - [2025-09-29T15:45:18.997+0000] {dagbag.py:545} INFO - Filling up the DagBag from /home/airflow/.local/lib/python3.12/site-packages/airflow/example_dags/example_params_trigger_ui.py
[2025-09-29T15:45:19.022+0000] {processor.py:840} INFO - DAG(s) 'example_params_trigger_ui' retrieved from /home/airflow/.local/lib/python3.12/site-packages/airflow/example_dags/example_params_trigger_ui.py
[2025-09-29T15:45:19.131+0000] {logging_mixin.py:188} INFO - [2025-09-29T15:45:19.131+0000] {dag.py:3089} INFO - Sync 1 DAGs
[2025-09-29T15:45:19.161+0000] {logging_mixin.py:188} INFO - [2025-09-29T15:45:19.160+0000] {dag.py:3947} INFO - Setting next_dagrun for example_params_trigger_ui to None, run_after=None
[2025-09-29T15:45:19.208+0000] {processor.py:183} INFO - Processing /home/airflow/.local/lib/python3.12/site-packages/airflow/example_dags/example_params_trigger_ui.py took 0.232 seconds
[2025-09-29T15:45:49.647+0000] {processor.py:161} INFO - Started process (PID=6697) to work on /home/airflow/.local/lib/python3.12/site-packages/airflow/example_dags/example_params_trigger_ui.py
[2025-09-29T15:45:49.650+0000] {processor.py:830} INFO - Processing file /home/airflow/.local/lib/python3.12/site-packages/airflow/example_dags/example_params_trigger_ui.py for tasks to queue
[2025-09-29T15:45:49.654+0000] {logging_mixin.py:188} INFO - [2025-09-29T15:45:49.653+0000] {dagbag.py:545} INFO - Filling up the DagBag from /home/airflow/.local/lib/python3.12/site-packages/airflow/example_dags/example_params_trigger_ui.py
[2025-09-29T15:45:49.677+0000] {processor.py:840} INFO - DAG(s) 'example_params_trigger_ui' retrieved from /home/airflow/.local/lib/python3.12/site-packages/airflow/example_dags/example_params_trigger_ui.py
[2025-09-29T15:45:49.789+0000] {logging_mixin.py:188} INFO - [2025-09-29T15:45:49.788+0000] {dag.py:3089} INFO - Sync 1 DAGs
[2025-09-29T15:45:49.821+0000] {logging_mixin.py:188} INFO - [2025-09-29T15:45:49.820+0000] {dag.py:3947} INFO - Setting next_dagrun for example_params_trigger_ui to None, run_after=None
[2025-09-29T15:45:49.871+0000] {processor.py:183} INFO - Processing /home/airflow/.local/lib/python3.12/site-packages/airflow/example_dags/example_params_trigger_ui.py took 0.240 seconds
[2025-09-29T15:46:20.204+0000] {processor.py:161} INFO - Started process (PID=6959) to work on /home/airflow/.local/lib/python3.12/site-packages/airflow/example_dags/example_params_trigger_ui.py
[2025-09-29T15:46:20.206+0000] {processor.py:830} INFO - Processing file /home/airflow/.local/lib/python3.12/site-packages/airflow/example_dags/example_params_trigger_ui.py for tasks to queue
[2025-09-29T15:46:20.210+0000] {logging_mixin.py:188} INFO - [2025-09-29T15:46:20.209+0000] {dagbag.py:545} INFO - Filling up the DagBag from /home/airflow/.local/lib/python3.12/site-packages/airflow/example_dags/example_params_trigger_ui.py
[2025-09-29T15:46:20.232+0000] {processor.py:840} INFO - DAG(s) 'example_params_trigger_ui' retrieved from /home/airflow/.local/lib/python3.12/site-packages/airflow/example_dags/example_params_trigger_ui.py
[2025-09-29T15:46:20.340+0000] {logging_mixin.py:188} INFO - [2025-09-29T15:46:20.340+0000] {dag.py:3089} INFO - Sync 1 DAGs
[2025-09-29T15:46:20.385+0000] {logging_mixin.py:188} INFO - [2025-09-29T15:46:20.384+0000] {dag.py:3947} INFO - Setting next_dagrun for example_params_trigger_ui to None, run_after=None
[2025-09-29T15:46:20.456+0000] {processor.py:183} INFO - Processing /home/airflow/.local/lib/python3.12/site-packages/airflow/example_dags/example_params_trigger_ui.py took 0.266 seconds
[2025-09-29T15:46:50.847+0000] {processor.py:161} INFO - Started process (PID=7221) to work on /home/airflow/.local/lib/python3.12/site-packages/airflow/example_dags/example_params_trigger_ui.py
[2025-09-29T15:46:50.850+0000] {processor.py:830} INFO - Processing file /home/airflow/.local/lib/python3.12/site-packages/airflow/example_dags/example_params_trigger_ui.py for tasks to queue
[2025-09-29T15:46:50.854+0000] {logging_mixin.py:188} INFO - [2025-09-29T15:46:50.854+0000] {dagbag.py:545} INFO - Filling up the DagBag from /home/airflow/.local/lib/python3.12/site-packages/airflow/example_dags/example_params_trigger_ui.py
[2025-09-29T15:46:50.877+0000] {processor.py:840} INFO - DAG(s) 'example_params_trigger_ui' retrieved from /home/airflow/.local/lib/python3.12/site-packages/airflow/example_dags/example_params_trigger_ui.py
[2025-09-29T15:46:50.983+0000] {logging_mixin.py:188} INFO - [2025-09-29T15:46:50.982+0000] {dag.py:3089} INFO - Sync 1 DAGs
[2025-09-29T15:46:51.013+0000] {logging_mixin.py:188} INFO - [2025-09-29T15:46:51.012+0000] {dag.py:3947} INFO - Setting next_dagrun for example_params_trigger_ui to None, run_after=None
[2025-09-29T15:46:51.061+0000] {processor.py:183} INFO - Processing /home/airflow/.local/lib/python3.12/site-packages/airflow/example_dags/example_params_trigger_ui.py took 0.232 seconds
[2025-09-29T15:47:21.624+0000] {processor.py:161} INFO - Started process (PID=7483) to work on /home/airflow/.local/lib/python3.12/site-packages/airflow/example_dags/example_params_trigger_ui.py
[2025-09-29T15:47:21.627+0000] {processor.py:830} INFO - Processing file /home/airflow/.local/lib/python3.12/site-packages/airflow/example_dags/example_params_trigger_ui.py for tasks to queue
[2025-09-29T15:47:21.632+0000] {logging_mixin.py:188} INFO - [2025-09-29T15:47:21.631+0000] {dagbag.py:545} INFO - Filling up the DagBag from /home/airflow/.local/lib/python3.12/site-packages/airflow/example_dags/example_params_trigger_ui.py
[2025-09-29T15:47:21.660+0000] {processor.py:840} INFO - DAG(s) 'example_params_trigger_ui' retrieved from /home/airflow/.local/lib/python3.12/site-packages/airflow/example_dags/example_params_trigger_ui.py
[2025-09-29T15:47:21.789+0000] {logging_mixin.py:188} INFO - [2025-09-29T15:47:21.788+0000] {dag.py:3089} INFO - Sync 1 DAGs
[2025-09-29T15:47:21.824+0000] {logging_mixin.py:188} INFO - [2025-09-29T15:47:21.823+0000] {dag.py:3947} INFO - Setting next_dagrun for example_params_trigger_ui to None, run_after=None
[2025-09-29T15:47:21.875+0000] {processor.py:183} INFO - Processing /home/airflow/.local/lib/python3.12/site-packages/airflow/example_dags/example_params_trigger_ui.py took 0.268 seconds
[2025-09-29T15:47:52.691+0000] {processor.py:161} INFO - Started process (PID=7745) to work on /home/airflow/.local/lib/python3.12/site-packages/airflow/example_dags/example_params_trigger_ui.py
[2025-09-29T15:47:52.693+0000] {processor.py:830} INFO - Processing file /home/airflow/.local/lib/python3.12/site-packages/airflow/example_dags/example_params_trigger_ui.py for tasks to queue
[2025-09-29T15:47:52.699+0000] {logging_mixin.py:188} INFO - [2025-09-29T15:47:52.698+0000] {dagbag.py:545} INFO - Filling up the DagBag from /home/airflow/.local/lib/python3.12/site-packages/airflow/example_dags/example_params_trigger_ui.py
[2025-09-29T15:47:52.734+0000] {processor.py:840} INFO - DAG(s) 'example_params_trigger_ui' retrieved from /home/airflow/.local/lib/python3.12/site-packages/airflow/example_dags/example_params_trigger_ui.py
[2025-09-29T15:47:52.850+0000] {logging_mixin.py:188} INFO - [2025-09-29T15:47:52.850+0000] {dag.py:3089} INFO - Sync 1 DAGs
[2025-09-29T15:47:52.883+0000] {logging_mixin.py:188} INFO - [2025-09-29T15:47:52.882+0000] {dag.py:3947} INFO - Setting next_dagrun for example_params_trigger_ui to None, run_after=None
[2025-09-29T15:47:52.930+0000] {processor.py:183} INFO - Processing /home/airflow/.local/lib/python3.12/site-packages/airflow/example_dags/example_params_trigger_ui.py took 0.264 seconds
[2025-09-29T15:48:23.251+0000] {processor.py:161} INFO - Started process (PID=8007) to work on /home/airflow/.local/lib/python3.12/site-packages/airflow/example_dags/example_params_trigger_ui.py
[2025-09-29T15:48:23.254+0000] {processor.py:830} INFO - Processing file /home/airflow/.local/lib/python3.12/site-packages/airflow/example_dags/example_params_trigger_ui.py for tasks to queue
[2025-09-29T15:48:23.258+0000] {logging_mixin.py:188} INFO - [2025-09-29T15:48:23.258+0000] {dagbag.py:545} INFO - Filling up the DagBag from /home/airflow/.local/lib/python3.12/site-packages/airflow/example_dags/example_params_trigger_ui.py
[2025-09-29T15:48:23.282+0000] {processor.py:840} INFO - DAG(s) 'example_params_trigger_ui' retrieved from /home/airflow/.local/lib/python3.12/site-packages/airflow/example_dags/example_params_trigger_ui.py
[2025-09-29T15:48:23.386+0000] {logging_mixin.py:188} INFO - [2025-09-29T15:48:23.385+0000] {dag.py:3089} INFO - Sync 1 DAGs
[2025-09-29T15:48:23.415+0000] {logging_mixin.py:188} INFO - [2025-09-29T15:48:23.415+0000] {dag.py:3947} INFO - Setting next_dagrun for example_params_trigger_ui to None, run_after=None
[2025-09-29T15:48:23.464+0000] {processor.py:183} INFO - Processing /home/airflow/.local/lib/python3.12/site-packages/airflow/example_dags/example_params_trigger_ui.py took 0.229 seconds
[2025-09-29T15:48:53.772+0000] {processor.py:161} INFO - Started process (PID=8269) to work on /home/airflow/.local/lib/python3.12/site-packages/airflow/example_dags/example_params_trigger_ui.py
[2025-09-29T15:48:53.775+0000] {processor.py:830} INFO - Processing file /home/airflow/.local/lib/python3.12/site-packages/airflow/example_dags/example_params_trigger_ui.py for tasks to queue
[2025-09-29T15:48:53.779+0000] {logging_mixin.py:188} INFO - [2025-09-29T15:48:53.778+0000] {dagbag.py:545} INFO - Filling up the DagBag from /home/airflow/.local/lib/python3.12/site-packages/airflow/example_dags/example_params_trigger_ui.py
[2025-09-29T15:48:53.801+0000] {processor.py:840} INFO - DAG(s) 'example_params_trigger_ui' retrieved from /home/airflow/.local/lib/python3.12/site-packages/airflow/example_dags/example_params_trigger_ui.py
[2025-09-29T15:48:53.905+0000] {logging_mixin.py:188} INFO - [2025-09-29T15:48:53.904+0000] {dag.py:3089} INFO - Sync 1 DAGs
[2025-09-29T15:48:53.935+0000] {logging_mixin.py:188} INFO - [2025-09-29T15:48:53.935+0000] {dag.py:3947} INFO - Setting next_dagrun for example_params_trigger_ui to None, run_after=None
[2025-09-29T15:48:53.984+0000] {processor.py:183} INFO - Processing /home/airflow/.local/lib/python3.12/site-packages/airflow/example_dags/example_params_trigger_ui.py took 0.226 seconds
[2025-09-29T15:49:24.135+0000] {processor.py:161} INFO - Started process (PID=8531) to work on /home/airflow/.local/lib/python3.12/site-packages/airflow/example_dags/example_params_trigger_ui.py
[2025-09-29T15:49:24.139+0000] {processor.py:830} INFO - Processing file /home/airflow/.local/lib/python3.12/site-packages/airflow/example_dags/example_params_trigger_ui.py for tasks to queue
[2025-09-29T15:49:24.143+0000] {logging_mixin.py:188} INFO - [2025-09-29T15:49:24.143+0000] {dagbag.py:545} INFO - Filling up the DagBag from /home/airflow/.local/lib/python3.12/site-packages/airflow/example_dags/example_params_trigger_ui.py
[2025-09-29T15:49:24.168+0000] {processor.py:840} INFO - DAG(s) 'example_params_trigger_ui' retrieved from /home/airflow/.local/lib/python3.12/site-packages/airflow/example_dags/example_params_trigger_ui.py
[2025-09-29T15:49:24.282+0000] {logging_mixin.py:188} INFO - [2025-09-29T15:49:24.282+0000] {dag.py:3089} INFO - Sync 1 DAGs
[2025-09-29T15:49:24.316+0000] {logging_mixin.py:188} INFO - [2025-09-29T15:49:24.315+0000] {dag.py:3947} INFO - Setting next_dagrun for example_params_trigger_ui to None, run_after=None
[2025-09-29T15:49:24.375+0000] {processor.py:183} INFO - Processing /home/airflow/.local/lib/python3.12/site-packages/airflow/example_dags/example_params_trigger_ui.py took 0.256 seconds
[2025-09-29T15:49:54.630+0000] {processor.py:161} INFO - Started process (PID=8793) to work on /home/airflow/.local/lib/python3.12/site-packages/airflow/example_dags/example_params_trigger_ui.py
[2025-09-29T15:49:54.633+0000] {processor.py:830} INFO - Processing file /home/airflow/.local/lib/python3.12/site-packages/airflow/example_dags/example_params_trigger_ui.py for tasks to queue
[2025-09-29T15:49:54.638+0000] {logging_mixin.py:188} INFO - [2025-09-29T15:49:54.637+0000] {dagbag.py:545} INFO - Filling up the DagBag from /home/airflow/.local/lib/python3.12/site-packages/airflow/example_dags/example_params_trigger_ui.py
[2025-09-29T15:49:54.661+0000] {processor.py:840} INFO - DAG(s) 'example_params_trigger_ui' retrieved from /home/airflow/.local/lib/python3.12/site-packages/airflow/example_dags/example_params_trigger_ui.py
[2025-09-29T15:49:54.768+0000] {logging_mixin.py:188} INFO - [2025-09-29T15:49:54.767+0000] {dag.py:3089} INFO - Sync 1 DAGs
[2025-09-29T15:49:54.804+0000] {logging_mixin.py:188} INFO - [2025-09-29T15:49:54.803+0000] {dag.py:3947} INFO - Setting next_dagrun for example_params_trigger_ui to None, run_after=None
[2025-09-29T15:49:54.854+0000] {processor.py:183} INFO - Processing /home/airflow/.local/lib/python3.12/site-packages/airflow/example_dags/example_params_trigger_ui.py took 0.238 seconds
[2025-09-29T15:50:25.587+0000] {processor.py:161} INFO - Started process (PID=9055) to work on /home/airflow/.local/lib/python3.12/site-packages/airflow/example_dags/example_params_trigger_ui.py
[2025-09-29T15:50:25.590+0000] {processor.py:830} INFO - Processing file /home/airflow/.local/lib/python3.12/site-packages/airflow/example_dags/example_params_trigger_ui.py for tasks to queue
[2025-09-29T15:50:25.594+0000] {logging_mixin.py:188} INFO - [2025-09-29T15:50:25.593+0000] {dagbag.py:545} INFO - Filling up the DagBag from /home/airflow/.local/lib/python3.12/site-packages/airflow/example_dags/example_params_trigger_ui.py
[2025-09-29T15:50:25.616+0000] {processor.py:840} INFO - DAG(s) 'example_params_trigger_ui' retrieved from /home/airflow/.local/lib/python3.12/site-packages/airflow/example_dags/example_params_trigger_ui.py
[2025-09-29T15:50:25.722+0000] {logging_mixin.py:188} INFO - [2025-09-29T15:50:25.721+0000] {dag.py:3089} INFO - Sync 1 DAGs
[2025-09-29T15:50:25.753+0000] {logging_mixin.py:188} INFO - [2025-09-29T15:50:25.753+0000] {dag.py:3947} INFO - Setting next_dagrun for example_params_trigger_ui to None, run_after=None
[2025-09-29T15:50:25.803+0000] {processor.py:183} INFO - Processing /home/airflow/.local/lib/python3.12/site-packages/airflow/example_dags/example_params_trigger_ui.py took 0.230 seconds
[2025-09-29T15:50:56.556+0000] {processor.py:161} INFO - Started process (PID=9317) to work on /home/airflow/.local/lib/python3.12/site-packages/airflow/example_dags/example_params_trigger_ui.py
[2025-09-29T15:50:56.559+0000] {processor.py:830} INFO - Processing file /home/airflow/.local/lib/python3.12/site-packages/airflow/example_dags/example_params_trigger_ui.py for tasks to queue
[2025-09-29T15:50:56.563+0000] {logging_mixin.py:188} INFO - [2025-09-29T15:50:56.562+0000] {dagbag.py:545} INFO - Filling up the DagBag from /home/airflow/.local/lib/python3.12/site-packages/airflow/example_dags/example_params_trigger_ui.py
[2025-09-29T15:50:56.584+0000] {processor.py:840} INFO - DAG(s) 'example_params_trigger_ui' retrieved from /home/airflow/.local/lib/python3.12/site-packages/airflow/example_dags/example_params_trigger_ui.py
[2025-09-29T15:50:56.692+0000] {logging_mixin.py:188} INFO - [2025-09-29T15:50:56.691+0000] {dag.py:3089} INFO - Sync 1 DAGs
[2025-09-29T15:50:56.722+0000] {logging_mixin.py:188} INFO - [2025-09-29T15:50:56.722+0000] {dag.py:3947} INFO - Setting next_dagrun for example_params_trigger_ui to None, run_after=None
[2025-09-29T15:50:56.770+0000] {processor.py:183} INFO - Processing /home/airflow/.local/lib/python3.12/site-packages/airflow/example_dags/example_params_trigger_ui.py took 0.228 seconds
[2025-09-29T15:51:27.499+0000] {processor.py:161} INFO - Started process (PID=9579) to work on /home/airflow/.local/lib/python3.12/site-packages/airflow/example_dags/example_params_trigger_ui.py
[2025-09-29T15:51:27.502+0000] {processor.py:830} INFO - Processing file /home/airflow/.local/lib/python3.12/site-packages/airflow/example_dags/example_params_trigger_ui.py for tasks to queue
[2025-09-29T15:51:27.506+0000] {logging_mixin.py:188} INFO - [2025-09-29T15:51:27.505+0000] {dagbag.py:545} INFO - Filling up the DagBag from /home/airflow/.local/lib/python3.12/site-packages/airflow/example_dags/example_params_trigger_ui.py
[2025-09-29T15:51:27.537+0000] {processor.py:840} INFO - DAG(s) 'example_params_trigger_ui' retrieved from /home/airflow/.local/lib/python3.12/site-packages/airflow/example_dags/example_params_trigger_ui.py
[2025-09-29T15:51:27.646+0000] {logging_mixin.py:188} INFO - [2025-09-29T15:51:27.645+0000] {dag.py:3089} INFO - Sync 1 DAGs
[2025-09-29T15:51:27.676+0000] {logging_mixin.py:188} INFO - [2025-09-29T15:51:27.676+0000] {dag.py:3947} INFO - Setting next_dagrun for example_params_trigger_ui to None, run_after=None
[2025-09-29T15:51:27.728+0000] {processor.py:183} INFO - Processing /home/airflow/.local/lib/python3.12/site-packages/airflow/example_dags/example_params_trigger_ui.py took 0.244 seconds
[2025-09-29T15:51:59.272+0000] {processor.py:161} INFO - Started process (PID=9843) to work on /home/airflow/.local/lib/python3.12/site-packages/airflow/example_dags/example_params_trigger_ui.py
[2025-09-29T15:51:59.275+0000] {processor.py:830} INFO - Processing file /home/airflow/.local/lib/python3.12/site-packages/airflow/example_dags/example_params_trigger_ui.py for tasks to queue
[2025-09-29T15:51:59.280+0000] {logging_mixin.py:188} INFO - [2025-09-29T15:51:59.279+0000] {dagbag.py:545} INFO - Filling up the DagBag from /home/airflow/.local/lib/python3.12/site-packages/airflow/example_dags/example_params_trigger_ui.py
[2025-09-29T15:51:59.303+0000] {processor.py:840} INFO - DAG(s) 'example_params_trigger_ui' retrieved from /home/airflow/.local/lib/python3.12/site-packages/airflow/example_dags/example_params_trigger_ui.py
[2025-09-29T15:51:59.413+0000] {logging_mixin.py:188} INFO - [2025-09-29T15:51:59.412+0000] {dag.py:3089} INFO - Sync 1 DAGs
[2025-09-29T15:51:59.443+0000] {logging_mixin.py:188} INFO - [2025-09-29T15:51:59.442+0000] {dag.py:3947} INFO - Setting next_dagrun for example_params_trigger_ui to None, run_after=None
[2025-09-29T15:51:59.494+0000] {processor.py:183} INFO - Processing /home/airflow/.local/lib/python3.12/site-packages/airflow/example_dags/example_params_trigger_ui.py took 0.237 seconds
[2025-09-29T15:52:29.788+0000] {processor.py:161} INFO - Started process (PID=10103) to work on /home/airflow/.local/lib/python3.12/site-packages/airflow/example_dags/example_params_trigger_ui.py
[2025-09-29T15:52:29.790+0000] {processor.py:830} INFO - Processing file /home/airflow/.local/lib/python3.12/site-packages/airflow/example_dags/example_params_trigger_ui.py for tasks to queue
[2025-09-29T15:52:29.795+0000] {logging_mixin.py:188} INFO - [2025-09-29T15:52:29.794+0000] {dagbag.py:545} INFO - Filling up the DagBag from /home/airflow/.local/lib/python3.12/site-packages/airflow/example_dags/example_params_trigger_ui.py
[2025-09-29T15:52:29.817+0000] {processor.py:840} INFO - DAG(s) 'example_params_trigger_ui' retrieved from /home/airflow/.local/lib/python3.12/site-packages/airflow/example_dags/example_params_trigger_ui.py
[2025-09-29T15:52:29.926+0000] {logging_mixin.py:188} INFO - [2025-09-29T15:52:29.926+0000] {dag.py:3089} INFO - Sync 1 DAGs
[2025-09-29T15:52:29.958+0000] {logging_mixin.py:188} INFO - [2025-09-29T15:52:29.958+0000] {dag.py:3947} INFO - Setting next_dagrun for example_params_trigger_ui to None, run_after=None
[2025-09-29T15:52:30.644+0000] {processor.py:183} INFO - Processing /home/airflow/.local/lib/python3.12/site-packages/airflow/example_dags/example_params_trigger_ui.py took 0.870 seconds
[2025-09-29T15:53:00.853+0000] {processor.py:161} INFO - Started process (PID=10375) to work on /home/airflow/.local/lib/python3.12/site-packages/airflow/example_dags/example_params_trigger_ui.py
[2025-09-29T15:53:00.856+0000] {processor.py:830} INFO - Processing file /home/airflow/.local/lib/python3.12/site-packages/airflow/example_dags/example_params_trigger_ui.py for tasks to queue
[2025-09-29T15:53:00.860+0000] {logging_mixin.py:188} INFO - [2025-09-29T15:53:00.859+0000] {dagbag.py:545} INFO - Filling up the DagBag from /home/airflow/.local/lib/python3.12/site-packages/airflow/example_dags/example_params_trigger_ui.py
[2025-09-29T15:53:00.881+0000] {processor.py:840} INFO - DAG(s) 'example_params_trigger_ui' retrieved from /home/airflow/.local/lib/python3.12/site-packages/airflow/example_dags/example_params_trigger_ui.py
[2025-09-29T15:53:00.989+0000] {logging_mixin.py:188} INFO - [2025-09-29T15:53:00.988+0000] {dag.py:3089} INFO - Sync 1 DAGs
[2025-09-29T15:53:01.018+0000] {logging_mixin.py:188} INFO - [2025-09-29T15:53:01.018+0000] {dag.py:3947} INFO - Setting next_dagrun for example_params_trigger_ui to None, run_after=None
[2025-09-29T15:53:01.068+0000] {processor.py:183} INFO - Processing /home/airflow/.local/lib/python3.12/site-packages/airflow/example_dags/example_params_trigger_ui.py took 0.229 seconds
[2025-09-29T15:53:31.332+0000] {processor.py:161} INFO - Started process (PID=10637) to work on /home/airflow/.local/lib/python3.12/site-packages/airflow/example_dags/example_params_trigger_ui.py
[2025-09-29T15:53:31.335+0000] {processor.py:830} INFO - Processing file /home/airflow/.local/lib/python3.12/site-packages/airflow/example_dags/example_params_trigger_ui.py for tasks to queue
[2025-09-29T15:53:31.340+0000] {logging_mixin.py:188} INFO - [2025-09-29T15:53:31.339+0000] {dagbag.py:545} INFO - Filling up the DagBag from /home/airflow/.local/lib/python3.12/site-packages/airflow/example_dags/example_params_trigger_ui.py
[2025-09-29T15:53:31.362+0000] {processor.py:840} INFO - DAG(s) 'example_params_trigger_ui' retrieved from /home/airflow/.local/lib/python3.12/site-packages/airflow/example_dags/example_params_trigger_ui.py
[2025-09-29T15:53:31.468+0000] {logging_mixin.py:188} INFO - [2025-09-29T15:53:31.468+0000] {dag.py:3089} INFO - Sync 1 DAGs
[2025-09-29T15:53:31.499+0000] {logging_mixin.py:188} INFO - [2025-09-29T15:53:31.499+0000] {dag.py:3947} INFO - Setting next_dagrun for example_params_trigger_ui to None, run_after=None
[2025-09-29T15:53:31.547+0000] {processor.py:183} INFO - Processing /home/airflow/.local/lib/python3.12/site-packages/airflow/example_dags/example_params_trigger_ui.py took 0.230 seconds
[2025-09-29T15:54:03.864+0000] {processor.py:161} INFO - Started process (PID=10889) to work on /home/airflow/.local/lib/python3.12/site-packages/airflow/example_dags/example_params_trigger_ui.py
[2025-09-29T15:54:03.867+0000] {processor.py:830} INFO - Processing file /home/airflow/.local/lib/python3.12/site-packages/airflow/example_dags/example_params_trigger_ui.py for tasks to queue
[2025-09-29T15:54:03.871+0000] {logging_mixin.py:188} INFO - [2025-09-29T15:54:03.870+0000] {dagbag.py:545} INFO - Filling up the DagBag from /home/airflow/.local/lib/python3.12/site-packages/airflow/example_dags/example_params_trigger_ui.py
[2025-09-29T15:54:04.232+0000] {processor.py:840} INFO - DAG(s) 'example_params_trigger_ui' retrieved from /home/airflow/.local/lib/python3.12/site-packages/airflow/example_dags/example_params_trigger_ui.py
[2025-09-29T15:54:04.350+0000] {logging_mixin.py:188} INFO - [2025-09-29T15:54:04.349+0000] {dag.py:3089} INFO - Sync 1 DAGs
[2025-09-29T15:54:04.374+0000] {logging_mixin.py:188} INFO - [2025-09-29T15:54:04.374+0000] {dag.py:3947} INFO - Setting next_dagrun for example_params_trigger_ui to None, run_after=None
[2025-09-29T15:54:04.421+0000] {processor.py:183} INFO - Processing /home/airflow/.local/lib/python3.12/site-packages/airflow/example_dags/example_params_trigger_ui.py took 0.572 seconds
[2025-09-29T15:54:34.782+0000] {processor.py:161} INFO - Started process (PID=11153) to work on /home/airflow/.local/lib/python3.12/site-packages/airflow/example_dags/example_params_trigger_ui.py
[2025-09-29T15:54:34.786+0000] {processor.py:830} INFO - Processing file /home/airflow/.local/lib/python3.12/site-packages/airflow/example_dags/example_params_trigger_ui.py for tasks to queue
[2025-09-29T15:54:34.790+0000] {logging_mixin.py:188} INFO - [2025-09-29T15:54:34.789+0000] {dagbag.py:545} INFO - Filling up the DagBag from /home/airflow/.local/lib/python3.12/site-packages/airflow/example_dags/example_params_trigger_ui.py
[2025-09-29T15:54:34.812+0000] {processor.py:840} INFO - DAG(s) 'example_params_trigger_ui' retrieved from /home/airflow/.local/lib/python3.12/site-packages/airflow/example_dags/example_params_trigger_ui.py
[2025-09-29T15:54:34.923+0000] {logging_mixin.py:188} INFO - [2025-09-29T15:54:34.922+0000] {dag.py:3089} INFO - Sync 1 DAGs
[2025-09-29T15:54:34.952+0000] {logging_mixin.py:188} INFO - [2025-09-29T15:54:34.952+0000] {dag.py:3947} INFO - Setting next_dagrun for example_params_trigger_ui to None, run_after=None
[2025-09-29T15:54:34.999+0000] {processor.py:183} INFO - Processing /home/airflow/.local/lib/python3.12/site-packages/airflow/example_dags/example_params_trigger_ui.py took 0.231 seconds
[2025-09-29T15:55:05.200+0000] {processor.py:161} INFO - Started process (PID=11413) to work on /home/airflow/.local/lib/python3.12/site-packages/airflow/example_dags/example_params_trigger_ui.py
[2025-09-29T15:55:05.203+0000] {processor.py:830} INFO - Processing file /home/airflow/.local/lib/python3.12/site-packages/airflow/example_dags/example_params_trigger_ui.py for tasks to queue
[2025-09-29T15:55:05.207+0000] {logging_mixin.py:188} INFO - [2025-09-29T15:55:05.206+0000] {dagbag.py:545} INFO - Filling up the DagBag from /home/airflow/.local/lib/python3.12/site-packages/airflow/example_dags/example_params_trigger_ui.py
[2025-09-29T15:55:05.228+0000] {processor.py:840} INFO - DAG(s) 'example_params_trigger_ui' retrieved from /home/airflow/.local/lib/python3.12/site-packages/airflow/example_dags/example_params_trigger_ui.py
[2025-09-29T15:55:05.338+0000] {logging_mixin.py:188} INFO - [2025-09-29T15:55:05.337+0000] {dag.py:3089} INFO - Sync 1 DAGs
[2025-09-29T15:55:05.372+0000] {logging_mixin.py:188} INFO - [2025-09-29T15:55:05.372+0000] {dag.py:3947} INFO - Setting next_dagrun for example_params_trigger_ui to None, run_after=None
[2025-09-29T15:55:05.427+0000] {processor.py:183} INFO - Processing /home/airflow/.local/lib/python3.12/site-packages/airflow/example_dags/example_params_trigger_ui.py took 0.242 seconds
[2025-09-29T15:55:35.649+0000] {processor.py:161} INFO - Started process (PID=11671) to work on /home/airflow/.local/lib/python3.12/site-packages/airflow/example_dags/example_params_trigger_ui.py
[2025-09-29T15:55:35.653+0000] {processor.py:830} INFO - Processing file /home/airflow/.local/lib/python3.12/site-packages/airflow/example_dags/example_params_trigger_ui.py for tasks to queue
[2025-09-29T15:55:35.657+0000] {logging_mixin.py:188} INFO - [2025-09-29T15:55:35.656+0000] {dagbag.py:545} INFO - Filling up the DagBag from /home/airflow/.local/lib/python3.12/site-packages/airflow/example_dags/example_params_trigger_ui.py
[2025-09-29T15:55:35.685+0000] {processor.py:840} INFO - DAG(s) 'example_params_trigger_ui' retrieved from /home/airflow/.local/lib/python3.12/site-packages/airflow/example_dags/example_params_trigger_ui.py
[2025-09-29T15:55:35.793+0000] {logging_mixin.py:188} INFO - [2025-09-29T15:55:35.792+0000] {dag.py:3089} INFO - Sync 1 DAGs
[2025-09-29T15:55:35.823+0000] {logging_mixin.py:188} INFO - [2025-09-29T15:55:35.822+0000] {dag.py:3947} INFO - Setting next_dagrun for example_params_trigger_ui to None, run_after=None
[2025-09-29T15:55:35.877+0000] {processor.py:183} INFO - Processing /home/airflow/.local/lib/python3.12/site-packages/airflow/example_dags/example_params_trigger_ui.py took 0.249 seconds
[2025-09-29T15:56:06.011+0000] {processor.py:161} INFO - Started process (PID=11933) to work on /home/airflow/.local/lib/python3.12/site-packages/airflow/example_dags/example_params_trigger_ui.py
[2025-09-29T15:56:06.014+0000] {processor.py:830} INFO - Processing file /home/airflow/.local/lib/python3.12/site-packages/airflow/example_dags/example_params_trigger_ui.py for tasks to queue
[2025-09-29T15:56:06.018+0000] {logging_mixin.py:188} INFO - [2025-09-29T15:56:06.017+0000] {dagbag.py:545} INFO - Filling up the DagBag from /home/airflow/.local/lib/python3.12/site-packages/airflow/example_dags/example_params_trigger_ui.py
[2025-09-29T15:56:06.040+0000] {processor.py:840} INFO - DAG(s) 'example_params_trigger_ui' retrieved from /home/airflow/.local/lib/python3.12/site-packages/airflow/example_dags/example_params_trigger_ui.py
[2025-09-29T15:56:06.151+0000] {logging_mixin.py:188} INFO - [2025-09-29T15:56:06.151+0000] {dag.py:3089} INFO - Sync 1 DAGs
[2025-09-29T15:56:06.180+0000] {logging_mixin.py:188} INFO - [2025-09-29T15:56:06.179+0000] {dag.py:3947} INFO - Setting next_dagrun for example_params_trigger_ui to None, run_after=None
[2025-09-29T15:56:06.227+0000] {processor.py:183} INFO - Processing /home/airflow/.local/lib/python3.12/site-packages/airflow/example_dags/example_params_trigger_ui.py took 0.232 seconds
[2025-09-29T15:56:36.800+0000] {processor.py:161} INFO - Started process (PID=12195) to work on /home/airflow/.local/lib/python3.12/site-packages/airflow/example_dags/example_params_trigger_ui.py
[2025-09-29T15:56:36.803+0000] {processor.py:830} INFO - Processing file /home/airflow/.local/lib/python3.12/site-packages/airflow/example_dags/example_params_trigger_ui.py for tasks to queue
[2025-09-29T15:56:36.808+0000] {logging_mixin.py:188} INFO - [2025-09-29T15:56:36.807+0000] {dagbag.py:545} INFO - Filling up the DagBag from /home/airflow/.local/lib/python3.12/site-packages/airflow/example_dags/example_params_trigger_ui.py
[2025-09-29T15:56:36.829+0000] {processor.py:840} INFO - DAG(s) 'example_params_trigger_ui' retrieved from /home/airflow/.local/lib/python3.12/site-packages/airflow/example_dags/example_params_trigger_ui.py
[2025-09-29T15:56:36.941+0000] {logging_mixin.py:188} INFO - [2025-09-29T15:56:36.940+0000] {dag.py:3089} INFO - Sync 1 DAGs
[2025-09-29T15:56:36.976+0000] {logging_mixin.py:188} INFO - [2025-09-29T15:56:36.976+0000] {dag.py:3947} INFO - Setting next_dagrun for example_params_trigger_ui to None, run_after=None
[2025-09-29T15:56:37.032+0000] {processor.py:183} INFO - Processing /home/airflow/.local/lib/python3.12/site-packages/airflow/example_dags/example_params_trigger_ui.py took 0.246 seconds
[2025-09-29T15:57:07.694+0000] {processor.py:161} INFO - Started process (PID=12452) to work on /home/airflow/.local/lib/python3.12/site-packages/airflow/example_dags/example_params_trigger_ui.py
[2025-09-29T15:57:07.696+0000] {processor.py:830} INFO - Processing file /home/airflow/.local/lib/python3.12/site-packages/airflow/example_dags/example_params_trigger_ui.py for tasks to queue
[2025-09-29T15:57:07.702+0000] {logging_mixin.py:188} INFO - [2025-09-29T15:57:07.701+0000] {dagbag.py:545} INFO - Filling up the DagBag from /home/airflow/.local/lib/python3.12/site-packages/airflow/example_dags/example_params_trigger_ui.py
[2025-09-29T15:57:07.723+0000] {processor.py:840} INFO - DAG(s) 'example_params_trigger_ui' retrieved from /home/airflow/.local/lib/python3.12/site-packages/airflow/example_dags/example_params_trigger_ui.py
[2025-09-29T15:57:07.829+0000] {logging_mixin.py:188} INFO - [2025-09-29T15:57:07.828+0000] {dag.py:3089} INFO - Sync 1 DAGs
[2025-09-29T15:57:07.856+0000] {logging_mixin.py:188} INFO - [2025-09-29T15:57:07.856+0000] {dag.py:3947} INFO - Setting next_dagrun for example_params_trigger_ui to None, run_after=None
[2025-09-29T15:57:07.904+0000] {processor.py:183} INFO - Processing /home/airflow/.local/lib/python3.12/site-packages/airflow/example_dags/example_params_trigger_ui.py took 0.225 seconds
[2025-09-29T15:57:38.045+0000] {processor.py:161} INFO - Started process (PID=12714) to work on /home/airflow/.local/lib/python3.12/site-packages/airflow/example_dags/example_params_trigger_ui.py
[2025-09-29T15:57:38.048+0000] {processor.py:830} INFO - Processing file /home/airflow/.local/lib/python3.12/site-packages/airflow/example_dags/example_params_trigger_ui.py for tasks to queue
[2025-09-29T15:57:38.053+0000] {logging_mixin.py:188} INFO - [2025-09-29T15:57:38.052+0000] {dagbag.py:545} INFO - Filling up the DagBag from /home/airflow/.local/lib/python3.12/site-packages/airflow/example_dags/example_params_trigger_ui.py
[2025-09-29T15:57:38.083+0000] {processor.py:840} INFO - DAG(s) 'example_params_trigger_ui' retrieved from /home/airflow/.local/lib/python3.12/site-packages/airflow/example_dags/example_params_trigger_ui.py
[2025-09-29T15:57:38.193+0000] {logging_mixin.py:188} INFO - [2025-09-29T15:57:38.192+0000] {dag.py:3089} INFO - Sync 1 DAGs
[2025-09-29T15:57:38.223+0000] {logging_mixin.py:188} INFO - [2025-09-29T15:57:38.223+0000] {dag.py:3947} INFO - Setting next_dagrun for example_params_trigger_ui to None, run_after=None
[2025-09-29T15:57:38.274+0000] {processor.py:183} INFO - Processing /home/airflow/.local/lib/python3.12/site-packages/airflow/example_dags/example_params_trigger_ui.py took 0.251 seconds
[2025-09-29T15:58:08.684+0000] {processor.py:161} INFO - Started process (PID=12976) to work on /home/airflow/.local/lib/python3.12/site-packages/airflow/example_dags/example_params_trigger_ui.py
[2025-09-29T15:58:08.687+0000] {processor.py:830} INFO - Processing file /home/airflow/.local/lib/python3.12/site-packages/airflow/example_dags/example_params_trigger_ui.py for tasks to queue
[2025-09-29T15:58:08.692+0000] {logging_mixin.py:188} INFO - [2025-09-29T15:58:08.691+0000] {dagbag.py:545} INFO - Filling up the DagBag from /home/airflow/.local/lib/python3.12/site-packages/airflow/example_dags/example_params_trigger_ui.py
[2025-09-29T15:58:08.714+0000] {processor.py:840} INFO - DAG(s) 'example_params_trigger_ui' retrieved from /home/airflow/.local/lib/python3.12/site-packages/airflow/example_dags/example_params_trigger_ui.py
[2025-09-29T15:58:08.825+0000] {logging_mixin.py:188} INFO - [2025-09-29T15:58:08.824+0000] {dag.py:3089} INFO - Sync 1 DAGs
[2025-09-29T15:58:08.855+0000] {logging_mixin.py:188} INFO - [2025-09-29T15:58:08.854+0000] {dag.py:3947} INFO - Setting next_dagrun for example_params_trigger_ui to None, run_after=None
[2025-09-29T15:58:08.906+0000] {processor.py:183} INFO - Processing /home/airflow/.local/lib/python3.12/site-packages/airflow/example_dags/example_params_trigger_ui.py took 0.237 seconds
[2025-09-29T15:58:39.012+0000] {processor.py:161} INFO - Started process (PID=13238) to work on /home/airflow/.local/lib/python3.12/site-packages/airflow/example_dags/example_params_trigger_ui.py
[2025-09-29T15:58:39.014+0000] {processor.py:830} INFO - Processing file /home/airflow/.local/lib/python3.12/site-packages/airflow/example_dags/example_params_trigger_ui.py for tasks to queue
[2025-09-29T15:58:39.019+0000] {logging_mixin.py:188} INFO - [2025-09-29T15:58:39.018+0000] {dagbag.py:545} INFO - Filling up the DagBag from /home/airflow/.local/lib/python3.12/site-packages/airflow/example_dags/example_params_trigger_ui.py
[2025-09-29T15:58:39.044+0000] {processor.py:840} INFO - DAG(s) 'example_params_trigger_ui' retrieved from /home/airflow/.local/lib/python3.12/site-packages/airflow/example_dags/example_params_trigger_ui.py
[2025-09-29T15:58:39.205+0000] {logging_mixin.py:188} INFO - [2025-09-29T15:58:39.205+0000] {dag.py:3089} INFO - Sync 1 DAGs
[2025-09-29T15:58:39.245+0000] {logging_mixin.py:188} INFO - [2025-09-29T15:58:39.244+0000] {dag.py:3947} INFO - Setting next_dagrun for example_params_trigger_ui to None, run_after=None
[2025-09-29T15:58:39.292+0000] {processor.py:183} INFO - Processing /home/airflow/.local/lib/python3.12/site-packages/airflow/example_dags/example_params_trigger_ui.py took 0.295 seconds
[2025-09-29T15:59:09.634+0000] {processor.py:161} INFO - Started process (PID=13500) to work on /home/airflow/.local/lib/python3.12/site-packages/airflow/example_dags/example_params_trigger_ui.py
[2025-09-29T15:59:09.636+0000] {processor.py:830} INFO - Processing file /home/airflow/.local/lib/python3.12/site-packages/airflow/example_dags/example_params_trigger_ui.py for tasks to queue
[2025-09-29T15:59:09.641+0000] {logging_mixin.py:188} INFO - [2025-09-29T15:59:09.640+0000] {dagbag.py:545} INFO - Filling up the DagBag from /home/airflow/.local/lib/python3.12/site-packages/airflow/example_dags/example_params_trigger_ui.py
[2025-09-29T15:59:09.666+0000] {processor.py:840} INFO - DAG(s) 'example_params_trigger_ui' retrieved from /home/airflow/.local/lib/python3.12/site-packages/airflow/example_dags/example_params_trigger_ui.py
[2025-09-29T15:59:09.775+0000] {logging_mixin.py:188} INFO - [2025-09-29T15:59:09.774+0000] {dag.py:3089} INFO - Sync 1 DAGs
[2025-09-29T15:59:09.830+0000] {logging_mixin.py:188} INFO - [2025-09-29T15:59:09.830+0000] {dag.py:3947} INFO - Setting next_dagrun for example_params_trigger_ui to None, run_after=None
[2025-09-29T15:59:09.880+0000] {processor.py:183} INFO - Processing /home/airflow/.local/lib/python3.12/site-packages/airflow/example_dags/example_params_trigger_ui.py took 0.261 seconds
[2025-09-29T15:59:39.966+0000] {processor.py:161} INFO - Started process (PID=13762) to work on /home/airflow/.local/lib/python3.12/site-packages/airflow/example_dags/example_params_trigger_ui.py
[2025-09-29T15:59:39.970+0000] {processor.py:830} INFO - Processing file /home/airflow/.local/lib/python3.12/site-packages/airflow/example_dags/example_params_trigger_ui.py for tasks to queue
[2025-09-29T15:59:39.974+0000] {logging_mixin.py:188} INFO - [2025-09-29T15:59:39.973+0000] {dagbag.py:545} INFO - Filling up the DagBag from /home/airflow/.local/lib/python3.12/site-packages/airflow/example_dags/example_params_trigger_ui.py
[2025-09-29T15:59:39.995+0000] {processor.py:840} INFO - DAG(s) 'example_params_trigger_ui' retrieved from /home/airflow/.local/lib/python3.12/site-packages/airflow/example_dags/example_params_trigger_ui.py
[2025-09-29T15:59:40.101+0000] {logging_mixin.py:188} INFO - [2025-09-29T15:59:40.100+0000] {dag.py:3089} INFO - Sync 1 DAGs
[2025-09-29T15:59:40.130+0000] {logging_mixin.py:188} INFO - [2025-09-29T15:59:40.130+0000] {dag.py:3947} INFO - Setting next_dagrun for example_params_trigger_ui to None, run_after=None
[2025-09-29T15:59:40.176+0000] {processor.py:183} INFO - Processing /home/airflow/.local/lib/python3.12/site-packages/airflow/example_dags/example_params_trigger_ui.py took 0.225 seconds
[2025-09-29T16:00:10.313+0000] {processor.py:161} INFO - Started process (PID=14024) to work on /home/airflow/.local/lib/python3.12/site-packages/airflow/example_dags/example_params_trigger_ui.py
[2025-09-29T16:00:10.316+0000] {processor.py:830} INFO - Processing file /home/airflow/.local/lib/python3.12/site-packages/airflow/example_dags/example_params_trigger_ui.py for tasks to queue
[2025-09-29T16:00:10.320+0000] {logging_mixin.py:188} INFO - [2025-09-29T16:00:10.319+0000] {dagbag.py:545} INFO - Filling up the DagBag from /home/airflow/.local/lib/python3.12/site-packages/airflow/example_dags/example_params_trigger_ui.py
[2025-09-29T16:00:10.340+0000] {processor.py:840} INFO - DAG(s) 'example_params_trigger_ui' retrieved from /home/airflow/.local/lib/python3.12/site-packages/airflow/example_dags/example_params_trigger_ui.py
[2025-09-29T16:00:10.445+0000] {logging_mixin.py:188} INFO - [2025-09-29T16:00:10.445+0000] {dag.py:3089} INFO - Sync 1 DAGs
[2025-09-29T16:00:10.474+0000] {logging_mixin.py:188} INFO - [2025-09-29T16:00:10.473+0000] {dag.py:3947} INFO - Setting next_dagrun for example_params_trigger_ui to None, run_after=None
[2025-09-29T16:00:10.520+0000] {processor.py:183} INFO - Processing /home/airflow/.local/lib/python3.12/site-packages/airflow/example_dags/example_params_trigger_ui.py took 0.220 seconds
[2025-09-29T16:00:40.838+0000] {processor.py:161} INFO - Started process (PID=14286) to work on /home/airflow/.local/lib/python3.12/site-packages/airflow/example_dags/example_params_trigger_ui.py
[2025-09-29T16:00:40.841+0000] {processor.py:830} INFO - Processing file /home/airflow/.local/lib/python3.12/site-packages/airflow/example_dags/example_params_trigger_ui.py for tasks to queue
[2025-09-29T16:00:40.845+0000] {logging_mixin.py:188} INFO - [2025-09-29T16:00:40.844+0000] {dagbag.py:545} INFO - Filling up the DagBag from /home/airflow/.local/lib/python3.12/site-packages/airflow/example_dags/example_params_trigger_ui.py
[2025-09-29T16:00:40.869+0000] {processor.py:840} INFO - DAG(s) 'example_params_trigger_ui' retrieved from /home/airflow/.local/lib/python3.12/site-packages/airflow/example_dags/example_params_trigger_ui.py
[2025-09-29T16:00:40.982+0000] {logging_mixin.py:188} INFO - [2025-09-29T16:00:40.981+0000] {dag.py:3089} INFO - Sync 1 DAGs
[2025-09-29T16:00:41.009+0000] {logging_mixin.py:188} INFO - [2025-09-29T16:00:41.009+0000] {dag.py:3947} INFO - Setting next_dagrun for example_params_trigger_ui to None, run_after=None
[2025-09-29T16:00:41.058+0000] {processor.py:183} INFO - Processing /home/airflow/.local/lib/python3.12/site-packages/airflow/example_dags/example_params_trigger_ui.py took 0.234 seconds
[2025-09-29T16:01:11.376+0000] {processor.py:161} INFO - Started process (PID=14546) to work on /home/airflow/.local/lib/python3.12/site-packages/airflow/example_dags/example_params_trigger_ui.py
[2025-09-29T16:01:11.379+0000] {processor.py:830} INFO - Processing file /home/airflow/.local/lib/python3.12/site-packages/airflow/example_dags/example_params_trigger_ui.py for tasks to queue
[2025-09-29T16:01:11.383+0000] {logging_mixin.py:188} INFO - [2025-09-29T16:01:11.382+0000] {dagbag.py:545} INFO - Filling up the DagBag from /home/airflow/.local/lib/python3.12/site-packages/airflow/example_dags/example_params_trigger_ui.py
[2025-09-29T16:01:11.405+0000] {processor.py:840} INFO - DAG(s) 'example_params_trigger_ui' retrieved from /home/airflow/.local/lib/python3.12/site-packages/airflow/example_dags/example_params_trigger_ui.py
[2025-09-29T16:01:11.513+0000] {logging_mixin.py:188} INFO - [2025-09-29T16:01:11.513+0000] {dag.py:3089} INFO - Sync 1 DAGs
[2025-09-29T16:01:11.543+0000] {logging_mixin.py:188} INFO - [2025-09-29T16:01:11.542+0000] {dag.py:3947} INFO - Setting next_dagrun for example_params_trigger_ui to None, run_after=None
[2025-09-29T16:01:11.594+0000] {processor.py:183} INFO - Processing /home/airflow/.local/lib/python3.12/site-packages/airflow/example_dags/example_params_trigger_ui.py took 0.233 seconds
[2025-09-29T16:01:42.343+0000] {processor.py:161} INFO - Started process (PID=14802) to work on /home/airflow/.local/lib/python3.12/site-packages/airflow/example_dags/example_params_trigger_ui.py
[2025-09-29T16:01:42.346+0000] {processor.py:830} INFO - Processing file /home/airflow/.local/lib/python3.12/site-packages/airflow/example_dags/example_params_trigger_ui.py for tasks to queue
[2025-09-29T16:01:42.350+0000] {logging_mixin.py:188} INFO - [2025-09-29T16:01:42.350+0000] {dagbag.py:545} INFO - Filling up the DagBag from /home/airflow/.local/lib/python3.12/site-packages/airflow/example_dags/example_params_trigger_ui.py
[2025-09-29T16:01:42.375+0000] {processor.py:840} INFO - DAG(s) 'example_params_trigger_ui' retrieved from /home/airflow/.local/lib/python3.12/site-packages/airflow/example_dags/example_params_trigger_ui.py
[2025-09-29T16:01:42.490+0000] {logging_mixin.py:188} INFO - [2025-09-29T16:01:42.490+0000] {dag.py:3089} INFO - Sync 1 DAGs
[2025-09-29T16:01:42.523+0000] {logging_mixin.py:188} INFO - [2025-09-29T16:01:42.523+0000] {dag.py:3947} INFO - Setting next_dagrun for example_params_trigger_ui to None, run_after=None
[2025-09-29T16:01:42.572+0000] {processor.py:183} INFO - Processing /home/airflow/.local/lib/python3.12/site-packages/airflow/example_dags/example_params_trigger_ui.py took 0.248 seconds
[2025-09-29T16:02:13.086+0000] {processor.py:161} INFO - Started process (PID=15064) to work on /home/airflow/.local/lib/python3.12/site-packages/airflow/example_dags/example_params_trigger_ui.py
[2025-09-29T16:02:13.089+0000] {processor.py:830} INFO - Processing file /home/airflow/.local/lib/python3.12/site-packages/airflow/example_dags/example_params_trigger_ui.py for tasks to queue
[2025-09-29T16:02:13.094+0000] {logging_mixin.py:188} INFO - [2025-09-29T16:02:13.093+0000] {dagbag.py:545} INFO - Filling up the DagBag from /home/airflow/.local/lib/python3.12/site-packages/airflow/example_dags/example_params_trigger_ui.py
[2025-09-29T16:02:13.115+0000] {processor.py:840} INFO - DAG(s) 'example_params_trigger_ui' retrieved from /home/airflow/.local/lib/python3.12/site-packages/airflow/example_dags/example_params_trigger_ui.py
[2025-09-29T16:02:13.223+0000] {logging_mixin.py:188} INFO - [2025-09-29T16:02:13.222+0000] {dag.py:3089} INFO - Sync 1 DAGs
[2025-09-29T16:02:13.254+0000] {logging_mixin.py:188} INFO - [2025-09-29T16:02:13.253+0000] {dag.py:3947} INFO - Setting next_dagrun for example_params_trigger_ui to None, run_after=None
[2025-09-29T16:02:13.335+0000] {processor.py:183} INFO - Processing /home/airflow/.local/lib/python3.12/site-packages/airflow/example_dags/example_params_trigger_ui.py took 0.264 seconds
[2025-09-29T16:02:44.183+0000] {processor.py:161} INFO - Started process (PID=15326) to work on /home/airflow/.local/lib/python3.12/site-packages/airflow/example_dags/example_params_trigger_ui.py
[2025-09-29T16:02:44.185+0000] {processor.py:830} INFO - Processing file /home/airflow/.local/lib/python3.12/site-packages/airflow/example_dags/example_params_trigger_ui.py for tasks to queue
[2025-09-29T16:02:44.189+0000] {logging_mixin.py:188} INFO - [2025-09-29T16:02:44.189+0000] {dagbag.py:545} INFO - Filling up the DagBag from /home/airflow/.local/lib/python3.12/site-packages/airflow/example_dags/example_params_trigger_ui.py
[2025-09-29T16:02:44.214+0000] {processor.py:840} INFO - DAG(s) 'example_params_trigger_ui' retrieved from /home/airflow/.local/lib/python3.12/site-packages/airflow/example_dags/example_params_trigger_ui.py
[2025-09-29T16:02:44.322+0000] {logging_mixin.py:188} INFO - [2025-09-29T16:02:44.322+0000] {dag.py:3089} INFO - Sync 1 DAGs
[2025-09-29T16:02:44.352+0000] {logging_mixin.py:188} INFO - [2025-09-29T16:02:44.351+0000] {dag.py:3947} INFO - Setting next_dagrun for example_params_trigger_ui to None, run_after=None
[2025-09-29T16:02:44.401+0000] {processor.py:183} INFO - Processing /home/airflow/.local/lib/python3.12/site-packages/airflow/example_dags/example_params_trigger_ui.py took 0.234 seconds
[2025-09-29T16:03:15.257+0000] {processor.py:161} INFO - Started process (PID=15588) to work on /home/airflow/.local/lib/python3.12/site-packages/airflow/example_dags/example_params_trigger_ui.py
[2025-09-29T16:03:15.259+0000] {processor.py:830} INFO - Processing file /home/airflow/.local/lib/python3.12/site-packages/airflow/example_dags/example_params_trigger_ui.py for tasks to queue
[2025-09-29T16:03:15.263+0000] {logging_mixin.py:188} INFO - [2025-09-29T16:03:15.262+0000] {dagbag.py:545} INFO - Filling up the DagBag from /home/airflow/.local/lib/python3.12/site-packages/airflow/example_dags/example_params_trigger_ui.py
[2025-09-29T16:03:15.283+0000] {processor.py:840} INFO - DAG(s) 'example_params_trigger_ui' retrieved from /home/airflow/.local/lib/python3.12/site-packages/airflow/example_dags/example_params_trigger_ui.py
[2025-09-29T16:03:15.393+0000] {logging_mixin.py:188} INFO - [2025-09-29T16:03:15.392+0000] {dag.py:3089} INFO - Sync 1 DAGs
[2025-09-29T16:03:15.424+0000] {logging_mixin.py:188} INFO - [2025-09-29T16:03:15.424+0000] {dag.py:3947} INFO - Setting next_dagrun for example_params_trigger_ui to None, run_after=None
[2025-09-29T16:03:15.473+0000] {processor.py:183} INFO - Processing /home/airflow/.local/lib/python3.12/site-packages/airflow/example_dags/example_params_trigger_ui.py took 0.233 seconds
[2025-09-29T16:03:46.035+0000] {processor.py:161} INFO - Started process (PID=15850) to work on /home/airflow/.local/lib/python3.12/site-packages/airflow/example_dags/example_params_trigger_ui.py
[2025-09-29T16:03:46.037+0000] {processor.py:830} INFO - Processing file /home/airflow/.local/lib/python3.12/site-packages/airflow/example_dags/example_params_trigger_ui.py for tasks to queue
[2025-09-29T16:03:46.042+0000] {logging_mixin.py:188} INFO - [2025-09-29T16:03:46.041+0000] {dagbag.py:545} INFO - Filling up the DagBag from /home/airflow/.local/lib/python3.12/site-packages/airflow/example_dags/example_params_trigger_ui.py
[2025-09-29T16:03:46.063+0000] {processor.py:840} INFO - DAG(s) 'example_params_trigger_ui' retrieved from /home/airflow/.local/lib/python3.12/site-packages/airflow/example_dags/example_params_trigger_ui.py
[2025-09-29T16:03:46.167+0000] {logging_mixin.py:188} INFO - [2025-09-29T16:03:46.166+0000] {dag.py:3089} INFO - Sync 1 DAGs
[2025-09-29T16:03:46.197+0000] {logging_mixin.py:188} INFO - [2025-09-29T16:03:46.196+0000] {dag.py:3947} INFO - Setting next_dagrun for example_params_trigger_ui to None, run_after=None
[2025-09-29T16:03:46.249+0000] {processor.py:183} INFO - Processing /home/airflow/.local/lib/python3.12/site-packages/airflow/example_dags/example_params_trigger_ui.py took 0.231 seconds
[2025-09-29T16:04:16.359+0000] {processor.py:161} INFO - Started process (PID=16112) to work on /home/airflow/.local/lib/python3.12/site-packages/airflow/example_dags/example_params_trigger_ui.py
[2025-09-29T16:04:16.360+0000] {processor.py:830} INFO - Processing file /home/airflow/.local/lib/python3.12/site-packages/airflow/example_dags/example_params_trigger_ui.py for tasks to queue
[2025-09-29T16:04:16.364+0000] {logging_mixin.py:188} INFO - [2025-09-29T16:04:16.364+0000] {dagbag.py:545} INFO - Filling up the DagBag from /home/airflow/.local/lib/python3.12/site-packages/airflow/example_dags/example_params_trigger_ui.py
[2025-09-29T16:04:16.385+0000] {processor.py:840} INFO - DAG(s) 'example_params_trigger_ui' retrieved from /home/airflow/.local/lib/python3.12/site-packages/airflow/example_dags/example_params_trigger_ui.py
[2025-09-29T16:04:16.492+0000] {logging_mixin.py:188} INFO - [2025-09-29T16:04:16.491+0000] {dag.py:3089} INFO - Sync 1 DAGs
[2025-09-29T16:04:16.523+0000] {logging_mixin.py:188} INFO - [2025-09-29T16:04:16.522+0000] {dag.py:3947} INFO - Setting next_dagrun for example_params_trigger_ui to None, run_after=None
[2025-09-29T16:04:16.579+0000] {processor.py:183} INFO - Processing /home/airflow/.local/lib/python3.12/site-packages/airflow/example_dags/example_params_trigger_ui.py took 0.235 seconds
[2025-09-29T16:04:47.105+0000] {processor.py:161} INFO - Started process (PID=16374) to work on /home/airflow/.local/lib/python3.12/site-packages/airflow/example_dags/example_params_trigger_ui.py
[2025-09-29T16:04:47.109+0000] {processor.py:830} INFO - Processing file /home/airflow/.local/lib/python3.12/site-packages/airflow/example_dags/example_params_trigger_ui.py for tasks to queue
[2025-09-29T16:04:47.113+0000] {logging_mixin.py:188} INFO - [2025-09-29T16:04:47.112+0000] {dagbag.py:545} INFO - Filling up the DagBag from /home/airflow/.local/lib/python3.12/site-packages/airflow/example_dags/example_params_trigger_ui.py
[2025-09-29T16:04:47.134+0000] {processor.py:840} INFO - DAG(s) 'example_params_trigger_ui' retrieved from /home/airflow/.local/lib/python3.12/site-packages/airflow/example_dags/example_params_trigger_ui.py
[2025-09-29T16:04:47.240+0000] {logging_mixin.py:188} INFO - [2025-09-29T16:04:47.240+0000] {dag.py:3089} INFO - Sync 1 DAGs
[2025-09-29T16:04:47.268+0000] {logging_mixin.py:188} INFO - [2025-09-29T16:04:47.268+0000] {dag.py:3947} INFO - Setting next_dagrun for example_params_trigger_ui to None, run_after=None
[2025-09-29T16:04:47.318+0000] {processor.py:183} INFO - Processing /home/airflow/.local/lib/python3.12/site-packages/airflow/example_dags/example_params_trigger_ui.py took 0.227 seconds
[2025-09-29T16:05:17.676+0000] {processor.py:161} INFO - Started process (PID=16636) to work on /home/airflow/.local/lib/python3.12/site-packages/airflow/example_dags/example_params_trigger_ui.py
[2025-09-29T16:05:17.679+0000] {processor.py:830} INFO - Processing file /home/airflow/.local/lib/python3.12/site-packages/airflow/example_dags/example_params_trigger_ui.py for tasks to queue
[2025-09-29T16:05:17.683+0000] {logging_mixin.py:188} INFO - [2025-09-29T16:05:17.682+0000] {dagbag.py:545} INFO - Filling up the DagBag from /home/airflow/.local/lib/python3.12/site-packages/airflow/example_dags/example_params_trigger_ui.py
[2025-09-29T16:05:17.705+0000] {processor.py:840} INFO - DAG(s) 'example_params_trigger_ui' retrieved from /home/airflow/.local/lib/python3.12/site-packages/airflow/example_dags/example_params_trigger_ui.py
[2025-09-29T16:05:17.815+0000] {logging_mixin.py:188} INFO - [2025-09-29T16:05:17.815+0000] {dag.py:3089} INFO - Sync 1 DAGs
[2025-09-29T16:05:17.848+0000] {logging_mixin.py:188} INFO - [2025-09-29T16:05:17.848+0000] {dag.py:3947} INFO - Setting next_dagrun for example_params_trigger_ui to None, run_after=None
[2025-09-29T16:05:17.901+0000] {processor.py:183} INFO - Processing /home/airflow/.local/lib/python3.12/site-packages/airflow/example_dags/example_params_trigger_ui.py took 0.241 seconds
[2025-09-29T16:05:48.635+0000] {processor.py:161} INFO - Started process (PID=16898) to work on /home/airflow/.local/lib/python3.12/site-packages/airflow/example_dags/example_params_trigger_ui.py
[2025-09-29T16:05:48.637+0000] {processor.py:830} INFO - Processing file /home/airflow/.local/lib/python3.12/site-packages/airflow/example_dags/example_params_trigger_ui.py for tasks to queue
[2025-09-29T16:05:48.641+0000] {logging_mixin.py:188} INFO - [2025-09-29T16:05:48.641+0000] {dagbag.py:545} INFO - Filling up the DagBag from /home/airflow/.local/lib/python3.12/site-packages/airflow/example_dags/example_params_trigger_ui.py
[2025-09-29T16:05:48.663+0000] {processor.py:840} INFO - DAG(s) 'example_params_trigger_ui' retrieved from /home/airflow/.local/lib/python3.12/site-packages/airflow/example_dags/example_params_trigger_ui.py
[2025-09-29T16:05:48.772+0000] {logging_mixin.py:188} INFO - [2025-09-29T16:05:48.771+0000] {dag.py:3089} INFO - Sync 1 DAGs
[2025-09-29T16:05:48.802+0000] {logging_mixin.py:188} INFO - [2025-09-29T16:05:48.802+0000] {dag.py:3947} INFO - Setting next_dagrun for example_params_trigger_ui to None, run_after=None
[2025-09-29T16:05:48.856+0000] {processor.py:183} INFO - Processing /home/airflow/.local/lib/python3.12/site-packages/airflow/example_dags/example_params_trigger_ui.py took 0.237 seconds
[2025-09-29T16:06:19.424+0000] {processor.py:161} INFO - Started process (PID=17160) to work on /home/airflow/.local/lib/python3.12/site-packages/airflow/example_dags/example_params_trigger_ui.py
[2025-09-29T16:06:19.427+0000] {processor.py:830} INFO - Processing file /home/airflow/.local/lib/python3.12/site-packages/airflow/example_dags/example_params_trigger_ui.py for tasks to queue
[2025-09-29T16:06:19.431+0000] {logging_mixin.py:188} INFO - [2025-09-29T16:06:19.430+0000] {dagbag.py:545} INFO - Filling up the DagBag from /home/airflow/.local/lib/python3.12/site-packages/airflow/example_dags/example_params_trigger_ui.py
[2025-09-29T16:06:19.455+0000] {processor.py:840} INFO - DAG(s) 'example_params_trigger_ui' retrieved from /home/airflow/.local/lib/python3.12/site-packages/airflow/example_dags/example_params_trigger_ui.py
[2025-09-29T16:06:19.568+0000] {logging_mixin.py:188} INFO - [2025-09-29T16:06:19.567+0000] {dag.py:3089} INFO - Sync 1 DAGs
[2025-09-29T16:06:19.596+0000] {logging_mixin.py:188} INFO - [2025-09-29T16:06:19.595+0000] {dag.py:3947} INFO - Setting next_dagrun for example_params_trigger_ui to None, run_after=None
[2025-09-29T16:06:19.643+0000] {processor.py:183} INFO - Processing /home/airflow/.local/lib/python3.12/site-packages/airflow/example_dags/example_params_trigger_ui.py took 0.235 seconds
[2025-09-29T16:06:50.167+0000] {processor.py:161} INFO - Started process (PID=17422) to work on /home/airflow/.local/lib/python3.12/site-packages/airflow/example_dags/example_params_trigger_ui.py
[2025-09-29T16:06:50.169+0000] {processor.py:830} INFO - Processing file /home/airflow/.local/lib/python3.12/site-packages/airflow/example_dags/example_params_trigger_ui.py for tasks to queue
[2025-09-29T16:06:50.173+0000] {logging_mixin.py:188} INFO - [2025-09-29T16:06:50.172+0000] {dagbag.py:545} INFO - Filling up the DagBag from /home/airflow/.local/lib/python3.12/site-packages/airflow/example_dags/example_params_trigger_ui.py
[2025-09-29T16:06:50.195+0000] {processor.py:840} INFO - DAG(s) 'example_params_trigger_ui' retrieved from /home/airflow/.local/lib/python3.12/site-packages/airflow/example_dags/example_params_trigger_ui.py
[2025-09-29T16:06:50.306+0000] {logging_mixin.py:188} INFO - [2025-09-29T16:06:50.305+0000] {dag.py:3089} INFO - Sync 1 DAGs
[2025-09-29T16:06:50.336+0000] {logging_mixin.py:188} INFO - [2025-09-29T16:06:50.336+0000] {dag.py:3947} INFO - Setting next_dagrun for example_params_trigger_ui to None, run_after=None
[2025-09-29T16:06:50.384+0000] {processor.py:183} INFO - Processing /home/airflow/.local/lib/python3.12/site-packages/airflow/example_dags/example_params_trigger_ui.py took 0.233 seconds
[2025-09-29T16:07:20.740+0000] {processor.py:161} INFO - Started process (PID=17684) to work on /home/airflow/.local/lib/python3.12/site-packages/airflow/example_dags/example_params_trigger_ui.py
[2025-09-29T16:07:20.742+0000] {processor.py:830} INFO - Processing file /home/airflow/.local/lib/python3.12/site-packages/airflow/example_dags/example_params_trigger_ui.py for tasks to queue
[2025-09-29T16:07:20.746+0000] {logging_mixin.py:188} INFO - [2025-09-29T16:07:20.745+0000] {dagbag.py:545} INFO - Filling up the DagBag from /home/airflow/.local/lib/python3.12/site-packages/airflow/example_dags/example_params_trigger_ui.py
[2025-09-29T16:07:20.768+0000] {processor.py:840} INFO - DAG(s) 'example_params_trigger_ui' retrieved from /home/airflow/.local/lib/python3.12/site-packages/airflow/example_dags/example_params_trigger_ui.py
[2025-09-29T16:07:20.876+0000] {logging_mixin.py:188} INFO - [2025-09-29T16:07:20.875+0000] {dag.py:3089} INFO - Sync 1 DAGs
[2025-09-29T16:07:20.905+0000] {logging_mixin.py:188} INFO - [2025-09-29T16:07:20.904+0000] {dag.py:3947} INFO - Setting next_dagrun for example_params_trigger_ui to None, run_after=None
[2025-09-29T16:07:20.952+0000] {processor.py:183} INFO - Processing /home/airflow/.local/lib/python3.12/site-packages/airflow/example_dags/example_params_trigger_ui.py took 0.228 seconds
[2025-09-29T16:07:51.145+0000] {processor.py:161} INFO - Started process (PID=17946) to work on /home/airflow/.local/lib/python3.12/site-packages/airflow/example_dags/example_params_trigger_ui.py
[2025-09-29T16:07:51.147+0000] {processor.py:830} INFO - Processing file /home/airflow/.local/lib/python3.12/site-packages/airflow/example_dags/example_params_trigger_ui.py for tasks to queue
[2025-09-29T16:07:51.152+0000] {logging_mixin.py:188} INFO - [2025-09-29T16:07:51.151+0000] {dagbag.py:545} INFO - Filling up the DagBag from /home/airflow/.local/lib/python3.12/site-packages/airflow/example_dags/example_params_trigger_ui.py
[2025-09-29T16:07:51.172+0000] {processor.py:840} INFO - DAG(s) 'example_params_trigger_ui' retrieved from /home/airflow/.local/lib/python3.12/site-packages/airflow/example_dags/example_params_trigger_ui.py
[2025-09-29T16:07:51.289+0000] {logging_mixin.py:188} INFO - [2025-09-29T16:07:51.288+0000] {dag.py:3089} INFO - Sync 1 DAGs
[2025-09-29T16:07:51.320+0000] {logging_mixin.py:188} INFO - [2025-09-29T16:07:51.319+0000] {dag.py:3947} INFO - Setting next_dagrun for example_params_trigger_ui to None, run_after=None
[2025-09-29T16:07:51.370+0000] {processor.py:183} INFO - Processing /home/airflow/.local/lib/python3.12/site-packages/airflow/example_dags/example_params_trigger_ui.py took 0.240 seconds
[2025-09-29T16:08:21.474+0000] {processor.py:161} INFO - Started process (PID=18205) to work on /home/airflow/.local/lib/python3.12/site-packages/airflow/example_dags/example_params_trigger_ui.py
[2025-09-29T16:08:21.489+0000] {processor.py:830} INFO - Processing file /home/airflow/.local/lib/python3.12/site-packages/airflow/example_dags/example_params_trigger_ui.py for tasks to queue
[2025-09-29T16:08:21.493+0000] {logging_mixin.py:188} INFO - [2025-09-29T16:08:21.492+0000] {dagbag.py:545} INFO - Filling up the DagBag from /home/airflow/.local/lib/python3.12/site-packages/airflow/example_dags/example_params_trigger_ui.py
[2025-09-29T16:08:21.515+0000] {processor.py:840} INFO - DAG(s) 'example_params_trigger_ui' retrieved from /home/airflow/.local/lib/python3.12/site-packages/airflow/example_dags/example_params_trigger_ui.py
[2025-09-29T16:08:21.624+0000] {logging_mixin.py:188} INFO - [2025-09-29T16:08:21.623+0000] {dag.py:3089} INFO - Sync 1 DAGs
[2025-09-29T16:08:21.664+0000] {logging_mixin.py:188} INFO - [2025-09-29T16:08:21.663+0000] {dag.py:3947} INFO - Setting next_dagrun for example_params_trigger_ui to None, run_after=None
[2025-09-29T16:08:21.738+0000] {processor.py:183} INFO - Processing /home/airflow/.local/lib/python3.12/site-packages/airflow/example_dags/example_params_trigger_ui.py took 0.279 seconds
[2025-09-29T16:08:52.060+0000] {processor.py:161} INFO - Started process (PID=18467) to work on /home/airflow/.local/lib/python3.12/site-packages/airflow/example_dags/example_params_trigger_ui.py
[2025-09-29T16:08:52.063+0000] {processor.py:830} INFO - Processing file /home/airflow/.local/lib/python3.12/site-packages/airflow/example_dags/example_params_trigger_ui.py for tasks to queue
[2025-09-29T16:08:52.068+0000] {logging_mixin.py:188} INFO - [2025-09-29T16:08:52.067+0000] {dagbag.py:545} INFO - Filling up the DagBag from /home/airflow/.local/lib/python3.12/site-packages/airflow/example_dags/example_params_trigger_ui.py
[2025-09-29T16:08:52.092+0000] {processor.py:840} INFO - DAG(s) 'example_params_trigger_ui' retrieved from /home/airflow/.local/lib/python3.12/site-packages/airflow/example_dags/example_params_trigger_ui.py
[2025-09-29T16:08:52.203+0000] {logging_mixin.py:188} INFO - [2025-09-29T16:08:52.202+0000] {dag.py:3089} INFO - Sync 1 DAGs
[2025-09-29T16:08:52.233+0000] {logging_mixin.py:188} INFO - [2025-09-29T16:08:52.232+0000] {dag.py:3947} INFO - Setting next_dagrun for example_params_trigger_ui to None, run_after=None
[2025-09-29T16:08:52.284+0000] {processor.py:183} INFO - Processing /home/airflow/.local/lib/python3.12/site-packages/airflow/example_dags/example_params_trigger_ui.py took 0.240 seconds
[2025-09-29T16:09:22.926+0000] {processor.py:161} INFO - Started process (PID=18731) to work on /home/airflow/.local/lib/python3.12/site-packages/airflow/example_dags/example_params_trigger_ui.py
[2025-09-29T16:09:22.929+0000] {processor.py:830} INFO - Processing file /home/airflow/.local/lib/python3.12/site-packages/airflow/example_dags/example_params_trigger_ui.py for tasks to queue
[2025-09-29T16:09:22.933+0000] {logging_mixin.py:188} INFO - [2025-09-29T16:09:22.933+0000] {dagbag.py:545} INFO - Filling up the DagBag from /home/airflow/.local/lib/python3.12/site-packages/airflow/example_dags/example_params_trigger_ui.py
[2025-09-29T16:09:22.960+0000] {processor.py:840} INFO - DAG(s) 'example_params_trigger_ui' retrieved from /home/airflow/.local/lib/python3.12/site-packages/airflow/example_dags/example_params_trigger_ui.py
[2025-09-29T16:09:23.077+0000] {logging_mixin.py:188} INFO - [2025-09-29T16:09:23.076+0000] {dag.py:3089} INFO - Sync 1 DAGs
[2025-09-29T16:09:23.106+0000] {logging_mixin.py:188} INFO - [2025-09-29T16:09:23.105+0000] {dag.py:3947} INFO - Setting next_dagrun for example_params_trigger_ui to None, run_after=None
[2025-09-29T16:09:23.163+0000] {processor.py:183} INFO - Processing /home/airflow/.local/lib/python3.12/site-packages/airflow/example_dags/example_params_trigger_ui.py took 0.254 seconds
[2025-09-29T16:09:53.497+0000] {processor.py:161} INFO - Started process (PID=18992) to work on /home/airflow/.local/lib/python3.12/site-packages/airflow/example_dags/example_params_trigger_ui.py
[2025-09-29T16:09:53.500+0000] {processor.py:830} INFO - Processing file /home/airflow/.local/lib/python3.12/site-packages/airflow/example_dags/example_params_trigger_ui.py for tasks to queue
[2025-09-29T16:09:53.504+0000] {logging_mixin.py:188} INFO - [2025-09-29T16:09:53.503+0000] {dagbag.py:545} INFO - Filling up the DagBag from /home/airflow/.local/lib/python3.12/site-packages/airflow/example_dags/example_params_trigger_ui.py
[2025-09-29T16:09:53.529+0000] {processor.py:840} INFO - DAG(s) 'example_params_trigger_ui' retrieved from /home/airflow/.local/lib/python3.12/site-packages/airflow/example_dags/example_params_trigger_ui.py
[2025-09-29T16:09:53.641+0000] {logging_mixin.py:188} INFO - [2025-09-29T16:09:53.640+0000] {dag.py:3089} INFO - Sync 1 DAGs
[2025-09-29T16:09:53.676+0000] {logging_mixin.py:188} INFO - [2025-09-29T16:09:53.676+0000] {dag.py:3947} INFO - Setting next_dagrun for example_params_trigger_ui to None, run_after=None
[2025-09-29T16:09:53.727+0000] {processor.py:183} INFO - Processing /home/airflow/.local/lib/python3.12/site-packages/airflow/example_dags/example_params_trigger_ui.py took 0.245 seconds
[2025-09-29T16:10:24.183+0000] {processor.py:161} INFO - Started process (PID=19253) to work on /home/airflow/.local/lib/python3.12/site-packages/airflow/example_dags/example_params_trigger_ui.py
[2025-09-29T16:10:24.185+0000] {processor.py:830} INFO - Processing file /home/airflow/.local/lib/python3.12/site-packages/airflow/example_dags/example_params_trigger_ui.py for tasks to queue
[2025-09-29T16:10:24.189+0000] {logging_mixin.py:188} INFO - [2025-09-29T16:10:24.189+0000] {dagbag.py:545} INFO - Filling up the DagBag from /home/airflow/.local/lib/python3.12/site-packages/airflow/example_dags/example_params_trigger_ui.py
[2025-09-29T16:10:24.210+0000] {processor.py:840} INFO - DAG(s) 'example_params_trigger_ui' retrieved from /home/airflow/.local/lib/python3.12/site-packages/airflow/example_dags/example_params_trigger_ui.py
[2025-09-29T16:10:24.316+0000] {logging_mixin.py:188} INFO - [2025-09-29T16:10:24.315+0000] {dag.py:3089} INFO - Sync 1 DAGs
[2025-09-29T16:10:24.343+0000] {logging_mixin.py:188} INFO - [2025-09-29T16:10:24.343+0000] {dag.py:3947} INFO - Setting next_dagrun for example_params_trigger_ui to None, run_after=None
[2025-09-29T16:10:24.402+0000] {processor.py:183} INFO - Processing /home/airflow/.local/lib/python3.12/site-packages/airflow/example_dags/example_params_trigger_ui.py took 0.234 seconds
[2025-09-29T16:10:54.820+0000] {processor.py:161} INFO - Started process (PID=19514) to work on /home/airflow/.local/lib/python3.12/site-packages/airflow/example_dags/example_params_trigger_ui.py
[2025-09-29T16:10:54.823+0000] {processor.py:830} INFO - Processing file /home/airflow/.local/lib/python3.12/site-packages/airflow/example_dags/example_params_trigger_ui.py for tasks to queue
[2025-09-29T16:10:54.825+0000] {logging_mixin.py:188} INFO - [2025-09-29T16:10:54.824+0000] {dagbag.py:545} INFO - Filling up the DagBag from /home/airflow/.local/lib/python3.12/site-packages/airflow/example_dags/example_params_trigger_ui.py
[2025-09-29T16:10:54.848+0000] {processor.py:840} INFO - DAG(s) 'example_params_trigger_ui' retrieved from /home/airflow/.local/lib/python3.12/site-packages/airflow/example_dags/example_params_trigger_ui.py
[2025-09-29T16:10:54.955+0000] {logging_mixin.py:188} INFO - [2025-09-29T16:10:54.954+0000] {dag.py:3089} INFO - Sync 1 DAGs
[2025-09-29T16:10:54.983+0000] {logging_mixin.py:188} INFO - [2025-09-29T16:10:54.983+0000] {dag.py:3947} INFO - Setting next_dagrun for example_params_trigger_ui to None, run_after=None
[2025-09-29T16:10:55.033+0000] {processor.py:183} INFO - Processing /home/airflow/.local/lib/python3.12/site-packages/airflow/example_dags/example_params_trigger_ui.py took 0.227 seconds
[2025-09-29T16:11:25.439+0000] {processor.py:161} INFO - Started process (PID=19775) to work on /home/airflow/.local/lib/python3.12/site-packages/airflow/example_dags/example_params_trigger_ui.py
[2025-09-29T16:11:25.442+0000] {processor.py:830} INFO - Processing file /home/airflow/.local/lib/python3.12/site-packages/airflow/example_dags/example_params_trigger_ui.py for tasks to queue
[2025-09-29T16:11:25.444+0000] {logging_mixin.py:188} INFO - [2025-09-29T16:11:25.443+0000] {dagbag.py:545} INFO - Filling up the DagBag from /home/airflow/.local/lib/python3.12/site-packages/airflow/example_dags/example_params_trigger_ui.py
[2025-09-29T16:11:25.482+0000] {processor.py:840} INFO - DAG(s) 'example_params_trigger_ui' retrieved from /home/airflow/.local/lib/python3.12/site-packages/airflow/example_dags/example_params_trigger_ui.py
[2025-09-29T16:11:25.597+0000] {logging_mixin.py:188} INFO - [2025-09-29T16:11:25.596+0000] {dag.py:3089} INFO - Sync 1 DAGs
[2025-09-29T16:11:25.625+0000] {logging_mixin.py:188} INFO - [2025-09-29T16:11:25.625+0000] {dag.py:3947} INFO - Setting next_dagrun for example_params_trigger_ui to None, run_after=None
[2025-09-29T16:11:25.671+0000] {processor.py:183} INFO - Processing /home/airflow/.local/lib/python3.12/site-packages/airflow/example_dags/example_params_trigger_ui.py took 0.249 seconds
[2025-09-29T16:11:56.294+0000] {processor.py:161} INFO - Started process (PID=20036) to work on /home/airflow/.local/lib/python3.12/site-packages/airflow/example_dags/example_params_trigger_ui.py
[2025-09-29T16:11:56.296+0000] {processor.py:830} INFO - Processing file /home/airflow/.local/lib/python3.12/site-packages/airflow/example_dags/example_params_trigger_ui.py for tasks to queue
[2025-09-29T16:11:56.298+0000] {logging_mixin.py:188} INFO - [2025-09-29T16:11:56.298+0000] {dagbag.py:545} INFO - Filling up the DagBag from /home/airflow/.local/lib/python3.12/site-packages/airflow/example_dags/example_params_trigger_ui.py
[2025-09-29T16:11:56.323+0000] {processor.py:840} INFO - DAG(s) 'example_params_trigger_ui' retrieved from /home/airflow/.local/lib/python3.12/site-packages/airflow/example_dags/example_params_trigger_ui.py
[2025-09-29T16:11:56.444+0000] {logging_mixin.py:188} INFO - [2025-09-29T16:11:56.443+0000] {dag.py:3089} INFO - Sync 1 DAGs
[2025-09-29T16:11:56.478+0000] {logging_mixin.py:188} INFO - [2025-09-29T16:11:56.477+0000] {dag.py:3947} INFO - Setting next_dagrun for example_params_trigger_ui to None, run_after=None
[2025-09-29T16:11:56.526+0000] {processor.py:183} INFO - Processing /home/airflow/.local/lib/python3.12/site-packages/airflow/example_dags/example_params_trigger_ui.py took 0.247 seconds
[2025-09-29T16:12:26.769+0000] {processor.py:161} INFO - Started process (PID=20297) to work on /home/airflow/.local/lib/python3.12/site-packages/airflow/example_dags/example_params_trigger_ui.py
[2025-09-29T16:12:26.772+0000] {processor.py:830} INFO - Processing file /home/airflow/.local/lib/python3.12/site-packages/airflow/example_dags/example_params_trigger_ui.py for tasks to queue
[2025-09-29T16:12:26.774+0000] {logging_mixin.py:188} INFO - [2025-09-29T16:12:26.773+0000] {dagbag.py:545} INFO - Filling up the DagBag from /home/airflow/.local/lib/python3.12/site-packages/airflow/example_dags/example_params_trigger_ui.py
[2025-09-29T16:12:26.805+0000] {processor.py:840} INFO - DAG(s) 'example_params_trigger_ui' retrieved from /home/airflow/.local/lib/python3.12/site-packages/airflow/example_dags/example_params_trigger_ui.py
[2025-09-29T16:12:26.933+0000] {logging_mixin.py:188} INFO - [2025-09-29T16:12:26.932+0000] {dag.py:3089} INFO - Sync 1 DAGs
[2025-09-29T16:12:26.967+0000] {logging_mixin.py:188} INFO - [2025-09-29T16:12:26.966+0000] {dag.py:3947} INFO - Setting next_dagrun for example_params_trigger_ui to None, run_after=None
[2025-09-29T16:12:27.018+0000] {processor.py:183} INFO - Processing /home/airflow/.local/lib/python3.12/site-packages/airflow/example_dags/example_params_trigger_ui.py took 0.268 seconds
[2025-09-29T16:12:57.833+0000] {processor.py:161} INFO - Started process (PID=20558) to work on /home/airflow/.local/lib/python3.12/site-packages/airflow/example_dags/example_params_trigger_ui.py
[2025-09-29T16:12:57.836+0000] {processor.py:830} INFO - Processing file /home/airflow/.local/lib/python3.12/site-packages/airflow/example_dags/example_params_trigger_ui.py for tasks to queue
[2025-09-29T16:12:57.838+0000] {logging_mixin.py:188} INFO - [2025-09-29T16:12:57.837+0000] {dagbag.py:545} INFO - Filling up the DagBag from /home/airflow/.local/lib/python3.12/site-packages/airflow/example_dags/example_params_trigger_ui.py
[2025-09-29T16:12:57.863+0000] {processor.py:840} INFO - DAG(s) 'example_params_trigger_ui' retrieved from /home/airflow/.local/lib/python3.12/site-packages/airflow/example_dags/example_params_trigger_ui.py
[2025-09-29T16:12:57.969+0000] {logging_mixin.py:188} INFO - [2025-09-29T16:12:57.968+0000] {dag.py:3089} INFO - Sync 1 DAGs
[2025-09-29T16:12:58.000+0000] {logging_mixin.py:188} INFO - [2025-09-29T16:12:57.999+0000] {dag.py:3947} INFO - Setting next_dagrun for example_params_trigger_ui to None, run_after=None
[2025-09-29T16:12:58.057+0000] {processor.py:183} INFO - Processing /home/airflow/.local/lib/python3.12/site-packages/airflow/example_dags/example_params_trigger_ui.py took 0.239 seconds
[2025-09-29T16:13:28.291+0000] {processor.py:161} INFO - Started process (PID=20819) to work on /home/airflow/.local/lib/python3.12/site-packages/airflow/example_dags/example_params_trigger_ui.py
[2025-09-29T16:13:28.294+0000] {processor.py:830} INFO - Processing file /home/airflow/.local/lib/python3.12/site-packages/airflow/example_dags/example_params_trigger_ui.py for tasks to queue
[2025-09-29T16:13:28.296+0000] {logging_mixin.py:188} INFO - [2025-09-29T16:13:28.295+0000] {dagbag.py:545} INFO - Filling up the DagBag from /home/airflow/.local/lib/python3.12/site-packages/airflow/example_dags/example_params_trigger_ui.py
[2025-09-29T16:13:28.319+0000] {processor.py:840} INFO - DAG(s) 'example_params_trigger_ui' retrieved from /home/airflow/.local/lib/python3.12/site-packages/airflow/example_dags/example_params_trigger_ui.py
[2025-09-29T16:13:28.432+0000] {logging_mixin.py:188} INFO - [2025-09-29T16:13:28.431+0000] {dag.py:3089} INFO - Sync 1 DAGs
[2025-09-29T16:13:28.460+0000] {logging_mixin.py:188} INFO - [2025-09-29T16:13:28.460+0000] {dag.py:3947} INFO - Setting next_dagrun for example_params_trigger_ui to None, run_after=None
[2025-09-29T16:13:28.505+0000] {processor.py:183} INFO - Processing /home/airflow/.local/lib/python3.12/site-packages/airflow/example_dags/example_params_trigger_ui.py took 0.230 seconds
[2025-09-29T16:13:58.740+0000] {processor.py:161} INFO - Started process (PID=21080) to work on /home/airflow/.local/lib/python3.12/site-packages/airflow/example_dags/example_params_trigger_ui.py
[2025-09-29T16:13:58.743+0000] {processor.py:830} INFO - Processing file /home/airflow/.local/lib/python3.12/site-packages/airflow/example_dags/example_params_trigger_ui.py for tasks to queue
[2025-09-29T16:13:58.744+0000] {logging_mixin.py:188} INFO - [2025-09-29T16:13:58.744+0000] {dagbag.py:545} INFO - Filling up the DagBag from /home/airflow/.local/lib/python3.12/site-packages/airflow/example_dags/example_params_trigger_ui.py
[2025-09-29T16:13:58.768+0000] {processor.py:840} INFO - DAG(s) 'example_params_trigger_ui' retrieved from /home/airflow/.local/lib/python3.12/site-packages/airflow/example_dags/example_params_trigger_ui.py
[2025-09-29T16:13:58.896+0000] {logging_mixin.py:188} INFO - [2025-09-29T16:13:58.895+0000] {dag.py:3089} INFO - Sync 1 DAGs
[2025-09-29T16:13:58.939+0000] {logging_mixin.py:188} INFO - [2025-09-29T16:13:58.938+0000] {dag.py:3947} INFO - Setting next_dagrun for example_params_trigger_ui to None, run_after=None
[2025-09-29T16:13:59.009+0000] {processor.py:183} INFO - Processing /home/airflow/.local/lib/python3.12/site-packages/airflow/example_dags/example_params_trigger_ui.py took 0.284 seconds
[2025-09-29T16:14:29.493+0000] {processor.py:161} INFO - Started process (PID=21341) to work on /home/airflow/.local/lib/python3.12/site-packages/airflow/example_dags/example_params_trigger_ui.py
[2025-09-29T16:14:29.496+0000] {processor.py:830} INFO - Processing file /home/airflow/.local/lib/python3.12/site-packages/airflow/example_dags/example_params_trigger_ui.py for tasks to queue
[2025-09-29T16:14:29.497+0000] {logging_mixin.py:188} INFO - [2025-09-29T16:14:29.497+0000] {dagbag.py:545} INFO - Filling up the DagBag from /home/airflow/.local/lib/python3.12/site-packages/airflow/example_dags/example_params_trigger_ui.py
[2025-09-29T16:14:29.522+0000] {processor.py:840} INFO - DAG(s) 'example_params_trigger_ui' retrieved from /home/airflow/.local/lib/python3.12/site-packages/airflow/example_dags/example_params_trigger_ui.py
[2025-09-29T16:14:29.630+0000] {logging_mixin.py:188} INFO - [2025-09-29T16:14:29.630+0000] {dag.py:3089} INFO - Sync 1 DAGs
[2025-09-29T16:14:29.659+0000] {logging_mixin.py:188} INFO - [2025-09-29T16:14:29.659+0000] {dag.py:3947} INFO - Setting next_dagrun for example_params_trigger_ui to None, run_after=None
[2025-09-29T16:14:29.708+0000] {processor.py:183} INFO - Processing /home/airflow/.local/lib/python3.12/site-packages/airflow/example_dags/example_params_trigger_ui.py took 0.230 seconds
[2025-09-29T16:15:03.074+0000] {processor.py:161} INFO - Started process (PID=21602) to work on /home/airflow/.local/lib/python3.12/site-packages/airflow/example_dags/example_params_trigger_ui.py
[2025-09-29T16:15:03.078+0000] {processor.py:830} INFO - Processing file /home/airflow/.local/lib/python3.12/site-packages/airflow/example_dags/example_params_trigger_ui.py for tasks to queue
[2025-09-29T16:15:03.094+0000] {logging_mixin.py:188} INFO - [2025-09-29T16:15:03.093+0000] {dagbag.py:545} INFO - Filling up the DagBag from /home/airflow/.local/lib/python3.12/site-packages/airflow/example_dags/example_params_trigger_ui.py
[2025-09-29T16:15:03.192+0000] {processor.py:840} INFO - DAG(s) 'example_params_trigger_ui' retrieved from /home/airflow/.local/lib/python3.12/site-packages/airflow/example_dags/example_params_trigger_ui.py
[2025-09-29T16:15:03.394+0000] {logging_mixin.py:188} INFO - [2025-09-29T16:15:03.394+0000] {dag.py:3089} INFO - Sync 1 DAGs
[2025-09-29T16:15:03.442+0000] {logging_mixin.py:188} INFO - [2025-09-29T16:15:03.442+0000] {dag.py:3947} INFO - Setting next_dagrun for example_params_trigger_ui to None, run_after=None
[2025-09-29T16:15:03.510+0000] {processor.py:183} INFO - Processing /home/airflow/.local/lib/python3.12/site-packages/airflow/example_dags/example_params_trigger_ui.py took 0.493 seconds
[2025-09-29T16:15:33.945+0000] {processor.py:161} INFO - Started process (PID=21863) to work on /home/airflow/.local/lib/python3.12/site-packages/airflow/example_dags/example_params_trigger_ui.py
[2025-09-29T16:15:33.947+0000] {processor.py:830} INFO - Processing file /home/airflow/.local/lib/python3.12/site-packages/airflow/example_dags/example_params_trigger_ui.py for tasks to queue
[2025-09-29T16:15:33.950+0000] {logging_mixin.py:188} INFO - [2025-09-29T16:15:33.948+0000] {dagbag.py:545} INFO - Filling up the DagBag from /home/airflow/.local/lib/python3.12/site-packages/airflow/example_dags/example_params_trigger_ui.py
[2025-09-29T16:15:33.974+0000] {processor.py:840} INFO - DAG(s) 'example_params_trigger_ui' retrieved from /home/airflow/.local/lib/python3.12/site-packages/airflow/example_dags/example_params_trigger_ui.py
[2025-09-29T16:15:34.079+0000] {logging_mixin.py:188} INFO - [2025-09-29T16:15:34.079+0000] {dag.py:3089} INFO - Sync 1 DAGs
[2025-09-29T16:15:34.109+0000] {logging_mixin.py:188} INFO - [2025-09-29T16:15:34.109+0000] {dag.py:3947} INFO - Setting next_dagrun for example_params_trigger_ui to None, run_after=None
[2025-09-29T16:15:34.157+0000] {processor.py:183} INFO - Processing /home/airflow/.local/lib/python3.12/site-packages/airflow/example_dags/example_params_trigger_ui.py took 0.229 seconds
[2025-09-29T16:16:04.950+0000] {processor.py:161} INFO - Started process (PID=22124) to work on /home/airflow/.local/lib/python3.12/site-packages/airflow/example_dags/example_params_trigger_ui.py
[2025-09-29T16:16:04.952+0000] {processor.py:830} INFO - Processing file /home/airflow/.local/lib/python3.12/site-packages/airflow/example_dags/example_params_trigger_ui.py for tasks to queue
[2025-09-29T16:16:04.955+0000] {logging_mixin.py:188} INFO - [2025-09-29T16:16:04.954+0000] {dagbag.py:545} INFO - Filling up the DagBag from /home/airflow/.local/lib/python3.12/site-packages/airflow/example_dags/example_params_trigger_ui.py
[2025-09-29T16:16:04.980+0000] {processor.py:840} INFO - DAG(s) 'example_params_trigger_ui' retrieved from /home/airflow/.local/lib/python3.12/site-packages/airflow/example_dags/example_params_trigger_ui.py
[2025-09-29T16:16:05.108+0000] {logging_mixin.py:188} INFO - [2025-09-29T16:16:05.107+0000] {dag.py:3089} INFO - Sync 1 DAGs
[2025-09-29T16:16:05.136+0000] {logging_mixin.py:188} INFO - [2025-09-29T16:16:05.136+0000] {dag.py:3947} INFO - Setting next_dagrun for example_params_trigger_ui to None, run_after=None
[2025-09-29T16:16:05.185+0000] {processor.py:183} INFO - Processing /home/airflow/.local/lib/python3.12/site-packages/airflow/example_dags/example_params_trigger_ui.py took 0.251 seconds
[2025-09-29T16:16:35.511+0000] {processor.py:161} INFO - Started process (PID=22385) to work on /home/airflow/.local/lib/python3.12/site-packages/airflow/example_dags/example_params_trigger_ui.py
[2025-09-29T16:16:35.514+0000] {processor.py:830} INFO - Processing file /home/airflow/.local/lib/python3.12/site-packages/airflow/example_dags/example_params_trigger_ui.py for tasks to queue
[2025-09-29T16:16:35.515+0000] {logging_mixin.py:188} INFO - [2025-09-29T16:16:35.515+0000] {dagbag.py:545} INFO - Filling up the DagBag from /home/airflow/.local/lib/python3.12/site-packages/airflow/example_dags/example_params_trigger_ui.py
[2025-09-29T16:16:35.540+0000] {processor.py:840} INFO - DAG(s) 'example_params_trigger_ui' retrieved from /home/airflow/.local/lib/python3.12/site-packages/airflow/example_dags/example_params_trigger_ui.py
[2025-09-29T16:16:35.645+0000] {logging_mixin.py:188} INFO - [2025-09-29T16:16:35.644+0000] {dag.py:3089} INFO - Sync 1 DAGs
[2025-09-29T16:16:35.675+0000] {logging_mixin.py:188} INFO - [2025-09-29T16:16:35.674+0000] {dag.py:3947} INFO - Setting next_dagrun for example_params_trigger_ui to None, run_after=None
[2025-09-29T16:16:35.725+0000] {processor.py:183} INFO - Processing /home/airflow/.local/lib/python3.12/site-packages/airflow/example_dags/example_params_trigger_ui.py took 0.231 seconds
[2025-09-29T16:17:06.032+0000] {processor.py:161} INFO - Started process (PID=22646) to work on /home/airflow/.local/lib/python3.12/site-packages/airflow/example_dags/example_params_trigger_ui.py
[2025-09-29T16:17:06.035+0000] {processor.py:830} INFO - Processing file /home/airflow/.local/lib/python3.12/site-packages/airflow/example_dags/example_params_trigger_ui.py for tasks to queue
[2025-09-29T16:17:06.037+0000] {logging_mixin.py:188} INFO - [2025-09-29T16:17:06.036+0000] {dagbag.py:545} INFO - Filling up the DagBag from /home/airflow/.local/lib/python3.12/site-packages/airflow/example_dags/example_params_trigger_ui.py
[2025-09-29T16:17:06.061+0000] {processor.py:840} INFO - DAG(s) 'example_params_trigger_ui' retrieved from /home/airflow/.local/lib/python3.12/site-packages/airflow/example_dags/example_params_trigger_ui.py
[2025-09-29T16:17:06.169+0000] {logging_mixin.py:188} INFO - [2025-09-29T16:17:06.168+0000] {dag.py:3089} INFO - Sync 1 DAGs
[2025-09-29T16:17:06.199+0000] {logging_mixin.py:188} INFO - [2025-09-29T16:17:06.198+0000] {dag.py:3947} INFO - Setting next_dagrun for example_params_trigger_ui to None, run_after=None
[2025-09-29T16:17:06.253+0000] {processor.py:183} INFO - Processing /home/airflow/.local/lib/python3.12/site-packages/airflow/example_dags/example_params_trigger_ui.py took 0.238 seconds
[2025-09-29T16:17:36.450+0000] {processor.py:161} INFO - Started process (PID=22907) to work on /home/airflow/.local/lib/python3.12/site-packages/airflow/example_dags/example_params_trigger_ui.py
[2025-09-29T16:17:36.453+0000] {processor.py:830} INFO - Processing file /home/airflow/.local/lib/python3.12/site-packages/airflow/example_dags/example_params_trigger_ui.py for tasks to queue
[2025-09-29T16:17:36.456+0000] {logging_mixin.py:188} INFO - [2025-09-29T16:17:36.455+0000] {dagbag.py:545} INFO - Filling up the DagBag from /home/airflow/.local/lib/python3.12/site-packages/airflow/example_dags/example_params_trigger_ui.py
[2025-09-29T16:17:36.488+0000] {processor.py:840} INFO - DAG(s) 'example_params_trigger_ui' retrieved from /home/airflow/.local/lib/python3.12/site-packages/airflow/example_dags/example_params_trigger_ui.py
[2025-09-29T16:17:36.606+0000] {logging_mixin.py:188} INFO - [2025-09-29T16:17:36.606+0000] {dag.py:3089} INFO - Sync 1 DAGs
[2025-09-29T16:17:36.639+0000] {logging_mixin.py:188} INFO - [2025-09-29T16:17:36.638+0000] {dag.py:3947} INFO - Setting next_dagrun for example_params_trigger_ui to None, run_after=None
[2025-09-29T16:17:36.697+0000] {processor.py:183} INFO - Processing /home/airflow/.local/lib/python3.12/site-packages/airflow/example_dags/example_params_trigger_ui.py took 0.266 seconds
[2025-09-29T16:18:05.876+0000] {processor.py:161} INFO - Started process (PID=23168) to work on /home/airflow/.local/lib/python3.12/site-packages/airflow/example_dags/example_params_trigger_ui.py
[2025-09-29T16:18:05.879+0000] {processor.py:830} INFO - Processing file /home/airflow/.local/lib/python3.12/site-packages/airflow/example_dags/example_params_trigger_ui.py for tasks to queue
[2025-09-29T16:18:05.881+0000] {logging_mixin.py:188} INFO - [2025-09-29T16:18:05.880+0000] {dagbag.py:545} INFO - Filling up the DagBag from /home/airflow/.local/lib/python3.12/site-packages/airflow/example_dags/example_params_trigger_ui.py
[2025-09-29T16:18:05.907+0000] {processor.py:840} INFO - DAG(s) 'example_params_trigger_ui' retrieved from /home/airflow/.local/lib/python3.12/site-packages/airflow/example_dags/example_params_trigger_ui.py
[2025-09-29T16:18:06.040+0000] {logging_mixin.py:188} INFO - [2025-09-29T16:18:06.039+0000] {dag.py:3089} INFO - Sync 1 DAGs
[2025-09-29T16:18:06.076+0000] {logging_mixin.py:188} INFO - [2025-09-29T16:18:06.075+0000] {dag.py:3947} INFO - Setting next_dagrun for example_params_trigger_ui to None, run_after=None
[2025-09-29T16:18:06.141+0000] {processor.py:183} INFO - Processing /home/airflow/.local/lib/python3.12/site-packages/airflow/example_dags/example_params_trigger_ui.py took 0.281 seconds
[2025-09-29T16:18:37.660+0000] {processor.py:161} INFO - Started process (PID=23429) to work on /home/airflow/.local/lib/python3.12/site-packages/airflow/example_dags/example_params_trigger_ui.py
[2025-09-29T16:18:37.663+0000] {processor.py:830} INFO - Processing file /home/airflow/.local/lib/python3.12/site-packages/airflow/example_dags/example_params_trigger_ui.py for tasks to queue
[2025-09-29T16:18:37.665+0000] {logging_mixin.py:188} INFO - [2025-09-29T16:18:37.665+0000] {dagbag.py:545} INFO - Filling up the DagBag from /home/airflow/.local/lib/python3.12/site-packages/airflow/example_dags/example_params_trigger_ui.py
[2025-09-29T16:18:37.689+0000] {processor.py:840} INFO - DAG(s) 'example_params_trigger_ui' retrieved from /home/airflow/.local/lib/python3.12/site-packages/airflow/example_dags/example_params_trigger_ui.py
[2025-09-29T16:18:37.795+0000] {logging_mixin.py:188} INFO - [2025-09-29T16:18:37.794+0000] {dag.py:3089} INFO - Sync 1 DAGs
[2025-09-29T16:18:37.823+0000] {logging_mixin.py:188} INFO - [2025-09-29T16:18:37.823+0000] {dag.py:3947} INFO - Setting next_dagrun for example_params_trigger_ui to None, run_after=None
[2025-09-29T16:18:37.875+0000] {processor.py:183} INFO - Processing /home/airflow/.local/lib/python3.12/site-packages/airflow/example_dags/example_params_trigger_ui.py took 0.230 seconds
[2025-09-29T16:19:08.099+0000] {processor.py:161} INFO - Started process (PID=23690) to work on /home/airflow/.local/lib/python3.12/site-packages/airflow/example_dags/example_params_trigger_ui.py
[2025-09-29T16:19:08.101+0000] {processor.py:830} INFO - Processing file /home/airflow/.local/lib/python3.12/site-packages/airflow/example_dags/example_params_trigger_ui.py for tasks to queue
[2025-09-29T16:19:08.102+0000] {logging_mixin.py:188} INFO - [2025-09-29T16:19:08.102+0000] {dagbag.py:545} INFO - Filling up the DagBag from /home/airflow/.local/lib/python3.12/site-packages/airflow/example_dags/example_params_trigger_ui.py
[2025-09-29T16:19:08.126+0000] {processor.py:840} INFO - DAG(s) 'example_params_trigger_ui' retrieved from /home/airflow/.local/lib/python3.12/site-packages/airflow/example_dags/example_params_trigger_ui.py
[2025-09-29T16:19:08.230+0000] {logging_mixin.py:188} INFO - [2025-09-29T16:19:08.230+0000] {dag.py:3089} INFO - Sync 1 DAGs
[2025-09-29T16:19:08.259+0000] {logging_mixin.py:188} INFO - [2025-09-29T16:19:08.259+0000] {dag.py:3947} INFO - Setting next_dagrun for example_params_trigger_ui to None, run_after=None
[2025-09-29T16:19:08.308+0000] {processor.py:183} INFO - Processing /home/airflow/.local/lib/python3.12/site-packages/airflow/example_dags/example_params_trigger_ui.py took 0.225 seconds
[2025-09-29T16:19:39.058+0000] {processor.py:161} INFO - Started process (PID=23956) to work on /home/airflow/.local/lib/python3.12/site-packages/airflow/example_dags/example_params_trigger_ui.py
[2025-09-29T16:19:39.061+0000] {processor.py:830} INFO - Processing file /home/airflow/.local/lib/python3.12/site-packages/airflow/example_dags/example_params_trigger_ui.py for tasks to queue
[2025-09-29T16:19:39.063+0000] {logging_mixin.py:188} INFO - [2025-09-29T16:19:39.062+0000] {dagbag.py:545} INFO - Filling up the DagBag from /home/airflow/.local/lib/python3.12/site-packages/airflow/example_dags/example_params_trigger_ui.py
[2025-09-29T16:19:39.102+0000] {processor.py:840} INFO - DAG(s) 'example_params_trigger_ui' retrieved from /home/airflow/.local/lib/python3.12/site-packages/airflow/example_dags/example_params_trigger_ui.py
[2025-09-29T16:19:39.269+0000] {logging_mixin.py:188} INFO - [2025-09-29T16:19:39.268+0000] {dag.py:3089} INFO - Sync 1 DAGs
[2025-09-29T16:19:39.298+0000] {logging_mixin.py:188} INFO - [2025-09-29T16:19:39.297+0000] {dag.py:3947} INFO - Setting next_dagrun for example_params_trigger_ui to None, run_after=None
[2025-09-29T16:19:39.344+0000] {processor.py:183} INFO - Processing /home/airflow/.local/lib/python3.12/site-packages/airflow/example_dags/example_params_trigger_ui.py took 0.303 seconds
[2025-09-29T16:20:09.542+0000] {processor.py:161} INFO - Started process (PID=24217) to work on /home/airflow/.local/lib/python3.12/site-packages/airflow/example_dags/example_params_trigger_ui.py
[2025-09-29T16:20:09.544+0000] {processor.py:830} INFO - Processing file /home/airflow/.local/lib/python3.12/site-packages/airflow/example_dags/example_params_trigger_ui.py for tasks to queue
[2025-09-29T16:20:09.546+0000] {logging_mixin.py:188} INFO - [2025-09-29T16:20:09.545+0000] {dagbag.py:545} INFO - Filling up the DagBag from /home/airflow/.local/lib/python3.12/site-packages/airflow/example_dags/example_params_trigger_ui.py
[2025-09-29T16:20:09.575+0000] {processor.py:840} INFO - DAG(s) 'example_params_trigger_ui' retrieved from /home/airflow/.local/lib/python3.12/site-packages/airflow/example_dags/example_params_trigger_ui.py
[2025-09-29T16:20:09.680+0000] {logging_mixin.py:188} INFO - [2025-09-29T16:20:09.679+0000] {dag.py:3089} INFO - Sync 1 DAGs
[2025-09-29T16:20:09.708+0000] {logging_mixin.py:188} INFO - [2025-09-29T16:20:09.707+0000] {dag.py:3947} INFO - Setting next_dagrun for example_params_trigger_ui to None, run_after=None
[2025-09-29T16:20:09.754+0000] {processor.py:183} INFO - Processing /home/airflow/.local/lib/python3.12/site-packages/airflow/example_dags/example_params_trigger_ui.py took 0.227 seconds
[2025-09-29T16:20:40.170+0000] {processor.py:161} INFO - Started process (PID=24478) to work on /home/airflow/.local/lib/python3.12/site-packages/airflow/example_dags/example_params_trigger_ui.py
[2025-09-29T16:20:40.173+0000] {processor.py:830} INFO - Processing file /home/airflow/.local/lib/python3.12/site-packages/airflow/example_dags/example_params_trigger_ui.py for tasks to queue
[2025-09-29T16:20:40.175+0000] {logging_mixin.py:188} INFO - [2025-09-29T16:20:40.174+0000] {dagbag.py:545} INFO - Filling up the DagBag from /home/airflow/.local/lib/python3.12/site-packages/airflow/example_dags/example_params_trigger_ui.py
[2025-09-29T16:20:40.198+0000] {processor.py:840} INFO - DAG(s) 'example_params_trigger_ui' retrieved from /home/airflow/.local/lib/python3.12/site-packages/airflow/example_dags/example_params_trigger_ui.py
[2025-09-29T16:20:40.304+0000] {logging_mixin.py:188} INFO - [2025-09-29T16:20:40.303+0000] {dag.py:3089} INFO - Sync 1 DAGs
[2025-09-29T16:20:40.334+0000] {logging_mixin.py:188} INFO - [2025-09-29T16:20:40.333+0000] {dag.py:3947} INFO - Setting next_dagrun for example_params_trigger_ui to None, run_after=None
[2025-09-29T16:20:40.379+0000] {processor.py:183} INFO - Processing /home/airflow/.local/lib/python3.12/site-packages/airflow/example_dags/example_params_trigger_ui.py took 0.225 seconds
[2025-09-29T16:21:10.720+0000] {processor.py:161} INFO - Started process (PID=24739) to work on /home/airflow/.local/lib/python3.12/site-packages/airflow/example_dags/example_params_trigger_ui.py
[2025-09-29T16:21:10.722+0000] {processor.py:830} INFO - Processing file /home/airflow/.local/lib/python3.12/site-packages/airflow/example_dags/example_params_trigger_ui.py for tasks to queue
[2025-09-29T16:21:10.724+0000] {logging_mixin.py:188} INFO - [2025-09-29T16:21:10.723+0000] {dagbag.py:545} INFO - Filling up the DagBag from /home/airflow/.local/lib/python3.12/site-packages/airflow/example_dags/example_params_trigger_ui.py
[2025-09-29T16:21:10.749+0000] {processor.py:840} INFO - DAG(s) 'example_params_trigger_ui' retrieved from /home/airflow/.local/lib/python3.12/site-packages/airflow/example_dags/example_params_trigger_ui.py
[2025-09-29T16:21:10.859+0000] {logging_mixin.py:188} INFO - [2025-09-29T16:21:10.858+0000] {dag.py:3089} INFO - Sync 1 DAGs
[2025-09-29T16:21:10.888+0000] {logging_mixin.py:188} INFO - [2025-09-29T16:21:10.888+0000] {dag.py:3947} INFO - Setting next_dagrun for example_params_trigger_ui to None, run_after=None
[2025-09-29T16:21:10.937+0000] {processor.py:183} INFO - Processing /home/airflow/.local/lib/python3.12/site-packages/airflow/example_dags/example_params_trigger_ui.py took 0.233 seconds
[2025-09-29T16:21:41.342+0000] {processor.py:161} INFO - Started process (PID=25000) to work on /home/airflow/.local/lib/python3.12/site-packages/airflow/example_dags/example_params_trigger_ui.py
[2025-09-29T16:21:41.345+0000] {processor.py:830} INFO - Processing file /home/airflow/.local/lib/python3.12/site-packages/airflow/example_dags/example_params_trigger_ui.py for tasks to queue
[2025-09-29T16:21:41.347+0000] {logging_mixin.py:188} INFO - [2025-09-29T16:21:41.346+0000] {dagbag.py:545} INFO - Filling up the DagBag from /home/airflow/.local/lib/python3.12/site-packages/airflow/example_dags/example_params_trigger_ui.py
[2025-09-29T16:21:41.371+0000] {processor.py:840} INFO - DAG(s) 'example_params_trigger_ui' retrieved from /home/airflow/.local/lib/python3.12/site-packages/airflow/example_dags/example_params_trigger_ui.py
[2025-09-29T16:21:41.487+0000] {logging_mixin.py:188} INFO - [2025-09-29T16:21:41.486+0000] {dag.py:3089} INFO - Sync 1 DAGs
[2025-09-29T16:21:41.515+0000] {logging_mixin.py:188} INFO - [2025-09-29T16:21:41.515+0000] {dag.py:3947} INFO - Setting next_dagrun for example_params_trigger_ui to None, run_after=None
[2025-09-29T16:21:41.563+0000] {processor.py:183} INFO - Processing /home/airflow/.local/lib/python3.12/site-packages/airflow/example_dags/example_params_trigger_ui.py took 0.236 seconds
[2025-09-29T16:22:11.920+0000] {processor.py:161} INFO - Started process (PID=25261) to work on /home/airflow/.local/lib/python3.12/site-packages/airflow/example_dags/example_params_trigger_ui.py
[2025-09-29T16:22:11.923+0000] {processor.py:830} INFO - Processing file /home/airflow/.local/lib/python3.12/site-packages/airflow/example_dags/example_params_trigger_ui.py for tasks to queue
[2025-09-29T16:22:11.925+0000] {logging_mixin.py:188} INFO - [2025-09-29T16:22:11.924+0000] {dagbag.py:545} INFO - Filling up the DagBag from /home/airflow/.local/lib/python3.12/site-packages/airflow/example_dags/example_params_trigger_ui.py
[2025-09-29T16:22:11.949+0000] {processor.py:840} INFO - DAG(s) 'example_params_trigger_ui' retrieved from /home/airflow/.local/lib/python3.12/site-packages/airflow/example_dags/example_params_trigger_ui.py
[2025-09-29T16:22:12.062+0000] {logging_mixin.py:188} INFO - [2025-09-29T16:22:12.061+0000] {dag.py:3089} INFO - Sync 1 DAGs
[2025-09-29T16:22:12.090+0000] {logging_mixin.py:188} INFO - [2025-09-29T16:22:12.090+0000] {dag.py:3947} INFO - Setting next_dagrun for example_params_trigger_ui to None, run_after=None
[2025-09-29T16:22:12.134+0000] {processor.py:183} INFO - Processing /home/airflow/.local/lib/python3.12/site-packages/airflow/example_dags/example_params_trigger_ui.py took 0.230 seconds
[2025-09-29T16:22:42.320+0000] {processor.py:161} INFO - Started process (PID=25522) to work on /home/airflow/.local/lib/python3.12/site-packages/airflow/example_dags/example_params_trigger_ui.py
[2025-09-29T16:22:42.323+0000] {processor.py:830} INFO - Processing file /home/airflow/.local/lib/python3.12/site-packages/airflow/example_dags/example_params_trigger_ui.py for tasks to queue
[2025-09-29T16:22:42.325+0000] {logging_mixin.py:188} INFO - [2025-09-29T16:22:42.324+0000] {dagbag.py:545} INFO - Filling up the DagBag from /home/airflow/.local/lib/python3.12/site-packages/airflow/example_dags/example_params_trigger_ui.py
[2025-09-29T16:22:42.348+0000] {processor.py:840} INFO - DAG(s) 'example_params_trigger_ui' retrieved from /home/airflow/.local/lib/python3.12/site-packages/airflow/example_dags/example_params_trigger_ui.py
[2025-09-29T16:22:42.476+0000] {logging_mixin.py:188} INFO - [2025-09-29T16:22:42.476+0000] {dag.py:3089} INFO - Sync 1 DAGs
[2025-09-29T16:22:42.507+0000] {logging_mixin.py:188} INFO - [2025-09-29T16:22:42.506+0000] {dag.py:3947} INFO - Setting next_dagrun for example_params_trigger_ui to None, run_after=None
[2025-09-29T16:22:42.555+0000] {processor.py:183} INFO - Processing /home/airflow/.local/lib/python3.12/site-packages/airflow/example_dags/example_params_trigger_ui.py took 0.249 seconds
[2025-09-29T16:23:13.480+0000] {processor.py:161} INFO - Started process (PID=25783) to work on /home/airflow/.local/lib/python3.12/site-packages/airflow/example_dags/example_params_trigger_ui.py
[2025-09-29T16:23:13.483+0000] {processor.py:830} INFO - Processing file /home/airflow/.local/lib/python3.12/site-packages/airflow/example_dags/example_params_trigger_ui.py for tasks to queue
[2025-09-29T16:23:13.486+0000] {logging_mixin.py:188} INFO - [2025-09-29T16:23:13.485+0000] {dagbag.py:545} INFO - Filling up the DagBag from /home/airflow/.local/lib/python3.12/site-packages/airflow/example_dags/example_params_trigger_ui.py
[2025-09-29T16:23:13.512+0000] {processor.py:840} INFO - DAG(s) 'example_params_trigger_ui' retrieved from /home/airflow/.local/lib/python3.12/site-packages/airflow/example_dags/example_params_trigger_ui.py
[2025-09-29T16:23:13.649+0000] {logging_mixin.py:188} INFO - [2025-09-29T16:23:13.649+0000] {dag.py:3089} INFO - Sync 1 DAGs
[2025-09-29T16:23:13.688+0000] {logging_mixin.py:188} INFO - [2025-09-29T16:23:13.687+0000] {dag.py:3947} INFO - Setting next_dagrun for example_params_trigger_ui to None, run_after=None
[2025-09-29T16:23:13.742+0000] {processor.py:183} INFO - Processing /home/airflow/.local/lib/python3.12/site-packages/airflow/example_dags/example_params_trigger_ui.py took 0.281 seconds
[2025-09-29T16:23:44.258+0000] {processor.py:161} INFO - Started process (PID=26044) to work on /home/airflow/.local/lib/python3.12/site-packages/airflow/example_dags/example_params_trigger_ui.py
[2025-09-29T16:23:44.262+0000] {processor.py:830} INFO - Processing file /home/airflow/.local/lib/python3.12/site-packages/airflow/example_dags/example_params_trigger_ui.py for tasks to queue
[2025-09-29T16:23:44.264+0000] {logging_mixin.py:188} INFO - [2025-09-29T16:23:44.263+0000] {dagbag.py:545} INFO - Filling up the DagBag from /home/airflow/.local/lib/python3.12/site-packages/airflow/example_dags/example_params_trigger_ui.py
[2025-09-29T16:23:44.297+0000] {processor.py:840} INFO - DAG(s) 'example_params_trigger_ui' retrieved from /home/airflow/.local/lib/python3.12/site-packages/airflow/example_dags/example_params_trigger_ui.py
[2025-09-29T16:23:44.449+0000] {logging_mixin.py:188} INFO - [2025-09-29T16:23:44.448+0000] {dag.py:3089} INFO - Sync 1 DAGs
[2025-09-29T16:23:44.485+0000] {logging_mixin.py:188} INFO - [2025-09-29T16:23:44.484+0000] {dag.py:3947} INFO - Setting next_dagrun for example_params_trigger_ui to None, run_after=None
[2025-09-29T16:23:44.545+0000] {processor.py:183} INFO - Processing /home/airflow/.local/lib/python3.12/site-packages/airflow/example_dags/example_params_trigger_ui.py took 0.305 seconds
[2025-09-29T16:24:14.971+0000] {processor.py:161} INFO - Started process (PID=26305) to work on /home/airflow/.local/lib/python3.12/site-packages/airflow/example_dags/example_params_trigger_ui.py
[2025-09-29T16:24:14.975+0000] {processor.py:830} INFO - Processing file /home/airflow/.local/lib/python3.12/site-packages/airflow/example_dags/example_params_trigger_ui.py for tasks to queue
[2025-09-29T16:24:14.978+0000] {logging_mixin.py:188} INFO - [2025-09-29T16:24:14.977+0000] {dagbag.py:545} INFO - Filling up the DagBag from /home/airflow/.local/lib/python3.12/site-packages/airflow/example_dags/example_params_trigger_ui.py
[2025-09-29T16:24:15.004+0000] {processor.py:840} INFO - DAG(s) 'example_params_trigger_ui' retrieved from /home/airflow/.local/lib/python3.12/site-packages/airflow/example_dags/example_params_trigger_ui.py
[2025-09-29T16:24:15.129+0000] {logging_mixin.py:188} INFO - [2025-09-29T16:24:15.128+0000] {dag.py:3089} INFO - Sync 1 DAGs
[2025-09-29T16:24:15.161+0000] {logging_mixin.py:188} INFO - [2025-09-29T16:24:15.160+0000] {dag.py:3947} INFO - Setting next_dagrun for example_params_trigger_ui to None, run_after=None
[2025-09-29T16:24:15.226+0000] {processor.py:183} INFO - Processing /home/airflow/.local/lib/python3.12/site-packages/airflow/example_dags/example_params_trigger_ui.py took 0.272 seconds
[2025-09-29T16:24:45.436+0000] {processor.py:161} INFO - Started process (PID=26566) to work on /home/airflow/.local/lib/python3.12/site-packages/airflow/example_dags/example_params_trigger_ui.py
[2025-09-29T16:24:45.440+0000] {processor.py:830} INFO - Processing file /home/airflow/.local/lib/python3.12/site-packages/airflow/example_dags/example_params_trigger_ui.py for tasks to queue
[2025-09-29T16:24:45.443+0000] {logging_mixin.py:188} INFO - [2025-09-29T16:24:45.441+0000] {dagbag.py:545} INFO - Filling up the DagBag from /home/airflow/.local/lib/python3.12/site-packages/airflow/example_dags/example_params_trigger_ui.py
[2025-09-29T16:24:45.476+0000] {processor.py:840} INFO - DAG(s) 'example_params_trigger_ui' retrieved from /home/airflow/.local/lib/python3.12/site-packages/airflow/example_dags/example_params_trigger_ui.py
[2025-09-29T16:24:45.647+0000] {logging_mixin.py:188} INFO - [2025-09-29T16:24:45.646+0000] {dag.py:3089} INFO - Sync 1 DAGs
[2025-09-29T16:24:45.691+0000] {logging_mixin.py:188} INFO - [2025-09-29T16:24:45.690+0000] {dag.py:3947} INFO - Setting next_dagrun for example_params_trigger_ui to None, run_after=None
[2025-09-29T16:24:45.758+0000] {processor.py:183} INFO - Processing /home/airflow/.local/lib/python3.12/site-packages/airflow/example_dags/example_params_trigger_ui.py took 0.346 seconds
[2025-09-29T16:25:16.743+0000] {processor.py:161} INFO - Started process (PID=26827) to work on /home/airflow/.local/lib/python3.12/site-packages/airflow/example_dags/example_params_trigger_ui.py
[2025-09-29T16:25:16.746+0000] {processor.py:830} INFO - Processing file /home/airflow/.local/lib/python3.12/site-packages/airflow/example_dags/example_params_trigger_ui.py for tasks to queue
[2025-09-29T16:25:16.749+0000] {logging_mixin.py:188} INFO - [2025-09-29T16:25:16.747+0000] {dagbag.py:545} INFO - Filling up the DagBag from /home/airflow/.local/lib/python3.12/site-packages/airflow/example_dags/example_params_trigger_ui.py
[2025-09-29T16:25:16.773+0000] {processor.py:840} INFO - DAG(s) 'example_params_trigger_ui' retrieved from /home/airflow/.local/lib/python3.12/site-packages/airflow/example_dags/example_params_trigger_ui.py
[2025-09-29T16:25:16.885+0000] {logging_mixin.py:188} INFO - [2025-09-29T16:25:16.885+0000] {dag.py:3089} INFO - Sync 1 DAGs
[2025-09-29T16:25:16.918+0000] {logging_mixin.py:188} INFO - [2025-09-29T16:25:16.917+0000] {dag.py:3947} INFO - Setting next_dagrun for example_params_trigger_ui to None, run_after=None
[2025-09-29T16:25:16.971+0000] {processor.py:183} INFO - Processing /home/airflow/.local/lib/python3.12/site-packages/airflow/example_dags/example_params_trigger_ui.py took 0.243 seconds
[2025-09-29T16:25:48.116+0000] {processor.py:161} INFO - Started process (PID=27088) to work on /home/airflow/.local/lib/python3.12/site-packages/airflow/example_dags/example_params_trigger_ui.py
[2025-09-29T16:25:48.119+0000] {processor.py:830} INFO - Processing file /home/airflow/.local/lib/python3.12/site-packages/airflow/example_dags/example_params_trigger_ui.py for tasks to queue
[2025-09-29T16:25:48.121+0000] {logging_mixin.py:188} INFO - [2025-09-29T16:25:48.120+0000] {dagbag.py:545} INFO - Filling up the DagBag from /home/airflow/.local/lib/python3.12/site-packages/airflow/example_dags/example_params_trigger_ui.py
[2025-09-29T16:25:48.147+0000] {processor.py:840} INFO - DAG(s) 'example_params_trigger_ui' retrieved from /home/airflow/.local/lib/python3.12/site-packages/airflow/example_dags/example_params_trigger_ui.py
[2025-09-29T16:25:48.273+0000] {logging_mixin.py:188} INFO - [2025-09-29T16:25:48.273+0000] {dag.py:3089} INFO - Sync 1 DAGs
[2025-09-29T16:25:48.303+0000] {logging_mixin.py:188} INFO - [2025-09-29T16:25:48.302+0000] {dag.py:3947} INFO - Setting next_dagrun for example_params_trigger_ui to None, run_after=None
[2025-09-29T16:25:48.355+0000] {processor.py:183} INFO - Processing /home/airflow/.local/lib/python3.12/site-packages/airflow/example_dags/example_params_trigger_ui.py took 0.254 seconds
[2025-09-29T16:26:18.501+0000] {processor.py:161} INFO - Started process (PID=27349) to work on /home/airflow/.local/lib/python3.12/site-packages/airflow/example_dags/example_params_trigger_ui.py
[2025-09-29T16:26:18.504+0000] {processor.py:830} INFO - Processing file /home/airflow/.local/lib/python3.12/site-packages/airflow/example_dags/example_params_trigger_ui.py for tasks to queue
[2025-09-29T16:26:18.506+0000] {logging_mixin.py:188} INFO - [2025-09-29T16:26:18.505+0000] {dagbag.py:545} INFO - Filling up the DagBag from /home/airflow/.local/lib/python3.12/site-packages/airflow/example_dags/example_params_trigger_ui.py
[2025-09-29T16:26:18.532+0000] {processor.py:840} INFO - DAG(s) 'example_params_trigger_ui' retrieved from /home/airflow/.local/lib/python3.12/site-packages/airflow/example_dags/example_params_trigger_ui.py
[2025-09-29T16:26:18.649+0000] {logging_mixin.py:188} INFO - [2025-09-29T16:26:18.649+0000] {dag.py:3089} INFO - Sync 1 DAGs
[2025-09-29T16:26:18.688+0000] {logging_mixin.py:188} INFO - [2025-09-29T16:26:18.687+0000] {dag.py:3947} INFO - Setting next_dagrun for example_params_trigger_ui to None, run_after=None
[2025-09-29T16:26:18.748+0000] {processor.py:183} INFO - Processing /home/airflow/.local/lib/python3.12/site-packages/airflow/example_dags/example_params_trigger_ui.py took 0.262 seconds
[2025-09-29T16:26:48.909+0000] {processor.py:161} INFO - Started process (PID=27606) to work on /home/airflow/.local/lib/python3.12/site-packages/airflow/example_dags/example_params_trigger_ui.py
[2025-09-29T16:26:48.911+0000] {processor.py:830} INFO - Processing file /home/airflow/.local/lib/python3.12/site-packages/airflow/example_dags/example_params_trigger_ui.py for tasks to queue
[2025-09-29T16:26:48.913+0000] {logging_mixin.py:188} INFO - [2025-09-29T16:26:48.913+0000] {dagbag.py:545} INFO - Filling up the DagBag from /home/airflow/.local/lib/python3.12/site-packages/airflow/example_dags/example_params_trigger_ui.py
[2025-09-29T16:26:48.939+0000] {processor.py:840} INFO - DAG(s) 'example_params_trigger_ui' retrieved from /home/airflow/.local/lib/python3.12/site-packages/airflow/example_dags/example_params_trigger_ui.py
[2025-09-29T16:26:49.071+0000] {logging_mixin.py:188} INFO - [2025-09-29T16:26:49.071+0000] {dag.py:3089} INFO - Sync 1 DAGs
[2025-09-29T16:26:49.107+0000] {logging_mixin.py:188} INFO - [2025-09-29T16:26:49.106+0000] {dag.py:3947} INFO - Setting next_dagrun for example_params_trigger_ui to None, run_after=None
[2025-09-29T16:26:49.162+0000] {processor.py:183} INFO - Processing /home/airflow/.local/lib/python3.12/site-packages/airflow/example_dags/example_params_trigger_ui.py took 0.270 seconds
[2025-09-29T16:27:19.435+0000] {processor.py:161} INFO - Started process (PID=27865) to work on /home/airflow/.local/lib/python3.12/site-packages/airflow/example_dags/example_params_trigger_ui.py
[2025-09-29T16:27:19.437+0000] {processor.py:830} INFO - Processing file /home/airflow/.local/lib/python3.12/site-packages/airflow/example_dags/example_params_trigger_ui.py for tasks to queue
[2025-09-29T16:27:19.439+0000] {logging_mixin.py:188} INFO - [2025-09-29T16:27:19.438+0000] {dagbag.py:545} INFO - Filling up the DagBag from /home/airflow/.local/lib/python3.12/site-packages/airflow/example_dags/example_params_trigger_ui.py
[2025-09-29T16:27:19.463+0000] {processor.py:840} INFO - DAG(s) 'example_params_trigger_ui' retrieved from /home/airflow/.local/lib/python3.12/site-packages/airflow/example_dags/example_params_trigger_ui.py
[2025-09-29T16:27:19.568+0000] {logging_mixin.py:188} INFO - [2025-09-29T16:27:19.567+0000] {dag.py:3089} INFO - Sync 1 DAGs
[2025-09-29T16:27:19.601+0000] {logging_mixin.py:188} INFO - [2025-09-29T16:27:19.600+0000] {dag.py:3947} INFO - Setting next_dagrun for example_params_trigger_ui to None, run_after=None
[2025-09-29T16:27:19.655+0000] {processor.py:183} INFO - Processing /home/airflow/.local/lib/python3.12/site-packages/airflow/example_dags/example_params_trigger_ui.py took 0.236 seconds
[2025-09-29T16:27:50.011+0000] {processor.py:161} INFO - Started process (PID=28127) to work on /home/airflow/.local/lib/python3.12/site-packages/airflow/example_dags/example_params_trigger_ui.py
[2025-09-29T16:27:50.014+0000] {processor.py:830} INFO - Processing file /home/airflow/.local/lib/python3.12/site-packages/airflow/example_dags/example_params_trigger_ui.py for tasks to queue
[2025-09-29T16:27:50.017+0000] {logging_mixin.py:188} INFO - [2025-09-29T16:27:50.016+0000] {dagbag.py:545} INFO - Filling up the DagBag from /home/airflow/.local/lib/python3.12/site-packages/airflow/example_dags/example_params_trigger_ui.py
[2025-09-29T16:27:50.046+0000] {processor.py:840} INFO - DAG(s) 'example_params_trigger_ui' retrieved from /home/airflow/.local/lib/python3.12/site-packages/airflow/example_dags/example_params_trigger_ui.py
[2025-09-29T16:27:50.185+0000] {logging_mixin.py:188} INFO - [2025-09-29T16:27:50.184+0000] {dag.py:3089} INFO - Sync 1 DAGs
[2025-09-29T16:27:50.215+0000] {logging_mixin.py:188} INFO - [2025-09-29T16:27:50.214+0000] {dag.py:3947} INFO - Setting next_dagrun for example_params_trigger_ui to None, run_after=None
[2025-09-29T16:27:50.264+0000] {processor.py:183} INFO - Processing /home/airflow/.local/lib/python3.12/site-packages/airflow/example_dags/example_params_trigger_ui.py took 0.269 seconds
[2025-09-29T16:28:20.509+0000] {processor.py:161} INFO - Started process (PID=28387) to work on /home/airflow/.local/lib/python3.12/site-packages/airflow/example_dags/example_params_trigger_ui.py
[2025-09-29T16:28:20.513+0000] {processor.py:830} INFO - Processing file /home/airflow/.local/lib/python3.12/site-packages/airflow/example_dags/example_params_trigger_ui.py for tasks to queue
[2025-09-29T16:28:20.515+0000] {logging_mixin.py:188} INFO - [2025-09-29T16:28:20.514+0000] {dagbag.py:545} INFO - Filling up the DagBag from /home/airflow/.local/lib/python3.12/site-packages/airflow/example_dags/example_params_trigger_ui.py
[2025-09-29T16:28:20.543+0000] {processor.py:840} INFO - DAG(s) 'example_params_trigger_ui' retrieved from /home/airflow/.local/lib/python3.12/site-packages/airflow/example_dags/example_params_trigger_ui.py
[2025-09-29T16:28:20.656+0000] {logging_mixin.py:188} INFO - [2025-09-29T16:28:20.655+0000] {dag.py:3089} INFO - Sync 1 DAGs
[2025-09-29T16:28:20.686+0000] {logging_mixin.py:188} INFO - [2025-09-29T16:28:20.685+0000] {dag.py:3947} INFO - Setting next_dagrun for example_params_trigger_ui to None, run_after=None
[2025-09-29T16:28:20.736+0000] {processor.py:183} INFO - Processing /home/airflow/.local/lib/python3.12/site-packages/airflow/example_dags/example_params_trigger_ui.py took 0.242 seconds
[2025-09-29T16:28:50.902+0000] {processor.py:161} INFO - Started process (PID=28648) to work on /home/airflow/.local/lib/python3.12/site-packages/airflow/example_dags/example_params_trigger_ui.py
[2025-09-29T16:28:50.906+0000] {processor.py:830} INFO - Processing file /home/airflow/.local/lib/python3.12/site-packages/airflow/example_dags/example_params_trigger_ui.py for tasks to queue
[2025-09-29T16:28:50.907+0000] {logging_mixin.py:188} INFO - [2025-09-29T16:28:50.907+0000] {dagbag.py:545} INFO - Filling up the DagBag from /home/airflow/.local/lib/python3.12/site-packages/airflow/example_dags/example_params_trigger_ui.py
[2025-09-29T16:28:50.930+0000] {processor.py:840} INFO - DAG(s) 'example_params_trigger_ui' retrieved from /home/airflow/.local/lib/python3.12/site-packages/airflow/example_dags/example_params_trigger_ui.py
[2025-09-29T16:28:51.052+0000] {logging_mixin.py:188} INFO - [2025-09-29T16:28:51.052+0000] {dag.py:3089} INFO - Sync 1 DAGs
[2025-09-29T16:28:51.088+0000] {logging_mixin.py:188} INFO - [2025-09-29T16:28:51.088+0000] {dag.py:3947} INFO - Setting next_dagrun for example_params_trigger_ui to None, run_after=None
[2025-09-29T16:28:51.144+0000] {processor.py:183} INFO - Processing /home/airflow/.local/lib/python3.12/site-packages/airflow/example_dags/example_params_trigger_ui.py took 0.256 seconds
[2025-09-29T16:29:22.052+0000] {processor.py:161} INFO - Started process (PID=28909) to work on /home/airflow/.local/lib/python3.12/site-packages/airflow/example_dags/example_params_trigger_ui.py
[2025-09-29T16:29:22.054+0000] {processor.py:830} INFO - Processing file /home/airflow/.local/lib/python3.12/site-packages/airflow/example_dags/example_params_trigger_ui.py for tasks to queue
[2025-09-29T16:29:22.056+0000] {logging_mixin.py:188} INFO - [2025-09-29T16:29:22.055+0000] {dagbag.py:545} INFO - Filling up the DagBag from /home/airflow/.local/lib/python3.12/site-packages/airflow/example_dags/example_params_trigger_ui.py
[2025-09-29T16:29:22.083+0000] {processor.py:840} INFO - DAG(s) 'example_params_trigger_ui' retrieved from /home/airflow/.local/lib/python3.12/site-packages/airflow/example_dags/example_params_trigger_ui.py
[2025-09-29T16:29:22.204+0000] {logging_mixin.py:188} INFO - [2025-09-29T16:29:22.204+0000] {dag.py:3089} INFO - Sync 1 DAGs
[2025-09-29T16:29:22.237+0000] {logging_mixin.py:188} INFO - [2025-09-29T16:29:22.236+0000] {dag.py:3947} INFO - Setting next_dagrun for example_params_trigger_ui to None, run_after=None
[2025-09-29T16:29:22.290+0000] {processor.py:183} INFO - Processing /home/airflow/.local/lib/python3.12/site-packages/airflow/example_dags/example_params_trigger_ui.py took 0.257 seconds
[2025-09-29T16:29:52.997+0000] {processor.py:161} INFO - Started process (PID=29170) to work on /home/airflow/.local/lib/python3.12/site-packages/airflow/example_dags/example_params_trigger_ui.py
[2025-09-29T16:29:53.000+0000] {processor.py:830} INFO - Processing file /home/airflow/.local/lib/python3.12/site-packages/airflow/example_dags/example_params_trigger_ui.py for tasks to queue
[2025-09-29T16:29:53.002+0000] {logging_mixin.py:188} INFO - [2025-09-29T16:29:53.001+0000] {dagbag.py:545} INFO - Filling up the DagBag from /home/airflow/.local/lib/python3.12/site-packages/airflow/example_dags/example_params_trigger_ui.py
[2025-09-29T16:29:53.027+0000] {processor.py:840} INFO - DAG(s) 'example_params_trigger_ui' retrieved from /home/airflow/.local/lib/python3.12/site-packages/airflow/example_dags/example_params_trigger_ui.py
[2025-09-29T16:29:53.134+0000] {logging_mixin.py:188} INFO - [2025-09-29T16:29:53.133+0000] {dag.py:3089} INFO - Sync 1 DAGs
[2025-09-29T16:29:53.176+0000] {logging_mixin.py:188} INFO - [2025-09-29T16:29:53.176+0000] {dag.py:3947} INFO - Setting next_dagrun for example_params_trigger_ui to None, run_after=None
[2025-09-29T16:29:53.231+0000] {processor.py:183} INFO - Processing /home/airflow/.local/lib/python3.12/site-packages/airflow/example_dags/example_params_trigger_ui.py took 0.250 seconds
[2025-09-29T16:30:23.755+0000] {processor.py:161} INFO - Started process (PID=29431) to work on /home/airflow/.local/lib/python3.12/site-packages/airflow/example_dags/example_params_trigger_ui.py
[2025-09-29T16:30:23.758+0000] {processor.py:830} INFO - Processing file /home/airflow/.local/lib/python3.12/site-packages/airflow/example_dags/example_params_trigger_ui.py for tasks to queue
[2025-09-29T16:30:23.759+0000] {logging_mixin.py:188} INFO - [2025-09-29T16:30:23.759+0000] {dagbag.py:545} INFO - Filling up the DagBag from /home/airflow/.local/lib/python3.12/site-packages/airflow/example_dags/example_params_trigger_ui.py
[2025-09-29T16:30:23.783+0000] {processor.py:840} INFO - DAG(s) 'example_params_trigger_ui' retrieved from /home/airflow/.local/lib/python3.12/site-packages/airflow/example_dags/example_params_trigger_ui.py
[2025-09-29T16:30:23.892+0000] {logging_mixin.py:188} INFO - [2025-09-29T16:30:23.891+0000] {dag.py:3089} INFO - Sync 1 DAGs
[2025-09-29T16:30:23.920+0000] {logging_mixin.py:188} INFO - [2025-09-29T16:30:23.920+0000] {dag.py:3947} INFO - Setting next_dagrun for example_params_trigger_ui to None, run_after=None
[2025-09-29T16:30:23.983+0000] {processor.py:183} INFO - Processing /home/airflow/.local/lib/python3.12/site-packages/airflow/example_dags/example_params_trigger_ui.py took 0.245 seconds
[2025-09-29T16:30:54.289+0000] {processor.py:161} INFO - Started process (PID=29692) to work on /home/airflow/.local/lib/python3.12/site-packages/airflow/example_dags/example_params_trigger_ui.py
[2025-09-29T16:30:54.293+0000] {processor.py:830} INFO - Processing file /home/airflow/.local/lib/python3.12/site-packages/airflow/example_dags/example_params_trigger_ui.py for tasks to queue
[2025-09-29T16:30:54.296+0000] {logging_mixin.py:188} INFO - [2025-09-29T16:30:54.295+0000] {dagbag.py:545} INFO - Filling up the DagBag from /home/airflow/.local/lib/python3.12/site-packages/airflow/example_dags/example_params_trigger_ui.py
[2025-09-29T16:30:54.339+0000] {processor.py:840} INFO - DAG(s) 'example_params_trigger_ui' retrieved from /home/airflow/.local/lib/python3.12/site-packages/airflow/example_dags/example_params_trigger_ui.py
[2025-09-29T16:30:54.485+0000] {logging_mixin.py:188} INFO - [2025-09-29T16:30:54.485+0000] {dag.py:3089} INFO - Sync 1 DAGs
[2025-09-29T16:30:54.526+0000] {logging_mixin.py:188} INFO - [2025-09-29T16:30:54.526+0000] {dag.py:3947} INFO - Setting next_dagrun for example_params_trigger_ui to None, run_after=None
[2025-09-29T16:30:54.588+0000] {processor.py:183} INFO - Processing /home/airflow/.local/lib/python3.12/site-packages/airflow/example_dags/example_params_trigger_ui.py took 0.318 seconds
[2025-09-29T16:31:24.720+0000] {processor.py:161} INFO - Started process (PID=29953) to work on /home/airflow/.local/lib/python3.12/site-packages/airflow/example_dags/example_params_trigger_ui.py
[2025-09-29T16:31:24.723+0000] {processor.py:830} INFO - Processing file /home/airflow/.local/lib/python3.12/site-packages/airflow/example_dags/example_params_trigger_ui.py for tasks to queue
[2025-09-29T16:31:24.725+0000] {logging_mixin.py:188} INFO - [2025-09-29T16:31:24.724+0000] {dagbag.py:545} INFO - Filling up the DagBag from /home/airflow/.local/lib/python3.12/site-packages/airflow/example_dags/example_params_trigger_ui.py
[2025-09-29T16:31:24.748+0000] {processor.py:840} INFO - DAG(s) 'example_params_trigger_ui' retrieved from /home/airflow/.local/lib/python3.12/site-packages/airflow/example_dags/example_params_trigger_ui.py
[2025-09-29T16:31:24.861+0000] {logging_mixin.py:188} INFO - [2025-09-29T16:31:24.860+0000] {dag.py:3089} INFO - Sync 1 DAGs
[2025-09-29T16:31:24.893+0000] {logging_mixin.py:188} INFO - [2025-09-29T16:31:24.893+0000] {dag.py:3947} INFO - Setting next_dagrun for example_params_trigger_ui to None, run_after=None
[2025-09-29T16:31:24.955+0000] {processor.py:183} INFO - Processing /home/airflow/.local/lib/python3.12/site-packages/airflow/example_dags/example_params_trigger_ui.py took 0.250 seconds
[2025-09-29T16:31:55.345+0000] {processor.py:161} INFO - Started process (PID=30214) to work on /home/airflow/.local/lib/python3.12/site-packages/airflow/example_dags/example_params_trigger_ui.py
[2025-09-29T16:31:55.348+0000] {processor.py:830} INFO - Processing file /home/airflow/.local/lib/python3.12/site-packages/airflow/example_dags/example_params_trigger_ui.py for tasks to queue
[2025-09-29T16:31:55.350+0000] {logging_mixin.py:188} INFO - [2025-09-29T16:31:55.349+0000] {dagbag.py:545} INFO - Filling up the DagBag from /home/airflow/.local/lib/python3.12/site-packages/airflow/example_dags/example_params_trigger_ui.py
[2025-09-29T16:31:55.375+0000] {processor.py:840} INFO - DAG(s) 'example_params_trigger_ui' retrieved from /home/airflow/.local/lib/python3.12/site-packages/airflow/example_dags/example_params_trigger_ui.py
[2025-09-29T16:31:55.485+0000] {logging_mixin.py:188} INFO - [2025-09-29T16:31:55.484+0000] {dag.py:3089} INFO - Sync 1 DAGs
[2025-09-29T16:31:55.514+0000] {logging_mixin.py:188} INFO - [2025-09-29T16:31:55.513+0000] {dag.py:3947} INFO - Setting next_dagrun for example_params_trigger_ui to None, run_after=None
[2025-09-29T16:31:55.557+0000] {processor.py:183} INFO - Processing /home/airflow/.local/lib/python3.12/site-packages/airflow/example_dags/example_params_trigger_ui.py took 0.229 seconds
[2025-09-29T16:32:26.202+0000] {processor.py:161} INFO - Started process (PID=30475) to work on /home/airflow/.local/lib/python3.12/site-packages/airflow/example_dags/example_params_trigger_ui.py
[2025-09-29T16:32:26.205+0000] {processor.py:830} INFO - Processing file /home/airflow/.local/lib/python3.12/site-packages/airflow/example_dags/example_params_trigger_ui.py for tasks to queue
[2025-09-29T16:32:26.207+0000] {logging_mixin.py:188} INFO - [2025-09-29T16:32:26.206+0000] {dagbag.py:545} INFO - Filling up the DagBag from /home/airflow/.local/lib/python3.12/site-packages/airflow/example_dags/example_params_trigger_ui.py
[2025-09-29T16:32:26.232+0000] {processor.py:840} INFO - DAG(s) 'example_params_trigger_ui' retrieved from /home/airflow/.local/lib/python3.12/site-packages/airflow/example_dags/example_params_trigger_ui.py
[2025-09-29T16:32:26.345+0000] {logging_mixin.py:188} INFO - [2025-09-29T16:32:26.344+0000] {dag.py:3089} INFO - Sync 1 DAGs
[2025-09-29T16:32:26.374+0000] {logging_mixin.py:188} INFO - [2025-09-29T16:32:26.374+0000] {dag.py:3947} INFO - Setting next_dagrun for example_params_trigger_ui to None, run_after=None
[2025-09-29T16:32:26.428+0000] {processor.py:183} INFO - Processing /home/airflow/.local/lib/python3.12/site-packages/airflow/example_dags/example_params_trigger_ui.py took 0.240 seconds
[2025-09-29T16:32:56.633+0000] {processor.py:161} INFO - Started process (PID=30736) to work on /home/airflow/.local/lib/python3.12/site-packages/airflow/example_dags/example_params_trigger_ui.py
[2025-09-29T16:32:56.636+0000] {processor.py:830} INFO - Processing file /home/airflow/.local/lib/python3.12/site-packages/airflow/example_dags/example_params_trigger_ui.py for tasks to queue
[2025-09-29T16:32:56.638+0000] {logging_mixin.py:188} INFO - [2025-09-29T16:32:56.637+0000] {dagbag.py:545} INFO - Filling up the DagBag from /home/airflow/.local/lib/python3.12/site-packages/airflow/example_dags/example_params_trigger_ui.py
[2025-09-29T16:32:56.661+0000] {processor.py:840} INFO - DAG(s) 'example_params_trigger_ui' retrieved from /home/airflow/.local/lib/python3.12/site-packages/airflow/example_dags/example_params_trigger_ui.py
[2025-09-29T16:32:56.769+0000] {logging_mixin.py:188} INFO - [2025-09-29T16:32:56.768+0000] {dag.py:3089} INFO - Sync 1 DAGs
[2025-09-29T16:32:56.800+0000] {logging_mixin.py:188} INFO - [2025-09-29T16:32:56.799+0000] {dag.py:3947} INFO - Setting next_dagrun for example_params_trigger_ui to None, run_after=None
[2025-09-29T16:32:56.852+0000] {processor.py:183} INFO - Processing /home/airflow/.local/lib/python3.12/site-packages/airflow/example_dags/example_params_trigger_ui.py took 0.236 seconds
[2025-09-29T16:33:26.995+0000] {processor.py:161} INFO - Started process (PID=30997) to work on /home/airflow/.local/lib/python3.12/site-packages/airflow/example_dags/example_params_trigger_ui.py
[2025-09-29T16:33:26.998+0000] {processor.py:830} INFO - Processing file /home/airflow/.local/lib/python3.12/site-packages/airflow/example_dags/example_params_trigger_ui.py for tasks to queue
[2025-09-29T16:33:27.000+0000] {logging_mixin.py:188} INFO - [2025-09-29T16:33:26.999+0000] {dagbag.py:545} INFO - Filling up the DagBag from /home/airflow/.local/lib/python3.12/site-packages/airflow/example_dags/example_params_trigger_ui.py
[2025-09-29T16:33:27.023+0000] {processor.py:840} INFO - DAG(s) 'example_params_trigger_ui' retrieved from /home/airflow/.local/lib/python3.12/site-packages/airflow/example_dags/example_params_trigger_ui.py
[2025-09-29T16:33:27.138+0000] {logging_mixin.py:188} INFO - [2025-09-29T16:33:27.138+0000] {dag.py:3089} INFO - Sync 1 DAGs
[2025-09-29T16:33:27.171+0000] {logging_mixin.py:188} INFO - [2025-09-29T16:33:27.170+0000] {dag.py:3947} INFO - Setting next_dagrun for example_params_trigger_ui to None, run_after=None
[2025-09-29T16:33:27.220+0000] {processor.py:183} INFO - Processing /home/airflow/.local/lib/python3.12/site-packages/airflow/example_dags/example_params_trigger_ui.py took 0.241 seconds
[2025-09-29T16:33:58.284+0000] {processor.py:161} INFO - Started process (PID=31258) to work on /home/airflow/.local/lib/python3.12/site-packages/airflow/example_dags/example_params_trigger_ui.py
[2025-09-29T16:33:58.286+0000] {processor.py:830} INFO - Processing file /home/airflow/.local/lib/python3.12/site-packages/airflow/example_dags/example_params_trigger_ui.py for tasks to queue
[2025-09-29T16:33:58.288+0000] {logging_mixin.py:188} INFO - [2025-09-29T16:33:58.287+0000] {dagbag.py:545} INFO - Filling up the DagBag from /home/airflow/.local/lib/python3.12/site-packages/airflow/example_dags/example_params_trigger_ui.py
[2025-09-29T16:33:58.312+0000] {processor.py:840} INFO - DAG(s) 'example_params_trigger_ui' retrieved from /home/airflow/.local/lib/python3.12/site-packages/airflow/example_dags/example_params_trigger_ui.py
[2025-09-29T16:33:58.418+0000] {logging_mixin.py:188} INFO - [2025-09-29T16:33:58.418+0000] {dag.py:3089} INFO - Sync 1 DAGs
[2025-09-29T16:33:58.447+0000] {logging_mixin.py:188} INFO - [2025-09-29T16:33:58.446+0000] {dag.py:3947} INFO - Setting next_dagrun for example_params_trigger_ui to None, run_after=None
[2025-09-29T16:33:58.496+0000] {processor.py:183} INFO - Processing /home/airflow/.local/lib/python3.12/site-packages/airflow/example_dags/example_params_trigger_ui.py took 0.226 seconds
[2025-09-29T16:34:29.201+0000] {processor.py:161} INFO - Started process (PID=31519) to work on /home/airflow/.local/lib/python3.12/site-packages/airflow/example_dags/example_params_trigger_ui.py
[2025-09-29T16:34:29.205+0000] {processor.py:830} INFO - Processing file /home/airflow/.local/lib/python3.12/site-packages/airflow/example_dags/example_params_trigger_ui.py for tasks to queue
[2025-09-29T16:34:29.207+0000] {logging_mixin.py:188} INFO - [2025-09-29T16:34:29.206+0000] {dagbag.py:545} INFO - Filling up the DagBag from /home/airflow/.local/lib/python3.12/site-packages/airflow/example_dags/example_params_trigger_ui.py
[2025-09-29T16:34:29.241+0000] {processor.py:840} INFO - DAG(s) 'example_params_trigger_ui' retrieved from /home/airflow/.local/lib/python3.12/site-packages/airflow/example_dags/example_params_trigger_ui.py
[2025-09-29T16:34:29.375+0000] {logging_mixin.py:188} INFO - [2025-09-29T16:34:29.374+0000] {dag.py:3089} INFO - Sync 1 DAGs
[2025-09-29T16:34:29.417+0000] {logging_mixin.py:188} INFO - [2025-09-29T16:34:29.416+0000] {dag.py:3947} INFO - Setting next_dagrun for example_params_trigger_ui to None, run_after=None
[2025-09-29T16:34:29.469+0000] {processor.py:183} INFO - Processing /home/airflow/.local/lib/python3.12/site-packages/airflow/example_dags/example_params_trigger_ui.py took 0.286 seconds
[2025-09-29T16:47:35.775+0000] {processor.py:161} INFO - Started process (PID=397) to work on /home/airflow/.local/lib/python3.12/site-packages/airflow/example_dags/example_params_trigger_ui.py
[2025-09-29T16:47:35.779+0000] {processor.py:830} INFO - Processing file /home/airflow/.local/lib/python3.12/site-packages/airflow/example_dags/example_params_trigger_ui.py for tasks to queue
[2025-09-29T16:47:35.784+0000] {logging_mixin.py:188} INFO - [2025-09-29T16:47:35.783+0000] {dagbag.py:545} INFO - Filling up the DagBag from /home/airflow/.local/lib/python3.12/site-packages/airflow/example_dags/example_params_trigger_ui.py
[2025-09-29T16:47:35.820+0000] {processor.py:840} INFO - DAG(s) 'example_params_trigger_ui' retrieved from /home/airflow/.local/lib/python3.12/site-packages/airflow/example_dags/example_params_trigger_ui.py
[2025-09-29T16:47:35.899+0000] {logging_mixin.py:188} INFO - [2025-09-29T16:47:35.898+0000] {dag.py:3089} INFO - Sync 1 DAGs
[2025-09-29T16:47:35.971+0000] {logging_mixin.py:188} INFO - [2025-09-29T16:47:35.970+0000] {dag.py:3947} INFO - Setting next_dagrun for example_params_trigger_ui to None, run_after=None
[2025-09-29T16:47:36.034+0000] {processor.py:183} INFO - Processing /home/airflow/.local/lib/python3.12/site-packages/airflow/example_dags/example_params_trigger_ui.py took 0.277 seconds
[2025-09-29T16:48:16.077+0000] {processor.py:161} INFO - Started process (PID=671) to work on /home/airflow/.local/lib/python3.12/site-packages/airflow/example_dags/example_params_trigger_ui.py
[2025-09-29T16:48:16.188+0000] {processor.py:830} INFO - Processing file /home/airflow/.local/lib/python3.12/site-packages/airflow/example_dags/example_params_trigger_ui.py for tasks to queue
[2025-09-29T16:48:16.193+0000] {logging_mixin.py:188} INFO - [2025-09-29T16:48:16.192+0000] {dagbag.py:545} INFO - Filling up the DagBag from /home/airflow/.local/lib/python3.12/site-packages/airflow/example_dags/example_params_trigger_ui.py
[2025-09-29T16:48:16.218+0000] {processor.py:840} INFO - DAG(s) 'example_params_trigger_ui' retrieved from /home/airflow/.local/lib/python3.12/site-packages/airflow/example_dags/example_params_trigger_ui.py
[2025-09-29T16:48:16.628+0000] {logging_mixin.py:188} INFO - [2025-09-29T16:48:16.627+0000] {dag.py:3089} INFO - Sync 1 DAGs
[2025-09-29T16:48:16.654+0000] {logging_mixin.py:188} INFO - [2025-09-29T16:48:16.653+0000] {dag.py:3947} INFO - Setting next_dagrun for example_params_trigger_ui to None, run_after=None
[2025-09-29T16:48:16.716+0000] {processor.py:183} INFO - Processing /home/airflow/.local/lib/python3.12/site-packages/airflow/example_dags/example_params_trigger_ui.py took 0.655 seconds
[2025-09-29T16:48:47.025+0000] {processor.py:161} INFO - Started process (PID=943) to work on /home/airflow/.local/lib/python3.12/site-packages/airflow/example_dags/example_params_trigger_ui.py
[2025-09-29T16:48:47.027+0000] {processor.py:830} INFO - Processing file /home/airflow/.local/lib/python3.12/site-packages/airflow/example_dags/example_params_trigger_ui.py for tasks to queue
[2025-09-29T16:48:47.032+0000] {logging_mixin.py:188} INFO - [2025-09-29T16:48:47.031+0000] {dagbag.py:545} INFO - Filling up the DagBag from /home/airflow/.local/lib/python3.12/site-packages/airflow/example_dags/example_params_trigger_ui.py
[2025-09-29T16:48:47.056+0000] {processor.py:840} INFO - DAG(s) 'example_params_trigger_ui' retrieved from /home/airflow/.local/lib/python3.12/site-packages/airflow/example_dags/example_params_trigger_ui.py
[2025-09-29T16:48:47.182+0000] {logging_mixin.py:188} INFO - [2025-09-29T16:48:47.181+0000] {dag.py:3089} INFO - Sync 1 DAGs
[2025-09-29T16:48:47.215+0000] {logging_mixin.py:188} INFO - [2025-09-29T16:48:47.214+0000] {dag.py:3947} INFO - Setting next_dagrun for example_params_trigger_ui to None, run_after=None
[2025-09-29T16:48:47.267+0000] {processor.py:183} INFO - Processing /home/airflow/.local/lib/python3.12/site-packages/airflow/example_dags/example_params_trigger_ui.py took 0.256 seconds
[2025-09-29T16:55:38.965+0000] {processor.py:161} INFO - Started process (PID=426) to work on /home/airflow/.local/lib/python3.12/site-packages/airflow/example_dags/example_params_trigger_ui.py
[2025-09-29T16:55:38.968+0000] {processor.py:830} INFO - Processing file /home/airflow/.local/lib/python3.12/site-packages/airflow/example_dags/example_params_trigger_ui.py for tasks to queue
[2025-09-29T16:55:38.972+0000] {logging_mixin.py:188} INFO - [2025-09-29T16:55:38.972+0000] {dagbag.py:545} INFO - Filling up the DagBag from /home/airflow/.local/lib/python3.12/site-packages/airflow/example_dags/example_params_trigger_ui.py
[2025-09-29T16:55:39.007+0000] {processor.py:840} INFO - DAG(s) 'example_params_trigger_ui' retrieved from /home/airflow/.local/lib/python3.12/site-packages/airflow/example_dags/example_params_trigger_ui.py
[2025-09-29T16:55:39.045+0000] {logging_mixin.py:188} INFO - [2025-09-29T16:55:39.044+0000] {dag.py:3089} INFO - Sync 1 DAGs
[2025-09-29T16:55:39.075+0000] {logging_mixin.py:188} INFO - [2025-09-29T16:55:39.075+0000] {dag.py:3947} INFO - Setting next_dagrun for example_params_trigger_ui to None, run_after=None
[2025-09-29T16:55:39.135+0000] {processor.py:183} INFO - Processing /home/airflow/.local/lib/python3.12/site-packages/airflow/example_dags/example_params_trigger_ui.py took 0.190 seconds
[2025-09-29T16:56:19.652+0000] {processor.py:161} INFO - Started process (PID=699) to work on /home/airflow/.local/lib/python3.12/site-packages/airflow/example_dags/example_params_trigger_ui.py
[2025-09-29T16:56:19.655+0000] {processor.py:830} INFO - Processing file /home/airflow/.local/lib/python3.12/site-packages/airflow/example_dags/example_params_trigger_ui.py for tasks to queue
[2025-09-29T16:56:19.659+0000] {logging_mixin.py:188} INFO - [2025-09-29T16:56:19.659+0000] {dagbag.py:545} INFO - Filling up the DagBag from /home/airflow/.local/lib/python3.12/site-packages/airflow/example_dags/example_params_trigger_ui.py
[2025-09-29T16:56:19.682+0000] {processor.py:840} INFO - DAG(s) 'example_params_trigger_ui' retrieved from /home/airflow/.local/lib/python3.12/site-packages/airflow/example_dags/example_params_trigger_ui.py
[2025-09-29T16:56:20.068+0000] {logging_mixin.py:188} INFO - [2025-09-29T16:56:20.067+0000] {dag.py:3089} INFO - Sync 1 DAGs
[2025-09-29T16:56:20.095+0000] {logging_mixin.py:188} INFO - [2025-09-29T16:56:20.094+0000] {dag.py:3947} INFO - Setting next_dagrun for example_params_trigger_ui to None, run_after=None
[2025-09-29T16:56:20.142+0000] {processor.py:183} INFO - Processing /home/airflow/.local/lib/python3.12/site-packages/airflow/example_dags/example_params_trigger_ui.py took 0.505 seconds
[2025-09-29T16:56:50.394+0000] {processor.py:161} INFO - Started process (PID=965) to work on /home/airflow/.local/lib/python3.12/site-packages/airflow/example_dags/example_params_trigger_ui.py
[2025-09-29T16:56:50.396+0000] {processor.py:830} INFO - Processing file /home/airflow/.local/lib/python3.12/site-packages/airflow/example_dags/example_params_trigger_ui.py for tasks to queue
[2025-09-29T16:56:50.402+0000] {logging_mixin.py:188} INFO - [2025-09-29T16:56:50.401+0000] {dagbag.py:545} INFO - Filling up the DagBag from /home/airflow/.local/lib/python3.12/site-packages/airflow/example_dags/example_params_trigger_ui.py
[2025-09-29T16:56:50.426+0000] {processor.py:840} INFO - DAG(s) 'example_params_trigger_ui' retrieved from /home/airflow/.local/lib/python3.12/site-packages/airflow/example_dags/example_params_trigger_ui.py
[2025-09-29T16:56:50.539+0000] {logging_mixin.py:188} INFO - [2025-09-29T16:56:50.538+0000] {dag.py:3089} INFO - Sync 1 DAGs
[2025-09-29T16:56:50.574+0000] {logging_mixin.py:188} INFO - [2025-09-29T16:56:50.573+0000] {dag.py:3947} INFO - Setting next_dagrun for example_params_trigger_ui to None, run_after=None
[2025-09-29T16:56:50.633+0000] {processor.py:183} INFO - Processing /home/airflow/.local/lib/python3.12/site-packages/airflow/example_dags/example_params_trigger_ui.py took 0.254 seconds
[2025-09-29T16:57:24.596+0000] {processor.py:161} INFO - Started process (PID=1234) to work on /home/airflow/.local/lib/python3.12/site-packages/airflow/example_dags/example_params_trigger_ui.py
[2025-09-29T16:57:24.599+0000] {processor.py:830} INFO - Processing file /home/airflow/.local/lib/python3.12/site-packages/airflow/example_dags/example_params_trigger_ui.py for tasks to queue
[2025-09-29T16:57:24.604+0000] {logging_mixin.py:188} INFO - [2025-09-29T16:57:24.603+0000] {dagbag.py:545} INFO - Filling up the DagBag from /home/airflow/.local/lib/python3.12/site-packages/airflow/example_dags/example_params_trigger_ui.py
[2025-09-29T16:57:24.640+0000] {processor.py:840} INFO - DAG(s) 'example_params_trigger_ui' retrieved from /home/airflow/.local/lib/python3.12/site-packages/airflow/example_dags/example_params_trigger_ui.py
[2025-09-29T16:57:24.764+0000] {logging_mixin.py:188} INFO - [2025-09-29T16:57:24.764+0000] {dag.py:3089} INFO - Sync 1 DAGs
[2025-09-29T16:57:24.798+0000] {logging_mixin.py:188} INFO - [2025-09-29T16:57:24.798+0000] {dag.py:3947} INFO - Setting next_dagrun for example_params_trigger_ui to None, run_after=None
[2025-09-29T16:57:24.852+0000] {processor.py:183} INFO - Processing /home/airflow/.local/lib/python3.12/site-packages/airflow/example_dags/example_params_trigger_ui.py took 0.274 seconds
[2025-09-29T16:57:54.976+0000] {processor.py:161} INFO - Started process (PID=1496) to work on /home/airflow/.local/lib/python3.12/site-packages/airflow/example_dags/example_params_trigger_ui.py
[2025-09-29T16:57:54.979+0000] {processor.py:830} INFO - Processing file /home/airflow/.local/lib/python3.12/site-packages/airflow/example_dags/example_params_trigger_ui.py for tasks to queue
[2025-09-29T16:57:54.983+0000] {logging_mixin.py:188} INFO - [2025-09-29T16:57:54.983+0000] {dagbag.py:545} INFO - Filling up the DagBag from /home/airflow/.local/lib/python3.12/site-packages/airflow/example_dags/example_params_trigger_ui.py
[2025-09-29T16:57:55.011+0000] {processor.py:840} INFO - DAG(s) 'example_params_trigger_ui' retrieved from /home/airflow/.local/lib/python3.12/site-packages/airflow/example_dags/example_params_trigger_ui.py
[2025-09-29T16:57:55.136+0000] {logging_mixin.py:188} INFO - [2025-09-29T16:57:55.135+0000] {dag.py:3089} INFO - Sync 1 DAGs
[2025-09-29T16:57:55.179+0000] {logging_mixin.py:188} INFO - [2025-09-29T16:57:55.179+0000] {dag.py:3947} INFO - Setting next_dagrun for example_params_trigger_ui to None, run_after=None
[2025-09-29T16:57:55.238+0000] {processor.py:183} INFO - Processing /home/airflow/.local/lib/python3.12/site-packages/airflow/example_dags/example_params_trigger_ui.py took 0.284 seconds
[2025-09-29T16:58:26.254+0000] {processor.py:161} INFO - Started process (PID=1758) to work on /home/airflow/.local/lib/python3.12/site-packages/airflow/example_dags/example_params_trigger_ui.py
[2025-09-29T16:58:26.257+0000] {processor.py:830} INFO - Processing file /home/airflow/.local/lib/python3.12/site-packages/airflow/example_dags/example_params_trigger_ui.py for tasks to queue
[2025-09-29T16:58:26.261+0000] {logging_mixin.py:188} INFO - [2025-09-29T16:58:26.260+0000] {dagbag.py:545} INFO - Filling up the DagBag from /home/airflow/.local/lib/python3.12/site-packages/airflow/example_dags/example_params_trigger_ui.py
[2025-09-29T16:58:26.283+0000] {processor.py:840} INFO - DAG(s) 'example_params_trigger_ui' retrieved from /home/airflow/.local/lib/python3.12/site-packages/airflow/example_dags/example_params_trigger_ui.py
[2025-09-29T16:58:26.450+0000] {logging_mixin.py:188} INFO - [2025-09-29T16:58:26.449+0000] {dag.py:3089} INFO - Sync 1 DAGs
[2025-09-29T16:58:26.496+0000] {logging_mixin.py:188} INFO - [2025-09-29T16:58:26.496+0000] {dag.py:3947} INFO - Setting next_dagrun for example_params_trigger_ui to None, run_after=None
[2025-09-29T16:58:26.562+0000] {processor.py:183} INFO - Processing /home/airflow/.local/lib/python3.12/site-packages/airflow/example_dags/example_params_trigger_ui.py took 0.324 seconds
[2025-09-29T16:58:57.168+0000] {processor.py:161} INFO - Started process (PID=2020) to work on /home/airflow/.local/lib/python3.12/site-packages/airflow/example_dags/example_params_trigger_ui.py
[2025-09-29T16:58:57.171+0000] {processor.py:830} INFO - Processing file /home/airflow/.local/lib/python3.12/site-packages/airflow/example_dags/example_params_trigger_ui.py for tasks to queue
[2025-09-29T16:58:57.175+0000] {logging_mixin.py:188} INFO - [2025-09-29T16:58:57.174+0000] {dagbag.py:545} INFO - Filling up the DagBag from /home/airflow/.local/lib/python3.12/site-packages/airflow/example_dags/example_params_trigger_ui.py
[2025-09-29T16:58:57.197+0000] {processor.py:840} INFO - DAG(s) 'example_params_trigger_ui' retrieved from /home/airflow/.local/lib/python3.12/site-packages/airflow/example_dags/example_params_trigger_ui.py
[2025-09-29T16:58:57.306+0000] {logging_mixin.py:188} INFO - [2025-09-29T16:58:57.306+0000] {dag.py:3089} INFO - Sync 1 DAGs
[2025-09-29T16:58:57.337+0000] {logging_mixin.py:188} INFO - [2025-09-29T16:58:57.337+0000] {dag.py:3947} INFO - Setting next_dagrun for example_params_trigger_ui to None, run_after=None
[2025-09-29T16:58:57.389+0000] {processor.py:183} INFO - Processing /home/airflow/.local/lib/python3.12/site-packages/airflow/example_dags/example_params_trigger_ui.py took 0.236 seconds
[2025-09-29T16:59:28.352+0000] {processor.py:161} INFO - Started process (PID=2282) to work on /home/airflow/.local/lib/python3.12/site-packages/airflow/example_dags/example_params_trigger_ui.py
[2025-09-29T16:59:28.355+0000] {processor.py:830} INFO - Processing file /home/airflow/.local/lib/python3.12/site-packages/airflow/example_dags/example_params_trigger_ui.py for tasks to queue
[2025-09-29T16:59:28.360+0000] {logging_mixin.py:188} INFO - [2025-09-29T16:59:28.359+0000] {dagbag.py:545} INFO - Filling up the DagBag from /home/airflow/.local/lib/python3.12/site-packages/airflow/example_dags/example_params_trigger_ui.py
[2025-09-29T16:59:28.384+0000] {processor.py:840} INFO - DAG(s) 'example_params_trigger_ui' retrieved from /home/airflow/.local/lib/python3.12/site-packages/airflow/example_dags/example_params_trigger_ui.py
[2025-09-29T16:59:28.490+0000] {logging_mixin.py:188} INFO - [2025-09-29T16:59:28.489+0000] {dag.py:3089} INFO - Sync 1 DAGs
[2025-09-29T16:59:28.520+0000] {logging_mixin.py:188} INFO - [2025-09-29T16:59:28.519+0000] {dag.py:3947} INFO - Setting next_dagrun for example_params_trigger_ui to None, run_after=None
[2025-09-29T16:59:28.568+0000] {processor.py:183} INFO - Processing /home/airflow/.local/lib/python3.12/site-packages/airflow/example_dags/example_params_trigger_ui.py took 0.234 seconds
[2025-09-29T16:59:59.439+0000] {processor.py:161} INFO - Started process (PID=2544) to work on /home/airflow/.local/lib/python3.12/site-packages/airflow/example_dags/example_params_trigger_ui.py
[2025-09-29T16:59:59.442+0000] {processor.py:830} INFO - Processing file /home/airflow/.local/lib/python3.12/site-packages/airflow/example_dags/example_params_trigger_ui.py for tasks to queue
[2025-09-29T16:59:59.446+0000] {logging_mixin.py:188} INFO - [2025-09-29T16:59:59.446+0000] {dagbag.py:545} INFO - Filling up the DagBag from /home/airflow/.local/lib/python3.12/site-packages/airflow/example_dags/example_params_trigger_ui.py
[2025-09-29T16:59:59.468+0000] {processor.py:840} INFO - DAG(s) 'example_params_trigger_ui' retrieved from /home/airflow/.local/lib/python3.12/site-packages/airflow/example_dags/example_params_trigger_ui.py
[2025-09-29T16:59:59.573+0000] {logging_mixin.py:188} INFO - [2025-09-29T16:59:59.572+0000] {dag.py:3089} INFO - Sync 1 DAGs
[2025-09-29T16:59:59.603+0000] {logging_mixin.py:188} INFO - [2025-09-29T16:59:59.602+0000] {dag.py:3947} INFO - Setting next_dagrun for example_params_trigger_ui to None, run_after=None
[2025-09-29T16:59:59.653+0000] {processor.py:183} INFO - Processing /home/airflow/.local/lib/python3.12/site-packages/airflow/example_dags/example_params_trigger_ui.py took 0.228 seconds
[2025-09-29T17:00:31.034+0000] {processor.py:161} INFO - Started process (PID=2808) to work on /home/airflow/.local/lib/python3.12/site-packages/airflow/example_dags/example_params_trigger_ui.py
[2025-09-29T17:00:31.093+0000] {processor.py:830} INFO - Processing file /home/airflow/.local/lib/python3.12/site-packages/airflow/example_dags/example_params_trigger_ui.py for tasks to queue
[2025-09-29T17:00:31.127+0000] {logging_mixin.py:188} INFO - [2025-09-29T17:00:31.126+0000] {dagbag.py:545} INFO - Filling up the DagBag from /home/airflow/.local/lib/python3.12/site-packages/airflow/example_dags/example_params_trigger_ui.py
[2025-09-29T17:00:31.161+0000] {processor.py:840} INFO - DAG(s) 'example_params_trigger_ui' retrieved from /home/airflow/.local/lib/python3.12/site-packages/airflow/example_dags/example_params_trigger_ui.py
[2025-09-29T17:00:31.274+0000] {logging_mixin.py:188} INFO - [2025-09-29T17:00:31.274+0000] {dag.py:3089} INFO - Sync 1 DAGs
[2025-09-29T17:00:31.305+0000] {logging_mixin.py:188} INFO - [2025-09-29T17:00:31.304+0000] {dag.py:3947} INFO - Setting next_dagrun for example_params_trigger_ui to None, run_after=None
[2025-09-29T17:00:31.352+0000] {processor.py:183} INFO - Processing /home/airflow/.local/lib/python3.12/site-packages/airflow/example_dags/example_params_trigger_ui.py took 0.334 seconds
[2025-09-29T17:01:02.707+0000] {processor.py:161} INFO - Started process (PID=3068) to work on /home/airflow/.local/lib/python3.12/site-packages/airflow/example_dags/example_params_trigger_ui.py
[2025-09-29T17:01:02.713+0000] {processor.py:830} INFO - Processing file /home/airflow/.local/lib/python3.12/site-packages/airflow/example_dags/example_params_trigger_ui.py for tasks to queue
[2025-09-29T17:01:02.723+0000] {logging_mixin.py:188} INFO - [2025-09-29T17:01:02.723+0000] {dagbag.py:545} INFO - Filling up the DagBag from /home/airflow/.local/lib/python3.12/site-packages/airflow/example_dags/example_params_trigger_ui.py
[2025-09-29T17:01:02.767+0000] {processor.py:840} INFO - DAG(s) 'example_params_trigger_ui' retrieved from /home/airflow/.local/lib/python3.12/site-packages/airflow/example_dags/example_params_trigger_ui.py
[2025-09-29T17:01:02.885+0000] {logging_mixin.py:188} INFO - [2025-09-29T17:01:02.885+0000] {dag.py:3089} INFO - Sync 1 DAGs
[2025-09-29T17:01:02.921+0000] {logging_mixin.py:188} INFO - [2025-09-29T17:01:02.920+0000] {dag.py:3947} INFO - Setting next_dagrun for example_params_trigger_ui to None, run_after=None
[2025-09-29T17:01:02.971+0000] {processor.py:183} INFO - Processing /home/airflow/.local/lib/python3.12/site-packages/airflow/example_dags/example_params_trigger_ui.py took 0.283 seconds
[2025-09-29T17:01:33.088+0000] {processor.py:161} INFO - Started process (PID=3329) to work on /home/airflow/.local/lib/python3.12/site-packages/airflow/example_dags/example_params_trigger_ui.py
[2025-09-29T17:01:33.091+0000] {processor.py:830} INFO - Processing file /home/airflow/.local/lib/python3.12/site-packages/airflow/example_dags/example_params_trigger_ui.py for tasks to queue
[2025-09-29T17:01:33.095+0000] {logging_mixin.py:188} INFO - [2025-09-29T17:01:33.094+0000] {dagbag.py:545} INFO - Filling up the DagBag from /home/airflow/.local/lib/python3.12/site-packages/airflow/example_dags/example_params_trigger_ui.py
[2025-09-29T17:01:33.117+0000] {processor.py:840} INFO - DAG(s) 'example_params_trigger_ui' retrieved from /home/airflow/.local/lib/python3.12/site-packages/airflow/example_dags/example_params_trigger_ui.py
[2025-09-29T17:01:33.226+0000] {logging_mixin.py:188} INFO - [2025-09-29T17:01:33.225+0000] {dag.py:3089} INFO - Sync 1 DAGs
[2025-09-29T17:01:33.256+0000] {logging_mixin.py:188} INFO - [2025-09-29T17:01:33.255+0000] {dag.py:3947} INFO - Setting next_dagrun for example_params_trigger_ui to None, run_after=None
[2025-09-29T17:01:33.305+0000] {processor.py:183} INFO - Processing /home/airflow/.local/lib/python3.12/site-packages/airflow/example_dags/example_params_trigger_ui.py took 0.231 seconds
[2025-09-29T17:02:03.782+0000] {processor.py:161} INFO - Started process (PID=3586) to work on /home/airflow/.local/lib/python3.12/site-packages/airflow/example_dags/example_params_trigger_ui.py
[2025-09-29T17:02:03.785+0000] {processor.py:830} INFO - Processing file /home/airflow/.local/lib/python3.12/site-packages/airflow/example_dags/example_params_trigger_ui.py for tasks to queue
[2025-09-29T17:02:03.790+0000] {logging_mixin.py:188} INFO - [2025-09-29T17:02:03.789+0000] {dagbag.py:545} INFO - Filling up the DagBag from /home/airflow/.local/lib/python3.12/site-packages/airflow/example_dags/example_params_trigger_ui.py
[2025-09-29T17:02:03.821+0000] {processor.py:840} INFO - DAG(s) 'example_params_trigger_ui' retrieved from /home/airflow/.local/lib/python3.12/site-packages/airflow/example_dags/example_params_trigger_ui.py
[2025-09-29T17:02:03.985+0000] {logging_mixin.py:188} INFO - [2025-09-29T17:02:03.985+0000] {dag.py:3089} INFO - Sync 1 DAGs
[2025-09-29T17:02:04.025+0000] {logging_mixin.py:188} INFO - [2025-09-29T17:02:04.024+0000] {dag.py:3947} INFO - Setting next_dagrun for example_params_trigger_ui to None, run_after=None
[2025-09-29T17:02:04.090+0000] {processor.py:183} INFO - Processing /home/airflow/.local/lib/python3.12/site-packages/airflow/example_dags/example_params_trigger_ui.py took 0.332 seconds
[2025-09-29T17:02:35.139+0000] {processor.py:161} INFO - Started process (PID=3848) to work on /home/airflow/.local/lib/python3.12/site-packages/airflow/example_dags/example_params_trigger_ui.py
[2025-09-29T17:02:35.142+0000] {processor.py:830} INFO - Processing file /home/airflow/.local/lib/python3.12/site-packages/airflow/example_dags/example_params_trigger_ui.py for tasks to queue
[2025-09-29T17:02:35.146+0000] {logging_mixin.py:188} INFO - [2025-09-29T17:02:35.146+0000] {dagbag.py:545} INFO - Filling up the DagBag from /home/airflow/.local/lib/python3.12/site-packages/airflow/example_dags/example_params_trigger_ui.py
[2025-09-29T17:02:35.172+0000] {processor.py:840} INFO - DAG(s) 'example_params_trigger_ui' retrieved from /home/airflow/.local/lib/python3.12/site-packages/airflow/example_dags/example_params_trigger_ui.py
[2025-09-29T17:02:35.307+0000] {logging_mixin.py:188} INFO - [2025-09-29T17:02:35.307+0000] {dag.py:3089} INFO - Sync 1 DAGs
[2025-09-29T17:02:35.343+0000] {logging_mixin.py:188} INFO - [2025-09-29T17:02:35.342+0000] {dag.py:3947} INFO - Setting next_dagrun for example_params_trigger_ui to None, run_after=None
[2025-09-29T17:02:35.395+0000] {processor.py:183} INFO - Processing /home/airflow/.local/lib/python3.12/site-packages/airflow/example_dags/example_params_trigger_ui.py took 0.270 seconds
[2025-09-29T17:03:05.543+0000] {processor.py:161} INFO - Started process (PID=4110) to work on /home/airflow/.local/lib/python3.12/site-packages/airflow/example_dags/example_params_trigger_ui.py
[2025-09-29T17:03:05.546+0000] {processor.py:830} INFO - Processing file /home/airflow/.local/lib/python3.12/site-packages/airflow/example_dags/example_params_trigger_ui.py for tasks to queue
[2025-09-29T17:03:05.551+0000] {logging_mixin.py:188} INFO - [2025-09-29T17:03:05.550+0000] {dagbag.py:545} INFO - Filling up the DagBag from /home/airflow/.local/lib/python3.12/site-packages/airflow/example_dags/example_params_trigger_ui.py
[2025-09-29T17:03:05.575+0000] {processor.py:840} INFO - DAG(s) 'example_params_trigger_ui' retrieved from /home/airflow/.local/lib/python3.12/site-packages/airflow/example_dags/example_params_trigger_ui.py
[2025-09-29T17:03:05.687+0000] {logging_mixin.py:188} INFO - [2025-09-29T17:03:05.686+0000] {dag.py:3089} INFO - Sync 1 DAGs
[2025-09-29T17:03:05.723+0000] {logging_mixin.py:188} INFO - [2025-09-29T17:03:05.723+0000] {dag.py:3947} INFO - Setting next_dagrun for example_params_trigger_ui to None, run_after=None
[2025-09-29T17:03:05.772+0000] {processor.py:183} INFO - Processing /home/airflow/.local/lib/python3.12/site-packages/airflow/example_dags/example_params_trigger_ui.py took 0.245 seconds
[2025-09-29T17:03:35.897+0000] {processor.py:161} INFO - Started process (PID=4372) to work on /home/airflow/.local/lib/python3.12/site-packages/airflow/example_dags/example_params_trigger_ui.py
[2025-09-29T17:03:35.900+0000] {processor.py:830} INFO - Processing file /home/airflow/.local/lib/python3.12/site-packages/airflow/example_dags/example_params_trigger_ui.py for tasks to queue
[2025-09-29T17:03:35.904+0000] {logging_mixin.py:188} INFO - [2025-09-29T17:03:35.904+0000] {dagbag.py:545} INFO - Filling up the DagBag from /home/airflow/.local/lib/python3.12/site-packages/airflow/example_dags/example_params_trigger_ui.py
[2025-09-29T17:03:35.928+0000] {processor.py:840} INFO - DAG(s) 'example_params_trigger_ui' retrieved from /home/airflow/.local/lib/python3.12/site-packages/airflow/example_dags/example_params_trigger_ui.py
[2025-09-29T17:03:36.037+0000] {logging_mixin.py:188} INFO - [2025-09-29T17:03:36.036+0000] {dag.py:3089} INFO - Sync 1 DAGs
[2025-09-29T17:03:36.068+0000] {logging_mixin.py:188} INFO - [2025-09-29T17:03:36.067+0000] {dag.py:3947} INFO - Setting next_dagrun for example_params_trigger_ui to None, run_after=None
[2025-09-29T17:03:36.117+0000] {processor.py:183} INFO - Processing /home/airflow/.local/lib/python3.12/site-packages/airflow/example_dags/example_params_trigger_ui.py took 0.234 seconds
[2025-09-29T17:04:05.621+0000] {processor.py:161} INFO - Started process (PID=4634) to work on /home/airflow/.local/lib/python3.12/site-packages/airflow/example_dags/example_params_trigger_ui.py
[2025-09-29T17:04:05.624+0000] {processor.py:830} INFO - Processing file /home/airflow/.local/lib/python3.12/site-packages/airflow/example_dags/example_params_trigger_ui.py for tasks to queue
[2025-09-29T17:04:05.628+0000] {logging_mixin.py:188} INFO - [2025-09-29T17:04:05.627+0000] {dagbag.py:545} INFO - Filling up the DagBag from /home/airflow/.local/lib/python3.12/site-packages/airflow/example_dags/example_params_trigger_ui.py
[2025-09-29T17:04:05.651+0000] {processor.py:840} INFO - DAG(s) 'example_params_trigger_ui' retrieved from /home/airflow/.local/lib/python3.12/site-packages/airflow/example_dags/example_params_trigger_ui.py
[2025-09-29T17:04:05.761+0000] {logging_mixin.py:188} INFO - [2025-09-29T17:04:05.760+0000] {dag.py:3089} INFO - Sync 1 DAGs
[2025-09-29T17:04:05.794+0000] {logging_mixin.py:188} INFO - [2025-09-29T17:04:05.794+0000] {dag.py:3947} INFO - Setting next_dagrun for example_params_trigger_ui to None, run_after=None
[2025-09-29T17:04:05.845+0000] {processor.py:183} INFO - Processing /home/airflow/.local/lib/python3.12/site-packages/airflow/example_dags/example_params_trigger_ui.py took 0.238 seconds
[2025-09-29T17:04:36.222+0000] {processor.py:161} INFO - Started process (PID=4896) to work on /home/airflow/.local/lib/python3.12/site-packages/airflow/example_dags/example_params_trigger_ui.py
[2025-09-29T17:04:36.225+0000] {processor.py:830} INFO - Processing file /home/airflow/.local/lib/python3.12/site-packages/airflow/example_dags/example_params_trigger_ui.py for tasks to queue
[2025-09-29T17:04:36.230+0000] {logging_mixin.py:188} INFO - [2025-09-29T17:04:36.229+0000] {dagbag.py:545} INFO - Filling up the DagBag from /home/airflow/.local/lib/python3.12/site-packages/airflow/example_dags/example_params_trigger_ui.py
[2025-09-29T17:04:36.252+0000] {processor.py:840} INFO - DAG(s) 'example_params_trigger_ui' retrieved from /home/airflow/.local/lib/python3.12/site-packages/airflow/example_dags/example_params_trigger_ui.py
[2025-09-29T17:04:36.364+0000] {logging_mixin.py:188} INFO - [2025-09-29T17:04:36.364+0000] {dag.py:3089} INFO - Sync 1 DAGs
[2025-09-29T17:04:36.413+0000] {logging_mixin.py:188} INFO - [2025-09-29T17:04:36.413+0000] {dag.py:3947} INFO - Setting next_dagrun for example_params_trigger_ui to None, run_after=None
[2025-09-29T17:04:36.463+0000] {processor.py:183} INFO - Processing /home/airflow/.local/lib/python3.12/site-packages/airflow/example_dags/example_params_trigger_ui.py took 0.258 seconds
[2025-09-29T17:05:06.921+0000] {processor.py:161} INFO - Started process (PID=5164) to work on /home/airflow/.local/lib/python3.12/site-packages/airflow/example_dags/example_params_trigger_ui.py
[2025-09-29T17:05:06.924+0000] {processor.py:830} INFO - Processing file /home/airflow/.local/lib/python3.12/site-packages/airflow/example_dags/example_params_trigger_ui.py for tasks to queue
[2025-09-29T17:05:06.928+0000] {logging_mixin.py:188} INFO - [2025-09-29T17:05:06.927+0000] {dagbag.py:545} INFO - Filling up the DagBag from /home/airflow/.local/lib/python3.12/site-packages/airflow/example_dags/example_params_trigger_ui.py
[2025-09-29T17:05:06.955+0000] {processor.py:840} INFO - DAG(s) 'example_params_trigger_ui' retrieved from /home/airflow/.local/lib/python3.12/site-packages/airflow/example_dags/example_params_trigger_ui.py
[2025-09-29T17:05:07.066+0000] {logging_mixin.py:188} INFO - [2025-09-29T17:05:07.065+0000] {dag.py:3089} INFO - Sync 1 DAGs
[2025-09-29T17:05:07.096+0000] {logging_mixin.py:188} INFO - [2025-09-29T17:05:07.095+0000] {dag.py:3947} INFO - Setting next_dagrun for example_params_trigger_ui to None, run_after=None
[2025-09-29T17:05:07.143+0000] {processor.py:183} INFO - Processing /home/airflow/.local/lib/python3.12/site-packages/airflow/example_dags/example_params_trigger_ui.py took 0.235 seconds
[2025-09-29T17:05:38.022+0000] {processor.py:161} INFO - Started process (PID=5441) to work on /home/airflow/.local/lib/python3.12/site-packages/airflow/example_dags/example_params_trigger_ui.py
[2025-09-29T17:05:38.026+0000] {processor.py:830} INFO - Processing file /home/airflow/.local/lib/python3.12/site-packages/airflow/example_dags/example_params_trigger_ui.py for tasks to queue
[2025-09-29T17:05:38.033+0000] {logging_mixin.py:188} INFO - [2025-09-29T17:05:38.031+0000] {dagbag.py:545} INFO - Filling up the DagBag from /home/airflow/.local/lib/python3.12/site-packages/airflow/example_dags/example_params_trigger_ui.py
[2025-09-29T17:05:38.066+0000] {processor.py:840} INFO - DAG(s) 'example_params_trigger_ui' retrieved from /home/airflow/.local/lib/python3.12/site-packages/airflow/example_dags/example_params_trigger_ui.py
[2025-09-29T17:05:38.236+0000] {logging_mixin.py:188} INFO - [2025-09-29T17:05:38.236+0000] {dag.py:3089} INFO - Sync 1 DAGs
[2025-09-29T17:05:38.299+0000] {logging_mixin.py:188} INFO - [2025-09-29T17:05:38.299+0000] {dag.py:3947} INFO - Setting next_dagrun for example_params_trigger_ui to None, run_after=None
[2025-09-29T17:05:38.397+0000] {processor.py:183} INFO - Processing /home/airflow/.local/lib/python3.12/site-packages/airflow/example_dags/example_params_trigger_ui.py took 0.394 seconds
[2025-09-29T17:06:09.405+0000] {processor.py:161} INFO - Started process (PID=5703) to work on /home/airflow/.local/lib/python3.12/site-packages/airflow/example_dags/example_params_trigger_ui.py
[2025-09-29T17:06:09.408+0000] {processor.py:830} INFO - Processing file /home/airflow/.local/lib/python3.12/site-packages/airflow/example_dags/example_params_trigger_ui.py for tasks to queue
[2025-09-29T17:06:09.413+0000] {logging_mixin.py:188} INFO - [2025-09-29T17:06:09.412+0000] {dagbag.py:545} INFO - Filling up the DagBag from /home/airflow/.local/lib/python3.12/site-packages/airflow/example_dags/example_params_trigger_ui.py
[2025-09-29T17:06:09.438+0000] {processor.py:840} INFO - DAG(s) 'example_params_trigger_ui' retrieved from /home/airflow/.local/lib/python3.12/site-packages/airflow/example_dags/example_params_trigger_ui.py
[2025-09-29T17:06:09.584+0000] {logging_mixin.py:188} INFO - [2025-09-29T17:06:09.583+0000] {dag.py:3089} INFO - Sync 1 DAGs
[2025-09-29T17:06:09.633+0000] {logging_mixin.py:188} INFO - [2025-09-29T17:06:09.633+0000] {dag.py:3947} INFO - Setting next_dagrun for example_params_trigger_ui to None, run_after=None
[2025-09-29T17:06:09.703+0000] {processor.py:183} INFO - Processing /home/airflow/.local/lib/python3.12/site-packages/airflow/example_dags/example_params_trigger_ui.py took 0.313 seconds
[2025-09-29T17:06:40.192+0000] {processor.py:161} INFO - Started process (PID=5965) to work on /home/airflow/.local/lib/python3.12/site-packages/airflow/example_dags/example_params_trigger_ui.py
[2025-09-29T17:06:40.197+0000] {processor.py:830} INFO - Processing file /home/airflow/.local/lib/python3.12/site-packages/airflow/example_dags/example_params_trigger_ui.py for tasks to queue
[2025-09-29T17:06:40.203+0000] {logging_mixin.py:188} INFO - [2025-09-29T17:06:40.202+0000] {dagbag.py:545} INFO - Filling up the DagBag from /home/airflow/.local/lib/python3.12/site-packages/airflow/example_dags/example_params_trigger_ui.py
[2025-09-29T17:06:40.239+0000] {processor.py:840} INFO - DAG(s) 'example_params_trigger_ui' retrieved from /home/airflow/.local/lib/python3.12/site-packages/airflow/example_dags/example_params_trigger_ui.py
[2025-09-29T17:06:40.415+0000] {logging_mixin.py:188} INFO - [2025-09-29T17:06:40.415+0000] {dag.py:3089} INFO - Sync 1 DAGs
[2025-09-29T17:06:40.467+0000] {logging_mixin.py:188} INFO - [2025-09-29T17:06:40.466+0000] {dag.py:3947} INFO - Setting next_dagrun for example_params_trigger_ui to None, run_after=None
[2025-09-29T17:06:40.547+0000] {processor.py:183} INFO - Processing /home/airflow/.local/lib/python3.12/site-packages/airflow/example_dags/example_params_trigger_ui.py took 0.373 seconds
[2025-09-29T17:07:13.806+0000] {processor.py:161} INFO - Started process (PID=6227) to work on /home/airflow/.local/lib/python3.12/site-packages/airflow/example_dags/example_params_trigger_ui.py
[2025-09-29T17:07:13.812+0000] {processor.py:830} INFO - Processing file /home/airflow/.local/lib/python3.12/site-packages/airflow/example_dags/example_params_trigger_ui.py for tasks to queue
[2025-09-29T17:07:13.819+0000] {logging_mixin.py:188} INFO - [2025-09-29T17:07:13.817+0000] {dagbag.py:545} INFO - Filling up the DagBag from /home/airflow/.local/lib/python3.12/site-packages/airflow/example_dags/example_params_trigger_ui.py
[2025-09-29T17:07:13.854+0000] {processor.py:840} INFO - DAG(s) 'example_params_trigger_ui' retrieved from /home/airflow/.local/lib/python3.12/site-packages/airflow/example_dags/example_params_trigger_ui.py
[2025-09-29T17:07:14.031+0000] {logging_mixin.py:188} INFO - [2025-09-29T17:07:14.030+0000] {dag.py:3089} INFO - Sync 1 DAGs
[2025-09-29T17:07:14.078+0000] {logging_mixin.py:188} INFO - [2025-09-29T17:07:14.077+0000] {dag.py:3947} INFO - Setting next_dagrun for example_params_trigger_ui to None, run_after=None
[2025-09-29T17:07:14.160+0000] {processor.py:183} INFO - Processing /home/airflow/.local/lib/python3.12/site-packages/airflow/example_dags/example_params_trigger_ui.py took 0.376 seconds
[2025-09-29T17:07:45.275+0000] {processor.py:161} INFO - Started process (PID=6489) to work on /home/airflow/.local/lib/python3.12/site-packages/airflow/example_dags/example_params_trigger_ui.py
[2025-09-29T17:07:45.279+0000] {processor.py:830} INFO - Processing file /home/airflow/.local/lib/python3.12/site-packages/airflow/example_dags/example_params_trigger_ui.py for tasks to queue
[2025-09-29T17:07:45.286+0000] {logging_mixin.py:188} INFO - [2025-09-29T17:07:45.285+0000] {dagbag.py:545} INFO - Filling up the DagBag from /home/airflow/.local/lib/python3.12/site-packages/airflow/example_dags/example_params_trigger_ui.py
[2025-09-29T17:07:45.331+0000] {processor.py:840} INFO - DAG(s) 'example_params_trigger_ui' retrieved from /home/airflow/.local/lib/python3.12/site-packages/airflow/example_dags/example_params_trigger_ui.py
[2025-09-29T17:07:45.573+0000] {logging_mixin.py:188} INFO - [2025-09-29T17:07:45.570+0000] {dag.py:3089} INFO - Sync 1 DAGs
[2025-09-29T17:07:45.640+0000] {logging_mixin.py:188} INFO - [2025-09-29T17:07:45.639+0000] {dag.py:3947} INFO - Setting next_dagrun for example_params_trigger_ui to None, run_after=None
[2025-09-29T17:07:45.727+0000] {processor.py:183} INFO - Processing /home/airflow/.local/lib/python3.12/site-packages/airflow/example_dags/example_params_trigger_ui.py took 0.481 seconds
[2025-09-29T17:08:15.929+0000] {processor.py:161} INFO - Started process (PID=6753) to work on /home/airflow/.local/lib/python3.12/site-packages/airflow/example_dags/example_params_trigger_ui.py
[2025-09-29T17:08:15.932+0000] {processor.py:830} INFO - Processing file /home/airflow/.local/lib/python3.12/site-packages/airflow/example_dags/example_params_trigger_ui.py for tasks to queue
[2025-09-29T17:08:15.937+0000] {logging_mixin.py:188} INFO - [2025-09-29T17:08:15.936+0000] {dagbag.py:545} INFO - Filling up the DagBag from /home/airflow/.local/lib/python3.12/site-packages/airflow/example_dags/example_params_trigger_ui.py
[2025-09-29T17:08:15.960+0000] {processor.py:840} INFO - DAG(s) 'example_params_trigger_ui' retrieved from /home/airflow/.local/lib/python3.12/site-packages/airflow/example_dags/example_params_trigger_ui.py
[2025-09-29T17:08:16.107+0000] {logging_mixin.py:188} INFO - [2025-09-29T17:08:16.106+0000] {dag.py:3089} INFO - Sync 1 DAGs
[2025-09-29T17:08:16.143+0000] {logging_mixin.py:188} INFO - [2025-09-29T17:08:16.142+0000] {dag.py:3947} INFO - Setting next_dagrun for example_params_trigger_ui to None, run_after=None
[2025-09-29T17:08:16.201+0000] {processor.py:183} INFO - Processing /home/airflow/.local/lib/python3.12/site-packages/airflow/example_dags/example_params_trigger_ui.py took 0.287 seconds
[2025-09-29T17:08:47.969+0000] {processor.py:161} INFO - Started process (PID=7013) to work on /home/airflow/.local/lib/python3.12/site-packages/airflow/example_dags/example_params_trigger_ui.py
[2025-09-29T17:08:47.972+0000] {processor.py:830} INFO - Processing file /home/airflow/.local/lib/python3.12/site-packages/airflow/example_dags/example_params_trigger_ui.py for tasks to queue
[2025-09-29T17:08:47.978+0000] {logging_mixin.py:188} INFO - [2025-09-29T17:08:47.977+0000] {dagbag.py:545} INFO - Filling up the DagBag from /home/airflow/.local/lib/python3.12/site-packages/airflow/example_dags/example_params_trigger_ui.py
[2025-09-29T17:08:48.009+0000] {processor.py:840} INFO - DAG(s) 'example_params_trigger_ui' retrieved from /home/airflow/.local/lib/python3.12/site-packages/airflow/example_dags/example_params_trigger_ui.py
[2025-09-29T17:08:48.195+0000] {logging_mixin.py:188} INFO - [2025-09-29T17:08:48.194+0000] {dag.py:3089} INFO - Sync 1 DAGs
[2025-09-29T17:08:48.241+0000] {logging_mixin.py:188} INFO - [2025-09-29T17:08:48.240+0000] {dag.py:3947} INFO - Setting next_dagrun for example_params_trigger_ui to None, run_after=None
[2025-09-29T17:08:48.314+0000] {processor.py:183} INFO - Processing /home/airflow/.local/lib/python3.12/site-packages/airflow/example_dags/example_params_trigger_ui.py took 0.377 seconds
[2025-09-29T17:09:31.322+0000] {processor.py:161} INFO - Started process (PID=7300) to work on /home/airflow/.local/lib/python3.12/site-packages/airflow/example_dags/example_params_trigger_ui.py
[2025-09-29T17:09:31.402+0000] {processor.py:830} INFO - Processing file /home/airflow/.local/lib/python3.12/site-packages/airflow/example_dags/example_params_trigger_ui.py for tasks to queue
[2025-09-29T17:09:31.408+0000] {logging_mixin.py:188} INFO - [2025-09-29T17:09:31.407+0000] {dagbag.py:545} INFO - Filling up the DagBag from /home/airflow/.local/lib/python3.12/site-packages/airflow/example_dags/example_params_trigger_ui.py
[2025-09-29T17:09:31.499+0000] {processor.py:840} INFO - DAG(s) 'example_params_trigger_ui' retrieved from /home/airflow/.local/lib/python3.12/site-packages/airflow/example_dags/example_params_trigger_ui.py
[2025-09-29T17:09:31.668+0000] {logging_mixin.py:188} INFO - [2025-09-29T17:09:31.668+0000] {dag.py:3089} INFO - Sync 1 DAGs
[2025-09-29T17:09:31.702+0000] {logging_mixin.py:188} INFO - [2025-09-29T17:09:31.701+0000] {dag.py:3947} INFO - Setting next_dagrun for example_params_trigger_ui to None, run_after=None
[2025-09-29T17:09:31.969+0000] {processor.py:183} INFO - Processing /home/airflow/.local/lib/python3.12/site-packages/airflow/example_dags/example_params_trigger_ui.py took 0.664 seconds
[2025-09-29T17:10:04.239+0000] {processor.py:161} INFO - Started process (PID=7562) to work on /home/airflow/.local/lib/python3.12/site-packages/airflow/example_dags/example_params_trigger_ui.py
[2025-09-29T17:10:04.242+0000] {processor.py:830} INFO - Processing file /home/airflow/.local/lib/python3.12/site-packages/airflow/example_dags/example_params_trigger_ui.py for tasks to queue
[2025-09-29T17:10:04.247+0000] {logging_mixin.py:188} INFO - [2025-09-29T17:10:04.247+0000] {dagbag.py:545} INFO - Filling up the DagBag from /home/airflow/.local/lib/python3.12/site-packages/airflow/example_dags/example_params_trigger_ui.py
[2025-09-29T17:10:04.273+0000] {processor.py:840} INFO - DAG(s) 'example_params_trigger_ui' retrieved from /home/airflow/.local/lib/python3.12/site-packages/airflow/example_dags/example_params_trigger_ui.py
[2025-09-29T17:10:04.393+0000] {logging_mixin.py:188} INFO - [2025-09-29T17:10:04.393+0000] {dag.py:3089} INFO - Sync 1 DAGs
[2025-09-29T17:10:04.425+0000] {logging_mixin.py:188} INFO - [2025-09-29T17:10:04.425+0000] {dag.py:3947} INFO - Setting next_dagrun for example_params_trigger_ui to None, run_after=None
[2025-09-29T17:10:04.480+0000] {processor.py:183} INFO - Processing /home/airflow/.local/lib/python3.12/site-packages/airflow/example_dags/example_params_trigger_ui.py took 0.259 seconds
[2025-09-29T17:10:35.935+0000] {processor.py:161} INFO - Started process (PID=7826) to work on /home/airflow/.local/lib/python3.12/site-packages/airflow/example_dags/example_params_trigger_ui.py
[2025-09-29T17:10:35.938+0000] {processor.py:830} INFO - Processing file /home/airflow/.local/lib/python3.12/site-packages/airflow/example_dags/example_params_trigger_ui.py for tasks to queue
[2025-09-29T17:10:35.945+0000] {logging_mixin.py:188} INFO - [2025-09-29T17:10:35.943+0000] {dagbag.py:545} INFO - Filling up the DagBag from /home/airflow/.local/lib/python3.12/site-packages/airflow/example_dags/example_params_trigger_ui.py
[2025-09-29T17:10:35.975+0000] {processor.py:840} INFO - DAG(s) 'example_params_trigger_ui' retrieved from /home/airflow/.local/lib/python3.12/site-packages/airflow/example_dags/example_params_trigger_ui.py
[2025-09-29T17:10:36.119+0000] {logging_mixin.py:188} INFO - [2025-09-29T17:10:36.119+0000] {dag.py:3089} INFO - Sync 1 DAGs
[2025-09-29T17:10:36.166+0000] {logging_mixin.py:188} INFO - [2025-09-29T17:10:36.166+0000] {dag.py:3947} INFO - Setting next_dagrun for example_params_trigger_ui to None, run_after=None
[2025-09-29T17:10:36.245+0000] {processor.py:183} INFO - Processing /home/airflow/.local/lib/python3.12/site-packages/airflow/example_dags/example_params_trigger_ui.py took 0.336 seconds
[2025-09-29T17:11:07.786+0000] {processor.py:161} INFO - Started process (PID=8089) to work on /home/airflow/.local/lib/python3.12/site-packages/airflow/example_dags/example_params_trigger_ui.py
[2025-09-29T17:11:07.789+0000] {processor.py:830} INFO - Processing file /home/airflow/.local/lib/python3.12/site-packages/airflow/example_dags/example_params_trigger_ui.py for tasks to queue
[2025-09-29T17:11:07.795+0000] {logging_mixin.py:188} INFO - [2025-09-29T17:11:07.794+0000] {dagbag.py:545} INFO - Filling up the DagBag from /home/airflow/.local/lib/python3.12/site-packages/airflow/example_dags/example_params_trigger_ui.py
[2025-09-29T17:11:07.823+0000] {processor.py:840} INFO - DAG(s) 'example_params_trigger_ui' retrieved from /home/airflow/.local/lib/python3.12/site-packages/airflow/example_dags/example_params_trigger_ui.py
[2025-09-29T17:11:07.939+0000] {logging_mixin.py:188} INFO - [2025-09-29T17:11:07.938+0000] {dag.py:3089} INFO - Sync 1 DAGs
[2025-09-29T17:11:07.974+0000] {logging_mixin.py:188} INFO - [2025-09-29T17:11:07.973+0000] {dag.py:3947} INFO - Setting next_dagrun for example_params_trigger_ui to None, run_after=None
[2025-09-29T17:11:08.033+0000] {processor.py:183} INFO - Processing /home/airflow/.local/lib/python3.12/site-packages/airflow/example_dags/example_params_trigger_ui.py took 0.264 seconds
[2025-09-29T17:11:39.630+0000] {processor.py:161} INFO - Started process (PID=8356) to work on /home/airflow/.local/lib/python3.12/site-packages/airflow/example_dags/example_params_trigger_ui.py
[2025-09-29T17:11:39.632+0000] {processor.py:830} INFO - Processing file /home/airflow/.local/lib/python3.12/site-packages/airflow/example_dags/example_params_trigger_ui.py for tasks to queue
[2025-09-29T17:11:39.638+0000] {logging_mixin.py:188} INFO - [2025-09-29T17:11:39.637+0000] {dagbag.py:545} INFO - Filling up the DagBag from /home/airflow/.local/lib/python3.12/site-packages/airflow/example_dags/example_params_trigger_ui.py
[2025-09-29T17:11:39.664+0000] {processor.py:840} INFO - DAG(s) 'example_params_trigger_ui' retrieved from /home/airflow/.local/lib/python3.12/site-packages/airflow/example_dags/example_params_trigger_ui.py
[2025-09-29T17:11:39.784+0000] {logging_mixin.py:188} INFO - [2025-09-29T17:11:39.783+0000] {dag.py:3089} INFO - Sync 1 DAGs
[2025-09-29T17:11:39.820+0000] {logging_mixin.py:188} INFO - [2025-09-29T17:11:39.819+0000] {dag.py:3947} INFO - Setting next_dagrun for example_params_trigger_ui to None, run_after=None
[2025-09-29T17:11:39.875+0000] {processor.py:183} INFO - Processing /home/airflow/.local/lib/python3.12/site-packages/airflow/example_dags/example_params_trigger_ui.py took 0.265 seconds
[2025-09-29T17:12:10.893+0000] {processor.py:161} INFO - Started process (PID=8618) to work on /home/airflow/.local/lib/python3.12/site-packages/airflow/example_dags/example_params_trigger_ui.py
[2025-09-29T17:12:10.896+0000] {processor.py:830} INFO - Processing file /home/airflow/.local/lib/python3.12/site-packages/airflow/example_dags/example_params_trigger_ui.py for tasks to queue
[2025-09-29T17:12:10.902+0000] {logging_mixin.py:188} INFO - [2025-09-29T17:12:10.901+0000] {dagbag.py:545} INFO - Filling up the DagBag from /home/airflow/.local/lib/python3.12/site-packages/airflow/example_dags/example_params_trigger_ui.py
[2025-09-29T17:12:10.932+0000] {processor.py:840} INFO - DAG(s) 'example_params_trigger_ui' retrieved from /home/airflow/.local/lib/python3.12/site-packages/airflow/example_dags/example_params_trigger_ui.py
[2025-09-29T17:12:11.089+0000] {logging_mixin.py:188} INFO - [2025-09-29T17:12:11.088+0000] {dag.py:3089} INFO - Sync 1 DAGs
[2025-09-29T17:12:11.158+0000] {logging_mixin.py:188} INFO - [2025-09-29T17:12:11.157+0000] {dag.py:3947} INFO - Setting next_dagrun for example_params_trigger_ui to None, run_after=None
[2025-09-29T17:12:11.242+0000] {processor.py:183} INFO - Processing /home/airflow/.local/lib/python3.12/site-packages/airflow/example_dags/example_params_trigger_ui.py took 0.368 seconds
[2025-09-29T17:12:45.873+0000] {processor.py:161} INFO - Started process (PID=8900) to work on /home/airflow/.local/lib/python3.12/site-packages/airflow/example_dags/example_params_trigger_ui.py
[2025-09-29T17:12:45.878+0000] {processor.py:830} INFO - Processing file /home/airflow/.local/lib/python3.12/site-packages/airflow/example_dags/example_params_trigger_ui.py for tasks to queue
[2025-09-29T17:12:45.889+0000] {logging_mixin.py:188} INFO - [2025-09-29T17:12:45.888+0000] {dagbag.py:545} INFO - Filling up the DagBag from /home/airflow/.local/lib/python3.12/site-packages/airflow/example_dags/example_params_trigger_ui.py
[2025-09-29T17:12:45.936+0000] {processor.py:840} INFO - DAG(s) 'example_params_trigger_ui' retrieved from /home/airflow/.local/lib/python3.12/site-packages/airflow/example_dags/example_params_trigger_ui.py
[2025-09-29T17:12:46.083+0000] {logging_mixin.py:188} INFO - [2025-09-29T17:12:46.083+0000] {dag.py:3089} INFO - Sync 1 DAGs
[2025-09-29T17:12:46.120+0000] {logging_mixin.py:188} INFO - [2025-09-29T17:12:46.119+0000] {dag.py:3947} INFO - Setting next_dagrun for example_params_trigger_ui to None, run_after=None
[2025-09-29T17:12:46.184+0000] {processor.py:183} INFO - Processing /home/airflow/.local/lib/python3.12/site-packages/airflow/example_dags/example_params_trigger_ui.py took 0.338 seconds
[2025-09-29T17:13:16.654+0000] {processor.py:161} INFO - Started process (PID=9162) to work on /home/airflow/.local/lib/python3.12/site-packages/airflow/example_dags/example_params_trigger_ui.py
[2025-09-29T17:13:16.657+0000] {processor.py:830} INFO - Processing file /home/airflow/.local/lib/python3.12/site-packages/airflow/example_dags/example_params_trigger_ui.py for tasks to queue
[2025-09-29T17:13:16.663+0000] {logging_mixin.py:188} INFO - [2025-09-29T17:13:16.662+0000] {dagbag.py:545} INFO - Filling up the DagBag from /home/airflow/.local/lib/python3.12/site-packages/airflow/example_dags/example_params_trigger_ui.py
[2025-09-29T17:13:16.697+0000] {processor.py:840} INFO - DAG(s) 'example_params_trigger_ui' retrieved from /home/airflow/.local/lib/python3.12/site-packages/airflow/example_dags/example_params_trigger_ui.py
[2025-09-29T17:13:16.830+0000] {logging_mixin.py:188} INFO - [2025-09-29T17:13:16.829+0000] {dag.py:3089} INFO - Sync 1 DAGs
[2025-09-29T17:13:16.865+0000] {logging_mixin.py:188} INFO - [2025-09-29T17:13:16.864+0000] {dag.py:3947} INFO - Setting next_dagrun for example_params_trigger_ui to None, run_after=None
[2025-09-29T17:13:16.927+0000] {processor.py:183} INFO - Processing /home/airflow/.local/lib/python3.12/site-packages/airflow/example_dags/example_params_trigger_ui.py took 0.290 seconds
[2025-09-29T17:13:47.696+0000] {processor.py:161} INFO - Started process (PID=9424) to work on /home/airflow/.local/lib/python3.12/site-packages/airflow/example_dags/example_params_trigger_ui.py
[2025-09-29T17:13:47.699+0000] {processor.py:830} INFO - Processing file /home/airflow/.local/lib/python3.12/site-packages/airflow/example_dags/example_params_trigger_ui.py for tasks to queue
[2025-09-29T17:13:47.705+0000] {logging_mixin.py:188} INFO - [2025-09-29T17:13:47.704+0000] {dagbag.py:545} INFO - Filling up the DagBag from /home/airflow/.local/lib/python3.12/site-packages/airflow/example_dags/example_params_trigger_ui.py
[2025-09-29T17:13:47.733+0000] {processor.py:840} INFO - DAG(s) 'example_params_trigger_ui' retrieved from /home/airflow/.local/lib/python3.12/site-packages/airflow/example_dags/example_params_trigger_ui.py
[2025-09-29T17:13:47.859+0000] {logging_mixin.py:188} INFO - [2025-09-29T17:13:47.858+0000] {dag.py:3089} INFO - Sync 1 DAGs
[2025-09-29T17:13:47.895+0000] {logging_mixin.py:188} INFO - [2025-09-29T17:13:47.894+0000] {dag.py:3947} INFO - Setting next_dagrun for example_params_trigger_ui to None, run_after=None
[2025-09-29T17:13:47.950+0000] {processor.py:183} INFO - Processing /home/airflow/.local/lib/python3.12/site-packages/airflow/example_dags/example_params_trigger_ui.py took 0.272 seconds
[2025-09-29T17:14:18.970+0000] {processor.py:161} INFO - Started process (PID=9686) to work on /home/airflow/.local/lib/python3.12/site-packages/airflow/example_dags/example_params_trigger_ui.py
[2025-09-29T17:14:18.972+0000] {processor.py:830} INFO - Processing file /home/airflow/.local/lib/python3.12/site-packages/airflow/example_dags/example_params_trigger_ui.py for tasks to queue
[2025-09-29T17:14:18.978+0000] {logging_mixin.py:188} INFO - [2025-09-29T17:14:18.977+0000] {dagbag.py:545} INFO - Filling up the DagBag from /home/airflow/.local/lib/python3.12/site-packages/airflow/example_dags/example_params_trigger_ui.py
[2025-09-29T17:14:19.005+0000] {processor.py:840} INFO - DAG(s) 'example_params_trigger_ui' retrieved from /home/airflow/.local/lib/python3.12/site-packages/airflow/example_dags/example_params_trigger_ui.py
[2025-09-29T17:14:19.124+0000] {logging_mixin.py:188} INFO - [2025-09-29T17:14:19.123+0000] {dag.py:3089} INFO - Sync 1 DAGs
[2025-09-29T17:14:19.158+0000] {logging_mixin.py:188} INFO - [2025-09-29T17:14:19.157+0000] {dag.py:3947} INFO - Setting next_dagrun for example_params_trigger_ui to None, run_after=None
[2025-09-29T17:14:19.231+0000] {processor.py:183} INFO - Processing /home/airflow/.local/lib/python3.12/site-packages/airflow/example_dags/example_params_trigger_ui.py took 0.280 seconds
[2025-09-29T17:14:49.428+0000] {processor.py:161} INFO - Started process (PID=9942) to work on /home/airflow/.local/lib/python3.12/site-packages/airflow/example_dags/example_params_trigger_ui.py
[2025-09-29T17:14:49.431+0000] {processor.py:830} INFO - Processing file /home/airflow/.local/lib/python3.12/site-packages/airflow/example_dags/example_params_trigger_ui.py for tasks to queue
[2025-09-29T17:14:49.436+0000] {logging_mixin.py:188} INFO - [2025-09-29T17:14:49.435+0000] {dagbag.py:545} INFO - Filling up the DagBag from /home/airflow/.local/lib/python3.12/site-packages/airflow/example_dags/example_params_trigger_ui.py
[2025-09-29T17:14:49.472+0000] {processor.py:840} INFO - DAG(s) 'example_params_trigger_ui' retrieved from /home/airflow/.local/lib/python3.12/site-packages/airflow/example_dags/example_params_trigger_ui.py
[2025-09-29T17:14:49.594+0000] {logging_mixin.py:188} INFO - [2025-09-29T17:14:49.594+0000] {dag.py:3089} INFO - Sync 1 DAGs
[2025-09-29T17:14:49.627+0000] {logging_mixin.py:188} INFO - [2025-09-29T17:14:49.626+0000] {dag.py:3947} INFO - Setting next_dagrun for example_params_trigger_ui to None, run_after=None
[2025-09-29T17:14:49.685+0000] {processor.py:183} INFO - Processing /home/airflow/.local/lib/python3.12/site-packages/airflow/example_dags/example_params_trigger_ui.py took 0.277 seconds
[2025-09-29T17:15:23.794+0000] {processor.py:161} INFO - Started process (PID=10212) to work on /home/airflow/.local/lib/python3.12/site-packages/airflow/example_dags/example_params_trigger_ui.py
[2025-09-29T17:15:23.798+0000] {processor.py:830} INFO - Processing file /home/airflow/.local/lib/python3.12/site-packages/airflow/example_dags/example_params_trigger_ui.py for tasks to queue
[2025-09-29T17:15:23.811+0000] {logging_mixin.py:188} INFO - [2025-09-29T17:15:23.809+0000] {dagbag.py:545} INFO - Filling up the DagBag from /home/airflow/.local/lib/python3.12/site-packages/airflow/example_dags/example_params_trigger_ui.py
[2025-09-29T17:15:23.870+0000] {processor.py:840} INFO - DAG(s) 'example_params_trigger_ui' retrieved from /home/airflow/.local/lib/python3.12/site-packages/airflow/example_dags/example_params_trigger_ui.py
[2025-09-29T17:15:24.068+0000] {logging_mixin.py:188} INFO - [2025-09-29T17:15:24.066+0000] {dag.py:3089} INFO - Sync 1 DAGs
[2025-09-29T17:15:24.132+0000] {logging_mixin.py:188} INFO - [2025-09-29T17:15:24.131+0000] {dag.py:3947} INFO - Setting next_dagrun for example_params_trigger_ui to None, run_after=None
[2025-09-29T17:15:24.262+0000] {processor.py:183} INFO - Processing /home/airflow/.local/lib/python3.12/site-packages/airflow/example_dags/example_params_trigger_ui.py took 0.514 seconds
[2025-09-29T17:15:55.262+0000] {processor.py:161} INFO - Started process (PID=10492) to work on /home/airflow/.local/lib/python3.12/site-packages/airflow/example_dags/example_params_trigger_ui.py
[2025-09-29T17:15:55.266+0000] {processor.py:830} INFO - Processing file /home/airflow/.local/lib/python3.12/site-packages/airflow/example_dags/example_params_trigger_ui.py for tasks to queue
[2025-09-29T17:15:55.272+0000] {logging_mixin.py:188} INFO - [2025-09-29T17:15:55.271+0000] {dagbag.py:545} INFO - Filling up the DagBag from /home/airflow/.local/lib/python3.12/site-packages/airflow/example_dags/example_params_trigger_ui.py
[2025-09-29T17:15:55.303+0000] {processor.py:840} INFO - DAG(s) 'example_params_trigger_ui' retrieved from /home/airflow/.local/lib/python3.12/site-packages/airflow/example_dags/example_params_trigger_ui.py
[2025-09-29T17:15:55.431+0000] {logging_mixin.py:188} INFO - [2025-09-29T17:15:55.430+0000] {dag.py:3089} INFO - Sync 1 DAGs
[2025-09-29T17:15:55.467+0000] {logging_mixin.py:188} INFO - [2025-09-29T17:15:55.467+0000] {dag.py:3947} INFO - Setting next_dagrun for example_params_trigger_ui to None, run_after=None
[2025-09-29T17:15:55.543+0000] {processor.py:183} INFO - Processing /home/airflow/.local/lib/python3.12/site-packages/airflow/example_dags/example_params_trigger_ui.py took 0.300 seconds
[2025-09-29T17:16:27.231+0000] {processor.py:161} INFO - Started process (PID=10745) to work on /home/airflow/.local/lib/python3.12/site-packages/airflow/example_dags/example_params_trigger_ui.py
[2025-09-29T17:16:27.234+0000] {processor.py:830} INFO - Processing file /home/airflow/.local/lib/python3.12/site-packages/airflow/example_dags/example_params_trigger_ui.py for tasks to queue
[2025-09-29T17:16:27.240+0000] {logging_mixin.py:188} INFO - [2025-09-29T17:16:27.239+0000] {dagbag.py:545} INFO - Filling up the DagBag from /home/airflow/.local/lib/python3.12/site-packages/airflow/example_dags/example_params_trigger_ui.py
[2025-09-29T17:16:27.271+0000] {processor.py:840} INFO - DAG(s) 'example_params_trigger_ui' retrieved from /home/airflow/.local/lib/python3.12/site-packages/airflow/example_dags/example_params_trigger_ui.py
[2025-09-29T17:16:27.794+0000] {logging_mixin.py:188} INFO - [2025-09-29T17:16:27.794+0000] {dag.py:3089} INFO - Sync 1 DAGs
[2025-09-29T17:16:27.819+0000] {logging_mixin.py:188} INFO - [2025-09-29T17:16:27.819+0000] {dag.py:3947} INFO - Setting next_dagrun for example_params_trigger_ui to None, run_after=None
[2025-09-29T17:16:27.869+0000] {processor.py:183} INFO - Processing /home/airflow/.local/lib/python3.12/site-packages/airflow/example_dags/example_params_trigger_ui.py took 0.655 seconds
[2025-09-29T17:16:59.232+0000] {processor.py:161} INFO - Started process (PID=11005) to work on /home/airflow/.local/lib/python3.12/site-packages/airflow/example_dags/example_params_trigger_ui.py
[2025-09-29T17:16:59.235+0000] {processor.py:830} INFO - Processing file /home/airflow/.local/lib/python3.12/site-packages/airflow/example_dags/example_params_trigger_ui.py for tasks to queue
[2025-09-29T17:16:59.270+0000] {logging_mixin.py:188} INFO - [2025-09-29T17:16:59.269+0000] {dagbag.py:545} INFO - Filling up the DagBag from /home/airflow/.local/lib/python3.12/site-packages/airflow/example_dags/example_params_trigger_ui.py
[2025-09-29T17:16:59.346+0000] {processor.py:840} INFO - DAG(s) 'example_params_trigger_ui' retrieved from /home/airflow/.local/lib/python3.12/site-packages/airflow/example_dags/example_params_trigger_ui.py
[2025-09-29T17:16:59.650+0000] {logging_mixin.py:188} INFO - [2025-09-29T17:16:59.649+0000] {dag.py:3089} INFO - Sync 1 DAGs
[2025-09-29T17:16:59.715+0000] {logging_mixin.py:188} INFO - [2025-09-29T17:16:59.714+0000] {dag.py:3947} INFO - Setting next_dagrun for example_params_trigger_ui to None, run_after=None
[2025-09-29T17:17:00.826+0000] {processor.py:183} INFO - Processing /home/airflow/.local/lib/python3.12/site-packages/airflow/example_dags/example_params_trigger_ui.py took 1.625 seconds
