[2025-09-29T15:33:24.639+0000] {processor.py:161} INFO - Started process (PID=381) to work on /home/airflow/.local/lib/python3.12/site-packages/airflow/example_dags/tutorial_taskflow_api_virtualenv.py
[2025-09-29T15:33:24.641+0000] {processor.py:830} INFO - Processing file /home/airflow/.local/lib/python3.12/site-packages/airflow/example_dags/tutorial_taskflow_api_virtualenv.py for tasks to queue
[2025-09-29T15:33:24.646+0000] {logging_mixin.py:188} INFO - [2025-09-29T15:33:24.645+0000] {dagbag.py:545} INFO - Filling up the DagBag from /home/airflow/.local/lib/python3.12/site-packages/airflow/example_dags/tutorial_taskflow_api_virtualenv.py
[2025-09-29T15:33:24.674+0000] {processor.py:840} INFO - DAG(s) 'tutorial_taskflow_api_virtualenv' retrieved from /home/airflow/.local/lib/python3.12/site-packages/airflow/example_dags/tutorial_taskflow_api_virtualenv.py
[2025-09-29T15:33:24.713+0000] {logging_mixin.py:188} INFO - [2025-09-29T15:33:24.713+0000] {dag.py:3089} INFO - Sync 1 DAGs
[2025-09-29T15:33:24.744+0000] {logging_mixin.py:188} INFO - [2025-09-29T15:33:24.743+0000] {dag.py:3947} INFO - Setting next_dagrun for tutorial_taskflow_api_virtualenv to None, run_after=None
[2025-09-29T15:33:24.790+0000] {processor.py:183} INFO - Processing /home/airflow/.local/lib/python3.12/site-packages/airflow/example_dags/tutorial_taskflow_api_virtualenv.py took 0.165 seconds
[2025-09-29T15:33:58.249+0000] {processor.py:161} INFO - Started process (PID=643) to work on /home/airflow/.local/lib/python3.12/site-packages/airflow/example_dags/tutorial_taskflow_api_virtualenv.py
[2025-09-29T15:33:58.252+0000] {processor.py:830} INFO - Processing file /home/airflow/.local/lib/python3.12/site-packages/airflow/example_dags/tutorial_taskflow_api_virtualenv.py for tasks to queue
[2025-09-29T15:33:58.257+0000] {logging_mixin.py:188} INFO - [2025-09-29T15:33:58.256+0000] {dagbag.py:545} INFO - Filling up the DagBag from /home/airflow/.local/lib/python3.12/site-packages/airflow/example_dags/tutorial_taskflow_api_virtualenv.py
[2025-09-29T15:33:58.289+0000] {processor.py:840} INFO - DAG(s) 'tutorial_taskflow_api_virtualenv' retrieved from /home/airflow/.local/lib/python3.12/site-packages/airflow/example_dags/tutorial_taskflow_api_virtualenv.py
[2025-09-29T15:33:58.648+0000] {logging_mixin.py:188} INFO - [2025-09-29T15:33:58.648+0000] {dag.py:3089} INFO - Sync 1 DAGs
[2025-09-29T15:33:58.679+0000] {logging_mixin.py:188} INFO - [2025-09-29T15:33:58.679+0000] {dag.py:3947} INFO - Setting next_dagrun for tutorial_taskflow_api_virtualenv to None, run_after=None
[2025-09-29T15:33:58.747+0000] {processor.py:183} INFO - Processing /home/airflow/.local/lib/python3.12/site-packages/airflow/example_dags/tutorial_taskflow_api_virtualenv.py took 0.518 seconds
[2025-09-29T15:34:29.028+0000] {processor.py:161} INFO - Started process (PID=914) to work on /home/airflow/.local/lib/python3.12/site-packages/airflow/example_dags/tutorial_taskflow_api_virtualenv.py
[2025-09-29T15:34:29.046+0000] {processor.py:830} INFO - Processing file /home/airflow/.local/lib/python3.12/site-packages/airflow/example_dags/tutorial_taskflow_api_virtualenv.py for tasks to queue
[2025-09-29T15:34:29.050+0000] {logging_mixin.py:188} INFO - [2025-09-29T15:34:29.049+0000] {dagbag.py:545} INFO - Filling up the DagBag from /home/airflow/.local/lib/python3.12/site-packages/airflow/example_dags/tutorial_taskflow_api_virtualenv.py
[2025-09-29T15:34:29.075+0000] {processor.py:840} INFO - DAG(s) 'tutorial_taskflow_api_virtualenv' retrieved from /home/airflow/.local/lib/python3.12/site-packages/airflow/example_dags/tutorial_taskflow_api_virtualenv.py
[2025-09-29T15:34:29.131+0000] {logging_mixin.py:188} INFO - [2025-09-29T15:34:29.131+0000] {dag.py:3089} INFO - Sync 1 DAGs
[2025-09-29T15:34:29.163+0000] {logging_mixin.py:188} INFO - [2025-09-29T15:34:29.163+0000] {dag.py:3947} INFO - Setting next_dagrun for tutorial_taskflow_api_virtualenv to None, run_after=None
[2025-09-29T15:34:29.257+0000] {processor.py:183} INFO - Processing /home/airflow/.local/lib/python3.12/site-packages/airflow/example_dags/tutorial_taskflow_api_virtualenv.py took 0.244 seconds
[2025-09-29T15:35:00.010+0000] {processor.py:161} INFO - Started process (PID=1176) to work on /home/airflow/.local/lib/python3.12/site-packages/airflow/example_dags/tutorial_taskflow_api_virtualenv.py
[2025-09-29T15:35:00.013+0000] {processor.py:830} INFO - Processing file /home/airflow/.local/lib/python3.12/site-packages/airflow/example_dags/tutorial_taskflow_api_virtualenv.py for tasks to queue
[2025-09-29T15:35:00.017+0000] {logging_mixin.py:188} INFO - [2025-09-29T15:35:00.016+0000] {dagbag.py:545} INFO - Filling up the DagBag from /home/airflow/.local/lib/python3.12/site-packages/airflow/example_dags/tutorial_taskflow_api_virtualenv.py
[2025-09-29T15:35:00.042+0000] {processor.py:840} INFO - DAG(s) 'tutorial_taskflow_api_virtualenv' retrieved from /home/airflow/.local/lib/python3.12/site-packages/airflow/example_dags/tutorial_taskflow_api_virtualenv.py
[2025-09-29T15:35:00.101+0000] {logging_mixin.py:188} INFO - [2025-09-29T15:35:00.100+0000] {dag.py:3089} INFO - Sync 1 DAGs
[2025-09-29T15:35:00.133+0000] {logging_mixin.py:188} INFO - [2025-09-29T15:35:00.133+0000] {dag.py:3947} INFO - Setting next_dagrun for tutorial_taskflow_api_virtualenv to None, run_after=None
[2025-09-29T15:35:00.206+0000] {processor.py:183} INFO - Processing /home/airflow/.local/lib/python3.12/site-packages/airflow/example_dags/tutorial_taskflow_api_virtualenv.py took 0.210 seconds
[2025-09-29T15:35:31.715+0000] {processor.py:161} INFO - Started process (PID=1439) to work on /home/airflow/.local/lib/python3.12/site-packages/airflow/example_dags/tutorial_taskflow_api_virtualenv.py
[2025-09-29T15:35:31.718+0000] {processor.py:830} INFO - Processing file /home/airflow/.local/lib/python3.12/site-packages/airflow/example_dags/tutorial_taskflow_api_virtualenv.py for tasks to queue
[2025-09-29T15:35:31.722+0000] {logging_mixin.py:188} INFO - [2025-09-29T15:35:31.722+0000] {dagbag.py:545} INFO - Filling up the DagBag from /home/airflow/.local/lib/python3.12/site-packages/airflow/example_dags/tutorial_taskflow_api_virtualenv.py
[2025-09-29T15:35:31.751+0000] {processor.py:840} INFO - DAG(s) 'tutorial_taskflow_api_virtualenv' retrieved from /home/airflow/.local/lib/python3.12/site-packages/airflow/example_dags/tutorial_taskflow_api_virtualenv.py
[2025-09-29T15:35:31.826+0000] {logging_mixin.py:188} INFO - [2025-09-29T15:35:31.826+0000] {dag.py:3089} INFO - Sync 1 DAGs
[2025-09-29T15:35:31.868+0000] {logging_mixin.py:188} INFO - [2025-09-29T15:35:31.868+0000] {dag.py:3947} INFO - Setting next_dagrun for tutorial_taskflow_api_virtualenv to None, run_after=None
[2025-09-29T15:35:31.920+0000] {processor.py:183} INFO - Processing /home/airflow/.local/lib/python3.12/site-packages/airflow/example_dags/tutorial_taskflow_api_virtualenv.py took 0.223 seconds
[2025-09-29T15:36:03.096+0000] {processor.py:161} INFO - Started process (PID=1701) to work on /home/airflow/.local/lib/python3.12/site-packages/airflow/example_dags/tutorial_taskflow_api_virtualenv.py
[2025-09-29T15:36:03.099+0000] {processor.py:830} INFO - Processing file /home/airflow/.local/lib/python3.12/site-packages/airflow/example_dags/tutorial_taskflow_api_virtualenv.py for tasks to queue
[2025-09-29T15:36:03.103+0000] {logging_mixin.py:188} INFO - [2025-09-29T15:36:03.102+0000] {dagbag.py:545} INFO - Filling up the DagBag from /home/airflow/.local/lib/python3.12/site-packages/airflow/example_dags/tutorial_taskflow_api_virtualenv.py
[2025-09-29T15:36:03.129+0000] {processor.py:840} INFO - DAG(s) 'tutorial_taskflow_api_virtualenv' retrieved from /home/airflow/.local/lib/python3.12/site-packages/airflow/example_dags/tutorial_taskflow_api_virtualenv.py
[2025-09-29T15:36:03.184+0000] {logging_mixin.py:188} INFO - [2025-09-29T15:36:03.184+0000] {dag.py:3089} INFO - Sync 1 DAGs
[2025-09-29T15:36:03.217+0000] {logging_mixin.py:188} INFO - [2025-09-29T15:36:03.217+0000] {dag.py:3947} INFO - Setting next_dagrun for tutorial_taskflow_api_virtualenv to None, run_after=None
[2025-09-29T15:36:03.269+0000] {processor.py:183} INFO - Processing /home/airflow/.local/lib/python3.12/site-packages/airflow/example_dags/tutorial_taskflow_api_virtualenv.py took 0.191 seconds
[2025-09-29T15:36:34.361+0000] {processor.py:161} INFO - Started process (PID=1963) to work on /home/airflow/.local/lib/python3.12/site-packages/airflow/example_dags/tutorial_taskflow_api_virtualenv.py
[2025-09-29T15:36:34.364+0000] {processor.py:830} INFO - Processing file /home/airflow/.local/lib/python3.12/site-packages/airflow/example_dags/tutorial_taskflow_api_virtualenv.py for tasks to queue
[2025-09-29T15:36:34.368+0000] {logging_mixin.py:188} INFO - [2025-09-29T15:36:34.367+0000] {dagbag.py:545} INFO - Filling up the DagBag from /home/airflow/.local/lib/python3.12/site-packages/airflow/example_dags/tutorial_taskflow_api_virtualenv.py
[2025-09-29T15:36:34.392+0000] {processor.py:840} INFO - DAG(s) 'tutorial_taskflow_api_virtualenv' retrieved from /home/airflow/.local/lib/python3.12/site-packages/airflow/example_dags/tutorial_taskflow_api_virtualenv.py
[2025-09-29T15:36:34.448+0000] {logging_mixin.py:188} INFO - [2025-09-29T15:36:34.448+0000] {dag.py:3089} INFO - Sync 1 DAGs
[2025-09-29T15:36:34.484+0000] {logging_mixin.py:188} INFO - [2025-09-29T15:36:34.483+0000] {dag.py:3947} INFO - Setting next_dagrun for tutorial_taskflow_api_virtualenv to None, run_after=None
[2025-09-29T15:36:34.532+0000] {processor.py:183} INFO - Processing /home/airflow/.local/lib/python3.12/site-packages/airflow/example_dags/tutorial_taskflow_api_virtualenv.py took 0.186 seconds
[2025-09-29T15:37:05.173+0000] {processor.py:161} INFO - Started process (PID=2225) to work on /home/airflow/.local/lib/python3.12/site-packages/airflow/example_dags/tutorial_taskflow_api_virtualenv.py
[2025-09-29T15:37:05.176+0000] {processor.py:830} INFO - Processing file /home/airflow/.local/lib/python3.12/site-packages/airflow/example_dags/tutorial_taskflow_api_virtualenv.py for tasks to queue
[2025-09-29T15:37:05.180+0000] {logging_mixin.py:188} INFO - [2025-09-29T15:37:05.179+0000] {dagbag.py:545} INFO - Filling up the DagBag from /home/airflow/.local/lib/python3.12/site-packages/airflow/example_dags/tutorial_taskflow_api_virtualenv.py
[2025-09-29T15:37:05.205+0000] {processor.py:840} INFO - DAG(s) 'tutorial_taskflow_api_virtualenv' retrieved from /home/airflow/.local/lib/python3.12/site-packages/airflow/example_dags/tutorial_taskflow_api_virtualenv.py
[2025-09-29T15:37:05.276+0000] {logging_mixin.py:188} INFO - [2025-09-29T15:37:05.275+0000] {dag.py:3089} INFO - Sync 1 DAGs
[2025-09-29T15:37:05.322+0000] {logging_mixin.py:188} INFO - [2025-09-29T15:37:05.321+0000] {dag.py:3947} INFO - Setting next_dagrun for tutorial_taskflow_api_virtualenv to None, run_after=None
[2025-09-29T15:37:05.423+0000] {processor.py:183} INFO - Processing /home/airflow/.local/lib/python3.12/site-packages/airflow/example_dags/tutorial_taskflow_api_virtualenv.py took 0.262 seconds
[2025-09-29T15:37:35.587+0000] {processor.py:161} INFO - Started process (PID=2483) to work on /home/airflow/.local/lib/python3.12/site-packages/airflow/example_dags/tutorial_taskflow_api_virtualenv.py
[2025-09-29T15:37:35.590+0000] {processor.py:830} INFO - Processing file /home/airflow/.local/lib/python3.12/site-packages/airflow/example_dags/tutorial_taskflow_api_virtualenv.py for tasks to queue
[2025-09-29T15:37:35.596+0000] {logging_mixin.py:188} INFO - [2025-09-29T15:37:35.594+0000] {dagbag.py:545} INFO - Filling up the DagBag from /home/airflow/.local/lib/python3.12/site-packages/airflow/example_dags/tutorial_taskflow_api_virtualenv.py
[2025-09-29T15:37:35.623+0000] {processor.py:840} INFO - DAG(s) 'tutorial_taskflow_api_virtualenv' retrieved from /home/airflow/.local/lib/python3.12/site-packages/airflow/example_dags/tutorial_taskflow_api_virtualenv.py
[2025-09-29T15:37:35.684+0000] {logging_mixin.py:188} INFO - [2025-09-29T15:37:35.684+0000] {dag.py:3089} INFO - Sync 1 DAGs
[2025-09-29T15:37:35.717+0000] {logging_mixin.py:188} INFO - [2025-09-29T15:37:35.716+0000] {dag.py:3947} INFO - Setting next_dagrun for tutorial_taskflow_api_virtualenv to None, run_after=None
[2025-09-29T15:37:35.777+0000] {processor.py:183} INFO - Processing /home/airflow/.local/lib/python3.12/site-packages/airflow/example_dags/tutorial_taskflow_api_virtualenv.py took 0.207 seconds
[2025-09-29T15:38:06.343+0000] {processor.py:161} INFO - Started process (PID=2744) to work on /home/airflow/.local/lib/python3.12/site-packages/airflow/example_dags/tutorial_taskflow_api_virtualenv.py
[2025-09-29T15:38:06.346+0000] {processor.py:830} INFO - Processing file /home/airflow/.local/lib/python3.12/site-packages/airflow/example_dags/tutorial_taskflow_api_virtualenv.py for tasks to queue
[2025-09-29T15:38:06.350+0000] {logging_mixin.py:188} INFO - [2025-09-29T15:38:06.349+0000] {dagbag.py:545} INFO - Filling up the DagBag from /home/airflow/.local/lib/python3.12/site-packages/airflow/example_dags/tutorial_taskflow_api_virtualenv.py
[2025-09-29T15:38:06.374+0000] {processor.py:840} INFO - DAG(s) 'tutorial_taskflow_api_virtualenv' retrieved from /home/airflow/.local/lib/python3.12/site-packages/airflow/example_dags/tutorial_taskflow_api_virtualenv.py
[2025-09-29T15:38:06.428+0000] {logging_mixin.py:188} INFO - [2025-09-29T15:38:06.428+0000] {dag.py:3089} INFO - Sync 1 DAGs
[2025-09-29T15:38:06.459+0000] {logging_mixin.py:188} INFO - [2025-09-29T15:38:06.458+0000] {dag.py:3947} INFO - Setting next_dagrun for tutorial_taskflow_api_virtualenv to None, run_after=None
[2025-09-29T15:38:06.508+0000] {processor.py:183} INFO - Processing /home/airflow/.local/lib/python3.12/site-packages/airflow/example_dags/tutorial_taskflow_api_virtualenv.py took 0.180 seconds
[2025-09-29T15:38:37.140+0000] {processor.py:161} INFO - Started process (PID=3007) to work on /home/airflow/.local/lib/python3.12/site-packages/airflow/example_dags/tutorial_taskflow_api_virtualenv.py
[2025-09-29T15:38:37.143+0000] {processor.py:830} INFO - Processing file /home/airflow/.local/lib/python3.12/site-packages/airflow/example_dags/tutorial_taskflow_api_virtualenv.py for tasks to queue
[2025-09-29T15:38:37.147+0000] {logging_mixin.py:188} INFO - [2025-09-29T15:38:37.146+0000] {dagbag.py:545} INFO - Filling up the DagBag from /home/airflow/.local/lib/python3.12/site-packages/airflow/example_dags/tutorial_taskflow_api_virtualenv.py
[2025-09-29T15:38:37.172+0000] {processor.py:840} INFO - DAG(s) 'tutorial_taskflow_api_virtualenv' retrieved from /home/airflow/.local/lib/python3.12/site-packages/airflow/example_dags/tutorial_taskflow_api_virtualenv.py
[2025-09-29T15:38:37.230+0000] {logging_mixin.py:188} INFO - [2025-09-29T15:38:37.229+0000] {dag.py:3089} INFO - Sync 1 DAGs
[2025-09-29T15:38:37.262+0000] {logging_mixin.py:188} INFO - [2025-09-29T15:38:37.262+0000] {dag.py:3947} INFO - Setting next_dagrun for tutorial_taskflow_api_virtualenv to None, run_after=None
[2025-09-29T15:38:37.316+0000] {processor.py:183} INFO - Processing /home/airflow/.local/lib/python3.12/site-packages/airflow/example_dags/tutorial_taskflow_api_virtualenv.py took 0.190 seconds
[2025-09-29T15:39:07.502+0000] {processor.py:161} INFO - Started process (PID=3267) to work on /home/airflow/.local/lib/python3.12/site-packages/airflow/example_dags/tutorial_taskflow_api_virtualenv.py
[2025-09-29T15:39:07.505+0000] {processor.py:830} INFO - Processing file /home/airflow/.local/lib/python3.12/site-packages/airflow/example_dags/tutorial_taskflow_api_virtualenv.py for tasks to queue
[2025-09-29T15:39:07.509+0000] {logging_mixin.py:188} INFO - [2025-09-29T15:39:07.508+0000] {dagbag.py:545} INFO - Filling up the DagBag from /home/airflow/.local/lib/python3.12/site-packages/airflow/example_dags/tutorial_taskflow_api_virtualenv.py
[2025-09-29T15:39:07.534+0000] {processor.py:840} INFO - DAG(s) 'tutorial_taskflow_api_virtualenv' retrieved from /home/airflow/.local/lib/python3.12/site-packages/airflow/example_dags/tutorial_taskflow_api_virtualenv.py
[2025-09-29T15:39:07.588+0000] {logging_mixin.py:188} INFO - [2025-09-29T15:39:07.587+0000] {dag.py:3089} INFO - Sync 1 DAGs
[2025-09-29T15:39:07.619+0000] {logging_mixin.py:188} INFO - [2025-09-29T15:39:07.618+0000] {dag.py:3947} INFO - Setting next_dagrun for tutorial_taskflow_api_virtualenv to None, run_after=None
[2025-09-29T15:39:07.667+0000] {processor.py:183} INFO - Processing /home/airflow/.local/lib/python3.12/site-packages/airflow/example_dags/tutorial_taskflow_api_virtualenv.py took 0.179 seconds
[2025-09-29T15:39:38.142+0000] {processor.py:161} INFO - Started process (PID=3531) to work on /home/airflow/.local/lib/python3.12/site-packages/airflow/example_dags/tutorial_taskflow_api_virtualenv.py
[2025-09-29T15:39:38.145+0000] {processor.py:830} INFO - Processing file /home/airflow/.local/lib/python3.12/site-packages/airflow/example_dags/tutorial_taskflow_api_virtualenv.py for tasks to queue
[2025-09-29T15:39:38.149+0000] {logging_mixin.py:188} INFO - [2025-09-29T15:39:38.149+0000] {dagbag.py:545} INFO - Filling up the DagBag from /home/airflow/.local/lib/python3.12/site-packages/airflow/example_dags/tutorial_taskflow_api_virtualenv.py
[2025-09-29T15:39:38.177+0000] {processor.py:840} INFO - DAG(s) 'tutorial_taskflow_api_virtualenv' retrieved from /home/airflow/.local/lib/python3.12/site-packages/airflow/example_dags/tutorial_taskflow_api_virtualenv.py
[2025-09-29T15:39:38.252+0000] {logging_mixin.py:188} INFO - [2025-09-29T15:39:38.251+0000] {dag.py:3089} INFO - Sync 1 DAGs
[2025-09-29T15:39:38.291+0000] {logging_mixin.py:188} INFO - [2025-09-29T15:39:38.291+0000] {dag.py:3947} INFO - Setting next_dagrun for tutorial_taskflow_api_virtualenv to None, run_after=None
[2025-09-29T15:39:38.367+0000] {processor.py:183} INFO - Processing /home/airflow/.local/lib/python3.12/site-packages/airflow/example_dags/tutorial_taskflow_api_virtualenv.py took 0.242 seconds
[2025-09-29T15:40:08.980+0000] {processor.py:161} INFO - Started process (PID=3791) to work on /home/airflow/.local/lib/python3.12/site-packages/airflow/example_dags/tutorial_taskflow_api_virtualenv.py
[2025-09-29T15:40:08.983+0000] {processor.py:830} INFO - Processing file /home/airflow/.local/lib/python3.12/site-packages/airflow/example_dags/tutorial_taskflow_api_virtualenv.py for tasks to queue
[2025-09-29T15:40:08.987+0000] {logging_mixin.py:188} INFO - [2025-09-29T15:40:08.986+0000] {dagbag.py:545} INFO - Filling up the DagBag from /home/airflow/.local/lib/python3.12/site-packages/airflow/example_dags/tutorial_taskflow_api_virtualenv.py
[2025-09-29T15:40:09.015+0000] {processor.py:840} INFO - DAG(s) 'tutorial_taskflow_api_virtualenv' retrieved from /home/airflow/.local/lib/python3.12/site-packages/airflow/example_dags/tutorial_taskflow_api_virtualenv.py
[2025-09-29T15:40:09.078+0000] {logging_mixin.py:188} INFO - [2025-09-29T15:40:09.077+0000] {dag.py:3089} INFO - Sync 1 DAGs
[2025-09-29T15:40:09.111+0000] {logging_mixin.py:188} INFO - [2025-09-29T15:40:09.110+0000] {dag.py:3947} INFO - Setting next_dagrun for tutorial_taskflow_api_virtualenv to None, run_after=None
[2025-09-29T15:40:09.165+0000] {processor.py:183} INFO - Processing /home/airflow/.local/lib/python3.12/site-packages/airflow/example_dags/tutorial_taskflow_api_virtualenv.py took 0.200 seconds
[2025-09-29T15:40:39.743+0000] {processor.py:161} INFO - Started process (PID=4055) to work on /home/airflow/.local/lib/python3.12/site-packages/airflow/example_dags/tutorial_taskflow_api_virtualenv.py
[2025-09-29T15:40:39.746+0000] {processor.py:830} INFO - Processing file /home/airflow/.local/lib/python3.12/site-packages/airflow/example_dags/tutorial_taskflow_api_virtualenv.py for tasks to queue
[2025-09-29T15:40:39.750+0000] {logging_mixin.py:188} INFO - [2025-09-29T15:40:39.749+0000] {dagbag.py:545} INFO - Filling up the DagBag from /home/airflow/.local/lib/python3.12/site-packages/airflow/example_dags/tutorial_taskflow_api_virtualenv.py
[2025-09-29T15:40:39.776+0000] {processor.py:840} INFO - DAG(s) 'tutorial_taskflow_api_virtualenv' retrieved from /home/airflow/.local/lib/python3.12/site-packages/airflow/example_dags/tutorial_taskflow_api_virtualenv.py
[2025-09-29T15:40:39.834+0000] {logging_mixin.py:188} INFO - [2025-09-29T15:40:39.834+0000] {dag.py:3089} INFO - Sync 1 DAGs
[2025-09-29T15:40:39.864+0000] {logging_mixin.py:188} INFO - [2025-09-29T15:40:39.863+0000] {dag.py:3947} INFO - Setting next_dagrun for tutorial_taskflow_api_virtualenv to None, run_after=None
[2025-09-29T15:40:39.909+0000] {processor.py:183} INFO - Processing /home/airflow/.local/lib/python3.12/site-packages/airflow/example_dags/tutorial_taskflow_api_virtualenv.py took 0.182 seconds
[2025-09-29T15:41:11.301+0000] {processor.py:161} INFO - Started process (PID=4317) to work on /home/airflow/.local/lib/python3.12/site-packages/airflow/example_dags/tutorial_taskflow_api_virtualenv.py
[2025-09-29T15:41:11.304+0000] {processor.py:830} INFO - Processing file /home/airflow/.local/lib/python3.12/site-packages/airflow/example_dags/tutorial_taskflow_api_virtualenv.py for tasks to queue
[2025-09-29T15:41:11.309+0000] {logging_mixin.py:188} INFO - [2025-09-29T15:41:11.307+0000] {dagbag.py:545} INFO - Filling up the DagBag from /home/airflow/.local/lib/python3.12/site-packages/airflow/example_dags/tutorial_taskflow_api_virtualenv.py
[2025-09-29T15:41:11.344+0000] {processor.py:840} INFO - DAG(s) 'tutorial_taskflow_api_virtualenv' retrieved from /home/airflow/.local/lib/python3.12/site-packages/airflow/example_dags/tutorial_taskflow_api_virtualenv.py
[2025-09-29T15:41:11.407+0000] {logging_mixin.py:188} INFO - [2025-09-29T15:41:11.406+0000] {dag.py:3089} INFO - Sync 1 DAGs
[2025-09-29T15:41:11.449+0000] {logging_mixin.py:188} INFO - [2025-09-29T15:41:11.448+0000] {dag.py:3947} INFO - Setting next_dagrun for tutorial_taskflow_api_virtualenv to None, run_after=None
[2025-09-29T15:41:11.511+0000] {processor.py:183} INFO - Processing /home/airflow/.local/lib/python3.12/site-packages/airflow/example_dags/tutorial_taskflow_api_virtualenv.py took 0.227 seconds
[2025-09-29T15:41:42.512+0000] {processor.py:161} INFO - Started process (PID=4577) to work on /home/airflow/.local/lib/python3.12/site-packages/airflow/example_dags/tutorial_taskflow_api_virtualenv.py
[2025-09-29T15:41:42.516+0000] {processor.py:830} INFO - Processing file /home/airflow/.local/lib/python3.12/site-packages/airflow/example_dags/tutorial_taskflow_api_virtualenv.py for tasks to queue
[2025-09-29T15:41:42.523+0000] {logging_mixin.py:188} INFO - [2025-09-29T15:41:42.521+0000] {dagbag.py:545} INFO - Filling up the DagBag from /home/airflow/.local/lib/python3.12/site-packages/airflow/example_dags/tutorial_taskflow_api_virtualenv.py
[2025-09-29T15:41:42.556+0000] {processor.py:840} INFO - DAG(s) 'tutorial_taskflow_api_virtualenv' retrieved from /home/airflow/.local/lib/python3.12/site-packages/airflow/example_dags/tutorial_taskflow_api_virtualenv.py
[2025-09-29T15:41:42.630+0000] {logging_mixin.py:188} INFO - [2025-09-29T15:41:42.629+0000] {dag.py:3089} INFO - Sync 1 DAGs
[2025-09-29T15:41:42.669+0000] {logging_mixin.py:188} INFO - [2025-09-29T15:41:42.668+0000] {dag.py:3947} INFO - Setting next_dagrun for tutorial_taskflow_api_virtualenv to None, run_after=None
[2025-09-29T15:41:42.739+0000] {processor.py:183} INFO - Processing /home/airflow/.local/lib/python3.12/site-packages/airflow/example_dags/tutorial_taskflow_api_virtualenv.py took 0.247 seconds
[2025-09-29T15:42:13.884+0000] {processor.py:161} INFO - Started process (PID=4839) to work on /home/airflow/.local/lib/python3.12/site-packages/airflow/example_dags/tutorial_taskflow_api_virtualenv.py
[2025-09-29T15:42:13.888+0000] {processor.py:830} INFO - Processing file /home/airflow/.local/lib/python3.12/site-packages/airflow/example_dags/tutorial_taskflow_api_virtualenv.py for tasks to queue
[2025-09-29T15:42:13.893+0000] {logging_mixin.py:188} INFO - [2025-09-29T15:42:13.892+0000] {dagbag.py:545} INFO - Filling up the DagBag from /home/airflow/.local/lib/python3.12/site-packages/airflow/example_dags/tutorial_taskflow_api_virtualenv.py
[2025-09-29T15:42:13.922+0000] {processor.py:840} INFO - DAG(s) 'tutorial_taskflow_api_virtualenv' retrieved from /home/airflow/.local/lib/python3.12/site-packages/airflow/example_dags/tutorial_taskflow_api_virtualenv.py
[2025-09-29T15:42:13.983+0000] {logging_mixin.py:188} INFO - [2025-09-29T15:42:13.983+0000] {dag.py:3089} INFO - Sync 1 DAGs
[2025-09-29T15:42:14.016+0000] {logging_mixin.py:188} INFO - [2025-09-29T15:42:14.016+0000] {dag.py:3947} INFO - Setting next_dagrun for tutorial_taskflow_api_virtualenv to None, run_after=None
[2025-09-29T15:42:14.067+0000] {processor.py:183} INFO - Processing /home/airflow/.local/lib/python3.12/site-packages/airflow/example_dags/tutorial_taskflow_api_virtualenv.py took 0.199 seconds
[2025-09-29T15:42:44.335+0000] {processor.py:161} INFO - Started process (PID=5101) to work on /home/airflow/.local/lib/python3.12/site-packages/airflow/example_dags/tutorial_taskflow_api_virtualenv.py
[2025-09-29T15:42:44.337+0000] {processor.py:830} INFO - Processing file /home/airflow/.local/lib/python3.12/site-packages/airflow/example_dags/tutorial_taskflow_api_virtualenv.py for tasks to queue
[2025-09-29T15:42:44.341+0000] {logging_mixin.py:188} INFO - [2025-09-29T15:42:44.340+0000] {dagbag.py:545} INFO - Filling up the DagBag from /home/airflow/.local/lib/python3.12/site-packages/airflow/example_dags/tutorial_taskflow_api_virtualenv.py
[2025-09-29T15:42:44.367+0000] {processor.py:840} INFO - DAG(s) 'tutorial_taskflow_api_virtualenv' retrieved from /home/airflow/.local/lib/python3.12/site-packages/airflow/example_dags/tutorial_taskflow_api_virtualenv.py
[2025-09-29T15:42:44.426+0000] {logging_mixin.py:188} INFO - [2025-09-29T15:42:44.426+0000] {dag.py:3089} INFO - Sync 1 DAGs
[2025-09-29T15:42:44.459+0000] {logging_mixin.py:188} INFO - [2025-09-29T15:42:44.458+0000] {dag.py:3947} INFO - Setting next_dagrun for tutorial_taskflow_api_virtualenv to None, run_after=None
[2025-09-29T15:42:44.507+0000] {processor.py:183} INFO - Processing /home/airflow/.local/lib/python3.12/site-packages/airflow/example_dags/tutorial_taskflow_api_virtualenv.py took 0.187 seconds
[2025-09-29T15:43:14.632+0000] {processor.py:161} INFO - Started process (PID=5357) to work on /home/airflow/.local/lib/python3.12/site-packages/airflow/example_dags/tutorial_taskflow_api_virtualenv.py
[2025-09-29T15:43:14.641+0000] {processor.py:830} INFO - Processing file /home/airflow/.local/lib/python3.12/site-packages/airflow/example_dags/tutorial_taskflow_api_virtualenv.py for tasks to queue
[2025-09-29T15:43:14.645+0000] {logging_mixin.py:188} INFO - [2025-09-29T15:43:14.644+0000] {dagbag.py:545} INFO - Filling up the DagBag from /home/airflow/.local/lib/python3.12/site-packages/airflow/example_dags/tutorial_taskflow_api_virtualenv.py
[2025-09-29T15:43:14.670+0000] {processor.py:840} INFO - DAG(s) 'tutorial_taskflow_api_virtualenv' retrieved from /home/airflow/.local/lib/python3.12/site-packages/airflow/example_dags/tutorial_taskflow_api_virtualenv.py
[2025-09-29T15:43:14.723+0000] {logging_mixin.py:188} INFO - [2025-09-29T15:43:14.723+0000] {dag.py:3089} INFO - Sync 1 DAGs
[2025-09-29T15:43:14.751+0000] {logging_mixin.py:188} INFO - [2025-09-29T15:43:14.750+0000] {dag.py:3947} INFO - Setting next_dagrun for tutorial_taskflow_api_virtualenv to None, run_after=None
[2025-09-29T15:43:14.803+0000] {processor.py:183} INFO - Processing /home/airflow/.local/lib/python3.12/site-packages/airflow/example_dags/tutorial_taskflow_api_virtualenv.py took 0.184 seconds
[2025-09-29T15:43:45.546+0000] {processor.py:161} INFO - Started process (PID=5619) to work on /home/airflow/.local/lib/python3.12/site-packages/airflow/example_dags/tutorial_taskflow_api_virtualenv.py
[2025-09-29T15:43:45.549+0000] {processor.py:830} INFO - Processing file /home/airflow/.local/lib/python3.12/site-packages/airflow/example_dags/tutorial_taskflow_api_virtualenv.py for tasks to queue
[2025-09-29T15:43:45.553+0000] {logging_mixin.py:188} INFO - [2025-09-29T15:43:45.553+0000] {dagbag.py:545} INFO - Filling up the DagBag from /home/airflow/.local/lib/python3.12/site-packages/airflow/example_dags/tutorial_taskflow_api_virtualenv.py
[2025-09-29T15:43:45.584+0000] {processor.py:840} INFO - DAG(s) 'tutorial_taskflow_api_virtualenv' retrieved from /home/airflow/.local/lib/python3.12/site-packages/airflow/example_dags/tutorial_taskflow_api_virtualenv.py
[2025-09-29T15:43:45.648+0000] {logging_mixin.py:188} INFO - [2025-09-29T15:43:45.647+0000] {dag.py:3089} INFO - Sync 1 DAGs
[2025-09-29T15:43:45.681+0000] {logging_mixin.py:188} INFO - [2025-09-29T15:43:45.681+0000] {dag.py:3947} INFO - Setting next_dagrun for tutorial_taskflow_api_virtualenv to None, run_after=None
[2025-09-29T15:43:45.740+0000] {processor.py:183} INFO - Processing /home/airflow/.local/lib/python3.12/site-packages/airflow/example_dags/tutorial_taskflow_api_virtualenv.py took 0.210 seconds
[2025-09-29T15:44:16.182+0000] {processor.py:161} INFO - Started process (PID=5881) to work on /home/airflow/.local/lib/python3.12/site-packages/airflow/example_dags/tutorial_taskflow_api_virtualenv.py
[2025-09-29T15:44:16.185+0000] {processor.py:830} INFO - Processing file /home/airflow/.local/lib/python3.12/site-packages/airflow/example_dags/tutorial_taskflow_api_virtualenv.py for tasks to queue
[2025-09-29T15:44:16.190+0000] {logging_mixin.py:188} INFO - [2025-09-29T15:44:16.189+0000] {dagbag.py:545} INFO - Filling up the DagBag from /home/airflow/.local/lib/python3.12/site-packages/airflow/example_dags/tutorial_taskflow_api_virtualenv.py
[2025-09-29T15:44:16.216+0000] {processor.py:840} INFO - DAG(s) 'tutorial_taskflow_api_virtualenv' retrieved from /home/airflow/.local/lib/python3.12/site-packages/airflow/example_dags/tutorial_taskflow_api_virtualenv.py
[2025-09-29T15:44:16.271+0000] {logging_mixin.py:188} INFO - [2025-09-29T15:44:16.271+0000] {dag.py:3089} INFO - Sync 1 DAGs
[2025-09-29T15:44:16.301+0000] {logging_mixin.py:188} INFO - [2025-09-29T15:44:16.301+0000] {dag.py:3947} INFO - Setting next_dagrun for tutorial_taskflow_api_virtualenv to None, run_after=None
[2025-09-29T15:44:16.350+0000] {processor.py:183} INFO - Processing /home/airflow/.local/lib/python3.12/site-packages/airflow/example_dags/tutorial_taskflow_api_virtualenv.py took 0.183 seconds
[2025-09-29T15:44:46.678+0000] {processor.py:161} INFO - Started process (PID=6143) to work on /home/airflow/.local/lib/python3.12/site-packages/airflow/example_dags/tutorial_taskflow_api_virtualenv.py
[2025-09-29T15:44:46.680+0000] {processor.py:830} INFO - Processing file /home/airflow/.local/lib/python3.12/site-packages/airflow/example_dags/tutorial_taskflow_api_virtualenv.py for tasks to queue
[2025-09-29T15:44:46.684+0000] {logging_mixin.py:188} INFO - [2025-09-29T15:44:46.683+0000] {dagbag.py:545} INFO - Filling up the DagBag from /home/airflow/.local/lib/python3.12/site-packages/airflow/example_dags/tutorial_taskflow_api_virtualenv.py
[2025-09-29T15:44:46.709+0000] {processor.py:840} INFO - DAG(s) 'tutorial_taskflow_api_virtualenv' retrieved from /home/airflow/.local/lib/python3.12/site-packages/airflow/example_dags/tutorial_taskflow_api_virtualenv.py
[2025-09-29T15:44:46.763+0000] {logging_mixin.py:188} INFO - [2025-09-29T15:44:46.763+0000] {dag.py:3089} INFO - Sync 1 DAGs
[2025-09-29T15:44:46.792+0000] {logging_mixin.py:188} INFO - [2025-09-29T15:44:46.792+0000] {dag.py:3947} INFO - Setting next_dagrun for tutorial_taskflow_api_virtualenv to None, run_after=None
[2025-09-29T15:44:46.842+0000] {processor.py:183} INFO - Processing /home/airflow/.local/lib/python3.12/site-packages/airflow/example_dags/tutorial_taskflow_api_virtualenv.py took 0.177 seconds
[2025-09-29T15:45:17.364+0000] {processor.py:161} INFO - Started process (PID=6405) to work on /home/airflow/.local/lib/python3.12/site-packages/airflow/example_dags/tutorial_taskflow_api_virtualenv.py
[2025-09-29T15:45:17.367+0000] {processor.py:830} INFO - Processing file /home/airflow/.local/lib/python3.12/site-packages/airflow/example_dags/tutorial_taskflow_api_virtualenv.py for tasks to queue
[2025-09-29T15:45:17.372+0000] {logging_mixin.py:188} INFO - [2025-09-29T15:45:17.371+0000] {dagbag.py:545} INFO - Filling up the DagBag from /home/airflow/.local/lib/python3.12/site-packages/airflow/example_dags/tutorial_taskflow_api_virtualenv.py
[2025-09-29T15:45:17.402+0000] {processor.py:840} INFO - DAG(s) 'tutorial_taskflow_api_virtualenv' retrieved from /home/airflow/.local/lib/python3.12/site-packages/airflow/example_dags/tutorial_taskflow_api_virtualenv.py
[2025-09-29T15:45:17.462+0000] {logging_mixin.py:188} INFO - [2025-09-29T15:45:17.461+0000] {dag.py:3089} INFO - Sync 1 DAGs
[2025-09-29T15:45:17.497+0000] {logging_mixin.py:188} INFO - [2025-09-29T15:45:17.496+0000] {dag.py:3947} INFO - Setting next_dagrun for tutorial_taskflow_api_virtualenv to None, run_after=None
[2025-09-29T15:45:17.547+0000] {processor.py:183} INFO - Processing /home/airflow/.local/lib/python3.12/site-packages/airflow/example_dags/tutorial_taskflow_api_virtualenv.py took 0.198 seconds
[2025-09-29T15:45:47.794+0000] {processor.py:161} INFO - Started process (PID=6667) to work on /home/airflow/.local/lib/python3.12/site-packages/airflow/example_dags/tutorial_taskflow_api_virtualenv.py
[2025-09-29T15:45:47.795+0000] {processor.py:830} INFO - Processing file /home/airflow/.local/lib/python3.12/site-packages/airflow/example_dags/tutorial_taskflow_api_virtualenv.py for tasks to queue
[2025-09-29T15:45:47.799+0000] {logging_mixin.py:188} INFO - [2025-09-29T15:45:47.799+0000] {dagbag.py:545} INFO - Filling up the DagBag from /home/airflow/.local/lib/python3.12/site-packages/airflow/example_dags/tutorial_taskflow_api_virtualenv.py
[2025-09-29T15:45:47.824+0000] {processor.py:840} INFO - DAG(s) 'tutorial_taskflow_api_virtualenv' retrieved from /home/airflow/.local/lib/python3.12/site-packages/airflow/example_dags/tutorial_taskflow_api_virtualenv.py
[2025-09-29T15:45:47.879+0000] {logging_mixin.py:188} INFO - [2025-09-29T15:45:47.878+0000] {dag.py:3089} INFO - Sync 1 DAGs
[2025-09-29T15:45:47.912+0000] {logging_mixin.py:188} INFO - [2025-09-29T15:45:47.912+0000] {dag.py:3947} INFO - Setting next_dagrun for tutorial_taskflow_api_virtualenv to None, run_after=None
[2025-09-29T15:45:47.967+0000] {processor.py:183} INFO - Processing /home/airflow/.local/lib/python3.12/site-packages/airflow/example_dags/tutorial_taskflow_api_virtualenv.py took 0.187 seconds
[2025-09-29T15:46:18.839+0000] {processor.py:161} INFO - Started process (PID=6929) to work on /home/airflow/.local/lib/python3.12/site-packages/airflow/example_dags/tutorial_taskflow_api_virtualenv.py
[2025-09-29T15:46:18.842+0000] {processor.py:830} INFO - Processing file /home/airflow/.local/lib/python3.12/site-packages/airflow/example_dags/tutorial_taskflow_api_virtualenv.py for tasks to queue
[2025-09-29T15:46:18.846+0000] {logging_mixin.py:188} INFO - [2025-09-29T15:46:18.845+0000] {dagbag.py:545} INFO - Filling up the DagBag from /home/airflow/.local/lib/python3.12/site-packages/airflow/example_dags/tutorial_taskflow_api_virtualenv.py
[2025-09-29T15:46:18.871+0000] {processor.py:840} INFO - DAG(s) 'tutorial_taskflow_api_virtualenv' retrieved from /home/airflow/.local/lib/python3.12/site-packages/airflow/example_dags/tutorial_taskflow_api_virtualenv.py
[2025-09-29T15:46:18.925+0000] {logging_mixin.py:188} INFO - [2025-09-29T15:46:18.924+0000] {dag.py:3089} INFO - Sync 1 DAGs
[2025-09-29T15:46:18.955+0000] {logging_mixin.py:188} INFO - [2025-09-29T15:46:18.954+0000] {dag.py:3947} INFO - Setting next_dagrun for tutorial_taskflow_api_virtualenv to None, run_after=None
[2025-09-29T15:46:19.010+0000] {processor.py:183} INFO - Processing /home/airflow/.local/lib/python3.12/site-packages/airflow/example_dags/tutorial_taskflow_api_virtualenv.py took 0.184 seconds
[2025-09-29T15:46:49.793+0000] {processor.py:161} INFO - Started process (PID=7191) to work on /home/airflow/.local/lib/python3.12/site-packages/airflow/example_dags/tutorial_taskflow_api_virtualenv.py
[2025-09-29T15:46:49.795+0000] {processor.py:830} INFO - Processing file /home/airflow/.local/lib/python3.12/site-packages/airflow/example_dags/tutorial_taskflow_api_virtualenv.py for tasks to queue
[2025-09-29T15:46:49.801+0000] {logging_mixin.py:188} INFO - [2025-09-29T15:46:49.800+0000] {dagbag.py:545} INFO - Filling up the DagBag from /home/airflow/.local/lib/python3.12/site-packages/airflow/example_dags/tutorial_taskflow_api_virtualenv.py
[2025-09-29T15:46:49.831+0000] {processor.py:840} INFO - DAG(s) 'tutorial_taskflow_api_virtualenv' retrieved from /home/airflow/.local/lib/python3.12/site-packages/airflow/example_dags/tutorial_taskflow_api_virtualenv.py
[2025-09-29T15:46:49.889+0000] {logging_mixin.py:188} INFO - [2025-09-29T15:46:49.888+0000] {dag.py:3089} INFO - Sync 1 DAGs
[2025-09-29T15:46:49.920+0000] {logging_mixin.py:188} INFO - [2025-09-29T15:46:49.920+0000] {dag.py:3947} INFO - Setting next_dagrun for tutorial_taskflow_api_virtualenv to None, run_after=None
[2025-09-29T15:46:49.968+0000] {processor.py:183} INFO - Processing /home/airflow/.local/lib/python3.12/site-packages/airflow/example_dags/tutorial_taskflow_api_virtualenv.py took 0.194 seconds
[2025-09-29T15:47:20.478+0000] {processor.py:161} INFO - Started process (PID=7453) to work on /home/airflow/.local/lib/python3.12/site-packages/airflow/example_dags/tutorial_taskflow_api_virtualenv.py
[2025-09-29T15:47:20.480+0000] {processor.py:830} INFO - Processing file /home/airflow/.local/lib/python3.12/site-packages/airflow/example_dags/tutorial_taskflow_api_virtualenv.py for tasks to queue
[2025-09-29T15:47:20.486+0000] {logging_mixin.py:188} INFO - [2025-09-29T15:47:20.485+0000] {dagbag.py:545} INFO - Filling up the DagBag from /home/airflow/.local/lib/python3.12/site-packages/airflow/example_dags/tutorial_taskflow_api_virtualenv.py
[2025-09-29T15:47:20.521+0000] {processor.py:840} INFO - DAG(s) 'tutorial_taskflow_api_virtualenv' retrieved from /home/airflow/.local/lib/python3.12/site-packages/airflow/example_dags/tutorial_taskflow_api_virtualenv.py
[2025-09-29T15:47:20.581+0000] {logging_mixin.py:188} INFO - [2025-09-29T15:47:20.580+0000] {dag.py:3089} INFO - Sync 1 DAGs
[2025-09-29T15:47:20.621+0000] {logging_mixin.py:188} INFO - [2025-09-29T15:47:20.620+0000] {dag.py:3947} INFO - Setting next_dagrun for tutorial_taskflow_api_virtualenv to None, run_after=None
[2025-09-29T15:47:20.673+0000] {processor.py:183} INFO - Processing /home/airflow/.local/lib/python3.12/site-packages/airflow/example_dags/tutorial_taskflow_api_virtualenv.py took 0.212 seconds
[2025-09-29T15:47:50.809+0000] {processor.py:161} INFO - Started process (PID=7715) to work on /home/airflow/.local/lib/python3.12/site-packages/airflow/example_dags/tutorial_taskflow_api_virtualenv.py
[2025-09-29T15:47:50.812+0000] {processor.py:830} INFO - Processing file /home/airflow/.local/lib/python3.12/site-packages/airflow/example_dags/tutorial_taskflow_api_virtualenv.py for tasks to queue
[2025-09-29T15:47:50.817+0000] {logging_mixin.py:188} INFO - [2025-09-29T15:47:50.816+0000] {dagbag.py:545} INFO - Filling up the DagBag from /home/airflow/.local/lib/python3.12/site-packages/airflow/example_dags/tutorial_taskflow_api_virtualenv.py
[2025-09-29T15:47:50.842+0000] {processor.py:840} INFO - DAG(s) 'tutorial_taskflow_api_virtualenv' retrieved from /home/airflow/.local/lib/python3.12/site-packages/airflow/example_dags/tutorial_taskflow_api_virtualenv.py
[2025-09-29T15:47:50.895+0000] {logging_mixin.py:188} INFO - [2025-09-29T15:47:50.895+0000] {dag.py:3089} INFO - Sync 1 DAGs
[2025-09-29T15:47:50.926+0000] {logging_mixin.py:188} INFO - [2025-09-29T15:47:50.925+0000] {dag.py:3947} INFO - Setting next_dagrun for tutorial_taskflow_api_virtualenv to None, run_after=None
[2025-09-29T15:47:50.973+0000] {processor.py:183} INFO - Processing /home/airflow/.local/lib/python3.12/site-packages/airflow/example_dags/tutorial_taskflow_api_virtualenv.py took 0.177 seconds
[2025-09-29T15:48:21.166+0000] {processor.py:161} INFO - Started process (PID=7977) to work on /home/airflow/.local/lib/python3.12/site-packages/airflow/example_dags/tutorial_taskflow_api_virtualenv.py
[2025-09-29T15:48:21.168+0000] {processor.py:830} INFO - Processing file /home/airflow/.local/lib/python3.12/site-packages/airflow/example_dags/tutorial_taskflow_api_virtualenv.py for tasks to queue
[2025-09-29T15:48:21.173+0000] {logging_mixin.py:188} INFO - [2025-09-29T15:48:21.172+0000] {dagbag.py:545} INFO - Filling up the DagBag from /home/airflow/.local/lib/python3.12/site-packages/airflow/example_dags/tutorial_taskflow_api_virtualenv.py
[2025-09-29T15:48:21.200+0000] {processor.py:840} INFO - DAG(s) 'tutorial_taskflow_api_virtualenv' retrieved from /home/airflow/.local/lib/python3.12/site-packages/airflow/example_dags/tutorial_taskflow_api_virtualenv.py
[2025-09-29T15:48:21.257+0000] {logging_mixin.py:188} INFO - [2025-09-29T15:48:21.257+0000] {dag.py:3089} INFO - Sync 1 DAGs
[2025-09-29T15:48:21.300+0000] {logging_mixin.py:188} INFO - [2025-09-29T15:48:21.299+0000] {dag.py:3947} INFO - Setting next_dagrun for tutorial_taskflow_api_virtualenv to None, run_after=None
[2025-09-29T15:48:21.356+0000] {processor.py:183} INFO - Processing /home/airflow/.local/lib/python3.12/site-packages/airflow/example_dags/tutorial_taskflow_api_virtualenv.py took 0.205 seconds
[2025-09-29T15:48:51.743+0000] {processor.py:161} INFO - Started process (PID=8239) to work on /home/airflow/.local/lib/python3.12/site-packages/airflow/example_dags/tutorial_taskflow_api_virtualenv.py
[2025-09-29T15:48:51.746+0000] {processor.py:830} INFO - Processing file /home/airflow/.local/lib/python3.12/site-packages/airflow/example_dags/tutorial_taskflow_api_virtualenv.py for tasks to queue
[2025-09-29T15:48:51.750+0000] {logging_mixin.py:188} INFO - [2025-09-29T15:48:51.749+0000] {dagbag.py:545} INFO - Filling up the DagBag from /home/airflow/.local/lib/python3.12/site-packages/airflow/example_dags/tutorial_taskflow_api_virtualenv.py
[2025-09-29T15:48:51.775+0000] {processor.py:840} INFO - DAG(s) 'tutorial_taskflow_api_virtualenv' retrieved from /home/airflow/.local/lib/python3.12/site-packages/airflow/example_dags/tutorial_taskflow_api_virtualenv.py
[2025-09-29T15:48:51.827+0000] {logging_mixin.py:188} INFO - [2025-09-29T15:48:51.826+0000] {dag.py:3089} INFO - Sync 1 DAGs
[2025-09-29T15:48:51.856+0000] {logging_mixin.py:188} INFO - [2025-09-29T15:48:51.855+0000] {dag.py:3947} INFO - Setting next_dagrun for tutorial_taskflow_api_virtualenv to None, run_after=None
[2025-09-29T15:48:51.904+0000] {processor.py:183} INFO - Processing /home/airflow/.local/lib/python3.12/site-packages/airflow/example_dags/tutorial_taskflow_api_virtualenv.py took 0.175 seconds
[2025-09-29T15:49:22.300+0000] {processor.py:161} INFO - Started process (PID=8501) to work on /home/airflow/.local/lib/python3.12/site-packages/airflow/example_dags/tutorial_taskflow_api_virtualenv.py
[2025-09-29T15:49:22.302+0000] {processor.py:830} INFO - Processing file /home/airflow/.local/lib/python3.12/site-packages/airflow/example_dags/tutorial_taskflow_api_virtualenv.py for tasks to queue
[2025-09-29T15:49:22.306+0000] {logging_mixin.py:188} INFO - [2025-09-29T15:49:22.305+0000] {dagbag.py:545} INFO - Filling up the DagBag from /home/airflow/.local/lib/python3.12/site-packages/airflow/example_dags/tutorial_taskflow_api_virtualenv.py
[2025-09-29T15:49:22.332+0000] {processor.py:840} INFO - DAG(s) 'tutorial_taskflow_api_virtualenv' retrieved from /home/airflow/.local/lib/python3.12/site-packages/airflow/example_dags/tutorial_taskflow_api_virtualenv.py
[2025-09-29T15:49:22.388+0000] {logging_mixin.py:188} INFO - [2025-09-29T15:49:22.388+0000] {dag.py:3089} INFO - Sync 1 DAGs
[2025-09-29T15:49:22.425+0000] {logging_mixin.py:188} INFO - [2025-09-29T15:49:22.425+0000] {dag.py:3947} INFO - Setting next_dagrun for tutorial_taskflow_api_virtualenv to None, run_after=None
[2025-09-29T15:49:22.476+0000] {processor.py:183} INFO - Processing /home/airflow/.local/lib/python3.12/site-packages/airflow/example_dags/tutorial_taskflow_api_virtualenv.py took 0.189 seconds
[2025-09-29T15:49:53.458+0000] {processor.py:161} INFO - Started process (PID=8763) to work on /home/airflow/.local/lib/python3.12/site-packages/airflow/example_dags/tutorial_taskflow_api_virtualenv.py
[2025-09-29T15:49:53.464+0000] {processor.py:830} INFO - Processing file /home/airflow/.local/lib/python3.12/site-packages/airflow/example_dags/tutorial_taskflow_api_virtualenv.py for tasks to queue
[2025-09-29T15:49:53.469+0000] {logging_mixin.py:188} INFO - [2025-09-29T15:49:53.468+0000] {dagbag.py:545} INFO - Filling up the DagBag from /home/airflow/.local/lib/python3.12/site-packages/airflow/example_dags/tutorial_taskflow_api_virtualenv.py
[2025-09-29T15:49:53.499+0000] {processor.py:840} INFO - DAG(s) 'tutorial_taskflow_api_virtualenv' retrieved from /home/airflow/.local/lib/python3.12/site-packages/airflow/example_dags/tutorial_taskflow_api_virtualenv.py
[2025-09-29T15:49:53.565+0000] {logging_mixin.py:188} INFO - [2025-09-29T15:49:53.565+0000] {dag.py:3089} INFO - Sync 1 DAGs
[2025-09-29T15:49:53.606+0000] {logging_mixin.py:188} INFO - [2025-09-29T15:49:53.606+0000] {dag.py:3947} INFO - Setting next_dagrun for tutorial_taskflow_api_virtualenv to None, run_after=None
[2025-09-29T15:49:53.659+0000] {processor.py:183} INFO - Processing /home/airflow/.local/lib/python3.12/site-packages/airflow/example_dags/tutorial_taskflow_api_virtualenv.py took 0.215 seconds
[2025-09-29T15:50:24.551+0000] {processor.py:161} INFO - Started process (PID=9025) to work on /home/airflow/.local/lib/python3.12/site-packages/airflow/example_dags/tutorial_taskflow_api_virtualenv.py
[2025-09-29T15:50:24.554+0000] {processor.py:830} INFO - Processing file /home/airflow/.local/lib/python3.12/site-packages/airflow/example_dags/tutorial_taskflow_api_virtualenv.py for tasks to queue
[2025-09-29T15:50:24.558+0000] {logging_mixin.py:188} INFO - [2025-09-29T15:50:24.557+0000] {dagbag.py:545} INFO - Filling up the DagBag from /home/airflow/.local/lib/python3.12/site-packages/airflow/example_dags/tutorial_taskflow_api_virtualenv.py
[2025-09-29T15:50:24.583+0000] {processor.py:840} INFO - DAG(s) 'tutorial_taskflow_api_virtualenv' retrieved from /home/airflow/.local/lib/python3.12/site-packages/airflow/example_dags/tutorial_taskflow_api_virtualenv.py
[2025-09-29T15:50:24.635+0000] {logging_mixin.py:188} INFO - [2025-09-29T15:50:24.635+0000] {dag.py:3089} INFO - Sync 1 DAGs
[2025-09-29T15:50:24.672+0000] {logging_mixin.py:188} INFO - [2025-09-29T15:50:24.672+0000] {dag.py:3947} INFO - Setting next_dagrun for tutorial_taskflow_api_virtualenv to None, run_after=None
[2025-09-29T15:50:24.720+0000] {processor.py:183} INFO - Processing /home/airflow/.local/lib/python3.12/site-packages/airflow/example_dags/tutorial_taskflow_api_virtualenv.py took 0.183 seconds
[2025-09-29T15:50:55.517+0000] {processor.py:161} INFO - Started process (PID=9287) to work on /home/airflow/.local/lib/python3.12/site-packages/airflow/example_dags/tutorial_taskflow_api_virtualenv.py
[2025-09-29T15:50:55.520+0000] {processor.py:830} INFO - Processing file /home/airflow/.local/lib/python3.12/site-packages/airflow/example_dags/tutorial_taskflow_api_virtualenv.py for tasks to queue
[2025-09-29T15:50:55.525+0000] {logging_mixin.py:188} INFO - [2025-09-29T15:50:55.524+0000] {dagbag.py:545} INFO - Filling up the DagBag from /home/airflow/.local/lib/python3.12/site-packages/airflow/example_dags/tutorial_taskflow_api_virtualenv.py
[2025-09-29T15:50:55.550+0000] {processor.py:840} INFO - DAG(s) 'tutorial_taskflow_api_virtualenv' retrieved from /home/airflow/.local/lib/python3.12/site-packages/airflow/example_dags/tutorial_taskflow_api_virtualenv.py
[2025-09-29T15:50:55.609+0000] {logging_mixin.py:188} INFO - [2025-09-29T15:50:55.608+0000] {dag.py:3089} INFO - Sync 1 DAGs
[2025-09-29T15:50:55.641+0000] {logging_mixin.py:188} INFO - [2025-09-29T15:50:55.641+0000] {dag.py:3947} INFO - Setting next_dagrun for tutorial_taskflow_api_virtualenv to None, run_after=None
[2025-09-29T15:50:55.692+0000] {processor.py:183} INFO - Processing /home/airflow/.local/lib/python3.12/site-packages/airflow/example_dags/tutorial_taskflow_api_virtualenv.py took 0.188 seconds
[2025-09-29T15:51:26.453+0000] {processor.py:161} INFO - Started process (PID=9549) to work on /home/airflow/.local/lib/python3.12/site-packages/airflow/example_dags/tutorial_taskflow_api_virtualenv.py
[2025-09-29T15:51:26.455+0000] {processor.py:830} INFO - Processing file /home/airflow/.local/lib/python3.12/site-packages/airflow/example_dags/tutorial_taskflow_api_virtualenv.py for tasks to queue
[2025-09-29T15:51:26.459+0000] {logging_mixin.py:188} INFO - [2025-09-29T15:51:26.458+0000] {dagbag.py:545} INFO - Filling up the DagBag from /home/airflow/.local/lib/python3.12/site-packages/airflow/example_dags/tutorial_taskflow_api_virtualenv.py
[2025-09-29T15:51:26.484+0000] {processor.py:840} INFO - DAG(s) 'tutorial_taskflow_api_virtualenv' retrieved from /home/airflow/.local/lib/python3.12/site-packages/airflow/example_dags/tutorial_taskflow_api_virtualenv.py
[2025-09-29T15:51:26.538+0000] {logging_mixin.py:188} INFO - [2025-09-29T15:51:26.538+0000] {dag.py:3089} INFO - Sync 1 DAGs
[2025-09-29T15:51:26.568+0000] {logging_mixin.py:188} INFO - [2025-09-29T15:51:26.567+0000] {dag.py:3947} INFO - Setting next_dagrun for tutorial_taskflow_api_virtualenv to None, run_after=None
[2025-09-29T15:51:26.621+0000] {processor.py:183} INFO - Processing /home/airflow/.local/lib/python3.12/site-packages/airflow/example_dags/tutorial_taskflow_api_virtualenv.py took 0.182 seconds
[2025-09-29T15:51:57.061+0000] {processor.py:161} INFO - Started process (PID=9811) to work on /home/airflow/.local/lib/python3.12/site-packages/airflow/example_dags/tutorial_taskflow_api_virtualenv.py
[2025-09-29T15:51:57.063+0000] {processor.py:830} INFO - Processing file /home/airflow/.local/lib/python3.12/site-packages/airflow/example_dags/tutorial_taskflow_api_virtualenv.py for tasks to queue
[2025-09-29T15:51:57.068+0000] {logging_mixin.py:188} INFO - [2025-09-29T15:51:57.067+0000] {dagbag.py:545} INFO - Filling up the DagBag from /home/airflow/.local/lib/python3.12/site-packages/airflow/example_dags/tutorial_taskflow_api_virtualenv.py
[2025-09-29T15:51:57.105+0000] {processor.py:840} INFO - DAG(s) 'tutorial_taskflow_api_virtualenv' retrieved from /home/airflow/.local/lib/python3.12/site-packages/airflow/example_dags/tutorial_taskflow_api_virtualenv.py
[2025-09-29T15:51:57.172+0000] {logging_mixin.py:188} INFO - [2025-09-29T15:51:57.172+0000] {dag.py:3089} INFO - Sync 1 DAGs
[2025-09-29T15:51:57.202+0000] {logging_mixin.py:188} INFO - [2025-09-29T15:51:57.202+0000] {dag.py:3947} INFO - Setting next_dagrun for tutorial_taskflow_api_virtualenv to None, run_after=None
[2025-09-29T15:51:57.257+0000] {processor.py:183} INFO - Processing /home/airflow/.local/lib/python3.12/site-packages/airflow/example_dags/tutorial_taskflow_api_virtualenv.py took 0.210 seconds
[2025-09-29T15:52:27.369+0000] {processor.py:161} INFO - Started process (PID=10068) to work on /home/airflow/.local/lib/python3.12/site-packages/airflow/example_dags/tutorial_taskflow_api_virtualenv.py
[2025-09-29T15:52:27.372+0000] {processor.py:830} INFO - Processing file /home/airflow/.local/lib/python3.12/site-packages/airflow/example_dags/tutorial_taskflow_api_virtualenv.py for tasks to queue
[2025-09-29T15:52:27.376+0000] {logging_mixin.py:188} INFO - [2025-09-29T15:52:27.375+0000] {dagbag.py:545} INFO - Filling up the DagBag from /home/airflow/.local/lib/python3.12/site-packages/airflow/example_dags/tutorial_taskflow_api_virtualenv.py
[2025-09-29T15:52:27.401+0000] {processor.py:840} INFO - DAG(s) 'tutorial_taskflow_api_virtualenv' retrieved from /home/airflow/.local/lib/python3.12/site-packages/airflow/example_dags/tutorial_taskflow_api_virtualenv.py
[2025-09-29T15:52:27.467+0000] {logging_mixin.py:188} INFO - [2025-09-29T15:52:27.467+0000] {dag.py:3089} INFO - Sync 1 DAGs
[2025-09-29T15:52:27.502+0000] {logging_mixin.py:188} INFO - [2025-09-29T15:52:27.501+0000] {dag.py:3947} INFO - Setting next_dagrun for tutorial_taskflow_api_virtualenv to None, run_after=None
[2025-09-29T15:52:27.552+0000] {processor.py:183} INFO - Processing /home/airflow/.local/lib/python3.12/site-packages/airflow/example_dags/tutorial_taskflow_api_virtualenv.py took 0.197 seconds
[2025-09-29T15:52:58.106+0000] {processor.py:161} INFO - Started process (PID=10324) to work on /home/airflow/.local/lib/python3.12/site-packages/airflow/example_dags/tutorial_taskflow_api_virtualenv.py
[2025-09-29T15:52:58.109+0000] {processor.py:830} INFO - Processing file /home/airflow/.local/lib/python3.12/site-packages/airflow/example_dags/tutorial_taskflow_api_virtualenv.py for tasks to queue
[2025-09-29T15:52:58.113+0000] {logging_mixin.py:188} INFO - [2025-09-29T15:52:58.113+0000] {dagbag.py:545} INFO - Filling up the DagBag from /home/airflow/.local/lib/python3.12/site-packages/airflow/example_dags/tutorial_taskflow_api_virtualenv.py
[2025-09-29T15:52:58.141+0000] {processor.py:840} INFO - DAG(s) 'tutorial_taskflow_api_virtualenv' retrieved from /home/airflow/.local/lib/python3.12/site-packages/airflow/example_dags/tutorial_taskflow_api_virtualenv.py
[2025-09-29T15:52:58.198+0000] {logging_mixin.py:188} INFO - [2025-09-29T15:52:58.198+0000] {dag.py:3089} INFO - Sync 1 DAGs
[2025-09-29T15:52:58.230+0000] {logging_mixin.py:188} INFO - [2025-09-29T15:52:58.230+0000] {dag.py:3947} INFO - Setting next_dagrun for tutorial_taskflow_api_virtualenv to None, run_after=None
[2025-09-29T15:52:58.281+0000] {processor.py:183} INFO - Processing /home/airflow/.local/lib/python3.12/site-packages/airflow/example_dags/tutorial_taskflow_api_virtualenv.py took 0.191 seconds
[2025-09-29T15:53:28.973+0000] {processor.py:161} INFO - Started process (PID=10597) to work on /home/airflow/.local/lib/python3.12/site-packages/airflow/example_dags/tutorial_taskflow_api_virtualenv.py
[2025-09-29T15:53:28.976+0000] {processor.py:830} INFO - Processing file /home/airflow/.local/lib/python3.12/site-packages/airflow/example_dags/tutorial_taskflow_api_virtualenv.py for tasks to queue
[2025-09-29T15:53:28.981+0000] {logging_mixin.py:188} INFO - [2025-09-29T15:53:28.980+0000] {dagbag.py:545} INFO - Filling up the DagBag from /home/airflow/.local/lib/python3.12/site-packages/airflow/example_dags/tutorial_taskflow_api_virtualenv.py
[2025-09-29T15:53:29.011+0000] {processor.py:840} INFO - DAG(s) 'tutorial_taskflow_api_virtualenv' retrieved from /home/airflow/.local/lib/python3.12/site-packages/airflow/example_dags/tutorial_taskflow_api_virtualenv.py
[2025-09-29T15:53:29.082+0000] {logging_mixin.py:188} INFO - [2025-09-29T15:53:29.081+0000] {dag.py:3089} INFO - Sync 1 DAGs
[2025-09-29T15:53:29.119+0000] {logging_mixin.py:188} INFO - [2025-09-29T15:53:29.118+0000] {dag.py:3947} INFO - Setting next_dagrun for tutorial_taskflow_api_virtualenv to None, run_after=None
[2025-09-29T15:53:29.173+0000] {processor.py:183} INFO - Processing /home/airflow/.local/lib/python3.12/site-packages/airflow/example_dags/tutorial_taskflow_api_virtualenv.py took 0.214 seconds
[2025-09-29T15:54:01.490+0000] {processor.py:161} INFO - Started process (PID=10858) to work on /home/airflow/.local/lib/python3.12/site-packages/airflow/example_dags/tutorial_taskflow_api_virtualenv.py
[2025-09-29T15:54:01.493+0000] {processor.py:830} INFO - Processing file /home/airflow/.local/lib/python3.12/site-packages/airflow/example_dags/tutorial_taskflow_api_virtualenv.py for tasks to queue
[2025-09-29T15:54:01.498+0000] {logging_mixin.py:188} INFO - [2025-09-29T15:54:01.497+0000] {dagbag.py:545} INFO - Filling up the DagBag from /home/airflow/.local/lib/python3.12/site-packages/airflow/example_dags/tutorial_taskflow_api_virtualenv.py
[2025-09-29T15:54:01.525+0000] {processor.py:840} INFO - DAG(s) 'tutorial_taskflow_api_virtualenv' retrieved from /home/airflow/.local/lib/python3.12/site-packages/airflow/example_dags/tutorial_taskflow_api_virtualenv.py
[2025-09-29T15:54:01.976+0000] {logging_mixin.py:188} INFO - [2025-09-29T15:54:01.976+0000] {dag.py:3089} INFO - Sync 1 DAGs
[2025-09-29T15:54:02.026+0000] {logging_mixin.py:188} INFO - [2025-09-29T15:54:02.025+0000] {dag.py:3947} INFO - Setting next_dagrun for tutorial_taskflow_api_virtualenv to None, run_after=None
[2025-09-29T15:54:02.079+0000] {processor.py:183} INFO - Processing /home/airflow/.local/lib/python3.12/site-packages/airflow/example_dags/tutorial_taskflow_api_virtualenv.py took 0.604 seconds
[2025-09-29T15:54:32.209+0000] {processor.py:161} INFO - Started process (PID=11117) to work on /home/airflow/.local/lib/python3.12/site-packages/airflow/example_dags/tutorial_taskflow_api_virtualenv.py
[2025-09-29T15:54:32.212+0000] {processor.py:830} INFO - Processing file /home/airflow/.local/lib/python3.12/site-packages/airflow/example_dags/tutorial_taskflow_api_virtualenv.py for tasks to queue
[2025-09-29T15:54:32.216+0000] {logging_mixin.py:188} INFO - [2025-09-29T15:54:32.215+0000] {dagbag.py:545} INFO - Filling up the DagBag from /home/airflow/.local/lib/python3.12/site-packages/airflow/example_dags/tutorial_taskflow_api_virtualenv.py
[2025-09-29T15:54:32.240+0000] {processor.py:840} INFO - DAG(s) 'tutorial_taskflow_api_virtualenv' retrieved from /home/airflow/.local/lib/python3.12/site-packages/airflow/example_dags/tutorial_taskflow_api_virtualenv.py
[2025-09-29T15:54:32.295+0000] {logging_mixin.py:188} INFO - [2025-09-29T15:54:32.295+0000] {dag.py:3089} INFO - Sync 1 DAGs
[2025-09-29T15:54:32.323+0000] {logging_mixin.py:188} INFO - [2025-09-29T15:54:32.322+0000] {dag.py:3947} INFO - Setting next_dagrun for tutorial_taskflow_api_virtualenv to None, run_after=None
[2025-09-29T15:54:32.367+0000] {processor.py:183} INFO - Processing /home/airflow/.local/lib/python3.12/site-packages/airflow/example_dags/tutorial_taskflow_api_virtualenv.py took 0.173 seconds
[2025-09-29T15:55:02.731+0000] {processor.py:161} INFO - Started process (PID=11374) to work on /home/airflow/.local/lib/python3.12/site-packages/airflow/example_dags/tutorial_taskflow_api_virtualenv.py
[2025-09-29T15:55:02.747+0000] {processor.py:830} INFO - Processing file /home/airflow/.local/lib/python3.12/site-packages/airflow/example_dags/tutorial_taskflow_api_virtualenv.py for tasks to queue
[2025-09-29T15:55:02.751+0000] {logging_mixin.py:188} INFO - [2025-09-29T15:55:02.750+0000] {dagbag.py:545} INFO - Filling up the DagBag from /home/airflow/.local/lib/python3.12/site-packages/airflow/example_dags/tutorial_taskflow_api_virtualenv.py
[2025-09-29T15:55:02.776+0000] {processor.py:840} INFO - DAG(s) 'tutorial_taskflow_api_virtualenv' retrieved from /home/airflow/.local/lib/python3.12/site-packages/airflow/example_dags/tutorial_taskflow_api_virtualenv.py
[2025-09-29T15:55:02.835+0000] {logging_mixin.py:188} INFO - [2025-09-29T15:55:02.835+0000] {dag.py:3089} INFO - Sync 1 DAGs
[2025-09-29T15:55:02.864+0000] {logging_mixin.py:188} INFO - [2025-09-29T15:55:02.863+0000] {dag.py:3947} INFO - Setting next_dagrun for tutorial_taskflow_api_virtualenv to None, run_after=None
[2025-09-29T15:55:02.930+0000] {processor.py:183} INFO - Processing /home/airflow/.local/lib/python3.12/site-packages/airflow/example_dags/tutorial_taskflow_api_virtualenv.py took 0.215 seconds
[2025-09-29T15:55:33.185+0000] {processor.py:161} INFO - Started process (PID=11636) to work on /home/airflow/.local/lib/python3.12/site-packages/airflow/example_dags/tutorial_taskflow_api_virtualenv.py
[2025-09-29T15:55:33.187+0000] {processor.py:830} INFO - Processing file /home/airflow/.local/lib/python3.12/site-packages/airflow/example_dags/tutorial_taskflow_api_virtualenv.py for tasks to queue
[2025-09-29T15:55:33.191+0000] {logging_mixin.py:188} INFO - [2025-09-29T15:55:33.190+0000] {dagbag.py:545} INFO - Filling up the DagBag from /home/airflow/.local/lib/python3.12/site-packages/airflow/example_dags/tutorial_taskflow_api_virtualenv.py
[2025-09-29T15:55:33.218+0000] {processor.py:840} INFO - DAG(s) 'tutorial_taskflow_api_virtualenv' retrieved from /home/airflow/.local/lib/python3.12/site-packages/airflow/example_dags/tutorial_taskflow_api_virtualenv.py
[2025-09-29T15:55:33.279+0000] {logging_mixin.py:188} INFO - [2025-09-29T15:55:33.278+0000] {dag.py:3089} INFO - Sync 1 DAGs
[2025-09-29T15:55:33.308+0000] {logging_mixin.py:188} INFO - [2025-09-29T15:55:33.307+0000] {dag.py:3947} INFO - Setting next_dagrun for tutorial_taskflow_api_virtualenv to None, run_after=None
[2025-09-29T15:55:33.360+0000] {processor.py:183} INFO - Processing /home/airflow/.local/lib/python3.12/site-packages/airflow/example_dags/tutorial_taskflow_api_virtualenv.py took 0.191 seconds
[2025-09-29T15:56:03.538+0000] {processor.py:161} INFO - Started process (PID=11898) to work on /home/airflow/.local/lib/python3.12/site-packages/airflow/example_dags/tutorial_taskflow_api_virtualenv.py
[2025-09-29T15:56:03.551+0000] {processor.py:830} INFO - Processing file /home/airflow/.local/lib/python3.12/site-packages/airflow/example_dags/tutorial_taskflow_api_virtualenv.py for tasks to queue
[2025-09-29T15:56:03.556+0000] {logging_mixin.py:188} INFO - [2025-09-29T15:56:03.555+0000] {dagbag.py:545} INFO - Filling up the DagBag from /home/airflow/.local/lib/python3.12/site-packages/airflow/example_dags/tutorial_taskflow_api_virtualenv.py
[2025-09-29T15:56:03.581+0000] {processor.py:840} INFO - DAG(s) 'tutorial_taskflow_api_virtualenv' retrieved from /home/airflow/.local/lib/python3.12/site-packages/airflow/example_dags/tutorial_taskflow_api_virtualenv.py
[2025-09-29T15:56:03.638+0000] {logging_mixin.py:188} INFO - [2025-09-29T15:56:03.638+0000] {dag.py:3089} INFO - Sync 1 DAGs
[2025-09-29T15:56:03.666+0000] {logging_mixin.py:188} INFO - [2025-09-29T15:56:03.665+0000] {dag.py:3947} INFO - Setting next_dagrun for tutorial_taskflow_api_virtualenv to None, run_after=None
[2025-09-29T15:56:03.712+0000] {processor.py:183} INFO - Processing /home/airflow/.local/lib/python3.12/site-packages/airflow/example_dags/tutorial_taskflow_api_virtualenv.py took 0.191 seconds
[2025-09-29T15:56:34.287+0000] {processor.py:161} INFO - Started process (PID=12160) to work on /home/airflow/.local/lib/python3.12/site-packages/airflow/example_dags/tutorial_taskflow_api_virtualenv.py
[2025-09-29T15:56:34.302+0000] {processor.py:830} INFO - Processing file /home/airflow/.local/lib/python3.12/site-packages/airflow/example_dags/tutorial_taskflow_api_virtualenv.py for tasks to queue
[2025-09-29T15:56:34.307+0000] {logging_mixin.py:188} INFO - [2025-09-29T15:56:34.306+0000] {dagbag.py:545} INFO - Filling up the DagBag from /home/airflow/.local/lib/python3.12/site-packages/airflow/example_dags/tutorial_taskflow_api_virtualenv.py
[2025-09-29T15:56:34.330+0000] {processor.py:840} INFO - DAG(s) 'tutorial_taskflow_api_virtualenv' retrieved from /home/airflow/.local/lib/python3.12/site-packages/airflow/example_dags/tutorial_taskflow_api_virtualenv.py
[2025-09-29T15:56:34.385+0000] {logging_mixin.py:188} INFO - [2025-09-29T15:56:34.384+0000] {dag.py:3089} INFO - Sync 1 DAGs
[2025-09-29T15:56:34.414+0000] {logging_mixin.py:188} INFO - [2025-09-29T15:56:34.413+0000] {dag.py:3947} INFO - Setting next_dagrun for tutorial_taskflow_api_virtualenv to None, run_after=None
[2025-09-29T15:56:34.464+0000] {processor.py:183} INFO - Processing /home/airflow/.local/lib/python3.12/site-packages/airflow/example_dags/tutorial_taskflow_api_virtualenv.py took 0.193 seconds
[2025-09-29T15:57:04.613+0000] {processor.py:161} INFO - Started process (PID=12422) to work on /home/airflow/.local/lib/python3.12/site-packages/airflow/example_dags/tutorial_taskflow_api_virtualenv.py
[2025-09-29T15:57:04.615+0000] {processor.py:830} INFO - Processing file /home/airflow/.local/lib/python3.12/site-packages/airflow/example_dags/tutorial_taskflow_api_virtualenv.py for tasks to queue
[2025-09-29T15:57:04.619+0000] {logging_mixin.py:188} INFO - [2025-09-29T15:57:04.618+0000] {dagbag.py:545} INFO - Filling up the DagBag from /home/airflow/.local/lib/python3.12/site-packages/airflow/example_dags/tutorial_taskflow_api_virtualenv.py
[2025-09-29T15:57:04.643+0000] {processor.py:840} INFO - DAG(s) 'tutorial_taskflow_api_virtualenv' retrieved from /home/airflow/.local/lib/python3.12/site-packages/airflow/example_dags/tutorial_taskflow_api_virtualenv.py
[2025-09-29T15:57:04.698+0000] {logging_mixin.py:188} INFO - [2025-09-29T15:57:04.697+0000] {dag.py:3089} INFO - Sync 1 DAGs
[2025-09-29T15:57:04.726+0000] {logging_mixin.py:188} INFO - [2025-09-29T15:57:04.725+0000] {dag.py:3947} INFO - Setting next_dagrun for tutorial_taskflow_api_virtualenv to None, run_after=None
[2025-09-29T15:57:04.772+0000] {processor.py:183} INFO - Processing /home/airflow/.local/lib/python3.12/site-packages/airflow/example_dags/tutorial_taskflow_api_virtualenv.py took 0.174 seconds
[2025-09-29T15:57:34.951+0000] {processor.py:161} INFO - Started process (PID=12684) to work on /home/airflow/.local/lib/python3.12/site-packages/airflow/example_dags/tutorial_taskflow_api_virtualenv.py
[2025-09-29T15:57:34.966+0000] {processor.py:830} INFO - Processing file /home/airflow/.local/lib/python3.12/site-packages/airflow/example_dags/tutorial_taskflow_api_virtualenv.py for tasks to queue
[2025-09-29T15:57:34.970+0000] {logging_mixin.py:188} INFO - [2025-09-29T15:57:34.969+0000] {dagbag.py:545} INFO - Filling up the DagBag from /home/airflow/.local/lib/python3.12/site-packages/airflow/example_dags/tutorial_taskflow_api_virtualenv.py
[2025-09-29T15:57:34.996+0000] {processor.py:840} INFO - DAG(s) 'tutorial_taskflow_api_virtualenv' retrieved from /home/airflow/.local/lib/python3.12/site-packages/airflow/example_dags/tutorial_taskflow_api_virtualenv.py
[2025-09-29T15:57:35.054+0000] {logging_mixin.py:188} INFO - [2025-09-29T15:57:35.054+0000] {dag.py:3089} INFO - Sync 1 DAGs
[2025-09-29T15:57:35.085+0000] {logging_mixin.py:188} INFO - [2025-09-29T15:57:35.085+0000] {dag.py:3947} INFO - Setting next_dagrun for tutorial_taskflow_api_virtualenv to None, run_after=None
[2025-09-29T15:57:35.132+0000] {processor.py:183} INFO - Processing /home/airflow/.local/lib/python3.12/site-packages/airflow/example_dags/tutorial_taskflow_api_virtualenv.py took 0.197 seconds
[2025-09-29T15:58:05.664+0000] {processor.py:161} INFO - Started process (PID=12946) to work on /home/airflow/.local/lib/python3.12/site-packages/airflow/example_dags/tutorial_taskflow_api_virtualenv.py
[2025-09-29T15:58:05.680+0000] {processor.py:830} INFO - Processing file /home/airflow/.local/lib/python3.12/site-packages/airflow/example_dags/tutorial_taskflow_api_virtualenv.py for tasks to queue
[2025-09-29T15:58:05.684+0000] {logging_mixin.py:188} INFO - [2025-09-29T15:58:05.683+0000] {dagbag.py:545} INFO - Filling up the DagBag from /home/airflow/.local/lib/python3.12/site-packages/airflow/example_dags/tutorial_taskflow_api_virtualenv.py
[2025-09-29T15:58:05.708+0000] {processor.py:840} INFO - DAG(s) 'tutorial_taskflow_api_virtualenv' retrieved from /home/airflow/.local/lib/python3.12/site-packages/airflow/example_dags/tutorial_taskflow_api_virtualenv.py
[2025-09-29T15:58:05.763+0000] {logging_mixin.py:188} INFO - [2025-09-29T15:58:05.762+0000] {dag.py:3089} INFO - Sync 1 DAGs
[2025-09-29T15:58:05.791+0000] {logging_mixin.py:188} INFO - [2025-09-29T15:58:05.791+0000] {dag.py:3947} INFO - Setting next_dagrun for tutorial_taskflow_api_virtualenv to None, run_after=None
[2025-09-29T15:58:05.835+0000] {processor.py:183} INFO - Processing /home/airflow/.local/lib/python3.12/site-packages/airflow/example_dags/tutorial_taskflow_api_virtualenv.py took 0.187 seconds
[2025-09-29T15:58:35.934+0000] {processor.py:161} INFO - Started process (PID=13208) to work on /home/airflow/.local/lib/python3.12/site-packages/airflow/example_dags/tutorial_taskflow_api_virtualenv.py
[2025-09-29T15:58:35.937+0000] {processor.py:830} INFO - Processing file /home/airflow/.local/lib/python3.12/site-packages/airflow/example_dags/tutorial_taskflow_api_virtualenv.py for tasks to queue
[2025-09-29T15:58:35.941+0000] {logging_mixin.py:188} INFO - [2025-09-29T15:58:35.940+0000] {dagbag.py:545} INFO - Filling up the DagBag from /home/airflow/.local/lib/python3.12/site-packages/airflow/example_dags/tutorial_taskflow_api_virtualenv.py
[2025-09-29T15:58:35.966+0000] {processor.py:840} INFO - DAG(s) 'tutorial_taskflow_api_virtualenv' retrieved from /home/airflow/.local/lib/python3.12/site-packages/airflow/example_dags/tutorial_taskflow_api_virtualenv.py
[2025-09-29T15:58:36.024+0000] {logging_mixin.py:188} INFO - [2025-09-29T15:58:36.023+0000] {dag.py:3089} INFO - Sync 1 DAGs
[2025-09-29T15:58:36.051+0000] {logging_mixin.py:188} INFO - [2025-09-29T15:58:36.051+0000] {dag.py:3947} INFO - Setting next_dagrun for tutorial_taskflow_api_virtualenv to None, run_after=None
[2025-09-29T15:58:36.097+0000] {processor.py:183} INFO - Processing /home/airflow/.local/lib/python3.12/site-packages/airflow/example_dags/tutorial_taskflow_api_virtualenv.py took 0.179 seconds
[2025-09-29T15:59:06.611+0000] {processor.py:161} INFO - Started process (PID=13468) to work on /home/airflow/.local/lib/python3.12/site-packages/airflow/example_dags/tutorial_taskflow_api_virtualenv.py
[2025-09-29T15:59:06.614+0000] {processor.py:830} INFO - Processing file /home/airflow/.local/lib/python3.12/site-packages/airflow/example_dags/tutorial_taskflow_api_virtualenv.py for tasks to queue
[2025-09-29T15:59:06.618+0000] {logging_mixin.py:188} INFO - [2025-09-29T15:59:06.617+0000] {dagbag.py:545} INFO - Filling up the DagBag from /home/airflow/.local/lib/python3.12/site-packages/airflow/example_dags/tutorial_taskflow_api_virtualenv.py
[2025-09-29T15:59:06.642+0000] {processor.py:840} INFO - DAG(s) 'tutorial_taskflow_api_virtualenv' retrieved from /home/airflow/.local/lib/python3.12/site-packages/airflow/example_dags/tutorial_taskflow_api_virtualenv.py
[2025-09-29T15:59:06.695+0000] {logging_mixin.py:188} INFO - [2025-09-29T15:59:06.695+0000] {dag.py:3089} INFO - Sync 1 DAGs
[2025-09-29T15:59:06.725+0000] {logging_mixin.py:188} INFO - [2025-09-29T15:59:06.724+0000] {dag.py:3947} INFO - Setting next_dagrun for tutorial_taskflow_api_virtualenv to None, run_after=None
[2025-09-29T15:59:06.770+0000] {processor.py:183} INFO - Processing /home/airflow/.local/lib/python3.12/site-packages/airflow/example_dags/tutorial_taskflow_api_virtualenv.py took 0.174 seconds
[2025-09-29T15:59:37.113+0000] {processor.py:161} INFO - Started process (PID=13725) to work on /home/airflow/.local/lib/python3.12/site-packages/airflow/example_dags/tutorial_taskflow_api_virtualenv.py
[2025-09-29T15:59:37.116+0000] {processor.py:830} INFO - Processing file /home/airflow/.local/lib/python3.12/site-packages/airflow/example_dags/tutorial_taskflow_api_virtualenv.py for tasks to queue
[2025-09-29T15:59:37.120+0000] {logging_mixin.py:188} INFO - [2025-09-29T15:59:37.119+0000] {dagbag.py:545} INFO - Filling up the DagBag from /home/airflow/.local/lib/python3.12/site-packages/airflow/example_dags/tutorial_taskflow_api_virtualenv.py
[2025-09-29T15:59:37.147+0000] {processor.py:840} INFO - DAG(s) 'tutorial_taskflow_api_virtualenv' retrieved from /home/airflow/.local/lib/python3.12/site-packages/airflow/example_dags/tutorial_taskflow_api_virtualenv.py
[2025-09-29T15:59:37.208+0000] {logging_mixin.py:188} INFO - [2025-09-29T15:59:37.207+0000] {dag.py:3089} INFO - Sync 1 DAGs
[2025-09-29T15:59:37.236+0000] {logging_mixin.py:188} INFO - [2025-09-29T15:59:37.236+0000] {dag.py:3947} INFO - Setting next_dagrun for tutorial_taskflow_api_virtualenv to None, run_after=None
[2025-09-29T15:59:37.281+0000] {processor.py:183} INFO - Processing /home/airflow/.local/lib/python3.12/site-packages/airflow/example_dags/tutorial_taskflow_api_virtualenv.py took 0.183 seconds
[2025-09-29T16:00:08.123+0000] {processor.py:161} INFO - Started process (PID=13992) to work on /home/airflow/.local/lib/python3.12/site-packages/airflow/example_dags/tutorial_taskflow_api_virtualenv.py
[2025-09-29T16:00:08.126+0000] {processor.py:830} INFO - Processing file /home/airflow/.local/lib/python3.12/site-packages/airflow/example_dags/tutorial_taskflow_api_virtualenv.py for tasks to queue
[2025-09-29T16:00:08.130+0000] {logging_mixin.py:188} INFO - [2025-09-29T16:00:08.130+0000] {dagbag.py:545} INFO - Filling up the DagBag from /home/airflow/.local/lib/python3.12/site-packages/airflow/example_dags/tutorial_taskflow_api_virtualenv.py
[2025-09-29T16:00:08.157+0000] {processor.py:840} INFO - DAG(s) 'tutorial_taskflow_api_virtualenv' retrieved from /home/airflow/.local/lib/python3.12/site-packages/airflow/example_dags/tutorial_taskflow_api_virtualenv.py
[2025-09-29T16:00:08.224+0000] {logging_mixin.py:188} INFO - [2025-09-29T16:00:08.223+0000] {dag.py:3089} INFO - Sync 1 DAGs
[2025-09-29T16:00:08.267+0000] {logging_mixin.py:188} INFO - [2025-09-29T16:00:08.267+0000] {dag.py:3947} INFO - Setting next_dagrun for tutorial_taskflow_api_virtualenv to None, run_after=None
[2025-09-29T16:00:08.335+0000] {processor.py:183} INFO - Processing /home/airflow/.local/lib/python3.12/site-packages/airflow/example_dags/tutorial_taskflow_api_virtualenv.py took 0.228 seconds
[2025-09-29T16:00:38.987+0000] {processor.py:161} INFO - Started process (PID=14248) to work on /home/airflow/.local/lib/python3.12/site-packages/airflow/example_dags/tutorial_taskflow_api_virtualenv.py
[2025-09-29T16:00:38.989+0000] {processor.py:830} INFO - Processing file /home/airflow/.local/lib/python3.12/site-packages/airflow/example_dags/tutorial_taskflow_api_virtualenv.py for tasks to queue
[2025-09-29T16:00:38.994+0000] {logging_mixin.py:188} INFO - [2025-09-29T16:00:38.993+0000] {dagbag.py:545} INFO - Filling up the DagBag from /home/airflow/.local/lib/python3.12/site-packages/airflow/example_dags/tutorial_taskflow_api_virtualenv.py
[2025-09-29T16:00:39.019+0000] {processor.py:840} INFO - DAG(s) 'tutorial_taskflow_api_virtualenv' retrieved from /home/airflow/.local/lib/python3.12/site-packages/airflow/example_dags/tutorial_taskflow_api_virtualenv.py
[2025-09-29T16:00:39.077+0000] {logging_mixin.py:188} INFO - [2025-09-29T16:00:39.076+0000] {dag.py:3089} INFO - Sync 1 DAGs
[2025-09-29T16:00:39.112+0000] {logging_mixin.py:188} INFO - [2025-09-29T16:00:39.111+0000] {dag.py:3947} INFO - Setting next_dagrun for tutorial_taskflow_api_virtualenv to None, run_after=None
[2025-09-29T16:00:39.160+0000] {processor.py:183} INFO - Processing /home/airflow/.local/lib/python3.12/site-packages/airflow/example_dags/tutorial_taskflow_api_virtualenv.py took 0.189 seconds
[2025-09-29T16:01:09.788+0000] {processor.py:161} INFO - Started process (PID=14510) to work on /home/airflow/.local/lib/python3.12/site-packages/airflow/example_dags/tutorial_taskflow_api_virtualenv.py
[2025-09-29T16:01:09.791+0000] {processor.py:830} INFO - Processing file /home/airflow/.local/lib/python3.12/site-packages/airflow/example_dags/tutorial_taskflow_api_virtualenv.py for tasks to queue
[2025-09-29T16:01:09.795+0000] {logging_mixin.py:188} INFO - [2025-09-29T16:01:09.794+0000] {dagbag.py:545} INFO - Filling up the DagBag from /home/airflow/.local/lib/python3.12/site-packages/airflow/example_dags/tutorial_taskflow_api_virtualenv.py
[2025-09-29T16:01:09.819+0000] {processor.py:840} INFO - DAG(s) 'tutorial_taskflow_api_virtualenv' retrieved from /home/airflow/.local/lib/python3.12/site-packages/airflow/example_dags/tutorial_taskflow_api_virtualenv.py
[2025-09-29T16:01:09.874+0000] {logging_mixin.py:188} INFO - [2025-09-29T16:01:09.873+0000] {dag.py:3089} INFO - Sync 1 DAGs
[2025-09-29T16:01:09.904+0000] {logging_mixin.py:188} INFO - [2025-09-29T16:01:09.903+0000] {dag.py:3947} INFO - Setting next_dagrun for tutorial_taskflow_api_virtualenv to None, run_after=None
[2025-09-29T16:01:09.954+0000] {processor.py:183} INFO - Processing /home/airflow/.local/lib/python3.12/site-packages/airflow/example_dags/tutorial_taskflow_api_virtualenv.py took 0.181 seconds
[2025-09-29T16:01:40.540+0000] {processor.py:161} INFO - Started process (PID=14772) to work on /home/airflow/.local/lib/python3.12/site-packages/airflow/example_dags/tutorial_taskflow_api_virtualenv.py
[2025-09-29T16:01:40.543+0000] {processor.py:830} INFO - Processing file /home/airflow/.local/lib/python3.12/site-packages/airflow/example_dags/tutorial_taskflow_api_virtualenv.py for tasks to queue
[2025-09-29T16:01:40.547+0000] {logging_mixin.py:188} INFO - [2025-09-29T16:01:40.546+0000] {dagbag.py:545} INFO - Filling up the DagBag from /home/airflow/.local/lib/python3.12/site-packages/airflow/example_dags/tutorial_taskflow_api_virtualenv.py
[2025-09-29T16:01:40.571+0000] {processor.py:840} INFO - DAG(s) 'tutorial_taskflow_api_virtualenv' retrieved from /home/airflow/.local/lib/python3.12/site-packages/airflow/example_dags/tutorial_taskflow_api_virtualenv.py
[2025-09-29T16:01:40.625+0000] {logging_mixin.py:188} INFO - [2025-09-29T16:01:40.625+0000] {dag.py:3089} INFO - Sync 1 DAGs
[2025-09-29T16:01:40.655+0000] {logging_mixin.py:188} INFO - [2025-09-29T16:01:40.654+0000] {dag.py:3947} INFO - Setting next_dagrun for tutorial_taskflow_api_virtualenv to None, run_after=None
[2025-09-29T16:01:40.698+0000] {processor.py:183} INFO - Processing /home/airflow/.local/lib/python3.12/site-packages/airflow/example_dags/tutorial_taskflow_api_virtualenv.py took 0.173 seconds
[2025-09-29T16:02:11.268+0000] {processor.py:161} INFO - Started process (PID=15034) to work on /home/airflow/.local/lib/python3.12/site-packages/airflow/example_dags/tutorial_taskflow_api_virtualenv.py
[2025-09-29T16:02:11.271+0000] {processor.py:830} INFO - Processing file /home/airflow/.local/lib/python3.12/site-packages/airflow/example_dags/tutorial_taskflow_api_virtualenv.py for tasks to queue
[2025-09-29T16:02:11.275+0000] {logging_mixin.py:188} INFO - [2025-09-29T16:02:11.274+0000] {dagbag.py:545} INFO - Filling up the DagBag from /home/airflow/.local/lib/python3.12/site-packages/airflow/example_dags/tutorial_taskflow_api_virtualenv.py
[2025-09-29T16:02:11.300+0000] {processor.py:840} INFO - DAG(s) 'tutorial_taskflow_api_virtualenv' retrieved from /home/airflow/.local/lib/python3.12/site-packages/airflow/example_dags/tutorial_taskflow_api_virtualenv.py
[2025-09-29T16:02:11.360+0000] {logging_mixin.py:188} INFO - [2025-09-29T16:02:11.360+0000] {dag.py:3089} INFO - Sync 1 DAGs
[2025-09-29T16:02:11.413+0000] {logging_mixin.py:188} INFO - [2025-09-29T16:02:11.413+0000] {dag.py:3947} INFO - Setting next_dagrun for tutorial_taskflow_api_virtualenv to None, run_after=None
[2025-09-29T16:02:11.468+0000] {processor.py:183} INFO - Processing /home/airflow/.local/lib/python3.12/site-packages/airflow/example_dags/tutorial_taskflow_api_virtualenv.py took 0.219 seconds
[2025-09-29T16:02:42.159+0000] {processor.py:161} INFO - Started process (PID=15296) to work on /home/airflow/.local/lib/python3.12/site-packages/airflow/example_dags/tutorial_taskflow_api_virtualenv.py
[2025-09-29T16:02:42.162+0000] {processor.py:830} INFO - Processing file /home/airflow/.local/lib/python3.12/site-packages/airflow/example_dags/tutorial_taskflow_api_virtualenv.py for tasks to queue
[2025-09-29T16:02:42.166+0000] {logging_mixin.py:188} INFO - [2025-09-29T16:02:42.165+0000] {dagbag.py:545} INFO - Filling up the DagBag from /home/airflow/.local/lib/python3.12/site-packages/airflow/example_dags/tutorial_taskflow_api_virtualenv.py
[2025-09-29T16:02:42.191+0000] {processor.py:840} INFO - DAG(s) 'tutorial_taskflow_api_virtualenv' retrieved from /home/airflow/.local/lib/python3.12/site-packages/airflow/example_dags/tutorial_taskflow_api_virtualenv.py
[2025-09-29T16:02:42.250+0000] {logging_mixin.py:188} INFO - [2025-09-29T16:02:42.249+0000] {dag.py:3089} INFO - Sync 1 DAGs
[2025-09-29T16:02:42.280+0000] {logging_mixin.py:188} INFO - [2025-09-29T16:02:42.279+0000] {dag.py:3947} INFO - Setting next_dagrun for tutorial_taskflow_api_virtualenv to None, run_after=None
[2025-09-29T16:02:42.329+0000] {processor.py:183} INFO - Processing /home/airflow/.local/lib/python3.12/site-packages/airflow/example_dags/tutorial_taskflow_api_virtualenv.py took 0.186 seconds
[2025-09-29T16:03:12.619+0000] {processor.py:161} INFO - Started process (PID=15560) to work on /home/airflow/.local/lib/python3.12/site-packages/airflow/example_dags/tutorial_taskflow_api_virtualenv.py
[2025-09-29T16:03:12.621+0000] {processor.py:830} INFO - Processing file /home/airflow/.local/lib/python3.12/site-packages/airflow/example_dags/tutorial_taskflow_api_virtualenv.py for tasks to queue
[2025-09-29T16:03:12.625+0000] {logging_mixin.py:188} INFO - [2025-09-29T16:03:12.624+0000] {dagbag.py:545} INFO - Filling up the DagBag from /home/airflow/.local/lib/python3.12/site-packages/airflow/example_dags/tutorial_taskflow_api_virtualenv.py
[2025-09-29T16:03:12.650+0000] {processor.py:840} INFO - DAG(s) 'tutorial_taskflow_api_virtualenv' retrieved from /home/airflow/.local/lib/python3.12/site-packages/airflow/example_dags/tutorial_taskflow_api_virtualenv.py
[2025-09-29T16:03:12.705+0000] {logging_mixin.py:188} INFO - [2025-09-29T16:03:12.705+0000] {dag.py:3089} INFO - Sync 1 DAGs
[2025-09-29T16:03:12.733+0000] {logging_mixin.py:188} INFO - [2025-09-29T16:03:12.733+0000] {dag.py:3947} INFO - Setting next_dagrun for tutorial_taskflow_api_virtualenv to None, run_after=None
[2025-09-29T16:03:12.782+0000] {processor.py:183} INFO - Processing /home/airflow/.local/lib/python3.12/site-packages/airflow/example_dags/tutorial_taskflow_api_virtualenv.py took 0.178 seconds
[2025-09-29T16:03:43.185+0000] {processor.py:161} INFO - Started process (PID=15820) to work on /home/airflow/.local/lib/python3.12/site-packages/airflow/example_dags/tutorial_taskflow_api_virtualenv.py
[2025-09-29T16:03:43.188+0000] {processor.py:830} INFO - Processing file /home/airflow/.local/lib/python3.12/site-packages/airflow/example_dags/tutorial_taskflow_api_virtualenv.py for tasks to queue
[2025-09-29T16:03:43.192+0000] {logging_mixin.py:188} INFO - [2025-09-29T16:03:43.191+0000] {dagbag.py:545} INFO - Filling up the DagBag from /home/airflow/.local/lib/python3.12/site-packages/airflow/example_dags/tutorial_taskflow_api_virtualenv.py
[2025-09-29T16:03:43.216+0000] {processor.py:840} INFO - DAG(s) 'tutorial_taskflow_api_virtualenv' retrieved from /home/airflow/.local/lib/python3.12/site-packages/airflow/example_dags/tutorial_taskflow_api_virtualenv.py
[2025-09-29T16:03:43.271+0000] {logging_mixin.py:188} INFO - [2025-09-29T16:03:43.270+0000] {dag.py:3089} INFO - Sync 1 DAGs
[2025-09-29T16:03:43.299+0000] {logging_mixin.py:188} INFO - [2025-09-29T16:03:43.298+0000] {dag.py:3947} INFO - Setting next_dagrun for tutorial_taskflow_api_virtualenv to None, run_after=None
[2025-09-29T16:03:43.348+0000] {processor.py:183} INFO - Processing /home/airflow/.local/lib/python3.12/site-packages/airflow/example_dags/tutorial_taskflow_api_virtualenv.py took 0.177 seconds
[2025-09-29T16:04:13.616+0000] {processor.py:161} INFO - Started process (PID=16082) to work on /home/airflow/.local/lib/python3.12/site-packages/airflow/example_dags/tutorial_taskflow_api_virtualenv.py
[2025-09-29T16:04:13.618+0000] {processor.py:830} INFO - Processing file /home/airflow/.local/lib/python3.12/site-packages/airflow/example_dags/tutorial_taskflow_api_virtualenv.py for tasks to queue
[2025-09-29T16:04:13.622+0000] {logging_mixin.py:188} INFO - [2025-09-29T16:04:13.622+0000] {dagbag.py:545} INFO - Filling up the DagBag from /home/airflow/.local/lib/python3.12/site-packages/airflow/example_dags/tutorial_taskflow_api_virtualenv.py
[2025-09-29T16:04:13.646+0000] {processor.py:840} INFO - DAG(s) 'tutorial_taskflow_api_virtualenv' retrieved from /home/airflow/.local/lib/python3.12/site-packages/airflow/example_dags/tutorial_taskflow_api_virtualenv.py
[2025-09-29T16:04:13.701+0000] {logging_mixin.py:188} INFO - [2025-09-29T16:04:13.701+0000] {dag.py:3089} INFO - Sync 1 DAGs
[2025-09-29T16:04:13.730+0000] {logging_mixin.py:188} INFO - [2025-09-29T16:04:13.729+0000] {dag.py:3947} INFO - Setting next_dagrun for tutorial_taskflow_api_virtualenv to None, run_after=None
[2025-09-29T16:04:13.774+0000] {processor.py:183} INFO - Processing /home/airflow/.local/lib/python3.12/site-packages/airflow/example_dags/tutorial_taskflow_api_virtualenv.py took 0.172 seconds
[2025-09-29T16:04:44.318+0000] {processor.py:161} INFO - Started process (PID=16344) to work on /home/airflow/.local/lib/python3.12/site-packages/airflow/example_dags/tutorial_taskflow_api_virtualenv.py
[2025-09-29T16:04:44.320+0000] {processor.py:830} INFO - Processing file /home/airflow/.local/lib/python3.12/site-packages/airflow/example_dags/tutorial_taskflow_api_virtualenv.py for tasks to queue
[2025-09-29T16:04:44.324+0000] {logging_mixin.py:188} INFO - [2025-09-29T16:04:44.324+0000] {dagbag.py:545} INFO - Filling up the DagBag from /home/airflow/.local/lib/python3.12/site-packages/airflow/example_dags/tutorial_taskflow_api_virtualenv.py
[2025-09-29T16:04:44.349+0000] {processor.py:840} INFO - DAG(s) 'tutorial_taskflow_api_virtualenv' retrieved from /home/airflow/.local/lib/python3.12/site-packages/airflow/example_dags/tutorial_taskflow_api_virtualenv.py
[2025-09-29T16:04:44.407+0000] {logging_mixin.py:188} INFO - [2025-09-29T16:04:44.407+0000] {dag.py:3089} INFO - Sync 1 DAGs
[2025-09-29T16:04:44.436+0000] {logging_mixin.py:188} INFO - [2025-09-29T16:04:44.436+0000] {dag.py:3947} INFO - Setting next_dagrun for tutorial_taskflow_api_virtualenv to None, run_after=None
[2025-09-29T16:04:44.483+0000] {processor.py:183} INFO - Processing /home/airflow/.local/lib/python3.12/site-packages/airflow/example_dags/tutorial_taskflow_api_virtualenv.py took 0.180 seconds
[2025-09-29T16:05:14.925+0000] {processor.py:161} INFO - Started process (PID=16606) to work on /home/airflow/.local/lib/python3.12/site-packages/airflow/example_dags/tutorial_taskflow_api_virtualenv.py
[2025-09-29T16:05:14.926+0000] {processor.py:830} INFO - Processing file /home/airflow/.local/lib/python3.12/site-packages/airflow/example_dags/tutorial_taskflow_api_virtualenv.py for tasks to queue
[2025-09-29T16:05:14.930+0000] {logging_mixin.py:188} INFO - [2025-09-29T16:05:14.930+0000] {dagbag.py:545} INFO - Filling up the DagBag from /home/airflow/.local/lib/python3.12/site-packages/airflow/example_dags/tutorial_taskflow_api_virtualenv.py
[2025-09-29T16:05:14.954+0000] {processor.py:840} INFO - DAG(s) 'tutorial_taskflow_api_virtualenv' retrieved from /home/airflow/.local/lib/python3.12/site-packages/airflow/example_dags/tutorial_taskflow_api_virtualenv.py
[2025-09-29T16:05:15.010+0000] {logging_mixin.py:188} INFO - [2025-09-29T16:05:15.009+0000] {dag.py:3089} INFO - Sync 1 DAGs
[2025-09-29T16:05:15.041+0000] {logging_mixin.py:188} INFO - [2025-09-29T16:05:15.040+0000] {dag.py:3947} INFO - Setting next_dagrun for tutorial_taskflow_api_virtualenv to None, run_after=None
[2025-09-29T16:05:15.088+0000] {processor.py:183} INFO - Processing /home/airflow/.local/lib/python3.12/site-packages/airflow/example_dags/tutorial_taskflow_api_virtualenv.py took 0.179 seconds
[2025-09-29T16:05:45.412+0000] {processor.py:161} INFO - Started process (PID=16868) to work on /home/airflow/.local/lib/python3.12/site-packages/airflow/example_dags/tutorial_taskflow_api_virtualenv.py
[2025-09-29T16:05:45.415+0000] {processor.py:830} INFO - Processing file /home/airflow/.local/lib/python3.12/site-packages/airflow/example_dags/tutorial_taskflow_api_virtualenv.py for tasks to queue
[2025-09-29T16:05:45.419+0000] {logging_mixin.py:188} INFO - [2025-09-29T16:05:45.418+0000] {dagbag.py:545} INFO - Filling up the DagBag from /home/airflow/.local/lib/python3.12/site-packages/airflow/example_dags/tutorial_taskflow_api_virtualenv.py
[2025-09-29T16:05:45.445+0000] {processor.py:840} INFO - DAG(s) 'tutorial_taskflow_api_virtualenv' retrieved from /home/airflow/.local/lib/python3.12/site-packages/airflow/example_dags/tutorial_taskflow_api_virtualenv.py
[2025-09-29T16:05:45.502+0000] {logging_mixin.py:188} INFO - [2025-09-29T16:05:45.502+0000] {dag.py:3089} INFO - Sync 1 DAGs
[2025-09-29T16:05:45.533+0000] {logging_mixin.py:188} INFO - [2025-09-29T16:05:45.532+0000] {dag.py:3947} INFO - Setting next_dagrun for tutorial_taskflow_api_virtualenv to None, run_after=None
[2025-09-29T16:05:45.580+0000] {processor.py:183} INFO - Processing /home/airflow/.local/lib/python3.12/site-packages/airflow/example_dags/tutorial_taskflow_api_virtualenv.py took 0.184 seconds
[2025-09-29T16:06:15.487+0000] {processor.py:161} INFO - Started process (PID=17130) to work on /home/airflow/.local/lib/python3.12/site-packages/airflow/example_dags/tutorial_taskflow_api_virtualenv.py
[2025-09-29T16:06:15.490+0000] {processor.py:830} INFO - Processing file /home/airflow/.local/lib/python3.12/site-packages/airflow/example_dags/tutorial_taskflow_api_virtualenv.py for tasks to queue
[2025-09-29T16:06:15.494+0000] {logging_mixin.py:188} INFO - [2025-09-29T16:06:15.493+0000] {dagbag.py:545} INFO - Filling up the DagBag from /home/airflow/.local/lib/python3.12/site-packages/airflow/example_dags/tutorial_taskflow_api_virtualenv.py
[2025-09-29T16:06:15.518+0000] {processor.py:840} INFO - DAG(s) 'tutorial_taskflow_api_virtualenv' retrieved from /home/airflow/.local/lib/python3.12/site-packages/airflow/example_dags/tutorial_taskflow_api_virtualenv.py
[2025-09-29T16:06:15.575+0000] {logging_mixin.py:188} INFO - [2025-09-29T16:06:15.574+0000] {dag.py:3089} INFO - Sync 1 DAGs
[2025-09-29T16:06:14.704+0000] {logging_mixin.py:188} INFO - [2025-09-29T16:06:14.703+0000] {dag.py:3947} INFO - Setting next_dagrun for tutorial_taskflow_api_virtualenv to None, run_after=None
[2025-09-29T16:06:14.752+0000] {processor.py:183} INFO - Processing /home/airflow/.local/lib/python3.12/site-packages/airflow/example_dags/tutorial_taskflow_api_virtualenv.py took 0.187 seconds
[2025-09-29T16:06:45.070+0000] {processor.py:161} INFO - Started process (PID=17377) to work on /home/airflow/.local/lib/python3.12/site-packages/airflow/example_dags/tutorial_taskflow_api_virtualenv.py
[2025-09-29T16:06:45.072+0000] {processor.py:830} INFO - Processing file /home/airflow/.local/lib/python3.12/site-packages/airflow/example_dags/tutorial_taskflow_api_virtualenv.py for tasks to queue
[2025-09-29T16:06:45.077+0000] {logging_mixin.py:188} INFO - [2025-09-29T16:06:45.076+0000] {dagbag.py:545} INFO - Filling up the DagBag from /home/airflow/.local/lib/python3.12/site-packages/airflow/example_dags/tutorial_taskflow_api_virtualenv.py
[2025-09-29T16:06:45.102+0000] {processor.py:840} INFO - DAG(s) 'tutorial_taskflow_api_virtualenv' retrieved from /home/airflow/.local/lib/python3.12/site-packages/airflow/example_dags/tutorial_taskflow_api_virtualenv.py
[2025-09-29T16:06:45.159+0000] {logging_mixin.py:188} INFO - [2025-09-29T16:06:45.158+0000] {dag.py:3089} INFO - Sync 1 DAGs
[2025-09-29T16:06:45.189+0000] {logging_mixin.py:188} INFO - [2025-09-29T16:06:45.189+0000] {dag.py:3947} INFO - Setting next_dagrun for tutorial_taskflow_api_virtualenv to None, run_after=None
[2025-09-29T16:06:45.241+0000] {processor.py:183} INFO - Processing /home/airflow/.local/lib/python3.12/site-packages/airflow/example_dags/tutorial_taskflow_api_virtualenv.py took 0.185 seconds
[2025-09-29T16:07:15.560+0000] {processor.py:161} INFO - Started process (PID=17639) to work on /home/airflow/.local/lib/python3.12/site-packages/airflow/example_dags/tutorial_taskflow_api_virtualenv.py
[2025-09-29T16:07:15.563+0000] {processor.py:830} INFO - Processing file /home/airflow/.local/lib/python3.12/site-packages/airflow/example_dags/tutorial_taskflow_api_virtualenv.py for tasks to queue
[2025-09-29T16:07:15.569+0000] {logging_mixin.py:188} INFO - [2025-09-29T16:07:15.567+0000] {dagbag.py:545} INFO - Filling up the DagBag from /home/airflow/.local/lib/python3.12/site-packages/airflow/example_dags/tutorial_taskflow_api_virtualenv.py
[2025-09-29T16:07:15.602+0000] {processor.py:840} INFO - DAG(s) 'tutorial_taskflow_api_virtualenv' retrieved from /home/airflow/.local/lib/python3.12/site-packages/airflow/example_dags/tutorial_taskflow_api_virtualenv.py
[2025-09-29T16:07:15.680+0000] {logging_mixin.py:188} INFO - [2025-09-29T16:07:15.679+0000] {dag.py:3089} INFO - Sync 1 DAGs
[2025-09-29T16:07:15.713+0000] {logging_mixin.py:188} INFO - [2025-09-29T16:07:15.713+0000] {dag.py:3947} INFO - Setting next_dagrun for tutorial_taskflow_api_virtualenv to None, run_after=None
[2025-09-29T16:07:15.764+0000] {processor.py:183} INFO - Processing /home/airflow/.local/lib/python3.12/site-packages/airflow/example_dags/tutorial_taskflow_api_virtualenv.py took 0.224 seconds
[2025-09-29T16:07:46.002+0000] {processor.py:161} INFO - Started process (PID=17901) to work on /home/airflow/.local/lib/python3.12/site-packages/airflow/example_dags/tutorial_taskflow_api_virtualenv.py
[2025-09-29T16:07:46.005+0000] {processor.py:830} INFO - Processing file /home/airflow/.local/lib/python3.12/site-packages/airflow/example_dags/tutorial_taskflow_api_virtualenv.py for tasks to queue
[2025-09-29T16:07:46.009+0000] {logging_mixin.py:188} INFO - [2025-09-29T16:07:46.008+0000] {dagbag.py:545} INFO - Filling up the DagBag from /home/airflow/.local/lib/python3.12/site-packages/airflow/example_dags/tutorial_taskflow_api_virtualenv.py
[2025-09-29T16:07:46.034+0000] {processor.py:840} INFO - DAG(s) 'tutorial_taskflow_api_virtualenv' retrieved from /home/airflow/.local/lib/python3.12/site-packages/airflow/example_dags/tutorial_taskflow_api_virtualenv.py
[2025-09-29T16:07:46.089+0000] {logging_mixin.py:188} INFO - [2025-09-29T16:07:46.089+0000] {dag.py:3089} INFO - Sync 1 DAGs
[2025-09-29T16:07:46.117+0000] {logging_mixin.py:188} INFO - [2025-09-29T16:07:46.116+0000] {dag.py:3947} INFO - Setting next_dagrun for tutorial_taskflow_api_virtualenv to None, run_after=None
[2025-09-29T16:07:46.162+0000] {processor.py:183} INFO - Processing /home/airflow/.local/lib/python3.12/site-packages/airflow/example_dags/tutorial_taskflow_api_virtualenv.py took 0.175 seconds
[2025-09-29T16:08:17.340+0000] {processor.py:161} INFO - Started process (PID=18168) to work on /home/airflow/.local/lib/python3.12/site-packages/airflow/example_dags/tutorial_taskflow_api_virtualenv.py
[2025-09-29T16:08:17.343+0000] {processor.py:830} INFO - Processing file /home/airflow/.local/lib/python3.12/site-packages/airflow/example_dags/tutorial_taskflow_api_virtualenv.py for tasks to queue
[2025-09-29T16:08:17.348+0000] {logging_mixin.py:188} INFO - [2025-09-29T16:08:17.347+0000] {dagbag.py:545} INFO - Filling up the DagBag from /home/airflow/.local/lib/python3.12/site-packages/airflow/example_dags/tutorial_taskflow_api_virtualenv.py
[2025-09-29T16:08:17.373+0000] {processor.py:840} INFO - DAG(s) 'tutorial_taskflow_api_virtualenv' retrieved from /home/airflow/.local/lib/python3.12/site-packages/airflow/example_dags/tutorial_taskflow_api_virtualenv.py
[2025-09-29T16:08:17.431+0000] {logging_mixin.py:188} INFO - [2025-09-29T16:08:17.430+0000] {dag.py:3089} INFO - Sync 1 DAGs
[2025-09-29T16:08:17.463+0000] {logging_mixin.py:188} INFO - [2025-09-29T16:08:17.463+0000] {dag.py:3947} INFO - Setting next_dagrun for tutorial_taskflow_api_virtualenv to None, run_after=None
[2025-09-29T16:08:17.517+0000] {processor.py:183} INFO - Processing /home/airflow/.local/lib/python3.12/site-packages/airflow/example_dags/tutorial_taskflow_api_virtualenv.py took 0.192 seconds
[2025-09-29T16:08:49.349+0000] {processor.py:161} INFO - Started process (PID=18440) to work on /home/airflow/.local/lib/python3.12/site-packages/airflow/example_dags/tutorial_taskflow_api_virtualenv.py
[2025-09-29T16:08:49.352+0000] {processor.py:830} INFO - Processing file /home/airflow/.local/lib/python3.12/site-packages/airflow/example_dags/tutorial_taskflow_api_virtualenv.py for tasks to queue
[2025-09-29T16:08:49.356+0000] {logging_mixin.py:188} INFO - [2025-09-29T16:08:49.356+0000] {dagbag.py:545} INFO - Filling up the DagBag from /home/airflow/.local/lib/python3.12/site-packages/airflow/example_dags/tutorial_taskflow_api_virtualenv.py
[2025-09-29T16:08:49.383+0000] {processor.py:840} INFO - DAG(s) 'tutorial_taskflow_api_virtualenv' retrieved from /home/airflow/.local/lib/python3.12/site-packages/airflow/example_dags/tutorial_taskflow_api_virtualenv.py
[2025-09-29T16:08:49.446+0000] {logging_mixin.py:188} INFO - [2025-09-29T16:08:49.446+0000] {dag.py:3089} INFO - Sync 1 DAGs
[2025-09-29T16:08:49.478+0000] {logging_mixin.py:188} INFO - [2025-09-29T16:08:49.477+0000] {dag.py:3947} INFO - Setting next_dagrun for tutorial_taskflow_api_virtualenv to None, run_after=None
[2025-09-29T16:08:49.528+0000] {processor.py:183} INFO - Processing /home/airflow/.local/lib/python3.12/site-packages/airflow/example_dags/tutorial_taskflow_api_virtualenv.py took 0.198 seconds
[2025-09-29T16:09:20.204+0000] {processor.py:161} INFO - Started process (PID=18701) to work on /home/airflow/.local/lib/python3.12/site-packages/airflow/example_dags/tutorial_taskflow_api_virtualenv.py
[2025-09-29T16:09:20.207+0000] {processor.py:830} INFO - Processing file /home/airflow/.local/lib/python3.12/site-packages/airflow/example_dags/tutorial_taskflow_api_virtualenv.py for tasks to queue
[2025-09-29T16:09:20.212+0000] {logging_mixin.py:188} INFO - [2025-09-29T16:09:20.212+0000] {dagbag.py:545} INFO - Filling up the DagBag from /home/airflow/.local/lib/python3.12/site-packages/airflow/example_dags/tutorial_taskflow_api_virtualenv.py
[2025-09-29T16:09:20.245+0000] {processor.py:840} INFO - DAG(s) 'tutorial_taskflow_api_virtualenv' retrieved from /home/airflow/.local/lib/python3.12/site-packages/airflow/example_dags/tutorial_taskflow_api_virtualenv.py
[2025-09-29T16:09:20.307+0000] {logging_mixin.py:188} INFO - [2025-09-29T16:09:20.307+0000] {dag.py:3089} INFO - Sync 1 DAGs
[2025-09-29T16:09:20.339+0000] {logging_mixin.py:188} INFO - [2025-09-29T16:09:20.339+0000] {dag.py:3947} INFO - Setting next_dagrun for tutorial_taskflow_api_virtualenv to None, run_after=None
[2025-09-29T16:09:20.394+0000] {processor.py:183} INFO - Processing /home/airflow/.local/lib/python3.12/site-packages/airflow/example_dags/tutorial_taskflow_api_virtualenv.py took 0.208 seconds
[2025-09-29T16:09:50.808+0000] {processor.py:161} INFO - Started process (PID=18962) to work on /home/airflow/.local/lib/python3.12/site-packages/airflow/example_dags/tutorial_taskflow_api_virtualenv.py
[2025-09-29T16:09:50.811+0000] {processor.py:830} INFO - Processing file /home/airflow/.local/lib/python3.12/site-packages/airflow/example_dags/tutorial_taskflow_api_virtualenv.py for tasks to queue
[2025-09-29T16:09:50.818+0000] {logging_mixin.py:188} INFO - [2025-09-29T16:09:50.817+0000] {dagbag.py:545} INFO - Filling up the DagBag from /home/airflow/.local/lib/python3.12/site-packages/airflow/example_dags/tutorial_taskflow_api_virtualenv.py
[2025-09-29T16:09:50.843+0000] {processor.py:840} INFO - DAG(s) 'tutorial_taskflow_api_virtualenv' retrieved from /home/airflow/.local/lib/python3.12/site-packages/airflow/example_dags/tutorial_taskflow_api_virtualenv.py
[2025-09-29T16:09:50.899+0000] {logging_mixin.py:188} INFO - [2025-09-29T16:09:50.898+0000] {dag.py:3089} INFO - Sync 1 DAGs
[2025-09-29T16:09:50.929+0000] {logging_mixin.py:188} INFO - [2025-09-29T16:09:50.928+0000] {dag.py:3947} INFO - Setting next_dagrun for tutorial_taskflow_api_virtualenv to None, run_after=None
[2025-09-29T16:09:50.978+0000] {processor.py:183} INFO - Processing /home/airflow/.local/lib/python3.12/site-packages/airflow/example_dags/tutorial_taskflow_api_virtualenv.py took 0.189 seconds
[2025-09-29T16:10:21.574+0000] {processor.py:161} INFO - Started process (PID=19225) to work on /home/airflow/.local/lib/python3.12/site-packages/airflow/example_dags/tutorial_taskflow_api_virtualenv.py
[2025-09-29T16:10:21.577+0000] {processor.py:830} INFO - Processing file /home/airflow/.local/lib/python3.12/site-packages/airflow/example_dags/tutorial_taskflow_api_virtualenv.py for tasks to queue
[2025-09-29T16:10:21.581+0000] {logging_mixin.py:188} INFO - [2025-09-29T16:10:21.581+0000] {dagbag.py:545} INFO - Filling up the DagBag from /home/airflow/.local/lib/python3.12/site-packages/airflow/example_dags/tutorial_taskflow_api_virtualenv.py
[2025-09-29T16:10:21.607+0000] {processor.py:840} INFO - DAG(s) 'tutorial_taskflow_api_virtualenv' retrieved from /home/airflow/.local/lib/python3.12/site-packages/airflow/example_dags/tutorial_taskflow_api_virtualenv.py
[2025-09-29T16:10:21.660+0000] {logging_mixin.py:188} INFO - [2025-09-29T16:10:21.659+0000] {dag.py:3089} INFO - Sync 1 DAGs
[2025-09-29T16:10:21.688+0000] {logging_mixin.py:188} INFO - [2025-09-29T16:10:21.688+0000] {dag.py:3947} INFO - Setting next_dagrun for tutorial_taskflow_api_virtualenv to None, run_after=None
[2025-09-29T16:10:21.734+0000] {processor.py:183} INFO - Processing /home/airflow/.local/lib/python3.12/site-packages/airflow/example_dags/tutorial_taskflow_api_virtualenv.py took 0.174 seconds
[2025-09-29T16:10:52.201+0000] {processor.py:161} INFO - Started process (PID=19486) to work on /home/airflow/.local/lib/python3.12/site-packages/airflow/example_dags/tutorial_taskflow_api_virtualenv.py
[2025-09-29T16:10:52.204+0000] {processor.py:830} INFO - Processing file /home/airflow/.local/lib/python3.12/site-packages/airflow/example_dags/tutorial_taskflow_api_virtualenv.py for tasks to queue
[2025-09-29T16:10:52.206+0000] {logging_mixin.py:188} INFO - [2025-09-29T16:10:52.205+0000] {dagbag.py:545} INFO - Filling up the DagBag from /home/airflow/.local/lib/python3.12/site-packages/airflow/example_dags/tutorial_taskflow_api_virtualenv.py
[2025-09-29T16:10:52.231+0000] {processor.py:840} INFO - DAG(s) 'tutorial_taskflow_api_virtualenv' retrieved from /home/airflow/.local/lib/python3.12/site-packages/airflow/example_dags/tutorial_taskflow_api_virtualenv.py
[2025-09-29T16:10:52.288+0000] {logging_mixin.py:188} INFO - [2025-09-29T16:10:52.287+0000] {dag.py:3089} INFO - Sync 1 DAGs
[2025-09-29T16:10:52.317+0000] {logging_mixin.py:188} INFO - [2025-09-29T16:10:52.316+0000] {dag.py:3947} INFO - Setting next_dagrun for tutorial_taskflow_api_virtualenv to None, run_after=None
[2025-09-29T16:10:52.367+0000] {processor.py:183} INFO - Processing /home/airflow/.local/lib/python3.12/site-packages/airflow/example_dags/tutorial_taskflow_api_virtualenv.py took 0.180 seconds
[2025-09-29T16:11:22.756+0000] {processor.py:161} INFO - Started process (PID=19745) to work on /home/airflow/.local/lib/python3.12/site-packages/airflow/example_dags/tutorial_taskflow_api_virtualenv.py
[2025-09-29T16:11:22.758+0000] {processor.py:830} INFO - Processing file /home/airflow/.local/lib/python3.12/site-packages/airflow/example_dags/tutorial_taskflow_api_virtualenv.py for tasks to queue
[2025-09-29T16:11:22.760+0000] {logging_mixin.py:188} INFO - [2025-09-29T16:11:22.759+0000] {dagbag.py:545} INFO - Filling up the DagBag from /home/airflow/.local/lib/python3.12/site-packages/airflow/example_dags/tutorial_taskflow_api_virtualenv.py
[2025-09-29T16:11:22.787+0000] {processor.py:840} INFO - DAG(s) 'tutorial_taskflow_api_virtualenv' retrieved from /home/airflow/.local/lib/python3.12/site-packages/airflow/example_dags/tutorial_taskflow_api_virtualenv.py
[2025-09-29T16:11:22.845+0000] {logging_mixin.py:188} INFO - [2025-09-29T16:11:22.845+0000] {dag.py:3089} INFO - Sync 1 DAGs
[2025-09-29T16:11:22.875+0000] {logging_mixin.py:188} INFO - [2025-09-29T16:11:22.874+0000] {dag.py:3947} INFO - Setting next_dagrun for tutorial_taskflow_api_virtualenv to None, run_after=None
[2025-09-29T16:11:22.919+0000] {processor.py:183} INFO - Processing /home/airflow/.local/lib/python3.12/site-packages/airflow/example_dags/tutorial_taskflow_api_virtualenv.py took 0.179 seconds
[2025-09-29T16:11:53.561+0000] {processor.py:161} INFO - Started process (PID=20006) to work on /home/airflow/.local/lib/python3.12/site-packages/airflow/example_dags/tutorial_taskflow_api_virtualenv.py
[2025-09-29T16:11:53.564+0000] {processor.py:830} INFO - Processing file /home/airflow/.local/lib/python3.12/site-packages/airflow/example_dags/tutorial_taskflow_api_virtualenv.py for tasks to queue
[2025-09-29T16:11:53.566+0000] {logging_mixin.py:188} INFO - [2025-09-29T16:11:53.565+0000] {dagbag.py:545} INFO - Filling up the DagBag from /home/airflow/.local/lib/python3.12/site-packages/airflow/example_dags/tutorial_taskflow_api_virtualenv.py
[2025-09-29T16:11:53.596+0000] {processor.py:840} INFO - DAG(s) 'tutorial_taskflow_api_virtualenv' retrieved from /home/airflow/.local/lib/python3.12/site-packages/airflow/example_dags/tutorial_taskflow_api_virtualenv.py
[2025-09-29T16:11:53.654+0000] {logging_mixin.py:188} INFO - [2025-09-29T16:11:53.654+0000] {dag.py:3089} INFO - Sync 1 DAGs
[2025-09-29T16:11:53.686+0000] {logging_mixin.py:188} INFO - [2025-09-29T16:11:53.686+0000] {dag.py:3947} INFO - Setting next_dagrun for tutorial_taskflow_api_virtualenv to None, run_after=None
[2025-09-29T16:11:53.741+0000] {processor.py:183} INFO - Processing /home/airflow/.local/lib/python3.12/site-packages/airflow/example_dags/tutorial_taskflow_api_virtualenv.py took 0.200 seconds
[2025-09-29T16:12:24.542+0000] {processor.py:161} INFO - Started process (PID=20267) to work on /home/airflow/.local/lib/python3.12/site-packages/airflow/example_dags/tutorial_taskflow_api_virtualenv.py
[2025-09-29T16:12:24.545+0000] {processor.py:830} INFO - Processing file /home/airflow/.local/lib/python3.12/site-packages/airflow/example_dags/tutorial_taskflow_api_virtualenv.py for tasks to queue
[2025-09-29T16:12:24.547+0000] {logging_mixin.py:188} INFO - [2025-09-29T16:12:24.546+0000] {dagbag.py:545} INFO - Filling up the DagBag from /home/airflow/.local/lib/python3.12/site-packages/airflow/example_dags/tutorial_taskflow_api_virtualenv.py
[2025-09-29T16:12:24.575+0000] {processor.py:840} INFO - DAG(s) 'tutorial_taskflow_api_virtualenv' retrieved from /home/airflow/.local/lib/python3.12/site-packages/airflow/example_dags/tutorial_taskflow_api_virtualenv.py
[2025-09-29T16:12:24.634+0000] {logging_mixin.py:188} INFO - [2025-09-29T16:12:24.634+0000] {dag.py:3089} INFO - Sync 1 DAGs
[2025-09-29T16:12:24.663+0000] {logging_mixin.py:188} INFO - [2025-09-29T16:12:24.663+0000] {dag.py:3947} INFO - Setting next_dagrun for tutorial_taskflow_api_virtualenv to None, run_after=None
[2025-09-29T16:12:24.711+0000] {processor.py:183} INFO - Processing /home/airflow/.local/lib/python3.12/site-packages/airflow/example_dags/tutorial_taskflow_api_virtualenv.py took 0.184 seconds
[2025-09-29T16:12:55.163+0000] {processor.py:161} INFO - Started process (PID=20528) to work on /home/airflow/.local/lib/python3.12/site-packages/airflow/example_dags/tutorial_taskflow_api_virtualenv.py
[2025-09-29T16:12:55.166+0000] {processor.py:830} INFO - Processing file /home/airflow/.local/lib/python3.12/site-packages/airflow/example_dags/tutorial_taskflow_api_virtualenv.py for tasks to queue
[2025-09-29T16:12:55.168+0000] {logging_mixin.py:188} INFO - [2025-09-29T16:12:55.167+0000] {dagbag.py:545} INFO - Filling up the DagBag from /home/airflow/.local/lib/python3.12/site-packages/airflow/example_dags/tutorial_taskflow_api_virtualenv.py
[2025-09-29T16:12:55.195+0000] {processor.py:840} INFO - DAG(s) 'tutorial_taskflow_api_virtualenv' retrieved from /home/airflow/.local/lib/python3.12/site-packages/airflow/example_dags/tutorial_taskflow_api_virtualenv.py
[2025-09-29T16:12:55.254+0000] {logging_mixin.py:188} INFO - [2025-09-29T16:12:55.254+0000] {dag.py:3089} INFO - Sync 1 DAGs
[2025-09-29T16:12:55.288+0000] {logging_mixin.py:188} INFO - [2025-09-29T16:12:55.288+0000] {dag.py:3947} INFO - Setting next_dagrun for tutorial_taskflow_api_virtualenv to None, run_after=None
[2025-09-29T16:12:55.337+0000] {processor.py:183} INFO - Processing /home/airflow/.local/lib/python3.12/site-packages/airflow/example_dags/tutorial_taskflow_api_virtualenv.py took 0.191 seconds
[2025-09-29T16:13:25.621+0000] {processor.py:161} INFO - Started process (PID=20789) to work on /home/airflow/.local/lib/python3.12/site-packages/airflow/example_dags/tutorial_taskflow_api_virtualenv.py
[2025-09-29T16:13:25.624+0000] {processor.py:830} INFO - Processing file /home/airflow/.local/lib/python3.12/site-packages/airflow/example_dags/tutorial_taskflow_api_virtualenv.py for tasks to queue
[2025-09-29T16:13:25.626+0000] {logging_mixin.py:188} INFO - [2025-09-29T16:13:25.625+0000] {dagbag.py:545} INFO - Filling up the DagBag from /home/airflow/.local/lib/python3.12/site-packages/airflow/example_dags/tutorial_taskflow_api_virtualenv.py
[2025-09-29T16:13:25.654+0000] {processor.py:840} INFO - DAG(s) 'tutorial_taskflow_api_virtualenv' retrieved from /home/airflow/.local/lib/python3.12/site-packages/airflow/example_dags/tutorial_taskflow_api_virtualenv.py
[2025-09-29T16:13:25.710+0000] {logging_mixin.py:188} INFO - [2025-09-29T16:13:25.709+0000] {dag.py:3089} INFO - Sync 1 DAGs
[2025-09-29T16:13:25.738+0000] {logging_mixin.py:188} INFO - [2025-09-29T16:13:25.737+0000] {dag.py:3947} INFO - Setting next_dagrun for tutorial_taskflow_api_virtualenv to None, run_after=None
[2025-09-29T16:13:25.782+0000] {processor.py:183} INFO - Processing /home/airflow/.local/lib/python3.12/site-packages/airflow/example_dags/tutorial_taskflow_api_virtualenv.py took 0.176 seconds
[2025-09-29T16:13:56.095+0000] {processor.py:161} INFO - Started process (PID=21050) to work on /home/airflow/.local/lib/python3.12/site-packages/airflow/example_dags/tutorial_taskflow_api_virtualenv.py
[2025-09-29T16:13:56.098+0000] {processor.py:830} INFO - Processing file /home/airflow/.local/lib/python3.12/site-packages/airflow/example_dags/tutorial_taskflow_api_virtualenv.py for tasks to queue
[2025-09-29T16:13:56.100+0000] {logging_mixin.py:188} INFO - [2025-09-29T16:13:56.099+0000] {dagbag.py:545} INFO - Filling up the DagBag from /home/airflow/.local/lib/python3.12/site-packages/airflow/example_dags/tutorial_taskflow_api_virtualenv.py
[2025-09-29T16:13:56.124+0000] {processor.py:840} INFO - DAG(s) 'tutorial_taskflow_api_virtualenv' retrieved from /home/airflow/.local/lib/python3.12/site-packages/airflow/example_dags/tutorial_taskflow_api_virtualenv.py
[2025-09-29T16:13:56.181+0000] {logging_mixin.py:188} INFO - [2025-09-29T16:13:56.181+0000] {dag.py:3089} INFO - Sync 1 DAGs
[2025-09-29T16:13:56.212+0000] {logging_mixin.py:188} INFO - [2025-09-29T16:13:56.212+0000] {dag.py:3947} INFO - Setting next_dagrun for tutorial_taskflow_api_virtualenv to None, run_after=None
[2025-09-29T16:13:56.259+0000] {processor.py:183} INFO - Processing /home/airflow/.local/lib/python3.12/site-packages/airflow/example_dags/tutorial_taskflow_api_virtualenv.py took 0.179 seconds
[2025-09-29T16:14:26.814+0000] {processor.py:161} INFO - Started process (PID=21311) to work on /home/airflow/.local/lib/python3.12/site-packages/airflow/example_dags/tutorial_taskflow_api_virtualenv.py
[2025-09-29T16:14:26.817+0000] {processor.py:830} INFO - Processing file /home/airflow/.local/lib/python3.12/site-packages/airflow/example_dags/tutorial_taskflow_api_virtualenv.py for tasks to queue
[2025-09-29T16:14:26.819+0000] {logging_mixin.py:188} INFO - [2025-09-29T16:14:26.818+0000] {dagbag.py:545} INFO - Filling up the DagBag from /home/airflow/.local/lib/python3.12/site-packages/airflow/example_dags/tutorial_taskflow_api_virtualenv.py
[2025-09-29T16:14:26.844+0000] {processor.py:840} INFO - DAG(s) 'tutorial_taskflow_api_virtualenv' retrieved from /home/airflow/.local/lib/python3.12/site-packages/airflow/example_dags/tutorial_taskflow_api_virtualenv.py
[2025-09-29T16:14:26.903+0000] {logging_mixin.py:188} INFO - [2025-09-29T16:14:26.902+0000] {dag.py:3089} INFO - Sync 1 DAGs
[2025-09-29T16:14:26.935+0000] {logging_mixin.py:188} INFO - [2025-09-29T16:14:26.935+0000] {dag.py:3947} INFO - Setting next_dagrun for tutorial_taskflow_api_virtualenv to None, run_after=None
[2025-09-29T16:14:26.983+0000] {processor.py:183} INFO - Processing /home/airflow/.local/lib/python3.12/site-packages/airflow/example_dags/tutorial_taskflow_api_virtualenv.py took 0.184 seconds
[2025-09-29T16:14:59.808+0000] {processor.py:161} INFO - Started process (PID=21572) to work on /home/airflow/.local/lib/python3.12/site-packages/airflow/example_dags/tutorial_taskflow_api_virtualenv.py
[2025-09-29T16:14:59.823+0000] {processor.py:830} INFO - Processing file /home/airflow/.local/lib/python3.12/site-packages/airflow/example_dags/tutorial_taskflow_api_virtualenv.py for tasks to queue
[2025-09-29T16:14:59.826+0000] {logging_mixin.py:188} INFO - [2025-09-29T16:14:59.825+0000] {dagbag.py:545} INFO - Filling up the DagBag from /home/airflow/.local/lib/python3.12/site-packages/airflow/example_dags/tutorial_taskflow_api_virtualenv.py
[2025-09-29T16:14:59.936+0000] {processor.py:840} INFO - DAG(s) 'tutorial_taskflow_api_virtualenv' retrieved from /home/airflow/.local/lib/python3.12/site-packages/airflow/example_dags/tutorial_taskflow_api_virtualenv.py
[2025-09-29T16:15:00.116+0000] {logging_mixin.py:188} INFO - [2025-09-29T16:15:00.115+0000] {dag.py:3089} INFO - Sync 1 DAGs
[2025-09-29T16:15:00.227+0000] {logging_mixin.py:188} INFO - [2025-09-29T16:15:00.226+0000] {dag.py:3947} INFO - Setting next_dagrun for tutorial_taskflow_api_virtualenv to None, run_after=None
[2025-09-29T16:15:00.406+0000] {processor.py:183} INFO - Processing /home/airflow/.local/lib/python3.12/site-packages/airflow/example_dags/tutorial_taskflow_api_virtualenv.py took 0.656 seconds
[2025-09-29T16:15:31.354+0000] {processor.py:161} INFO - Started process (PID=21833) to work on /home/airflow/.local/lib/python3.12/site-packages/airflow/example_dags/tutorial_taskflow_api_virtualenv.py
[2025-09-29T16:15:31.357+0000] {processor.py:830} INFO - Processing file /home/airflow/.local/lib/python3.12/site-packages/airflow/example_dags/tutorial_taskflow_api_virtualenv.py for tasks to queue
[2025-09-29T16:15:31.359+0000] {logging_mixin.py:188} INFO - [2025-09-29T16:15:31.358+0000] {dagbag.py:545} INFO - Filling up the DagBag from /home/airflow/.local/lib/python3.12/site-packages/airflow/example_dags/tutorial_taskflow_api_virtualenv.py
[2025-09-29T16:15:31.383+0000] {processor.py:840} INFO - DAG(s) 'tutorial_taskflow_api_virtualenv' retrieved from /home/airflow/.local/lib/python3.12/site-packages/airflow/example_dags/tutorial_taskflow_api_virtualenv.py
[2025-09-29T16:15:31.452+0000] {logging_mixin.py:188} INFO - [2025-09-29T16:15:31.452+0000] {dag.py:3089} INFO - Sync 1 DAGs
[2025-09-29T16:15:31.485+0000] {logging_mixin.py:188} INFO - [2025-09-29T16:15:31.485+0000] {dag.py:3947} INFO - Setting next_dagrun for tutorial_taskflow_api_virtualenv to None, run_after=None
[2025-09-29T16:15:31.531+0000] {processor.py:183} INFO - Processing /home/airflow/.local/lib/python3.12/site-packages/airflow/example_dags/tutorial_taskflow_api_virtualenv.py took 0.191 seconds
[2025-09-29T16:16:02.102+0000] {processor.py:161} INFO - Started process (PID=22094) to work on /home/airflow/.local/lib/python3.12/site-packages/airflow/example_dags/tutorial_taskflow_api_virtualenv.py
[2025-09-29T16:16:02.105+0000] {processor.py:830} INFO - Processing file /home/airflow/.local/lib/python3.12/site-packages/airflow/example_dags/tutorial_taskflow_api_virtualenv.py for tasks to queue
[2025-09-29T16:16:02.107+0000] {logging_mixin.py:188} INFO - [2025-09-29T16:16:02.106+0000] {dagbag.py:545} INFO - Filling up the DagBag from /home/airflow/.local/lib/python3.12/site-packages/airflow/example_dags/tutorial_taskflow_api_virtualenv.py
[2025-09-29T16:16:02.135+0000] {processor.py:840} INFO - DAG(s) 'tutorial_taskflow_api_virtualenv' retrieved from /home/airflow/.local/lib/python3.12/site-packages/airflow/example_dags/tutorial_taskflow_api_virtualenv.py
[2025-09-29T16:16:02.202+0000] {logging_mixin.py:188} INFO - [2025-09-29T16:16:02.201+0000] {dag.py:3089} INFO - Sync 1 DAGs
[2025-09-29T16:16:02.236+0000] {logging_mixin.py:188} INFO - [2025-09-29T16:16:02.235+0000] {dag.py:3947} INFO - Setting next_dagrun for tutorial_taskflow_api_virtualenv to None, run_after=None
[2025-09-29T16:16:02.288+0000] {processor.py:183} INFO - Processing /home/airflow/.local/lib/python3.12/site-packages/airflow/example_dags/tutorial_taskflow_api_virtualenv.py took 0.204 seconds
[2025-09-29T16:16:32.647+0000] {processor.py:161} INFO - Started process (PID=22355) to work on /home/airflow/.local/lib/python3.12/site-packages/airflow/example_dags/tutorial_taskflow_api_virtualenv.py
[2025-09-29T16:16:32.650+0000] {processor.py:830} INFO - Processing file /home/airflow/.local/lib/python3.12/site-packages/airflow/example_dags/tutorial_taskflow_api_virtualenv.py for tasks to queue
[2025-09-29T16:16:32.653+0000] {logging_mixin.py:188} INFO - [2025-09-29T16:16:32.652+0000] {dagbag.py:545} INFO - Filling up the DagBag from /home/airflow/.local/lib/python3.12/site-packages/airflow/example_dags/tutorial_taskflow_api_virtualenv.py
[2025-09-29T16:16:32.681+0000] {processor.py:840} INFO - DAG(s) 'tutorial_taskflow_api_virtualenv' retrieved from /home/airflow/.local/lib/python3.12/site-packages/airflow/example_dags/tutorial_taskflow_api_virtualenv.py
[2025-09-29T16:16:32.739+0000] {logging_mixin.py:188} INFO - [2025-09-29T16:16:32.738+0000] {dag.py:3089} INFO - Sync 1 DAGs
[2025-09-29T16:16:32.771+0000] {logging_mixin.py:188} INFO - [2025-09-29T16:16:32.770+0000] {dag.py:3947} INFO - Setting next_dagrun for tutorial_taskflow_api_virtualenv to None, run_after=None
[2025-09-29T16:16:32.820+0000] {processor.py:183} INFO - Processing /home/airflow/.local/lib/python3.12/site-packages/airflow/example_dags/tutorial_taskflow_api_virtualenv.py took 0.189 seconds
[2025-09-29T16:17:03.377+0000] {processor.py:161} INFO - Started process (PID=22616) to work on /home/airflow/.local/lib/python3.12/site-packages/airflow/example_dags/tutorial_taskflow_api_virtualenv.py
[2025-09-29T16:17:03.379+0000] {processor.py:830} INFO - Processing file /home/airflow/.local/lib/python3.12/site-packages/airflow/example_dags/tutorial_taskflow_api_virtualenv.py for tasks to queue
[2025-09-29T16:17:03.381+0000] {logging_mixin.py:188} INFO - [2025-09-29T16:17:03.381+0000] {dagbag.py:545} INFO - Filling up the DagBag from /home/airflow/.local/lib/python3.12/site-packages/airflow/example_dags/tutorial_taskflow_api_virtualenv.py
[2025-09-29T16:17:03.408+0000] {processor.py:840} INFO - DAG(s) 'tutorial_taskflow_api_virtualenv' retrieved from /home/airflow/.local/lib/python3.12/site-packages/airflow/example_dags/tutorial_taskflow_api_virtualenv.py
[2025-09-29T16:17:03.469+0000] {logging_mixin.py:188} INFO - [2025-09-29T16:17:03.469+0000] {dag.py:3089} INFO - Sync 1 DAGs
[2025-09-29T16:17:03.497+0000] {logging_mixin.py:188} INFO - [2025-09-29T16:17:03.497+0000] {dag.py:3947} INFO - Setting next_dagrun for tutorial_taskflow_api_virtualenv to None, run_after=None
[2025-09-29T16:17:03.549+0000] {processor.py:183} INFO - Processing /home/airflow/.local/lib/python3.12/site-packages/airflow/example_dags/tutorial_taskflow_api_virtualenv.py took 0.188 seconds
[2025-09-29T16:17:34.252+0000] {processor.py:161} INFO - Started process (PID=22877) to work on /home/airflow/.local/lib/python3.12/site-packages/airflow/example_dags/tutorial_taskflow_api_virtualenv.py
[2025-09-29T16:17:34.255+0000] {processor.py:830} INFO - Processing file /home/airflow/.local/lib/python3.12/site-packages/airflow/example_dags/tutorial_taskflow_api_virtualenv.py for tasks to queue
[2025-09-29T16:17:34.257+0000] {logging_mixin.py:188} INFO - [2025-09-29T16:17:34.257+0000] {dagbag.py:545} INFO - Filling up the DagBag from /home/airflow/.local/lib/python3.12/site-packages/airflow/example_dags/tutorial_taskflow_api_virtualenv.py
[2025-09-29T16:17:34.287+0000] {processor.py:840} INFO - DAG(s) 'tutorial_taskflow_api_virtualenv' retrieved from /home/airflow/.local/lib/python3.12/site-packages/airflow/example_dags/tutorial_taskflow_api_virtualenv.py
[2025-09-29T16:17:34.346+0000] {logging_mixin.py:188} INFO - [2025-09-29T16:17:34.345+0000] {dag.py:3089} INFO - Sync 1 DAGs
[2025-09-29T16:17:34.374+0000] {logging_mixin.py:188} INFO - [2025-09-29T16:17:34.374+0000] {dag.py:3947} INFO - Setting next_dagrun for tutorial_taskflow_api_virtualenv to None, run_after=None
[2025-09-29T16:17:34.427+0000] {processor.py:183} INFO - Processing /home/airflow/.local/lib/python3.12/site-packages/airflow/example_dags/tutorial_taskflow_api_virtualenv.py took 0.192 seconds
[2025-09-29T16:18:04.767+0000] {processor.py:161} INFO - Started process (PID=23138) to work on /home/airflow/.local/lib/python3.12/site-packages/airflow/example_dags/tutorial_taskflow_api_virtualenv.py
[2025-09-29T16:18:04.771+0000] {processor.py:830} INFO - Processing file /home/airflow/.local/lib/python3.12/site-packages/airflow/example_dags/tutorial_taskflow_api_virtualenv.py for tasks to queue
[2025-09-29T16:18:04.773+0000] {logging_mixin.py:188} INFO - [2025-09-29T16:18:04.772+0000] {dagbag.py:545} INFO - Filling up the DagBag from /home/airflow/.local/lib/python3.12/site-packages/airflow/example_dags/tutorial_taskflow_api_virtualenv.py
[2025-09-29T16:18:04.806+0000] {processor.py:840} INFO - DAG(s) 'tutorial_taskflow_api_virtualenv' retrieved from /home/airflow/.local/lib/python3.12/site-packages/airflow/example_dags/tutorial_taskflow_api_virtualenv.py
[2025-09-29T16:18:04.880+0000] {logging_mixin.py:188} INFO - [2025-09-29T16:18:04.880+0000] {dag.py:3089} INFO - Sync 1 DAGs
[2025-09-29T16:18:04.924+0000] {logging_mixin.py:188} INFO - [2025-09-29T16:18:04.923+0000] {dag.py:3947} INFO - Setting next_dagrun for tutorial_taskflow_api_virtualenv to None, run_after=None
[2025-09-29T16:18:04.997+0000] {processor.py:183} INFO - Processing /home/airflow/.local/lib/python3.12/site-packages/airflow/example_dags/tutorial_taskflow_api_virtualenv.py took 0.250 seconds
[2025-09-29T16:18:35.084+0000] {processor.py:161} INFO - Started process (PID=23396) to work on /home/airflow/.local/lib/python3.12/site-packages/airflow/example_dags/tutorial_taskflow_api_virtualenv.py
[2025-09-29T16:18:35.086+0000] {processor.py:830} INFO - Processing file /home/airflow/.local/lib/python3.12/site-packages/airflow/example_dags/tutorial_taskflow_api_virtualenv.py for tasks to queue
[2025-09-29T16:18:35.088+0000] {logging_mixin.py:188} INFO - [2025-09-29T16:18:35.088+0000] {dagbag.py:545} INFO - Filling up the DagBag from /home/airflow/.local/lib/python3.12/site-packages/airflow/example_dags/tutorial_taskflow_api_virtualenv.py
[2025-09-29T16:18:35.114+0000] {processor.py:840} INFO - DAG(s) 'tutorial_taskflow_api_virtualenv' retrieved from /home/airflow/.local/lib/python3.12/site-packages/airflow/example_dags/tutorial_taskflow_api_virtualenv.py
[2025-09-29T16:18:35.170+0000] {logging_mixin.py:188} INFO - [2025-09-29T16:18:35.170+0000] {dag.py:3089} INFO - Sync 1 DAGs
[2025-09-29T16:18:35.199+0000] {logging_mixin.py:188} INFO - [2025-09-29T16:18:35.198+0000] {dag.py:3947} INFO - Setting next_dagrun for tutorial_taskflow_api_virtualenv to None, run_after=None
[2025-09-29T16:18:35.249+0000] {processor.py:183} INFO - Processing /home/airflow/.local/lib/python3.12/site-packages/airflow/example_dags/tutorial_taskflow_api_virtualenv.py took 0.180 seconds
[2025-09-29T16:19:06.229+0000] {processor.py:161} INFO - Started process (PID=23660) to work on /home/airflow/.local/lib/python3.12/site-packages/airflow/example_dags/tutorial_taskflow_api_virtualenv.py
[2025-09-29T16:19:06.232+0000] {processor.py:830} INFO - Processing file /home/airflow/.local/lib/python3.12/site-packages/airflow/example_dags/tutorial_taskflow_api_virtualenv.py for tasks to queue
[2025-09-29T16:19:06.234+0000] {logging_mixin.py:188} INFO - [2025-09-29T16:19:06.233+0000] {dagbag.py:545} INFO - Filling up the DagBag from /home/airflow/.local/lib/python3.12/site-packages/airflow/example_dags/tutorial_taskflow_api_virtualenv.py
[2025-09-29T16:19:06.259+0000] {processor.py:840} INFO - DAG(s) 'tutorial_taskflow_api_virtualenv' retrieved from /home/airflow/.local/lib/python3.12/site-packages/airflow/example_dags/tutorial_taskflow_api_virtualenv.py
[2025-09-29T16:19:06.315+0000] {logging_mixin.py:188} INFO - [2025-09-29T16:19:06.314+0000] {dag.py:3089} INFO - Sync 1 DAGs
[2025-09-29T16:19:06.344+0000] {logging_mixin.py:188} INFO - [2025-09-29T16:19:06.344+0000] {dag.py:3947} INFO - Setting next_dagrun for tutorial_taskflow_api_virtualenv to None, run_after=None
[2025-09-29T16:19:06.395+0000] {processor.py:183} INFO - Processing /home/airflow/.local/lib/python3.12/site-packages/airflow/example_dags/tutorial_taskflow_api_virtualenv.py took 0.180 seconds
[2025-09-29T16:19:37.052+0000] {processor.py:161} INFO - Started process (PID=23921) to work on /home/airflow/.local/lib/python3.12/site-packages/airflow/example_dags/tutorial_taskflow_api_virtualenv.py
[2025-09-29T16:19:37.054+0000] {processor.py:830} INFO - Processing file /home/airflow/.local/lib/python3.12/site-packages/airflow/example_dags/tutorial_taskflow_api_virtualenv.py for tasks to queue
[2025-09-29T16:19:37.055+0000] {logging_mixin.py:188} INFO - [2025-09-29T16:19:37.055+0000] {dagbag.py:545} INFO - Filling up the DagBag from /home/airflow/.local/lib/python3.12/site-packages/airflow/example_dags/tutorial_taskflow_api_virtualenv.py
[2025-09-29T16:19:37.079+0000] {processor.py:840} INFO - DAG(s) 'tutorial_taskflow_api_virtualenv' retrieved from /home/airflow/.local/lib/python3.12/site-packages/airflow/example_dags/tutorial_taskflow_api_virtualenv.py
[2025-09-29T16:19:37.133+0000] {logging_mixin.py:188} INFO - [2025-09-29T16:19:37.132+0000] {dag.py:3089} INFO - Sync 1 DAGs
[2025-09-29T16:19:37.160+0000] {logging_mixin.py:188} INFO - [2025-09-29T16:19:37.159+0000] {dag.py:3947} INFO - Setting next_dagrun for tutorial_taskflow_api_virtualenv to None, run_after=None
[2025-09-29T16:19:37.207+0000] {processor.py:183} INFO - Processing /home/airflow/.local/lib/python3.12/site-packages/airflow/example_dags/tutorial_taskflow_api_virtualenv.py took 0.170 seconds
[2025-09-29T16:20:07.637+0000] {processor.py:161} INFO - Started process (PID=24182) to work on /home/airflow/.local/lib/python3.12/site-packages/airflow/example_dags/tutorial_taskflow_api_virtualenv.py
[2025-09-29T16:20:07.640+0000] {processor.py:830} INFO - Processing file /home/airflow/.local/lib/python3.12/site-packages/airflow/example_dags/tutorial_taskflow_api_virtualenv.py for tasks to queue
[2025-09-29T16:20:07.642+0000] {logging_mixin.py:188} INFO - [2025-09-29T16:20:07.641+0000] {dagbag.py:545} INFO - Filling up the DagBag from /home/airflow/.local/lib/python3.12/site-packages/airflow/example_dags/tutorial_taskflow_api_virtualenv.py
[2025-09-29T16:20:07.665+0000] {processor.py:840} INFO - DAG(s) 'tutorial_taskflow_api_virtualenv' retrieved from /home/airflow/.local/lib/python3.12/site-packages/airflow/example_dags/tutorial_taskflow_api_virtualenv.py
[2025-09-29T16:20:07.719+0000] {logging_mixin.py:188} INFO - [2025-09-29T16:20:07.718+0000] {dag.py:3089} INFO - Sync 1 DAGs
[2025-09-29T16:20:07.747+0000] {logging_mixin.py:188} INFO - [2025-09-29T16:20:07.746+0000] {dag.py:3947} INFO - Setting next_dagrun for tutorial_taskflow_api_virtualenv to None, run_after=None
[2025-09-29T16:20:07.798+0000] {processor.py:183} INFO - Processing /home/airflow/.local/lib/python3.12/site-packages/airflow/example_dags/tutorial_taskflow_api_virtualenv.py took 0.174 seconds
[2025-09-29T16:20:38.252+0000] {processor.py:161} INFO - Started process (PID=24443) to work on /home/airflow/.local/lib/python3.12/site-packages/airflow/example_dags/tutorial_taskflow_api_virtualenv.py
[2025-09-29T16:20:38.255+0000] {processor.py:830} INFO - Processing file /home/airflow/.local/lib/python3.12/site-packages/airflow/example_dags/tutorial_taskflow_api_virtualenv.py for tasks to queue
[2025-09-29T16:20:38.257+0000] {logging_mixin.py:188} INFO - [2025-09-29T16:20:38.257+0000] {dagbag.py:545} INFO - Filling up the DagBag from /home/airflow/.local/lib/python3.12/site-packages/airflow/example_dags/tutorial_taskflow_api_virtualenv.py
[2025-09-29T16:20:38.282+0000] {processor.py:840} INFO - DAG(s) 'tutorial_taskflow_api_virtualenv' retrieved from /home/airflow/.local/lib/python3.12/site-packages/airflow/example_dags/tutorial_taskflow_api_virtualenv.py
[2025-09-29T16:20:38.338+0000] {logging_mixin.py:188} INFO - [2025-09-29T16:20:38.337+0000] {dag.py:3089} INFO - Sync 1 DAGs
[2025-09-29T16:20:38.368+0000] {logging_mixin.py:188} INFO - [2025-09-29T16:20:38.367+0000] {dag.py:3947} INFO - Setting next_dagrun for tutorial_taskflow_api_virtualenv to None, run_after=None
[2025-09-29T16:20:38.412+0000] {processor.py:183} INFO - Processing /home/airflow/.local/lib/python3.12/site-packages/airflow/example_dags/tutorial_taskflow_api_virtualenv.py took 0.174 seconds
[2025-09-29T16:21:08.780+0000] {processor.py:161} INFO - Started process (PID=24704) to work on /home/airflow/.local/lib/python3.12/site-packages/airflow/example_dags/tutorial_taskflow_api_virtualenv.py
[2025-09-29T16:21:08.783+0000] {processor.py:830} INFO - Processing file /home/airflow/.local/lib/python3.12/site-packages/airflow/example_dags/tutorial_taskflow_api_virtualenv.py for tasks to queue
[2025-09-29T16:21:08.785+0000] {logging_mixin.py:188} INFO - [2025-09-29T16:21:08.784+0000] {dagbag.py:545} INFO - Filling up the DagBag from /home/airflow/.local/lib/python3.12/site-packages/airflow/example_dags/tutorial_taskflow_api_virtualenv.py
[2025-09-29T16:21:08.821+0000] {processor.py:840} INFO - DAG(s) 'tutorial_taskflow_api_virtualenv' retrieved from /home/airflow/.local/lib/python3.12/site-packages/airflow/example_dags/tutorial_taskflow_api_virtualenv.py
[2025-09-29T16:21:08.879+0000] {logging_mixin.py:188} INFO - [2025-09-29T16:21:08.879+0000] {dag.py:3089} INFO - Sync 1 DAGs
[2025-09-29T16:21:08.909+0000] {logging_mixin.py:188} INFO - [2025-09-29T16:21:08.908+0000] {dag.py:3947} INFO - Setting next_dagrun for tutorial_taskflow_api_virtualenv to None, run_after=None
[2025-09-29T16:21:08.956+0000] {processor.py:183} INFO - Processing /home/airflow/.local/lib/python3.12/site-packages/airflow/example_dags/tutorial_taskflow_api_virtualenv.py took 0.190 seconds
[2025-09-29T16:21:39.613+0000] {processor.py:161} INFO - Started process (PID=24965) to work on /home/airflow/.local/lib/python3.12/site-packages/airflow/example_dags/tutorial_taskflow_api_virtualenv.py
[2025-09-29T16:21:39.617+0000] {processor.py:830} INFO - Processing file /home/airflow/.local/lib/python3.12/site-packages/airflow/example_dags/tutorial_taskflow_api_virtualenv.py for tasks to queue
[2025-09-29T16:21:39.619+0000] {logging_mixin.py:188} INFO - [2025-09-29T16:21:39.618+0000] {dagbag.py:545} INFO - Filling up the DagBag from /home/airflow/.local/lib/python3.12/site-packages/airflow/example_dags/tutorial_taskflow_api_virtualenv.py
[2025-09-29T16:21:39.665+0000] {processor.py:840} INFO - DAG(s) 'tutorial_taskflow_api_virtualenv' retrieved from /home/airflow/.local/lib/python3.12/site-packages/airflow/example_dags/tutorial_taskflow_api_virtualenv.py
[2025-09-29T16:21:39.723+0000] {logging_mixin.py:188} INFO - [2025-09-29T16:21:39.722+0000] {dag.py:3089} INFO - Sync 1 DAGs
[2025-09-29T16:21:39.756+0000] {logging_mixin.py:188} INFO - [2025-09-29T16:21:39.756+0000] {dag.py:3947} INFO - Setting next_dagrun for tutorial_taskflow_api_virtualenv to None, run_after=None
[2025-09-29T16:21:39.804+0000] {processor.py:183} INFO - Processing /home/airflow/.local/lib/python3.12/site-packages/airflow/example_dags/tutorial_taskflow_api_virtualenv.py took 0.216 seconds
[2025-09-29T16:22:10.194+0000] {processor.py:161} INFO - Started process (PID=25226) to work on /home/airflow/.local/lib/python3.12/site-packages/airflow/example_dags/tutorial_taskflow_api_virtualenv.py
[2025-09-29T16:22:10.197+0000] {processor.py:830} INFO - Processing file /home/airflow/.local/lib/python3.12/site-packages/airflow/example_dags/tutorial_taskflow_api_virtualenv.py for tasks to queue
[2025-09-29T16:22:10.199+0000] {logging_mixin.py:188} INFO - [2025-09-29T16:22:10.198+0000] {dagbag.py:545} INFO - Filling up the DagBag from /home/airflow/.local/lib/python3.12/site-packages/airflow/example_dags/tutorial_taskflow_api_virtualenv.py
[2025-09-29T16:22:10.227+0000] {processor.py:840} INFO - DAG(s) 'tutorial_taskflow_api_virtualenv' retrieved from /home/airflow/.local/lib/python3.12/site-packages/airflow/example_dags/tutorial_taskflow_api_virtualenv.py
[2025-09-29T16:22:10.285+0000] {logging_mixin.py:188} INFO - [2025-09-29T16:22:10.285+0000] {dag.py:3089} INFO - Sync 1 DAGs
[2025-09-29T16:22:10.318+0000] {logging_mixin.py:188} INFO - [2025-09-29T16:22:10.317+0000] {dag.py:3947} INFO - Setting next_dagrun for tutorial_taskflow_api_virtualenv to None, run_after=None
[2025-09-29T16:22:10.371+0000] {processor.py:183} INFO - Processing /home/airflow/.local/lib/python3.12/site-packages/airflow/example_dags/tutorial_taskflow_api_virtualenv.py took 0.193 seconds
[2025-09-29T16:22:40.594+0000] {processor.py:161} INFO - Started process (PID=25487) to work on /home/airflow/.local/lib/python3.12/site-packages/airflow/example_dags/tutorial_taskflow_api_virtualenv.py
[2025-09-29T16:22:40.596+0000] {processor.py:830} INFO - Processing file /home/airflow/.local/lib/python3.12/site-packages/airflow/example_dags/tutorial_taskflow_api_virtualenv.py for tasks to queue
[2025-09-29T16:22:40.598+0000] {logging_mixin.py:188} INFO - [2025-09-29T16:22:40.598+0000] {dagbag.py:545} INFO - Filling up the DagBag from /home/airflow/.local/lib/python3.12/site-packages/airflow/example_dags/tutorial_taskflow_api_virtualenv.py
[2025-09-29T16:22:40.622+0000] {processor.py:840} INFO - DAG(s) 'tutorial_taskflow_api_virtualenv' retrieved from /home/airflow/.local/lib/python3.12/site-packages/airflow/example_dags/tutorial_taskflow_api_virtualenv.py
[2025-09-29T16:22:40.677+0000] {logging_mixin.py:188} INFO - [2025-09-29T16:22:40.676+0000] {dag.py:3089} INFO - Sync 1 DAGs
[2025-09-29T16:22:40.704+0000] {logging_mixin.py:188} INFO - [2025-09-29T16:22:40.703+0000] {dag.py:3947} INFO - Setting next_dagrun for tutorial_taskflow_api_virtualenv to None, run_after=None
[2025-09-29T16:22:40.747+0000] {processor.py:183} INFO - Processing /home/airflow/.local/lib/python3.12/site-packages/airflow/example_dags/tutorial_taskflow_api_virtualenv.py took 0.167 seconds
[2025-09-29T16:23:11.456+0000] {processor.py:161} INFO - Started process (PID=25748) to work on /home/airflow/.local/lib/python3.12/site-packages/airflow/example_dags/tutorial_taskflow_api_virtualenv.py
[2025-09-29T16:23:11.458+0000] {processor.py:830} INFO - Processing file /home/airflow/.local/lib/python3.12/site-packages/airflow/example_dags/tutorial_taskflow_api_virtualenv.py for tasks to queue
[2025-09-29T16:23:11.460+0000] {logging_mixin.py:188} INFO - [2025-09-29T16:23:11.459+0000] {dagbag.py:545} INFO - Filling up the DagBag from /home/airflow/.local/lib/python3.12/site-packages/airflow/example_dags/tutorial_taskflow_api_virtualenv.py
[2025-09-29T16:23:11.489+0000] {processor.py:840} INFO - DAG(s) 'tutorial_taskflow_api_virtualenv' retrieved from /home/airflow/.local/lib/python3.12/site-packages/airflow/example_dags/tutorial_taskflow_api_virtualenv.py
[2025-09-29T16:23:11.557+0000] {logging_mixin.py:188} INFO - [2025-09-29T16:23:11.556+0000] {dag.py:3089} INFO - Sync 1 DAGs
[2025-09-29T16:23:11.593+0000] {logging_mixin.py:188} INFO - [2025-09-29T16:23:11.592+0000] {dag.py:3947} INFO - Setting next_dagrun for tutorial_taskflow_api_virtualenv to None, run_after=None
[2025-09-29T16:23:11.661+0000] {processor.py:183} INFO - Processing /home/airflow/.local/lib/python3.12/site-packages/airflow/example_dags/tutorial_taskflow_api_virtualenv.py took 0.221 seconds
[2025-09-29T16:23:41.838+0000] {processor.py:161} INFO - Started process (PID=26009) to work on /home/airflow/.local/lib/python3.12/site-packages/airflow/example_dags/tutorial_taskflow_api_virtualenv.py
[2025-09-29T16:23:41.841+0000] {processor.py:830} INFO - Processing file /home/airflow/.local/lib/python3.12/site-packages/airflow/example_dags/tutorial_taskflow_api_virtualenv.py for tasks to queue
[2025-09-29T16:23:41.844+0000] {logging_mixin.py:188} INFO - [2025-09-29T16:23:41.843+0000] {dagbag.py:545} INFO - Filling up the DagBag from /home/airflow/.local/lib/python3.12/site-packages/airflow/example_dags/tutorial_taskflow_api_virtualenv.py
[2025-09-29T16:23:41.882+0000] {processor.py:840} INFO - DAG(s) 'tutorial_taskflow_api_virtualenv' retrieved from /home/airflow/.local/lib/python3.12/site-packages/airflow/example_dags/tutorial_taskflow_api_virtualenv.py
[2025-09-29T16:23:41.989+0000] {logging_mixin.py:188} INFO - [2025-09-29T16:23:41.988+0000] {dag.py:3089} INFO - Sync 1 DAGs
[2025-09-29T16:23:42.047+0000] {logging_mixin.py:188} INFO - [2025-09-29T16:23:42.045+0000] {dag.py:3947} INFO - Setting next_dagrun for tutorial_taskflow_api_virtualenv to None, run_after=None
[2025-09-29T16:23:42.138+0000] {processor.py:183} INFO - Processing /home/airflow/.local/lib/python3.12/site-packages/airflow/example_dags/tutorial_taskflow_api_virtualenv.py took 0.327 seconds
[2025-09-29T16:24:12.818+0000] {processor.py:161} INFO - Started process (PID=26270) to work on /home/airflow/.local/lib/python3.12/site-packages/airflow/example_dags/tutorial_taskflow_api_virtualenv.py
[2025-09-29T16:24:12.822+0000] {processor.py:830} INFO - Processing file /home/airflow/.local/lib/python3.12/site-packages/airflow/example_dags/tutorial_taskflow_api_virtualenv.py for tasks to queue
[2025-09-29T16:24:12.824+0000] {logging_mixin.py:188} INFO - [2025-09-29T16:24:12.823+0000] {dagbag.py:545} INFO - Filling up the DagBag from /home/airflow/.local/lib/python3.12/site-packages/airflow/example_dags/tutorial_taskflow_api_virtualenv.py
[2025-09-29T16:24:12.852+0000] {processor.py:840} INFO - DAG(s) 'tutorial_taskflow_api_virtualenv' retrieved from /home/airflow/.local/lib/python3.12/site-packages/airflow/example_dags/tutorial_taskflow_api_virtualenv.py
[2025-09-29T16:24:12.937+0000] {logging_mixin.py:188} INFO - [2025-09-29T16:24:12.936+0000] {dag.py:3089} INFO - Sync 1 DAGs
[2025-09-29T16:24:12.980+0000] {logging_mixin.py:188} INFO - [2025-09-29T16:24:12.979+0000] {dag.py:3947} INFO - Setting next_dagrun for tutorial_taskflow_api_virtualenv to None, run_after=None
[2025-09-29T16:24:13.053+0000] {processor.py:183} INFO - Processing /home/airflow/.local/lib/python3.12/site-packages/airflow/example_dags/tutorial_taskflow_api_virtualenv.py took 0.252 seconds
[2025-09-29T16:24:43.238+0000] {processor.py:161} INFO - Started process (PID=26525) to work on /home/airflow/.local/lib/python3.12/site-packages/airflow/example_dags/tutorial_taskflow_api_virtualenv.py
[2025-09-29T16:24:43.242+0000] {processor.py:830} INFO - Processing file /home/airflow/.local/lib/python3.12/site-packages/airflow/example_dags/tutorial_taskflow_api_virtualenv.py for tasks to queue
[2025-09-29T16:24:43.244+0000] {logging_mixin.py:188} INFO - [2025-09-29T16:24:43.243+0000] {dagbag.py:545} INFO - Filling up the DagBag from /home/airflow/.local/lib/python3.12/site-packages/airflow/example_dags/tutorial_taskflow_api_virtualenv.py
[2025-09-29T16:24:43.287+0000] {processor.py:840} INFO - DAG(s) 'tutorial_taskflow_api_virtualenv' retrieved from /home/airflow/.local/lib/python3.12/site-packages/airflow/example_dags/tutorial_taskflow_api_virtualenv.py
[2025-09-29T16:24:43.367+0000] {logging_mixin.py:188} INFO - [2025-09-29T16:24:43.366+0000] {dag.py:3089} INFO - Sync 1 DAGs
[2025-09-29T16:24:43.406+0000] {logging_mixin.py:188} INFO - [2025-09-29T16:24:43.406+0000] {dag.py:3947} INFO - Setting next_dagrun for tutorial_taskflow_api_virtualenv to None, run_after=None
[2025-09-29T16:24:43.488+0000] {processor.py:183} INFO - Processing /home/airflow/.local/lib/python3.12/site-packages/airflow/example_dags/tutorial_taskflow_api_virtualenv.py took 0.275 seconds
[2025-09-29T16:25:13.610+0000] {processor.py:161} INFO - Started process (PID=26788) to work on /home/airflow/.local/lib/python3.12/site-packages/airflow/example_dags/tutorial_taskflow_api_virtualenv.py
[2025-09-29T16:25:13.613+0000] {processor.py:830} INFO - Processing file /home/airflow/.local/lib/python3.12/site-packages/airflow/example_dags/tutorial_taskflow_api_virtualenv.py for tasks to queue
[2025-09-29T16:25:13.615+0000] {logging_mixin.py:188} INFO - [2025-09-29T16:25:13.614+0000] {dagbag.py:545} INFO - Filling up the DagBag from /home/airflow/.local/lib/python3.12/site-packages/airflow/example_dags/tutorial_taskflow_api_virtualenv.py
[2025-09-29T16:25:13.639+0000] {processor.py:840} INFO - DAG(s) 'tutorial_taskflow_api_virtualenv' retrieved from /home/airflow/.local/lib/python3.12/site-packages/airflow/example_dags/tutorial_taskflow_api_virtualenv.py
[2025-09-29T16:25:13.698+0000] {logging_mixin.py:188} INFO - [2025-09-29T16:25:13.697+0000] {dag.py:3089} INFO - Sync 1 DAGs
[2025-09-29T16:25:13.725+0000] {logging_mixin.py:188} INFO - [2025-09-29T16:25:13.724+0000] {dag.py:3947} INFO - Setting next_dagrun for tutorial_taskflow_api_virtualenv to None, run_after=None
[2025-09-29T16:25:13.098+0000] {processor.py:183} INFO - Processing /home/airflow/.local/lib/python3.12/site-packages/airflow/example_dags/tutorial_taskflow_api_virtualenv.py took 0.179 seconds
[2025-09-29T16:25:43.187+0000] {processor.py:161} INFO - Started process (PID=27034) to work on /home/airflow/.local/lib/python3.12/site-packages/airflow/example_dags/tutorial_taskflow_api_virtualenv.py
[2025-09-29T16:25:43.190+0000] {processor.py:830} INFO - Processing file /home/airflow/.local/lib/python3.12/site-packages/airflow/example_dags/tutorial_taskflow_api_virtualenv.py for tasks to queue
[2025-09-29T16:25:43.193+0000] {logging_mixin.py:188} INFO - [2025-09-29T16:25:43.192+0000] {dagbag.py:545} INFO - Filling up the DagBag from /home/airflow/.local/lib/python3.12/site-packages/airflow/example_dags/tutorial_taskflow_api_virtualenv.py
[2025-09-29T16:25:43.220+0000] {processor.py:840} INFO - DAG(s) 'tutorial_taskflow_api_virtualenv' retrieved from /home/airflow/.local/lib/python3.12/site-packages/airflow/example_dags/tutorial_taskflow_api_virtualenv.py
[2025-09-29T16:25:43.283+0000] {logging_mixin.py:188} INFO - [2025-09-29T16:25:43.282+0000] {dag.py:3089} INFO - Sync 1 DAGs
[2025-09-29T16:25:43.313+0000] {logging_mixin.py:188} INFO - [2025-09-29T16:25:43.312+0000] {dag.py:3947} INFO - Setting next_dagrun for tutorial_taskflow_api_virtualenv to None, run_after=None
[2025-09-29T16:25:43.367+0000] {processor.py:183} INFO - Processing /home/airflow/.local/lib/python3.12/site-packages/airflow/example_dags/tutorial_taskflow_api_virtualenv.py took 0.196 seconds
[2025-09-29T16:26:13.657+0000] {processor.py:161} INFO - Started process (PID=27295) to work on /home/airflow/.local/lib/python3.12/site-packages/airflow/example_dags/tutorial_taskflow_api_virtualenv.py
[2025-09-29T16:26:13.660+0000] {processor.py:830} INFO - Processing file /home/airflow/.local/lib/python3.12/site-packages/airflow/example_dags/tutorial_taskflow_api_virtualenv.py for tasks to queue
[2025-09-29T16:26:13.662+0000] {logging_mixin.py:188} INFO - [2025-09-29T16:26:13.661+0000] {dagbag.py:545} INFO - Filling up the DagBag from /home/airflow/.local/lib/python3.12/site-packages/airflow/example_dags/tutorial_taskflow_api_virtualenv.py
[2025-09-29T16:26:13.692+0000] {processor.py:840} INFO - DAG(s) 'tutorial_taskflow_api_virtualenv' retrieved from /home/airflow/.local/lib/python3.12/site-packages/airflow/example_dags/tutorial_taskflow_api_virtualenv.py
[2025-09-29T16:26:13.761+0000] {logging_mixin.py:188} INFO - [2025-09-29T16:26:13.761+0000] {dag.py:3089} INFO - Sync 1 DAGs
[2025-09-29T16:26:13.792+0000] {logging_mixin.py:188} INFO - [2025-09-29T16:26:13.792+0000] {dag.py:3947} INFO - Setting next_dagrun for tutorial_taskflow_api_virtualenv to None, run_after=None
[2025-09-29T16:26:13.847+0000] {processor.py:183} INFO - Processing /home/airflow/.local/lib/python3.12/site-packages/airflow/example_dags/tutorial_taskflow_api_virtualenv.py took 0.207 seconds
[2025-09-29T16:26:44.267+0000] {processor.py:161} INFO - Started process (PID=27556) to work on /home/airflow/.local/lib/python3.12/site-packages/airflow/example_dags/tutorial_taskflow_api_virtualenv.py
[2025-09-29T16:26:44.270+0000] {processor.py:830} INFO - Processing file /home/airflow/.local/lib/python3.12/site-packages/airflow/example_dags/tutorial_taskflow_api_virtualenv.py for tasks to queue
[2025-09-29T16:26:44.272+0000] {logging_mixin.py:188} INFO - [2025-09-29T16:26:44.271+0000] {dagbag.py:545} INFO - Filling up the DagBag from /home/airflow/.local/lib/python3.12/site-packages/airflow/example_dags/tutorial_taskflow_api_virtualenv.py
[2025-09-29T16:26:44.297+0000] {processor.py:840} INFO - DAG(s) 'tutorial_taskflow_api_virtualenv' retrieved from /home/airflow/.local/lib/python3.12/site-packages/airflow/example_dags/tutorial_taskflow_api_virtualenv.py
[2025-09-29T16:26:44.362+0000] {logging_mixin.py:188} INFO - [2025-09-29T16:26:44.361+0000] {dag.py:3089} INFO - Sync 1 DAGs
[2025-09-29T16:26:44.392+0000] {logging_mixin.py:188} INFO - [2025-09-29T16:26:44.391+0000] {dag.py:3947} INFO - Setting next_dagrun for tutorial_taskflow_api_virtualenv to None, run_after=None
[2025-09-29T16:26:44.444+0000] {processor.py:183} INFO - Processing /home/airflow/.local/lib/python3.12/site-packages/airflow/example_dags/tutorial_taskflow_api_virtualenv.py took 0.192 seconds
[2025-09-29T16:27:15.645+0000] {processor.py:161} INFO - Started process (PID=27830) to work on /home/airflow/.local/lib/python3.12/site-packages/airflow/example_dags/tutorial_taskflow_api_virtualenv.py
[2025-09-29T16:27:15.647+0000] {processor.py:830} INFO - Processing file /home/airflow/.local/lib/python3.12/site-packages/airflow/example_dags/tutorial_taskflow_api_virtualenv.py for tasks to queue
[2025-09-29T16:27:15.648+0000] {logging_mixin.py:188} INFO - [2025-09-29T16:27:15.647+0000] {dagbag.py:545} INFO - Filling up the DagBag from /home/airflow/.local/lib/python3.12/site-packages/airflow/example_dags/tutorial_taskflow_api_virtualenv.py
[2025-09-29T16:27:15.673+0000] {processor.py:840} INFO - DAG(s) 'tutorial_taskflow_api_virtualenv' retrieved from /home/airflow/.local/lib/python3.12/site-packages/airflow/example_dags/tutorial_taskflow_api_virtualenv.py
[2025-09-29T16:27:15.728+0000] {logging_mixin.py:188} INFO - [2025-09-29T16:27:15.728+0000] {dag.py:3089} INFO - Sync 1 DAGs
[2025-09-29T16:27:15.758+0000] {logging_mixin.py:188} INFO - [2025-09-29T16:27:15.757+0000] {dag.py:3947} INFO - Setting next_dagrun for tutorial_taskflow_api_virtualenv to None, run_after=None
[2025-09-29T16:27:15.804+0000] {processor.py:183} INFO - Processing /home/airflow/.local/lib/python3.12/site-packages/airflow/example_dags/tutorial_taskflow_api_virtualenv.py took 0.174 seconds
[2025-09-29T16:27:46.647+0000] {processor.py:161} INFO - Started process (PID=28091) to work on /home/airflow/.local/lib/python3.12/site-packages/airflow/example_dags/tutorial_taskflow_api_virtualenv.py
[2025-09-29T16:27:46.651+0000] {processor.py:830} INFO - Processing file /home/airflow/.local/lib/python3.12/site-packages/airflow/example_dags/tutorial_taskflow_api_virtualenv.py for tasks to queue
[2025-09-29T16:27:46.657+0000] {logging_mixin.py:188} INFO - [2025-09-29T16:27:46.655+0000] {dagbag.py:545} INFO - Filling up the DagBag from /home/airflow/.local/lib/python3.12/site-packages/airflow/example_dags/tutorial_taskflow_api_virtualenv.py
[2025-09-29T16:27:46.695+0000] {processor.py:840} INFO - DAG(s) 'tutorial_taskflow_api_virtualenv' retrieved from /home/airflow/.local/lib/python3.12/site-packages/airflow/example_dags/tutorial_taskflow_api_virtualenv.py
[2025-09-29T16:27:46.788+0000] {logging_mixin.py:188} INFO - [2025-09-29T16:27:46.787+0000] {dag.py:3089} INFO - Sync 1 DAGs
[2025-09-29T16:27:46.835+0000] {logging_mixin.py:188} INFO - [2025-09-29T16:27:46.835+0000] {dag.py:3947} INFO - Setting next_dagrun for tutorial_taskflow_api_virtualenv to None, run_after=None
[2025-09-29T16:27:46.917+0000] {processor.py:183} INFO - Processing /home/airflow/.local/lib/python3.12/site-packages/airflow/example_dags/tutorial_taskflow_api_virtualenv.py took 0.293 seconds
[2025-09-29T16:28:17.185+0000] {processor.py:161} INFO - Started process (PID=28352) to work on /home/airflow/.local/lib/python3.12/site-packages/airflow/example_dags/tutorial_taskflow_api_virtualenv.py
[2025-09-29T16:28:17.188+0000] {processor.py:830} INFO - Processing file /home/airflow/.local/lib/python3.12/site-packages/airflow/example_dags/tutorial_taskflow_api_virtualenv.py for tasks to queue
[2025-09-29T16:28:17.190+0000] {logging_mixin.py:188} INFO - [2025-09-29T16:28:17.189+0000] {dagbag.py:545} INFO - Filling up the DagBag from /home/airflow/.local/lib/python3.12/site-packages/airflow/example_dags/tutorial_taskflow_api_virtualenv.py
[2025-09-29T16:28:17.216+0000] {processor.py:840} INFO - DAG(s) 'tutorial_taskflow_api_virtualenv' retrieved from /home/airflow/.local/lib/python3.12/site-packages/airflow/example_dags/tutorial_taskflow_api_virtualenv.py
[2025-09-29T16:28:17.277+0000] {logging_mixin.py:188} INFO - [2025-09-29T16:28:17.276+0000] {dag.py:3089} INFO - Sync 1 DAGs
[2025-09-29T16:28:17.307+0000] {logging_mixin.py:188} INFO - [2025-09-29T16:28:17.307+0000] {dag.py:3947} INFO - Setting next_dagrun for tutorial_taskflow_api_virtualenv to None, run_after=None
[2025-09-29T16:28:17.359+0000] {processor.py:183} INFO - Processing /home/airflow/.local/lib/python3.12/site-packages/airflow/example_dags/tutorial_taskflow_api_virtualenv.py took 0.189 seconds
[2025-09-29T16:28:48.107+0000] {processor.py:161} INFO - Started process (PID=28613) to work on /home/airflow/.local/lib/python3.12/site-packages/airflow/example_dags/tutorial_taskflow_api_virtualenv.py
[2025-09-29T16:28:48.110+0000] {processor.py:830} INFO - Processing file /home/airflow/.local/lib/python3.12/site-packages/airflow/example_dags/tutorial_taskflow_api_virtualenv.py for tasks to queue
[2025-09-29T16:28:48.113+0000] {logging_mixin.py:188} INFO - [2025-09-29T16:28:48.112+0000] {dagbag.py:545} INFO - Filling up the DagBag from /home/airflow/.local/lib/python3.12/site-packages/airflow/example_dags/tutorial_taskflow_api_virtualenv.py
[2025-09-29T16:28:48.137+0000] {processor.py:840} INFO - DAG(s) 'tutorial_taskflow_api_virtualenv' retrieved from /home/airflow/.local/lib/python3.12/site-packages/airflow/example_dags/tutorial_taskflow_api_virtualenv.py
[2025-09-29T16:28:48.199+0000] {logging_mixin.py:188} INFO - [2025-09-29T16:28:48.198+0000] {dag.py:3089} INFO - Sync 1 DAGs
[2025-09-29T16:28:48.229+0000] {logging_mixin.py:188} INFO - [2025-09-29T16:28:48.228+0000] {dag.py:3947} INFO - Setting next_dagrun for tutorial_taskflow_api_virtualenv to None, run_after=None
[2025-09-29T16:28:48.281+0000] {processor.py:183} INFO - Processing /home/airflow/.local/lib/python3.12/site-packages/airflow/example_dags/tutorial_taskflow_api_virtualenv.py took 0.190 seconds
[2025-09-29T16:29:19.098+0000] {processor.py:161} INFO - Started process (PID=28874) to work on /home/airflow/.local/lib/python3.12/site-packages/airflow/example_dags/tutorial_taskflow_api_virtualenv.py
[2025-09-29T16:29:19.100+0000] {processor.py:830} INFO - Processing file /home/airflow/.local/lib/python3.12/site-packages/airflow/example_dags/tutorial_taskflow_api_virtualenv.py for tasks to queue
[2025-09-29T16:29:19.102+0000] {logging_mixin.py:188} INFO - [2025-09-29T16:29:19.101+0000] {dagbag.py:545} INFO - Filling up the DagBag from /home/airflow/.local/lib/python3.12/site-packages/airflow/example_dags/tutorial_taskflow_api_virtualenv.py
[2025-09-29T16:29:19.135+0000] {processor.py:840} INFO - DAG(s) 'tutorial_taskflow_api_virtualenv' retrieved from /home/airflow/.local/lib/python3.12/site-packages/airflow/example_dags/tutorial_taskflow_api_virtualenv.py
[2025-09-29T16:29:19.196+0000] {logging_mixin.py:188} INFO - [2025-09-29T16:29:19.196+0000] {dag.py:3089} INFO - Sync 1 DAGs
[2025-09-29T16:29:19.226+0000] {logging_mixin.py:188} INFO - [2025-09-29T16:29:19.225+0000] {dag.py:3947} INFO - Setting next_dagrun for tutorial_taskflow_api_virtualenv to None, run_after=None
[2025-09-29T16:29:19.280+0000] {processor.py:183} INFO - Processing /home/airflow/.local/lib/python3.12/site-packages/airflow/example_dags/tutorial_taskflow_api_virtualenv.py took 0.198 seconds
[2025-09-29T16:29:50.123+0000] {processor.py:161} INFO - Started process (PID=29135) to work on /home/airflow/.local/lib/python3.12/site-packages/airflow/example_dags/tutorial_taskflow_api_virtualenv.py
[2025-09-29T16:29:50.126+0000] {processor.py:830} INFO - Processing file /home/airflow/.local/lib/python3.12/site-packages/airflow/example_dags/tutorial_taskflow_api_virtualenv.py for tasks to queue
[2025-09-29T16:29:50.128+0000] {logging_mixin.py:188} INFO - [2025-09-29T16:29:50.127+0000] {dagbag.py:545} INFO - Filling up the DagBag from /home/airflow/.local/lib/python3.12/site-packages/airflow/example_dags/tutorial_taskflow_api_virtualenv.py
[2025-09-29T16:29:50.163+0000] {processor.py:840} INFO - DAG(s) 'tutorial_taskflow_api_virtualenv' retrieved from /home/airflow/.local/lib/python3.12/site-packages/airflow/example_dags/tutorial_taskflow_api_virtualenv.py
[2025-09-29T16:29:50.239+0000] {logging_mixin.py:188} INFO - [2025-09-29T16:29:50.237+0000] {dag.py:3089} INFO - Sync 1 DAGs
[2025-09-29T16:29:50.279+0000] {logging_mixin.py:188} INFO - [2025-09-29T16:29:50.278+0000] {dag.py:3947} INFO - Setting next_dagrun for tutorial_taskflow_api_virtualenv to None, run_after=None
[2025-09-29T16:29:50.346+0000] {processor.py:183} INFO - Processing /home/airflow/.local/lib/python3.12/site-packages/airflow/example_dags/tutorial_taskflow_api_virtualenv.py took 0.243 seconds
[2025-09-29T16:30:20.920+0000] {processor.py:161} INFO - Started process (PID=29396) to work on /home/airflow/.local/lib/python3.12/site-packages/airflow/example_dags/tutorial_taskflow_api_virtualenv.py
[2025-09-29T16:30:20.923+0000] {processor.py:830} INFO - Processing file /home/airflow/.local/lib/python3.12/site-packages/airflow/example_dags/tutorial_taskflow_api_virtualenv.py for tasks to queue
[2025-09-29T16:30:20.925+0000] {logging_mixin.py:188} INFO - [2025-09-29T16:30:20.924+0000] {dagbag.py:545} INFO - Filling up the DagBag from /home/airflow/.local/lib/python3.12/site-packages/airflow/example_dags/tutorial_taskflow_api_virtualenv.py
[2025-09-29T16:30:20.953+0000] {processor.py:840} INFO - DAG(s) 'tutorial_taskflow_api_virtualenv' retrieved from /home/airflow/.local/lib/python3.12/site-packages/airflow/example_dags/tutorial_taskflow_api_virtualenv.py
[2025-09-29T16:30:21.015+0000] {logging_mixin.py:188} INFO - [2025-09-29T16:30:21.014+0000] {dag.py:3089} INFO - Sync 1 DAGs
[2025-09-29T16:30:21.051+0000] {logging_mixin.py:188} INFO - [2025-09-29T16:30:21.050+0000] {dag.py:3947} INFO - Setting next_dagrun for tutorial_taskflow_api_virtualenv to None, run_after=None
[2025-09-29T16:30:21.099+0000] {processor.py:183} INFO - Processing /home/airflow/.local/lib/python3.12/site-packages/airflow/example_dags/tutorial_taskflow_api_virtualenv.py took 0.197 seconds
[2025-09-29T16:30:51.319+0000] {processor.py:161} INFO - Started process (PID=29657) to work on /home/airflow/.local/lib/python3.12/site-packages/airflow/example_dags/tutorial_taskflow_api_virtualenv.py
[2025-09-29T16:30:51.322+0000] {processor.py:830} INFO - Processing file /home/airflow/.local/lib/python3.12/site-packages/airflow/example_dags/tutorial_taskflow_api_virtualenv.py for tasks to queue
[2025-09-29T16:30:51.324+0000] {logging_mixin.py:188} INFO - [2025-09-29T16:30:51.323+0000] {dagbag.py:545} INFO - Filling up the DagBag from /home/airflow/.local/lib/python3.12/site-packages/airflow/example_dags/tutorial_taskflow_api_virtualenv.py
[2025-09-29T16:30:51.349+0000] {processor.py:840} INFO - DAG(s) 'tutorial_taskflow_api_virtualenv' retrieved from /home/airflow/.local/lib/python3.12/site-packages/airflow/example_dags/tutorial_taskflow_api_virtualenv.py
[2025-09-29T16:30:51.418+0000] {logging_mixin.py:188} INFO - [2025-09-29T16:30:51.418+0000] {dag.py:3089} INFO - Sync 1 DAGs
[2025-09-29T16:30:51.450+0000] {logging_mixin.py:188} INFO - [2025-09-29T16:30:51.450+0000] {dag.py:3947} INFO - Setting next_dagrun for tutorial_taskflow_api_virtualenv to None, run_after=None
[2025-09-29T16:30:51.506+0000] {processor.py:183} INFO - Processing /home/airflow/.local/lib/python3.12/site-packages/airflow/example_dags/tutorial_taskflow_api_virtualenv.py took 0.202 seconds
[2025-09-29T16:31:22.472+0000] {processor.py:161} INFO - Started process (PID=29918) to work on /home/airflow/.local/lib/python3.12/site-packages/airflow/example_dags/tutorial_taskflow_api_virtualenv.py
[2025-09-29T16:31:22.475+0000] {processor.py:830} INFO - Processing file /home/airflow/.local/lib/python3.12/site-packages/airflow/example_dags/tutorial_taskflow_api_virtualenv.py for tasks to queue
[2025-09-29T16:31:22.477+0000] {logging_mixin.py:188} INFO - [2025-09-29T16:31:22.476+0000] {dagbag.py:545} INFO - Filling up the DagBag from /home/airflow/.local/lib/python3.12/site-packages/airflow/example_dags/tutorial_taskflow_api_virtualenv.py
[2025-09-29T16:31:22.503+0000] {processor.py:840} INFO - DAG(s) 'tutorial_taskflow_api_virtualenv' retrieved from /home/airflow/.local/lib/python3.12/site-packages/airflow/example_dags/tutorial_taskflow_api_virtualenv.py
[2025-09-29T16:31:22.561+0000] {logging_mixin.py:188} INFO - [2025-09-29T16:31:22.561+0000] {dag.py:3089} INFO - Sync 1 DAGs
[2025-09-29T16:31:22.592+0000] {logging_mixin.py:188} INFO - [2025-09-29T16:31:22.591+0000] {dag.py:3947} INFO - Setting next_dagrun for tutorial_taskflow_api_virtualenv to None, run_after=None
[2025-09-29T16:31:22.640+0000] {processor.py:183} INFO - Processing /home/airflow/.local/lib/python3.12/site-packages/airflow/example_dags/tutorial_taskflow_api_virtualenv.py took 0.184 seconds
[2025-09-29T16:31:53.500+0000] {processor.py:161} INFO - Started process (PID=30179) to work on /home/airflow/.local/lib/python3.12/site-packages/airflow/example_dags/tutorial_taskflow_api_virtualenv.py
[2025-09-29T16:31:53.502+0000] {processor.py:830} INFO - Processing file /home/airflow/.local/lib/python3.12/site-packages/airflow/example_dags/tutorial_taskflow_api_virtualenv.py for tasks to queue
[2025-09-29T16:31:53.504+0000] {logging_mixin.py:188} INFO - [2025-09-29T16:31:53.503+0000] {dagbag.py:545} INFO - Filling up the DagBag from /home/airflow/.local/lib/python3.12/site-packages/airflow/example_dags/tutorial_taskflow_api_virtualenv.py
[2025-09-29T16:31:53.528+0000] {processor.py:840} INFO - DAG(s) 'tutorial_taskflow_api_virtualenv' retrieved from /home/airflow/.local/lib/python3.12/site-packages/airflow/example_dags/tutorial_taskflow_api_virtualenv.py
[2025-09-29T16:31:53.587+0000] {logging_mixin.py:188} INFO - [2025-09-29T16:31:53.586+0000] {dag.py:3089} INFO - Sync 1 DAGs
[2025-09-29T16:31:53.621+0000] {logging_mixin.py:188} INFO - [2025-09-29T16:31:53.620+0000] {dag.py:3947} INFO - Setting next_dagrun for tutorial_taskflow_api_virtualenv to None, run_after=None
[2025-09-29T16:31:53.672+0000] {processor.py:183} INFO - Processing /home/airflow/.local/lib/python3.12/site-packages/airflow/example_dags/tutorial_taskflow_api_virtualenv.py took 0.187 seconds
[2025-09-29T16:32:24.299+0000] {processor.py:161} INFO - Started process (PID=30445) to work on /home/airflow/.local/lib/python3.12/site-packages/airflow/example_dags/tutorial_taskflow_api_virtualenv.py
[2025-09-29T16:32:24.302+0000] {processor.py:830} INFO - Processing file /home/airflow/.local/lib/python3.12/site-packages/airflow/example_dags/tutorial_taskflow_api_virtualenv.py for tasks to queue
[2025-09-29T16:32:24.303+0000] {logging_mixin.py:188} INFO - [2025-09-29T16:32:24.303+0000] {dagbag.py:545} INFO - Filling up the DagBag from /home/airflow/.local/lib/python3.12/site-packages/airflow/example_dags/tutorial_taskflow_api_virtualenv.py
[2025-09-29T16:32:24.330+0000] {processor.py:840} INFO - DAG(s) 'tutorial_taskflow_api_virtualenv' retrieved from /home/airflow/.local/lib/python3.12/site-packages/airflow/example_dags/tutorial_taskflow_api_virtualenv.py
[2025-09-29T16:32:24.397+0000] {logging_mixin.py:188} INFO - [2025-09-29T16:32:24.396+0000] {dag.py:3089} INFO - Sync 1 DAGs
[2025-09-29T16:32:24.435+0000] {logging_mixin.py:188} INFO - [2025-09-29T16:32:24.434+0000] {dag.py:3947} INFO - Setting next_dagrun for tutorial_taskflow_api_virtualenv to None, run_after=None
[2025-09-29T16:32:24.490+0000] {processor.py:183} INFO - Processing /home/airflow/.local/lib/python3.12/site-packages/airflow/example_dags/tutorial_taskflow_api_virtualenv.py took 0.208 seconds
[2025-09-29T16:32:54.828+0000] {processor.py:161} INFO - Started process (PID=30706) to work on /home/airflow/.local/lib/python3.12/site-packages/airflow/example_dags/tutorial_taskflow_api_virtualenv.py
[2025-09-29T16:32:54.831+0000] {processor.py:830} INFO - Processing file /home/airflow/.local/lib/python3.12/site-packages/airflow/example_dags/tutorial_taskflow_api_virtualenv.py for tasks to queue
[2025-09-29T16:32:54.833+0000] {logging_mixin.py:188} INFO - [2025-09-29T16:32:54.832+0000] {dagbag.py:545} INFO - Filling up the DagBag from /home/airflow/.local/lib/python3.12/site-packages/airflow/example_dags/tutorial_taskflow_api_virtualenv.py
[2025-09-29T16:32:54.859+0000] {processor.py:840} INFO - DAG(s) 'tutorial_taskflow_api_virtualenv' retrieved from /home/airflow/.local/lib/python3.12/site-packages/airflow/example_dags/tutorial_taskflow_api_virtualenv.py
[2025-09-29T16:32:54.916+0000] {logging_mixin.py:188} INFO - [2025-09-29T16:32:54.915+0000] {dag.py:3089} INFO - Sync 1 DAGs
[2025-09-29T16:32:54.946+0000] {logging_mixin.py:188} INFO - [2025-09-29T16:32:54.945+0000] {dag.py:3947} INFO - Setting next_dagrun for tutorial_taskflow_api_virtualenv to None, run_after=None
[2025-09-29T16:32:55.000+0000] {processor.py:183} INFO - Processing /home/airflow/.local/lib/python3.12/site-packages/airflow/example_dags/tutorial_taskflow_api_virtualenv.py took 0.188 seconds
[2025-09-29T16:33:25.368+0000] {processor.py:161} INFO - Started process (PID=30969) to work on /home/airflow/.local/lib/python3.12/site-packages/airflow/example_dags/tutorial_taskflow_api_virtualenv.py
[2025-09-29T16:33:25.371+0000] {processor.py:830} INFO - Processing file /home/airflow/.local/lib/python3.12/site-packages/airflow/example_dags/tutorial_taskflow_api_virtualenv.py for tasks to queue
[2025-09-29T16:33:25.373+0000] {logging_mixin.py:188} INFO - [2025-09-29T16:33:25.372+0000] {dagbag.py:545} INFO - Filling up the DagBag from /home/airflow/.local/lib/python3.12/site-packages/airflow/example_dags/tutorial_taskflow_api_virtualenv.py
[2025-09-29T16:33:25.410+0000] {processor.py:840} INFO - DAG(s) 'tutorial_taskflow_api_virtualenv' retrieved from /home/airflow/.local/lib/python3.12/site-packages/airflow/example_dags/tutorial_taskflow_api_virtualenv.py
[2025-09-29T16:33:25.467+0000] {logging_mixin.py:188} INFO - [2025-09-29T16:33:25.466+0000] {dag.py:3089} INFO - Sync 1 DAGs
[2025-09-29T16:33:25.499+0000] {logging_mixin.py:188} INFO - [2025-09-29T16:33:25.498+0000] {dag.py:3947} INFO - Setting next_dagrun for tutorial_taskflow_api_virtualenv to None, run_after=None
[2025-09-29T16:33:25.553+0000] {processor.py:183} INFO - Processing /home/airflow/.local/lib/python3.12/site-packages/airflow/example_dags/tutorial_taskflow_api_virtualenv.py took 0.201 seconds
[2025-09-29T16:33:56.475+0000] {processor.py:161} INFO - Started process (PID=31230) to work on /home/airflow/.local/lib/python3.12/site-packages/airflow/example_dags/tutorial_taskflow_api_virtualenv.py
[2025-09-29T16:33:56.478+0000] {processor.py:830} INFO - Processing file /home/airflow/.local/lib/python3.12/site-packages/airflow/example_dags/tutorial_taskflow_api_virtualenv.py for tasks to queue
[2025-09-29T16:33:56.480+0000] {logging_mixin.py:188} INFO - [2025-09-29T16:33:56.479+0000] {dagbag.py:545} INFO - Filling up the DagBag from /home/airflow/.local/lib/python3.12/site-packages/airflow/example_dags/tutorial_taskflow_api_virtualenv.py
[2025-09-29T16:33:56.505+0000] {processor.py:840} INFO - DAG(s) 'tutorial_taskflow_api_virtualenv' retrieved from /home/airflow/.local/lib/python3.12/site-packages/airflow/example_dags/tutorial_taskflow_api_virtualenv.py
[2025-09-29T16:33:56.563+0000] {logging_mixin.py:188} INFO - [2025-09-29T16:33:56.562+0000] {dag.py:3089} INFO - Sync 1 DAGs
[2025-09-29T16:33:56.592+0000] {logging_mixin.py:188} INFO - [2025-09-29T16:33:56.591+0000] {dag.py:3947} INFO - Setting next_dagrun for tutorial_taskflow_api_virtualenv to None, run_after=None
[2025-09-29T16:33:56.645+0000] {processor.py:183} INFO - Processing /home/airflow/.local/lib/python3.12/site-packages/airflow/example_dags/tutorial_taskflow_api_virtualenv.py took 0.185 seconds
[2025-09-29T16:34:28.379+0000] {processor.py:161} INFO - Started process (PID=31491) to work on /home/airflow/.local/lib/python3.12/site-packages/airflow/example_dags/tutorial_taskflow_api_virtualenv.py
[2025-09-29T16:34:28.382+0000] {processor.py:830} INFO - Processing file /home/airflow/.local/lib/python3.12/site-packages/airflow/example_dags/tutorial_taskflow_api_virtualenv.py for tasks to queue
[2025-09-29T16:34:28.384+0000] {logging_mixin.py:188} INFO - [2025-09-29T16:34:28.383+0000] {dagbag.py:545} INFO - Filling up the DagBag from /home/airflow/.local/lib/python3.12/site-packages/airflow/example_dags/tutorial_taskflow_api_virtualenv.py
[2025-09-29T16:34:28.414+0000] {processor.py:840} INFO - DAG(s) 'tutorial_taskflow_api_virtualenv' retrieved from /home/airflow/.local/lib/python3.12/site-packages/airflow/example_dags/tutorial_taskflow_api_virtualenv.py
[2025-09-29T16:34:28.478+0000] {logging_mixin.py:188} INFO - [2025-09-29T16:34:28.478+0000] {dag.py:3089} INFO - Sync 1 DAGs
[2025-09-29T16:34:28.507+0000] {logging_mixin.py:188} INFO - [2025-09-29T16:34:28.506+0000] {dag.py:3947} INFO - Setting next_dagrun for tutorial_taskflow_api_virtualenv to None, run_after=None
[2025-09-29T16:34:28.556+0000] {processor.py:183} INFO - Processing /home/airflow/.local/lib/python3.12/site-packages/airflow/example_dags/tutorial_taskflow_api_virtualenv.py took 0.193 seconds
[2025-09-29T16:47:35.045+0000] {processor.py:161} INFO - Started process (PID=367) to work on /home/airflow/.local/lib/python3.12/site-packages/airflow/example_dags/tutorial_taskflow_api_virtualenv.py
[2025-09-29T16:47:35.048+0000] {processor.py:830} INFO - Processing file /home/airflow/.local/lib/python3.12/site-packages/airflow/example_dags/tutorial_taskflow_api_virtualenv.py for tasks to queue
[2025-09-29T16:47:35.052+0000] {logging_mixin.py:188} INFO - [2025-09-29T16:47:35.052+0000] {dagbag.py:545} INFO - Filling up the DagBag from /home/airflow/.local/lib/python3.12/site-packages/airflow/example_dags/tutorial_taskflow_api_virtualenv.py
[2025-09-29T16:47:35.082+0000] {processor.py:840} INFO - DAG(s) 'tutorial_taskflow_api_virtualenv' retrieved from /home/airflow/.local/lib/python3.12/site-packages/airflow/example_dags/tutorial_taskflow_api_virtualenv.py
[2025-09-29T16:47:35.120+0000] {logging_mixin.py:188} INFO - [2025-09-29T16:47:35.119+0000] {dag.py:3089} INFO - Sync 1 DAGs
[2025-09-29T16:47:35.160+0000] {logging_mixin.py:188} INFO - [2025-09-29T16:47:35.159+0000] {dag.py:3947} INFO - Setting next_dagrun for tutorial_taskflow_api_virtualenv to None, run_after=None
[2025-09-29T16:47:35.211+0000] {processor.py:183} INFO - Processing /home/airflow/.local/lib/python3.12/site-packages/airflow/example_dags/tutorial_taskflow_api_virtualenv.py took 0.180 seconds
[2025-09-29T16:48:13.659+0000] {processor.py:161} INFO - Started process (PID=641) to work on /home/airflow/.local/lib/python3.12/site-packages/airflow/example_dags/tutorial_taskflow_api_virtualenv.py
[2025-09-29T16:48:13.662+0000] {processor.py:830} INFO - Processing file /home/airflow/.local/lib/python3.12/site-packages/airflow/example_dags/tutorial_taskflow_api_virtualenv.py for tasks to queue
[2025-09-29T16:48:13.675+0000] {logging_mixin.py:188} INFO - [2025-09-29T16:48:13.673+0000] {dagbag.py:545} INFO - Filling up the DagBag from /home/airflow/.local/lib/python3.12/site-packages/airflow/example_dags/tutorial_taskflow_api_virtualenv.py
[2025-09-29T16:48:13.718+0000] {processor.py:840} INFO - DAG(s) 'tutorial_taskflow_api_virtualenv' retrieved from /home/airflow/.local/lib/python3.12/site-packages/airflow/example_dags/tutorial_taskflow_api_virtualenv.py
[2025-09-29T16:48:14.430+0000] {logging_mixin.py:188} INFO - [2025-09-29T16:48:14.430+0000] {dag.py:3089} INFO - Sync 1 DAGs
[2025-09-29T16:48:14.468+0000] {logging_mixin.py:188} INFO - [2025-09-29T16:48:14.467+0000] {dag.py:3947} INFO - Setting next_dagrun for tutorial_taskflow_api_virtualenv to None, run_after=None
[2025-09-29T16:48:14.530+0000] {processor.py:183} INFO - Processing /home/airflow/.local/lib/python3.12/site-packages/airflow/example_dags/tutorial_taskflow_api_virtualenv.py took 0.939 seconds
[2025-09-29T16:48:44.747+0000] {processor.py:161} INFO - Started process (PID=911) to work on /home/airflow/.local/lib/python3.12/site-packages/airflow/example_dags/tutorial_taskflow_api_virtualenv.py
[2025-09-29T16:48:44.750+0000] {processor.py:830} INFO - Processing file /home/airflow/.local/lib/python3.12/site-packages/airflow/example_dags/tutorial_taskflow_api_virtualenv.py for tasks to queue
[2025-09-29T16:48:44.754+0000] {logging_mixin.py:188} INFO - [2025-09-29T16:48:44.753+0000] {dagbag.py:545} INFO - Filling up the DagBag from /home/airflow/.local/lib/python3.12/site-packages/airflow/example_dags/tutorial_taskflow_api_virtualenv.py
[2025-09-29T16:48:44.778+0000] {processor.py:840} INFO - DAG(s) 'tutorial_taskflow_api_virtualenv' retrieved from /home/airflow/.local/lib/python3.12/site-packages/airflow/example_dags/tutorial_taskflow_api_virtualenv.py
[2025-09-29T16:48:44.834+0000] {logging_mixin.py:188} INFO - [2025-09-29T16:48:44.834+0000] {dag.py:3089} INFO - Sync 1 DAGs
[2025-09-29T16:48:44.867+0000] {logging_mixin.py:188} INFO - [2025-09-29T16:48:44.867+0000] {dag.py:3947} INFO - Setting next_dagrun for tutorial_taskflow_api_virtualenv to None, run_after=None
[2025-09-29T16:48:44.933+0000] {processor.py:183} INFO - Processing /home/airflow/.local/lib/python3.12/site-packages/airflow/example_dags/tutorial_taskflow_api_virtualenv.py took 0.201 seconds
[2025-09-29T16:55:38.150+0000] {processor.py:161} INFO - Started process (PID=398) to work on /home/airflow/.local/lib/python3.12/site-packages/airflow/example_dags/tutorial_taskflow_api_virtualenv.py
[2025-09-29T16:55:38.154+0000] {processor.py:830} INFO - Processing file /home/airflow/.local/lib/python3.12/site-packages/airflow/example_dags/tutorial_taskflow_api_virtualenv.py for tasks to queue
[2025-09-29T16:55:38.164+0000] {logging_mixin.py:188} INFO - [2025-09-29T16:55:38.161+0000] {dagbag.py:545} INFO - Filling up the DagBag from /home/airflow/.local/lib/python3.12/site-packages/airflow/example_dags/tutorial_taskflow_api_virtualenv.py
[2025-09-29T16:55:38.206+0000] {processor.py:840} INFO - DAG(s) 'tutorial_taskflow_api_virtualenv' retrieved from /home/airflow/.local/lib/python3.12/site-packages/airflow/example_dags/tutorial_taskflow_api_virtualenv.py
[2025-09-29T16:55:38.243+0000] {logging_mixin.py:188} INFO - [2025-09-29T16:55:38.242+0000] {dag.py:3089} INFO - Sync 1 DAGs
[2025-09-29T16:55:38.288+0000] {logging_mixin.py:188} INFO - [2025-09-29T16:55:38.287+0000] {dag.py:3947} INFO - Setting next_dagrun for tutorial_taskflow_api_virtualenv to None, run_after=None
[2025-09-29T16:55:38.339+0000] {processor.py:183} INFO - Processing /home/airflow/.local/lib/python3.12/site-packages/airflow/example_dags/tutorial_taskflow_api_virtualenv.py took 0.227 seconds
[2025-09-29T16:56:17.831+0000] {processor.py:161} INFO - Started process (PID=665) to work on /home/airflow/.local/lib/python3.12/site-packages/airflow/example_dags/tutorial_taskflow_api_virtualenv.py
[2025-09-29T16:56:17.851+0000] {processor.py:830} INFO - Processing file /home/airflow/.local/lib/python3.12/site-packages/airflow/example_dags/tutorial_taskflow_api_virtualenv.py for tasks to queue
[2025-09-29T16:56:17.858+0000] {logging_mixin.py:188} INFO - [2025-09-29T16:56:17.856+0000] {dagbag.py:545} INFO - Filling up the DagBag from /home/airflow/.local/lib/python3.12/site-packages/airflow/example_dags/tutorial_taskflow_api_virtualenv.py
[2025-09-29T16:56:17.904+0000] {processor.py:840} INFO - DAG(s) 'tutorial_taskflow_api_virtualenv' retrieved from /home/airflow/.local/lib/python3.12/site-packages/airflow/example_dags/tutorial_taskflow_api_virtualenv.py
[2025-09-29T16:56:18.400+0000] {logging_mixin.py:188} INFO - [2025-09-29T16:56:18.399+0000] {dag.py:3089} INFO - Sync 1 DAGs
[2025-09-29T16:56:18.516+0000] {logging_mixin.py:188} INFO - [2025-09-29T16:56:18.516+0000] {dag.py:3947} INFO - Setting next_dagrun for tutorial_taskflow_api_virtualenv to None, run_after=None
[2025-09-29T16:56:18.604+0000] {processor.py:183} INFO - Processing /home/airflow/.local/lib/python3.12/site-packages/airflow/example_dags/tutorial_taskflow_api_virtualenv.py took 0.808 seconds
[2025-09-29T16:56:48.940+0000] {processor.py:161} INFO - Started process (PID=933) to work on /home/airflow/.local/lib/python3.12/site-packages/airflow/example_dags/tutorial_taskflow_api_virtualenv.py
[2025-09-29T16:56:48.942+0000] {processor.py:830} INFO - Processing file /home/airflow/.local/lib/python3.12/site-packages/airflow/example_dags/tutorial_taskflow_api_virtualenv.py for tasks to queue
[2025-09-29T16:56:48.948+0000] {logging_mixin.py:188} INFO - [2025-09-29T16:56:48.946+0000] {dagbag.py:545} INFO - Filling up the DagBag from /home/airflow/.local/lib/python3.12/site-packages/airflow/example_dags/tutorial_taskflow_api_virtualenv.py
[2025-09-29T16:56:49.012+0000] {processor.py:840} INFO - DAG(s) 'tutorial_taskflow_api_virtualenv' retrieved from /home/airflow/.local/lib/python3.12/site-packages/airflow/example_dags/tutorial_taskflow_api_virtualenv.py
[2025-09-29T16:56:49.121+0000] {logging_mixin.py:188} INFO - [2025-09-29T16:56:49.121+0000] {dag.py:3089} INFO - Sync 1 DAGs
[2025-09-29T16:56:49.158+0000] {logging_mixin.py:188} INFO - [2025-09-29T16:56:49.157+0000] {dag.py:3947} INFO - Setting next_dagrun for tutorial_taskflow_api_virtualenv to None, run_after=None
[2025-09-29T16:56:49.213+0000] {processor.py:183} INFO - Processing /home/airflow/.local/lib/python3.12/site-packages/airflow/example_dags/tutorial_taskflow_api_virtualenv.py took 0.289 seconds
[2025-09-29T16:57:22.883+0000] {processor.py:161} INFO - Started process (PID=1201) to work on /home/airflow/.local/lib/python3.12/site-packages/airflow/example_dags/tutorial_taskflow_api_virtualenv.py
[2025-09-29T16:57:22.887+0000] {processor.py:830} INFO - Processing file /home/airflow/.local/lib/python3.12/site-packages/airflow/example_dags/tutorial_taskflow_api_virtualenv.py for tasks to queue
[2025-09-29T16:57:22.892+0000] {logging_mixin.py:188} INFO - [2025-09-29T16:57:22.891+0000] {dagbag.py:545} INFO - Filling up the DagBag from /home/airflow/.local/lib/python3.12/site-packages/airflow/example_dags/tutorial_taskflow_api_virtualenv.py
[2025-09-29T16:57:22.918+0000] {processor.py:840} INFO - DAG(s) 'tutorial_taskflow_api_virtualenv' retrieved from /home/airflow/.local/lib/python3.12/site-packages/airflow/example_dags/tutorial_taskflow_api_virtualenv.py
[2025-09-29T16:57:22.984+0000] {logging_mixin.py:188} INFO - [2025-09-29T16:57:22.984+0000] {dag.py:3089} INFO - Sync 1 DAGs
[2025-09-29T16:57:23.022+0000] {logging_mixin.py:188} INFO - [2025-09-29T16:57:23.022+0000] {dag.py:3947} INFO - Setting next_dagrun for tutorial_taskflow_api_virtualenv to None, run_after=None
[2025-09-29T16:57:23.089+0000] {processor.py:183} INFO - Processing /home/airflow/.local/lib/python3.12/site-packages/airflow/example_dags/tutorial_taskflow_api_virtualenv.py took 0.225 seconds
[2025-09-29T16:57:54.456+0000] {processor.py:161} INFO - Started process (PID=1466) to work on /home/airflow/.local/lib/python3.12/site-packages/airflow/example_dags/tutorial_taskflow_api_virtualenv.py
[2025-09-29T16:57:54.460+0000] {processor.py:830} INFO - Processing file /home/airflow/.local/lib/python3.12/site-packages/airflow/example_dags/tutorial_taskflow_api_virtualenv.py for tasks to queue
[2025-09-29T16:57:54.466+0000] {logging_mixin.py:188} INFO - [2025-09-29T16:57:54.465+0000] {dagbag.py:545} INFO - Filling up the DagBag from /home/airflow/.local/lib/python3.12/site-packages/airflow/example_dags/tutorial_taskflow_api_virtualenv.py
[2025-09-29T16:57:54.507+0000] {processor.py:840} INFO - DAG(s) 'tutorial_taskflow_api_virtualenv' retrieved from /home/airflow/.local/lib/python3.12/site-packages/airflow/example_dags/tutorial_taskflow_api_virtualenv.py
[2025-09-29T16:57:54.584+0000] {logging_mixin.py:188} INFO - [2025-09-29T16:57:54.583+0000] {dag.py:3089} INFO - Sync 1 DAGs
[2025-09-29T16:57:54.648+0000] {logging_mixin.py:188} INFO - [2025-09-29T16:57:54.647+0000] {dag.py:3947} INFO - Setting next_dagrun for tutorial_taskflow_api_virtualenv to None, run_after=None
[2025-09-29T16:57:54.738+0000] {processor.py:183} INFO - Processing /home/airflow/.local/lib/python3.12/site-packages/airflow/example_dags/tutorial_taskflow_api_virtualenv.py took 0.297 seconds
[2025-09-29T16:58:25.597+0000] {processor.py:161} INFO - Started process (PID=1738) to work on /home/airflow/.local/lib/python3.12/site-packages/airflow/example_dags/tutorial_taskflow_api_virtualenv.py
[2025-09-29T16:58:25.599+0000] {processor.py:830} INFO - Processing file /home/airflow/.local/lib/python3.12/site-packages/airflow/example_dags/tutorial_taskflow_api_virtualenv.py for tasks to queue
[2025-09-29T16:58:25.605+0000] {logging_mixin.py:188} INFO - [2025-09-29T16:58:25.604+0000] {dagbag.py:545} INFO - Filling up the DagBag from /home/airflow/.local/lib/python3.12/site-packages/airflow/example_dags/tutorial_taskflow_api_virtualenv.py
[2025-09-29T16:58:25.644+0000] {processor.py:840} INFO - DAG(s) 'tutorial_taskflow_api_virtualenv' retrieved from /home/airflow/.local/lib/python3.12/site-packages/airflow/example_dags/tutorial_taskflow_api_virtualenv.py
[2025-09-29T16:58:25.748+0000] {logging_mixin.py:188} INFO - [2025-09-29T16:58:25.745+0000] {dag.py:3089} INFO - Sync 1 DAGs
[2025-09-29T16:58:25.822+0000] {logging_mixin.py:188} INFO - [2025-09-29T16:58:25.821+0000] {dag.py:3947} INFO - Setting next_dagrun for tutorial_taskflow_api_virtualenv to None, run_after=None
[2025-09-29T16:58:25.890+0000] {processor.py:183} INFO - Processing /home/airflow/.local/lib/python3.12/site-packages/airflow/example_dags/tutorial_taskflow_api_virtualenv.py took 0.317 seconds
[2025-09-29T16:58:56.400+0000] {processor.py:161} INFO - Started process (PID=1990) to work on /home/airflow/.local/lib/python3.12/site-packages/airflow/example_dags/tutorial_taskflow_api_virtualenv.py
[2025-09-29T16:58:56.403+0000] {processor.py:830} INFO - Processing file /home/airflow/.local/lib/python3.12/site-packages/airflow/example_dags/tutorial_taskflow_api_virtualenv.py for tasks to queue
[2025-09-29T16:58:56.408+0000] {logging_mixin.py:188} INFO - [2025-09-29T16:58:56.407+0000] {dagbag.py:545} INFO - Filling up the DagBag from /home/airflow/.local/lib/python3.12/site-packages/airflow/example_dags/tutorial_taskflow_api_virtualenv.py
[2025-09-29T16:58:56.433+0000] {processor.py:840} INFO - DAG(s) 'tutorial_taskflow_api_virtualenv' retrieved from /home/airflow/.local/lib/python3.12/site-packages/airflow/example_dags/tutorial_taskflow_api_virtualenv.py
[2025-09-29T16:58:56.492+0000] {logging_mixin.py:188} INFO - [2025-09-29T16:58:56.491+0000] {dag.py:3089} INFO - Sync 1 DAGs
[2025-09-29T16:58:56.523+0000] {logging_mixin.py:188} INFO - [2025-09-29T16:58:56.523+0000] {dag.py:3947} INFO - Setting next_dagrun for tutorial_taskflow_api_virtualenv to None, run_after=None
[2025-09-29T16:58:56.571+0000] {processor.py:183} INFO - Processing /home/airflow/.local/lib/python3.12/site-packages/airflow/example_dags/tutorial_taskflow_api_virtualenv.py took 0.186 seconds
[2025-09-29T16:59:27.563+0000] {processor.py:161} INFO - Started process (PID=2252) to work on /home/airflow/.local/lib/python3.12/site-packages/airflow/example_dags/tutorial_taskflow_api_virtualenv.py
[2025-09-29T16:59:27.566+0000] {processor.py:830} INFO - Processing file /home/airflow/.local/lib/python3.12/site-packages/airflow/example_dags/tutorial_taskflow_api_virtualenv.py for tasks to queue
[2025-09-29T16:59:27.571+0000] {logging_mixin.py:188} INFO - [2025-09-29T16:59:27.570+0000] {dagbag.py:545} INFO - Filling up the DagBag from /home/airflow/.local/lib/python3.12/site-packages/airflow/example_dags/tutorial_taskflow_api_virtualenv.py
[2025-09-29T16:59:27.599+0000] {processor.py:840} INFO - DAG(s) 'tutorial_taskflow_api_virtualenv' retrieved from /home/airflow/.local/lib/python3.12/site-packages/airflow/example_dags/tutorial_taskflow_api_virtualenv.py
[2025-09-29T16:59:27.657+0000] {logging_mixin.py:188} INFO - [2025-09-29T16:59:27.657+0000] {dag.py:3089} INFO - Sync 1 DAGs
[2025-09-29T16:59:27.689+0000] {logging_mixin.py:188} INFO - [2025-09-29T16:59:27.688+0000] {dag.py:3947} INFO - Setting next_dagrun for tutorial_taskflow_api_virtualenv to None, run_after=None
[2025-09-29T16:59:27.736+0000] {processor.py:183} INFO - Processing /home/airflow/.local/lib/python3.12/site-packages/airflow/example_dags/tutorial_taskflow_api_virtualenv.py took 0.187 seconds
[2025-09-29T16:59:58.215+0000] {processor.py:161} INFO - Started process (PID=2514) to work on /home/airflow/.local/lib/python3.12/site-packages/airflow/example_dags/tutorial_taskflow_api_virtualenv.py
[2025-09-29T16:59:58.218+0000] {processor.py:830} INFO - Processing file /home/airflow/.local/lib/python3.12/site-packages/airflow/example_dags/tutorial_taskflow_api_virtualenv.py for tasks to queue
[2025-09-29T16:59:58.222+0000] {logging_mixin.py:188} INFO - [2025-09-29T16:59:58.221+0000] {dagbag.py:545} INFO - Filling up the DagBag from /home/airflow/.local/lib/python3.12/site-packages/airflow/example_dags/tutorial_taskflow_api_virtualenv.py
[2025-09-29T16:59:58.249+0000] {processor.py:840} INFO - DAG(s) 'tutorial_taskflow_api_virtualenv' retrieved from /home/airflow/.local/lib/python3.12/site-packages/airflow/example_dags/tutorial_taskflow_api_virtualenv.py
[2025-09-29T16:59:58.309+0000] {logging_mixin.py:188} INFO - [2025-09-29T16:59:58.308+0000] {dag.py:3089} INFO - Sync 1 DAGs
[2025-09-29T16:59:58.339+0000] {logging_mixin.py:188} INFO - [2025-09-29T16:59:58.339+0000] {dag.py:3947} INFO - Setting next_dagrun for tutorial_taskflow_api_virtualenv to None, run_after=None
[2025-09-29T16:59:58.392+0000] {processor.py:183} INFO - Processing /home/airflow/.local/lib/python3.12/site-packages/airflow/example_dags/tutorial_taskflow_api_virtualenv.py took 0.192 seconds
[2025-09-29T17:00:29.034+0000] {processor.py:161} INFO - Started process (PID=2770) to work on /home/airflow/.local/lib/python3.12/site-packages/airflow/example_dags/tutorial_taskflow_api_virtualenv.py
[2025-09-29T17:00:29.037+0000] {processor.py:830} INFO - Processing file /home/airflow/.local/lib/python3.12/site-packages/airflow/example_dags/tutorial_taskflow_api_virtualenv.py for tasks to queue
[2025-09-29T17:00:29.042+0000] {logging_mixin.py:188} INFO - [2025-09-29T17:00:29.041+0000] {dagbag.py:545} INFO - Filling up the DagBag from /home/airflow/.local/lib/python3.12/site-packages/airflow/example_dags/tutorial_taskflow_api_virtualenv.py
[2025-09-29T17:00:29.070+0000] {processor.py:840} INFO - DAG(s) 'tutorial_taskflow_api_virtualenv' retrieved from /home/airflow/.local/lib/python3.12/site-packages/airflow/example_dags/tutorial_taskflow_api_virtualenv.py
[2025-09-29T17:00:29.138+0000] {logging_mixin.py:188} INFO - [2025-09-29T17:00:29.138+0000] {dag.py:3089} INFO - Sync 1 DAGs
[2025-09-29T17:00:29.172+0000] {logging_mixin.py:188} INFO - [2025-09-29T17:00:29.172+0000] {dag.py:3947} INFO - Setting next_dagrun for tutorial_taskflow_api_virtualenv to None, run_after=None
[2025-09-29T17:00:29.231+0000] {processor.py:183} INFO - Processing /home/airflow/.local/lib/python3.12/site-packages/airflow/example_dags/tutorial_taskflow_api_virtualenv.py took 0.213 seconds
[2025-09-29T17:00:59.424+0000] {processor.py:161} INFO - Started process (PID=3032) to work on /home/airflow/.local/lib/python3.12/site-packages/airflow/example_dags/tutorial_taskflow_api_virtualenv.py
[2025-09-29T17:00:59.427+0000] {processor.py:830} INFO - Processing file /home/airflow/.local/lib/python3.12/site-packages/airflow/example_dags/tutorial_taskflow_api_virtualenv.py for tasks to queue
[2025-09-29T17:00:59.431+0000] {logging_mixin.py:188} INFO - [2025-09-29T17:00:59.430+0000] {dagbag.py:545} INFO - Filling up the DagBag from /home/airflow/.local/lib/python3.12/site-packages/airflow/example_dags/tutorial_taskflow_api_virtualenv.py
[2025-09-29T17:00:59.462+0000] {processor.py:840} INFO - DAG(s) 'tutorial_taskflow_api_virtualenv' retrieved from /home/airflow/.local/lib/python3.12/site-packages/airflow/example_dags/tutorial_taskflow_api_virtualenv.py
[2025-09-29T17:00:59.525+0000] {logging_mixin.py:188} INFO - [2025-09-29T17:00:59.524+0000] {dag.py:3089} INFO - Sync 1 DAGs
[2025-09-29T17:00:59.576+0000] {logging_mixin.py:188} INFO - [2025-09-29T17:00:59.576+0000] {dag.py:3947} INFO - Setting next_dagrun for tutorial_taskflow_api_virtualenv to None, run_after=None
[2025-09-29T17:00:59.643+0000] {processor.py:183} INFO - Processing /home/airflow/.local/lib/python3.12/site-packages/airflow/example_dags/tutorial_taskflow_api_virtualenv.py took 0.234 seconds
[2025-09-29T17:01:29.981+0000] {processor.py:161} INFO - Started process (PID=3294) to work on /home/airflow/.local/lib/python3.12/site-packages/airflow/example_dags/tutorial_taskflow_api_virtualenv.py
[2025-09-29T17:01:29.984+0000] {processor.py:830} INFO - Processing file /home/airflow/.local/lib/python3.12/site-packages/airflow/example_dags/tutorial_taskflow_api_virtualenv.py for tasks to queue
[2025-09-29T17:01:29.988+0000] {logging_mixin.py:188} INFO - [2025-09-29T17:01:29.987+0000] {dagbag.py:545} INFO - Filling up the DagBag from /home/airflow/.local/lib/python3.12/site-packages/airflow/example_dags/tutorial_taskflow_api_virtualenv.py
[2025-09-29T17:01:30.013+0000] {processor.py:840} INFO - DAG(s) 'tutorial_taskflow_api_virtualenv' retrieved from /home/airflow/.local/lib/python3.12/site-packages/airflow/example_dags/tutorial_taskflow_api_virtualenv.py
[2025-09-29T17:01:30.070+0000] {logging_mixin.py:188} INFO - [2025-09-29T17:01:30.069+0000] {dag.py:3089} INFO - Sync 1 DAGs
[2025-09-29T17:01:30.101+0000] {logging_mixin.py:188} INFO - [2025-09-29T17:01:30.101+0000] {dag.py:3947} INFO - Setting next_dagrun for tutorial_taskflow_api_virtualenv to None, run_after=None
[2025-09-29T17:01:30.151+0000] {processor.py:183} INFO - Processing /home/airflow/.local/lib/python3.12/site-packages/airflow/example_dags/tutorial_taskflow_api_virtualenv.py took 0.184 seconds
[2025-09-29T17:02:00.675+0000] {processor.py:161} INFO - Started process (PID=3556) to work on /home/airflow/.local/lib/python3.12/site-packages/airflow/example_dags/tutorial_taskflow_api_virtualenv.py
[2025-09-29T17:02:00.677+0000] {processor.py:830} INFO - Processing file /home/airflow/.local/lib/python3.12/site-packages/airflow/example_dags/tutorial_taskflow_api_virtualenv.py for tasks to queue
[2025-09-29T17:02:00.683+0000] {logging_mixin.py:188} INFO - [2025-09-29T17:02:00.682+0000] {dagbag.py:545} INFO - Filling up the DagBag from /home/airflow/.local/lib/python3.12/site-packages/airflow/example_dags/tutorial_taskflow_api_virtualenv.py
[2025-09-29T17:02:00.719+0000] {processor.py:840} INFO - DAG(s) 'tutorial_taskflow_api_virtualenv' retrieved from /home/airflow/.local/lib/python3.12/site-packages/airflow/example_dags/tutorial_taskflow_api_virtualenv.py
[2025-09-29T17:02:00.797+0000] {logging_mixin.py:188} INFO - [2025-09-29T17:02:00.796+0000] {dag.py:3089} INFO - Sync 1 DAGs
[2025-09-29T17:02:00.841+0000] {logging_mixin.py:188} INFO - [2025-09-29T17:02:00.840+0000] {dag.py:3947} INFO - Setting next_dagrun for tutorial_taskflow_api_virtualenv to None, run_after=None
[2025-09-29T17:02:00.923+0000] {processor.py:183} INFO - Processing /home/airflow/.local/lib/python3.12/site-packages/airflow/example_dags/tutorial_taskflow_api_virtualenv.py took 0.264 seconds
[2025-09-29T17:02:31.237+0000] {processor.py:161} INFO - Started process (PID=3818) to work on /home/airflow/.local/lib/python3.12/site-packages/airflow/example_dags/tutorial_taskflow_api_virtualenv.py
[2025-09-29T17:02:31.239+0000] {processor.py:830} INFO - Processing file /home/airflow/.local/lib/python3.12/site-packages/airflow/example_dags/tutorial_taskflow_api_virtualenv.py for tasks to queue
[2025-09-29T17:02:31.243+0000] {logging_mixin.py:188} INFO - [2025-09-29T17:02:31.243+0000] {dagbag.py:545} INFO - Filling up the DagBag from /home/airflow/.local/lib/python3.12/site-packages/airflow/example_dags/tutorial_taskflow_api_virtualenv.py
[2025-09-29T17:02:31.275+0000] {processor.py:840} INFO - DAG(s) 'tutorial_taskflow_api_virtualenv' retrieved from /home/airflow/.local/lib/python3.12/site-packages/airflow/example_dags/tutorial_taskflow_api_virtualenv.py
[2025-09-29T17:02:31.344+0000] {logging_mixin.py:188} INFO - [2025-09-29T17:02:31.343+0000] {dag.py:3089} INFO - Sync 1 DAGs
[2025-09-29T17:02:31.381+0000] {logging_mixin.py:188} INFO - [2025-09-29T17:02:31.380+0000] {dag.py:3947} INFO - Setting next_dagrun for tutorial_taskflow_api_virtualenv to None, run_after=None
[2025-09-29T17:02:31.441+0000] {processor.py:183} INFO - Processing /home/airflow/.local/lib/python3.12/site-packages/airflow/example_dags/tutorial_taskflow_api_virtualenv.py took 0.219 seconds
[2025-09-29T17:03:01.621+0000] {processor.py:161} INFO - Started process (PID=4080) to work on /home/airflow/.local/lib/python3.12/site-packages/airflow/example_dags/tutorial_taskflow_api_virtualenv.py
[2025-09-29T17:03:01.624+0000] {processor.py:830} INFO - Processing file /home/airflow/.local/lib/python3.12/site-packages/airflow/example_dags/tutorial_taskflow_api_virtualenv.py for tasks to queue
[2025-09-29T17:03:01.628+0000] {logging_mixin.py:188} INFO - [2025-09-29T17:03:01.628+0000] {dagbag.py:545} INFO - Filling up the DagBag from /home/airflow/.local/lib/python3.12/site-packages/airflow/example_dags/tutorial_taskflow_api_virtualenv.py
[2025-09-29T17:03:01.654+0000] {processor.py:840} INFO - DAG(s) 'tutorial_taskflow_api_virtualenv' retrieved from /home/airflow/.local/lib/python3.12/site-packages/airflow/example_dags/tutorial_taskflow_api_virtualenv.py
[2025-09-29T17:03:01.714+0000] {logging_mixin.py:188} INFO - [2025-09-29T17:03:01.714+0000] {dag.py:3089} INFO - Sync 1 DAGs
[2025-09-29T17:03:01.745+0000] {logging_mixin.py:188} INFO - [2025-09-29T17:03:01.745+0000] {dag.py:3947} INFO - Setting next_dagrun for tutorial_taskflow_api_virtualenv to None, run_after=None
[2025-09-29T17:03:01.803+0000] {processor.py:183} INFO - Processing /home/airflow/.local/lib/python3.12/site-packages/airflow/example_dags/tutorial_taskflow_api_virtualenv.py took 0.196 seconds
[2025-09-29T17:03:32.054+0000] {processor.py:161} INFO - Started process (PID=4342) to work on /home/airflow/.local/lib/python3.12/site-packages/airflow/example_dags/tutorial_taskflow_api_virtualenv.py
[2025-09-29T17:03:32.056+0000] {processor.py:830} INFO - Processing file /home/airflow/.local/lib/python3.12/site-packages/airflow/example_dags/tutorial_taskflow_api_virtualenv.py for tasks to queue
[2025-09-29T17:03:32.061+0000] {logging_mixin.py:188} INFO - [2025-09-29T17:03:32.060+0000] {dagbag.py:545} INFO - Filling up the DagBag from /home/airflow/.local/lib/python3.12/site-packages/airflow/example_dags/tutorial_taskflow_api_virtualenv.py
[2025-09-29T17:03:32.094+0000] {processor.py:840} INFO - DAG(s) 'tutorial_taskflow_api_virtualenv' retrieved from /home/airflow/.local/lib/python3.12/site-packages/airflow/example_dags/tutorial_taskflow_api_virtualenv.py
[2025-09-29T17:03:32.153+0000] {logging_mixin.py:188} INFO - [2025-09-29T17:03:32.153+0000] {dag.py:3089} INFO - Sync 1 DAGs
[2025-09-29T17:03:32.187+0000] {logging_mixin.py:188} INFO - [2025-09-29T17:03:32.186+0000] {dag.py:3947} INFO - Setting next_dagrun for tutorial_taskflow_api_virtualenv to None, run_after=None
[2025-09-29T17:03:32.238+0000] {processor.py:183} INFO - Processing /home/airflow/.local/lib/python3.12/site-packages/airflow/example_dags/tutorial_taskflow_api_virtualenv.py took 0.201 seconds
[2025-09-29T17:04:02.387+0000] {processor.py:161} INFO - Started process (PID=4604) to work on /home/airflow/.local/lib/python3.12/site-packages/airflow/example_dags/tutorial_taskflow_api_virtualenv.py
[2025-09-29T17:04:02.390+0000] {processor.py:830} INFO - Processing file /home/airflow/.local/lib/python3.12/site-packages/airflow/example_dags/tutorial_taskflow_api_virtualenv.py for tasks to queue
[2025-09-29T17:04:02.395+0000] {logging_mixin.py:188} INFO - [2025-09-29T17:04:02.394+0000] {dagbag.py:545} INFO - Filling up the DagBag from /home/airflow/.local/lib/python3.12/site-packages/airflow/example_dags/tutorial_taskflow_api_virtualenv.py
[2025-09-29T17:04:02.420+0000] {processor.py:840} INFO - DAG(s) 'tutorial_taskflow_api_virtualenv' retrieved from /home/airflow/.local/lib/python3.12/site-packages/airflow/example_dags/tutorial_taskflow_api_virtualenv.py
[2025-09-29T17:04:02.475+0000] {logging_mixin.py:188} INFO - [2025-09-29T17:04:02.475+0000] {dag.py:3089} INFO - Sync 1 DAGs
[2025-09-29T17:04:02.506+0000] {logging_mixin.py:188} INFO - [2025-09-29T17:04:02.506+0000] {dag.py:3947} INFO - Setting next_dagrun for tutorial_taskflow_api_virtualenv to None, run_after=None
[2025-09-29T17:04:02.554+0000] {processor.py:183} INFO - Processing /home/airflow/.local/lib/python3.12/site-packages/airflow/example_dags/tutorial_taskflow_api_virtualenv.py took 0.181 seconds
[2025-09-29T17:04:32.893+0000] {processor.py:161} INFO - Started process (PID=4866) to work on /home/airflow/.local/lib/python3.12/site-packages/airflow/example_dags/tutorial_taskflow_api_virtualenv.py
[2025-09-29T17:04:32.896+0000] {processor.py:830} INFO - Processing file /home/airflow/.local/lib/python3.12/site-packages/airflow/example_dags/tutorial_taskflow_api_virtualenv.py for tasks to queue
[2025-09-29T17:04:32.901+0000] {logging_mixin.py:188} INFO - [2025-09-29T17:04:32.900+0000] {dagbag.py:545} INFO - Filling up the DagBag from /home/airflow/.local/lib/python3.12/site-packages/airflow/example_dags/tutorial_taskflow_api_virtualenv.py
[2025-09-29T17:04:32.928+0000] {processor.py:840} INFO - DAG(s) 'tutorial_taskflow_api_virtualenv' retrieved from /home/airflow/.local/lib/python3.12/site-packages/airflow/example_dags/tutorial_taskflow_api_virtualenv.py
[2025-09-29T17:04:32.244+0000] {logging_mixin.py:188} INFO - [2025-09-29T17:04:32.243+0000] {dag.py:3089} INFO - Sync 1 DAGs
[2025-09-29T17:04:32.277+0000] {logging_mixin.py:188} INFO - [2025-09-29T17:04:32.276+0000] {dag.py:3947} INFO - Setting next_dagrun for tutorial_taskflow_api_virtualenv to None, run_after=None
[2025-09-29T17:04:31.460+0000] {processor.py:183} INFO - Processing /home/airflow/.local/lib/python3.12/site-packages/airflow/example_dags/tutorial_taskflow_api_virtualenv.py took 0.200 seconds
[2025-09-29T17:05:01.820+0000] {processor.py:161} INFO - Started process (PID=5119) to work on /home/airflow/.local/lib/python3.12/site-packages/airflow/example_dags/tutorial_taskflow_api_virtualenv.py
[2025-09-29T17:05:01.823+0000] {processor.py:830} INFO - Processing file /home/airflow/.local/lib/python3.12/site-packages/airflow/example_dags/tutorial_taskflow_api_virtualenv.py for tasks to queue
[2025-09-29T17:05:01.829+0000] {logging_mixin.py:188} INFO - [2025-09-29T17:05:01.828+0000] {dagbag.py:545} INFO - Filling up the DagBag from /home/airflow/.local/lib/python3.12/site-packages/airflow/example_dags/tutorial_taskflow_api_virtualenv.py
[2025-09-29T17:05:01.859+0000] {processor.py:840} INFO - DAG(s) 'tutorial_taskflow_api_virtualenv' retrieved from /home/airflow/.local/lib/python3.12/site-packages/airflow/example_dags/tutorial_taskflow_api_virtualenv.py
[2025-09-29T17:05:01.921+0000] {logging_mixin.py:188} INFO - [2025-09-29T17:05:01.920+0000] {dag.py:3089} INFO - Sync 1 DAGs
[2025-09-29T17:05:01.953+0000] {logging_mixin.py:188} INFO - [2025-09-29T17:05:01.953+0000] {dag.py:3947} INFO - Setting next_dagrun for tutorial_taskflow_api_virtualenv to None, run_after=None
[2025-09-29T17:05:02.001+0000] {processor.py:183} INFO - Processing /home/airflow/.local/lib/python3.12/site-packages/airflow/example_dags/tutorial_taskflow_api_virtualenv.py took 0.199 seconds
[2025-09-29T17:05:36.032+0000] {processor.py:161} INFO - Started process (PID=5411) to work on /home/airflow/.local/lib/python3.12/site-packages/airflow/example_dags/tutorial_taskflow_api_virtualenv.py
[2025-09-29T17:05:36.036+0000] {processor.py:830} INFO - Processing file /home/airflow/.local/lib/python3.12/site-packages/airflow/example_dags/tutorial_taskflow_api_virtualenv.py for tasks to queue
[2025-09-29T17:05:36.041+0000] {logging_mixin.py:188} INFO - [2025-09-29T17:05:36.040+0000] {dagbag.py:545} INFO - Filling up the DagBag from /home/airflow/.local/lib/python3.12/site-packages/airflow/example_dags/tutorial_taskflow_api_virtualenv.py
[2025-09-29T17:05:36.074+0000] {processor.py:840} INFO - DAG(s) 'tutorial_taskflow_api_virtualenv' retrieved from /home/airflow/.local/lib/python3.12/site-packages/airflow/example_dags/tutorial_taskflow_api_virtualenv.py
[2025-09-29T17:05:36.154+0000] {logging_mixin.py:188} INFO - [2025-09-29T17:05:36.153+0000] {dag.py:3089} INFO - Sync 1 DAGs
[2025-09-29T17:05:36.191+0000] {logging_mixin.py:188} INFO - [2025-09-29T17:05:36.190+0000] {dag.py:3947} INFO - Setting next_dagrun for tutorial_taskflow_api_virtualenv to None, run_after=None
[2025-09-29T17:05:36.255+0000] {processor.py:183} INFO - Processing /home/airflow/.local/lib/python3.12/site-packages/airflow/example_dags/tutorial_taskflow_api_virtualenv.py took 0.239 seconds
[2025-09-29T17:06:08.278+0000] {processor.py:161} INFO - Started process (PID=5673) to work on /home/airflow/.local/lib/python3.12/site-packages/airflow/example_dags/tutorial_taskflow_api_virtualenv.py
[2025-09-29T17:06:08.281+0000] {processor.py:830} INFO - Processing file /home/airflow/.local/lib/python3.12/site-packages/airflow/example_dags/tutorial_taskflow_api_virtualenv.py for tasks to queue
[2025-09-29T17:06:08.285+0000] {logging_mixin.py:188} INFO - [2025-09-29T17:06:08.285+0000] {dagbag.py:545} INFO - Filling up the DagBag from /home/airflow/.local/lib/python3.12/site-packages/airflow/example_dags/tutorial_taskflow_api_virtualenv.py
[2025-09-29T17:06:08.314+0000] {processor.py:840} INFO - DAG(s) 'tutorial_taskflow_api_virtualenv' retrieved from /home/airflow/.local/lib/python3.12/site-packages/airflow/example_dags/tutorial_taskflow_api_virtualenv.py
[2025-09-29T17:06:08.375+0000] {logging_mixin.py:188} INFO - [2025-09-29T17:06:08.374+0000] {dag.py:3089} INFO - Sync 1 DAGs
[2025-09-29T17:06:08.408+0000] {logging_mixin.py:188} INFO - [2025-09-29T17:06:08.407+0000] {dag.py:3947} INFO - Setting next_dagrun for tutorial_taskflow_api_virtualenv to None, run_after=None
[2025-09-29T17:06:08.471+0000] {processor.py:183} INFO - Processing /home/airflow/.local/lib/python3.12/site-packages/airflow/example_dags/tutorial_taskflow_api_virtualenv.py took 0.208 seconds
[2025-09-29T17:06:39.202+0000] {processor.py:161} INFO - Started process (PID=5935) to work on /home/airflow/.local/lib/python3.12/site-packages/airflow/example_dags/tutorial_taskflow_api_virtualenv.py
[2025-09-29T17:06:39.204+0000] {processor.py:830} INFO - Processing file /home/airflow/.local/lib/python3.12/site-packages/airflow/example_dags/tutorial_taskflow_api_virtualenv.py for tasks to queue
[2025-09-29T17:06:39.210+0000] {logging_mixin.py:188} INFO - [2025-09-29T17:06:39.209+0000] {dagbag.py:545} INFO - Filling up the DagBag from /home/airflow/.local/lib/python3.12/site-packages/airflow/example_dags/tutorial_taskflow_api_virtualenv.py
[2025-09-29T17:06:39.242+0000] {processor.py:840} INFO - DAG(s) 'tutorial_taskflow_api_virtualenv' retrieved from /home/airflow/.local/lib/python3.12/site-packages/airflow/example_dags/tutorial_taskflow_api_virtualenv.py
[2025-09-29T17:06:39.308+0000] {logging_mixin.py:188} INFO - [2025-09-29T17:06:39.307+0000] {dag.py:3089} INFO - Sync 1 DAGs
[2025-09-29T17:06:39.345+0000] {logging_mixin.py:188} INFO - [2025-09-29T17:06:39.344+0000] {dag.py:3947} INFO - Setting next_dagrun for tutorial_taskflow_api_virtualenv to None, run_after=None
[2025-09-29T17:06:39.400+0000] {processor.py:183} INFO - Processing /home/airflow/.local/lib/python3.12/site-packages/airflow/example_dags/tutorial_taskflow_api_virtualenv.py took 0.214 seconds
[2025-09-29T17:07:12.669+0000] {processor.py:161} INFO - Started process (PID=6197) to work on /home/airflow/.local/lib/python3.12/site-packages/airflow/example_dags/tutorial_taskflow_api_virtualenv.py
[2025-09-29T17:07:12.673+0000] {processor.py:830} INFO - Processing file /home/airflow/.local/lib/python3.12/site-packages/airflow/example_dags/tutorial_taskflow_api_virtualenv.py for tasks to queue
[2025-09-29T17:07:12.678+0000] {logging_mixin.py:188} INFO - [2025-09-29T17:07:12.677+0000] {dagbag.py:545} INFO - Filling up the DagBag from /home/airflow/.local/lib/python3.12/site-packages/airflow/example_dags/tutorial_taskflow_api_virtualenv.py
[2025-09-29T17:07:12.713+0000] {processor.py:840} INFO - DAG(s) 'tutorial_taskflow_api_virtualenv' retrieved from /home/airflow/.local/lib/python3.12/site-packages/airflow/example_dags/tutorial_taskflow_api_virtualenv.py
[2025-09-29T17:07:12.791+0000] {logging_mixin.py:188} INFO - [2025-09-29T17:07:12.790+0000] {dag.py:3089} INFO - Sync 1 DAGs
[2025-09-29T17:07:12.849+0000] {logging_mixin.py:188} INFO - [2025-09-29T17:07:12.848+0000] {dag.py:3947} INFO - Setting next_dagrun for tutorial_taskflow_api_virtualenv to None, run_after=None
[2025-09-29T17:07:12.946+0000] {processor.py:183} INFO - Processing /home/airflow/.local/lib/python3.12/site-packages/airflow/example_dags/tutorial_taskflow_api_virtualenv.py took 0.294 seconds
[2025-09-29T17:07:43.692+0000] {processor.py:161} INFO - Started process (PID=6461) to work on /home/airflow/.local/lib/python3.12/site-packages/airflow/example_dags/tutorial_taskflow_api_virtualenv.py
[2025-09-29T17:07:43.695+0000] {processor.py:830} INFO - Processing file /home/airflow/.local/lib/python3.12/site-packages/airflow/example_dags/tutorial_taskflow_api_virtualenv.py for tasks to queue
[2025-09-29T17:07:43.700+0000] {logging_mixin.py:188} INFO - [2025-09-29T17:07:43.699+0000] {dagbag.py:545} INFO - Filling up the DagBag from /home/airflow/.local/lib/python3.12/site-packages/airflow/example_dags/tutorial_taskflow_api_virtualenv.py
[2025-09-29T17:07:43.728+0000] {processor.py:840} INFO - DAG(s) 'tutorial_taskflow_api_virtualenv' retrieved from /home/airflow/.local/lib/python3.12/site-packages/airflow/example_dags/tutorial_taskflow_api_virtualenv.py
[2025-09-29T17:07:43.811+0000] {logging_mixin.py:188} INFO - [2025-09-29T17:07:43.810+0000] {dag.py:3089} INFO - Sync 1 DAGs
[2025-09-29T17:07:43.855+0000] {logging_mixin.py:188} INFO - [2025-09-29T17:07:43.854+0000] {dag.py:3947} INFO - Setting next_dagrun for tutorial_taskflow_api_virtualenv to None, run_after=None
[2025-09-29T17:07:43.958+0000] {processor.py:183} INFO - Processing /home/airflow/.local/lib/python3.12/site-packages/airflow/example_dags/tutorial_taskflow_api_virtualenv.py took 0.281 seconds
[2025-09-29T17:08:14.771+0000] {processor.py:161} INFO - Started process (PID=6721) to work on /home/airflow/.local/lib/python3.12/site-packages/airflow/example_dags/tutorial_taskflow_api_virtualenv.py
[2025-09-29T17:08:14.774+0000] {processor.py:830} INFO - Processing file /home/airflow/.local/lib/python3.12/site-packages/airflow/example_dags/tutorial_taskflow_api_virtualenv.py for tasks to queue
[2025-09-29T17:08:14.779+0000] {logging_mixin.py:188} INFO - [2025-09-29T17:08:14.778+0000] {dagbag.py:545} INFO - Filling up the DagBag from /home/airflow/.local/lib/python3.12/site-packages/airflow/example_dags/tutorial_taskflow_api_virtualenv.py
[2025-09-29T17:08:14.812+0000] {processor.py:840} INFO - DAG(s) 'tutorial_taskflow_api_virtualenv' retrieved from /home/airflow/.local/lib/python3.12/site-packages/airflow/example_dags/tutorial_taskflow_api_virtualenv.py
[2025-09-29T17:08:14.877+0000] {logging_mixin.py:188} INFO - [2025-09-29T17:08:14.877+0000] {dag.py:3089} INFO - Sync 1 DAGs
[2025-09-29T17:08:14.911+0000] {logging_mixin.py:188} INFO - [2025-09-29T17:08:14.911+0000] {dag.py:3947} INFO - Setting next_dagrun for tutorial_taskflow_api_virtualenv to None, run_after=None
[2025-09-29T17:08:14.968+0000] {processor.py:183} INFO - Processing /home/airflow/.local/lib/python3.12/site-packages/airflow/example_dags/tutorial_taskflow_api_virtualenv.py took 0.221 seconds
[2025-09-29T17:08:48.160+0000] {processor.py:161} INFO - Started process (PID=6983) to work on /home/airflow/.local/lib/python3.12/site-packages/airflow/example_dags/tutorial_taskflow_api_virtualenv.py
[2025-09-29T17:08:48.164+0000] {processor.py:830} INFO - Processing file /home/airflow/.local/lib/python3.12/site-packages/airflow/example_dags/tutorial_taskflow_api_virtualenv.py for tasks to queue
[2025-09-29T17:08:48.177+0000] {logging_mixin.py:188} INFO - [2025-09-29T17:08:48.176+0000] {dagbag.py:545} INFO - Filling up the DagBag from /home/airflow/.local/lib/python3.12/site-packages/airflow/example_dags/tutorial_taskflow_api_virtualenv.py
[2025-09-29T17:08:48.273+0000] {processor.py:840} INFO - DAG(s) 'tutorial_taskflow_api_virtualenv' retrieved from /home/airflow/.local/lib/python3.12/site-packages/airflow/example_dags/tutorial_taskflow_api_virtualenv.py
[2025-09-29T17:08:48.375+0000] {logging_mixin.py:188} INFO - [2025-09-29T17:08:48.374+0000] {dag.py:3089} INFO - Sync 1 DAGs
[2025-09-29T17:08:47.829+0000] {logging_mixin.py:188} INFO - [2025-09-29T17:08:47.829+0000] {dag.py:3947} INFO - Setting next_dagrun for tutorial_taskflow_api_virtualenv to None, run_after=None
[2025-09-29T17:08:47.894+0000] {processor.py:183} INFO - Processing /home/airflow/.local/lib/python3.12/site-packages/airflow/example_dags/tutorial_taskflow_api_virtualenv.py took 0.349 seconds
[2025-09-29T17:09:28.658+0000] {processor.py:161} INFO - Started process (PID=7237) to work on /home/airflow/.local/lib/python3.12/site-packages/airflow/example_dags/tutorial_taskflow_api_virtualenv.py
[2025-09-29T17:09:28.661+0000] {processor.py:830} INFO - Processing file /home/airflow/.local/lib/python3.12/site-packages/airflow/example_dags/tutorial_taskflow_api_virtualenv.py for tasks to queue
[2025-09-29T17:09:28.667+0000] {logging_mixin.py:188} INFO - [2025-09-29T17:09:28.666+0000] {dagbag.py:545} INFO - Filling up the DagBag from /home/airflow/.local/lib/python3.12/site-packages/airflow/example_dags/tutorial_taskflow_api_virtualenv.py
[2025-09-29T17:09:28.707+0000] {processor.py:840} INFO - DAG(s) 'tutorial_taskflow_api_virtualenv' retrieved from /home/airflow/.local/lib/python3.12/site-packages/airflow/example_dags/tutorial_taskflow_api_virtualenv.py
[2025-09-29T17:09:28.774+0000] {logging_mixin.py:188} INFO - [2025-09-29T17:09:28.774+0000] {dag.py:3089} INFO - Sync 1 DAGs
[2025-09-29T17:09:28.809+0000] {logging_mixin.py:188} INFO - [2025-09-29T17:09:28.808+0000] {dag.py:3947} INFO - Setting next_dagrun for tutorial_taskflow_api_virtualenv to None, run_after=None
[2025-09-29T17:09:28.860+0000] {processor.py:183} INFO - Processing /home/airflow/.local/lib/python3.12/site-packages/airflow/example_dags/tutorial_taskflow_api_virtualenv.py took 0.223 seconds
[2025-09-29T17:09:59.870+0000] {processor.py:161} INFO - Started process (PID=7491) to work on /home/airflow/.local/lib/python3.12/site-packages/airflow/example_dags/tutorial_taskflow_api_virtualenv.py
[2025-09-29T17:09:59.874+0000] {processor.py:830} INFO - Processing file /home/airflow/.local/lib/python3.12/site-packages/airflow/example_dags/tutorial_taskflow_api_virtualenv.py for tasks to queue
[2025-09-29T17:09:59.883+0000] {logging_mixin.py:188} INFO - [2025-09-29T17:09:59.882+0000] {dagbag.py:545} INFO - Filling up the DagBag from /home/airflow/.local/lib/python3.12/site-packages/airflow/example_dags/tutorial_taskflow_api_virtualenv.py
[2025-09-29T17:09:59.919+0000] {processor.py:840} INFO - DAG(s) 'tutorial_taskflow_api_virtualenv' retrieved from /home/airflow/.local/lib/python3.12/site-packages/airflow/example_dags/tutorial_taskflow_api_virtualenv.py
[2025-09-29T17:09:59.996+0000] {logging_mixin.py:188} INFO - [2025-09-29T17:09:59.995+0000] {dag.py:3089} INFO - Sync 1 DAGs
[2025-09-29T17:10:00.036+0000] {logging_mixin.py:188} INFO - [2025-09-29T17:10:00.036+0000] {dag.py:3947} INFO - Setting next_dagrun for tutorial_taskflow_api_virtualenv to None, run_after=None
[2025-09-29T17:10:00.132+0000] {processor.py:183} INFO - Processing /home/airflow/.local/lib/python3.12/site-packages/airflow/example_dags/tutorial_taskflow_api_virtualenv.py took 0.280 seconds
[2025-09-29T17:10:30.467+0000] {processor.py:161} INFO - Started process (PID=7749) to work on /home/airflow/.local/lib/python3.12/site-packages/airflow/example_dags/tutorial_taskflow_api_virtualenv.py
[2025-09-29T17:10:30.470+0000] {processor.py:830} INFO - Processing file /home/airflow/.local/lib/python3.12/site-packages/airflow/example_dags/tutorial_taskflow_api_virtualenv.py for tasks to queue
[2025-09-29T17:10:30.476+0000] {logging_mixin.py:188} INFO - [2025-09-29T17:10:30.475+0000] {dagbag.py:545} INFO - Filling up the DagBag from /home/airflow/.local/lib/python3.12/site-packages/airflow/example_dags/tutorial_taskflow_api_virtualenv.py
[2025-09-29T17:10:30.507+0000] {processor.py:840} INFO - DAG(s) 'tutorial_taskflow_api_virtualenv' retrieved from /home/airflow/.local/lib/python3.12/site-packages/airflow/example_dags/tutorial_taskflow_api_virtualenv.py
[2025-09-29T17:10:30.573+0000] {logging_mixin.py:188} INFO - [2025-09-29T17:10:30.572+0000] {dag.py:3089} INFO - Sync 1 DAGs
[2025-09-29T17:10:30.608+0000] {logging_mixin.py:188} INFO - [2025-09-29T17:10:30.607+0000] {dag.py:3947} INFO - Setting next_dagrun for tutorial_taskflow_api_virtualenv to None, run_after=None
[2025-09-29T17:10:30.669+0000] {processor.py:183} INFO - Processing /home/airflow/.local/lib/python3.12/site-packages/airflow/example_dags/tutorial_taskflow_api_virtualenv.py took 0.219 seconds
[2025-09-29T17:11:01.582+0000] {processor.py:161} INFO - Started process (PID=8012) to work on /home/airflow/.local/lib/python3.12/site-packages/airflow/example_dags/tutorial_taskflow_api_virtualenv.py
[2025-09-29T17:11:01.585+0000] {processor.py:830} INFO - Processing file /home/airflow/.local/lib/python3.12/site-packages/airflow/example_dags/tutorial_taskflow_api_virtualenv.py for tasks to queue
[2025-09-29T17:11:01.590+0000] {logging_mixin.py:188} INFO - [2025-09-29T17:11:01.589+0000] {dagbag.py:545} INFO - Filling up the DagBag from /home/airflow/.local/lib/python3.12/site-packages/airflow/example_dags/tutorial_taskflow_api_virtualenv.py
[2025-09-29T17:11:01.621+0000] {processor.py:840} INFO - DAG(s) 'tutorial_taskflow_api_virtualenv' retrieved from /home/airflow/.local/lib/python3.12/site-packages/airflow/example_dags/tutorial_taskflow_api_virtualenv.py
[2025-09-29T17:11:01.683+0000] {logging_mixin.py:188} INFO - [2025-09-29T17:11:01.683+0000] {dag.py:3089} INFO - Sync 1 DAGs
[2025-09-29T17:11:01.715+0000] {logging_mixin.py:188} INFO - [2025-09-29T17:11:01.715+0000] {dag.py:3947} INFO - Setting next_dagrun for tutorial_taskflow_api_virtualenv to None, run_after=None
[2025-09-29T17:11:01.786+0000] {processor.py:183} INFO - Processing /home/airflow/.local/lib/python3.12/site-packages/airflow/example_dags/tutorial_taskflow_api_virtualenv.py took 0.222 seconds
[2025-09-29T17:11:32.886+0000] {processor.py:161} INFO - Started process (PID=8276) to work on /home/airflow/.local/lib/python3.12/site-packages/airflow/example_dags/tutorial_taskflow_api_virtualenv.py
[2025-09-29T17:11:32.889+0000] {processor.py:830} INFO - Processing file /home/airflow/.local/lib/python3.12/site-packages/airflow/example_dags/tutorial_taskflow_api_virtualenv.py for tasks to queue
[2025-09-29T17:11:32.895+0000] {logging_mixin.py:188} INFO - [2025-09-29T17:11:32.894+0000] {dagbag.py:545} INFO - Filling up the DagBag from /home/airflow/.local/lib/python3.12/site-packages/airflow/example_dags/tutorial_taskflow_api_virtualenv.py
[2025-09-29T17:11:32.925+0000] {processor.py:840} INFO - DAG(s) 'tutorial_taskflow_api_virtualenv' retrieved from /home/airflow/.local/lib/python3.12/site-packages/airflow/example_dags/tutorial_taskflow_api_virtualenv.py
[2025-09-29T17:11:32.986+0000] {logging_mixin.py:188} INFO - [2025-09-29T17:11:32.985+0000] {dag.py:3089} INFO - Sync 1 DAGs
[2025-09-29T17:11:33.017+0000] {logging_mixin.py:188} INFO - [2025-09-29T17:11:33.016+0000] {dag.py:3947} INFO - Setting next_dagrun for tutorial_taskflow_api_virtualenv to None, run_after=None
[2025-09-29T17:11:33.066+0000] {processor.py:183} INFO - Processing /home/airflow/.local/lib/python3.12/site-packages/airflow/example_dags/tutorial_taskflow_api_virtualenv.py took 0.197 seconds
[2025-09-29T17:12:03.833+0000] {processor.py:161} INFO - Started process (PID=8541) to work on /home/airflow/.local/lib/python3.12/site-packages/airflow/example_dags/tutorial_taskflow_api_virtualenv.py
[2025-09-29T17:12:03.836+0000] {processor.py:830} INFO - Processing file /home/airflow/.local/lib/python3.12/site-packages/airflow/example_dags/tutorial_taskflow_api_virtualenv.py for tasks to queue
[2025-09-29T17:12:03.842+0000] {logging_mixin.py:188} INFO - [2025-09-29T17:12:03.841+0000] {dagbag.py:545} INFO - Filling up the DagBag from /home/airflow/.local/lib/python3.12/site-packages/airflow/example_dags/tutorial_taskflow_api_virtualenv.py
[2025-09-29T17:12:03.871+0000] {processor.py:840} INFO - DAG(s) 'tutorial_taskflow_api_virtualenv' retrieved from /home/airflow/.local/lib/python3.12/site-packages/airflow/example_dags/tutorial_taskflow_api_virtualenv.py
[2025-09-29T17:12:03.936+0000] {logging_mixin.py:188} INFO - [2025-09-29T17:12:03.936+0000] {dag.py:3089} INFO - Sync 1 DAGs
[2025-09-29T17:12:03.976+0000] {logging_mixin.py:188} INFO - [2025-09-29T17:12:03.975+0000] {dag.py:3947} INFO - Setting next_dagrun for tutorial_taskflow_api_virtualenv to None, run_after=None
[2025-09-29T17:12:04.036+0000] {processor.py:183} INFO - Processing /home/airflow/.local/lib/python3.12/site-packages/airflow/example_dags/tutorial_taskflow_api_virtualenv.py took 0.222 seconds
[2025-09-29T17:12:34.671+0000] {processor.py:161} INFO - Started process (PID=8803) to work on /home/airflow/.local/lib/python3.12/site-packages/airflow/example_dags/tutorial_taskflow_api_virtualenv.py
[2025-09-29T17:12:34.675+0000] {processor.py:830} INFO - Processing file /home/airflow/.local/lib/python3.12/site-packages/airflow/example_dags/tutorial_taskflow_api_virtualenv.py for tasks to queue
[2025-09-29T17:12:34.682+0000] {logging_mixin.py:188} INFO - [2025-09-29T17:12:34.681+0000] {dagbag.py:545} INFO - Filling up the DagBag from /home/airflow/.local/lib/python3.12/site-packages/airflow/example_dags/tutorial_taskflow_api_virtualenv.py
[2025-09-29T17:12:34.724+0000] {processor.py:840} INFO - DAG(s) 'tutorial_taskflow_api_virtualenv' retrieved from /home/airflow/.local/lib/python3.12/site-packages/airflow/example_dags/tutorial_taskflow_api_virtualenv.py
[2025-09-29T17:12:34.808+0000] {logging_mixin.py:188} INFO - [2025-09-29T17:12:34.807+0000] {dag.py:3089} INFO - Sync 1 DAGs
[2025-09-29T17:12:34.854+0000] {logging_mixin.py:188} INFO - [2025-09-29T17:12:34.854+0000] {dag.py:3947} INFO - Setting next_dagrun for tutorial_taskflow_api_virtualenv to None, run_after=None
[2025-09-29T17:12:34.915+0000] {processor.py:183} INFO - Processing /home/airflow/.local/lib/python3.12/site-packages/airflow/example_dags/tutorial_taskflow_api_virtualenv.py took 0.266 seconds
[2025-09-29T17:13:05.240+0000] {processor.py:161} INFO - Started process (PID=9065) to work on /home/airflow/.local/lib/python3.12/site-packages/airflow/example_dags/tutorial_taskflow_api_virtualenv.py
[2025-09-29T17:13:05.261+0000] {processor.py:830} INFO - Processing file /home/airflow/.local/lib/python3.12/site-packages/airflow/example_dags/tutorial_taskflow_api_virtualenv.py for tasks to queue
[2025-09-29T17:13:05.267+0000] {logging_mixin.py:188} INFO - [2025-09-29T17:13:05.266+0000] {dagbag.py:545} INFO - Filling up the DagBag from /home/airflow/.local/lib/python3.12/site-packages/airflow/example_dags/tutorial_taskflow_api_virtualenv.py
[2025-09-29T17:13:05.324+0000] {processor.py:840} INFO - DAG(s) 'tutorial_taskflow_api_virtualenv' retrieved from /home/airflow/.local/lib/python3.12/site-packages/airflow/example_dags/tutorial_taskflow_api_virtualenv.py
[2025-09-29T17:13:05.421+0000] {logging_mixin.py:188} INFO - [2025-09-29T17:13:05.420+0000] {dag.py:3089} INFO - Sync 1 DAGs
[2025-09-29T17:13:05.471+0000] {logging_mixin.py:188} INFO - [2025-09-29T17:13:05.471+0000] {dag.py:3947} INFO - Setting next_dagrun for tutorial_taskflow_api_virtualenv to None, run_after=None
[2025-09-29T17:13:04.806+0000] {processor.py:183} INFO - Processing /home/airflow/.local/lib/python3.12/site-packages/airflow/example_dags/tutorial_taskflow_api_virtualenv.py took 0.327 seconds
[2025-09-29T17:13:35.651+0000] {processor.py:161} INFO - Started process (PID=9322) to work on /home/airflow/.local/lib/python3.12/site-packages/airflow/example_dags/tutorial_taskflow_api_virtualenv.py
[2025-09-29T17:13:35.654+0000] {processor.py:830} INFO - Processing file /home/airflow/.local/lib/python3.12/site-packages/airflow/example_dags/tutorial_taskflow_api_virtualenv.py for tasks to queue
[2025-09-29T17:13:35.661+0000] {logging_mixin.py:188} INFO - [2025-09-29T17:13:35.660+0000] {dagbag.py:545} INFO - Filling up the DagBag from /home/airflow/.local/lib/python3.12/site-packages/airflow/example_dags/tutorial_taskflow_api_virtualenv.py
[2025-09-29T17:13:35.694+0000] {processor.py:840} INFO - DAG(s) 'tutorial_taskflow_api_virtualenv' retrieved from /home/airflow/.local/lib/python3.12/site-packages/airflow/example_dags/tutorial_taskflow_api_virtualenv.py
[2025-09-29T17:13:35.769+0000] {logging_mixin.py:188} INFO - [2025-09-29T17:13:35.769+0000] {dag.py:3089} INFO - Sync 1 DAGs
[2025-09-29T17:13:35.808+0000] {logging_mixin.py:188} INFO - [2025-09-29T17:13:35.808+0000] {dag.py:3947} INFO - Setting next_dagrun for tutorial_taskflow_api_virtualenv to None, run_after=None
[2025-09-29T17:13:35.866+0000] {processor.py:183} INFO - Processing /home/airflow/.local/lib/python3.12/site-packages/airflow/example_dags/tutorial_taskflow_api_virtualenv.py took 0.237 seconds
[2025-09-29T17:14:06.753+0000] {processor.py:161} INFO - Started process (PID=9589) to work on /home/airflow/.local/lib/python3.12/site-packages/airflow/example_dags/tutorial_taskflow_api_virtualenv.py
[2025-09-29T17:14:06.758+0000] {processor.py:830} INFO - Processing file /home/airflow/.local/lib/python3.12/site-packages/airflow/example_dags/tutorial_taskflow_api_virtualenv.py for tasks to queue
[2025-09-29T17:14:06.764+0000] {logging_mixin.py:188} INFO - [2025-09-29T17:14:06.763+0000] {dagbag.py:545} INFO - Filling up the DagBag from /home/airflow/.local/lib/python3.12/site-packages/airflow/example_dags/tutorial_taskflow_api_virtualenv.py
[2025-09-29T17:14:06.798+0000] {processor.py:840} INFO - DAG(s) 'tutorial_taskflow_api_virtualenv' retrieved from /home/airflow/.local/lib/python3.12/site-packages/airflow/example_dags/tutorial_taskflow_api_virtualenv.py
[2025-09-29T17:14:06.866+0000] {logging_mixin.py:188} INFO - [2025-09-29T17:14:06.865+0000] {dag.py:3089} INFO - Sync 1 DAGs
[2025-09-29T17:14:06.903+0000] {logging_mixin.py:188} INFO - [2025-09-29T17:14:06.902+0000] {dag.py:3947} INFO - Setting next_dagrun for tutorial_taskflow_api_virtualenv to None, run_after=None
[2025-09-29T17:14:06.961+0000] {processor.py:183} INFO - Processing /home/airflow/.local/lib/python3.12/site-packages/airflow/example_dags/tutorial_taskflow_api_virtualenv.py took 0.227 seconds
[2025-09-29T17:14:37.535+0000] {processor.py:161} INFO - Started process (PID=9851) to work on /home/airflow/.local/lib/python3.12/site-packages/airflow/example_dags/tutorial_taskflow_api_virtualenv.py
[2025-09-29T17:14:37.539+0000] {processor.py:830} INFO - Processing file /home/airflow/.local/lib/python3.12/site-packages/airflow/example_dags/tutorial_taskflow_api_virtualenv.py for tasks to queue
[2025-09-29T17:14:37.547+0000] {logging_mixin.py:188} INFO - [2025-09-29T17:14:37.546+0000] {dagbag.py:545} INFO - Filling up the DagBag from /home/airflow/.local/lib/python3.12/site-packages/airflow/example_dags/tutorial_taskflow_api_virtualenv.py
[2025-09-29T17:14:37.584+0000] {processor.py:840} INFO - DAG(s) 'tutorial_taskflow_api_virtualenv' retrieved from /home/airflow/.local/lib/python3.12/site-packages/airflow/example_dags/tutorial_taskflow_api_virtualenv.py
[2025-09-29T17:14:37.662+0000] {logging_mixin.py:188} INFO - [2025-09-29T17:14:37.662+0000] {dag.py:3089} INFO - Sync 1 DAGs
[2025-09-29T17:14:37.706+0000] {logging_mixin.py:188} INFO - [2025-09-29T17:14:37.705+0000] {dag.py:3947} INFO - Setting next_dagrun for tutorial_taskflow_api_virtualenv to None, run_after=None
[2025-09-29T17:14:37.771+0000] {processor.py:183} INFO - Processing /home/airflow/.local/lib/python3.12/site-packages/airflow/example_dags/tutorial_taskflow_api_virtualenv.py took 0.259 seconds
[2025-09-29T17:15:09.752+0000] {processor.py:161} INFO - Started process (PID=10113) to work on /home/airflow/.local/lib/python3.12/site-packages/airflow/example_dags/tutorial_taskflow_api_virtualenv.py
[2025-09-29T17:15:09.757+0000] {processor.py:830} INFO - Processing file /home/airflow/.local/lib/python3.12/site-packages/airflow/example_dags/tutorial_taskflow_api_virtualenv.py for tasks to queue
[2025-09-29T17:15:09.765+0000] {logging_mixin.py:188} INFO - [2025-09-29T17:15:09.764+0000] {dagbag.py:545} INFO - Filling up the DagBag from /home/airflow/.local/lib/python3.12/site-packages/airflow/example_dags/tutorial_taskflow_api_virtualenv.py
[2025-09-29T17:15:09.818+0000] {processor.py:840} INFO - DAG(s) 'tutorial_taskflow_api_virtualenv' retrieved from /home/airflow/.local/lib/python3.12/site-packages/airflow/example_dags/tutorial_taskflow_api_virtualenv.py
[2025-09-29T17:15:09.942+0000] {logging_mixin.py:188} INFO - [2025-09-29T17:15:09.941+0000] {dag.py:3089} INFO - Sync 1 DAGs
[2025-09-29T17:15:10.031+0000] {logging_mixin.py:188} INFO - [2025-09-29T17:15:10.030+0000] {dag.py:3947} INFO - Setting next_dagrun for tutorial_taskflow_api_virtualenv to None, run_after=None
[2025-09-29T17:15:09.518+0000] {processor.py:183} INFO - Processing /home/airflow/.local/lib/python3.12/site-packages/airflow/example_dags/tutorial_taskflow_api_virtualenv.py took 0.428 seconds
[2025-09-29T17:15:40.929+0000] {processor.py:161} INFO - Started process (PID=10375) to work on /home/airflow/.local/lib/python3.12/site-packages/airflow/example_dags/tutorial_taskflow_api_virtualenv.py
[2025-09-29T17:15:40.933+0000] {processor.py:830} INFO - Processing file /home/airflow/.local/lib/python3.12/site-packages/airflow/example_dags/tutorial_taskflow_api_virtualenv.py for tasks to queue
[2025-09-29T17:15:40.939+0000] {logging_mixin.py:188} INFO - [2025-09-29T17:15:40.938+0000] {dagbag.py:545} INFO - Filling up the DagBag from /home/airflow/.local/lib/python3.12/site-packages/airflow/example_dags/tutorial_taskflow_api_virtualenv.py
[2025-09-29T17:15:40.979+0000] {processor.py:840} INFO - DAG(s) 'tutorial_taskflow_api_virtualenv' retrieved from /home/airflow/.local/lib/python3.12/site-packages/airflow/example_dags/tutorial_taskflow_api_virtualenv.py
[2025-09-29T17:15:41.054+0000] {logging_mixin.py:188} INFO - [2025-09-29T17:15:41.053+0000] {dag.py:3089} INFO - Sync 1 DAGs
[2025-09-29T17:15:41.087+0000] {logging_mixin.py:188} INFO - [2025-09-29T17:15:41.086+0000] {dag.py:3947} INFO - Setting next_dagrun for tutorial_taskflow_api_virtualenv to None, run_after=None
[2025-09-29T17:15:41.141+0000] {processor.py:183} INFO - Processing /home/airflow/.local/lib/python3.12/site-packages/airflow/example_dags/tutorial_taskflow_api_virtualenv.py took 0.233 seconds
[2025-09-29T17:16:11.263+0000] {processor.py:161} INFO - Started process (PID=10643) to work on /home/airflow/.local/lib/python3.12/site-packages/airflow/example_dags/tutorial_taskflow_api_virtualenv.py
[2025-09-29T17:16:11.267+0000] {processor.py:830} INFO - Processing file /home/airflow/.local/lib/python3.12/site-packages/airflow/example_dags/tutorial_taskflow_api_virtualenv.py for tasks to queue
[2025-09-29T17:16:11.273+0000] {logging_mixin.py:188} INFO - [2025-09-29T17:16:11.272+0000] {dagbag.py:545} INFO - Filling up the DagBag from /home/airflow/.local/lib/python3.12/site-packages/airflow/example_dags/tutorial_taskflow_api_virtualenv.py
[2025-09-29T17:16:11.306+0000] {processor.py:840} INFO - DAG(s) 'tutorial_taskflow_api_virtualenv' retrieved from /home/airflow/.local/lib/python3.12/site-packages/airflow/example_dags/tutorial_taskflow_api_virtualenv.py
[2025-09-29T17:16:11.371+0000] {logging_mixin.py:188} INFO - [2025-09-29T17:16:11.370+0000] {dag.py:3089} INFO - Sync 1 DAGs
[2025-09-29T17:16:11.403+0000] {logging_mixin.py:188} INFO - [2025-09-29T17:16:11.403+0000] {dag.py:3947} INFO - Setting next_dagrun for tutorial_taskflow_api_virtualenv to None, run_after=None
[2025-09-29T17:16:11.454+0000] {processor.py:183} INFO - Processing /home/airflow/.local/lib/python3.12/site-packages/airflow/example_dags/tutorial_taskflow_api_virtualenv.py took 0.209 seconds
[2025-09-29T17:16:41.708+0000] {processor.py:161} INFO - Started process (PID=10905) to work on /home/airflow/.local/lib/python3.12/site-packages/airflow/example_dags/tutorial_taskflow_api_virtualenv.py
[2025-09-29T17:16:41.710+0000] {processor.py:830} INFO - Processing file /home/airflow/.local/lib/python3.12/site-packages/airflow/example_dags/tutorial_taskflow_api_virtualenv.py for tasks to queue
[2025-09-29T17:16:41.717+0000] {logging_mixin.py:188} INFO - [2025-09-29T17:16:41.715+0000] {dagbag.py:545} INFO - Filling up the DagBag from /home/airflow/.local/lib/python3.12/site-packages/airflow/example_dags/tutorial_taskflow_api_virtualenv.py
[2025-09-29T17:16:41.752+0000] {processor.py:840} INFO - DAG(s) 'tutorial_taskflow_api_virtualenv' retrieved from /home/airflow/.local/lib/python3.12/site-packages/airflow/example_dags/tutorial_taskflow_api_virtualenv.py
[2025-09-29T17:16:41.823+0000] {logging_mixin.py:188} INFO - [2025-09-29T17:16:41.822+0000] {dag.py:3089} INFO - Sync 1 DAGs
[2025-09-29T17:16:41.859+0000] {logging_mixin.py:188} INFO - [2025-09-29T17:16:41.859+0000] {dag.py:3947} INFO - Setting next_dagrun for tutorial_taskflow_api_virtualenv to None, run_after=None
[2025-09-29T17:16:41.915+0000] {processor.py:183} INFO - Processing /home/airflow/.local/lib/python3.12/site-packages/airflow/example_dags/tutorial_taskflow_api_virtualenv.py took 0.226 seconds
