[2025-09-29T15:33:16.562+0000] {processor.py:161} INFO - Started process (PID=217) to work on /home/airflow/.local/lib/python3.12/site-packages/airflow/example_dags/tutorial_dag.py
[2025-09-29T15:33:16.564+0000] {processor.py:830} INFO - Processing file /home/airflow/.local/lib/python3.12/site-packages/airflow/example_dags/tutorial_dag.py for tasks to queue
[2025-09-29T15:33:16.569+0000] {logging_mixin.py:188} INFO - [2025-09-29T15:33:16.568+0000] {dagbag.py:545} INFO - Filling up the DagBag from /home/airflow/.local/lib/python3.12/site-packages/airflow/example_dags/tutorial_dag.py
[2025-09-29T15:33:16.587+0000] {processor.py:840} INFO - DAG(s) 'tutorial_dag' retrieved from /home/airflow/.local/lib/python3.12/site-packages/airflow/example_dags/tutorial_dag.py
[2025-09-29T15:33:16.659+0000] {logging_mixin.py:188} INFO - [2025-09-29T15:33:16.659+0000] {dag.py:3089} INFO - Sync 1 DAGs
[2025-09-29T15:33:16.873+0000] {logging_mixin.py:188} INFO - [2025-09-29T15:33:16.872+0000] {dag.py:3947} INFO - Setting next_dagrun for tutorial_dag to None, run_after=None
[2025-09-29T15:33:17.027+0000] {processor.py:183} INFO - Processing /home/airflow/.local/lib/python3.12/site-packages/airflow/example_dags/tutorial_dag.py took 0.485 seconds
[2025-09-29T15:33:47.666+0000] {processor.py:161} INFO - Started process (PID=486) to work on /home/airflow/.local/lib/python3.12/site-packages/airflow/example_dags/tutorial_dag.py
[2025-09-29T15:33:47.672+0000] {processor.py:830} INFO - Processing file /home/airflow/.local/lib/python3.12/site-packages/airflow/example_dags/tutorial_dag.py for tasks to queue
[2025-09-29T15:33:47.677+0000] {logging_mixin.py:188} INFO - [2025-09-29T15:33:47.676+0000] {dagbag.py:545} INFO - Filling up the DagBag from /home/airflow/.local/lib/python3.12/site-packages/airflow/example_dags/tutorial_dag.py
[2025-09-29T15:33:47.692+0000] {processor.py:840} INFO - DAG(s) 'tutorial_dag' retrieved from /home/airflow/.local/lib/python3.12/site-packages/airflow/example_dags/tutorial_dag.py
[2025-09-29T15:33:48.050+0000] {logging_mixin.py:188} INFO - [2025-09-29T15:33:48.049+0000] {dag.py:3089} INFO - Sync 1 DAGs
[2025-09-29T15:33:48.109+0000] {logging_mixin.py:188} INFO - [2025-09-29T15:33:48.108+0000] {dag.py:3947} INFO - Setting next_dagrun for tutorial_dag to None, run_after=None
[2025-09-29T15:33:48.176+0000] {processor.py:183} INFO - Processing /home/airflow/.local/lib/python3.12/site-packages/airflow/example_dags/tutorial_dag.py took 0.534 seconds
[2025-09-29T15:34:18.328+0000] {processor.py:161} INFO - Started process (PID=758) to work on /home/airflow/.local/lib/python3.12/site-packages/airflow/example_dags/tutorial_dag.py
[2025-09-29T15:34:18.331+0000] {processor.py:830} INFO - Processing file /home/airflow/.local/lib/python3.12/site-packages/airflow/example_dags/tutorial_dag.py for tasks to queue
[2025-09-29T15:34:18.335+0000] {logging_mixin.py:188} INFO - [2025-09-29T15:34:18.335+0000] {dagbag.py:545} INFO - Filling up the DagBag from /home/airflow/.local/lib/python3.12/site-packages/airflow/example_dags/tutorial_dag.py
[2025-09-29T15:34:18.348+0000] {processor.py:840} INFO - DAG(s) 'tutorial_dag' retrieved from /home/airflow/.local/lib/python3.12/site-packages/airflow/example_dags/tutorial_dag.py
[2025-09-29T15:34:18.404+0000] {logging_mixin.py:188} INFO - [2025-09-29T15:34:18.403+0000] {dag.py:3089} INFO - Sync 1 DAGs
[2025-09-29T15:34:18.436+0000] {logging_mixin.py:188} INFO - [2025-09-29T15:34:18.435+0000] {dag.py:3947} INFO - Setting next_dagrun for tutorial_dag to None, run_after=None
[2025-09-29T15:34:18.487+0000] {processor.py:183} INFO - Processing /home/airflow/.local/lib/python3.12/site-packages/airflow/example_dags/tutorial_dag.py took 0.174 seconds
[2025-09-29T15:34:49.327+0000] {processor.py:161} INFO - Started process (PID=1020) to work on /home/airflow/.local/lib/python3.12/site-packages/airflow/example_dags/tutorial_dag.py
[2025-09-29T15:34:49.355+0000] {processor.py:830} INFO - Processing file /home/airflow/.local/lib/python3.12/site-packages/airflow/example_dags/tutorial_dag.py for tasks to queue
[2025-09-29T15:34:49.359+0000] {logging_mixin.py:188} INFO - [2025-09-29T15:34:49.358+0000] {dagbag.py:545} INFO - Filling up the DagBag from /home/airflow/.local/lib/python3.12/site-packages/airflow/example_dags/tutorial_dag.py
[2025-09-29T15:34:49.372+0000] {processor.py:840} INFO - DAG(s) 'tutorial_dag' retrieved from /home/airflow/.local/lib/python3.12/site-packages/airflow/example_dags/tutorial_dag.py
[2025-09-29T15:34:49.429+0000] {logging_mixin.py:188} INFO - [2025-09-29T15:34:49.429+0000] {dag.py:3089} INFO - Sync 1 DAGs
[2025-09-29T15:34:49.461+0000] {logging_mixin.py:188} INFO - [2025-09-29T15:34:49.460+0000] {dag.py:3947} INFO - Setting next_dagrun for tutorial_dag to None, run_after=None
[2025-09-29T15:34:49.597+0000] {processor.py:183} INFO - Processing /home/airflow/.local/lib/python3.12/site-packages/airflow/example_dags/tutorial_dag.py took 0.286 seconds
[2025-09-29T15:35:20.918+0000] {processor.py:161} INFO - Started process (PID=1285) to work on /home/airflow/.local/lib/python3.12/site-packages/airflow/example_dags/tutorial_dag.py
[2025-09-29T15:35:20.921+0000] {processor.py:830} INFO - Processing file /home/airflow/.local/lib/python3.12/site-packages/airflow/example_dags/tutorial_dag.py for tasks to queue
[2025-09-29T15:35:20.926+0000] {logging_mixin.py:188} INFO - [2025-09-29T15:35:20.925+0000] {dagbag.py:545} INFO - Filling up the DagBag from /home/airflow/.local/lib/python3.12/site-packages/airflow/example_dags/tutorial_dag.py
[2025-09-29T15:35:20.944+0000] {processor.py:840} INFO - DAG(s) 'tutorial_dag' retrieved from /home/airflow/.local/lib/python3.12/site-packages/airflow/example_dags/tutorial_dag.py
[2025-09-29T15:35:21.017+0000] {logging_mixin.py:188} INFO - [2025-09-29T15:35:21.016+0000] {dag.py:3089} INFO - Sync 1 DAGs
[2025-09-29T15:35:21.061+0000] {logging_mixin.py:188} INFO - [2025-09-29T15:35:21.060+0000] {dag.py:3947} INFO - Setting next_dagrun for tutorial_dag to None, run_after=None
[2025-09-29T15:35:21.119+0000] {processor.py:183} INFO - Processing /home/airflow/.local/lib/python3.12/site-packages/airflow/example_dags/tutorial_dag.py took 0.216 seconds
[2025-09-29T15:35:51.597+0000] {processor.py:161} INFO - Started process (PID=1547) to work on /home/airflow/.local/lib/python3.12/site-packages/airflow/example_dags/tutorial_dag.py
[2025-09-29T15:35:51.616+0000] {processor.py:830} INFO - Processing file /home/airflow/.local/lib/python3.12/site-packages/airflow/example_dags/tutorial_dag.py for tasks to queue
[2025-09-29T15:35:51.620+0000] {logging_mixin.py:188} INFO - [2025-09-29T15:35:51.619+0000] {dagbag.py:545} INFO - Filling up the DagBag from /home/airflow/.local/lib/python3.12/site-packages/airflow/example_dags/tutorial_dag.py
[2025-09-29T15:35:51.632+0000] {processor.py:840} INFO - DAG(s) 'tutorial_dag' retrieved from /home/airflow/.local/lib/python3.12/site-packages/airflow/example_dags/tutorial_dag.py
[2025-09-29T15:35:51.688+0000] {logging_mixin.py:188} INFO - [2025-09-29T15:35:51.687+0000] {dag.py:3089} INFO - Sync 1 DAGs
[2025-09-29T15:35:51.719+0000] {logging_mixin.py:188} INFO - [2025-09-29T15:35:51.718+0000] {dag.py:3947} INFO - Setting next_dagrun for tutorial_dag to None, run_after=None
[2025-09-29T15:35:51.809+0000] {processor.py:183} INFO - Processing /home/airflow/.local/lib/python3.12/site-packages/airflow/example_dags/tutorial_dag.py took 0.226 seconds
[2025-09-29T15:36:22.210+0000] {processor.py:161} INFO - Started process (PID=1808) to work on /home/airflow/.local/lib/python3.12/site-packages/airflow/example_dags/tutorial_dag.py
[2025-09-29T15:36:22.213+0000] {processor.py:830} INFO - Processing file /home/airflow/.local/lib/python3.12/site-packages/airflow/example_dags/tutorial_dag.py for tasks to queue
[2025-09-29T15:36:22.218+0000] {logging_mixin.py:188} INFO - [2025-09-29T15:36:22.217+0000] {dagbag.py:545} INFO - Filling up the DagBag from /home/airflow/.local/lib/python3.12/site-packages/airflow/example_dags/tutorial_dag.py
[2025-09-29T15:36:22.231+0000] {processor.py:840} INFO - DAG(s) 'tutorial_dag' retrieved from /home/airflow/.local/lib/python3.12/site-packages/airflow/example_dags/tutorial_dag.py
[2025-09-29T15:36:22.293+0000] {logging_mixin.py:188} INFO - [2025-09-29T15:36:22.292+0000] {dag.py:3089} INFO - Sync 1 DAGs
[2025-09-29T15:36:22.332+0000] {logging_mixin.py:188} INFO - [2025-09-29T15:36:22.332+0000] {dag.py:3947} INFO - Setting next_dagrun for tutorial_dag to None, run_after=None
[2025-09-29T15:36:22.391+0000] {processor.py:183} INFO - Processing /home/airflow/.local/lib/python3.12/site-packages/airflow/example_dags/tutorial_dag.py took 0.196 seconds
[2025-09-29T15:36:52.956+0000] {processor.py:161} INFO - Started process (PID=2071) to work on /home/airflow/.local/lib/python3.12/site-packages/airflow/example_dags/tutorial_dag.py
[2025-09-29T15:36:52.959+0000] {processor.py:830} INFO - Processing file /home/airflow/.local/lib/python3.12/site-packages/airflow/example_dags/tutorial_dag.py for tasks to queue
[2025-09-29T15:36:52.963+0000] {logging_mixin.py:188} INFO - [2025-09-29T15:36:52.962+0000] {dagbag.py:545} INFO - Filling up the DagBag from /home/airflow/.local/lib/python3.12/site-packages/airflow/example_dags/tutorial_dag.py
[2025-09-29T15:36:52.975+0000] {processor.py:840} INFO - DAG(s) 'tutorial_dag' retrieved from /home/airflow/.local/lib/python3.12/site-packages/airflow/example_dags/tutorial_dag.py
[2025-09-29T15:36:53.030+0000] {logging_mixin.py:188} INFO - [2025-09-29T15:36:53.029+0000] {dag.py:3089} INFO - Sync 1 DAGs
[2025-09-29T15:36:53.059+0000] {logging_mixin.py:188} INFO - [2025-09-29T15:36:53.058+0000] {dag.py:3947} INFO - Setting next_dagrun for tutorial_dag to None, run_after=None
[2025-09-29T15:36:53.107+0000] {processor.py:183} INFO - Processing /home/airflow/.local/lib/python3.12/site-packages/airflow/example_dags/tutorial_dag.py took 0.165 seconds
[2025-09-29T15:37:25.183+0000] {processor.py:161} INFO - Started process (PID=2331) to work on /home/airflow/.local/lib/python3.12/site-packages/airflow/example_dags/tutorial_dag.py
[2025-09-29T15:37:25.186+0000] {processor.py:830} INFO - Processing file /home/airflow/.local/lib/python3.12/site-packages/airflow/example_dags/tutorial_dag.py for tasks to queue
[2025-09-29T15:37:25.190+0000] {logging_mixin.py:188} INFO - [2025-09-29T15:37:25.189+0000] {dagbag.py:545} INFO - Filling up the DagBag from /home/airflow/.local/lib/python3.12/site-packages/airflow/example_dags/tutorial_dag.py
[2025-09-29T15:37:25.204+0000] {processor.py:840} INFO - DAG(s) 'tutorial_dag' retrieved from /home/airflow/.local/lib/python3.12/site-packages/airflow/example_dags/tutorial_dag.py
[2025-09-29T15:37:25.271+0000] {logging_mixin.py:188} INFO - [2025-09-29T15:37:25.271+0000] {dag.py:3089} INFO - Sync 1 DAGs
[2025-09-29T15:37:25.313+0000] {logging_mixin.py:188} INFO - [2025-09-29T15:37:25.312+0000] {dag.py:3947} INFO - Setting next_dagrun for tutorial_dag to None, run_after=None
[2025-09-29T15:37:25.369+0000] {processor.py:183} INFO - Processing /home/airflow/.local/lib/python3.12/site-packages/airflow/example_dags/tutorial_dag.py took 0.201 seconds
[2025-09-29T15:37:55.495+0000] {processor.py:161} INFO - Started process (PID=2589) to work on /home/airflow/.local/lib/python3.12/site-packages/airflow/example_dags/tutorial_dag.py
[2025-09-29T15:37:55.498+0000] {processor.py:830} INFO - Processing file /home/airflow/.local/lib/python3.12/site-packages/airflow/example_dags/tutorial_dag.py for tasks to queue
[2025-09-29T15:37:55.502+0000] {logging_mixin.py:188} INFO - [2025-09-29T15:37:55.501+0000] {dagbag.py:545} INFO - Filling up the DagBag from /home/airflow/.local/lib/python3.12/site-packages/airflow/example_dags/tutorial_dag.py
[2025-09-29T15:37:55.514+0000] {processor.py:840} INFO - DAG(s) 'tutorial_dag' retrieved from /home/airflow/.local/lib/python3.12/site-packages/airflow/example_dags/tutorial_dag.py
[2025-09-29T15:37:55.570+0000] {logging_mixin.py:188} INFO - [2025-09-29T15:37:55.570+0000] {dag.py:3089} INFO - Sync 1 DAGs
[2025-09-29T15:37:55.600+0000] {logging_mixin.py:188} INFO - [2025-09-29T15:37:55.600+0000] {dag.py:3947} INFO - Setting next_dagrun for tutorial_dag to None, run_after=None
[2025-09-29T15:37:55.650+0000] {processor.py:183} INFO - Processing /home/airflow/.local/lib/python3.12/site-packages/airflow/example_dags/tutorial_dag.py took 0.169 seconds
[2025-09-29T15:38:26.272+0000] {processor.py:161} INFO - Started process (PID=2849) to work on /home/airflow/.local/lib/python3.12/site-packages/airflow/example_dags/tutorial_dag.py
[2025-09-29T15:38:26.275+0000] {processor.py:830} INFO - Processing file /home/airflow/.local/lib/python3.12/site-packages/airflow/example_dags/tutorial_dag.py for tasks to queue
[2025-09-29T15:38:26.281+0000] {logging_mixin.py:188} INFO - [2025-09-29T15:38:26.279+0000] {dagbag.py:545} INFO - Filling up the DagBag from /home/airflow/.local/lib/python3.12/site-packages/airflow/example_dags/tutorial_dag.py
[2025-09-29T15:38:26.294+0000] {processor.py:840} INFO - DAG(s) 'tutorial_dag' retrieved from /home/airflow/.local/lib/python3.12/site-packages/airflow/example_dags/tutorial_dag.py
[2025-09-29T15:38:26.349+0000] {logging_mixin.py:188} INFO - [2025-09-29T15:38:26.348+0000] {dag.py:3089} INFO - Sync 1 DAGs
[2025-09-29T15:38:26.379+0000] {logging_mixin.py:188} INFO - [2025-09-29T15:38:26.379+0000] {dag.py:3947} INFO - Setting next_dagrun for tutorial_dag to None, run_after=None
[2025-09-29T15:38:26.437+0000] {processor.py:183} INFO - Processing /home/airflow/.local/lib/python3.12/site-packages/airflow/example_dags/tutorial_dag.py took 0.184 seconds
[2025-09-29T15:38:57.172+0000] {processor.py:161} INFO - Started process (PID=3111) to work on /home/airflow/.local/lib/python3.12/site-packages/airflow/example_dags/tutorial_dag.py
[2025-09-29T15:38:57.174+0000] {processor.py:830} INFO - Processing file /home/airflow/.local/lib/python3.12/site-packages/airflow/example_dags/tutorial_dag.py for tasks to queue
[2025-09-29T15:38:57.179+0000] {logging_mixin.py:188} INFO - [2025-09-29T15:38:57.178+0000] {dagbag.py:545} INFO - Filling up the DagBag from /home/airflow/.local/lib/python3.12/site-packages/airflow/example_dags/tutorial_dag.py
[2025-09-29T15:38:57.191+0000] {processor.py:840} INFO - DAG(s) 'tutorial_dag' retrieved from /home/airflow/.local/lib/python3.12/site-packages/airflow/example_dags/tutorial_dag.py
[2025-09-29T15:38:57.246+0000] {logging_mixin.py:188} INFO - [2025-09-29T15:38:57.245+0000] {dag.py:3089} INFO - Sync 1 DAGs
[2025-09-29T15:38:57.276+0000] {logging_mixin.py:188} INFO - [2025-09-29T15:38:57.275+0000] {dag.py:3947} INFO - Setting next_dagrun for tutorial_dag to None, run_after=None
[2025-09-29T15:38:57.322+0000] {processor.py:183} INFO - Processing /home/airflow/.local/lib/python3.12/site-packages/airflow/example_dags/tutorial_dag.py took 0.165 seconds
[2025-09-29T15:39:27.480+0000] {processor.py:161} INFO - Started process (PID=3373) to work on /home/airflow/.local/lib/python3.12/site-packages/airflow/example_dags/tutorial_dag.py
[2025-09-29T15:39:27.483+0000] {processor.py:830} INFO - Processing file /home/airflow/.local/lib/python3.12/site-packages/airflow/example_dags/tutorial_dag.py for tasks to queue
[2025-09-29T15:39:27.487+0000] {logging_mixin.py:188} INFO - [2025-09-29T15:39:27.486+0000] {dagbag.py:545} INFO - Filling up the DagBag from /home/airflow/.local/lib/python3.12/site-packages/airflow/example_dags/tutorial_dag.py
[2025-09-29T15:39:27.500+0000] {processor.py:840} INFO - DAG(s) 'tutorial_dag' retrieved from /home/airflow/.local/lib/python3.12/site-packages/airflow/example_dags/tutorial_dag.py
[2025-09-29T15:39:27.566+0000] {logging_mixin.py:188} INFO - [2025-09-29T15:39:27.566+0000] {dag.py:3089} INFO - Sync 1 DAGs
[2025-09-29T15:39:27.608+0000] {logging_mixin.py:188} INFO - [2025-09-29T15:39:27.608+0000] {dag.py:3947} INFO - Setting next_dagrun for tutorial_dag to None, run_after=None
[2025-09-29T15:39:27.690+0000] {processor.py:183} INFO - Processing /home/airflow/.local/lib/python3.12/site-packages/airflow/example_dags/tutorial_dag.py took 0.226 seconds
[2025-09-29T15:39:57.901+0000] {processor.py:161} INFO - Started process (PID=3637) to work on /home/airflow/.local/lib/python3.12/site-packages/airflow/example_dags/tutorial_dag.py
[2025-09-29T15:39:57.904+0000] {processor.py:830} INFO - Processing file /home/airflow/.local/lib/python3.12/site-packages/airflow/example_dags/tutorial_dag.py for tasks to queue
[2025-09-29T15:39:57.908+0000] {logging_mixin.py:188} INFO - [2025-09-29T15:39:57.907+0000] {dagbag.py:545} INFO - Filling up the DagBag from /home/airflow/.local/lib/python3.12/site-packages/airflow/example_dags/tutorial_dag.py
[2025-09-29T15:39:57.920+0000] {processor.py:840} INFO - DAG(s) 'tutorial_dag' retrieved from /home/airflow/.local/lib/python3.12/site-packages/airflow/example_dags/tutorial_dag.py
[2025-09-29T15:39:57.974+0000] {logging_mixin.py:188} INFO - [2025-09-29T15:39:57.973+0000] {dag.py:3089} INFO - Sync 1 DAGs
[2025-09-29T15:39:58.004+0000] {logging_mixin.py:188} INFO - [2025-09-29T15:39:58.004+0000] {dag.py:3947} INFO - Setting next_dagrun for tutorial_dag to None, run_after=None
[2025-09-29T15:39:58.047+0000] {processor.py:183} INFO - Processing /home/airflow/.local/lib/python3.12/site-packages/airflow/example_dags/tutorial_dag.py took 0.159 seconds
[2025-09-29T15:40:28.519+0000] {processor.py:161} INFO - Started process (PID=3898) to work on /home/airflow/.local/lib/python3.12/site-packages/airflow/example_dags/tutorial_dag.py
[2025-09-29T15:40:28.522+0000] {processor.py:830} INFO - Processing file /home/airflow/.local/lib/python3.12/site-packages/airflow/example_dags/tutorial_dag.py for tasks to queue
[2025-09-29T15:40:28.527+0000] {logging_mixin.py:188} INFO - [2025-09-29T15:40:28.526+0000] {dagbag.py:545} INFO - Filling up the DagBag from /home/airflow/.local/lib/python3.12/site-packages/airflow/example_dags/tutorial_dag.py
[2025-09-29T15:40:28.540+0000] {processor.py:840} INFO - DAG(s) 'tutorial_dag' retrieved from /home/airflow/.local/lib/python3.12/site-packages/airflow/example_dags/tutorial_dag.py
[2025-09-29T15:40:28.600+0000] {logging_mixin.py:188} INFO - [2025-09-29T15:40:28.600+0000] {dag.py:3089} INFO - Sync 1 DAGs
[2025-09-29T15:40:28.633+0000] {logging_mixin.py:188} INFO - [2025-09-29T15:40:28.632+0000] {dag.py:3947} INFO - Setting next_dagrun for tutorial_dag to None, run_after=None
[2025-09-29T15:40:28.703+0000] {processor.py:183} INFO - Processing /home/airflow/.local/lib/python3.12/site-packages/airflow/example_dags/tutorial_dag.py took 0.200 seconds
[2025-09-29T15:40:59.218+0000] {processor.py:161} INFO - Started process (PID=4161) to work on /home/airflow/.local/lib/python3.12/site-packages/airflow/example_dags/tutorial_dag.py
[2025-09-29T15:40:59.220+0000] {processor.py:830} INFO - Processing file /home/airflow/.local/lib/python3.12/site-packages/airflow/example_dags/tutorial_dag.py for tasks to queue
[2025-09-29T15:40:59.225+0000] {logging_mixin.py:188} INFO - [2025-09-29T15:40:59.224+0000] {dagbag.py:545} INFO - Filling up the DagBag from /home/airflow/.local/lib/python3.12/site-packages/airflow/example_dags/tutorial_dag.py
[2025-09-29T15:40:59.238+0000] {processor.py:840} INFO - DAG(s) 'tutorial_dag' retrieved from /home/airflow/.local/lib/python3.12/site-packages/airflow/example_dags/tutorial_dag.py
[2025-09-29T15:40:59.302+0000] {logging_mixin.py:188} INFO - [2025-09-29T15:40:59.302+0000] {dag.py:3089} INFO - Sync 1 DAGs
[2025-09-29T15:40:59.336+0000] {logging_mixin.py:188} INFO - [2025-09-29T15:40:59.336+0000] {dag.py:3947} INFO - Setting next_dagrun for tutorial_dag to None, run_after=None
[2025-09-29T15:40:59.386+0000] {processor.py:183} INFO - Processing /home/airflow/.local/lib/python3.12/site-packages/airflow/example_dags/tutorial_dag.py took 0.184 seconds
[2025-09-29T15:41:29.878+0000] {processor.py:161} INFO - Started process (PID=4423) to work on /home/airflow/.local/lib/python3.12/site-packages/airflow/example_dags/tutorial_dag.py
[2025-09-29T15:41:29.881+0000] {processor.py:830} INFO - Processing file /home/airflow/.local/lib/python3.12/site-packages/airflow/example_dags/tutorial_dag.py for tasks to queue
[2025-09-29T15:41:29.885+0000] {logging_mixin.py:188} INFO - [2025-09-29T15:41:29.884+0000] {dagbag.py:545} INFO - Filling up the DagBag from /home/airflow/.local/lib/python3.12/site-packages/airflow/example_dags/tutorial_dag.py
[2025-09-29T15:41:29.898+0000] {processor.py:840} INFO - DAG(s) 'tutorial_dag' retrieved from /home/airflow/.local/lib/python3.12/site-packages/airflow/example_dags/tutorial_dag.py
[2025-09-29T15:41:29.953+0000] {logging_mixin.py:188} INFO - [2025-09-29T15:41:29.953+0000] {dag.py:3089} INFO - Sync 1 DAGs
[2025-09-29T15:41:29.983+0000] {logging_mixin.py:188} INFO - [2025-09-29T15:41:29.982+0000] {dag.py:3947} INFO - Setting next_dagrun for tutorial_dag to None, run_after=None
[2025-09-29T15:41:30.032+0000] {processor.py:183} INFO - Processing /home/airflow/.local/lib/python3.12/site-packages/airflow/example_dags/tutorial_dag.py took 0.169 seconds
[2025-09-29T15:42:00.436+0000] {processor.py:161} INFO - Started process (PID=4685) to work on /home/airflow/.local/lib/python3.12/site-packages/airflow/example_dags/tutorial_dag.py
[2025-09-29T15:42:00.439+0000] {processor.py:830} INFO - Processing file /home/airflow/.local/lib/python3.12/site-packages/airflow/example_dags/tutorial_dag.py for tasks to queue
[2025-09-29T15:42:00.443+0000] {logging_mixin.py:188} INFO - [2025-09-29T15:42:00.442+0000] {dagbag.py:545} INFO - Filling up the DagBag from /home/airflow/.local/lib/python3.12/site-packages/airflow/example_dags/tutorial_dag.py
[2025-09-29T15:42:00.460+0000] {processor.py:840} INFO - DAG(s) 'tutorial_dag' retrieved from /home/airflow/.local/lib/python3.12/site-packages/airflow/example_dags/tutorial_dag.py
[2025-09-29T15:42:00.519+0000] {logging_mixin.py:188} INFO - [2025-09-29T15:42:00.519+0000] {dag.py:3089} INFO - Sync 1 DAGs
[2025-09-29T15:42:00.552+0000] {logging_mixin.py:188} INFO - [2025-09-29T15:42:00.551+0000] {dag.py:3947} INFO - Setting next_dagrun for tutorial_dag to None, run_after=None
[2025-09-29T15:42:00.612+0000] {processor.py:183} INFO - Processing /home/airflow/.local/lib/python3.12/site-packages/airflow/example_dags/tutorial_dag.py took 0.194 seconds
[2025-09-29T15:42:31.140+0000] {processor.py:161} INFO - Started process (PID=4946) to work on /home/airflow/.local/lib/python3.12/site-packages/airflow/example_dags/tutorial_dag.py
[2025-09-29T15:42:31.142+0000] {processor.py:830} INFO - Processing file /home/airflow/.local/lib/python3.12/site-packages/airflow/example_dags/tutorial_dag.py for tasks to queue
[2025-09-29T15:42:31.147+0000] {logging_mixin.py:188} INFO - [2025-09-29T15:42:31.145+0000] {dagbag.py:545} INFO - Filling up the DagBag from /home/airflow/.local/lib/python3.12/site-packages/airflow/example_dags/tutorial_dag.py
[2025-09-29T15:42:31.161+0000] {processor.py:840} INFO - DAG(s) 'tutorial_dag' retrieved from /home/airflow/.local/lib/python3.12/site-packages/airflow/example_dags/tutorial_dag.py
[2025-09-29T15:42:31.215+0000] {logging_mixin.py:188} INFO - [2025-09-29T15:42:31.214+0000] {dag.py:3089} INFO - Sync 1 DAGs
[2025-09-29T15:42:31.244+0000] {logging_mixin.py:188} INFO - [2025-09-29T15:42:31.244+0000] {dag.py:3947} INFO - Setting next_dagrun for tutorial_dag to None, run_after=None
[2025-09-29T15:42:31.291+0000] {processor.py:183} INFO - Processing /home/airflow/.local/lib/python3.12/site-packages/airflow/example_dags/tutorial_dag.py took 0.166 seconds
[2025-09-29T15:43:01.580+0000] {processor.py:161} INFO - Started process (PID=5207) to work on /home/airflow/.local/lib/python3.12/site-packages/airflow/example_dags/tutorial_dag.py
[2025-09-29T15:43:01.583+0000] {processor.py:830} INFO - Processing file /home/airflow/.local/lib/python3.12/site-packages/airflow/example_dags/tutorial_dag.py for tasks to queue
[2025-09-29T15:43:01.587+0000] {logging_mixin.py:188} INFO - [2025-09-29T15:43:01.586+0000] {dagbag.py:545} INFO - Filling up the DagBag from /home/airflow/.local/lib/python3.12/site-packages/airflow/example_dags/tutorial_dag.py
[2025-09-29T15:43:01.601+0000] {processor.py:840} INFO - DAG(s) 'tutorial_dag' retrieved from /home/airflow/.local/lib/python3.12/site-packages/airflow/example_dags/tutorial_dag.py
[2025-09-29T15:43:01.654+0000] {logging_mixin.py:188} INFO - [2025-09-29T15:43:01.653+0000] {dag.py:3089} INFO - Sync 1 DAGs
[2025-09-29T15:43:01.683+0000] {logging_mixin.py:188} INFO - [2025-09-29T15:43:01.683+0000] {dag.py:3947} INFO - Setting next_dagrun for tutorial_dag to None, run_after=None
[2025-09-29T15:43:01.732+0000] {processor.py:183} INFO - Processing /home/airflow/.local/lib/python3.12/site-packages/airflow/example_dags/tutorial_dag.py took 0.166 seconds
[2025-09-29T15:43:31.871+0000] {processor.py:161} INFO - Started process (PID=5469) to work on /home/airflow/.local/lib/python3.12/site-packages/airflow/example_dags/tutorial_dag.py
[2025-09-29T15:43:31.873+0000] {processor.py:830} INFO - Processing file /home/airflow/.local/lib/python3.12/site-packages/airflow/example_dags/tutorial_dag.py for tasks to queue
[2025-09-29T15:43:31.878+0000] {logging_mixin.py:188} INFO - [2025-09-29T15:43:31.877+0000] {dagbag.py:545} INFO - Filling up the DagBag from /home/airflow/.local/lib/python3.12/site-packages/airflow/example_dags/tutorial_dag.py
[2025-09-29T15:43:31.891+0000] {processor.py:840} INFO - DAG(s) 'tutorial_dag' retrieved from /home/airflow/.local/lib/python3.12/site-packages/airflow/example_dags/tutorial_dag.py
[2025-09-29T15:43:31.946+0000] {logging_mixin.py:188} INFO - [2025-09-29T15:43:31.945+0000] {dag.py:3089} INFO - Sync 1 DAGs
[2025-09-29T15:43:31.977+0000] {logging_mixin.py:188} INFO - [2025-09-29T15:43:31.977+0000] {dag.py:3947} INFO - Setting next_dagrun for tutorial_dag to None, run_after=None
[2025-09-29T15:43:32.028+0000] {processor.py:183} INFO - Processing /home/airflow/.local/lib/python3.12/site-packages/airflow/example_dags/tutorial_dag.py took 0.171 seconds
[2025-09-29T15:44:02.907+0000] {processor.py:161} INFO - Started process (PID=5731) to work on /home/airflow/.local/lib/python3.12/site-packages/airflow/example_dags/tutorial_dag.py
[2025-09-29T15:44:02.908+0000] {processor.py:830} INFO - Processing file /home/airflow/.local/lib/python3.12/site-packages/airflow/example_dags/tutorial_dag.py for tasks to queue
[2025-09-29T15:44:02.912+0000] {logging_mixin.py:188} INFO - [2025-09-29T15:44:02.912+0000] {dagbag.py:545} INFO - Filling up the DagBag from /home/airflow/.local/lib/python3.12/site-packages/airflow/example_dags/tutorial_dag.py
[2025-09-29T15:44:02.926+0000] {processor.py:840} INFO - DAG(s) 'tutorial_dag' retrieved from /home/airflow/.local/lib/python3.12/site-packages/airflow/example_dags/tutorial_dag.py
[2025-09-29T15:44:02.983+0000] {logging_mixin.py:188} INFO - [2025-09-29T15:44:02.982+0000] {dag.py:3089} INFO - Sync 1 DAGs
[2025-09-29T15:44:03.015+0000] {logging_mixin.py:188} INFO - [2025-09-29T15:44:03.015+0000] {dag.py:3947} INFO - Setting next_dagrun for tutorial_dag to None, run_after=None
[2025-09-29T15:44:03.072+0000] {processor.py:183} INFO - Processing /home/airflow/.local/lib/python3.12/site-packages/airflow/example_dags/tutorial_dag.py took 0.179 seconds
[2025-09-29T15:44:34.064+0000] {processor.py:161} INFO - Started process (PID=5993) to work on /home/airflow/.local/lib/python3.12/site-packages/airflow/example_dags/tutorial_dag.py
[2025-09-29T15:44:34.067+0000] {processor.py:830} INFO - Processing file /home/airflow/.local/lib/python3.12/site-packages/airflow/example_dags/tutorial_dag.py for tasks to queue
[2025-09-29T15:44:34.074+0000] {logging_mixin.py:188} INFO - [2025-09-29T15:44:34.073+0000] {dagbag.py:545} INFO - Filling up the DagBag from /home/airflow/.local/lib/python3.12/site-packages/airflow/example_dags/tutorial_dag.py
[2025-09-29T15:44:34.087+0000] {processor.py:840} INFO - DAG(s) 'tutorial_dag' retrieved from /home/airflow/.local/lib/python3.12/site-packages/airflow/example_dags/tutorial_dag.py
[2025-09-29T15:44:34.144+0000] {logging_mixin.py:188} INFO - [2025-09-29T15:44:34.143+0000] {dag.py:3089} INFO - Sync 1 DAGs
[2025-09-29T15:44:34.175+0000] {logging_mixin.py:188} INFO - [2025-09-29T15:44:34.174+0000] {dag.py:3947} INFO - Setting next_dagrun for tutorial_dag to None, run_after=None
[2025-09-29T15:44:34.222+0000] {processor.py:183} INFO - Processing /home/airflow/.local/lib/python3.12/site-packages/airflow/example_dags/tutorial_dag.py took 0.172 seconds
[2025-09-29T15:45:04.676+0000] {processor.py:161} INFO - Started process (PID=6255) to work on /home/airflow/.local/lib/python3.12/site-packages/airflow/example_dags/tutorial_dag.py
[2025-09-29T15:45:04.678+0000] {processor.py:830} INFO - Processing file /home/airflow/.local/lib/python3.12/site-packages/airflow/example_dags/tutorial_dag.py for tasks to queue
[2025-09-29T15:45:04.684+0000] {logging_mixin.py:188} INFO - [2025-09-29T15:45:04.683+0000] {dagbag.py:545} INFO - Filling up the DagBag from /home/airflow/.local/lib/python3.12/site-packages/airflow/example_dags/tutorial_dag.py
[2025-09-29T15:45:04.700+0000] {processor.py:840} INFO - DAG(s) 'tutorial_dag' retrieved from /home/airflow/.local/lib/python3.12/site-packages/airflow/example_dags/tutorial_dag.py
[2025-09-29T15:45:04.812+0000] {logging_mixin.py:188} INFO - [2025-09-29T15:45:04.811+0000] {dag.py:3089} INFO - Sync 1 DAGs
[2025-09-29T15:45:04.920+0000] {logging_mixin.py:188} INFO - [2025-09-29T15:45:04.919+0000] {dag.py:3947} INFO - Setting next_dagrun for tutorial_dag to None, run_after=None
[2025-09-29T15:45:05.022+0000] {processor.py:183} INFO - Processing /home/airflow/.local/lib/python3.12/site-packages/airflow/example_dags/tutorial_dag.py took 0.363 seconds
[2025-09-29T15:45:36.378+0000] {processor.py:161} INFO - Started process (PID=6519) to work on /home/airflow/.local/lib/python3.12/site-packages/airflow/example_dags/tutorial_dag.py
[2025-09-29T15:45:36.381+0000] {processor.py:830} INFO - Processing file /home/airflow/.local/lib/python3.12/site-packages/airflow/example_dags/tutorial_dag.py for tasks to queue
[2025-09-29T15:45:36.385+0000] {logging_mixin.py:188} INFO - [2025-09-29T15:45:36.384+0000] {dagbag.py:545} INFO - Filling up the DagBag from /home/airflow/.local/lib/python3.12/site-packages/airflow/example_dags/tutorial_dag.py
[2025-09-29T15:45:36.399+0000] {processor.py:840} INFO - DAG(s) 'tutorial_dag' retrieved from /home/airflow/.local/lib/python3.12/site-packages/airflow/example_dags/tutorial_dag.py
[2025-09-29T15:45:36.458+0000] {logging_mixin.py:188} INFO - [2025-09-29T15:45:36.457+0000] {dag.py:3089} INFO - Sync 1 DAGs
[2025-09-29T15:45:36.489+0000] {logging_mixin.py:188} INFO - [2025-09-29T15:45:36.488+0000] {dag.py:3947} INFO - Setting next_dagrun for tutorial_dag to None, run_after=None
[2025-09-29T15:45:36.545+0000] {processor.py:183} INFO - Processing /home/airflow/.local/lib/python3.12/site-packages/airflow/example_dags/tutorial_dag.py took 0.182 seconds
[2025-09-29T15:46:07.264+0000] {processor.py:161} INFO - Started process (PID=6779) to work on /home/airflow/.local/lib/python3.12/site-packages/airflow/example_dags/tutorial_dag.py
[2025-09-29T15:46:07.266+0000] {processor.py:830} INFO - Processing file /home/airflow/.local/lib/python3.12/site-packages/airflow/example_dags/tutorial_dag.py for tasks to queue
[2025-09-29T15:46:07.271+0000] {logging_mixin.py:188} INFO - [2025-09-29T15:46:07.270+0000] {dagbag.py:545} INFO - Filling up the DagBag from /home/airflow/.local/lib/python3.12/site-packages/airflow/example_dags/tutorial_dag.py
[2025-09-29T15:46:07.286+0000] {processor.py:840} INFO - DAG(s) 'tutorial_dag' retrieved from /home/airflow/.local/lib/python3.12/site-packages/airflow/example_dags/tutorial_dag.py
[2025-09-29T15:46:07.347+0000] {logging_mixin.py:188} INFO - [2025-09-29T15:46:07.346+0000] {dag.py:3089} INFO - Sync 1 DAGs
[2025-09-29T15:46:07.379+0000] {logging_mixin.py:188} INFO - [2025-09-29T15:46:07.378+0000] {dag.py:3947} INFO - Setting next_dagrun for tutorial_dag to None, run_after=None
[2025-09-29T15:46:07.433+0000] {processor.py:183} INFO - Processing /home/airflow/.local/lib/python3.12/site-packages/airflow/example_dags/tutorial_dag.py took 0.185 seconds
[2025-09-29T15:46:37.538+0000] {processor.py:161} INFO - Started process (PID=7037) to work on /home/airflow/.local/lib/python3.12/site-packages/airflow/example_dags/tutorial_dag.py
[2025-09-29T15:46:37.541+0000] {processor.py:830} INFO - Processing file /home/airflow/.local/lib/python3.12/site-packages/airflow/example_dags/tutorial_dag.py for tasks to queue
[2025-09-29T15:46:37.545+0000] {logging_mixin.py:188} INFO - [2025-09-29T15:46:37.544+0000] {dagbag.py:545} INFO - Filling up the DagBag from /home/airflow/.local/lib/python3.12/site-packages/airflow/example_dags/tutorial_dag.py
[2025-09-29T15:46:37.559+0000] {processor.py:840} INFO - DAG(s) 'tutorial_dag' retrieved from /home/airflow/.local/lib/python3.12/site-packages/airflow/example_dags/tutorial_dag.py
[2025-09-29T15:46:37.619+0000] {logging_mixin.py:188} INFO - [2025-09-29T15:46:37.618+0000] {dag.py:3089} INFO - Sync 1 DAGs
[2025-09-29T15:46:37.659+0000] {logging_mixin.py:188} INFO - [2025-09-29T15:46:37.659+0000] {dag.py:3947} INFO - Setting next_dagrun for tutorial_dag to None, run_after=None
[2025-09-29T15:46:37.717+0000] {processor.py:183} INFO - Processing /home/airflow/.local/lib/python3.12/site-packages/airflow/example_dags/tutorial_dag.py took 0.193 seconds
[2025-09-29T15:47:07.938+0000] {processor.py:161} INFO - Started process (PID=7299) to work on /home/airflow/.local/lib/python3.12/site-packages/airflow/example_dags/tutorial_dag.py
[2025-09-29T15:47:07.942+0000] {processor.py:830} INFO - Processing file /home/airflow/.local/lib/python3.12/site-packages/airflow/example_dags/tutorial_dag.py for tasks to queue
[2025-09-29T15:47:07.949+0000] {logging_mixin.py:188} INFO - [2025-09-29T15:47:07.948+0000] {dagbag.py:545} INFO - Filling up the DagBag from /home/airflow/.local/lib/python3.12/site-packages/airflow/example_dags/tutorial_dag.py
[2025-09-29T15:47:07.970+0000] {processor.py:840} INFO - DAG(s) 'tutorial_dag' retrieved from /home/airflow/.local/lib/python3.12/site-packages/airflow/example_dags/tutorial_dag.py
[2025-09-29T15:47:08.045+0000] {logging_mixin.py:188} INFO - [2025-09-29T15:47:08.044+0000] {dag.py:3089} INFO - Sync 1 DAGs
[2025-09-29T15:47:08.082+0000] {logging_mixin.py:188} INFO - [2025-09-29T15:47:08.082+0000] {dag.py:3947} INFO - Setting next_dagrun for tutorial_dag to None, run_after=None
[2025-09-29T15:47:08.144+0000] {processor.py:183} INFO - Processing /home/airflow/.local/lib/python3.12/site-packages/airflow/example_dags/tutorial_dag.py took 0.229 seconds
[2025-09-29T15:47:38.433+0000] {processor.py:161} INFO - Started process (PID=7559) to work on /home/airflow/.local/lib/python3.12/site-packages/airflow/example_dags/tutorial_dag.py
[2025-09-29T15:47:38.435+0000] {processor.py:830} INFO - Processing file /home/airflow/.local/lib/python3.12/site-packages/airflow/example_dags/tutorial_dag.py for tasks to queue
[2025-09-29T15:47:38.440+0000] {logging_mixin.py:188} INFO - [2025-09-29T15:47:38.439+0000] {dagbag.py:545} INFO - Filling up the DagBag from /home/airflow/.local/lib/python3.12/site-packages/airflow/example_dags/tutorial_dag.py
[2025-09-29T15:47:38.452+0000] {processor.py:840} INFO - DAG(s) 'tutorial_dag' retrieved from /home/airflow/.local/lib/python3.12/site-packages/airflow/example_dags/tutorial_dag.py
[2025-09-29T15:47:38.509+0000] {logging_mixin.py:188} INFO - [2025-09-29T15:47:38.508+0000] {dag.py:3089} INFO - Sync 1 DAGs
[2025-09-29T15:47:38.539+0000] {logging_mixin.py:188} INFO - [2025-09-29T15:47:38.538+0000] {dag.py:3947} INFO - Setting next_dagrun for tutorial_dag to None, run_after=None
[2025-09-29T15:47:38.584+0000] {processor.py:183} INFO - Processing /home/airflow/.local/lib/python3.12/site-packages/airflow/example_dags/tutorial_dag.py took 0.170 seconds
[2025-09-29T15:48:08.979+0000] {processor.py:161} INFO - Started process (PID=7821) to work on /home/airflow/.local/lib/python3.12/site-packages/airflow/example_dags/tutorial_dag.py
[2025-09-29T15:48:08.982+0000] {processor.py:830} INFO - Processing file /home/airflow/.local/lib/python3.12/site-packages/airflow/example_dags/tutorial_dag.py for tasks to queue
[2025-09-29T15:48:08.988+0000] {logging_mixin.py:188} INFO - [2025-09-29T15:48:08.987+0000] {dagbag.py:545} INFO - Filling up the DagBag from /home/airflow/.local/lib/python3.12/site-packages/airflow/example_dags/tutorial_dag.py
[2025-09-29T15:48:09.005+0000] {processor.py:840} INFO - DAG(s) 'tutorial_dag' retrieved from /home/airflow/.local/lib/python3.12/site-packages/airflow/example_dags/tutorial_dag.py
[2025-09-29T15:48:09.072+0000] {logging_mixin.py:188} INFO - [2025-09-29T15:48:09.071+0000] {dag.py:3089} INFO - Sync 1 DAGs
[2025-09-29T15:48:09.120+0000] {logging_mixin.py:188} INFO - [2025-09-29T15:48:09.119+0000] {dag.py:3947} INFO - Setting next_dagrun for tutorial_dag to None, run_after=None
[2025-09-29T15:48:09.181+0000] {processor.py:183} INFO - Processing /home/airflow/.local/lib/python3.12/site-packages/airflow/example_dags/tutorial_dag.py took 0.218 seconds
[2025-09-29T15:48:39.370+0000] {processor.py:161} INFO - Started process (PID=8080) to work on /home/airflow/.local/lib/python3.12/site-packages/airflow/example_dags/tutorial_dag.py
[2025-09-29T15:48:39.373+0000] {processor.py:830} INFO - Processing file /home/airflow/.local/lib/python3.12/site-packages/airflow/example_dags/tutorial_dag.py for tasks to queue
[2025-09-29T15:48:39.377+0000] {logging_mixin.py:188} INFO - [2025-09-29T15:48:39.376+0000] {dagbag.py:545} INFO - Filling up the DagBag from /home/airflow/.local/lib/python3.12/site-packages/airflow/example_dags/tutorial_dag.py
[2025-09-29T15:48:39.391+0000] {processor.py:840} INFO - DAG(s) 'tutorial_dag' retrieved from /home/airflow/.local/lib/python3.12/site-packages/airflow/example_dags/tutorial_dag.py
[2025-09-29T15:48:39.445+0000] {logging_mixin.py:188} INFO - [2025-09-29T15:48:39.445+0000] {dag.py:3089} INFO - Sync 1 DAGs
[2025-09-29T15:48:39.475+0000] {logging_mixin.py:188} INFO - [2025-09-29T15:48:39.475+0000] {dag.py:3947} INFO - Setting next_dagrun for tutorial_dag to None, run_after=None
[2025-09-29T15:48:39.521+0000] {processor.py:183} INFO - Processing /home/airflow/.local/lib/python3.12/site-packages/airflow/example_dags/tutorial_dag.py took 0.165 seconds
[2025-09-29T15:49:09.690+0000] {processor.py:161} INFO - Started process (PID=8342) to work on /home/airflow/.local/lib/python3.12/site-packages/airflow/example_dags/tutorial_dag.py
[2025-09-29T15:49:09.692+0000] {processor.py:830} INFO - Processing file /home/airflow/.local/lib/python3.12/site-packages/airflow/example_dags/tutorial_dag.py for tasks to queue
[2025-09-29T15:49:09.696+0000] {logging_mixin.py:188} INFO - [2025-09-29T15:49:09.696+0000] {dagbag.py:545} INFO - Filling up the DagBag from /home/airflow/.local/lib/python3.12/site-packages/airflow/example_dags/tutorial_dag.py
[2025-09-29T15:49:09.709+0000] {processor.py:840} INFO - DAG(s) 'tutorial_dag' retrieved from /home/airflow/.local/lib/python3.12/site-packages/airflow/example_dags/tutorial_dag.py
[2025-09-29T15:49:09.764+0000] {logging_mixin.py:188} INFO - [2025-09-29T15:49:09.763+0000] {dag.py:3089} INFO - Sync 1 DAGs
[2025-09-29T15:49:09.792+0000] {logging_mixin.py:188} INFO - [2025-09-29T15:49:09.792+0000] {dag.py:3947} INFO - Setting next_dagrun for tutorial_dag to None, run_after=None
[2025-09-29T15:49:09.837+0000] {processor.py:183} INFO - Processing /home/airflow/.local/lib/python3.12/site-packages/airflow/example_dags/tutorial_dag.py took 0.161 seconds
[2025-09-29T15:49:40.450+0000] {processor.py:161} INFO - Started process (PID=8604) to work on /home/airflow/.local/lib/python3.12/site-packages/airflow/example_dags/tutorial_dag.py
[2025-09-29T15:49:40.466+0000] {processor.py:830} INFO - Processing file /home/airflow/.local/lib/python3.12/site-packages/airflow/example_dags/tutorial_dag.py for tasks to queue
[2025-09-29T15:49:40.470+0000] {logging_mixin.py:188} INFO - [2025-09-29T15:49:40.469+0000] {dagbag.py:545} INFO - Filling up the DagBag from /home/airflow/.local/lib/python3.12/site-packages/airflow/example_dags/tutorial_dag.py
[2025-09-29T15:49:40.482+0000] {processor.py:840} INFO - DAG(s) 'tutorial_dag' retrieved from /home/airflow/.local/lib/python3.12/site-packages/airflow/example_dags/tutorial_dag.py
[2025-09-29T15:49:40.547+0000] {logging_mixin.py:188} INFO - [2025-09-29T15:49:40.546+0000] {dag.py:3089} INFO - Sync 1 DAGs
[2025-09-29T15:49:40.582+0000] {logging_mixin.py:188} INFO - [2025-09-29T15:49:40.581+0000] {dag.py:3947} INFO - Setting next_dagrun for tutorial_dag to None, run_after=None
[2025-09-29T15:49:40.633+0000] {processor.py:183} INFO - Processing /home/airflow/.local/lib/python3.12/site-packages/airflow/example_dags/tutorial_dag.py took 0.196 seconds
[2025-09-29T15:50:10.879+0000] {processor.py:161} INFO - Started process (PID=8866) to work on /home/airflow/.local/lib/python3.12/site-packages/airflow/example_dags/tutorial_dag.py
[2025-09-29T15:50:10.882+0000] {processor.py:830} INFO - Processing file /home/airflow/.local/lib/python3.12/site-packages/airflow/example_dags/tutorial_dag.py for tasks to queue
[2025-09-29T15:50:10.886+0000] {logging_mixin.py:188} INFO - [2025-09-29T15:50:10.885+0000] {dagbag.py:545} INFO - Filling up the DagBag from /home/airflow/.local/lib/python3.12/site-packages/airflow/example_dags/tutorial_dag.py
[2025-09-29T15:50:10.900+0000] {processor.py:840} INFO - DAG(s) 'tutorial_dag' retrieved from /home/airflow/.local/lib/python3.12/site-packages/airflow/example_dags/tutorial_dag.py
[2025-09-29T15:50:10.960+0000] {logging_mixin.py:188} INFO - [2025-09-29T15:50:10.959+0000] {dag.py:3089} INFO - Sync 1 DAGs
[2025-09-29T15:50:10.996+0000] {logging_mixin.py:188} INFO - [2025-09-29T15:50:10.996+0000] {dag.py:3947} INFO - Setting next_dagrun for tutorial_dag to None, run_after=None
[2025-09-29T15:50:11.051+0000] {processor.py:183} INFO - Processing /home/airflow/.local/lib/python3.12/site-packages/airflow/example_dags/tutorial_dag.py took 0.185 seconds
[2025-09-29T15:50:41.227+0000] {processor.py:161} INFO - Started process (PID=9128) to work on /home/airflow/.local/lib/python3.12/site-packages/airflow/example_dags/tutorial_dag.py
[2025-09-29T15:50:41.230+0000] {processor.py:830} INFO - Processing file /home/airflow/.local/lib/python3.12/site-packages/airflow/example_dags/tutorial_dag.py for tasks to queue
[2025-09-29T15:50:41.234+0000] {logging_mixin.py:188} INFO - [2025-09-29T15:50:41.233+0000] {dagbag.py:545} INFO - Filling up the DagBag from /home/airflow/.local/lib/python3.12/site-packages/airflow/example_dags/tutorial_dag.py
[2025-09-29T15:50:41.247+0000] {processor.py:840} INFO - DAG(s) 'tutorial_dag' retrieved from /home/airflow/.local/lib/python3.12/site-packages/airflow/example_dags/tutorial_dag.py
[2025-09-29T15:50:41.304+0000] {logging_mixin.py:188} INFO - [2025-09-29T15:50:41.303+0000] {dag.py:3089} INFO - Sync 1 DAGs
[2025-09-29T15:50:41.334+0000] {logging_mixin.py:188} INFO - [2025-09-29T15:50:41.333+0000] {dag.py:3947} INFO - Setting next_dagrun for tutorial_dag to None, run_after=None
[2025-09-29T15:50:41.381+0000] {processor.py:183} INFO - Processing /home/airflow/.local/lib/python3.12/site-packages/airflow/example_dags/tutorial_dag.py took 0.168 seconds
[2025-09-29T15:51:11.938+0000] {processor.py:161} INFO - Started process (PID=9388) to work on /home/airflow/.local/lib/python3.12/site-packages/airflow/example_dags/tutorial_dag.py
[2025-09-29T15:51:11.953+0000] {processor.py:830} INFO - Processing file /home/airflow/.local/lib/python3.12/site-packages/airflow/example_dags/tutorial_dag.py for tasks to queue
[2025-09-29T15:51:11.957+0000] {logging_mixin.py:188} INFO - [2025-09-29T15:51:11.956+0000] {dagbag.py:545} INFO - Filling up the DagBag from /home/airflow/.local/lib/python3.12/site-packages/airflow/example_dags/tutorial_dag.py
[2025-09-29T15:51:11.970+0000] {processor.py:840} INFO - DAG(s) 'tutorial_dag' retrieved from /home/airflow/.local/lib/python3.12/site-packages/airflow/example_dags/tutorial_dag.py
[2025-09-29T15:51:12.025+0000] {logging_mixin.py:188} INFO - [2025-09-29T15:51:12.024+0000] {dag.py:3089} INFO - Sync 1 DAGs
[2025-09-29T15:51:12.054+0000] {logging_mixin.py:188} INFO - [2025-09-29T15:51:12.053+0000] {dag.py:3947} INFO - Setting next_dagrun for tutorial_dag to None, run_after=None
[2025-09-29T15:51:12.102+0000] {processor.py:183} INFO - Processing /home/airflow/.local/lib/python3.12/site-packages/airflow/example_dags/tutorial_dag.py took 0.181 seconds
[2025-09-29T15:51:42.721+0000] {processor.py:161} INFO - Started process (PID=9646) to work on /home/airflow/.local/lib/python3.12/site-packages/airflow/example_dags/tutorial_dag.py
[2025-09-29T15:51:42.724+0000] {processor.py:830} INFO - Processing file /home/airflow/.local/lib/python3.12/site-packages/airflow/example_dags/tutorial_dag.py for tasks to queue
[2025-09-29T15:51:42.728+0000] {logging_mixin.py:188} INFO - [2025-09-29T15:51:42.727+0000] {dagbag.py:545} INFO - Filling up the DagBag from /home/airflow/.local/lib/python3.12/site-packages/airflow/example_dags/tutorial_dag.py
[2025-09-29T15:51:42.740+0000] {processor.py:840} INFO - DAG(s) 'tutorial_dag' retrieved from /home/airflow/.local/lib/python3.12/site-packages/airflow/example_dags/tutorial_dag.py
[2025-09-29T15:51:42.797+0000] {logging_mixin.py:188} INFO - [2025-09-29T15:51:42.797+0000] {dag.py:3089} INFO - Sync 1 DAGs
[2025-09-29T15:51:42.831+0000] {logging_mixin.py:188} INFO - [2025-09-29T15:51:42.830+0000] {dag.py:3947} INFO - Setting next_dagrun for tutorial_dag to None, run_after=None
[2025-09-29T15:51:42.883+0000] {processor.py:183} INFO - Processing /home/airflow/.local/lib/python3.12/site-packages/airflow/example_dags/tutorial_dag.py took 0.176 seconds
[2025-09-29T15:52:13.557+0000] {processor.py:161} INFO - Started process (PID=9908) to work on /home/airflow/.local/lib/python3.12/site-packages/airflow/example_dags/tutorial_dag.py
[2025-09-29T15:52:13.560+0000] {processor.py:830} INFO - Processing file /home/airflow/.local/lib/python3.12/site-packages/airflow/example_dags/tutorial_dag.py for tasks to queue
[2025-09-29T15:52:13.565+0000] {logging_mixin.py:188} INFO - [2025-09-29T15:52:13.564+0000] {dagbag.py:545} INFO - Filling up the DagBag from /home/airflow/.local/lib/python3.12/site-packages/airflow/example_dags/tutorial_dag.py
[2025-09-29T15:52:13.578+0000] {processor.py:840} INFO - DAG(s) 'tutorial_dag' retrieved from /home/airflow/.local/lib/python3.12/site-packages/airflow/example_dags/tutorial_dag.py
[2025-09-29T15:52:13.637+0000] {logging_mixin.py:188} INFO - [2025-09-29T15:52:13.636+0000] {dag.py:3089} INFO - Sync 1 DAGs
[2025-09-29T15:52:13.669+0000] {logging_mixin.py:188} INFO - [2025-09-29T15:52:13.669+0000] {dag.py:3947} INFO - Setting next_dagrun for tutorial_dag to None, run_after=None
[2025-09-29T15:52:13.719+0000] {processor.py:183} INFO - Processing /home/airflow/.local/lib/python3.12/site-packages/airflow/example_dags/tutorial_dag.py took 0.176 seconds
[2025-09-29T15:52:44.161+0000] {processor.py:161} INFO - Started process (PID=10170) to work on /home/airflow/.local/lib/python3.12/site-packages/airflow/example_dags/tutorial_dag.py
[2025-09-29T15:52:44.176+0000] {processor.py:830} INFO - Processing file /home/airflow/.local/lib/python3.12/site-packages/airflow/example_dags/tutorial_dag.py for tasks to queue
[2025-09-29T15:52:44.180+0000] {logging_mixin.py:188} INFO - [2025-09-29T15:52:44.180+0000] {dagbag.py:545} INFO - Filling up the DagBag from /home/airflow/.local/lib/python3.12/site-packages/airflow/example_dags/tutorial_dag.py
[2025-09-29T15:52:44.193+0000] {processor.py:840} INFO - DAG(s) 'tutorial_dag' retrieved from /home/airflow/.local/lib/python3.12/site-packages/airflow/example_dags/tutorial_dag.py
[2025-09-29T15:52:44.252+0000] {logging_mixin.py:188} INFO - [2025-09-29T15:52:44.252+0000] {dag.py:3089} INFO - Sync 1 DAGs
[2025-09-29T15:52:44.287+0000] {logging_mixin.py:188} INFO - [2025-09-29T15:52:44.286+0000] {dag.py:3947} INFO - Setting next_dagrun for tutorial_dag to None, run_after=None
[2025-09-29T15:52:44.339+0000] {processor.py:183} INFO - Processing /home/airflow/.local/lib/python3.12/site-packages/airflow/example_dags/tutorial_dag.py took 0.192 seconds
[2025-09-29T15:53:14.815+0000] {processor.py:161} INFO - Started process (PID=10432) to work on /home/airflow/.local/lib/python3.12/site-packages/airflow/example_dags/tutorial_dag.py
[2025-09-29T15:53:14.826+0000] {processor.py:830} INFO - Processing file /home/airflow/.local/lib/python3.12/site-packages/airflow/example_dags/tutorial_dag.py for tasks to queue
[2025-09-29T15:53:14.830+0000] {logging_mixin.py:188} INFO - [2025-09-29T15:53:14.829+0000] {dagbag.py:545} INFO - Filling up the DagBag from /home/airflow/.local/lib/python3.12/site-packages/airflow/example_dags/tutorial_dag.py
[2025-09-29T15:53:14.843+0000] {processor.py:840} INFO - DAG(s) 'tutorial_dag' retrieved from /home/airflow/.local/lib/python3.12/site-packages/airflow/example_dags/tutorial_dag.py
[2025-09-29T15:53:14.901+0000] {logging_mixin.py:188} INFO - [2025-09-29T15:53:14.901+0000] {dag.py:3089} INFO - Sync 1 DAGs
[2025-09-29T15:53:14.934+0000] {logging_mixin.py:188} INFO - [2025-09-29T15:53:14.934+0000] {dag.py:3947} INFO - Setting next_dagrun for tutorial_dag to None, run_after=None
[2025-09-29T15:53:14.991+0000] {processor.py:183} INFO - Processing /home/airflow/.local/lib/python3.12/site-packages/airflow/example_dags/tutorial_dag.py took 0.190 seconds
[2025-09-29T15:53:45.789+0000] {processor.py:161} INFO - Started process (PID=10694) to work on /home/airflow/.local/lib/python3.12/site-packages/airflow/example_dags/tutorial_dag.py
[2025-09-29T15:53:45.792+0000] {processor.py:830} INFO - Processing file /home/airflow/.local/lib/python3.12/site-packages/airflow/example_dags/tutorial_dag.py for tasks to queue
[2025-09-29T15:53:45.796+0000] {logging_mixin.py:188} INFO - [2025-09-29T15:53:45.795+0000] {dagbag.py:545} INFO - Filling up the DagBag from /home/airflow/.local/lib/python3.12/site-packages/airflow/example_dags/tutorial_dag.py
[2025-09-29T15:53:45.809+0000] {processor.py:840} INFO - DAG(s) 'tutorial_dag' retrieved from /home/airflow/.local/lib/python3.12/site-packages/airflow/example_dags/tutorial_dag.py
[2025-09-29T15:53:45.866+0000] {logging_mixin.py:188} INFO - [2025-09-29T15:53:45.866+0000] {dag.py:3089} INFO - Sync 1 DAGs
[2025-09-29T15:53:45.897+0000] {logging_mixin.py:188} INFO - [2025-09-29T15:53:45.896+0000] {dag.py:3947} INFO - Setting next_dagrun for tutorial_dag to None, run_after=None
[2025-09-29T15:53:45.942+0000] {processor.py:183} INFO - Processing /home/airflow/.local/lib/python3.12/site-packages/airflow/example_dags/tutorial_dag.py took 0.166 seconds
[2025-09-29T15:54:16.514+0000] {processor.py:161} INFO - Started process (PID=10956) to work on /home/airflow/.local/lib/python3.12/site-packages/airflow/example_dags/tutorial_dag.py
[2025-09-29T15:54:16.517+0000] {processor.py:830} INFO - Processing file /home/airflow/.local/lib/python3.12/site-packages/airflow/example_dags/tutorial_dag.py for tasks to queue
[2025-09-29T15:54:16.521+0000] {logging_mixin.py:188} INFO - [2025-09-29T15:54:16.520+0000] {dagbag.py:545} INFO - Filling up the DagBag from /home/airflow/.local/lib/python3.12/site-packages/airflow/example_dags/tutorial_dag.py
[2025-09-29T15:54:16.533+0000] {processor.py:840} INFO - DAG(s) 'tutorial_dag' retrieved from /home/airflow/.local/lib/python3.12/site-packages/airflow/example_dags/tutorial_dag.py
[2025-09-29T15:54:16.589+0000] {logging_mixin.py:188} INFO - [2025-09-29T15:54:16.589+0000] {dag.py:3089} INFO - Sync 1 DAGs
[2025-09-29T15:54:16.618+0000] {logging_mixin.py:188} INFO - [2025-09-29T15:54:16.617+0000] {dag.py:3947} INFO - Setting next_dagrun for tutorial_dag to None, run_after=None
[2025-09-29T15:54:16.665+0000] {processor.py:183} INFO - Processing /home/airflow/.local/lib/python3.12/site-packages/airflow/example_dags/tutorial_dag.py took 0.166 seconds
[2025-09-29T15:54:47.431+0000] {processor.py:161} INFO - Started process (PID=11218) to work on /home/airflow/.local/lib/python3.12/site-packages/airflow/example_dags/tutorial_dag.py
[2025-09-29T15:54:47.434+0000] {processor.py:830} INFO - Processing file /home/airflow/.local/lib/python3.12/site-packages/airflow/example_dags/tutorial_dag.py for tasks to queue
[2025-09-29T15:54:47.438+0000] {logging_mixin.py:188} INFO - [2025-09-29T15:54:47.437+0000] {dagbag.py:545} INFO - Filling up the DagBag from /home/airflow/.local/lib/python3.12/site-packages/airflow/example_dags/tutorial_dag.py
[2025-09-29T15:54:47.450+0000] {processor.py:840} INFO - DAG(s) 'tutorial_dag' retrieved from /home/airflow/.local/lib/python3.12/site-packages/airflow/example_dags/tutorial_dag.py
[2025-09-29T15:54:47.504+0000] {logging_mixin.py:188} INFO - [2025-09-29T15:54:47.503+0000] {dag.py:3089} INFO - Sync 1 DAGs
[2025-09-29T15:54:47.532+0000] {logging_mixin.py:188} INFO - [2025-09-29T15:54:47.532+0000] {dag.py:3947} INFO - Setting next_dagrun for tutorial_dag to None, run_after=None
[2025-09-29T15:54:47.582+0000] {processor.py:183} INFO - Processing /home/airflow/.local/lib/python3.12/site-packages/airflow/example_dags/tutorial_dag.py took 0.165 seconds
[2025-09-29T15:55:18.165+0000] {processor.py:161} INFO - Started process (PID=11480) to work on /home/airflow/.local/lib/python3.12/site-packages/airflow/example_dags/tutorial_dag.py
[2025-09-29T15:55:18.181+0000] {processor.py:830} INFO - Processing file /home/airflow/.local/lib/python3.12/site-packages/airflow/example_dags/tutorial_dag.py for tasks to queue
[2025-09-29T15:55:18.185+0000] {logging_mixin.py:188} INFO - [2025-09-29T15:55:18.184+0000] {dagbag.py:545} INFO - Filling up the DagBag from /home/airflow/.local/lib/python3.12/site-packages/airflow/example_dags/tutorial_dag.py
[2025-09-29T15:55:18.199+0000] {processor.py:840} INFO - DAG(s) 'tutorial_dag' retrieved from /home/airflow/.local/lib/python3.12/site-packages/airflow/example_dags/tutorial_dag.py
[2025-09-29T15:55:18.257+0000] {logging_mixin.py:188} INFO - [2025-09-29T15:55:18.257+0000] {dag.py:3089} INFO - Sync 1 DAGs
[2025-09-29T15:55:18.286+0000] {logging_mixin.py:188} INFO - [2025-09-29T15:55:18.286+0000] {dag.py:3947} INFO - Setting next_dagrun for tutorial_dag to None, run_after=None
[2025-09-29T15:55:18.338+0000] {processor.py:183} INFO - Processing /home/airflow/.local/lib/python3.12/site-packages/airflow/example_dags/tutorial_dag.py took 0.189 seconds
[2025-09-29T15:55:48.474+0000] {processor.py:161} INFO - Started process (PID=11742) to work on /home/airflow/.local/lib/python3.12/site-packages/airflow/example_dags/tutorial_dag.py
[2025-09-29T15:55:48.477+0000] {processor.py:830} INFO - Processing file /home/airflow/.local/lib/python3.12/site-packages/airflow/example_dags/tutorial_dag.py for tasks to queue
[2025-09-29T15:55:48.481+0000] {logging_mixin.py:188} INFO - [2025-09-29T15:55:48.480+0000] {dagbag.py:545} INFO - Filling up the DagBag from /home/airflow/.local/lib/python3.12/site-packages/airflow/example_dags/tutorial_dag.py
[2025-09-29T15:55:48.493+0000] {processor.py:840} INFO - DAG(s) 'tutorial_dag' retrieved from /home/airflow/.local/lib/python3.12/site-packages/airflow/example_dags/tutorial_dag.py
[2025-09-29T15:55:48.558+0000] {logging_mixin.py:188} INFO - [2025-09-29T15:55:48.558+0000] {dag.py:3089} INFO - Sync 1 DAGs
[2025-09-29T15:55:48.592+0000] {logging_mixin.py:188} INFO - [2025-09-29T15:55:48.592+0000] {dag.py:3947} INFO - Setting next_dagrun for tutorial_dag to None, run_after=None
[2025-09-29T15:55:48.641+0000] {processor.py:183} INFO - Processing /home/airflow/.local/lib/python3.12/site-packages/airflow/example_dags/tutorial_dag.py took 0.181 seconds
[2025-09-29T15:56:19.219+0000] {processor.py:161} INFO - Started process (PID=12004) to work on /home/airflow/.local/lib/python3.12/site-packages/airflow/example_dags/tutorial_dag.py
[2025-09-29T15:56:19.222+0000] {processor.py:830} INFO - Processing file /home/airflow/.local/lib/python3.12/site-packages/airflow/example_dags/tutorial_dag.py for tasks to queue
[2025-09-29T15:56:19.228+0000] {logging_mixin.py:188} INFO - [2025-09-29T15:56:19.226+0000] {dagbag.py:545} INFO - Filling up the DagBag from /home/airflow/.local/lib/python3.12/site-packages/airflow/example_dags/tutorial_dag.py
[2025-09-29T15:56:19.244+0000] {processor.py:840} INFO - DAG(s) 'tutorial_dag' retrieved from /home/airflow/.local/lib/python3.12/site-packages/airflow/example_dags/tutorial_dag.py
[2025-09-29T15:56:19.329+0000] {logging_mixin.py:188} INFO - [2025-09-29T15:56:19.328+0000] {dag.py:3089} INFO - Sync 1 DAGs
[2025-09-29T15:56:19.390+0000] {logging_mixin.py:188} INFO - [2025-09-29T15:56:19.389+0000] {dag.py:3947} INFO - Setting next_dagrun for tutorial_dag to None, run_after=None
[2025-09-29T15:56:19.505+0000] {processor.py:183} INFO - Processing /home/airflow/.local/lib/python3.12/site-packages/airflow/example_dags/tutorial_dag.py took 0.304 seconds
[2025-09-29T15:56:49.719+0000] {processor.py:161} INFO - Started process (PID=12266) to work on /home/airflow/.local/lib/python3.12/site-packages/airflow/example_dags/tutorial_dag.py
[2025-09-29T15:56:49.734+0000] {processor.py:830} INFO - Processing file /home/airflow/.local/lib/python3.12/site-packages/airflow/example_dags/tutorial_dag.py for tasks to queue
[2025-09-29T15:56:49.738+0000] {logging_mixin.py:188} INFO - [2025-09-29T15:56:49.737+0000] {dagbag.py:545} INFO - Filling up the DagBag from /home/airflow/.local/lib/python3.12/site-packages/airflow/example_dags/tutorial_dag.py
[2025-09-29T15:56:49.751+0000] {processor.py:840} INFO - DAG(s) 'tutorial_dag' retrieved from /home/airflow/.local/lib/python3.12/site-packages/airflow/example_dags/tutorial_dag.py
[2025-09-29T15:56:49.813+0000] {logging_mixin.py:188} INFO - [2025-09-29T15:56:49.812+0000] {dag.py:3089} INFO - Sync 1 DAGs
[2025-09-29T15:56:49.841+0000] {logging_mixin.py:188} INFO - [2025-09-29T15:56:49.841+0000] {dag.py:3947} INFO - Setting next_dagrun for tutorial_dag to None, run_after=None
[2025-09-29T15:56:49.887+0000] {processor.py:183} INFO - Processing /home/airflow/.local/lib/python3.12/site-packages/airflow/example_dags/tutorial_dag.py took 0.185 seconds
[2025-09-29T15:57:20.545+0000] {processor.py:161} INFO - Started process (PID=12528) to work on /home/airflow/.local/lib/python3.12/site-packages/airflow/example_dags/tutorial_dag.py
[2025-09-29T15:57:20.547+0000] {processor.py:830} INFO - Processing file /home/airflow/.local/lib/python3.12/site-packages/airflow/example_dags/tutorial_dag.py for tasks to queue
[2025-09-29T15:57:20.551+0000] {logging_mixin.py:188} INFO - [2025-09-29T15:57:20.550+0000] {dagbag.py:545} INFO - Filling up the DagBag from /home/airflow/.local/lib/python3.12/site-packages/airflow/example_dags/tutorial_dag.py
[2025-09-29T15:57:20.563+0000] {processor.py:840} INFO - DAG(s) 'tutorial_dag' retrieved from /home/airflow/.local/lib/python3.12/site-packages/airflow/example_dags/tutorial_dag.py
[2025-09-29T15:57:20.620+0000] {logging_mixin.py:188} INFO - [2025-09-29T15:57:20.620+0000] {dag.py:3089} INFO - Sync 1 DAGs
[2025-09-29T15:57:20.656+0000] {logging_mixin.py:188} INFO - [2025-09-29T15:57:20.656+0000] {dag.py:3947} INFO - Setting next_dagrun for tutorial_dag to None, run_after=None
[2025-09-29T15:57:20.712+0000] {processor.py:183} INFO - Processing /home/airflow/.local/lib/python3.12/site-packages/airflow/example_dags/tutorial_dag.py took 0.182 seconds
[2025-09-29T15:57:51.027+0000] {processor.py:161} INFO - Started process (PID=12790) to work on /home/airflow/.local/lib/python3.12/site-packages/airflow/example_dags/tutorial_dag.py
[2025-09-29T15:57:51.030+0000] {processor.py:830} INFO - Processing file /home/airflow/.local/lib/python3.12/site-packages/airflow/example_dags/tutorial_dag.py for tasks to queue
[2025-09-29T15:57:51.034+0000] {logging_mixin.py:188} INFO - [2025-09-29T15:57:51.033+0000] {dagbag.py:545} INFO - Filling up the DagBag from /home/airflow/.local/lib/python3.12/site-packages/airflow/example_dags/tutorial_dag.py
[2025-09-29T15:57:51.045+0000] {processor.py:840} INFO - DAG(s) 'tutorial_dag' retrieved from /home/airflow/.local/lib/python3.12/site-packages/airflow/example_dags/tutorial_dag.py
[2025-09-29T15:57:51.102+0000] {logging_mixin.py:188} INFO - [2025-09-29T15:57:51.102+0000] {dag.py:3089} INFO - Sync 1 DAGs
[2025-09-29T15:57:51.130+0000] {logging_mixin.py:188} INFO - [2025-09-29T15:57:51.130+0000] {dag.py:3947} INFO - Setting next_dagrun for tutorial_dag to None, run_after=None
[2025-09-29T15:57:51.175+0000] {processor.py:183} INFO - Processing /home/airflow/.local/lib/python3.12/site-packages/airflow/example_dags/tutorial_dag.py took 0.163 seconds
[2025-09-29T15:58:21.927+0000] {processor.py:161} INFO - Started process (PID=13052) to work on /home/airflow/.local/lib/python3.12/site-packages/airflow/example_dags/tutorial_dag.py
[2025-09-29T15:58:21.943+0000] {processor.py:830} INFO - Processing file /home/airflow/.local/lib/python3.12/site-packages/airflow/example_dags/tutorial_dag.py for tasks to queue
[2025-09-29T15:58:21.948+0000] {logging_mixin.py:188} INFO - [2025-09-29T15:58:21.947+0000] {dagbag.py:545} INFO - Filling up the DagBag from /home/airflow/.local/lib/python3.12/site-packages/airflow/example_dags/tutorial_dag.py
[2025-09-29T15:58:21.959+0000] {processor.py:840} INFO - DAG(s) 'tutorial_dag' retrieved from /home/airflow/.local/lib/python3.12/site-packages/airflow/example_dags/tutorial_dag.py
[2025-09-29T15:58:22.012+0000] {logging_mixin.py:188} INFO - [2025-09-29T15:58:22.011+0000] {dag.py:3089} INFO - Sync 1 DAGs
[2025-09-29T15:58:22.040+0000] {logging_mixin.py:188} INFO - [2025-09-29T15:58:22.039+0000] {dag.py:3947} INFO - Setting next_dagrun for tutorial_dag to None, run_after=None
[2025-09-29T15:58:22.086+0000] {processor.py:183} INFO - Processing /home/airflow/.local/lib/python3.12/site-packages/airflow/example_dags/tutorial_dag.py took 0.174 seconds
[2025-09-29T15:58:52.902+0000] {processor.py:161} INFO - Started process (PID=13314) to work on /home/airflow/.local/lib/python3.12/site-packages/airflow/example_dags/tutorial_dag.py
[2025-09-29T15:58:52.905+0000] {processor.py:830} INFO - Processing file /home/airflow/.local/lib/python3.12/site-packages/airflow/example_dags/tutorial_dag.py for tasks to queue
[2025-09-29T15:58:52.910+0000] {logging_mixin.py:188} INFO - [2025-09-29T15:58:52.909+0000] {dagbag.py:545} INFO - Filling up the DagBag from /home/airflow/.local/lib/python3.12/site-packages/airflow/example_dags/tutorial_dag.py
[2025-09-29T15:58:52.923+0000] {processor.py:840} INFO - DAG(s) 'tutorial_dag' retrieved from /home/airflow/.local/lib/python3.12/site-packages/airflow/example_dags/tutorial_dag.py
[2025-09-29T15:58:52.982+0000] {logging_mixin.py:188} INFO - [2025-09-29T15:58:52.981+0000] {dag.py:3089} INFO - Sync 1 DAGs
[2025-09-29T15:58:53.011+0000] {logging_mixin.py:188} INFO - [2025-09-29T15:58:53.011+0000] {dag.py:3947} INFO - Setting next_dagrun for tutorial_dag to None, run_after=None
[2025-09-29T15:58:53.060+0000] {processor.py:183} INFO - Processing /home/airflow/.local/lib/python3.12/site-packages/airflow/example_dags/tutorial_dag.py took 0.173 seconds
[2025-09-29T15:59:23.521+0000] {processor.py:161} INFO - Started process (PID=13576) to work on /home/airflow/.local/lib/python3.12/site-packages/airflow/example_dags/tutorial_dag.py
[2025-09-29T15:59:23.524+0000] {processor.py:830} INFO - Processing file /home/airflow/.local/lib/python3.12/site-packages/airflow/example_dags/tutorial_dag.py for tasks to queue
[2025-09-29T15:59:23.529+0000] {logging_mixin.py:188} INFO - [2025-09-29T15:59:23.529+0000] {dagbag.py:545} INFO - Filling up the DagBag from /home/airflow/.local/lib/python3.12/site-packages/airflow/example_dags/tutorial_dag.py
[2025-09-29T15:59:23.541+0000] {processor.py:840} INFO - DAG(s) 'tutorial_dag' retrieved from /home/airflow/.local/lib/python3.12/site-packages/airflow/example_dags/tutorial_dag.py
[2025-09-29T15:59:23.600+0000] {logging_mixin.py:188} INFO - [2025-09-29T15:59:23.599+0000] {dag.py:3089} INFO - Sync 1 DAGs
[2025-09-29T15:59:23.636+0000] {logging_mixin.py:188} INFO - [2025-09-29T15:59:23.636+0000] {dag.py:3947} INFO - Setting next_dagrun for tutorial_dag to None, run_after=None
[2025-09-29T15:59:23.682+0000] {processor.py:183} INFO - Processing /home/airflow/.local/lib/python3.12/site-packages/airflow/example_dags/tutorial_dag.py took 0.179 seconds
[2025-09-29T15:59:54.258+0000] {processor.py:161} INFO - Started process (PID=13838) to work on /home/airflow/.local/lib/python3.12/site-packages/airflow/example_dags/tutorial_dag.py
[2025-09-29T15:59:54.273+0000] {processor.py:830} INFO - Processing file /home/airflow/.local/lib/python3.12/site-packages/airflow/example_dags/tutorial_dag.py for tasks to queue
[2025-09-29T15:59:54.277+0000] {logging_mixin.py:188} INFO - [2025-09-29T15:59:54.277+0000] {dagbag.py:545} INFO - Filling up the DagBag from /home/airflow/.local/lib/python3.12/site-packages/airflow/example_dags/tutorial_dag.py
[2025-09-29T15:59:54.289+0000] {processor.py:840} INFO - DAG(s) 'tutorial_dag' retrieved from /home/airflow/.local/lib/python3.12/site-packages/airflow/example_dags/tutorial_dag.py
[2025-09-29T15:59:54.347+0000] {logging_mixin.py:188} INFO - [2025-09-29T15:59:54.346+0000] {dag.py:3089} INFO - Sync 1 DAGs
[2025-09-29T15:59:54.374+0000] {logging_mixin.py:188} INFO - [2025-09-29T15:59:54.374+0000] {dag.py:3947} INFO - Setting next_dagrun for tutorial_dag to None, run_after=None
[2025-09-29T15:59:54.433+0000] {processor.py:183} INFO - Processing /home/airflow/.local/lib/python3.12/site-packages/airflow/example_dags/tutorial_dag.py took 0.190 seconds
[2025-09-29T16:00:24.920+0000] {processor.py:161} INFO - Started process (PID=14100) to work on /home/airflow/.local/lib/python3.12/site-packages/airflow/example_dags/tutorial_dag.py
[2025-09-29T16:00:24.934+0000] {processor.py:830} INFO - Processing file /home/airflow/.local/lib/python3.12/site-packages/airflow/example_dags/tutorial_dag.py for tasks to queue
[2025-09-29T16:00:24.939+0000] {logging_mixin.py:188} INFO - [2025-09-29T16:00:24.938+0000] {dagbag.py:545} INFO - Filling up the DagBag from /home/airflow/.local/lib/python3.12/site-packages/airflow/example_dags/tutorial_dag.py
[2025-09-29T16:00:24.951+0000] {processor.py:840} INFO - DAG(s) 'tutorial_dag' retrieved from /home/airflow/.local/lib/python3.12/site-packages/airflow/example_dags/tutorial_dag.py
[2025-09-29T16:00:25.006+0000] {logging_mixin.py:188} INFO - [2025-09-29T16:00:25.006+0000] {dag.py:3089} INFO - Sync 1 DAGs
[2025-09-29T16:00:25.037+0000] {logging_mixin.py:188} INFO - [2025-09-29T16:00:25.036+0000] {dag.py:3947} INFO - Setting next_dagrun for tutorial_dag to None, run_after=None
[2025-09-29T16:00:25.080+0000] {processor.py:183} INFO - Processing /home/airflow/.local/lib/python3.12/site-packages/airflow/example_dags/tutorial_dag.py took 0.176 seconds
[2025-09-29T16:00:55.637+0000] {processor.py:161} INFO - Started process (PID=14362) to work on /home/airflow/.local/lib/python3.12/site-packages/airflow/example_dags/tutorial_dag.py
[2025-09-29T16:00:55.641+0000] {processor.py:830} INFO - Processing file /home/airflow/.local/lib/python3.12/site-packages/airflow/example_dags/tutorial_dag.py for tasks to queue
[2025-09-29T16:00:55.646+0000] {logging_mixin.py:188} INFO - [2025-09-29T16:00:55.645+0000] {dagbag.py:545} INFO - Filling up the DagBag from /home/airflow/.local/lib/python3.12/site-packages/airflow/example_dags/tutorial_dag.py
[2025-09-29T16:00:55.662+0000] {processor.py:840} INFO - DAG(s) 'tutorial_dag' retrieved from /home/airflow/.local/lib/python3.12/site-packages/airflow/example_dags/tutorial_dag.py
[2025-09-29T16:00:55.720+0000] {logging_mixin.py:188} INFO - [2025-09-29T16:00:55.720+0000] {dag.py:3089} INFO - Sync 1 DAGs
[2025-09-29T16:00:55.750+0000] {logging_mixin.py:188} INFO - [2025-09-29T16:00:55.750+0000] {dag.py:3947} INFO - Setting next_dagrun for tutorial_dag to None, run_after=None
[2025-09-29T16:00:55.799+0000] {processor.py:183} INFO - Processing /home/airflow/.local/lib/python3.12/site-packages/airflow/example_dags/tutorial_dag.py took 0.177 seconds
[2025-09-29T16:01:26.092+0000] {processor.py:161} INFO - Started process (PID=14624) to work on /home/airflow/.local/lib/python3.12/site-packages/airflow/example_dags/tutorial_dag.py
[2025-09-29T16:01:26.099+0000] {processor.py:830} INFO - Processing file /home/airflow/.local/lib/python3.12/site-packages/airflow/example_dags/tutorial_dag.py for tasks to queue
[2025-09-29T16:01:26.105+0000] {logging_mixin.py:188} INFO - [2025-09-29T16:01:26.104+0000] {dagbag.py:545} INFO - Filling up the DagBag from /home/airflow/.local/lib/python3.12/site-packages/airflow/example_dags/tutorial_dag.py
[2025-09-29T16:01:26.128+0000] {processor.py:840} INFO - DAG(s) 'tutorial_dag' retrieved from /home/airflow/.local/lib/python3.12/site-packages/airflow/example_dags/tutorial_dag.py
[2025-09-29T16:01:26.189+0000] {logging_mixin.py:188} INFO - [2025-09-29T16:01:26.189+0000] {dag.py:3089} INFO - Sync 1 DAGs
[2025-09-29T16:01:26.218+0000] {logging_mixin.py:188} INFO - [2025-09-29T16:01:26.217+0000] {dag.py:3947} INFO - Setting next_dagrun for tutorial_dag to None, run_after=None
[2025-09-29T16:01:26.277+0000] {processor.py:183} INFO - Processing /home/airflow/.local/lib/python3.12/site-packages/airflow/example_dags/tutorial_dag.py took 0.207 seconds
[2025-09-29T16:01:56.778+0000] {processor.py:161} INFO - Started process (PID=14886) to work on /home/airflow/.local/lib/python3.12/site-packages/airflow/example_dags/tutorial_dag.py
[2025-09-29T16:01:56.781+0000] {processor.py:830} INFO - Processing file /home/airflow/.local/lib/python3.12/site-packages/airflow/example_dags/tutorial_dag.py for tasks to queue
[2025-09-29T16:01:56.785+0000] {logging_mixin.py:188} INFO - [2025-09-29T16:01:56.784+0000] {dagbag.py:545} INFO - Filling up the DagBag from /home/airflow/.local/lib/python3.12/site-packages/airflow/example_dags/tutorial_dag.py
[2025-09-29T16:01:56.797+0000] {processor.py:840} INFO - DAG(s) 'tutorial_dag' retrieved from /home/airflow/.local/lib/python3.12/site-packages/airflow/example_dags/tutorial_dag.py
[2025-09-29T16:01:56.851+0000] {logging_mixin.py:188} INFO - [2025-09-29T16:01:56.851+0000] {dag.py:3089} INFO - Sync 1 DAGs
[2025-09-29T16:01:56.879+0000] {logging_mixin.py:188} INFO - [2025-09-29T16:01:56.879+0000] {dag.py:3947} INFO - Setting next_dagrun for tutorial_dag to None, run_after=None
[2025-09-29T16:01:56.931+0000] {processor.py:183} INFO - Processing /home/airflow/.local/lib/python3.12/site-packages/airflow/example_dags/tutorial_dag.py took 0.167 seconds
[2025-09-29T16:02:27.008+0000] {processor.py:161} INFO - Started process (PID=15146) to work on /home/airflow/.local/lib/python3.12/site-packages/airflow/example_dags/tutorial_dag.py
[2025-09-29T16:02:27.010+0000] {processor.py:830} INFO - Processing file /home/airflow/.local/lib/python3.12/site-packages/airflow/example_dags/tutorial_dag.py for tasks to queue
[2025-09-29T16:02:27.015+0000] {logging_mixin.py:188} INFO - [2025-09-29T16:02:27.014+0000] {dagbag.py:545} INFO - Filling up the DagBag from /home/airflow/.local/lib/python3.12/site-packages/airflow/example_dags/tutorial_dag.py
[2025-09-29T16:02:27.028+0000] {processor.py:840} INFO - DAG(s) 'tutorial_dag' retrieved from /home/airflow/.local/lib/python3.12/site-packages/airflow/example_dags/tutorial_dag.py
[2025-09-29T16:02:27.104+0000] {logging_mixin.py:188} INFO - [2025-09-29T16:02:27.104+0000] {dag.py:3089} INFO - Sync 1 DAGs
[2025-09-29T16:02:27.139+0000] {logging_mixin.py:188} INFO - [2025-09-29T16:02:27.139+0000] {dag.py:3947} INFO - Setting next_dagrun for tutorial_dag to None, run_after=None
[2025-09-29T16:02:27.192+0000] {processor.py:183} INFO - Processing /home/airflow/.local/lib/python3.12/site-packages/airflow/example_dags/tutorial_dag.py took 0.200 seconds
[2025-09-29T16:02:57.584+0000] {processor.py:161} INFO - Started process (PID=15408) to work on /home/airflow/.local/lib/python3.12/site-packages/airflow/example_dags/tutorial_dag.py
[2025-09-29T16:02:57.586+0000] {processor.py:830} INFO - Processing file /home/airflow/.local/lib/python3.12/site-packages/airflow/example_dags/tutorial_dag.py for tasks to queue
[2025-09-29T16:02:57.590+0000] {logging_mixin.py:188} INFO - [2025-09-29T16:02:57.589+0000] {dagbag.py:545} INFO - Filling up the DagBag from /home/airflow/.local/lib/python3.12/site-packages/airflow/example_dags/tutorial_dag.py
[2025-09-29T16:02:57.603+0000] {processor.py:840} INFO - DAG(s) 'tutorial_dag' retrieved from /home/airflow/.local/lib/python3.12/site-packages/airflow/example_dags/tutorial_dag.py
[2025-09-29T16:02:57.666+0000] {logging_mixin.py:188} INFO - [2025-09-29T16:02:57.665+0000] {dag.py:3089} INFO - Sync 1 DAGs
[2025-09-29T16:02:57.700+0000] {logging_mixin.py:188} INFO - [2025-09-29T16:02:57.699+0000] {dag.py:3947} INFO - Setting next_dagrun for tutorial_dag to None, run_after=None
[2025-09-29T16:02:57.749+0000] {processor.py:183} INFO - Processing /home/airflow/.local/lib/python3.12/site-packages/airflow/example_dags/tutorial_dag.py took 0.180 seconds
[2025-09-29T16:03:27.957+0000] {processor.py:161} INFO - Started process (PID=15664) to work on /home/airflow/.local/lib/python3.12/site-packages/airflow/example_dags/tutorial_dag.py
[2025-09-29T16:03:27.959+0000] {processor.py:830} INFO - Processing file /home/airflow/.local/lib/python3.12/site-packages/airflow/example_dags/tutorial_dag.py for tasks to queue
[2025-09-29T16:03:27.963+0000] {logging_mixin.py:188} INFO - [2025-09-29T16:03:27.962+0000] {dagbag.py:545} INFO - Filling up the DagBag from /home/airflow/.local/lib/python3.12/site-packages/airflow/example_dags/tutorial_dag.py
[2025-09-29T16:03:27.976+0000] {processor.py:840} INFO - DAG(s) 'tutorial_dag' retrieved from /home/airflow/.local/lib/python3.12/site-packages/airflow/example_dags/tutorial_dag.py
[2025-09-29T16:03:28.029+0000] {logging_mixin.py:188} INFO - [2025-09-29T16:03:28.029+0000] {dag.py:3089} INFO - Sync 1 DAGs
[2025-09-29T16:03:28.058+0000] {logging_mixin.py:188} INFO - [2025-09-29T16:03:28.057+0000] {dag.py:3947} INFO - Setting next_dagrun for tutorial_dag to None, run_after=None
[2025-09-29T16:03:28.117+0000] {processor.py:183} INFO - Processing /home/airflow/.local/lib/python3.12/site-packages/airflow/example_dags/tutorial_dag.py took 0.175 seconds
[2025-09-29T16:03:58.243+0000] {processor.py:161} INFO - Started process (PID=15926) to work on /home/airflow/.local/lib/python3.12/site-packages/airflow/example_dags/tutorial_dag.py
[2025-09-29T16:03:58.246+0000] {processor.py:830} INFO - Processing file /home/airflow/.local/lib/python3.12/site-packages/airflow/example_dags/tutorial_dag.py for tasks to queue
[2025-09-29T16:03:58.252+0000] {logging_mixin.py:188} INFO - [2025-09-29T16:03:58.251+0000] {dagbag.py:545} INFO - Filling up the DagBag from /home/airflow/.local/lib/python3.12/site-packages/airflow/example_dags/tutorial_dag.py
[2025-09-29T16:03:58.274+0000] {processor.py:840} INFO - DAG(s) 'tutorial_dag' retrieved from /home/airflow/.local/lib/python3.12/site-packages/airflow/example_dags/tutorial_dag.py
[2025-09-29T16:03:58.355+0000] {logging_mixin.py:188} INFO - [2025-09-29T16:03:58.354+0000] {dag.py:3089} INFO - Sync 1 DAGs
[2025-09-29T16:03:58.386+0000] {logging_mixin.py:188} INFO - [2025-09-29T16:03:58.385+0000] {dag.py:3947} INFO - Setting next_dagrun for tutorial_dag to None, run_after=None
[2025-09-29T16:03:58.435+0000] {processor.py:183} INFO - Processing /home/airflow/.local/lib/python3.12/site-packages/airflow/example_dags/tutorial_dag.py took 0.212 seconds
[2025-09-29T16:04:28.699+0000] {processor.py:161} INFO - Started process (PID=16188) to work on /home/airflow/.local/lib/python3.12/site-packages/airflow/example_dags/tutorial_dag.py
[2025-09-29T16:04:28.701+0000] {processor.py:830} INFO - Processing file /home/airflow/.local/lib/python3.12/site-packages/airflow/example_dags/tutorial_dag.py for tasks to queue
[2025-09-29T16:04:28.705+0000] {logging_mixin.py:188} INFO - [2025-09-29T16:04:28.705+0000] {dagbag.py:545} INFO - Filling up the DagBag from /home/airflow/.local/lib/python3.12/site-packages/airflow/example_dags/tutorial_dag.py
[2025-09-29T16:04:28.717+0000] {processor.py:840} INFO - DAG(s) 'tutorial_dag' retrieved from /home/airflow/.local/lib/python3.12/site-packages/airflow/example_dags/tutorial_dag.py
[2025-09-29T16:04:28.772+0000] {logging_mixin.py:188} INFO - [2025-09-29T16:04:28.771+0000] {dag.py:3089} INFO - Sync 1 DAGs
[2025-09-29T16:04:28.803+0000] {logging_mixin.py:188} INFO - [2025-09-29T16:04:28.802+0000] {dag.py:3947} INFO - Setting next_dagrun for tutorial_dag to None, run_after=None
[2025-09-29T16:04:28.860+0000] {processor.py:183} INFO - Processing /home/airflow/.local/lib/python3.12/site-packages/airflow/example_dags/tutorial_dag.py took 0.175 seconds
[2025-09-29T16:04:59.203+0000] {processor.py:161} INFO - Started process (PID=16450) to work on /home/airflow/.local/lib/python3.12/site-packages/airflow/example_dags/tutorial_dag.py
[2025-09-29T16:04:59.206+0000] {processor.py:830} INFO - Processing file /home/airflow/.local/lib/python3.12/site-packages/airflow/example_dags/tutorial_dag.py for tasks to queue
[2025-09-29T16:04:59.212+0000] {logging_mixin.py:188} INFO - [2025-09-29T16:04:59.210+0000] {dagbag.py:545} INFO - Filling up the DagBag from /home/airflow/.local/lib/python3.12/site-packages/airflow/example_dags/tutorial_dag.py
[2025-09-29T16:04:59.227+0000] {processor.py:840} INFO - DAG(s) 'tutorial_dag' retrieved from /home/airflow/.local/lib/python3.12/site-packages/airflow/example_dags/tutorial_dag.py
[2025-09-29T16:04:59.290+0000] {logging_mixin.py:188} INFO - [2025-09-29T16:04:59.289+0000] {dag.py:3089} INFO - Sync 1 DAGs
[2025-09-29T16:04:59.330+0000] {logging_mixin.py:188} INFO - [2025-09-29T16:04:59.330+0000] {dag.py:3947} INFO - Setting next_dagrun for tutorial_dag to None, run_after=None
[2025-09-29T16:04:59.391+0000] {processor.py:183} INFO - Processing /home/airflow/.local/lib/python3.12/site-packages/airflow/example_dags/tutorial_dag.py took 0.205 seconds
[2025-09-29T16:05:29.625+0000] {processor.py:161} INFO - Started process (PID=16712) to work on /home/airflow/.local/lib/python3.12/site-packages/airflow/example_dags/tutorial_dag.py
[2025-09-29T16:05:29.627+0000] {processor.py:830} INFO - Processing file /home/airflow/.local/lib/python3.12/site-packages/airflow/example_dags/tutorial_dag.py for tasks to queue
[2025-09-29T16:05:29.632+0000] {logging_mixin.py:188} INFO - [2025-09-29T16:05:29.631+0000] {dagbag.py:545} INFO - Filling up the DagBag from /home/airflow/.local/lib/python3.12/site-packages/airflow/example_dags/tutorial_dag.py
[2025-09-29T16:05:29.647+0000] {processor.py:840} INFO - DAG(s) 'tutorial_dag' retrieved from /home/airflow/.local/lib/python3.12/site-packages/airflow/example_dags/tutorial_dag.py
[2025-09-29T16:05:29.704+0000] {logging_mixin.py:188} INFO - [2025-09-29T16:05:29.704+0000] {dag.py:3089} INFO - Sync 1 DAGs
[2025-09-29T16:05:29.739+0000] {logging_mixin.py:188} INFO - [2025-09-29T16:05:29.739+0000] {dag.py:3947} INFO - Setting next_dagrun for tutorial_dag to None, run_after=None
[2025-09-29T16:05:29.815+0000] {processor.py:183} INFO - Processing /home/airflow/.local/lib/python3.12/site-packages/airflow/example_dags/tutorial_dag.py took 0.207 seconds
[2025-09-29T16:06:00.370+0000] {processor.py:161} INFO - Started process (PID=16974) to work on /home/airflow/.local/lib/python3.12/site-packages/airflow/example_dags/tutorial_dag.py
[2025-09-29T16:06:00.373+0000] {processor.py:830} INFO - Processing file /home/airflow/.local/lib/python3.12/site-packages/airflow/example_dags/tutorial_dag.py for tasks to queue
[2025-09-29T16:06:00.379+0000] {logging_mixin.py:188} INFO - [2025-09-29T16:06:00.378+0000] {dagbag.py:545} INFO - Filling up the DagBag from /home/airflow/.local/lib/python3.12/site-packages/airflow/example_dags/tutorial_dag.py
[2025-09-29T16:06:00.393+0000] {processor.py:840} INFO - DAG(s) 'tutorial_dag' retrieved from /home/airflow/.local/lib/python3.12/site-packages/airflow/example_dags/tutorial_dag.py
[2025-09-29T16:06:00.453+0000] {logging_mixin.py:188} INFO - [2025-09-29T16:06:00.453+0000] {dag.py:3089} INFO - Sync 1 DAGs
[2025-09-29T16:06:00.487+0000] {logging_mixin.py:188} INFO - [2025-09-29T16:06:00.486+0000] {dag.py:3947} INFO - Setting next_dagrun for tutorial_dag to None, run_after=None
[2025-09-29T16:06:00.537+0000] {processor.py:183} INFO - Processing /home/airflow/.local/lib/python3.12/site-packages/airflow/example_dags/tutorial_dag.py took 0.184 seconds
[2025-09-29T16:06:31.286+0000] {processor.py:161} INFO - Started process (PID=17236) to work on /home/airflow/.local/lib/python3.12/site-packages/airflow/example_dags/tutorial_dag.py
[2025-09-29T16:06:31.288+0000] {processor.py:830} INFO - Processing file /home/airflow/.local/lib/python3.12/site-packages/airflow/example_dags/tutorial_dag.py for tasks to queue
[2025-09-29T16:06:31.292+0000] {logging_mixin.py:188} INFO - [2025-09-29T16:06:31.291+0000] {dagbag.py:545} INFO - Filling up the DagBag from /home/airflow/.local/lib/python3.12/site-packages/airflow/example_dags/tutorial_dag.py
[2025-09-29T16:06:31.305+0000] {processor.py:840} INFO - DAG(s) 'tutorial_dag' retrieved from /home/airflow/.local/lib/python3.12/site-packages/airflow/example_dags/tutorial_dag.py
[2025-09-29T16:06:31.361+0000] {logging_mixin.py:188} INFO - [2025-09-29T16:06:31.360+0000] {dag.py:3089} INFO - Sync 1 DAGs
[2025-09-29T16:06:31.396+0000] {logging_mixin.py:188} INFO - [2025-09-29T16:06:31.395+0000] {dag.py:3947} INFO - Setting next_dagrun for tutorial_dag to None, run_after=None
[2025-09-29T16:06:31.453+0000] {processor.py:183} INFO - Processing /home/airflow/.local/lib/python3.12/site-packages/airflow/example_dags/tutorial_dag.py took 0.182 seconds
[2025-09-29T16:07:01.991+0000] {processor.py:161} INFO - Started process (PID=17498) to work on /home/airflow/.local/lib/python3.12/site-packages/airflow/example_dags/tutorial_dag.py
[2025-09-29T16:07:01.994+0000] {processor.py:830} INFO - Processing file /home/airflow/.local/lib/python3.12/site-packages/airflow/example_dags/tutorial_dag.py for tasks to queue
[2025-09-29T16:07:01.998+0000] {logging_mixin.py:188} INFO - [2025-09-29T16:07:01.998+0000] {dagbag.py:545} INFO - Filling up the DagBag from /home/airflow/.local/lib/python3.12/site-packages/airflow/example_dags/tutorial_dag.py
[2025-09-29T16:07:02.010+0000] {processor.py:840} INFO - DAG(s) 'tutorial_dag' retrieved from /home/airflow/.local/lib/python3.12/site-packages/airflow/example_dags/tutorial_dag.py
[2025-09-29T16:07:02.067+0000] {logging_mixin.py:188} INFO - [2025-09-29T16:07:02.066+0000] {dag.py:3089} INFO - Sync 1 DAGs
[2025-09-29T16:07:02.099+0000] {logging_mixin.py:188} INFO - [2025-09-29T16:07:02.098+0000] {dag.py:3947} INFO - Setting next_dagrun for tutorial_dag to None, run_after=None
[2025-09-29T16:07:02.146+0000] {processor.py:183} INFO - Processing /home/airflow/.local/lib/python3.12/site-packages/airflow/example_dags/tutorial_dag.py took 0.170 seconds
[2025-09-29T16:07:32.276+0000] {processor.py:161} INFO - Started process (PID=17760) to work on /home/airflow/.local/lib/python3.12/site-packages/airflow/example_dags/tutorial_dag.py
[2025-09-29T16:07:32.280+0000] {processor.py:830} INFO - Processing file /home/airflow/.local/lib/python3.12/site-packages/airflow/example_dags/tutorial_dag.py for tasks to queue
[2025-09-29T16:07:32.284+0000] {logging_mixin.py:188} INFO - [2025-09-29T16:07:32.284+0000] {dagbag.py:545} INFO - Filling up the DagBag from /home/airflow/.local/lib/python3.12/site-packages/airflow/example_dags/tutorial_dag.py
[2025-09-29T16:07:32.297+0000] {processor.py:840} INFO - DAG(s) 'tutorial_dag' retrieved from /home/airflow/.local/lib/python3.12/site-packages/airflow/example_dags/tutorial_dag.py
[2025-09-29T16:07:32.356+0000] {logging_mixin.py:188} INFO - [2025-09-29T16:07:32.355+0000] {dag.py:3089} INFO - Sync 1 DAGs
[2025-09-29T16:07:32.387+0000] {logging_mixin.py:188} INFO - [2025-09-29T16:07:32.387+0000] {dag.py:3947} INFO - Setting next_dagrun for tutorial_dag to None, run_after=None
[2025-09-29T16:07:32.436+0000] {processor.py:183} INFO - Processing /home/airflow/.local/lib/python3.12/site-packages/airflow/example_dags/tutorial_dag.py took 0.175 seconds
[2025-09-29T16:08:02.869+0000] {processor.py:161} INFO - Started process (PID=18022) to work on /home/airflow/.local/lib/python3.12/site-packages/airflow/example_dags/tutorial_dag.py
[2025-09-29T16:08:02.872+0000] {processor.py:830} INFO - Processing file /home/airflow/.local/lib/python3.12/site-packages/airflow/example_dags/tutorial_dag.py for tasks to queue
[2025-09-29T16:08:02.879+0000] {logging_mixin.py:188} INFO - [2025-09-29T16:08:02.878+0000] {dagbag.py:545} INFO - Filling up the DagBag from /home/airflow/.local/lib/python3.12/site-packages/airflow/example_dags/tutorial_dag.py
[2025-09-29T16:08:02.891+0000] {processor.py:840} INFO - DAG(s) 'tutorial_dag' retrieved from /home/airflow/.local/lib/python3.12/site-packages/airflow/example_dags/tutorial_dag.py
[2025-09-29T16:08:02.951+0000] {logging_mixin.py:188} INFO - [2025-09-29T16:08:02.950+0000] {dag.py:3089} INFO - Sync 1 DAGs
[2025-09-29T16:08:02.985+0000] {logging_mixin.py:188} INFO - [2025-09-29T16:08:02.985+0000] {dag.py:3947} INFO - Setting next_dagrun for tutorial_dag to None, run_after=None
[2025-09-29T16:08:03.033+0000] {processor.py:183} INFO - Processing /home/airflow/.local/lib/python3.12/site-packages/airflow/example_dags/tutorial_dag.py took 0.183 seconds
[2025-09-29T16:08:33.320+0000] {processor.py:161} INFO - Started process (PID=18284) to work on /home/airflow/.local/lib/python3.12/site-packages/airflow/example_dags/tutorial_dag.py
[2025-09-29T16:08:33.323+0000] {processor.py:830} INFO - Processing file /home/airflow/.local/lib/python3.12/site-packages/airflow/example_dags/tutorial_dag.py for tasks to queue
[2025-09-29T16:08:33.327+0000] {logging_mixin.py:188} INFO - [2025-09-29T16:08:33.326+0000] {dagbag.py:545} INFO - Filling up the DagBag from /home/airflow/.local/lib/python3.12/site-packages/airflow/example_dags/tutorial_dag.py
[2025-09-29T16:08:33.341+0000] {processor.py:840} INFO - DAG(s) 'tutorial_dag' retrieved from /home/airflow/.local/lib/python3.12/site-packages/airflow/example_dags/tutorial_dag.py
[2025-09-29T16:08:33.413+0000] {logging_mixin.py:188} INFO - [2025-09-29T16:08:33.412+0000] {dag.py:3089} INFO - Sync 1 DAGs
[2025-09-29T16:08:33.455+0000] {logging_mixin.py:188} INFO - [2025-09-29T16:08:33.455+0000] {dag.py:3947} INFO - Setting next_dagrun for tutorial_dag to None, run_after=None
[2025-09-29T16:08:33.506+0000] {processor.py:183} INFO - Processing /home/airflow/.local/lib/python3.12/site-packages/airflow/example_dags/tutorial_dag.py took 0.200 seconds
[2025-09-29T16:09:03.773+0000] {processor.py:161} INFO - Started process (PID=18551) to work on /home/airflow/.local/lib/python3.12/site-packages/airflow/example_dags/tutorial_dag.py
[2025-09-29T16:09:03.776+0000] {processor.py:830} INFO - Processing file /home/airflow/.local/lib/python3.12/site-packages/airflow/example_dags/tutorial_dag.py for tasks to queue
[2025-09-29T16:09:03.782+0000] {logging_mixin.py:188} INFO - [2025-09-29T16:09:03.781+0000] {dagbag.py:545} INFO - Filling up the DagBag from /home/airflow/.local/lib/python3.12/site-packages/airflow/example_dags/tutorial_dag.py
[2025-09-29T16:09:03.801+0000] {processor.py:840} INFO - DAG(s) 'tutorial_dag' retrieved from /home/airflow/.local/lib/python3.12/site-packages/airflow/example_dags/tutorial_dag.py
[2025-09-29T16:09:03.869+0000] {logging_mixin.py:188} INFO - [2025-09-29T16:09:03.868+0000] {dag.py:3089} INFO - Sync 1 DAGs
[2025-09-29T16:09:03.915+0000] {logging_mixin.py:188} INFO - [2025-09-29T16:09:03.914+0000] {dag.py:3947} INFO - Setting next_dagrun for tutorial_dag to None, run_after=None
[2025-09-29T16:09:03.980+0000] {processor.py:183} INFO - Processing /home/airflow/.local/lib/python3.12/site-packages/airflow/example_dags/tutorial_dag.py took 0.234 seconds
[2025-09-29T16:09:34.142+0000] {processor.py:161} INFO - Started process (PID=18812) to work on /home/airflow/.local/lib/python3.12/site-packages/airflow/example_dags/tutorial_dag.py
[2025-09-29T16:09:34.145+0000] {processor.py:830} INFO - Processing file /home/airflow/.local/lib/python3.12/site-packages/airflow/example_dags/tutorial_dag.py for tasks to queue
[2025-09-29T16:09:34.150+0000] {logging_mixin.py:188} INFO - [2025-09-29T16:09:34.149+0000] {dagbag.py:545} INFO - Filling up the DagBag from /home/airflow/.local/lib/python3.12/site-packages/airflow/example_dags/tutorial_dag.py
[2025-09-29T16:09:34.166+0000] {processor.py:840} INFO - DAG(s) 'tutorial_dag' retrieved from /home/airflow/.local/lib/python3.12/site-packages/airflow/example_dags/tutorial_dag.py
[2025-09-29T16:09:34.288+0000] {logging_mixin.py:188} INFO - [2025-09-29T16:09:34.287+0000] {dag.py:3089} INFO - Sync 1 DAGs
[2025-09-29T16:09:34.352+0000] {logging_mixin.py:188} INFO - [2025-09-29T16:09:34.351+0000] {dag.py:3947} INFO - Setting next_dagrun for tutorial_dag to None, run_after=None
[2025-09-29T16:09:34.423+0000] {processor.py:183} INFO - Processing /home/airflow/.local/lib/python3.12/site-packages/airflow/example_dags/tutorial_dag.py took 0.297 seconds
[2025-09-29T16:10:04.513+0000] {processor.py:161} INFO - Started process (PID=19070) to work on /home/airflow/.local/lib/python3.12/site-packages/airflow/example_dags/tutorial_dag.py
[2025-09-29T16:10:04.516+0000] {processor.py:830} INFO - Processing file /home/airflow/.local/lib/python3.12/site-packages/airflow/example_dags/tutorial_dag.py for tasks to queue
[2025-09-29T16:10:04.520+0000] {logging_mixin.py:188} INFO - [2025-09-29T16:10:04.519+0000] {dagbag.py:545} INFO - Filling up the DagBag from /home/airflow/.local/lib/python3.12/site-packages/airflow/example_dags/tutorial_dag.py
[2025-09-29T16:10:04.533+0000] {processor.py:840} INFO - DAG(s) 'tutorial_dag' retrieved from /home/airflow/.local/lib/python3.12/site-packages/airflow/example_dags/tutorial_dag.py
[2025-09-29T16:10:04.588+0000] {logging_mixin.py:188} INFO - [2025-09-29T16:10:04.587+0000] {dag.py:3089} INFO - Sync 1 DAGs
[2025-09-29T16:10:04.615+0000] {logging_mixin.py:188} INFO - [2025-09-29T16:10:04.615+0000] {dag.py:3947} INFO - Setting next_dagrun for tutorial_dag to None, run_after=None
[2025-09-29T16:10:04.660+0000] {processor.py:183} INFO - Processing /home/airflow/.local/lib/python3.12/site-packages/airflow/example_dags/tutorial_dag.py took 0.162 seconds
[2025-09-29T16:10:35.493+0000] {processor.py:161} INFO - Started process (PID=19335) to work on /home/airflow/.local/lib/python3.12/site-packages/airflow/example_dags/tutorial_dag.py
[2025-09-29T16:10:35.495+0000] {processor.py:830} INFO - Processing file /home/airflow/.local/lib/python3.12/site-packages/airflow/example_dags/tutorial_dag.py for tasks to queue
[2025-09-29T16:10:35.497+0000] {logging_mixin.py:188} INFO - [2025-09-29T16:10:35.497+0000] {dagbag.py:545} INFO - Filling up the DagBag from /home/airflow/.local/lib/python3.12/site-packages/airflow/example_dags/tutorial_dag.py
[2025-09-29T16:10:35.510+0000] {processor.py:840} INFO - DAG(s) 'tutorial_dag' retrieved from /home/airflow/.local/lib/python3.12/site-packages/airflow/example_dags/tutorial_dag.py
[2025-09-29T16:10:35.566+0000] {logging_mixin.py:188} INFO - [2025-09-29T16:10:35.565+0000] {dag.py:3089} INFO - Sync 1 DAGs
[2025-09-29T16:10:35.598+0000] {logging_mixin.py:188} INFO - [2025-09-29T16:10:35.597+0000] {dag.py:3947} INFO - Setting next_dagrun for tutorial_dag to None, run_after=None
[2025-09-29T16:10:35.646+0000] {processor.py:183} INFO - Processing /home/airflow/.local/lib/python3.12/site-packages/airflow/example_dags/tutorial_dag.py took 0.167 seconds
[2025-09-29T16:11:06.445+0000] {processor.py:161} INFO - Started process (PID=19595) to work on /home/airflow/.local/lib/python3.12/site-packages/airflow/example_dags/tutorial_dag.py
[2025-09-29T16:11:06.448+0000] {processor.py:830} INFO - Processing file /home/airflow/.local/lib/python3.12/site-packages/airflow/example_dags/tutorial_dag.py for tasks to queue
[2025-09-29T16:11:06.450+0000] {logging_mixin.py:188} INFO - [2025-09-29T16:11:06.449+0000] {dagbag.py:545} INFO - Filling up the DagBag from /home/airflow/.local/lib/python3.12/site-packages/airflow/example_dags/tutorial_dag.py
[2025-09-29T16:11:06.466+0000] {processor.py:840} INFO - DAG(s) 'tutorial_dag' retrieved from /home/airflow/.local/lib/python3.12/site-packages/airflow/example_dags/tutorial_dag.py
[2025-09-29T16:11:06.525+0000] {logging_mixin.py:188} INFO - [2025-09-29T16:11:06.525+0000] {dag.py:3089} INFO - Sync 1 DAGs
[2025-09-29T16:11:06.555+0000] {logging_mixin.py:188} INFO - [2025-09-29T16:11:06.555+0000] {dag.py:3947} INFO - Setting next_dagrun for tutorial_dag to None, run_after=None
[2025-09-29T16:11:06.600+0000] {processor.py:183} INFO - Processing /home/airflow/.local/lib/python3.12/site-packages/airflow/example_dags/tutorial_dag.py took 0.171 seconds
[2025-09-29T16:11:36.984+0000] {processor.py:161} INFO - Started process (PID=19856) to work on /home/airflow/.local/lib/python3.12/site-packages/airflow/example_dags/tutorial_dag.py
[2025-09-29T16:11:36.987+0000] {processor.py:830} INFO - Processing file /home/airflow/.local/lib/python3.12/site-packages/airflow/example_dags/tutorial_dag.py for tasks to queue
[2025-09-29T16:11:36.989+0000] {logging_mixin.py:188} INFO - [2025-09-29T16:11:36.988+0000] {dagbag.py:545} INFO - Filling up the DagBag from /home/airflow/.local/lib/python3.12/site-packages/airflow/example_dags/tutorial_dag.py
[2025-09-29T16:11:37.003+0000] {processor.py:840} INFO - DAG(s) 'tutorial_dag' retrieved from /home/airflow/.local/lib/python3.12/site-packages/airflow/example_dags/tutorial_dag.py
[2025-09-29T16:11:37.058+0000] {logging_mixin.py:188} INFO - [2025-09-29T16:11:37.058+0000] {dag.py:3089} INFO - Sync 1 DAGs
[2025-09-29T16:11:37.087+0000] {logging_mixin.py:188} INFO - [2025-09-29T16:11:37.086+0000] {dag.py:3947} INFO - Setting next_dagrun for tutorial_dag to None, run_after=None
[2025-09-29T16:11:37.138+0000] {processor.py:183} INFO - Processing /home/airflow/.local/lib/python3.12/site-packages/airflow/example_dags/tutorial_dag.py took 0.170 seconds
[2025-09-29T16:12:07.578+0000] {processor.py:161} INFO - Started process (PID=20119) to work on /home/airflow/.local/lib/python3.12/site-packages/airflow/example_dags/tutorial_dag.py
[2025-09-29T16:12:07.581+0000] {processor.py:830} INFO - Processing file /home/airflow/.local/lib/python3.12/site-packages/airflow/example_dags/tutorial_dag.py for tasks to queue
[2025-09-29T16:12:07.582+0000] {logging_mixin.py:188} INFO - [2025-09-29T16:12:07.582+0000] {dagbag.py:545} INFO - Filling up the DagBag from /home/airflow/.local/lib/python3.12/site-packages/airflow/example_dags/tutorial_dag.py
[2025-09-29T16:12:07.596+0000] {processor.py:840} INFO - DAG(s) 'tutorial_dag' retrieved from /home/airflow/.local/lib/python3.12/site-packages/airflow/example_dags/tutorial_dag.py
[2025-09-29T16:12:07.651+0000] {logging_mixin.py:188} INFO - [2025-09-29T16:12:07.651+0000] {dag.py:3089} INFO - Sync 1 DAGs
[2025-09-29T16:12:07.681+0000] {logging_mixin.py:188} INFO - [2025-09-29T16:12:07.680+0000] {dag.py:3947} INFO - Setting next_dagrun for tutorial_dag to None, run_after=None
[2025-09-29T16:12:07.725+0000] {processor.py:183} INFO - Processing /home/airflow/.local/lib/python3.12/site-packages/airflow/example_dags/tutorial_dag.py took 0.165 seconds
[2025-09-29T16:12:38.087+0000] {processor.py:161} INFO - Started process (PID=20378) to work on /home/airflow/.local/lib/python3.12/site-packages/airflow/example_dags/tutorial_dag.py
[2025-09-29T16:12:38.089+0000] {processor.py:830} INFO - Processing file /home/airflow/.local/lib/python3.12/site-packages/airflow/example_dags/tutorial_dag.py for tasks to queue
[2025-09-29T16:12:38.091+0000] {logging_mixin.py:188} INFO - [2025-09-29T16:12:38.091+0000] {dagbag.py:545} INFO - Filling up the DagBag from /home/airflow/.local/lib/python3.12/site-packages/airflow/example_dags/tutorial_dag.py
[2025-09-29T16:12:38.103+0000] {processor.py:840} INFO - DAG(s) 'tutorial_dag' retrieved from /home/airflow/.local/lib/python3.12/site-packages/airflow/example_dags/tutorial_dag.py
[2025-09-29T16:12:38.163+0000] {logging_mixin.py:188} INFO - [2025-09-29T16:12:38.162+0000] {dag.py:3089} INFO - Sync 1 DAGs
[2025-09-29T16:12:38.203+0000] {logging_mixin.py:188} INFO - [2025-09-29T16:12:38.202+0000] {dag.py:3947} INFO - Setting next_dagrun for tutorial_dag to None, run_after=None
[2025-09-29T16:12:38.258+0000] {processor.py:183} INFO - Processing /home/airflow/.local/lib/python3.12/site-packages/airflow/example_dags/tutorial_dag.py took 0.187 seconds
[2025-09-29T16:13:08.481+0000] {processor.py:161} INFO - Started process (PID=20639) to work on /home/airflow/.local/lib/python3.12/site-packages/airflow/example_dags/tutorial_dag.py
[2025-09-29T16:13:08.483+0000] {processor.py:830} INFO - Processing file /home/airflow/.local/lib/python3.12/site-packages/airflow/example_dags/tutorial_dag.py for tasks to queue
[2025-09-29T16:13:08.485+0000] {logging_mixin.py:188} INFO - [2025-09-29T16:13:08.485+0000] {dagbag.py:545} INFO - Filling up the DagBag from /home/airflow/.local/lib/python3.12/site-packages/airflow/example_dags/tutorial_dag.py
[2025-09-29T16:13:08.498+0000] {processor.py:840} INFO - DAG(s) 'tutorial_dag' retrieved from /home/airflow/.local/lib/python3.12/site-packages/airflow/example_dags/tutorial_dag.py
[2025-09-29T16:13:08.556+0000] {logging_mixin.py:188} INFO - [2025-09-29T16:13:08.556+0000] {dag.py:3089} INFO - Sync 1 DAGs
[2025-09-29T16:13:08.586+0000] {logging_mixin.py:188} INFO - [2025-09-29T16:13:08.585+0000] {dag.py:3947} INFO - Setting next_dagrun for tutorial_dag to None, run_after=None
[2025-09-29T16:13:08.635+0000] {processor.py:183} INFO - Processing /home/airflow/.local/lib/python3.12/site-packages/airflow/example_dags/tutorial_dag.py took 0.171 seconds
[2025-09-29T16:13:39.252+0000] {processor.py:161} INFO - Started process (PID=20900) to work on /home/airflow/.local/lib/python3.12/site-packages/airflow/example_dags/tutorial_dag.py
[2025-09-29T16:13:39.255+0000] {processor.py:830} INFO - Processing file /home/airflow/.local/lib/python3.12/site-packages/airflow/example_dags/tutorial_dag.py for tasks to queue
[2025-09-29T16:13:39.258+0000] {logging_mixin.py:188} INFO - [2025-09-29T16:13:39.257+0000] {dagbag.py:545} INFO - Filling up the DagBag from /home/airflow/.local/lib/python3.12/site-packages/airflow/example_dags/tutorial_dag.py
[2025-09-29T16:13:39.279+0000] {processor.py:840} INFO - DAG(s) 'tutorial_dag' retrieved from /home/airflow/.local/lib/python3.12/site-packages/airflow/example_dags/tutorial_dag.py
[2025-09-29T16:13:39.355+0000] {logging_mixin.py:188} INFO - [2025-09-29T16:13:39.354+0000] {dag.py:3089} INFO - Sync 1 DAGs
[2025-09-29T16:13:39.429+0000] {logging_mixin.py:188} INFO - [2025-09-29T16:13:39.428+0000] {dag.py:3947} INFO - Setting next_dagrun for tutorial_dag to None, run_after=None
[2025-09-29T16:13:39.492+0000] {processor.py:183} INFO - Processing /home/airflow/.local/lib/python3.12/site-packages/airflow/example_dags/tutorial_dag.py took 0.257 seconds
[2025-09-29T16:14:10.531+0000] {processor.py:161} INFO - Started process (PID=21161) to work on /home/airflow/.local/lib/python3.12/site-packages/airflow/example_dags/tutorial_dag.py
[2025-09-29T16:14:10.533+0000] {processor.py:830} INFO - Processing file /home/airflow/.local/lib/python3.12/site-packages/airflow/example_dags/tutorial_dag.py for tasks to queue
[2025-09-29T16:14:10.535+0000] {logging_mixin.py:188} INFO - [2025-09-29T16:14:10.534+0000] {dagbag.py:545} INFO - Filling up the DagBag from /home/airflow/.local/lib/python3.12/site-packages/airflow/example_dags/tutorial_dag.py
[2025-09-29T16:14:10.549+0000] {processor.py:840} INFO - DAG(s) 'tutorial_dag' retrieved from /home/airflow/.local/lib/python3.12/site-packages/airflow/example_dags/tutorial_dag.py
[2025-09-29T16:14:10.623+0000] {logging_mixin.py:188} INFO - [2025-09-29T16:14:10.623+0000] {dag.py:3089} INFO - Sync 1 DAGs
[2025-09-29T16:14:10.654+0000] {logging_mixin.py:188} INFO - [2025-09-29T16:14:10.653+0000] {dag.py:3947} INFO - Setting next_dagrun for tutorial_dag to None, run_after=None
[2025-09-29T16:14:10.709+0000] {processor.py:183} INFO - Processing /home/airflow/.local/lib/python3.12/site-packages/airflow/example_dags/tutorial_dag.py took 0.201 seconds
[2025-09-29T16:14:41.248+0000] {processor.py:161} INFO - Started process (PID=21418) to work on /home/airflow/.local/lib/python3.12/site-packages/airflow/example_dags/tutorial_dag.py
[2025-09-29T16:14:41.251+0000] {processor.py:830} INFO - Processing file /home/airflow/.local/lib/python3.12/site-packages/airflow/example_dags/tutorial_dag.py for tasks to queue
[2025-09-29T16:14:41.253+0000] {logging_mixin.py:188} INFO - [2025-09-29T16:14:41.252+0000] {dagbag.py:545} INFO - Filling up the DagBag from /home/airflow/.local/lib/python3.12/site-packages/airflow/example_dags/tutorial_dag.py
[2025-09-29T16:14:41.266+0000] {processor.py:840} INFO - DAG(s) 'tutorial_dag' retrieved from /home/airflow/.local/lib/python3.12/site-packages/airflow/example_dags/tutorial_dag.py
[2025-09-29T16:14:41.324+0000] {logging_mixin.py:188} INFO - [2025-09-29T16:14:41.324+0000] {dag.py:3089} INFO - Sync 1 DAGs
[2025-09-29T16:14:41.358+0000] {logging_mixin.py:188} INFO - [2025-09-29T16:14:41.357+0000] {dag.py:3947} INFO - Setting next_dagrun for tutorial_dag to None, run_after=None
[2025-09-29T16:14:41.414+0000] {processor.py:183} INFO - Processing /home/airflow/.local/lib/python3.12/site-packages/airflow/example_dags/tutorial_dag.py took 0.180 seconds
[2025-09-29T16:15:12.017+0000] {processor.py:161} INFO - Started process (PID=21679) to work on /home/airflow/.local/lib/python3.12/site-packages/airflow/example_dags/tutorial_dag.py
[2025-09-29T16:15:12.020+0000] {processor.py:830} INFO - Processing file /home/airflow/.local/lib/python3.12/site-packages/airflow/example_dags/tutorial_dag.py for tasks to queue
[2025-09-29T16:15:12.023+0000] {logging_mixin.py:188} INFO - [2025-09-29T16:15:12.021+0000] {dagbag.py:545} INFO - Filling up the DagBag from /home/airflow/.local/lib/python3.12/site-packages/airflow/example_dags/tutorial_dag.py
[2025-09-29T16:15:12.038+0000] {processor.py:840} INFO - DAG(s) 'tutorial_dag' retrieved from /home/airflow/.local/lib/python3.12/site-packages/airflow/example_dags/tutorial_dag.py
[2025-09-29T16:15:12.118+0000] {logging_mixin.py:188} INFO - [2025-09-29T16:15:12.117+0000] {dag.py:3089} INFO - Sync 1 DAGs
[2025-09-29T16:15:12.151+0000] {logging_mixin.py:188} INFO - [2025-09-29T16:15:12.150+0000] {dag.py:3947} INFO - Setting next_dagrun for tutorial_dag to None, run_after=None
[2025-09-29T16:15:12.197+0000] {processor.py:183} INFO - Processing /home/airflow/.local/lib/python3.12/site-packages/airflow/example_dags/tutorial_dag.py took 0.205 seconds
[2025-09-29T16:15:42.750+0000] {processor.py:161} INFO - Started process (PID=21935) to work on /home/airflow/.local/lib/python3.12/site-packages/airflow/example_dags/tutorial_dag.py
[2025-09-29T16:15:42.753+0000] {processor.py:830} INFO - Processing file /home/airflow/.local/lib/python3.12/site-packages/airflow/example_dags/tutorial_dag.py for tasks to queue
[2025-09-29T16:15:42.755+0000] {logging_mixin.py:188} INFO - [2025-09-29T16:15:42.754+0000] {dagbag.py:545} INFO - Filling up the DagBag from /home/airflow/.local/lib/python3.12/site-packages/airflow/example_dags/tutorial_dag.py
[2025-09-29T16:15:42.769+0000] {processor.py:840} INFO - DAG(s) 'tutorial_dag' retrieved from /home/airflow/.local/lib/python3.12/site-packages/airflow/example_dags/tutorial_dag.py
[2025-09-29T16:15:42.830+0000] {logging_mixin.py:188} INFO - [2025-09-29T16:15:42.829+0000] {dag.py:3089} INFO - Sync 1 DAGs
[2025-09-29T16:15:42.868+0000] {logging_mixin.py:188} INFO - [2025-09-29T16:15:42.867+0000] {dag.py:3947} INFO - Setting next_dagrun for tutorial_dag to None, run_after=None
[2025-09-29T16:15:42.916+0000] {processor.py:183} INFO - Processing /home/airflow/.local/lib/python3.12/site-packages/airflow/example_dags/tutorial_dag.py took 0.182 seconds
[2025-09-29T16:16:13.302+0000] {processor.py:161} INFO - Started process (PID=22196) to work on /home/airflow/.local/lib/python3.12/site-packages/airflow/example_dags/tutorial_dag.py
[2025-09-29T16:16:13.305+0000] {processor.py:830} INFO - Processing file /home/airflow/.local/lib/python3.12/site-packages/airflow/example_dags/tutorial_dag.py for tasks to queue
[2025-09-29T16:16:13.307+0000] {logging_mixin.py:188} INFO - [2025-09-29T16:16:13.306+0000] {dagbag.py:545} INFO - Filling up the DagBag from /home/airflow/.local/lib/python3.12/site-packages/airflow/example_dags/tutorial_dag.py
[2025-09-29T16:16:13.319+0000] {processor.py:840} INFO - DAG(s) 'tutorial_dag' retrieved from /home/airflow/.local/lib/python3.12/site-packages/airflow/example_dags/tutorial_dag.py
[2025-09-29T16:16:13.379+0000] {logging_mixin.py:188} INFO - [2025-09-29T16:16:13.378+0000] {dag.py:3089} INFO - Sync 1 DAGs
[2025-09-29T16:16:13.409+0000] {logging_mixin.py:188} INFO - [2025-09-29T16:16:13.408+0000] {dag.py:3947} INFO - Setting next_dagrun for tutorial_dag to None, run_after=None
[2025-09-29T16:16:13.463+0000] {processor.py:183} INFO - Processing /home/airflow/.local/lib/python3.12/site-packages/airflow/example_dags/tutorial_dag.py took 0.176 seconds
[2025-09-29T16:16:43.651+0000] {processor.py:161} INFO - Started process (PID=22457) to work on /home/airflow/.local/lib/python3.12/site-packages/airflow/example_dags/tutorial_dag.py
[2025-09-29T16:16:43.654+0000] {processor.py:830} INFO - Processing file /home/airflow/.local/lib/python3.12/site-packages/airflow/example_dags/tutorial_dag.py for tasks to queue
[2025-09-29T16:16:43.656+0000] {logging_mixin.py:188} INFO - [2025-09-29T16:16:43.655+0000] {dagbag.py:545} INFO - Filling up the DagBag from /home/airflow/.local/lib/python3.12/site-packages/airflow/example_dags/tutorial_dag.py
[2025-09-29T16:16:43.669+0000] {processor.py:840} INFO - DAG(s) 'tutorial_dag' retrieved from /home/airflow/.local/lib/python3.12/site-packages/airflow/example_dags/tutorial_dag.py
[2025-09-29T16:16:43.729+0000] {logging_mixin.py:188} INFO - [2025-09-29T16:16:43.728+0000] {dag.py:3089} INFO - Sync 1 DAGs
[2025-09-29T16:16:43.758+0000] {logging_mixin.py:188} INFO - [2025-09-29T16:16:43.757+0000] {dag.py:3947} INFO - Setting next_dagrun for tutorial_dag to None, run_after=None
[2025-09-29T16:16:43.805+0000] {processor.py:183} INFO - Processing /home/airflow/.local/lib/python3.12/site-packages/airflow/example_dags/tutorial_dag.py took 0.173 seconds
[2025-09-29T16:17:14.299+0000] {processor.py:161} INFO - Started process (PID=22716) to work on /home/airflow/.local/lib/python3.12/site-packages/airflow/example_dags/tutorial_dag.py
[2025-09-29T16:17:14.302+0000] {processor.py:830} INFO - Processing file /home/airflow/.local/lib/python3.12/site-packages/airflow/example_dags/tutorial_dag.py for tasks to queue
[2025-09-29T16:17:14.304+0000] {logging_mixin.py:188} INFO - [2025-09-29T16:17:14.303+0000] {dagbag.py:545} INFO - Filling up the DagBag from /home/airflow/.local/lib/python3.12/site-packages/airflow/example_dags/tutorial_dag.py
[2025-09-29T16:17:14.316+0000] {processor.py:840} INFO - DAG(s) 'tutorial_dag' retrieved from /home/airflow/.local/lib/python3.12/site-packages/airflow/example_dags/tutorial_dag.py
[2025-09-29T16:17:14.377+0000] {logging_mixin.py:188} INFO - [2025-09-29T16:17:14.377+0000] {dag.py:3089} INFO - Sync 1 DAGs
[2025-09-29T16:17:14.409+0000] {logging_mixin.py:188} INFO - [2025-09-29T16:17:14.408+0000] {dag.py:3947} INFO - Setting next_dagrun for tutorial_dag to None, run_after=None
[2025-09-29T16:17:14.461+0000] {processor.py:183} INFO - Processing /home/airflow/.local/lib/python3.12/site-packages/airflow/example_dags/tutorial_dag.py took 0.179 seconds
[2025-09-29T16:17:45.037+0000] {processor.py:161} INFO - Started process (PID=22978) to work on /home/airflow/.local/lib/python3.12/site-packages/airflow/example_dags/tutorial_dag.py
[2025-09-29T16:17:45.040+0000] {processor.py:830} INFO - Processing file /home/airflow/.local/lib/python3.12/site-packages/airflow/example_dags/tutorial_dag.py for tasks to queue
[2025-09-29T16:17:45.042+0000] {logging_mixin.py:188} INFO - [2025-09-29T16:17:45.041+0000] {dagbag.py:545} INFO - Filling up the DagBag from /home/airflow/.local/lib/python3.12/site-packages/airflow/example_dags/tutorial_dag.py
[2025-09-29T16:17:45.056+0000] {processor.py:840} INFO - DAG(s) 'tutorial_dag' retrieved from /home/airflow/.local/lib/python3.12/site-packages/airflow/example_dags/tutorial_dag.py
[2025-09-29T16:17:45.116+0000] {logging_mixin.py:188} INFO - [2025-09-29T16:17:45.115+0000] {dag.py:3089} INFO - Sync 1 DAGs
[2025-09-29T16:17:45.145+0000] {logging_mixin.py:188} INFO - [2025-09-29T16:17:45.145+0000] {dag.py:3947} INFO - Setting next_dagrun for tutorial_dag to None, run_after=None
[2025-09-29T16:17:45.194+0000] {processor.py:183} INFO - Processing /home/airflow/.local/lib/python3.12/site-packages/airflow/example_dags/tutorial_dag.py took 0.172 seconds
[2025-09-29T16:18:15.377+0000] {processor.py:161} INFO - Started process (PID=23239) to work on /home/airflow/.local/lib/python3.12/site-packages/airflow/example_dags/tutorial_dag.py
[2025-09-29T16:18:15.380+0000] {processor.py:830} INFO - Processing file /home/airflow/.local/lib/python3.12/site-packages/airflow/example_dags/tutorial_dag.py for tasks to queue
[2025-09-29T16:18:15.383+0000] {logging_mixin.py:188} INFO - [2025-09-29T16:18:15.382+0000] {dagbag.py:545} INFO - Filling up the DagBag from /home/airflow/.local/lib/python3.12/site-packages/airflow/example_dags/tutorial_dag.py
[2025-09-29T16:18:15.397+0000] {processor.py:840} INFO - DAG(s) 'tutorial_dag' retrieved from /home/airflow/.local/lib/python3.12/site-packages/airflow/example_dags/tutorial_dag.py
[2025-09-29T16:18:15.460+0000] {logging_mixin.py:188} INFO - [2025-09-29T16:18:15.460+0000] {dag.py:3089} INFO - Sync 1 DAGs
[2025-09-29T16:18:15.491+0000] {logging_mixin.py:188} INFO - [2025-09-29T16:18:15.491+0000] {dag.py:3947} INFO - Setting next_dagrun for tutorial_dag to None, run_after=None
[2025-09-29T16:18:15.541+0000] {processor.py:183} INFO - Processing /home/airflow/.local/lib/python3.12/site-packages/airflow/example_dags/tutorial_dag.py took 0.182 seconds
[2025-09-29T16:18:45.730+0000] {processor.py:161} INFO - Started process (PID=23501) to work on /home/airflow/.local/lib/python3.12/site-packages/airflow/example_dags/tutorial_dag.py
[2025-09-29T16:18:45.733+0000] {processor.py:830} INFO - Processing file /home/airflow/.local/lib/python3.12/site-packages/airflow/example_dags/tutorial_dag.py for tasks to queue
[2025-09-29T16:18:45.736+0000] {logging_mixin.py:188} INFO - [2025-09-29T16:18:45.735+0000] {dagbag.py:545} INFO - Filling up the DagBag from /home/airflow/.local/lib/python3.12/site-packages/airflow/example_dags/tutorial_dag.py
[2025-09-29T16:18:45.749+0000] {processor.py:840} INFO - DAG(s) 'tutorial_dag' retrieved from /home/airflow/.local/lib/python3.12/site-packages/airflow/example_dags/tutorial_dag.py
[2025-09-29T16:18:45.807+0000] {logging_mixin.py:188} INFO - [2025-09-29T16:18:45.806+0000] {dag.py:3089} INFO - Sync 1 DAGs
[2025-09-29T16:18:45.836+0000] {logging_mixin.py:188} INFO - [2025-09-29T16:18:45.836+0000] {dag.py:3947} INFO - Setting next_dagrun for tutorial_dag to None, run_after=None
[2025-09-29T16:18:45.886+0000] {processor.py:183} INFO - Processing /home/airflow/.local/lib/python3.12/site-packages/airflow/example_dags/tutorial_dag.py took 0.172 seconds
[2025-09-29T16:19:16.965+0000] {processor.py:161} INFO - Started process (PID=23762) to work on /home/airflow/.local/lib/python3.12/site-packages/airflow/example_dags/tutorial_dag.py
[2025-09-29T16:19:16.966+0000] {processor.py:830} INFO - Processing file /home/airflow/.local/lib/python3.12/site-packages/airflow/example_dags/tutorial_dag.py for tasks to queue
[2025-09-29T16:19:16.968+0000] {logging_mixin.py:188} INFO - [2025-09-29T16:19:16.967+0000] {dagbag.py:545} INFO - Filling up the DagBag from /home/airflow/.local/lib/python3.12/site-packages/airflow/example_dags/tutorial_dag.py
[2025-09-29T16:19:16.980+0000] {processor.py:840} INFO - DAG(s) 'tutorial_dag' retrieved from /home/airflow/.local/lib/python3.12/site-packages/airflow/example_dags/tutorial_dag.py
[2025-09-29T16:19:17.036+0000] {logging_mixin.py:188} INFO - [2025-09-29T16:19:17.035+0000] {dag.py:3089} INFO - Sync 1 DAGs
[2025-09-29T16:19:17.064+0000] {logging_mixin.py:188} INFO - [2025-09-29T16:19:17.063+0000] {dag.py:3947} INFO - Setting next_dagrun for tutorial_dag to None, run_after=None
[2025-09-29T16:19:17.111+0000] {processor.py:183} INFO - Processing /home/airflow/.local/lib/python3.12/site-packages/airflow/example_dags/tutorial_dag.py took 0.160 seconds
[2025-09-29T16:19:47.735+0000] {processor.py:161} INFO - Started process (PID=24023) to work on /home/airflow/.local/lib/python3.12/site-packages/airflow/example_dags/tutorial_dag.py
[2025-09-29T16:19:47.738+0000] {processor.py:830} INFO - Processing file /home/airflow/.local/lib/python3.12/site-packages/airflow/example_dags/tutorial_dag.py for tasks to queue
[2025-09-29T16:19:47.740+0000] {logging_mixin.py:188} INFO - [2025-09-29T16:19:47.739+0000] {dagbag.py:545} INFO - Filling up the DagBag from /home/airflow/.local/lib/python3.12/site-packages/airflow/example_dags/tutorial_dag.py
[2025-09-29T16:19:47.752+0000] {processor.py:840} INFO - DAG(s) 'tutorial_dag' retrieved from /home/airflow/.local/lib/python3.12/site-packages/airflow/example_dags/tutorial_dag.py
[2025-09-29T16:19:47.807+0000] {logging_mixin.py:188} INFO - [2025-09-29T16:19:47.806+0000] {dag.py:3089} INFO - Sync 1 DAGs
[2025-09-29T16:19:47.834+0000] {logging_mixin.py:188} INFO - [2025-09-29T16:19:47.834+0000] {dag.py:3947} INFO - Setting next_dagrun for tutorial_dag to None, run_after=None
[2025-09-29T16:19:47.880+0000] {processor.py:183} INFO - Processing /home/airflow/.local/lib/python3.12/site-packages/airflow/example_dags/tutorial_dag.py took 0.159 seconds
[2025-09-29T16:20:18.334+0000] {processor.py:161} INFO - Started process (PID=24283) to work on /home/airflow/.local/lib/python3.12/site-packages/airflow/example_dags/tutorial_dag.py
[2025-09-29T16:20:18.337+0000] {processor.py:830} INFO - Processing file /home/airflow/.local/lib/python3.12/site-packages/airflow/example_dags/tutorial_dag.py for tasks to queue
[2025-09-29T16:20:18.338+0000] {logging_mixin.py:188} INFO - [2025-09-29T16:20:18.338+0000] {dagbag.py:545} INFO - Filling up the DagBag from /home/airflow/.local/lib/python3.12/site-packages/airflow/example_dags/tutorial_dag.py
[2025-09-29T16:20:18.350+0000] {processor.py:840} INFO - DAG(s) 'tutorial_dag' retrieved from /home/airflow/.local/lib/python3.12/site-packages/airflow/example_dags/tutorial_dag.py
[2025-09-29T16:20:18.405+0000] {logging_mixin.py:188} INFO - [2025-09-29T16:20:18.404+0000] {dag.py:3089} INFO - Sync 1 DAGs
[2025-09-29T16:20:18.433+0000] {logging_mixin.py:188} INFO - [2025-09-29T16:20:18.433+0000] {dag.py:3947} INFO - Setting next_dagrun for tutorial_dag to None, run_after=None
[2025-09-29T16:20:18.476+0000] {processor.py:183} INFO - Processing /home/airflow/.local/lib/python3.12/site-packages/airflow/example_dags/tutorial_dag.py took 0.156 seconds
[2025-09-29T16:20:48.893+0000] {processor.py:161} INFO - Started process (PID=24543) to work on /home/airflow/.local/lib/python3.12/site-packages/airflow/example_dags/tutorial_dag.py
[2025-09-29T16:20:48.895+0000] {processor.py:830} INFO - Processing file /home/airflow/.local/lib/python3.12/site-packages/airflow/example_dags/tutorial_dag.py for tasks to queue
[2025-09-29T16:20:48.897+0000] {logging_mixin.py:188} INFO - [2025-09-29T16:20:48.896+0000] {dagbag.py:545} INFO - Filling up the DagBag from /home/airflow/.local/lib/python3.12/site-packages/airflow/example_dags/tutorial_dag.py
[2025-09-29T16:20:48.909+0000] {processor.py:840} INFO - DAG(s) 'tutorial_dag' retrieved from /home/airflow/.local/lib/python3.12/site-packages/airflow/example_dags/tutorial_dag.py
[2025-09-29T16:20:48.965+0000] {logging_mixin.py:188} INFO - [2025-09-29T16:20:48.964+0000] {dag.py:3089} INFO - Sync 1 DAGs
[2025-09-29T16:20:48.996+0000] {logging_mixin.py:188} INFO - [2025-09-29T16:20:48.995+0000] {dag.py:3947} INFO - Setting next_dagrun for tutorial_dag to None, run_after=None
[2025-09-29T16:20:49.044+0000] {processor.py:183} INFO - Processing /home/airflow/.local/lib/python3.12/site-packages/airflow/example_dags/tutorial_dag.py took 0.167 seconds
[2025-09-29T16:21:19.630+0000] {processor.py:161} INFO - Started process (PID=24806) to work on /home/airflow/.local/lib/python3.12/site-packages/airflow/example_dags/tutorial_dag.py
[2025-09-29T16:21:19.633+0000] {processor.py:830} INFO - Processing file /home/airflow/.local/lib/python3.12/site-packages/airflow/example_dags/tutorial_dag.py for tasks to queue
[2025-09-29T16:21:19.635+0000] {logging_mixin.py:188} INFO - [2025-09-29T16:21:19.634+0000] {dagbag.py:545} INFO - Filling up the DagBag from /home/airflow/.local/lib/python3.12/site-packages/airflow/example_dags/tutorial_dag.py
[2025-09-29T16:21:19.647+0000] {processor.py:840} INFO - DAG(s) 'tutorial_dag' retrieved from /home/airflow/.local/lib/python3.12/site-packages/airflow/example_dags/tutorial_dag.py
[2025-09-29T16:21:19.702+0000] {logging_mixin.py:188} INFO - [2025-09-29T16:21:19.701+0000] {dag.py:3089} INFO - Sync 1 DAGs
[2025-09-29T16:21:19.729+0000] {logging_mixin.py:188} INFO - [2025-09-29T16:21:19.728+0000] {dag.py:3947} INFO - Setting next_dagrun for tutorial_dag to None, run_after=None
[2025-09-29T16:21:19.773+0000] {processor.py:183} INFO - Processing /home/airflow/.local/lib/python3.12/site-packages/airflow/example_dags/tutorial_dag.py took 0.158 seconds
[2025-09-29T16:21:50.148+0000] {processor.py:161} INFO - Started process (PID=25067) to work on /home/airflow/.local/lib/python3.12/site-packages/airflow/example_dags/tutorial_dag.py
[2025-09-29T16:21:50.150+0000] {processor.py:830} INFO - Processing file /home/airflow/.local/lib/python3.12/site-packages/airflow/example_dags/tutorial_dag.py for tasks to queue
[2025-09-29T16:21:50.153+0000] {logging_mixin.py:188} INFO - [2025-09-29T16:21:50.152+0000] {dagbag.py:545} INFO - Filling up the DagBag from /home/airflow/.local/lib/python3.12/site-packages/airflow/example_dags/tutorial_dag.py
[2025-09-29T16:21:50.168+0000] {processor.py:840} INFO - DAG(s) 'tutorial_dag' retrieved from /home/airflow/.local/lib/python3.12/site-packages/airflow/example_dags/tutorial_dag.py
[2025-09-29T16:21:50.247+0000] {logging_mixin.py:188} INFO - [2025-09-29T16:21:50.247+0000] {dag.py:3089} INFO - Sync 1 DAGs
[2025-09-29T16:21:50.277+0000] {logging_mixin.py:188} INFO - [2025-09-29T16:21:50.277+0000] {dag.py:3947} INFO - Setting next_dagrun for tutorial_dag to None, run_after=None
[2025-09-29T16:21:50.326+0000] {processor.py:183} INFO - Processing /home/airflow/.local/lib/python3.12/site-packages/airflow/example_dags/tutorial_dag.py took 0.195 seconds
[2025-09-29T16:22:20.691+0000] {processor.py:161} INFO - Started process (PID=25327) to work on /home/airflow/.local/lib/python3.12/site-packages/airflow/example_dags/tutorial_dag.py
[2025-09-29T16:22:20.694+0000] {processor.py:830} INFO - Processing file /home/airflow/.local/lib/python3.12/site-packages/airflow/example_dags/tutorial_dag.py for tasks to queue
[2025-09-29T16:22:20.696+0000] {logging_mixin.py:188} INFO - [2025-09-29T16:22:20.695+0000] {dagbag.py:545} INFO - Filling up the DagBag from /home/airflow/.local/lib/python3.12/site-packages/airflow/example_dags/tutorial_dag.py
[2025-09-29T16:22:20.707+0000] {processor.py:840} INFO - DAG(s) 'tutorial_dag' retrieved from /home/airflow/.local/lib/python3.12/site-packages/airflow/example_dags/tutorial_dag.py
[2025-09-29T16:22:20.763+0000] {logging_mixin.py:188} INFO - [2025-09-29T16:22:20.762+0000] {dag.py:3089} INFO - Sync 1 DAGs
[2025-09-29T16:22:20.791+0000] {logging_mixin.py:188} INFO - [2025-09-29T16:22:20.791+0000] {dag.py:3947} INFO - Setting next_dagrun for tutorial_dag to None, run_after=None
[2025-09-29T16:22:20.836+0000] {processor.py:183} INFO - Processing /home/airflow/.local/lib/python3.12/site-packages/airflow/example_dags/tutorial_dag.py took 0.159 seconds
[2025-09-29T16:22:50.993+0000] {processor.py:161} INFO - Started process (PID=25589) to work on /home/airflow/.local/lib/python3.12/site-packages/airflow/example_dags/tutorial_dag.py
[2025-09-29T16:22:50.996+0000] {processor.py:830} INFO - Processing file /home/airflow/.local/lib/python3.12/site-packages/airflow/example_dags/tutorial_dag.py for tasks to queue
[2025-09-29T16:22:50.998+0000] {logging_mixin.py:188} INFO - [2025-09-29T16:22:50.997+0000] {dagbag.py:545} INFO - Filling up the DagBag from /home/airflow/.local/lib/python3.12/site-packages/airflow/example_dags/tutorial_dag.py
[2025-09-29T16:22:51.010+0000] {processor.py:840} INFO - DAG(s) 'tutorial_dag' retrieved from /home/airflow/.local/lib/python3.12/site-packages/airflow/example_dags/tutorial_dag.py
[2025-09-29T16:22:51.064+0000] {logging_mixin.py:188} INFO - [2025-09-29T16:22:51.064+0000] {dag.py:3089} INFO - Sync 1 DAGs
[2025-09-29T16:22:51.093+0000] {logging_mixin.py:188} INFO - [2025-09-29T16:22:51.092+0000] {dag.py:3947} INFO - Setting next_dagrun for tutorial_dag to None, run_after=None
[2025-09-29T16:22:51.137+0000] {processor.py:183} INFO - Processing /home/airflow/.local/lib/python3.12/site-packages/airflow/example_dags/tutorial_dag.py took 0.158 seconds
[2025-09-29T16:23:21.993+0000] {processor.py:161} INFO - Started process (PID=25850) to work on /home/airflow/.local/lib/python3.12/site-packages/airflow/example_dags/tutorial_dag.py
[2025-09-29T16:23:21.996+0000] {processor.py:830} INFO - Processing file /home/airflow/.local/lib/python3.12/site-packages/airflow/example_dags/tutorial_dag.py for tasks to queue
[2025-09-29T16:23:21.998+0000] {logging_mixin.py:188} INFO - [2025-09-29T16:23:21.997+0000] {dagbag.py:545} INFO - Filling up the DagBag from /home/airflow/.local/lib/python3.12/site-packages/airflow/example_dags/tutorial_dag.py
[2025-09-29T16:23:22.014+0000] {processor.py:840} INFO - DAG(s) 'tutorial_dag' retrieved from /home/airflow/.local/lib/python3.12/site-packages/airflow/example_dags/tutorial_dag.py
[2025-09-29T16:23:22.070+0000] {logging_mixin.py:188} INFO - [2025-09-29T16:23:22.070+0000] {dag.py:3089} INFO - Sync 1 DAGs
[2025-09-29T16:23:22.104+0000] {logging_mixin.py:188} INFO - [2025-09-29T16:23:22.103+0000] {dag.py:3947} INFO - Setting next_dagrun for tutorial_dag to None, run_after=None
[2025-09-29T16:23:22.168+0000] {processor.py:183} INFO - Processing /home/airflow/.local/lib/python3.12/site-packages/airflow/example_dags/tutorial_dag.py took 0.193 seconds
[2025-09-29T16:23:52.748+0000] {processor.py:161} INFO - Started process (PID=26109) to work on /home/airflow/.local/lib/python3.12/site-packages/airflow/example_dags/tutorial_dag.py
[2025-09-29T16:23:52.751+0000] {processor.py:830} INFO - Processing file /home/airflow/.local/lib/python3.12/site-packages/airflow/example_dags/tutorial_dag.py for tasks to queue
[2025-09-29T16:23:52.754+0000] {logging_mixin.py:188} INFO - [2025-09-29T16:23:52.753+0000] {dagbag.py:545} INFO - Filling up the DagBag from /home/airflow/.local/lib/python3.12/site-packages/airflow/example_dags/tutorial_dag.py
[2025-09-29T16:23:52.768+0000] {processor.py:840} INFO - DAG(s) 'tutorial_dag' retrieved from /home/airflow/.local/lib/python3.12/site-packages/airflow/example_dags/tutorial_dag.py
[2025-09-29T16:23:52.832+0000] {logging_mixin.py:188} INFO - [2025-09-29T16:23:52.832+0000] {dag.py:3089} INFO - Sync 1 DAGs
[2025-09-29T16:23:52.869+0000] {logging_mixin.py:188} INFO - [2025-09-29T16:23:52.869+0000] {dag.py:3947} INFO - Setting next_dagrun for tutorial_dag to None, run_after=None
[2025-09-29T16:23:52.923+0000] {processor.py:183} INFO - Processing /home/airflow/.local/lib/python3.12/site-packages/airflow/example_dags/tutorial_dag.py took 0.193 seconds
[2025-09-29T16:24:23.629+0000] {processor.py:161} INFO - Started process (PID=26372) to work on /home/airflow/.local/lib/python3.12/site-packages/airflow/example_dags/tutorial_dag.py
[2025-09-29T16:24:23.631+0000] {processor.py:830} INFO - Processing file /home/airflow/.local/lib/python3.12/site-packages/airflow/example_dags/tutorial_dag.py for tasks to queue
[2025-09-29T16:24:23.633+0000] {logging_mixin.py:188} INFO - [2025-09-29T16:24:23.633+0000] {dagbag.py:545} INFO - Filling up the DagBag from /home/airflow/.local/lib/python3.12/site-packages/airflow/example_dags/tutorial_dag.py
[2025-09-29T16:24:23.650+0000] {processor.py:840} INFO - DAG(s) 'tutorial_dag' retrieved from /home/airflow/.local/lib/python3.12/site-packages/airflow/example_dags/tutorial_dag.py
[2025-09-29T16:24:23.717+0000] {logging_mixin.py:188} INFO - [2025-09-29T16:24:23.717+0000] {dag.py:3089} INFO - Sync 1 DAGs
[2025-09-29T16:24:23.755+0000] {logging_mixin.py:188} INFO - [2025-09-29T16:24:23.755+0000] {dag.py:3947} INFO - Setting next_dagrun for tutorial_dag to None, run_after=None
[2025-09-29T16:24:23.821+0000] {processor.py:183} INFO - Processing /home/airflow/.local/lib/python3.12/site-packages/airflow/example_dags/tutorial_dag.py took 0.211 seconds
[2025-09-29T16:24:54.144+0000] {processor.py:161} INFO - Started process (PID=26633) to work on /home/airflow/.local/lib/python3.12/site-packages/airflow/example_dags/tutorial_dag.py
[2025-09-29T16:24:54.148+0000] {processor.py:830} INFO - Processing file /home/airflow/.local/lib/python3.12/site-packages/airflow/example_dags/tutorial_dag.py for tasks to queue
[2025-09-29T16:24:54.150+0000] {logging_mixin.py:188} INFO - [2025-09-29T16:24:54.149+0000] {dagbag.py:545} INFO - Filling up the DagBag from /home/airflow/.local/lib/python3.12/site-packages/airflow/example_dags/tutorial_dag.py
[2025-09-29T16:24:54.162+0000] {processor.py:840} INFO - DAG(s) 'tutorial_dag' retrieved from /home/airflow/.local/lib/python3.12/site-packages/airflow/example_dags/tutorial_dag.py
[2025-09-29T16:24:54.224+0000] {logging_mixin.py:188} INFO - [2025-09-29T16:24:54.224+0000] {dag.py:3089} INFO - Sync 1 DAGs
[2025-09-29T16:24:54.257+0000] {logging_mixin.py:188} INFO - [2025-09-29T16:24:54.256+0000] {dag.py:3947} INFO - Setting next_dagrun for tutorial_dag to None, run_after=None
[2025-09-29T16:24:54.308+0000] {processor.py:183} INFO - Processing /home/airflow/.local/lib/python3.12/site-packages/airflow/example_dags/tutorial_dag.py took 0.180 seconds
[2025-09-29T16:25:24.614+0000] {processor.py:161} INFO - Started process (PID=26894) to work on /home/airflow/.local/lib/python3.12/site-packages/airflow/example_dags/tutorial_dag.py
[2025-09-29T16:25:24.617+0000] {processor.py:830} INFO - Processing file /home/airflow/.local/lib/python3.12/site-packages/airflow/example_dags/tutorial_dag.py for tasks to queue
[2025-09-29T16:25:24.619+0000] {logging_mixin.py:188} INFO - [2025-09-29T16:25:24.618+0000] {dagbag.py:545} INFO - Filling up the DagBag from /home/airflow/.local/lib/python3.12/site-packages/airflow/example_dags/tutorial_dag.py
[2025-09-29T16:25:24.632+0000] {processor.py:840} INFO - DAG(s) 'tutorial_dag' retrieved from /home/airflow/.local/lib/python3.12/site-packages/airflow/example_dags/tutorial_dag.py
[2025-09-29T16:25:24.689+0000] {logging_mixin.py:188} INFO - [2025-09-29T16:25:24.688+0000] {dag.py:3089} INFO - Sync 1 DAGs
[2025-09-29T16:25:24.719+0000] {logging_mixin.py:188} INFO - [2025-09-29T16:25:24.718+0000] {dag.py:3947} INFO - Setting next_dagrun for tutorial_dag to None, run_after=None
[2025-09-29T16:25:24.766+0000] {processor.py:183} INFO - Processing /home/airflow/.local/lib/python3.12/site-packages/airflow/example_dags/tutorial_dag.py took 0.167 seconds
[2025-09-29T16:25:55.172+0000] {processor.py:161} INFO - Started process (PID=27155) to work on /home/airflow/.local/lib/python3.12/site-packages/airflow/example_dags/tutorial_dag.py
[2025-09-29T16:25:55.175+0000] {processor.py:830} INFO - Processing file /home/airflow/.local/lib/python3.12/site-packages/airflow/example_dags/tutorial_dag.py for tasks to queue
[2025-09-29T16:25:55.178+0000] {logging_mixin.py:188} INFO - [2025-09-29T16:25:55.177+0000] {dagbag.py:545} INFO - Filling up the DagBag from /home/airflow/.local/lib/python3.12/site-packages/airflow/example_dags/tutorial_dag.py
[2025-09-29T16:25:55.192+0000] {processor.py:840} INFO - DAG(s) 'tutorial_dag' retrieved from /home/airflow/.local/lib/python3.12/site-packages/airflow/example_dags/tutorial_dag.py
[2025-09-29T16:25:55.272+0000] {logging_mixin.py:188} INFO - [2025-09-29T16:25:55.271+0000] {dag.py:3089} INFO - Sync 1 DAGs
[2025-09-29T16:25:55.330+0000] {logging_mixin.py:188} INFO - [2025-09-29T16:25:55.329+0000] {dag.py:3947} INFO - Setting next_dagrun for tutorial_dag to None, run_after=None
[2025-09-29T16:25:55.390+0000] {processor.py:183} INFO - Processing /home/airflow/.local/lib/python3.12/site-packages/airflow/example_dags/tutorial_dag.py took 0.235 seconds
[2025-09-29T16:26:26.191+0000] {processor.py:161} INFO - Started process (PID=27416) to work on /home/airflow/.local/lib/python3.12/site-packages/airflow/example_dags/tutorial_dag.py
[2025-09-29T16:26:26.194+0000] {processor.py:830} INFO - Processing file /home/airflow/.local/lib/python3.12/site-packages/airflow/example_dags/tutorial_dag.py for tasks to queue
[2025-09-29T16:26:26.196+0000] {logging_mixin.py:188} INFO - [2025-09-29T16:26:26.196+0000] {dagbag.py:545} INFO - Filling up the DagBag from /home/airflow/.local/lib/python3.12/site-packages/airflow/example_dags/tutorial_dag.py
[2025-09-29T16:26:26.209+0000] {processor.py:840} INFO - DAG(s) 'tutorial_dag' retrieved from /home/airflow/.local/lib/python3.12/site-packages/airflow/example_dags/tutorial_dag.py
[2025-09-29T16:26:26.270+0000] {logging_mixin.py:188} INFO - [2025-09-29T16:26:26.270+0000] {dag.py:3089} INFO - Sync 1 DAGs
[2025-09-29T16:26:26.302+0000] {logging_mixin.py:188} INFO - [2025-09-29T16:26:26.302+0000] {dag.py:3947} INFO - Setting next_dagrun for tutorial_dag to None, run_after=None
[2025-09-29T16:26:26.354+0000] {processor.py:183} INFO - Processing /home/airflow/.local/lib/python3.12/site-packages/airflow/example_dags/tutorial_dag.py took 0.178 seconds
[2025-09-29T16:26:56.803+0000] {processor.py:161} INFO - Started process (PID=27677) to work on /home/airflow/.local/lib/python3.12/site-packages/airflow/example_dags/tutorial_dag.py
[2025-09-29T16:26:56.805+0000] {processor.py:830} INFO - Processing file /home/airflow/.local/lib/python3.12/site-packages/airflow/example_dags/tutorial_dag.py for tasks to queue
[2025-09-29T16:26:56.807+0000] {logging_mixin.py:188} INFO - [2025-09-29T16:26:56.806+0000] {dagbag.py:545} INFO - Filling up the DagBag from /home/airflow/.local/lib/python3.12/site-packages/airflow/example_dags/tutorial_dag.py
[2025-09-29T16:26:56.821+0000] {processor.py:840} INFO - DAG(s) 'tutorial_dag' retrieved from /home/airflow/.local/lib/python3.12/site-packages/airflow/example_dags/tutorial_dag.py
[2025-09-29T16:26:56.883+0000] {logging_mixin.py:188} INFO - [2025-09-29T16:26:56.882+0000] {dag.py:3089} INFO - Sync 1 DAGs
[2025-09-29T16:26:56.914+0000] {logging_mixin.py:188} INFO - [2025-09-29T16:26:56.914+0000] {dag.py:3947} INFO - Setting next_dagrun for tutorial_dag to None, run_after=None
[2025-09-29T16:26:56.960+0000] {processor.py:183} INFO - Processing /home/airflow/.local/lib/python3.12/site-packages/airflow/example_dags/tutorial_dag.py took 0.171 seconds
[2025-09-29T16:27:27.408+0000] {processor.py:161} INFO - Started process (PID=27938) to work on /home/airflow/.local/lib/python3.12/site-packages/airflow/example_dags/tutorial_dag.py
[2025-09-29T16:27:27.411+0000] {processor.py:830} INFO - Processing file /home/airflow/.local/lib/python3.12/site-packages/airflow/example_dags/tutorial_dag.py for tasks to queue
[2025-09-29T16:27:27.413+0000] {logging_mixin.py:188} INFO - [2025-09-29T16:27:27.412+0000] {dagbag.py:545} INFO - Filling up the DagBag from /home/airflow/.local/lib/python3.12/site-packages/airflow/example_dags/tutorial_dag.py
[2025-09-29T16:27:27.426+0000] {processor.py:840} INFO - DAG(s) 'tutorial_dag' retrieved from /home/airflow/.local/lib/python3.12/site-packages/airflow/example_dags/tutorial_dag.py
[2025-09-29T16:27:27.480+0000] {logging_mixin.py:188} INFO - [2025-09-29T16:27:27.480+0000] {dag.py:3089} INFO - Sync 1 DAGs
[2025-09-29T16:27:27.509+0000] {logging_mixin.py:188} INFO - [2025-09-29T16:27:27.509+0000] {dag.py:3947} INFO - Setting next_dagrun for tutorial_dag to None, run_after=None
[2025-09-29T16:27:27.558+0000] {processor.py:183} INFO - Processing /home/airflow/.local/lib/python3.12/site-packages/airflow/example_dags/tutorial_dag.py took 0.169 seconds
[2025-09-29T16:27:58.290+0000] {processor.py:161} INFO - Started process (PID=28199) to work on /home/airflow/.local/lib/python3.12/site-packages/airflow/example_dags/tutorial_dag.py
[2025-09-29T16:27:58.292+0000] {processor.py:830} INFO - Processing file /home/airflow/.local/lib/python3.12/site-packages/airflow/example_dags/tutorial_dag.py for tasks to queue
[2025-09-29T16:27:58.295+0000] {logging_mixin.py:188} INFO - [2025-09-29T16:27:58.294+0000] {dagbag.py:545} INFO - Filling up the DagBag from /home/airflow/.local/lib/python3.12/site-packages/airflow/example_dags/tutorial_dag.py
[2025-09-29T16:27:58.309+0000] {processor.py:840} INFO - DAG(s) 'tutorial_dag' retrieved from /home/airflow/.local/lib/python3.12/site-packages/airflow/example_dags/tutorial_dag.py
[2025-09-29T16:27:58.368+0000] {logging_mixin.py:188} INFO - [2025-09-29T16:27:58.368+0000] {dag.py:3089} INFO - Sync 1 DAGs
[2025-09-29T16:27:58.398+0000] {logging_mixin.py:188} INFO - [2025-09-29T16:27:58.398+0000] {dag.py:3947} INFO - Setting next_dagrun for tutorial_dag to None, run_after=None
[2025-09-29T16:27:58.446+0000] {processor.py:183} INFO - Processing /home/airflow/.local/lib/python3.12/site-packages/airflow/example_dags/tutorial_dag.py took 0.172 seconds
[2025-09-29T16:28:28.794+0000] {processor.py:161} INFO - Started process (PID=28459) to work on /home/airflow/.local/lib/python3.12/site-packages/airflow/example_dags/tutorial_dag.py
[2025-09-29T16:28:28.796+0000] {processor.py:830} INFO - Processing file /home/airflow/.local/lib/python3.12/site-packages/airflow/example_dags/tutorial_dag.py for tasks to queue
[2025-09-29T16:28:28.798+0000] {logging_mixin.py:188} INFO - [2025-09-29T16:28:28.797+0000] {dagbag.py:545} INFO - Filling up the DagBag from /home/airflow/.local/lib/python3.12/site-packages/airflow/example_dags/tutorial_dag.py
[2025-09-29T16:28:28.810+0000] {processor.py:840} INFO - DAG(s) 'tutorial_dag' retrieved from /home/airflow/.local/lib/python3.12/site-packages/airflow/example_dags/tutorial_dag.py
[2025-09-29T16:28:28.866+0000] {logging_mixin.py:188} INFO - [2025-09-29T16:28:28.865+0000] {dag.py:3089} INFO - Sync 1 DAGs
[2025-09-29T16:28:28.893+0000] {logging_mixin.py:188} INFO - [2025-09-29T16:28:28.893+0000] {dag.py:3947} INFO - Setting next_dagrun for tutorial_dag to None, run_after=None
[2025-09-29T16:28:28.939+0000] {processor.py:183} INFO - Processing /home/airflow/.local/lib/python3.12/site-packages/airflow/example_dags/tutorial_dag.py took 0.160 seconds
[2025-09-29T16:28:59.299+0000] {processor.py:161} INFO - Started process (PID=28719) to work on /home/airflow/.local/lib/python3.12/site-packages/airflow/example_dags/tutorial_dag.py
[2025-09-29T16:28:59.302+0000] {processor.py:830} INFO - Processing file /home/airflow/.local/lib/python3.12/site-packages/airflow/example_dags/tutorial_dag.py for tasks to queue
[2025-09-29T16:28:59.304+0000] {logging_mixin.py:188} INFO - [2025-09-29T16:28:59.303+0000] {dagbag.py:545} INFO - Filling up the DagBag from /home/airflow/.local/lib/python3.12/site-packages/airflow/example_dags/tutorial_dag.py
[2025-09-29T16:28:59.317+0000] {processor.py:840} INFO - DAG(s) 'tutorial_dag' retrieved from /home/airflow/.local/lib/python3.12/site-packages/airflow/example_dags/tutorial_dag.py
[2025-09-29T16:28:59.380+0000] {logging_mixin.py:188} INFO - [2025-09-29T16:28:59.379+0000] {dag.py:3089} INFO - Sync 1 DAGs
[2025-09-29T16:28:59.410+0000] {logging_mixin.py:188} INFO - [2025-09-29T16:28:59.410+0000] {dag.py:3947} INFO - Setting next_dagrun for tutorial_dag to None, run_after=None
[2025-09-29T16:28:59.482+0000] {processor.py:183} INFO - Processing /home/airflow/.local/lib/python3.12/site-packages/airflow/example_dags/tutorial_dag.py took 0.198 seconds
[2025-09-29T16:29:29.983+0000] {processor.py:161} INFO - Started process (PID=28980) to work on /home/airflow/.local/lib/python3.12/site-packages/airflow/example_dags/tutorial_dag.py
[2025-09-29T16:29:29.986+0000] {processor.py:830} INFO - Processing file /home/airflow/.local/lib/python3.12/site-packages/airflow/example_dags/tutorial_dag.py for tasks to queue
[2025-09-29T16:29:29.988+0000] {logging_mixin.py:188} INFO - [2025-09-29T16:29:29.987+0000] {dagbag.py:545} INFO - Filling up the DagBag from /home/airflow/.local/lib/python3.12/site-packages/airflow/example_dags/tutorial_dag.py
[2025-09-29T16:29:30.006+0000] {processor.py:840} INFO - DAG(s) 'tutorial_dag' retrieved from /home/airflow/.local/lib/python3.12/site-packages/airflow/example_dags/tutorial_dag.py
[2025-09-29T16:29:30.094+0000] {logging_mixin.py:188} INFO - [2025-09-29T16:29:30.094+0000] {dag.py:3089} INFO - Sync 1 DAGs
[2025-09-29T16:29:30.136+0000] {logging_mixin.py:188} INFO - [2025-09-29T16:29:30.135+0000] {dag.py:3947} INFO - Setting next_dagrun for tutorial_dag to None, run_after=None
[2025-09-29T16:29:30.204+0000] {processor.py:183} INFO - Processing /home/airflow/.local/lib/python3.12/site-packages/airflow/example_dags/tutorial_dag.py took 0.243 seconds
[2025-09-29T16:30:00.291+0000] {processor.py:161} INFO - Started process (PID=29237) to work on /home/airflow/.local/lib/python3.12/site-packages/airflow/example_dags/tutorial_dag.py
[2025-09-29T16:30:00.293+0000] {processor.py:830} INFO - Processing file /home/airflow/.local/lib/python3.12/site-packages/airflow/example_dags/tutorial_dag.py for tasks to queue
[2025-09-29T16:30:00.295+0000] {logging_mixin.py:188} INFO - [2025-09-29T16:30:00.294+0000] {dagbag.py:545} INFO - Filling up the DagBag from /home/airflow/.local/lib/python3.12/site-packages/airflow/example_dags/tutorial_dag.py
[2025-09-29T16:30:00.310+0000] {processor.py:840} INFO - DAG(s) 'tutorial_dag' retrieved from /home/airflow/.local/lib/python3.12/site-packages/airflow/example_dags/tutorial_dag.py
[2025-09-29T16:30:00.364+0000] {logging_mixin.py:188} INFO - [2025-09-29T16:30:00.363+0000] {dag.py:3089} INFO - Sync 1 DAGs
[2025-09-29T16:30:00.393+0000] {logging_mixin.py:188} INFO - [2025-09-29T16:30:00.392+0000] {dag.py:3947} INFO - Setting next_dagrun for tutorial_dag to None, run_after=None
[2025-09-29T16:30:00.439+0000] {processor.py:183} INFO - Processing /home/airflow/.local/lib/python3.12/site-packages/airflow/example_dags/tutorial_dag.py took 0.164 seconds
[2025-09-29T16:30:31.019+0000] {processor.py:161} INFO - Started process (PID=29498) to work on /home/airflow/.local/lib/python3.12/site-packages/airflow/example_dags/tutorial_dag.py
[2025-09-29T16:30:31.021+0000] {processor.py:830} INFO - Processing file /home/airflow/.local/lib/python3.12/site-packages/airflow/example_dags/tutorial_dag.py for tasks to queue
[2025-09-29T16:30:31.023+0000] {logging_mixin.py:188} INFO - [2025-09-29T16:30:31.022+0000] {dagbag.py:545} INFO - Filling up the DagBag from /home/airflow/.local/lib/python3.12/site-packages/airflow/example_dags/tutorial_dag.py
[2025-09-29T16:30:31.035+0000] {processor.py:840} INFO - DAG(s) 'tutorial_dag' retrieved from /home/airflow/.local/lib/python3.12/site-packages/airflow/example_dags/tutorial_dag.py
[2025-09-29T16:30:31.089+0000] {logging_mixin.py:188} INFO - [2025-09-29T16:30:31.089+0000] {dag.py:3089} INFO - Sync 1 DAGs
[2025-09-29T16:30:31.118+0000] {logging_mixin.py:188} INFO - [2025-09-29T16:30:31.118+0000] {dag.py:3947} INFO - Setting next_dagrun for tutorial_dag to None, run_after=None
[2025-09-29T16:30:31.165+0000] {processor.py:183} INFO - Processing /home/airflow/.local/lib/python3.12/site-packages/airflow/example_dags/tutorial_dag.py took 0.161 seconds
[2025-09-29T16:31:01.435+0000] {processor.py:161} INFO - Started process (PID=29759) to work on /home/airflow/.local/lib/python3.12/site-packages/airflow/example_dags/tutorial_dag.py
[2025-09-29T16:31:01.438+0000] {processor.py:830} INFO - Processing file /home/airflow/.local/lib/python3.12/site-packages/airflow/example_dags/tutorial_dag.py for tasks to queue
[2025-09-29T16:31:01.440+0000] {logging_mixin.py:188} INFO - [2025-09-29T16:31:01.439+0000] {dagbag.py:545} INFO - Filling up the DagBag from /home/airflow/.local/lib/python3.12/site-packages/airflow/example_dags/tutorial_dag.py
[2025-09-29T16:31:01.453+0000] {processor.py:840} INFO - DAG(s) 'tutorial_dag' retrieved from /home/airflow/.local/lib/python3.12/site-packages/airflow/example_dags/tutorial_dag.py
[2025-09-29T16:31:01.505+0000] {logging_mixin.py:188} INFO - [2025-09-29T16:31:01.505+0000] {dag.py:3089} INFO - Sync 1 DAGs
[2025-09-29T16:31:01.533+0000] {logging_mixin.py:188} INFO - [2025-09-29T16:31:01.533+0000] {dag.py:3947} INFO - Setting next_dagrun for tutorial_dag to None, run_after=None
[2025-09-29T16:31:01.577+0000] {processor.py:183} INFO - Processing /home/airflow/.local/lib/python3.12/site-packages/airflow/example_dags/tutorial_dag.py took 0.156 seconds
[2025-09-29T16:31:32.209+0000] {processor.py:161} INFO - Started process (PID=30018) to work on /home/airflow/.local/lib/python3.12/site-packages/airflow/example_dags/tutorial_dag.py
[2025-09-29T16:31:32.212+0000] {processor.py:830} INFO - Processing file /home/airflow/.local/lib/python3.12/site-packages/airflow/example_dags/tutorial_dag.py for tasks to queue
[2025-09-29T16:31:32.214+0000] {logging_mixin.py:188} INFO - [2025-09-29T16:31:32.213+0000] {dagbag.py:545} INFO - Filling up the DagBag from /home/airflow/.local/lib/python3.12/site-packages/airflow/example_dags/tutorial_dag.py
[2025-09-29T16:31:32.228+0000] {processor.py:840} INFO - DAG(s) 'tutorial_dag' retrieved from /home/airflow/.local/lib/python3.12/site-packages/airflow/example_dags/tutorial_dag.py
[2025-09-29T16:31:32.287+0000] {logging_mixin.py:188} INFO - [2025-09-29T16:31:32.286+0000] {dag.py:3089} INFO - Sync 1 DAGs
[2025-09-29T16:31:32.318+0000] {logging_mixin.py:188} INFO - [2025-09-29T16:31:32.318+0000] {dag.py:3947} INFO - Setting next_dagrun for tutorial_dag to None, run_after=None
[2025-09-29T16:31:32.364+0000] {processor.py:183} INFO - Processing /home/airflow/.local/lib/python3.12/site-packages/airflow/example_dags/tutorial_dag.py took 0.173 seconds
[2025-09-29T16:32:02.947+0000] {processor.py:161} INFO - Started process (PID=30279) to work on /home/airflow/.local/lib/python3.12/site-packages/airflow/example_dags/tutorial_dag.py
[2025-09-29T16:32:02.949+0000] {processor.py:830} INFO - Processing file /home/airflow/.local/lib/python3.12/site-packages/airflow/example_dags/tutorial_dag.py for tasks to queue
[2025-09-29T16:32:02.951+0000] {logging_mixin.py:188} INFO - [2025-09-29T16:32:02.950+0000] {dagbag.py:545} INFO - Filling up the DagBag from /home/airflow/.local/lib/python3.12/site-packages/airflow/example_dags/tutorial_dag.py
[2025-09-29T16:32:02.965+0000] {processor.py:840} INFO - DAG(s) 'tutorial_dag' retrieved from /home/airflow/.local/lib/python3.12/site-packages/airflow/example_dags/tutorial_dag.py
[2025-09-29T16:32:03.022+0000] {logging_mixin.py:188} INFO - [2025-09-29T16:32:03.021+0000] {dag.py:3089} INFO - Sync 1 DAGs
[2025-09-29T16:32:03.050+0000] {logging_mixin.py:188} INFO - [2025-09-29T16:32:03.050+0000] {dag.py:3947} INFO - Setting next_dagrun for tutorial_dag to None, run_after=None
[2025-09-29T16:32:03.101+0000] {processor.py:183} INFO - Processing /home/airflow/.local/lib/python3.12/site-packages/airflow/example_dags/tutorial_dag.py took 0.169 seconds
[2025-09-29T16:32:34.161+0000] {processor.py:161} INFO - Started process (PID=30542) to work on /home/airflow/.local/lib/python3.12/site-packages/airflow/example_dags/tutorial_dag.py
[2025-09-29T16:32:34.164+0000] {processor.py:830} INFO - Processing file /home/airflow/.local/lib/python3.12/site-packages/airflow/example_dags/tutorial_dag.py for tasks to queue
[2025-09-29T16:32:34.166+0000] {logging_mixin.py:188} INFO - [2025-09-29T16:32:34.165+0000] {dagbag.py:545} INFO - Filling up the DagBag from /home/airflow/.local/lib/python3.12/site-packages/airflow/example_dags/tutorial_dag.py
[2025-09-29T16:32:34.179+0000] {processor.py:840} INFO - DAG(s) 'tutorial_dag' retrieved from /home/airflow/.local/lib/python3.12/site-packages/airflow/example_dags/tutorial_dag.py
[2025-09-29T16:32:34.240+0000] {logging_mixin.py:188} INFO - [2025-09-29T16:32:34.239+0000] {dag.py:3089} INFO - Sync 1 DAGs
[2025-09-29T16:32:34.270+0000] {logging_mixin.py:188} INFO - [2025-09-29T16:32:34.269+0000] {dag.py:3947} INFO - Setting next_dagrun for tutorial_dag to None, run_after=None
[2025-09-29T16:32:34.323+0000] {processor.py:183} INFO - Processing /home/airflow/.local/lib/python3.12/site-packages/airflow/example_dags/tutorial_dag.py took 0.182 seconds
[2025-09-29T16:33:04.648+0000] {processor.py:161} INFO - Started process (PID=30803) to work on /home/airflow/.local/lib/python3.12/site-packages/airflow/example_dags/tutorial_dag.py
[2025-09-29T16:33:04.651+0000] {processor.py:830} INFO - Processing file /home/airflow/.local/lib/python3.12/site-packages/airflow/example_dags/tutorial_dag.py for tasks to queue
[2025-09-29T16:33:04.653+0000] {logging_mixin.py:188} INFO - [2025-09-29T16:33:04.653+0000] {dagbag.py:545} INFO - Filling up the DagBag from /home/airflow/.local/lib/python3.12/site-packages/airflow/example_dags/tutorial_dag.py
[2025-09-29T16:33:04.669+0000] {processor.py:840} INFO - DAG(s) 'tutorial_dag' retrieved from /home/airflow/.local/lib/python3.12/site-packages/airflow/example_dags/tutorial_dag.py
[2025-09-29T16:33:04.731+0000] {logging_mixin.py:188} INFO - [2025-09-29T16:33:04.730+0000] {dag.py:3089} INFO - Sync 1 DAGs
[2025-09-29T16:33:04.760+0000] {logging_mixin.py:188} INFO - [2025-09-29T16:33:04.760+0000] {dag.py:3947} INFO - Setting next_dagrun for tutorial_dag to None, run_after=None
[2025-09-29T16:33:04.809+0000] {processor.py:183} INFO - Processing /home/airflow/.local/lib/python3.12/site-packages/airflow/example_dags/tutorial_dag.py took 0.179 seconds
[2025-09-29T16:33:34.933+0000] {processor.py:161} INFO - Started process (PID=31064) to work on /home/airflow/.local/lib/python3.12/site-packages/airflow/example_dags/tutorial_dag.py
[2025-09-29T16:33:34.936+0000] {processor.py:830} INFO - Processing file /home/airflow/.local/lib/python3.12/site-packages/airflow/example_dags/tutorial_dag.py for tasks to queue
[2025-09-29T16:33:34.938+0000] {logging_mixin.py:188} INFO - [2025-09-29T16:33:34.937+0000] {dagbag.py:545} INFO - Filling up the DagBag from /home/airflow/.local/lib/python3.12/site-packages/airflow/example_dags/tutorial_dag.py
[2025-09-29T16:33:34.951+0000] {processor.py:840} INFO - DAG(s) 'tutorial_dag' retrieved from /home/airflow/.local/lib/python3.12/site-packages/airflow/example_dags/tutorial_dag.py
[2025-09-29T16:33:35.009+0000] {logging_mixin.py:188} INFO - [2025-09-29T16:33:35.008+0000] {dag.py:3089} INFO - Sync 1 DAGs
[2025-09-29T16:33:35.037+0000] {logging_mixin.py:188} INFO - [2025-09-29T16:33:35.036+0000] {dag.py:3947} INFO - Setting next_dagrun for tutorial_dag to None, run_after=None
[2025-09-29T16:33:35.082+0000] {processor.py:183} INFO - Processing /home/airflow/.local/lib/python3.12/site-packages/airflow/example_dags/tutorial_dag.py took 0.164 seconds
[2025-09-29T16:34:05.541+0000] {processor.py:161} INFO - Started process (PID=31325) to work on /home/airflow/.local/lib/python3.12/site-packages/airflow/example_dags/tutorial_dag.py
[2025-09-29T16:34:05.544+0000] {processor.py:830} INFO - Processing file /home/airflow/.local/lib/python3.12/site-packages/airflow/example_dags/tutorial_dag.py for tasks to queue
[2025-09-29T16:34:05.546+0000] {logging_mixin.py:188} INFO - [2025-09-29T16:34:05.545+0000] {dagbag.py:545} INFO - Filling up the DagBag from /home/airflow/.local/lib/python3.12/site-packages/airflow/example_dags/tutorial_dag.py
[2025-09-29T16:34:05.560+0000] {processor.py:840} INFO - DAG(s) 'tutorial_dag' retrieved from /home/airflow/.local/lib/python3.12/site-packages/airflow/example_dags/tutorial_dag.py
[2025-09-29T16:34:05.620+0000] {logging_mixin.py:188} INFO - [2025-09-29T16:34:05.620+0000] {dag.py:3089} INFO - Sync 1 DAGs
[2025-09-29T16:34:05.652+0000] {logging_mixin.py:188} INFO - [2025-09-29T16:34:05.652+0000] {dag.py:3947} INFO - Setting next_dagrun for tutorial_dag to None, run_after=None
[2025-09-29T16:34:05.703+0000] {processor.py:183} INFO - Processing /home/airflow/.local/lib/python3.12/site-packages/airflow/example_dags/tutorial_dag.py took 0.177 seconds
[2025-09-29T16:34:36.372+0000] {processor.py:161} INFO - Started process (PID=31586) to work on /home/airflow/.local/lib/python3.12/site-packages/airflow/example_dags/tutorial_dag.py
[2025-09-29T16:34:36.375+0000] {processor.py:830} INFO - Processing file /home/airflow/.local/lib/python3.12/site-packages/airflow/example_dags/tutorial_dag.py for tasks to queue
[2025-09-29T16:34:36.377+0000] {logging_mixin.py:188} INFO - [2025-09-29T16:34:36.376+0000] {dagbag.py:545} INFO - Filling up the DagBag from /home/airflow/.local/lib/python3.12/site-packages/airflow/example_dags/tutorial_dag.py
[2025-09-29T16:34:36.391+0000] {processor.py:840} INFO - DAG(s) 'tutorial_dag' retrieved from /home/airflow/.local/lib/python3.12/site-packages/airflow/example_dags/tutorial_dag.py
[2025-09-29T16:34:36.448+0000] {logging_mixin.py:188} INFO - [2025-09-29T16:34:36.448+0000] {dag.py:3089} INFO - Sync 1 DAGs
[2025-09-29T16:34:36.478+0000] {logging_mixin.py:188} INFO - [2025-09-29T16:34:36.477+0000] {dag.py:3947} INFO - Setting next_dagrun for tutorial_dag to None, run_after=None
[2025-09-29T16:34:36.527+0000] {processor.py:183} INFO - Processing /home/airflow/.local/lib/python3.12/site-packages/airflow/example_dags/tutorial_dag.py took 0.169 seconds
[2025-09-29T16:47:29.798+0000] {processor.py:161} INFO - Started process (PID=216) to work on /home/airflow/.local/lib/python3.12/site-packages/airflow/example_dags/tutorial_dag.py
[2025-09-29T16:47:29.802+0000] {processor.py:830} INFO - Processing file /home/airflow/.local/lib/python3.12/site-packages/airflow/example_dags/tutorial_dag.py for tasks to queue
[2025-09-29T16:47:29.809+0000] {logging_mixin.py:188} INFO - [2025-09-29T16:47:29.808+0000] {dagbag.py:545} INFO - Filling up the DagBag from /home/airflow/.local/lib/python3.12/site-packages/airflow/example_dags/tutorial_dag.py
[2025-09-29T16:47:29.847+0000] {processor.py:840} INFO - DAG(s) 'tutorial_dag' retrieved from /home/airflow/.local/lib/python3.12/site-packages/airflow/example_dags/tutorial_dag.py
[2025-09-29T16:47:29.906+0000] {logging_mixin.py:188} INFO - [2025-09-29T16:47:29.906+0000] {dag.py:3089} INFO - Sync 1 DAGs
[2025-09-29T16:47:29.957+0000] {logging_mixin.py:188} INFO - [2025-09-29T16:47:29.957+0000] {dag.py:3947} INFO - Setting next_dagrun for tutorial_dag to None, run_after=None
[2025-09-29T16:47:30.039+0000] {processor.py:183} INFO - Processing /home/airflow/.local/lib/python3.12/site-packages/airflow/example_dags/tutorial_dag.py took 0.259 seconds
[2025-09-29T16:48:02.582+0000] {processor.py:161} INFO - Started process (PID=490) to work on /home/airflow/.local/lib/python3.12/site-packages/airflow/example_dags/tutorial_dag.py
[2025-09-29T16:48:02.585+0000] {processor.py:830} INFO - Processing file /home/airflow/.local/lib/python3.12/site-packages/airflow/example_dags/tutorial_dag.py for tasks to queue
[2025-09-29T16:48:02.590+0000] {logging_mixin.py:188} INFO - [2025-09-29T16:48:02.589+0000] {dagbag.py:545} INFO - Filling up the DagBag from /home/airflow/.local/lib/python3.12/site-packages/airflow/example_dags/tutorial_dag.py
[2025-09-29T16:48:02.609+0000] {processor.py:840} INFO - DAG(s) 'tutorial_dag' retrieved from /home/airflow/.local/lib/python3.12/site-packages/airflow/example_dags/tutorial_dag.py
[2025-09-29T16:48:03.004+0000] {logging_mixin.py:188} INFO - [2025-09-29T16:48:03.003+0000] {dag.py:3089} INFO - Sync 1 DAGs
[2025-09-29T16:48:03.056+0000] {logging_mixin.py:188} INFO - [2025-09-29T16:48:03.056+0000] {dag.py:3947} INFO - Setting next_dagrun for tutorial_dag to None, run_after=None
[2025-09-29T16:48:03.217+0000] {processor.py:183} INFO - Processing /home/airflow/.local/lib/python3.12/site-packages/airflow/example_dags/tutorial_dag.py took 0.652 seconds
[2025-09-29T16:48:34.142+0000] {processor.py:161} INFO - Started process (PID=763) to work on /home/airflow/.local/lib/python3.12/site-packages/airflow/example_dags/tutorial_dag.py
[2025-09-29T16:48:34.144+0000] {processor.py:830} INFO - Processing file /home/airflow/.local/lib/python3.12/site-packages/airflow/example_dags/tutorial_dag.py for tasks to queue
[2025-09-29T16:48:34.148+0000] {logging_mixin.py:188} INFO - [2025-09-29T16:48:34.148+0000] {dagbag.py:545} INFO - Filling up the DagBag from /home/airflow/.local/lib/python3.12/site-packages/airflow/example_dags/tutorial_dag.py
[2025-09-29T16:48:34.161+0000] {processor.py:840} INFO - DAG(s) 'tutorial_dag' retrieved from /home/airflow/.local/lib/python3.12/site-packages/airflow/example_dags/tutorial_dag.py
[2025-09-29T16:48:34.217+0000] {logging_mixin.py:188} INFO - [2025-09-29T16:48:34.217+0000] {dag.py:3089} INFO - Sync 1 DAGs
[2025-09-29T16:48:34.247+0000] {logging_mixin.py:188} INFO - [2025-09-29T16:48:34.246+0000] {dag.py:3947} INFO - Setting next_dagrun for tutorial_dag to None, run_after=None
[2025-09-29T16:48:34.296+0000] {processor.py:183} INFO - Processing /home/airflow/.local/lib/python3.12/site-packages/airflow/example_dags/tutorial_dag.py took 0.167 seconds
[2025-09-29T16:55:32.860+0000] {processor.py:161} INFO - Started process (PID=234) to work on /home/airflow/.local/lib/python3.12/site-packages/airflow/example_dags/tutorial_dag.py
[2025-09-29T16:55:32.863+0000] {processor.py:830} INFO - Processing file /home/airflow/.local/lib/python3.12/site-packages/airflow/example_dags/tutorial_dag.py for tasks to queue
[2025-09-29T16:55:32.868+0000] {logging_mixin.py:188} INFO - [2025-09-29T16:55:32.867+0000] {dagbag.py:545} INFO - Filling up the DagBag from /home/airflow/.local/lib/python3.12/site-packages/airflow/example_dags/tutorial_dag.py
[2025-09-29T16:55:32.890+0000] {processor.py:840} INFO - DAG(s) 'tutorial_dag' retrieved from /home/airflow/.local/lib/python3.12/site-packages/airflow/example_dags/tutorial_dag.py
[2025-09-29T16:55:32.926+0000] {logging_mixin.py:188} INFO - [2025-09-29T16:55:32.926+0000] {dag.py:3089} INFO - Sync 1 DAGs
[2025-09-29T16:55:32.964+0000] {logging_mixin.py:188} INFO - [2025-09-29T16:55:32.964+0000] {dag.py:3947} INFO - Setting next_dagrun for tutorial_dag to None, run_after=None
[2025-09-29T16:55:33.023+0000] {processor.py:183} INFO - Processing /home/airflow/.local/lib/python3.12/site-packages/airflow/example_dags/tutorial_dag.py took 0.181 seconds
[2025-09-29T16:56:05.361+0000] {processor.py:161} INFO - Started process (PID=503) to work on /home/airflow/.local/lib/python3.12/site-packages/airflow/example_dags/tutorial_dag.py
[2025-09-29T16:56:05.364+0000] {processor.py:830} INFO - Processing file /home/airflow/.local/lib/python3.12/site-packages/airflow/example_dags/tutorial_dag.py for tasks to queue
[2025-09-29T16:56:05.369+0000] {logging_mixin.py:188} INFO - [2025-09-29T16:56:05.368+0000] {dagbag.py:545} INFO - Filling up the DagBag from /home/airflow/.local/lib/python3.12/site-packages/airflow/example_dags/tutorial_dag.py
[2025-09-29T16:56:05.381+0000] {processor.py:840} INFO - DAG(s) 'tutorial_dag' retrieved from /home/airflow/.local/lib/python3.12/site-packages/airflow/example_dags/tutorial_dag.py
[2025-09-29T16:56:05.719+0000] {logging_mixin.py:188} INFO - [2025-09-29T16:56:05.719+0000] {dag.py:3089} INFO - Sync 1 DAGs
[2025-09-29T16:56:05.750+0000] {logging_mixin.py:188} INFO - [2025-09-29T16:56:05.750+0000] {dag.py:3947} INFO - Setting next_dagrun for tutorial_dag to None, run_after=None
[2025-09-29T16:56:05.801+0000] {processor.py:183} INFO - Processing /home/airflow/.local/lib/python3.12/site-packages/airflow/example_dags/tutorial_dag.py took 0.456 seconds
[2025-09-29T16:56:36.510+0000] {processor.py:161} INFO - Started process (PID=777) to work on /home/airflow/.local/lib/python3.12/site-packages/airflow/example_dags/tutorial_dag.py
[2025-09-29T16:56:36.513+0000] {processor.py:830} INFO - Processing file /home/airflow/.local/lib/python3.12/site-packages/airflow/example_dags/tutorial_dag.py for tasks to queue
[2025-09-29T16:56:36.518+0000] {logging_mixin.py:188} INFO - [2025-09-29T16:56:36.517+0000] {dagbag.py:545} INFO - Filling up the DagBag from /home/airflow/.local/lib/python3.12/site-packages/airflow/example_dags/tutorial_dag.py
[2025-09-29T16:56:36.536+0000] {processor.py:840} INFO - DAG(s) 'tutorial_dag' retrieved from /home/airflow/.local/lib/python3.12/site-packages/airflow/example_dags/tutorial_dag.py
[2025-09-29T16:56:36.733+0000] {logging_mixin.py:188} INFO - [2025-09-29T16:56:36.732+0000] {dag.py:3089} INFO - Sync 1 DAGs
[2025-09-29T16:56:36.850+0000] {logging_mixin.py:188} INFO - [2025-09-29T16:56:36.849+0000] {dag.py:3947} INFO - Setting next_dagrun for tutorial_dag to None, run_after=None
[2025-09-29T16:56:37.053+0000] {processor.py:183} INFO - Processing /home/airflow/.local/lib/python3.12/site-packages/airflow/example_dags/tutorial_dag.py took 0.570 seconds
[2025-09-29T16:57:07.132+0000] {processor.py:161} INFO - Started process (PID=1036) to work on /home/airflow/.local/lib/python3.12/site-packages/airflow/example_dags/tutorial_dag.py
[2025-09-29T16:57:07.134+0000] {processor.py:830} INFO - Processing file /home/airflow/.local/lib/python3.12/site-packages/airflow/example_dags/tutorial_dag.py for tasks to queue
[2025-09-29T16:57:07.138+0000] {logging_mixin.py:188} INFO - [2025-09-29T16:57:07.138+0000] {dagbag.py:545} INFO - Filling up the DagBag from /home/airflow/.local/lib/python3.12/site-packages/airflow/example_dags/tutorial_dag.py
[2025-09-29T16:57:07.151+0000] {processor.py:840} INFO - DAG(s) 'tutorial_dag' retrieved from /home/airflow/.local/lib/python3.12/site-packages/airflow/example_dags/tutorial_dag.py
[2025-09-29T16:57:07.210+0000] {logging_mixin.py:188} INFO - [2025-09-29T16:57:07.210+0000] {dag.py:3089} INFO - Sync 1 DAGs
[2025-09-29T16:57:07.242+0000] {logging_mixin.py:188} INFO - [2025-09-29T16:57:07.241+0000] {dag.py:3947} INFO - Setting next_dagrun for tutorial_dag to None, run_after=None
[2025-09-29T16:57:07.292+0000] {processor.py:183} INFO - Processing /home/airflow/.local/lib/python3.12/site-packages/airflow/example_dags/tutorial_dag.py took 0.175 seconds
[2025-09-29T16:57:38.042+0000] {processor.py:161} INFO - Started process (PID=1310) to work on /home/airflow/.local/lib/python3.12/site-packages/airflow/example_dags/tutorial_dag.py
[2025-09-29T16:57:38.046+0000] {processor.py:830} INFO - Processing file /home/airflow/.local/lib/python3.12/site-packages/airflow/example_dags/tutorial_dag.py for tasks to queue
[2025-09-29T16:57:38.050+0000] {logging_mixin.py:188} INFO - [2025-09-29T16:57:38.049+0000] {dagbag.py:545} INFO - Filling up the DagBag from /home/airflow/.local/lib/python3.12/site-packages/airflow/example_dags/tutorial_dag.py
[2025-09-29T16:57:38.062+0000] {processor.py:840} INFO - DAG(s) 'tutorial_dag' retrieved from /home/airflow/.local/lib/python3.12/site-packages/airflow/example_dags/tutorial_dag.py
[2025-09-29T16:57:38.120+0000] {logging_mixin.py:188} INFO - [2025-09-29T16:57:38.119+0000] {dag.py:3089} INFO - Sync 1 DAGs
[2025-09-29T16:57:38.152+0000] {logging_mixin.py:188} INFO - [2025-09-29T16:57:38.151+0000] {dag.py:3947} INFO - Setting next_dagrun for tutorial_dag to None, run_after=None
[2025-09-29T16:57:38.203+0000] {processor.py:183} INFO - Processing /home/airflow/.local/lib/python3.12/site-packages/airflow/example_dags/tutorial_dag.py took 0.177 seconds
[2025-09-29T16:58:08.431+0000] {processor.py:161} INFO - Started process (PID=1573) to work on /home/airflow/.local/lib/python3.12/site-packages/airflow/example_dags/tutorial_dag.py
[2025-09-29T16:58:08.433+0000] {processor.py:830} INFO - Processing file /home/airflow/.local/lib/python3.12/site-packages/airflow/example_dags/tutorial_dag.py for tasks to queue
[2025-09-29T16:58:08.438+0000] {logging_mixin.py:188} INFO - [2025-09-29T16:58:08.437+0000] {dagbag.py:545} INFO - Filling up the DagBag from /home/airflow/.local/lib/python3.12/site-packages/airflow/example_dags/tutorial_dag.py
[2025-09-29T16:58:08.451+0000] {processor.py:840} INFO - DAG(s) 'tutorial_dag' retrieved from /home/airflow/.local/lib/python3.12/site-packages/airflow/example_dags/tutorial_dag.py
[2025-09-29T16:58:08.507+0000] {logging_mixin.py:188} INFO - [2025-09-29T16:58:08.507+0000] {dag.py:3089} INFO - Sync 1 DAGs
[2025-09-29T16:58:08.537+0000] {logging_mixin.py:188} INFO - [2025-09-29T16:58:08.537+0000] {dag.py:3947} INFO - Setting next_dagrun for tutorial_dag to None, run_after=None
[2025-09-29T16:58:08.588+0000] {processor.py:183} INFO - Processing /home/airflow/.local/lib/python3.12/site-packages/airflow/example_dags/tutorial_dag.py took 0.173 seconds
[2025-09-29T16:58:39.260+0000] {processor.py:161} INFO - Started process (PID=1834) to work on /home/airflow/.local/lib/python3.12/site-packages/airflow/example_dags/tutorial_dag.py
[2025-09-29T16:58:39.263+0000] {processor.py:830} INFO - Processing file /home/airflow/.local/lib/python3.12/site-packages/airflow/example_dags/tutorial_dag.py for tasks to queue
[2025-09-29T16:58:39.268+0000] {logging_mixin.py:188} INFO - [2025-09-29T16:58:39.267+0000] {dagbag.py:545} INFO - Filling up the DagBag from /home/airflow/.local/lib/python3.12/site-packages/airflow/example_dags/tutorial_dag.py
[2025-09-29T16:58:39.281+0000] {processor.py:840} INFO - DAG(s) 'tutorial_dag' retrieved from /home/airflow/.local/lib/python3.12/site-packages/airflow/example_dags/tutorial_dag.py
[2025-09-29T16:58:39.340+0000] {logging_mixin.py:188} INFO - [2025-09-29T16:58:39.339+0000] {dag.py:3089} INFO - Sync 1 DAGs
[2025-09-29T16:58:39.371+0000] {logging_mixin.py:188} INFO - [2025-09-29T16:58:39.371+0000] {dag.py:3947} INFO - Setting next_dagrun for tutorial_dag to None, run_after=None
[2025-09-29T16:58:39.421+0000] {processor.py:183} INFO - Processing /home/airflow/.local/lib/python3.12/site-packages/airflow/example_dags/tutorial_dag.py took 0.176 seconds
[2025-09-29T16:59:10.234+0000] {processor.py:161} INFO - Started process (PID=2098) to work on /home/airflow/.local/lib/python3.12/site-packages/airflow/example_dags/tutorial_dag.py
[2025-09-29T16:59:10.237+0000] {processor.py:830} INFO - Processing file /home/airflow/.local/lib/python3.12/site-packages/airflow/example_dags/tutorial_dag.py for tasks to queue
[2025-09-29T16:59:10.241+0000] {logging_mixin.py:188} INFO - [2025-09-29T16:59:10.240+0000] {dagbag.py:545} INFO - Filling up the DagBag from /home/airflow/.local/lib/python3.12/site-packages/airflow/example_dags/tutorial_dag.py
[2025-09-29T16:59:10.254+0000] {processor.py:840} INFO - DAG(s) 'tutorial_dag' retrieved from /home/airflow/.local/lib/python3.12/site-packages/airflow/example_dags/tutorial_dag.py
[2025-09-29T16:59:10.308+0000] {logging_mixin.py:188} INFO - [2025-09-29T16:59:10.307+0000] {dag.py:3089} INFO - Sync 1 DAGs
[2025-09-29T16:59:10.339+0000] {logging_mixin.py:188} INFO - [2025-09-29T16:59:10.339+0000] {dag.py:3947} INFO - Setting next_dagrun for tutorial_dag to None, run_after=None
[2025-09-29T16:59:10.384+0000] {processor.py:183} INFO - Processing /home/airflow/.local/lib/python3.12/site-packages/airflow/example_dags/tutorial_dag.py took 0.165 seconds
[2025-09-29T16:59:40.874+0000] {processor.py:161} INFO - Started process (PID=2358) to work on /home/airflow/.local/lib/python3.12/site-packages/airflow/example_dags/tutorial_dag.py
[2025-09-29T16:59:40.909+0000] {processor.py:830} INFO - Processing file /home/airflow/.local/lib/python3.12/site-packages/airflow/example_dags/tutorial_dag.py for tasks to queue
[2025-09-29T16:59:40.915+0000] {logging_mixin.py:188} INFO - [2025-09-29T16:59:40.914+0000] {dagbag.py:545} INFO - Filling up the DagBag from /home/airflow/.local/lib/python3.12/site-packages/airflow/example_dags/tutorial_dag.py
[2025-09-29T16:59:40.932+0000] {processor.py:840} INFO - DAG(s) 'tutorial_dag' retrieved from /home/airflow/.local/lib/python3.12/site-packages/airflow/example_dags/tutorial_dag.py
[2025-09-29T16:59:41.038+0000] {logging_mixin.py:188} INFO - [2025-09-29T16:59:41.037+0000] {dag.py:3089} INFO - Sync 1 DAGs
[2025-09-29T16:59:41.073+0000] {logging_mixin.py:188} INFO - [2025-09-29T16:59:41.072+0000] {dag.py:3947} INFO - Setting next_dagrun for tutorial_dag to None, run_after=None
[2025-09-29T16:59:41.235+0000] {processor.py:183} INFO - Processing /home/airflow/.local/lib/python3.12/site-packages/airflow/example_dags/tutorial_dag.py took 0.376 seconds
[2025-09-29T17:00:11.770+0000] {processor.py:161} INFO - Started process (PID=2620) to work on /home/airflow/.local/lib/python3.12/site-packages/airflow/example_dags/tutorial_dag.py
[2025-09-29T17:00:11.773+0000] {processor.py:830} INFO - Processing file /home/airflow/.local/lib/python3.12/site-packages/airflow/example_dags/tutorial_dag.py for tasks to queue
[2025-09-29T17:00:11.778+0000] {logging_mixin.py:188} INFO - [2025-09-29T17:00:11.777+0000] {dagbag.py:545} INFO - Filling up the DagBag from /home/airflow/.local/lib/python3.12/site-packages/airflow/example_dags/tutorial_dag.py
[2025-09-29T17:00:11.792+0000] {processor.py:840} INFO - DAG(s) 'tutorial_dag' retrieved from /home/airflow/.local/lib/python3.12/site-packages/airflow/example_dags/tutorial_dag.py
[2025-09-29T17:00:11.852+0000] {logging_mixin.py:188} INFO - [2025-09-29T17:00:11.851+0000] {dag.py:3089} INFO - Sync 1 DAGs
[2025-09-29T17:00:11.886+0000] {logging_mixin.py:188} INFO - [2025-09-29T17:00:11.886+0000] {dag.py:3947} INFO - Setting next_dagrun for tutorial_dag to None, run_after=None
[2025-09-29T17:00:11.934+0000] {processor.py:183} INFO - Processing /home/airflow/.local/lib/python3.12/site-packages/airflow/example_dags/tutorial_dag.py took 0.180 seconds
[2025-09-29T17:00:43.091+0000] {processor.py:161} INFO - Started process (PID=2882) to work on /home/airflow/.local/lib/python3.12/site-packages/airflow/example_dags/tutorial_dag.py
[2025-09-29T17:00:43.094+0000] {processor.py:830} INFO - Processing file /home/airflow/.local/lib/python3.12/site-packages/airflow/example_dags/tutorial_dag.py for tasks to queue
[2025-09-29T17:00:43.098+0000] {logging_mixin.py:188} INFO - [2025-09-29T17:00:43.098+0000] {dagbag.py:545} INFO - Filling up the DagBag from /home/airflow/.local/lib/python3.12/site-packages/airflow/example_dags/tutorial_dag.py
[2025-09-29T17:00:43.112+0000] {processor.py:840} INFO - DAG(s) 'tutorial_dag' retrieved from /home/airflow/.local/lib/python3.12/site-packages/airflow/example_dags/tutorial_dag.py
[2025-09-29T17:00:43.172+0000] {logging_mixin.py:188} INFO - [2025-09-29T17:00:43.172+0000] {dag.py:3089} INFO - Sync 1 DAGs
[2025-09-29T17:00:43.212+0000] {logging_mixin.py:188} INFO - [2025-09-29T17:00:43.211+0000] {dag.py:3947} INFO - Setting next_dagrun for tutorial_dag to None, run_after=None
[2025-09-29T17:00:43.277+0000] {processor.py:183} INFO - Processing /home/airflow/.local/lib/python3.12/site-packages/airflow/example_dags/tutorial_dag.py took 0.206 seconds
[2025-09-29T17:01:13.388+0000] {processor.py:161} INFO - Started process (PID=3138) to work on /home/airflow/.local/lib/python3.12/site-packages/airflow/example_dags/tutorial_dag.py
[2025-09-29T17:01:13.390+0000] {processor.py:830} INFO - Processing file /home/airflow/.local/lib/python3.12/site-packages/airflow/example_dags/tutorial_dag.py for tasks to queue
[2025-09-29T17:01:13.394+0000] {logging_mixin.py:188} INFO - [2025-09-29T17:01:13.393+0000] {dagbag.py:545} INFO - Filling up the DagBag from /home/airflow/.local/lib/python3.12/site-packages/airflow/example_dags/tutorial_dag.py
[2025-09-29T17:01:13.407+0000] {processor.py:840} INFO - DAG(s) 'tutorial_dag' retrieved from /home/airflow/.local/lib/python3.12/site-packages/airflow/example_dags/tutorial_dag.py
[2025-09-29T17:01:13.464+0000] {logging_mixin.py:188} INFO - [2025-09-29T17:01:13.464+0000] {dag.py:3089} INFO - Sync 1 DAGs
[2025-09-29T17:01:13.495+0000] {logging_mixin.py:188} INFO - [2025-09-29T17:01:13.494+0000] {dag.py:3947} INFO - Setting next_dagrun for tutorial_dag to None, run_after=None
[2025-09-29T17:01:13.549+0000] {processor.py:183} INFO - Processing /home/airflow/.local/lib/python3.12/site-packages/airflow/example_dags/tutorial_dag.py took 0.175 seconds
[2025-09-29T17:01:44.143+0000] {processor.py:161} INFO - Started process (PID=3405) to work on /home/airflow/.local/lib/python3.12/site-packages/airflow/example_dags/tutorial_dag.py
[2025-09-29T17:01:44.146+0000] {processor.py:830} INFO - Processing file /home/airflow/.local/lib/python3.12/site-packages/airflow/example_dags/tutorial_dag.py for tasks to queue
[2025-09-29T17:01:44.151+0000] {logging_mixin.py:188} INFO - [2025-09-29T17:01:44.150+0000] {dagbag.py:545} INFO - Filling up the DagBag from /home/airflow/.local/lib/python3.12/site-packages/airflow/example_dags/tutorial_dag.py
[2025-09-29T17:01:44.165+0000] {processor.py:840} INFO - DAG(s) 'tutorial_dag' retrieved from /home/airflow/.local/lib/python3.12/site-packages/airflow/example_dags/tutorial_dag.py
[2025-09-29T17:01:44.225+0000] {logging_mixin.py:188} INFO - [2025-09-29T17:01:44.225+0000] {dag.py:3089} INFO - Sync 1 DAGs
[2025-09-29T17:01:44.260+0000] {logging_mixin.py:188} INFO - [2025-09-29T17:01:44.259+0000] {dag.py:3947} INFO - Setting next_dagrun for tutorial_dag to None, run_after=None
[2025-09-29T17:01:44.313+0000] {processor.py:183} INFO - Processing /home/airflow/.local/lib/python3.12/site-packages/airflow/example_dags/tutorial_dag.py took 0.190 seconds
[2025-09-29T17:02:14.486+0000] {processor.py:161} INFO - Started process (PID=3667) to work on /home/airflow/.local/lib/python3.12/site-packages/airflow/example_dags/tutorial_dag.py
[2025-09-29T17:02:14.490+0000] {processor.py:830} INFO - Processing file /home/airflow/.local/lib/python3.12/site-packages/airflow/example_dags/tutorial_dag.py for tasks to queue
[2025-09-29T17:02:14.496+0000] {logging_mixin.py:188} INFO - [2025-09-29T17:02:14.494+0000] {dagbag.py:545} INFO - Filling up the DagBag from /home/airflow/.local/lib/python3.12/site-packages/airflow/example_dags/tutorial_dag.py
[2025-09-29T17:02:14.514+0000] {processor.py:840} INFO - DAG(s) 'tutorial_dag' retrieved from /home/airflow/.local/lib/python3.12/site-packages/airflow/example_dags/tutorial_dag.py
[2025-09-29T17:02:14.598+0000] {logging_mixin.py:188} INFO - [2025-09-29T17:02:14.597+0000] {dag.py:3089} INFO - Sync 1 DAGs
[2025-09-29T17:02:14.640+0000] {logging_mixin.py:188} INFO - [2025-09-29T17:02:14.639+0000] {dag.py:3947} INFO - Setting next_dagrun for tutorial_dag to None, run_after=None
[2025-09-29T17:02:14.699+0000] {processor.py:183} INFO - Processing /home/airflow/.local/lib/python3.12/site-packages/airflow/example_dags/tutorial_dag.py took 0.230 seconds
[2025-09-29T17:02:45.059+0000] {processor.py:161} INFO - Started process (PID=3929) to work on /home/airflow/.local/lib/python3.12/site-packages/airflow/example_dags/tutorial_dag.py
[2025-09-29T17:02:45.061+0000] {processor.py:830} INFO - Processing file /home/airflow/.local/lib/python3.12/site-packages/airflow/example_dags/tutorial_dag.py for tasks to queue
[2025-09-29T17:02:45.066+0000] {logging_mixin.py:188} INFO - [2025-09-29T17:02:45.065+0000] {dagbag.py:545} INFO - Filling up the DagBag from /home/airflow/.local/lib/python3.12/site-packages/airflow/example_dags/tutorial_dag.py
[2025-09-29T17:02:45.079+0000] {processor.py:840} INFO - DAG(s) 'tutorial_dag' retrieved from /home/airflow/.local/lib/python3.12/site-packages/airflow/example_dags/tutorial_dag.py
[2025-09-29T17:02:45.134+0000] {logging_mixin.py:188} INFO - [2025-09-29T17:02:45.134+0000] {dag.py:3089} INFO - Sync 1 DAGs
[2025-09-29T17:02:45.175+0000] {logging_mixin.py:188} INFO - [2025-09-29T17:02:45.174+0000] {dag.py:3947} INFO - Setting next_dagrun for tutorial_dag to None, run_after=None
[2025-09-29T17:02:45.224+0000] {processor.py:183} INFO - Processing /home/airflow/.local/lib/python3.12/site-packages/airflow/example_dags/tutorial_dag.py took 0.179 seconds
[2025-09-29T17:03:15.506+0000] {processor.py:161} INFO - Started process (PID=4191) to work on /home/airflow/.local/lib/python3.12/site-packages/airflow/example_dags/tutorial_dag.py
[2025-09-29T17:03:15.510+0000] {processor.py:830} INFO - Processing file /home/airflow/.local/lib/python3.12/site-packages/airflow/example_dags/tutorial_dag.py for tasks to queue
[2025-09-29T17:03:15.515+0000] {logging_mixin.py:188} INFO - [2025-09-29T17:03:15.514+0000] {dagbag.py:545} INFO - Filling up the DagBag from /home/airflow/.local/lib/python3.12/site-packages/airflow/example_dags/tutorial_dag.py
[2025-09-29T17:03:15.533+0000] {processor.py:840} INFO - DAG(s) 'tutorial_dag' retrieved from /home/airflow/.local/lib/python3.12/site-packages/airflow/example_dags/tutorial_dag.py
[2025-09-29T17:03:15.601+0000] {logging_mixin.py:188} INFO - [2025-09-29T17:03:15.600+0000] {dag.py:3089} INFO - Sync 1 DAGs
[2025-09-29T17:03:15.634+0000] {logging_mixin.py:188} INFO - [2025-09-29T17:03:15.634+0000] {dag.py:3947} INFO - Setting next_dagrun for tutorial_dag to None, run_after=None
[2025-09-29T17:03:15.692+0000] {processor.py:183} INFO - Processing /home/airflow/.local/lib/python3.12/site-packages/airflow/example_dags/tutorial_dag.py took 0.204 seconds
[2025-09-29T17:03:45.843+0000] {processor.py:161} INFO - Started process (PID=4453) to work on /home/airflow/.local/lib/python3.12/site-packages/airflow/example_dags/tutorial_dag.py
[2025-09-29T17:03:45.846+0000] {processor.py:830} INFO - Processing file /home/airflow/.local/lib/python3.12/site-packages/airflow/example_dags/tutorial_dag.py for tasks to queue
[2025-09-29T17:03:45.850+0000] {logging_mixin.py:188} INFO - [2025-09-29T17:03:45.849+0000] {dagbag.py:545} INFO - Filling up the DagBag from /home/airflow/.local/lib/python3.12/site-packages/airflow/example_dags/tutorial_dag.py
[2025-09-29T17:03:45.863+0000] {processor.py:840} INFO - DAG(s) 'tutorial_dag' retrieved from /home/airflow/.local/lib/python3.12/site-packages/airflow/example_dags/tutorial_dag.py
[2025-09-29T17:03:45.919+0000] {logging_mixin.py:188} INFO - [2025-09-29T17:03:45.919+0000] {dag.py:3089} INFO - Sync 1 DAGs
[2025-09-29T17:03:45.950+0000] {logging_mixin.py:188} INFO - [2025-09-29T17:03:45.950+0000] {dag.py:3947} INFO - Setting next_dagrun for tutorial_dag to None, run_after=None
[2025-09-29T17:03:45.999+0000] {processor.py:183} INFO - Processing /home/airflow/.local/lib/python3.12/site-packages/airflow/example_dags/tutorial_dag.py took 0.168 seconds
[2025-09-29T17:04:16.612+0000] {processor.py:161} INFO - Started process (PID=4715) to work on /home/airflow/.local/lib/python3.12/site-packages/airflow/example_dags/tutorial_dag.py
[2025-09-29T17:04:16.614+0000] {processor.py:830} INFO - Processing file /home/airflow/.local/lib/python3.12/site-packages/airflow/example_dags/tutorial_dag.py for tasks to queue
[2025-09-29T17:04:16.619+0000] {logging_mixin.py:188} INFO - [2025-09-29T17:04:16.618+0000] {dagbag.py:545} INFO - Filling up the DagBag from /home/airflow/.local/lib/python3.12/site-packages/airflow/example_dags/tutorial_dag.py
[2025-09-29T17:04:16.631+0000] {processor.py:840} INFO - DAG(s) 'tutorial_dag' retrieved from /home/airflow/.local/lib/python3.12/site-packages/airflow/example_dags/tutorial_dag.py
[2025-09-29T17:04:16.688+0000] {logging_mixin.py:188} INFO - [2025-09-29T17:04:16.687+0000] {dag.py:3089} INFO - Sync 1 DAGs
[2025-09-29T17:04:16.718+0000] {logging_mixin.py:188} INFO - [2025-09-29T17:04:16.718+0000] {dag.py:3947} INFO - Setting next_dagrun for tutorial_dag to None, run_after=None
[2025-09-29T17:04:16.769+0000] {processor.py:183} INFO - Processing /home/airflow/.local/lib/python3.12/site-packages/airflow/example_dags/tutorial_dag.py took 0.171 seconds
[2025-09-29T17:04:47.314+0000] {processor.py:161} INFO - Started process (PID=4977) to work on /home/airflow/.local/lib/python3.12/site-packages/airflow/example_dags/tutorial_dag.py
[2025-09-29T17:04:47.318+0000] {processor.py:830} INFO - Processing file /home/airflow/.local/lib/python3.12/site-packages/airflow/example_dags/tutorial_dag.py for tasks to queue
[2025-09-29T17:04:47.323+0000] {logging_mixin.py:188} INFO - [2025-09-29T17:04:47.322+0000] {dagbag.py:545} INFO - Filling up the DagBag from /home/airflow/.local/lib/python3.12/site-packages/airflow/example_dags/tutorial_dag.py
[2025-09-29T17:04:47.344+0000] {processor.py:840} INFO - DAG(s) 'tutorial_dag' retrieved from /home/airflow/.local/lib/python3.12/site-packages/airflow/example_dags/tutorial_dag.py
[2025-09-29T17:04:47.431+0000] {logging_mixin.py:188} INFO - [2025-09-29T17:04:47.431+0000] {dag.py:3089} INFO - Sync 1 DAGs
[2025-09-29T17:04:47.480+0000] {logging_mixin.py:188} INFO - [2025-09-29T17:04:47.479+0000] {dag.py:3947} INFO - Setting next_dagrun for tutorial_dag to None, run_after=None
[2025-09-29T17:04:47.542+0000] {processor.py:183} INFO - Processing /home/airflow/.local/lib/python3.12/site-packages/airflow/example_dags/tutorial_dag.py took 0.257 seconds
[2025-09-29T17:05:18.260+0000] {processor.py:161} INFO - Started process (PID=5249) to work on /home/airflow/.local/lib/python3.12/site-packages/airflow/example_dags/tutorial_dag.py
[2025-09-29T17:05:18.278+0000] {processor.py:830} INFO - Processing file /home/airflow/.local/lib/python3.12/site-packages/airflow/example_dags/tutorial_dag.py for tasks to queue
[2025-09-29T17:05:18.333+0000] {logging_mixin.py:188} INFO - [2025-09-29T17:05:18.329+0000] {dagbag.py:545} INFO - Filling up the DagBag from /home/airflow/.local/lib/python3.12/site-packages/airflow/example_dags/tutorial_dag.py
[2025-09-29T17:05:18.365+0000] {processor.py:840} INFO - DAG(s) 'tutorial_dag' retrieved from /home/airflow/.local/lib/python3.12/site-packages/airflow/example_dags/tutorial_dag.py
[2025-09-29T17:05:18.664+0000] {logging_mixin.py:188} INFO - [2025-09-29T17:05:18.663+0000] {dag.py:3089} INFO - Sync 1 DAGs
[2025-09-29T17:05:18.789+0000] {logging_mixin.py:188} INFO - [2025-09-29T17:05:18.788+0000] {dag.py:3947} INFO - Setting next_dagrun for tutorial_dag to None, run_after=None
[2025-09-29T17:05:18.943+0000] {processor.py:183} INFO - Processing /home/airflow/.local/lib/python3.12/site-packages/airflow/example_dags/tutorial_dag.py took 0.801 seconds
[2025-09-29T17:05:49.638+0000] {processor.py:161} INFO - Started process (PID=5516) to work on /home/airflow/.local/lib/python3.12/site-packages/airflow/example_dags/tutorial_dag.py
[2025-09-29T17:05:49.642+0000] {processor.py:830} INFO - Processing file /home/airflow/.local/lib/python3.12/site-packages/airflow/example_dags/tutorial_dag.py for tasks to queue
[2025-09-29T17:05:49.648+0000] {logging_mixin.py:188} INFO - [2025-09-29T17:05:49.647+0000] {dagbag.py:545} INFO - Filling up the DagBag from /home/airflow/.local/lib/python3.12/site-packages/airflow/example_dags/tutorial_dag.py
[2025-09-29T17:05:49.664+0000] {processor.py:840} INFO - DAG(s) 'tutorial_dag' retrieved from /home/airflow/.local/lib/python3.12/site-packages/airflow/example_dags/tutorial_dag.py
[2025-09-29T17:05:49.727+0000] {logging_mixin.py:188} INFO - [2025-09-29T17:05:49.726+0000] {dag.py:3089} INFO - Sync 1 DAGs
[2025-09-29T17:05:49.758+0000] {logging_mixin.py:188} INFO - [2025-09-29T17:05:49.757+0000] {dag.py:3947} INFO - Setting next_dagrun for tutorial_dag to None, run_after=None
[2025-09-29T17:05:49.808+0000] {processor.py:183} INFO - Processing /home/airflow/.local/lib/python3.12/site-packages/airflow/example_dags/tutorial_dag.py took 0.186 seconds
[2025-09-29T17:06:19.917+0000] {processor.py:161} INFO - Started process (PID=5773) to work on /home/airflow/.local/lib/python3.12/site-packages/airflow/example_dags/tutorial_dag.py
[2025-09-29T17:06:19.923+0000] {processor.py:830} INFO - Processing file /home/airflow/.local/lib/python3.12/site-packages/airflow/example_dags/tutorial_dag.py for tasks to queue
[2025-09-29T17:06:19.928+0000] {logging_mixin.py:188} INFO - [2025-09-29T17:06:19.927+0000] {dagbag.py:545} INFO - Filling up the DagBag from /home/airflow/.local/lib/python3.12/site-packages/airflow/example_dags/tutorial_dag.py
[2025-09-29T17:06:19.944+0000] {processor.py:840} INFO - DAG(s) 'tutorial_dag' retrieved from /home/airflow/.local/lib/python3.12/site-packages/airflow/example_dags/tutorial_dag.py
[2025-09-29T17:06:20.020+0000] {logging_mixin.py:188} INFO - [2025-09-29T17:06:20.020+0000] {dag.py:3089} INFO - Sync 1 DAGs
[2025-09-29T17:06:20.062+0000] {logging_mixin.py:188} INFO - [2025-09-29T17:06:20.062+0000] {dag.py:3947} INFO - Setting next_dagrun for tutorial_dag to None, run_after=None
[2025-09-29T17:06:20.140+0000] {processor.py:183} INFO - Processing /home/airflow/.local/lib/python3.12/site-packages/airflow/example_dags/tutorial_dag.py took 0.243 seconds
[2025-09-29T17:06:50.595+0000] {processor.py:161} INFO - Started process (PID=6035) to work on /home/airflow/.local/lib/python3.12/site-packages/airflow/example_dags/tutorial_dag.py
[2025-09-29T17:06:50.598+0000] {processor.py:830} INFO - Processing file /home/airflow/.local/lib/python3.12/site-packages/airflow/example_dags/tutorial_dag.py for tasks to queue
[2025-09-29T17:06:50.604+0000] {logging_mixin.py:188} INFO - [2025-09-29T17:06:50.603+0000] {dagbag.py:545} INFO - Filling up the DagBag from /home/airflow/.local/lib/python3.12/site-packages/airflow/example_dags/tutorial_dag.py
[2025-09-29T17:06:50.625+0000] {processor.py:840} INFO - DAG(s) 'tutorial_dag' retrieved from /home/airflow/.local/lib/python3.12/site-packages/airflow/example_dags/tutorial_dag.py
[2025-09-29T17:06:50.706+0000] {logging_mixin.py:188} INFO - [2025-09-29T17:06:50.706+0000] {dag.py:3089} INFO - Sync 1 DAGs
[2025-09-29T17:06:50.755+0000] {logging_mixin.py:188} INFO - [2025-09-29T17:06:50.755+0000] {dag.py:3947} INFO - Setting next_dagrun for tutorial_dag to None, run_after=None
[2025-09-29T17:06:50.844+0000] {processor.py:183} INFO - Processing /home/airflow/.local/lib/python3.12/site-packages/airflow/example_dags/tutorial_dag.py took 0.269 seconds
[2025-09-29T17:07:21.188+0000] {processor.py:161} INFO - Started process (PID=6297) to work on /home/airflow/.local/lib/python3.12/site-packages/airflow/example_dags/tutorial_dag.py
[2025-09-29T17:07:21.191+0000] {processor.py:830} INFO - Processing file /home/airflow/.local/lib/python3.12/site-packages/airflow/example_dags/tutorial_dag.py for tasks to queue
[2025-09-29T17:07:21.196+0000] {logging_mixin.py:188} INFO - [2025-09-29T17:07:21.195+0000] {dagbag.py:545} INFO - Filling up the DagBag from /home/airflow/.local/lib/python3.12/site-packages/airflow/example_dags/tutorial_dag.py
[2025-09-29T17:07:21.215+0000] {processor.py:840} INFO - DAG(s) 'tutorial_dag' retrieved from /home/airflow/.local/lib/python3.12/site-packages/airflow/example_dags/tutorial_dag.py
[2025-09-29T17:07:21.301+0000] {logging_mixin.py:188} INFO - [2025-09-29T17:07:21.300+0000] {dag.py:3089} INFO - Sync 1 DAGs
[2025-09-29T17:07:21.339+0000] {logging_mixin.py:188} INFO - [2025-09-29T17:07:21.339+0000] {dag.py:3947} INFO - Setting next_dagrun for tutorial_dag to None, run_after=None
[2025-09-29T17:07:21.397+0000] {processor.py:183} INFO - Processing /home/airflow/.local/lib/python3.12/site-packages/airflow/example_dags/tutorial_dag.py took 0.230 seconds
[2025-09-29T17:07:52.084+0000] {processor.py:161} INFO - Started process (PID=6559) to work on /home/airflow/.local/lib/python3.12/site-packages/airflow/example_dags/tutorial_dag.py
[2025-09-29T17:07:52.087+0000] {processor.py:830} INFO - Processing file /home/airflow/.local/lib/python3.12/site-packages/airflow/example_dags/tutorial_dag.py for tasks to queue
[2025-09-29T17:07:52.092+0000] {logging_mixin.py:188} INFO - [2025-09-29T17:07:52.091+0000] {dagbag.py:545} INFO - Filling up the DagBag from /home/airflow/.local/lib/python3.12/site-packages/airflow/example_dags/tutorial_dag.py
[2025-09-29T17:07:52.106+0000] {processor.py:840} INFO - DAG(s) 'tutorial_dag' retrieved from /home/airflow/.local/lib/python3.12/site-packages/airflow/example_dags/tutorial_dag.py
[2025-09-29T17:07:52.171+0000] {logging_mixin.py:188} INFO - [2025-09-29T17:07:52.171+0000] {dag.py:3089} INFO - Sync 1 DAGs
[2025-09-29T17:07:52.212+0000] {logging_mixin.py:188} INFO - [2025-09-29T17:07:52.212+0000] {dag.py:3947} INFO - Setting next_dagrun for tutorial_dag to None, run_after=None
[2025-09-29T17:07:52.269+0000] {processor.py:183} INFO - Processing /home/airflow/.local/lib/python3.12/site-packages/airflow/example_dags/tutorial_dag.py took 0.199 seconds
[2025-09-29T17:08:22.528+0000] {processor.py:161} INFO - Started process (PID=6821) to work on /home/airflow/.local/lib/python3.12/site-packages/airflow/example_dags/tutorial_dag.py
[2025-09-29T17:08:22.532+0000] {processor.py:830} INFO - Processing file /home/airflow/.local/lib/python3.12/site-packages/airflow/example_dags/tutorial_dag.py for tasks to queue
[2025-09-29T17:08:22.539+0000] {logging_mixin.py:188} INFO - [2025-09-29T17:08:22.538+0000] {dagbag.py:545} INFO - Filling up the DagBag from /home/airflow/.local/lib/python3.12/site-packages/airflow/example_dags/tutorial_dag.py
[2025-09-29T17:08:22.562+0000] {processor.py:840} INFO - DAG(s) 'tutorial_dag' retrieved from /home/airflow/.local/lib/python3.12/site-packages/airflow/example_dags/tutorial_dag.py
[2025-09-29T17:08:22.626+0000] {logging_mixin.py:188} INFO - [2025-09-29T17:08:22.626+0000] {dag.py:3089} INFO - Sync 1 DAGs
[2025-09-29T17:08:22.667+0000] {logging_mixin.py:188} INFO - [2025-09-29T17:08:22.666+0000] {dag.py:3947} INFO - Setting next_dagrun for tutorial_dag to None, run_after=None
[2025-09-29T17:08:22.741+0000] {processor.py:183} INFO - Processing /home/airflow/.local/lib/python3.12/site-packages/airflow/example_dags/tutorial_dag.py took 0.233 seconds
[2025-09-29T17:08:53.379+0000] {processor.py:161} INFO - Started process (PID=7083) to work on /home/airflow/.local/lib/python3.12/site-packages/airflow/example_dags/tutorial_dag.py
[2025-09-29T17:08:53.383+0000] {processor.py:830} INFO - Processing file /home/airflow/.local/lib/python3.12/site-packages/airflow/example_dags/tutorial_dag.py for tasks to queue
[2025-09-29T17:08:53.390+0000] {logging_mixin.py:188} INFO - [2025-09-29T17:08:53.389+0000] {dagbag.py:545} INFO - Filling up the DagBag from /home/airflow/.local/lib/python3.12/site-packages/airflow/example_dags/tutorial_dag.py
[2025-09-29T17:08:53.413+0000] {processor.py:840} INFO - DAG(s) 'tutorial_dag' retrieved from /home/airflow/.local/lib/python3.12/site-packages/airflow/example_dags/tutorial_dag.py
[2025-09-29T17:08:53.506+0000] {logging_mixin.py:188} INFO - [2025-09-29T17:08:53.505+0000] {dag.py:3089} INFO - Sync 1 DAGs
[2025-09-29T17:08:53.556+0000] {logging_mixin.py:188} INFO - [2025-09-29T17:08:53.555+0000] {dag.py:3947} INFO - Setting next_dagrun for tutorial_dag to None, run_after=None
[2025-09-29T17:08:53.653+0000] {processor.py:183} INFO - Processing /home/airflow/.local/lib/python3.12/site-packages/airflow/example_dags/tutorial_dag.py took 0.295 seconds
[2025-09-29T17:09:29.832+0000] {processor.py:161} INFO - Started process (PID=7265) to work on /home/airflow/.local/lib/python3.12/site-packages/airflow/example_dags/tutorial_dag.py
[2025-09-29T17:09:29.835+0000] {processor.py:830} INFO - Processing file /home/airflow/.local/lib/python3.12/site-packages/airflow/example_dags/tutorial_dag.py for tasks to queue
[2025-09-29T17:09:29.842+0000] {logging_mixin.py:188} INFO - [2025-09-29T17:09:29.841+0000] {dagbag.py:545} INFO - Filling up the DagBag from /home/airflow/.local/lib/python3.12/site-packages/airflow/example_dags/tutorial_dag.py
[2025-09-29T17:09:29.860+0000] {processor.py:840} INFO - DAG(s) 'tutorial_dag' retrieved from /home/airflow/.local/lib/python3.12/site-packages/airflow/example_dags/tutorial_dag.py
[2025-09-29T17:09:29.920+0000] {logging_mixin.py:188} INFO - [2025-09-29T17:09:29.920+0000] {dag.py:3089} INFO - Sync 1 DAGs
[2025-09-29T17:09:29.957+0000] {logging_mixin.py:188} INFO - [2025-09-29T17:09:29.956+0000] {dag.py:3947} INFO - Setting next_dagrun for tutorial_dag to None, run_after=None
[2025-09-29T17:09:30.012+0000] {processor.py:183} INFO - Processing /home/airflow/.local/lib/python3.12/site-packages/airflow/example_dags/tutorial_dag.py took 0.199 seconds
[2025-09-29T17:10:01.679+0000] {processor.py:161} INFO - Started process (PID=7512) to work on /home/airflow/.local/lib/python3.12/site-packages/airflow/example_dags/tutorial_dag.py
[2025-09-29T17:10:01.726+0000] {processor.py:830} INFO - Processing file /home/airflow/.local/lib/python3.12/site-packages/airflow/example_dags/tutorial_dag.py for tasks to queue
[2025-09-29T17:10:01.732+0000] {logging_mixin.py:188} INFO - [2025-09-29T17:10:01.731+0000] {dagbag.py:545} INFO - Filling up the DagBag from /home/airflow/.local/lib/python3.12/site-packages/airflow/example_dags/tutorial_dag.py
[2025-09-29T17:10:01.749+0000] {processor.py:840} INFO - DAG(s) 'tutorial_dag' retrieved from /home/airflow/.local/lib/python3.12/site-packages/airflow/example_dags/tutorial_dag.py
[2025-09-29T17:10:01.814+0000] {logging_mixin.py:188} INFO - [2025-09-29T17:10:01.813+0000] {dag.py:3089} INFO - Sync 1 DAGs
[2025-09-29T17:10:01.856+0000] {logging_mixin.py:188} INFO - [2025-09-29T17:10:01.855+0000] {dag.py:3947} INFO - Setting next_dagrun for tutorial_dag to None, run_after=None
[2025-09-29T17:10:02.252+0000] {processor.py:183} INFO - Processing /home/airflow/.local/lib/python3.12/site-packages/airflow/example_dags/tutorial_dag.py took 0.591 seconds
[2025-09-29T17:10:33.906+0000] {processor.py:161} INFO - Started process (PID=7777) to work on /home/airflow/.local/lib/python3.12/site-packages/airflow/example_dags/tutorial_dag.py
[2025-09-29T17:10:33.909+0000] {processor.py:830} INFO - Processing file /home/airflow/.local/lib/python3.12/site-packages/airflow/example_dags/tutorial_dag.py for tasks to queue
[2025-09-29T17:10:33.920+0000] {logging_mixin.py:188} INFO - [2025-09-29T17:10:33.919+0000] {dagbag.py:545} INFO - Filling up the DagBag from /home/airflow/.local/lib/python3.12/site-packages/airflow/example_dags/tutorial_dag.py
[2025-09-29T17:10:33.949+0000] {processor.py:840} INFO - DAG(s) 'tutorial_dag' retrieved from /home/airflow/.local/lib/python3.12/site-packages/airflow/example_dags/tutorial_dag.py
[2025-09-29T17:10:34.065+0000] {logging_mixin.py:188} INFO - [2025-09-29T17:10:34.064+0000] {dag.py:3089} INFO - Sync 1 DAGs
[2025-09-29T17:10:34.129+0000] {logging_mixin.py:188} INFO - [2025-09-29T17:10:34.128+0000] {dag.py:3947} INFO - Setting next_dagrun for tutorial_dag to None, run_after=None
[2025-09-29T17:10:34.220+0000] {processor.py:183} INFO - Processing /home/airflow/.local/lib/python3.12/site-packages/airflow/example_dags/tutorial_dag.py took 0.347 seconds
[2025-09-29T17:11:06.324+0000] {processor.py:161} INFO - Started process (PID=8041) to work on /home/airflow/.local/lib/python3.12/site-packages/airflow/example_dags/tutorial_dag.py
[2025-09-29T17:11:06.328+0000] {processor.py:830} INFO - Processing file /home/airflow/.local/lib/python3.12/site-packages/airflow/example_dags/tutorial_dag.py for tasks to queue
[2025-09-29T17:11:06.335+0000] {logging_mixin.py:188} INFO - [2025-09-29T17:11:06.334+0000] {dagbag.py:545} INFO - Filling up the DagBag from /home/airflow/.local/lib/python3.12/site-packages/airflow/example_dags/tutorial_dag.py
[2025-09-29T17:11:06.354+0000] {processor.py:840} INFO - DAG(s) 'tutorial_dag' retrieved from /home/airflow/.local/lib/python3.12/site-packages/airflow/example_dags/tutorial_dag.py
[2025-09-29T17:11:06.423+0000] {logging_mixin.py:188} INFO - [2025-09-29T17:11:06.422+0000] {dag.py:3089} INFO - Sync 1 DAGs
[2025-09-29T17:11:06.461+0000] {logging_mixin.py:188} INFO - [2025-09-29T17:11:06.460+0000] {dag.py:3947} INFO - Setting next_dagrun for tutorial_dag to None, run_after=None
[2025-09-29T17:11:06.519+0000] {processor.py:183} INFO - Processing /home/airflow/.local/lib/python3.12/site-packages/airflow/example_dags/tutorial_dag.py took 0.216 seconds
[2025-09-29T17:11:37.989+0000] {processor.py:161} INFO - Started process (PID=8301) to work on /home/airflow/.local/lib/python3.12/site-packages/airflow/example_dags/tutorial_dag.py
[2025-09-29T17:11:37.992+0000] {processor.py:830} INFO - Processing file /home/airflow/.local/lib/python3.12/site-packages/airflow/example_dags/tutorial_dag.py for tasks to queue
[2025-09-29T17:11:37.998+0000] {logging_mixin.py:188} INFO - [2025-09-29T17:11:37.997+0000] {dagbag.py:545} INFO - Filling up the DagBag from /home/airflow/.local/lib/python3.12/site-packages/airflow/example_dags/tutorial_dag.py
[2025-09-29T17:11:38.015+0000] {processor.py:840} INFO - DAG(s) 'tutorial_dag' retrieved from /home/airflow/.local/lib/python3.12/site-packages/airflow/example_dags/tutorial_dag.py
[2025-09-29T17:11:38.078+0000] {logging_mixin.py:188} INFO - [2025-09-29T17:11:38.078+0000] {dag.py:3089} INFO - Sync 1 DAGs
[2025-09-29T17:11:38.111+0000] {logging_mixin.py:188} INFO - [2025-09-29T17:11:38.110+0000] {dag.py:3947} INFO - Setting next_dagrun for tutorial_dag to None, run_after=None
[2025-09-29T17:11:38.160+0000] {processor.py:183} INFO - Processing /home/airflow/.local/lib/python3.12/site-packages/airflow/example_dags/tutorial_dag.py took 0.189 seconds
[2025-09-29T17:12:08.341+0000] {processor.py:161} INFO - Started process (PID=8563) to work on /home/airflow/.local/lib/python3.12/site-packages/airflow/example_dags/tutorial_dag.py
[2025-09-29T17:12:08.345+0000] {processor.py:830} INFO - Processing file /home/airflow/.local/lib/python3.12/site-packages/airflow/example_dags/tutorial_dag.py for tasks to queue
[2025-09-29T17:12:08.354+0000] {logging_mixin.py:188} INFO - [2025-09-29T17:12:08.353+0000] {dagbag.py:545} INFO - Filling up the DagBag from /home/airflow/.local/lib/python3.12/site-packages/airflow/example_dags/tutorial_dag.py
[2025-09-29T17:12:08.379+0000] {processor.py:840} INFO - DAG(s) 'tutorial_dag' retrieved from /home/airflow/.local/lib/python3.12/site-packages/airflow/example_dags/tutorial_dag.py
[2025-09-29T17:12:08.473+0000] {logging_mixin.py:188} INFO - [2025-09-29T17:12:08.472+0000] {dag.py:3089} INFO - Sync 1 DAGs
[2025-09-29T17:12:08.518+0000] {logging_mixin.py:188} INFO - [2025-09-29T17:12:08.517+0000] {dag.py:3947} INFO - Setting next_dagrun for tutorial_dag to None, run_after=None
[2025-09-29T17:12:08.592+0000] {processor.py:183} INFO - Processing /home/airflow/.local/lib/python3.12/site-packages/airflow/example_dags/tutorial_dag.py took 0.278 seconds
[2025-09-29T17:12:39.049+0000] {processor.py:161} INFO - Started process (PID=8819) to work on /home/airflow/.local/lib/python3.12/site-packages/airflow/example_dags/tutorial_dag.py
[2025-09-29T17:12:39.052+0000] {processor.py:830} INFO - Processing file /home/airflow/.local/lib/python3.12/site-packages/airflow/example_dags/tutorial_dag.py for tasks to queue
[2025-09-29T17:12:39.059+0000] {logging_mixin.py:188} INFO - [2025-09-29T17:12:39.058+0000] {dagbag.py:545} INFO - Filling up the DagBag from /home/airflow/.local/lib/python3.12/site-packages/airflow/example_dags/tutorial_dag.py
[2025-09-29T17:12:39.080+0000] {processor.py:840} INFO - DAG(s) 'tutorial_dag' retrieved from /home/airflow/.local/lib/python3.12/site-packages/airflow/example_dags/tutorial_dag.py
[2025-09-29T17:12:40.303+0000] {logging_mixin.py:188} INFO - [2025-09-29T17:12:40.302+0000] {dag.py:3089} INFO - Sync 1 DAGs
[2025-09-29T17:12:40.416+0000] {logging_mixin.py:188} INFO - [2025-09-29T17:12:40.416+0000] {dag.py:3947} INFO - Setting next_dagrun for tutorial_dag to None, run_after=None
[2025-09-29T17:12:40.578+0000] {processor.py:183} INFO - Processing /home/airflow/.local/lib/python3.12/site-packages/airflow/example_dags/tutorial_dag.py took 1.550 seconds
[2025-09-29T17:13:11.112+0000] {processor.py:161} INFO - Started process (PID=9077) to work on /home/airflow/.local/lib/python3.12/site-packages/airflow/example_dags/tutorial_dag.py
[2025-09-29T17:13:11.115+0000] {processor.py:830} INFO - Processing file /home/airflow/.local/lib/python3.12/site-packages/airflow/example_dags/tutorial_dag.py for tasks to queue
[2025-09-29T17:13:11.121+0000] {logging_mixin.py:188} INFO - [2025-09-29T17:13:11.120+0000] {dagbag.py:545} INFO - Filling up the DagBag from /home/airflow/.local/lib/python3.12/site-packages/airflow/example_dags/tutorial_dag.py
[2025-09-29T17:13:11.139+0000] {processor.py:840} INFO - DAG(s) 'tutorial_dag' retrieved from /home/airflow/.local/lib/python3.12/site-packages/airflow/example_dags/tutorial_dag.py
[2025-09-29T17:13:11.206+0000] {logging_mixin.py:188} INFO - [2025-09-29T17:13:11.205+0000] {dag.py:3089} INFO - Sync 1 DAGs
[2025-09-29T17:13:11.240+0000] {logging_mixin.py:188} INFO - [2025-09-29T17:13:11.240+0000] {dag.py:3947} INFO - Setting next_dagrun for tutorial_dag to None, run_after=None
[2025-09-29T17:13:11.295+0000] {processor.py:183} INFO - Processing /home/airflow/.local/lib/python3.12/site-packages/airflow/example_dags/tutorial_dag.py took 0.200 seconds
[2025-09-29T17:13:42.131+0000] {processor.py:161} INFO - Started process (PID=9339) to work on /home/airflow/.local/lib/python3.12/site-packages/airflow/example_dags/tutorial_dag.py
[2025-09-29T17:13:42.134+0000] {processor.py:830} INFO - Processing file /home/airflow/.local/lib/python3.12/site-packages/airflow/example_dags/tutorial_dag.py for tasks to queue
[2025-09-29T17:13:42.140+0000] {logging_mixin.py:188} INFO - [2025-09-29T17:13:42.139+0000] {dagbag.py:545} INFO - Filling up the DagBag from /home/airflow/.local/lib/python3.12/site-packages/airflow/example_dags/tutorial_dag.py
[2025-09-29T17:13:42.156+0000] {processor.py:840} INFO - DAG(s) 'tutorial_dag' retrieved from /home/airflow/.local/lib/python3.12/site-packages/airflow/example_dags/tutorial_dag.py
[2025-09-29T17:13:42.218+0000] {logging_mixin.py:188} INFO - [2025-09-29T17:13:42.218+0000] {dag.py:3089} INFO - Sync 1 DAGs
[2025-09-29T17:13:42.251+0000] {logging_mixin.py:188} INFO - [2025-09-29T17:13:42.250+0000] {dag.py:3947} INFO - Setting next_dagrun for tutorial_dag to None, run_after=None
[2025-09-29T17:13:42.302+0000] {processor.py:183} INFO - Processing /home/airflow/.local/lib/python3.12/site-packages/airflow/example_dags/tutorial_dag.py took 0.188 seconds
[2025-09-29T17:14:13.135+0000] {processor.py:161} INFO - Started process (PID=9601) to work on /home/airflow/.local/lib/python3.12/site-packages/airflow/example_dags/tutorial_dag.py
[2025-09-29T17:14:13.144+0000] {processor.py:830} INFO - Processing file /home/airflow/.local/lib/python3.12/site-packages/airflow/example_dags/tutorial_dag.py for tasks to queue
[2025-09-29T17:14:13.149+0000] {logging_mixin.py:188} INFO - [2025-09-29T17:14:13.148+0000] {dagbag.py:545} INFO - Filling up the DagBag from /home/airflow/.local/lib/python3.12/site-packages/airflow/example_dags/tutorial_dag.py
[2025-09-29T17:14:13.164+0000] {processor.py:840} INFO - DAG(s) 'tutorial_dag' retrieved from /home/airflow/.local/lib/python3.12/site-packages/airflow/example_dags/tutorial_dag.py
[2025-09-29T17:14:13.226+0000] {logging_mixin.py:188} INFO - [2025-09-29T17:14:13.225+0000] {dag.py:3089} INFO - Sync 1 DAGs
[2025-09-29T17:14:13.259+0000] {logging_mixin.py:188} INFO - [2025-09-29T17:14:13.258+0000] {dag.py:3947} INFO - Setting next_dagrun for tutorial_dag to None, run_after=None
[2025-09-29T17:14:13.310+0000] {processor.py:183} INFO - Processing /home/airflow/.local/lib/python3.12/site-packages/airflow/example_dags/tutorial_dag.py took 0.193 seconds
[2025-09-29T17:14:43.976+0000] {processor.py:161} INFO - Started process (PID=9863) to work on /home/airflow/.local/lib/python3.12/site-packages/airflow/example_dags/tutorial_dag.py
[2025-09-29T17:14:43.979+0000] {processor.py:830} INFO - Processing file /home/airflow/.local/lib/python3.12/site-packages/airflow/example_dags/tutorial_dag.py for tasks to queue
[2025-09-29T17:14:43.985+0000] {logging_mixin.py:188} INFO - [2025-09-29T17:14:43.984+0000] {dagbag.py:545} INFO - Filling up the DagBag from /home/airflow/.local/lib/python3.12/site-packages/airflow/example_dags/tutorial_dag.py
[2025-09-29T17:14:44.011+0000] {processor.py:840} INFO - DAG(s) 'tutorial_dag' retrieved from /home/airflow/.local/lib/python3.12/site-packages/airflow/example_dags/tutorial_dag.py
[2025-09-29T17:14:44.083+0000] {logging_mixin.py:188} INFO - [2025-09-29T17:14:44.082+0000] {dag.py:3089} INFO - Sync 1 DAGs
[2025-09-29T17:14:44.117+0000] {logging_mixin.py:188} INFO - [2025-09-29T17:14:44.116+0000] {dag.py:3947} INFO - Setting next_dagrun for tutorial_dag to None, run_after=None
[2025-09-29T17:14:44.170+0000] {processor.py:183} INFO - Processing /home/airflow/.local/lib/python3.12/site-packages/airflow/example_dags/tutorial_dag.py took 0.218 seconds
[2025-09-29T17:15:14.713+0000] {processor.py:161} INFO - Started process (PID=10125) to work on /home/airflow/.local/lib/python3.12/site-packages/airflow/example_dags/tutorial_dag.py
[2025-09-29T17:15:14.716+0000] {processor.py:830} INFO - Processing file /home/airflow/.local/lib/python3.12/site-packages/airflow/example_dags/tutorial_dag.py for tasks to queue
[2025-09-29T17:15:14.722+0000] {logging_mixin.py:188} INFO - [2025-09-29T17:15:14.721+0000] {dagbag.py:545} INFO - Filling up the DagBag from /home/airflow/.local/lib/python3.12/site-packages/airflow/example_dags/tutorial_dag.py
[2025-09-29T17:15:14.738+0000] {processor.py:840} INFO - DAG(s) 'tutorial_dag' retrieved from /home/airflow/.local/lib/python3.12/site-packages/airflow/example_dags/tutorial_dag.py
[2025-09-29T17:15:14.802+0000] {logging_mixin.py:188} INFO - [2025-09-29T17:15:14.802+0000] {dag.py:3089} INFO - Sync 1 DAGs
[2025-09-29T17:15:14.833+0000] {logging_mixin.py:188} INFO - [2025-09-29T17:15:14.832+0000] {dag.py:3947} INFO - Setting next_dagrun for tutorial_dag to None, run_after=None
[2025-09-29T17:15:14.888+0000] {processor.py:183} INFO - Processing /home/airflow/.local/lib/python3.12/site-packages/airflow/example_dags/tutorial_dag.py took 0.192 seconds
[2025-09-29T17:15:45.085+0000] {processor.py:161} INFO - Started process (PID=10387) to work on /home/airflow/.local/lib/python3.12/site-packages/airflow/example_dags/tutorial_dag.py
[2025-09-29T17:15:45.088+0000] {processor.py:830} INFO - Processing file /home/airflow/.local/lib/python3.12/site-packages/airflow/example_dags/tutorial_dag.py for tasks to queue
[2025-09-29T17:15:45.096+0000] {logging_mixin.py:188} INFO - [2025-09-29T17:15:45.095+0000] {dagbag.py:545} INFO - Filling up the DagBag from /home/airflow/.local/lib/python3.12/site-packages/airflow/example_dags/tutorial_dag.py
[2025-09-29T17:15:45.113+0000] {processor.py:840} INFO - DAG(s) 'tutorial_dag' retrieved from /home/airflow/.local/lib/python3.12/site-packages/airflow/example_dags/tutorial_dag.py
[2025-09-29T17:15:45.176+0000] {logging_mixin.py:188} INFO - [2025-09-29T17:15:45.176+0000] {dag.py:3089} INFO - Sync 1 DAGs
[2025-09-29T17:15:45.211+0000] {logging_mixin.py:188} INFO - [2025-09-29T17:15:45.210+0000] {dag.py:3947} INFO - Setting next_dagrun for tutorial_dag to None, run_after=None
[2025-09-29T17:15:45.267+0000] {processor.py:183} INFO - Processing /home/airflow/.local/lib/python3.12/site-packages/airflow/example_dags/tutorial_dag.py took 0.204 seconds
[2025-09-29T17:16:15.602+0000] {processor.py:161} INFO - Started process (PID=10653) to work on /home/airflow/.local/lib/python3.12/site-packages/airflow/example_dags/tutorial_dag.py
[2025-09-29T17:16:15.604+0000] {processor.py:830} INFO - Processing file /home/airflow/.local/lib/python3.12/site-packages/airflow/example_dags/tutorial_dag.py for tasks to queue
[2025-09-29T17:16:15.610+0000] {logging_mixin.py:188} INFO - [2025-09-29T17:16:15.609+0000] {dagbag.py:545} INFO - Filling up the DagBag from /home/airflow/.local/lib/python3.12/site-packages/airflow/example_dags/tutorial_dag.py
[2025-09-29T17:16:15.626+0000] {processor.py:840} INFO - DAG(s) 'tutorial_dag' retrieved from /home/airflow/.local/lib/python3.12/site-packages/airflow/example_dags/tutorial_dag.py
[2025-09-29T17:16:15.683+0000] {logging_mixin.py:188} INFO - [2025-09-29T17:16:15.682+0000] {dag.py:3089} INFO - Sync 1 DAGs
[2025-09-29T17:16:15.714+0000] {logging_mixin.py:188} INFO - [2025-09-29T17:16:15.714+0000] {dag.py:3947} INFO - Setting next_dagrun for tutorial_dag to None, run_after=None
[2025-09-29T17:16:15.767+0000] {processor.py:183} INFO - Processing /home/airflow/.local/lib/python3.12/site-packages/airflow/example_dags/tutorial_dag.py took 0.181 seconds
[2025-09-29T17:16:46.024+0000] {processor.py:161} INFO - Started process (PID=10915) to work on /home/airflow/.local/lib/python3.12/site-packages/airflow/example_dags/tutorial_dag.py
[2025-09-29T17:16:46.027+0000] {processor.py:830} INFO - Processing file /home/airflow/.local/lib/python3.12/site-packages/airflow/example_dags/tutorial_dag.py for tasks to queue
[2025-09-29T17:16:46.034+0000] {logging_mixin.py:188} INFO - [2025-09-29T17:16:46.033+0000] {dagbag.py:545} INFO - Filling up the DagBag from /home/airflow/.local/lib/python3.12/site-packages/airflow/example_dags/tutorial_dag.py
[2025-09-29T17:16:46.052+0000] {processor.py:840} INFO - DAG(s) 'tutorial_dag' retrieved from /home/airflow/.local/lib/python3.12/site-packages/airflow/example_dags/tutorial_dag.py
[2025-09-29T17:16:46.142+0000] {logging_mixin.py:188} INFO - [2025-09-29T17:16:46.134+0000] {dag.py:3089} INFO - Sync 1 DAGs
[2025-09-29T17:16:46.195+0000] {logging_mixin.py:188} INFO - [2025-09-29T17:16:46.194+0000] {dag.py:3947} INFO - Setting next_dagrun for tutorial_dag to None, run_after=None
[2025-09-29T17:16:46.334+0000] {processor.py:183} INFO - Processing /home/airflow/.local/lib/python3.12/site-packages/airflow/example_dags/tutorial_dag.py took 0.328 seconds
