[2025-09-29T15:33:21.595+0000] {processor.py:161} INFO - Started process (PID=308) to work on /home/airflow/.local/lib/python3.12/site-packages/airflow/example_dags/tutorial_taskflow_api.py
[2025-09-29T15:33:21.597+0000] {processor.py:830} INFO - Processing file /home/airflow/.local/lib/python3.12/site-packages/airflow/example_dags/tutorial_taskflow_api.py for tasks to queue
[2025-09-29T15:33:21.601+0000] {logging_mixin.py:188} INFO - [2025-09-29T15:33:21.600+0000] {dagbag.py:545} INFO - Filling up the DagBag from /home/airflow/.local/lib/python3.12/site-packages/airflow/example_dags/tutorial_taskflow_api.py
[2025-09-29T15:33:21.624+0000] {processor.py:840} INFO - DAG(s) 'tutorial_taskflow_api' retrieved from /home/airflow/.local/lib/python3.12/site-packages/airflow/example_dags/tutorial_taskflow_api.py
[2025-09-29T15:33:21.665+0000] {logging_mixin.py:188} INFO - [2025-09-29T15:33:21.665+0000] {dag.py:3089} INFO - Sync 1 DAGs
[2025-09-29T15:33:21.701+0000] {logging_mixin.py:188} INFO - [2025-09-29T15:33:21.700+0000] {dag.py:3947} INFO - Setting next_dagrun for tutorial_taskflow_api to None, run_after=None
[2025-09-29T15:33:21.992+0000] {processor.py:183} INFO - Processing /home/airflow/.local/lib/python3.12/site-packages/airflow/example_dags/tutorial_taskflow_api.py took 0.410 seconds
[2025-09-29T15:33:55.112+0000] {processor.py:161} INFO - Started process (PID=583) to work on /home/airflow/.local/lib/python3.12/site-packages/airflow/example_dags/tutorial_taskflow_api.py
[2025-09-29T15:33:55.115+0000] {processor.py:830} INFO - Processing file /home/airflow/.local/lib/python3.12/site-packages/airflow/example_dags/tutorial_taskflow_api.py for tasks to queue
[2025-09-29T15:33:55.121+0000] {logging_mixin.py:188} INFO - [2025-09-29T15:33:55.120+0000] {dagbag.py:545} INFO - Filling up the DagBag from /home/airflow/.local/lib/python3.12/site-packages/airflow/example_dags/tutorial_taskflow_api.py
[2025-09-29T15:33:55.139+0000] {processor.py:840} INFO - DAG(s) 'tutorial_taskflow_api' retrieved from /home/airflow/.local/lib/python3.12/site-packages/airflow/example_dags/tutorial_taskflow_api.py
[2025-09-29T15:33:55.390+0000] {logging_mixin.py:188} INFO - [2025-09-29T15:33:55.390+0000] {dag.py:3089} INFO - Sync 1 DAGs
[2025-09-29T15:33:55.415+0000] {logging_mixin.py:188} INFO - [2025-09-29T15:33:55.415+0000] {dag.py:3947} INFO - Setting next_dagrun for tutorial_taskflow_api to None, run_after=None
[2025-09-29T15:33:55.605+0000] {processor.py:183} INFO - Processing /home/airflow/.local/lib/python3.12/site-packages/airflow/example_dags/tutorial_taskflow_api.py took 0.510 seconds
[2025-09-29T15:34:26.319+0000] {processor.py:161} INFO - Started process (PID=854) to work on /home/airflow/.local/lib/python3.12/site-packages/airflow/example_dags/tutorial_taskflow_api.py
[2025-09-29T15:34:26.322+0000] {processor.py:830} INFO - Processing file /home/airflow/.local/lib/python3.12/site-packages/airflow/example_dags/tutorial_taskflow_api.py for tasks to queue
[2025-09-29T15:34:26.326+0000] {logging_mixin.py:188} INFO - [2025-09-29T15:34:26.325+0000] {dagbag.py:545} INFO - Filling up the DagBag from /home/airflow/.local/lib/python3.12/site-packages/airflow/example_dags/tutorial_taskflow_api.py
[2025-09-29T15:34:26.342+0000] {processor.py:840} INFO - DAG(s) 'tutorial_taskflow_api' retrieved from /home/airflow/.local/lib/python3.12/site-packages/airflow/example_dags/tutorial_taskflow_api.py
[2025-09-29T15:34:26.398+0000] {logging_mixin.py:188} INFO - [2025-09-29T15:34:26.397+0000] {dag.py:3089} INFO - Sync 1 DAGs
[2025-09-29T15:34:26.431+0000] {logging_mixin.py:188} INFO - [2025-09-29T15:34:26.430+0000] {dag.py:3947} INFO - Setting next_dagrun for tutorial_taskflow_api to None, run_after=None
[2025-09-29T15:34:26.484+0000] {processor.py:183} INFO - Processing /home/airflow/.local/lib/python3.12/site-packages/airflow/example_dags/tutorial_taskflow_api.py took 0.179 seconds
[2025-09-29T15:34:57.154+0000] {processor.py:161} INFO - Started process (PID=1116) to work on /home/airflow/.local/lib/python3.12/site-packages/airflow/example_dags/tutorial_taskflow_api.py
[2025-09-29T15:34:57.156+0000] {processor.py:830} INFO - Processing file /home/airflow/.local/lib/python3.12/site-packages/airflow/example_dags/tutorial_taskflow_api.py for tasks to queue
[2025-09-29T15:34:57.161+0000] {logging_mixin.py:188} INFO - [2025-09-29T15:34:57.160+0000] {dagbag.py:545} INFO - Filling up the DagBag from /home/airflow/.local/lib/python3.12/site-packages/airflow/example_dags/tutorial_taskflow_api.py
[2025-09-29T15:34:57.176+0000] {processor.py:840} INFO - DAG(s) 'tutorial_taskflow_api' retrieved from /home/airflow/.local/lib/python3.12/site-packages/airflow/example_dags/tutorial_taskflow_api.py
[2025-09-29T15:34:57.238+0000] {logging_mixin.py:188} INFO - [2025-09-29T15:34:57.237+0000] {dag.py:3089} INFO - Sync 1 DAGs
[2025-09-29T15:34:57.268+0000] {logging_mixin.py:188} INFO - [2025-09-29T15:34:57.268+0000] {dag.py:3947} INFO - Setting next_dagrun for tutorial_taskflow_api to None, run_after=None
[2025-09-29T15:34:57.315+0000] {processor.py:183} INFO - Processing /home/airflow/.local/lib/python3.12/site-packages/airflow/example_dags/tutorial_taskflow_api.py took 0.176 seconds
[2025-09-29T15:35:29.508+0000] {processor.py:161} INFO - Started process (PID=1379) to work on /home/airflow/.local/lib/python3.12/site-packages/airflow/example_dags/tutorial_taskflow_api.py
[2025-09-29T15:35:29.513+0000] {processor.py:830} INFO - Processing file /home/airflow/.local/lib/python3.12/site-packages/airflow/example_dags/tutorial_taskflow_api.py for tasks to queue
[2025-09-29T15:35:29.529+0000] {logging_mixin.py:188} INFO - [2025-09-29T15:35:29.527+0000] {dagbag.py:545} INFO - Filling up the DagBag from /home/airflow/.local/lib/python3.12/site-packages/airflow/example_dags/tutorial_taskflow_api.py
[2025-09-29T15:35:29.559+0000] {processor.py:840} INFO - DAG(s) 'tutorial_taskflow_api' retrieved from /home/airflow/.local/lib/python3.12/site-packages/airflow/example_dags/tutorial_taskflow_api.py
[2025-09-29T15:35:29.646+0000] {logging_mixin.py:188} INFO - [2025-09-29T15:35:29.645+0000] {dag.py:3089} INFO - Sync 1 DAGs
[2025-09-29T15:35:29.690+0000] {logging_mixin.py:188} INFO - [2025-09-29T15:35:29.689+0000] {dag.py:3947} INFO - Setting next_dagrun for tutorial_taskflow_api to None, run_after=None
[2025-09-29T15:35:29.746+0000] {processor.py:183} INFO - Processing /home/airflow/.local/lib/python3.12/site-packages/airflow/example_dags/tutorial_taskflow_api.py took 0.268 seconds
[2025-09-29T15:35:59.914+0000] {processor.py:161} INFO - Started process (PID=1637) to work on /home/airflow/.local/lib/python3.12/site-packages/airflow/example_dags/tutorial_taskflow_api.py
[2025-09-29T15:35:59.917+0000] {processor.py:830} INFO - Processing file /home/airflow/.local/lib/python3.12/site-packages/airflow/example_dags/tutorial_taskflow_api.py for tasks to queue
[2025-09-29T15:35:59.922+0000] {logging_mixin.py:188} INFO - [2025-09-29T15:35:59.921+0000] {dagbag.py:545} INFO - Filling up the DagBag from /home/airflow/.local/lib/python3.12/site-packages/airflow/example_dags/tutorial_taskflow_api.py
[2025-09-29T15:35:59.937+0000] {processor.py:840} INFO - DAG(s) 'tutorial_taskflow_api' retrieved from /home/airflow/.local/lib/python3.12/site-packages/airflow/example_dags/tutorial_taskflow_api.py
[2025-09-29T15:35:59.996+0000] {logging_mixin.py:188} INFO - [2025-09-29T15:35:59.995+0000] {dag.py:3089} INFO - Sync 1 DAGs
[2025-09-29T15:36:00.030+0000] {logging_mixin.py:188} INFO - [2025-09-29T15:36:00.029+0000] {dag.py:3947} INFO - Setting next_dagrun for tutorial_taskflow_api to None, run_after=None
[2025-09-29T15:36:00.077+0000] {processor.py:183} INFO - Processing /home/airflow/.local/lib/python3.12/site-packages/airflow/example_dags/tutorial_taskflow_api.py took 0.177 seconds
[2025-09-29T15:36:30.380+0000] {processor.py:161} INFO - Started process (PID=1899) to work on /home/airflow/.local/lib/python3.12/site-packages/airflow/example_dags/tutorial_taskflow_api.py
[2025-09-29T15:36:30.382+0000] {processor.py:830} INFO - Processing file /home/airflow/.local/lib/python3.12/site-packages/airflow/example_dags/tutorial_taskflow_api.py for tasks to queue
[2025-09-29T15:36:30.387+0000] {logging_mixin.py:188} INFO - [2025-09-29T15:36:30.386+0000] {dagbag.py:545} INFO - Filling up the DagBag from /home/airflow/.local/lib/python3.12/site-packages/airflow/example_dags/tutorial_taskflow_api.py
[2025-09-29T15:36:30.402+0000] {processor.py:840} INFO - DAG(s) 'tutorial_taskflow_api' retrieved from /home/airflow/.local/lib/python3.12/site-packages/airflow/example_dags/tutorial_taskflow_api.py
[2025-09-29T15:36:30.459+0000] {logging_mixin.py:188} INFO - [2025-09-29T15:36:30.459+0000] {dag.py:3089} INFO - Sync 1 DAGs
[2025-09-29T15:36:30.489+0000] {logging_mixin.py:188} INFO - [2025-09-29T15:36:30.489+0000] {dag.py:3947} INFO - Setting next_dagrun for tutorial_taskflow_api to None, run_after=None
[2025-09-29T15:36:30.550+0000] {processor.py:183} INFO - Processing /home/airflow/.local/lib/python3.12/site-packages/airflow/example_dags/tutorial_taskflow_api.py took 0.184 seconds
[2025-09-29T15:37:00.780+0000] {processor.py:161} INFO - Started process (PID=2159) to work on /home/airflow/.local/lib/python3.12/site-packages/airflow/example_dags/tutorial_taskflow_api.py
[2025-09-29T15:37:00.782+0000] {processor.py:830} INFO - Processing file /home/airflow/.local/lib/python3.12/site-packages/airflow/example_dags/tutorial_taskflow_api.py for tasks to queue
[2025-09-29T15:37:00.786+0000] {logging_mixin.py:188} INFO - [2025-09-29T15:37:00.786+0000] {dagbag.py:545} INFO - Filling up the DagBag from /home/airflow/.local/lib/python3.12/site-packages/airflow/example_dags/tutorial_taskflow_api.py
[2025-09-29T15:37:00.802+0000] {processor.py:840} INFO - DAG(s) 'tutorial_taskflow_api' retrieved from /home/airflow/.local/lib/python3.12/site-packages/airflow/example_dags/tutorial_taskflow_api.py
[2025-09-29T15:37:00.859+0000] {logging_mixin.py:188} INFO - [2025-09-29T15:37:00.859+0000] {dag.py:3089} INFO - Sync 1 DAGs
[2025-09-29T15:37:00.890+0000] {logging_mixin.py:188} INFO - [2025-09-29T15:37:00.890+0000] {dag.py:3947} INFO - Setting next_dagrun for tutorial_taskflow_api to None, run_after=None
[2025-09-29T15:37:00.939+0000] {processor.py:183} INFO - Processing /home/airflow/.local/lib/python3.12/site-packages/airflow/example_dags/tutorial_taskflow_api.py took 0.174 seconds
[2025-09-29T15:37:31.458+0000] {processor.py:161} INFO - Started process (PID=2421) to work on /home/airflow/.local/lib/python3.12/site-packages/airflow/example_dags/tutorial_taskflow_api.py
[2025-09-29T15:37:31.461+0000] {processor.py:830} INFO - Processing file /home/airflow/.local/lib/python3.12/site-packages/airflow/example_dags/tutorial_taskflow_api.py for tasks to queue
[2025-09-29T15:37:31.465+0000] {logging_mixin.py:188} INFO - [2025-09-29T15:37:31.464+0000] {dagbag.py:545} INFO - Filling up the DagBag from /home/airflow/.local/lib/python3.12/site-packages/airflow/example_dags/tutorial_taskflow_api.py
[2025-09-29T15:37:31.481+0000] {processor.py:840} INFO - DAG(s) 'tutorial_taskflow_api' retrieved from /home/airflow/.local/lib/python3.12/site-packages/airflow/example_dags/tutorial_taskflow_api.py
[2025-09-29T15:37:31.536+0000] {logging_mixin.py:188} INFO - [2025-09-29T15:37:31.535+0000] {dag.py:3089} INFO - Sync 1 DAGs
[2025-09-29T15:37:31.567+0000] {logging_mixin.py:188} INFO - [2025-09-29T15:37:31.567+0000] {dag.py:3947} INFO - Setting next_dagrun for tutorial_taskflow_api to None, run_after=None
[2025-09-29T15:37:31.613+0000] {processor.py:183} INFO - Processing /home/airflow/.local/lib/python3.12/site-packages/airflow/example_dags/tutorial_taskflow_api.py took 0.171 seconds
[2025-09-29T15:38:02.469+0000] {processor.py:161} INFO - Started process (PID=2683) to work on /home/airflow/.local/lib/python3.12/site-packages/airflow/example_dags/tutorial_taskflow_api.py
[2025-09-29T15:38:02.472+0000] {processor.py:830} INFO - Processing file /home/airflow/.local/lib/python3.12/site-packages/airflow/example_dags/tutorial_taskflow_api.py for tasks to queue
[2025-09-29T15:38:02.477+0000] {logging_mixin.py:188} INFO - [2025-09-29T15:38:02.476+0000] {dagbag.py:545} INFO - Filling up the DagBag from /home/airflow/.local/lib/python3.12/site-packages/airflow/example_dags/tutorial_taskflow_api.py
[2025-09-29T15:38:02.495+0000] {processor.py:840} INFO - DAG(s) 'tutorial_taskflow_api' retrieved from /home/airflow/.local/lib/python3.12/site-packages/airflow/example_dags/tutorial_taskflow_api.py
[2025-09-29T15:38:02.551+0000] {logging_mixin.py:188} INFO - [2025-09-29T15:38:02.550+0000] {dag.py:3089} INFO - Sync 1 DAGs
[2025-09-29T15:38:02.586+0000] {logging_mixin.py:188} INFO - [2025-09-29T15:38:02.585+0000] {dag.py:3947} INFO - Setting next_dagrun for tutorial_taskflow_api to None, run_after=None
[2025-09-29T15:38:02.638+0000] {processor.py:183} INFO - Processing /home/airflow/.local/lib/python3.12/site-packages/airflow/example_dags/tutorial_taskflow_api.py took 0.187 seconds
[2025-09-29T15:38:33.139+0000] {processor.py:161} INFO - Started process (PID=2945) to work on /home/airflow/.local/lib/python3.12/site-packages/airflow/example_dags/tutorial_taskflow_api.py
[2025-09-29T15:38:33.142+0000] {processor.py:830} INFO - Processing file /home/airflow/.local/lib/python3.12/site-packages/airflow/example_dags/tutorial_taskflow_api.py for tasks to queue
[2025-09-29T15:38:33.147+0000] {logging_mixin.py:188} INFO - [2025-09-29T15:38:33.146+0000] {dagbag.py:545} INFO - Filling up the DagBag from /home/airflow/.local/lib/python3.12/site-packages/airflow/example_dags/tutorial_taskflow_api.py
[2025-09-29T15:38:33.164+0000] {processor.py:840} INFO - DAG(s) 'tutorial_taskflow_api' retrieved from /home/airflow/.local/lib/python3.12/site-packages/airflow/example_dags/tutorial_taskflow_api.py
[2025-09-29T15:38:33.232+0000] {logging_mixin.py:188} INFO - [2025-09-29T15:38:33.231+0000] {dag.py:3089} INFO - Sync 1 DAGs
[2025-09-29T15:38:33.285+0000] {logging_mixin.py:188} INFO - [2025-09-29T15:38:33.284+0000] {dag.py:3947} INFO - Setting next_dagrun for tutorial_taskflow_api to None, run_after=None
[2025-09-29T15:38:33.360+0000] {processor.py:183} INFO - Processing /home/airflow/.local/lib/python3.12/site-packages/airflow/example_dags/tutorial_taskflow_api.py took 0.237 seconds
[2025-09-29T15:39:03.544+0000] {processor.py:161} INFO - Started process (PID=3207) to work on /home/airflow/.local/lib/python3.12/site-packages/airflow/example_dags/tutorial_taskflow_api.py
[2025-09-29T15:39:03.547+0000] {processor.py:830} INFO - Processing file /home/airflow/.local/lib/python3.12/site-packages/airflow/example_dags/tutorial_taskflow_api.py for tasks to queue
[2025-09-29T15:39:03.551+0000] {logging_mixin.py:188} INFO - [2025-09-29T15:39:03.551+0000] {dagbag.py:545} INFO - Filling up the DagBag from /home/airflow/.local/lib/python3.12/site-packages/airflow/example_dags/tutorial_taskflow_api.py
[2025-09-29T15:39:03.567+0000] {processor.py:840} INFO - DAG(s) 'tutorial_taskflow_api' retrieved from /home/airflow/.local/lib/python3.12/site-packages/airflow/example_dags/tutorial_taskflow_api.py
[2025-09-29T15:39:03.623+0000] {logging_mixin.py:188} INFO - [2025-09-29T15:39:03.623+0000] {dag.py:3089} INFO - Sync 1 DAGs
[2025-09-29T15:39:03.654+0000] {logging_mixin.py:188} INFO - [2025-09-29T15:39:03.653+0000] {dag.py:3947} INFO - Setting next_dagrun for tutorial_taskflow_api to None, run_after=None
[2025-09-29T15:39:03.703+0000] {processor.py:183} INFO - Processing /home/airflow/.local/lib/python3.12/site-packages/airflow/example_dags/tutorial_taskflow_api.py took 0.174 seconds
[2025-09-29T15:39:34.851+0000] {processor.py:161} INFO - Started process (PID=3469) to work on /home/airflow/.local/lib/python3.12/site-packages/airflow/example_dags/tutorial_taskflow_api.py
[2025-09-29T15:39:34.854+0000] {processor.py:830} INFO - Processing file /home/airflow/.local/lib/python3.12/site-packages/airflow/example_dags/tutorial_taskflow_api.py for tasks to queue
[2025-09-29T15:39:34.858+0000] {logging_mixin.py:188} INFO - [2025-09-29T15:39:34.857+0000] {dagbag.py:545} INFO - Filling up the DagBag from /home/airflow/.local/lib/python3.12/site-packages/airflow/example_dags/tutorial_taskflow_api.py
[2025-09-29T15:39:34.878+0000] {processor.py:840} INFO - DAG(s) 'tutorial_taskflow_api' retrieved from /home/airflow/.local/lib/python3.12/site-packages/airflow/example_dags/tutorial_taskflow_api.py
[2025-09-29T15:39:34.939+0000] {logging_mixin.py:188} INFO - [2025-09-29T15:39:34.938+0000] {dag.py:3089} INFO - Sync 1 DAGs
[2025-09-29T15:39:34.989+0000] {logging_mixin.py:188} INFO - [2025-09-29T15:39:34.989+0000] {dag.py:3947} INFO - Setting next_dagrun for tutorial_taskflow_api to None, run_after=None
[2025-09-29T15:39:35.051+0000] {processor.py:183} INFO - Processing /home/airflow/.local/lib/python3.12/site-packages/airflow/example_dags/tutorial_taskflow_api.py took 0.220 seconds
[2025-09-29T15:40:05.415+0000] {processor.py:161} INFO - Started process (PID=3727) to work on /home/airflow/.local/lib/python3.12/site-packages/airflow/example_dags/tutorial_taskflow_api.py
[2025-09-29T15:40:05.418+0000] {processor.py:830} INFO - Processing file /home/airflow/.local/lib/python3.12/site-packages/airflow/example_dags/tutorial_taskflow_api.py for tasks to queue
[2025-09-29T15:40:05.422+0000] {logging_mixin.py:188} INFO - [2025-09-29T15:40:05.421+0000] {dagbag.py:545} INFO - Filling up the DagBag from /home/airflow/.local/lib/python3.12/site-packages/airflow/example_dags/tutorial_taskflow_api.py
[2025-09-29T15:40:05.438+0000] {processor.py:840} INFO - DAG(s) 'tutorial_taskflow_api' retrieved from /home/airflow/.local/lib/python3.12/site-packages/airflow/example_dags/tutorial_taskflow_api.py
[2025-09-29T15:40:05.497+0000] {logging_mixin.py:188} INFO - [2025-09-29T15:40:05.497+0000] {dag.py:3089} INFO - Sync 1 DAGs
[2025-09-29T15:40:05.534+0000] {logging_mixin.py:188} INFO - [2025-09-29T15:40:05.534+0000] {dag.py:3947} INFO - Setting next_dagrun for tutorial_taskflow_api to None, run_after=None
[2025-09-29T15:40:05.598+0000] {processor.py:183} INFO - Processing /home/airflow/.local/lib/python3.12/site-packages/airflow/example_dags/tutorial_taskflow_api.py took 0.199 seconds
[2025-09-29T15:40:36.043+0000] {processor.py:161} INFO - Started process (PID=3989) to work on /home/airflow/.local/lib/python3.12/site-packages/airflow/example_dags/tutorial_taskflow_api.py
[2025-09-29T15:40:36.045+0000] {processor.py:830} INFO - Processing file /home/airflow/.local/lib/python3.12/site-packages/airflow/example_dags/tutorial_taskflow_api.py for tasks to queue
[2025-09-29T15:40:36.050+0000] {logging_mixin.py:188} INFO - [2025-09-29T15:40:36.049+0000] {dagbag.py:545} INFO - Filling up the DagBag from /home/airflow/.local/lib/python3.12/site-packages/airflow/example_dags/tutorial_taskflow_api.py
[2025-09-29T15:40:36.066+0000] {processor.py:840} INFO - DAG(s) 'tutorial_taskflow_api' retrieved from /home/airflow/.local/lib/python3.12/site-packages/airflow/example_dags/tutorial_taskflow_api.py
[2025-09-29T15:40:36.127+0000] {logging_mixin.py:188} INFO - [2025-09-29T15:40:36.126+0000] {dag.py:3089} INFO - Sync 1 DAGs
[2025-09-29T15:40:36.157+0000] {logging_mixin.py:188} INFO - [2025-09-29T15:40:36.157+0000] {dag.py:3947} INFO - Setting next_dagrun for tutorial_taskflow_api to None, run_after=None
[2025-09-29T15:40:36.211+0000] {processor.py:183} INFO - Processing /home/airflow/.local/lib/python3.12/site-packages/airflow/example_dags/tutorial_taskflow_api.py took 0.183 seconds
[2025-09-29T15:41:06.655+0000] {processor.py:161} INFO - Started process (PID=4251) to work on /home/airflow/.local/lib/python3.12/site-packages/airflow/example_dags/tutorial_taskflow_api.py
[2025-09-29T15:41:06.658+0000] {processor.py:830} INFO - Processing file /home/airflow/.local/lib/python3.12/site-packages/airflow/example_dags/tutorial_taskflow_api.py for tasks to queue
[2025-09-29T15:41:06.662+0000] {logging_mixin.py:188} INFO - [2025-09-29T15:41:06.661+0000] {dagbag.py:545} INFO - Filling up the DagBag from /home/airflow/.local/lib/python3.12/site-packages/airflow/example_dags/tutorial_taskflow_api.py
[2025-09-29T15:41:06.679+0000] {processor.py:840} INFO - DAG(s) 'tutorial_taskflow_api' retrieved from /home/airflow/.local/lib/python3.12/site-packages/airflow/example_dags/tutorial_taskflow_api.py
[2025-09-29T15:41:06.732+0000] {logging_mixin.py:188} INFO - [2025-09-29T15:41:06.732+0000] {dag.py:3089} INFO - Sync 1 DAGs
[2025-09-29T15:41:06.763+0000] {logging_mixin.py:188} INFO - [2025-09-29T15:41:06.762+0000] {dag.py:3947} INFO - Setting next_dagrun for tutorial_taskflow_api to None, run_after=None
[2025-09-29T15:41:06.816+0000] {processor.py:183} INFO - Processing /home/airflow/.local/lib/python3.12/site-packages/airflow/example_dags/tutorial_taskflow_api.py took 0.175 seconds
[2025-09-29T15:41:36.875+0000] {processor.py:161} INFO - Started process (PID=4511) to work on /home/airflow/.local/lib/python3.12/site-packages/airflow/example_dags/tutorial_taskflow_api.py
[2025-09-29T15:41:36.877+0000] {processor.py:830} INFO - Processing file /home/airflow/.local/lib/python3.12/site-packages/airflow/example_dags/tutorial_taskflow_api.py for tasks to queue
[2025-09-29T15:41:36.882+0000] {logging_mixin.py:188} INFO - [2025-09-29T15:41:36.881+0000] {dagbag.py:545} INFO - Filling up the DagBag from /home/airflow/.local/lib/python3.12/site-packages/airflow/example_dags/tutorial_taskflow_api.py
[2025-09-29T15:41:36.897+0000] {processor.py:840} INFO - DAG(s) 'tutorial_taskflow_api' retrieved from /home/airflow/.local/lib/python3.12/site-packages/airflow/example_dags/tutorial_taskflow_api.py
[2025-09-29T15:41:36.954+0000] {logging_mixin.py:188} INFO - [2025-09-29T15:41:36.954+0000] {dag.py:3089} INFO - Sync 1 DAGs
[2025-09-29T15:41:36.985+0000] {logging_mixin.py:188} INFO - [2025-09-29T15:41:36.985+0000] {dag.py:3947} INFO - Setting next_dagrun for tutorial_taskflow_api to None, run_after=None
[2025-09-29T15:41:37.042+0000] {processor.py:183} INFO - Processing /home/airflow/.local/lib/python3.12/site-packages/airflow/example_dags/tutorial_taskflow_api.py took 0.182 seconds
[2025-09-29T15:42:07.683+0000] {processor.py:161} INFO - Started process (PID=4773) to work on /home/airflow/.local/lib/python3.12/site-packages/airflow/example_dags/tutorial_taskflow_api.py
[2025-09-29T15:42:07.686+0000] {processor.py:830} INFO - Processing file /home/airflow/.local/lib/python3.12/site-packages/airflow/example_dags/tutorial_taskflow_api.py for tasks to queue
[2025-09-29T15:42:07.690+0000] {logging_mixin.py:188} INFO - [2025-09-29T15:42:07.689+0000] {dagbag.py:545} INFO - Filling up the DagBag from /home/airflow/.local/lib/python3.12/site-packages/airflow/example_dags/tutorial_taskflow_api.py
[2025-09-29T15:42:07.707+0000] {processor.py:840} INFO - DAG(s) 'tutorial_taskflow_api' retrieved from /home/airflow/.local/lib/python3.12/site-packages/airflow/example_dags/tutorial_taskflow_api.py
[2025-09-29T15:42:07.778+0000] {logging_mixin.py:188} INFO - [2025-09-29T15:42:07.777+0000] {dag.py:3089} INFO - Sync 1 DAGs
[2025-09-29T15:42:07.819+0000] {logging_mixin.py:188} INFO - [2025-09-29T15:42:07.818+0000] {dag.py:3947} INFO - Setting next_dagrun for tutorial_taskflow_api to None, run_after=None
[2025-09-29T15:42:07.881+0000] {processor.py:183} INFO - Processing /home/airflow/.local/lib/python3.12/site-packages/airflow/example_dags/tutorial_taskflow_api.py took 0.215 seconds
[2025-09-29T15:42:38.277+0000] {processor.py:161} INFO - Started process (PID=5035) to work on /home/airflow/.local/lib/python3.12/site-packages/airflow/example_dags/tutorial_taskflow_api.py
[2025-09-29T15:42:38.279+0000] {processor.py:830} INFO - Processing file /home/airflow/.local/lib/python3.12/site-packages/airflow/example_dags/tutorial_taskflow_api.py for tasks to queue
[2025-09-29T15:42:38.283+0000] {logging_mixin.py:188} INFO - [2025-09-29T15:42:38.283+0000] {dagbag.py:545} INFO - Filling up the DagBag from /home/airflow/.local/lib/python3.12/site-packages/airflow/example_dags/tutorial_taskflow_api.py
[2025-09-29T15:42:38.299+0000] {processor.py:840} INFO - DAG(s) 'tutorial_taskflow_api' retrieved from /home/airflow/.local/lib/python3.12/site-packages/airflow/example_dags/tutorial_taskflow_api.py
[2025-09-29T15:42:38.357+0000] {logging_mixin.py:188} INFO - [2025-09-29T15:42:38.357+0000] {dag.py:3089} INFO - Sync 1 DAGs
[2025-09-29T15:42:38.392+0000] {logging_mixin.py:188} INFO - [2025-09-29T15:42:38.391+0000] {dag.py:3947} INFO - Setting next_dagrun for tutorial_taskflow_api to None, run_after=None
[2025-09-29T15:42:38.441+0000] {processor.py:183} INFO - Processing /home/airflow/.local/lib/python3.12/site-packages/airflow/example_dags/tutorial_taskflow_api.py took 0.178 seconds
[2025-09-29T15:43:08.781+0000] {processor.py:161} INFO - Started process (PID=5297) to work on /home/airflow/.local/lib/python3.12/site-packages/airflow/example_dags/tutorial_taskflow_api.py
[2025-09-29T15:43:08.783+0000] {processor.py:830} INFO - Processing file /home/airflow/.local/lib/python3.12/site-packages/airflow/example_dags/tutorial_taskflow_api.py for tasks to queue
[2025-09-29T15:43:08.787+0000] {logging_mixin.py:188} INFO - [2025-09-29T15:43:08.787+0000] {dagbag.py:545} INFO - Filling up the DagBag from /home/airflow/.local/lib/python3.12/site-packages/airflow/example_dags/tutorial_taskflow_api.py
[2025-09-29T15:43:08.804+0000] {processor.py:840} INFO - DAG(s) 'tutorial_taskflow_api' retrieved from /home/airflow/.local/lib/python3.12/site-packages/airflow/example_dags/tutorial_taskflow_api.py
[2025-09-29T15:43:08.860+0000] {logging_mixin.py:188} INFO - [2025-09-29T15:43:08.859+0000] {dag.py:3089} INFO - Sync 1 DAGs
[2025-09-29T15:43:08.890+0000] {logging_mixin.py:188} INFO - [2025-09-29T15:43:08.889+0000] {dag.py:3947} INFO - Setting next_dagrun for tutorial_taskflow_api to None, run_after=None
[2025-09-29T15:43:08.936+0000] {processor.py:183} INFO - Processing /home/airflow/.local/lib/python3.12/site-packages/airflow/example_dags/tutorial_taskflow_api.py took 0.170 seconds
[2025-09-29T15:43:39.393+0000] {processor.py:161} INFO - Started process (PID=5561) to work on /home/airflow/.local/lib/python3.12/site-packages/airflow/example_dags/tutorial_taskflow_api.py
[2025-09-29T15:43:39.396+0000] {processor.py:830} INFO - Processing file /home/airflow/.local/lib/python3.12/site-packages/airflow/example_dags/tutorial_taskflow_api.py for tasks to queue
[2025-09-29T15:43:39.400+0000] {logging_mixin.py:188} INFO - [2025-09-29T15:43:39.399+0000] {dagbag.py:545} INFO - Filling up the DagBag from /home/airflow/.local/lib/python3.12/site-packages/airflow/example_dags/tutorial_taskflow_api.py
[2025-09-29T15:43:39.416+0000] {processor.py:840} INFO - DAG(s) 'tutorial_taskflow_api' retrieved from /home/airflow/.local/lib/python3.12/site-packages/airflow/example_dags/tutorial_taskflow_api.py
[2025-09-29T15:43:39.476+0000] {logging_mixin.py:188} INFO - [2025-09-29T15:43:39.476+0000] {dag.py:3089} INFO - Sync 1 DAGs
[2025-09-29T15:43:39.509+0000] {logging_mixin.py:188} INFO - [2025-09-29T15:43:39.509+0000] {dag.py:3947} INFO - Setting next_dagrun for tutorial_taskflow_api to None, run_after=None
[2025-09-29T15:43:39.574+0000] {processor.py:183} INFO - Processing /home/airflow/.local/lib/python3.12/site-packages/airflow/example_dags/tutorial_taskflow_api.py took 0.196 seconds
[2025-09-29T15:44:09.871+0000] {processor.py:161} INFO - Started process (PID=5823) to work on /home/airflow/.local/lib/python3.12/site-packages/airflow/example_dags/tutorial_taskflow_api.py
[2025-09-29T15:44:09.873+0000] {processor.py:830} INFO - Processing file /home/airflow/.local/lib/python3.12/site-packages/airflow/example_dags/tutorial_taskflow_api.py for tasks to queue
[2025-09-29T15:44:09.878+0000] {logging_mixin.py:188} INFO - [2025-09-29T15:44:09.877+0000] {dagbag.py:545} INFO - Filling up the DagBag from /home/airflow/.local/lib/python3.12/site-packages/airflow/example_dags/tutorial_taskflow_api.py
[2025-09-29T15:44:09.894+0000] {processor.py:840} INFO - DAG(s) 'tutorial_taskflow_api' retrieved from /home/airflow/.local/lib/python3.12/site-packages/airflow/example_dags/tutorial_taskflow_api.py
[2025-09-29T15:44:09.956+0000] {logging_mixin.py:188} INFO - [2025-09-29T15:44:09.956+0000] {dag.py:3089} INFO - Sync 1 DAGs
[2025-09-29T15:44:09.991+0000] {logging_mixin.py:188} INFO - [2025-09-29T15:44:09.990+0000] {dag.py:3947} INFO - Setting next_dagrun for tutorial_taskflow_api to None, run_after=None
[2025-09-29T15:44:10.041+0000] {processor.py:183} INFO - Processing /home/airflow/.local/lib/python3.12/site-packages/airflow/example_dags/tutorial_taskflow_api.py took 0.185 seconds
[2025-09-29T15:44:40.126+0000] {processor.py:161} INFO - Started process (PID=6078) to work on /home/airflow/.local/lib/python3.12/site-packages/airflow/example_dags/tutorial_taskflow_api.py
[2025-09-29T15:44:40.129+0000] {processor.py:830} INFO - Processing file /home/airflow/.local/lib/python3.12/site-packages/airflow/example_dags/tutorial_taskflow_api.py for tasks to queue
[2025-09-29T15:44:40.133+0000] {logging_mixin.py:188} INFO - [2025-09-29T15:44:40.133+0000] {dagbag.py:545} INFO - Filling up the DagBag from /home/airflow/.local/lib/python3.12/site-packages/airflow/example_dags/tutorial_taskflow_api.py
[2025-09-29T15:44:40.149+0000] {processor.py:840} INFO - DAG(s) 'tutorial_taskflow_api' retrieved from /home/airflow/.local/lib/python3.12/site-packages/airflow/example_dags/tutorial_taskflow_api.py
[2025-09-29T15:44:40.205+0000] {logging_mixin.py:188} INFO - [2025-09-29T15:44:40.204+0000] {dag.py:3089} INFO - Sync 1 DAGs
[2025-09-29T15:44:40.233+0000] {logging_mixin.py:188} INFO - [2025-09-29T15:44:40.233+0000] {dag.py:3947} INFO - Setting next_dagrun for tutorial_taskflow_api to None, run_after=None
[2025-09-29T15:44:40.284+0000] {processor.py:183} INFO - Processing /home/airflow/.local/lib/python3.12/site-packages/airflow/example_dags/tutorial_taskflow_api.py took 0.175 seconds
[2025-09-29T15:45:10.552+0000] {processor.py:161} INFO - Started process (PID=6340) to work on /home/airflow/.local/lib/python3.12/site-packages/airflow/example_dags/tutorial_taskflow_api.py
[2025-09-29T15:45:10.555+0000] {processor.py:830} INFO - Processing file /home/airflow/.local/lib/python3.12/site-packages/airflow/example_dags/tutorial_taskflow_api.py for tasks to queue
[2025-09-29T15:45:10.559+0000] {logging_mixin.py:188} INFO - [2025-09-29T15:45:10.558+0000] {dagbag.py:545} INFO - Filling up the DagBag from /home/airflow/.local/lib/python3.12/site-packages/airflow/example_dags/tutorial_taskflow_api.py
[2025-09-29T15:45:10.577+0000] {processor.py:840} INFO - DAG(s) 'tutorial_taskflow_api' retrieved from /home/airflow/.local/lib/python3.12/site-packages/airflow/example_dags/tutorial_taskflow_api.py
[2025-09-29T15:45:10.642+0000] {logging_mixin.py:188} INFO - [2025-09-29T15:45:10.641+0000] {dag.py:3089} INFO - Sync 1 DAGs
[2025-09-29T15:45:10.677+0000] {logging_mixin.py:188} INFO - [2025-09-29T15:45:10.677+0000] {dag.py:3947} INFO - Setting next_dagrun for tutorial_taskflow_api to None, run_after=None
[2025-09-29T15:45:10.731+0000] {processor.py:183} INFO - Processing /home/airflow/.local/lib/python3.12/site-packages/airflow/example_dags/tutorial_taskflow_api.py took 0.198 seconds
[2025-09-29T15:45:41.191+0000] {processor.py:161} INFO - Started process (PID=6603) to work on /home/airflow/.local/lib/python3.12/site-packages/airflow/example_dags/tutorial_taskflow_api.py
[2025-09-29T15:45:41.194+0000] {processor.py:830} INFO - Processing file /home/airflow/.local/lib/python3.12/site-packages/airflow/example_dags/tutorial_taskflow_api.py for tasks to queue
[2025-09-29T15:45:41.199+0000] {logging_mixin.py:188} INFO - [2025-09-29T15:45:41.198+0000] {dagbag.py:545} INFO - Filling up the DagBag from /home/airflow/.local/lib/python3.12/site-packages/airflow/example_dags/tutorial_taskflow_api.py
[2025-09-29T15:45:41.215+0000] {processor.py:840} INFO - DAG(s) 'tutorial_taskflow_api' retrieved from /home/airflow/.local/lib/python3.12/site-packages/airflow/example_dags/tutorial_taskflow_api.py
[2025-09-29T15:45:41.272+0000] {logging_mixin.py:188} INFO - [2025-09-29T15:45:41.271+0000] {dag.py:3089} INFO - Sync 1 DAGs
[2025-09-29T15:45:41.310+0000] {logging_mixin.py:188} INFO - [2025-09-29T15:45:41.309+0000] {dag.py:3947} INFO - Setting next_dagrun for tutorial_taskflow_api to None, run_after=None
[2025-09-29T15:45:41.367+0000] {processor.py:183} INFO - Processing /home/airflow/.local/lib/python3.12/site-packages/airflow/example_dags/tutorial_taskflow_api.py took 0.192 seconds
[2025-09-29T15:46:11.904+0000] {processor.py:161} INFO - Started process (PID=6864) to work on /home/airflow/.local/lib/python3.12/site-packages/airflow/example_dags/tutorial_taskflow_api.py
[2025-09-29T15:46:11.907+0000] {processor.py:830} INFO - Processing file /home/airflow/.local/lib/python3.12/site-packages/airflow/example_dags/tutorial_taskflow_api.py for tasks to queue
[2025-09-29T15:46:11.912+0000] {logging_mixin.py:188} INFO - [2025-09-29T15:46:11.911+0000] {dagbag.py:545} INFO - Filling up the DagBag from /home/airflow/.local/lib/python3.12/site-packages/airflow/example_dags/tutorial_taskflow_api.py
[2025-09-29T15:46:11.931+0000] {processor.py:840} INFO - DAG(s) 'tutorial_taskflow_api' retrieved from /home/airflow/.local/lib/python3.12/site-packages/airflow/example_dags/tutorial_taskflow_api.py
[2025-09-29T15:46:11.995+0000] {logging_mixin.py:188} INFO - [2025-09-29T15:46:11.994+0000] {dag.py:3089} INFO - Sync 1 DAGs
[2025-09-29T15:46:12.034+0000] {logging_mixin.py:188} INFO - [2025-09-29T15:46:12.034+0000] {dag.py:3947} INFO - Setting next_dagrun for tutorial_taskflow_api to None, run_after=None
[2025-09-29T15:46:12.084+0000] {processor.py:183} INFO - Processing /home/airflow/.local/lib/python3.12/site-packages/airflow/example_dags/tutorial_taskflow_api.py took 0.200 seconds
[2025-09-29T15:46:42.254+0000] {processor.py:161} INFO - Started process (PID=7121) to work on /home/airflow/.local/lib/python3.12/site-packages/airflow/example_dags/tutorial_taskflow_api.py
[2025-09-29T15:46:42.256+0000] {processor.py:830} INFO - Processing file /home/airflow/.local/lib/python3.12/site-packages/airflow/example_dags/tutorial_taskflow_api.py for tasks to queue
[2025-09-29T15:46:42.261+0000] {logging_mixin.py:188} INFO - [2025-09-29T15:46:42.260+0000] {dagbag.py:545} INFO - Filling up the DagBag from /home/airflow/.local/lib/python3.12/site-packages/airflow/example_dags/tutorial_taskflow_api.py
[2025-09-29T15:46:42.278+0000] {processor.py:840} INFO - DAG(s) 'tutorial_taskflow_api' retrieved from /home/airflow/.local/lib/python3.12/site-packages/airflow/example_dags/tutorial_taskflow_api.py
[2025-09-29T15:46:42.335+0000] {logging_mixin.py:188} INFO - [2025-09-29T15:46:42.334+0000] {dag.py:3089} INFO - Sync 1 DAGs
[2025-09-29T15:46:42.364+0000] {logging_mixin.py:188} INFO - [2025-09-29T15:46:42.363+0000] {dag.py:3947} INFO - Setting next_dagrun for tutorial_taskflow_api to None, run_after=None
[2025-09-29T15:46:42.412+0000] {processor.py:183} INFO - Processing /home/airflow/.local/lib/python3.12/site-packages/airflow/example_dags/tutorial_taskflow_api.py took 0.173 seconds
[2025-09-29T15:47:13.572+0000] {processor.py:161} INFO - Started process (PID=7383) to work on /home/airflow/.local/lib/python3.12/site-packages/airflow/example_dags/tutorial_taskflow_api.py
[2025-09-29T15:47:13.576+0000] {processor.py:830} INFO - Processing file /home/airflow/.local/lib/python3.12/site-packages/airflow/example_dags/tutorial_taskflow_api.py for tasks to queue
[2025-09-29T15:47:13.581+0000] {logging_mixin.py:188} INFO - [2025-09-29T15:47:13.580+0000] {dagbag.py:545} INFO - Filling up the DagBag from /home/airflow/.local/lib/python3.12/site-packages/airflow/example_dags/tutorial_taskflow_api.py
[2025-09-29T15:47:13.597+0000] {processor.py:840} INFO - DAG(s) 'tutorial_taskflow_api' retrieved from /home/airflow/.local/lib/python3.12/site-packages/airflow/example_dags/tutorial_taskflow_api.py
[2025-09-29T15:47:13.654+0000] {logging_mixin.py:188} INFO - [2025-09-29T15:47:13.653+0000] {dag.py:3089} INFO - Sync 1 DAGs
[2025-09-29T15:47:13.684+0000] {logging_mixin.py:188} INFO - [2025-09-29T15:47:13.684+0000] {dag.py:3947} INFO - Setting next_dagrun for tutorial_taskflow_api to None, run_after=None
[2025-09-29T15:47:13.739+0000] {processor.py:183} INFO - Processing /home/airflow/.local/lib/python3.12/site-packages/airflow/example_dags/tutorial_taskflow_api.py took 0.182 seconds
[2025-09-29T15:47:45.088+0000] {processor.py:161} INFO - Started process (PID=7650) to work on /home/airflow/.local/lib/python3.12/site-packages/airflow/example_dags/tutorial_taskflow_api.py
[2025-09-29T15:47:45.090+0000] {processor.py:830} INFO - Processing file /home/airflow/.local/lib/python3.12/site-packages/airflow/example_dags/tutorial_taskflow_api.py for tasks to queue
[2025-09-29T15:47:45.094+0000] {logging_mixin.py:188} INFO - [2025-09-29T15:47:45.093+0000] {dagbag.py:545} INFO - Filling up the DagBag from /home/airflow/.local/lib/python3.12/site-packages/airflow/example_dags/tutorial_taskflow_api.py
[2025-09-29T15:47:45.112+0000] {processor.py:840} INFO - DAG(s) 'tutorial_taskflow_api' retrieved from /home/airflow/.local/lib/python3.12/site-packages/airflow/example_dags/tutorial_taskflow_api.py
[2025-09-29T15:47:45.170+0000] {logging_mixin.py:188} INFO - [2025-09-29T15:47:45.169+0000] {dag.py:3089} INFO - Sync 1 DAGs
[2025-09-29T15:47:45.200+0000] {logging_mixin.py:188} INFO - [2025-09-29T15:47:45.200+0000] {dag.py:3947} INFO - Setting next_dagrun for tutorial_taskflow_api to None, run_after=None
[2025-09-29T15:47:45.247+0000] {processor.py:183} INFO - Processing /home/airflow/.local/lib/python3.12/site-packages/airflow/example_dags/tutorial_taskflow_api.py took 0.174 seconds
[2025-09-29T15:48:16.590+0000] {processor.py:161} INFO - Started process (PID=7927) to work on /home/airflow/.local/lib/python3.12/site-packages/airflow/example_dags/tutorial_taskflow_api.py
[2025-09-29T15:48:16.593+0000] {processor.py:830} INFO - Processing file /home/airflow/.local/lib/python3.12/site-packages/airflow/example_dags/tutorial_taskflow_api.py for tasks to queue
[2025-09-29T15:48:16.597+0000] {logging_mixin.py:188} INFO - [2025-09-29T15:48:16.597+0000] {dagbag.py:545} INFO - Filling up the DagBag from /home/airflow/.local/lib/python3.12/site-packages/airflow/example_dags/tutorial_taskflow_api.py
[2025-09-29T15:48:16.613+0000] {processor.py:840} INFO - DAG(s) 'tutorial_taskflow_api' retrieved from /home/airflow/.local/lib/python3.12/site-packages/airflow/example_dags/tutorial_taskflow_api.py
[2025-09-29T15:48:16.672+0000] {logging_mixin.py:188} INFO - [2025-09-29T15:48:16.671+0000] {dag.py:3089} INFO - Sync 1 DAGs
[2025-09-29T15:48:16.713+0000] {logging_mixin.py:188} INFO - [2025-09-29T15:48:16.713+0000] {dag.py:3947} INFO - Setting next_dagrun for tutorial_taskflow_api to None, run_after=None
[2025-09-29T15:48:16.769+0000] {processor.py:183} INFO - Processing /home/airflow/.local/lib/python3.12/site-packages/airflow/example_dags/tutorial_taskflow_api.py took 0.193 seconds
[2025-09-29T15:48:47.495+0000] {processor.py:161} INFO - Started process (PID=8191) to work on /home/airflow/.local/lib/python3.12/site-packages/airflow/example_dags/tutorial_taskflow_api.py
[2025-09-29T15:48:47.498+0000] {processor.py:830} INFO - Processing file /home/airflow/.local/lib/python3.12/site-packages/airflow/example_dags/tutorial_taskflow_api.py for tasks to queue
[2025-09-29T15:48:47.504+0000] {logging_mixin.py:188} INFO - [2025-09-29T15:48:47.503+0000] {dagbag.py:545} INFO - Filling up the DagBag from /home/airflow/.local/lib/python3.12/site-packages/airflow/example_dags/tutorial_taskflow_api.py
[2025-09-29T15:48:47.526+0000] {processor.py:840} INFO - DAG(s) 'tutorial_taskflow_api' retrieved from /home/airflow/.local/lib/python3.12/site-packages/airflow/example_dags/tutorial_taskflow_api.py
[2025-09-29T15:48:47.616+0000] {logging_mixin.py:188} INFO - [2025-09-29T15:48:47.615+0000] {dag.py:3089} INFO - Sync 1 DAGs
[2025-09-29T15:48:47.647+0000] {logging_mixin.py:188} INFO - [2025-09-29T15:48:47.646+0000] {dag.py:3947} INFO - Setting next_dagrun for tutorial_taskflow_api to None, run_after=None
[2025-09-29T15:48:47.694+0000] {processor.py:183} INFO - Processing /home/airflow/.local/lib/python3.12/site-packages/airflow/example_dags/tutorial_taskflow_api.py took 0.217 seconds
[2025-09-29T15:49:18.000+0000] {processor.py:161} INFO - Started process (PID=8451) to work on /home/airflow/.local/lib/python3.12/site-packages/airflow/example_dags/tutorial_taskflow_api.py
[2025-09-29T15:49:18.002+0000] {processor.py:830} INFO - Processing file /home/airflow/.local/lib/python3.12/site-packages/airflow/example_dags/tutorial_taskflow_api.py for tasks to queue
[2025-09-29T15:49:18.007+0000] {logging_mixin.py:188} INFO - [2025-09-29T15:49:18.006+0000] {dagbag.py:545} INFO - Filling up the DagBag from /home/airflow/.local/lib/python3.12/site-packages/airflow/example_dags/tutorial_taskflow_api.py
[2025-09-29T15:49:18.024+0000] {processor.py:840} INFO - DAG(s) 'tutorial_taskflow_api' retrieved from /home/airflow/.local/lib/python3.12/site-packages/airflow/example_dags/tutorial_taskflow_api.py
[2025-09-29T15:49:18.081+0000] {logging_mixin.py:188} INFO - [2025-09-29T15:49:18.080+0000] {dag.py:3089} INFO - Sync 1 DAGs
[2025-09-29T15:49:18.111+0000] {logging_mixin.py:188} INFO - [2025-09-29T15:49:18.110+0000] {dag.py:3947} INFO - Setting next_dagrun for tutorial_taskflow_api to None, run_after=None
[2025-09-29T15:49:18.157+0000] {processor.py:183} INFO - Processing /home/airflow/.local/lib/python3.12/site-packages/airflow/example_dags/tutorial_taskflow_api.py took 0.171 seconds
[2025-09-29T15:49:49.735+0000] {processor.py:161} INFO - Started process (PID=8703) to work on /home/airflow/.local/lib/python3.12/site-packages/airflow/example_dags/tutorial_taskflow_api.py
[2025-09-29T15:49:49.756+0000] {processor.py:830} INFO - Processing file /home/airflow/.local/lib/python3.12/site-packages/airflow/example_dags/tutorial_taskflow_api.py for tasks to queue
[2025-09-29T15:49:49.764+0000] {logging_mixin.py:188} INFO - [2025-09-29T15:49:49.762+0000] {dagbag.py:545} INFO - Filling up the DagBag from /home/airflow/.local/lib/python3.12/site-packages/airflow/example_dags/tutorial_taskflow_api.py
[2025-09-29T15:49:49.781+0000] {processor.py:840} INFO - DAG(s) 'tutorial_taskflow_api' retrieved from /home/airflow/.local/lib/python3.12/site-packages/airflow/example_dags/tutorial_taskflow_api.py
[2025-09-29T15:49:49.848+0000] {logging_mixin.py:188} INFO - [2025-09-29T15:49:49.847+0000] {dag.py:3089} INFO - Sync 1 DAGs
[2025-09-29T15:49:49.885+0000] {logging_mixin.py:188} INFO - [2025-09-29T15:49:49.884+0000] {dag.py:3947} INFO - Setting next_dagrun for tutorial_taskflow_api to None, run_after=None
[2025-09-29T15:49:49.935+0000] {processor.py:183} INFO - Processing /home/airflow/.local/lib/python3.12/site-packages/airflow/example_dags/tutorial_taskflow_api.py took 0.215 seconds
[2025-09-29T15:50:20.702+0000] {processor.py:161} INFO - Started process (PID=8965) to work on /home/airflow/.local/lib/python3.12/site-packages/airflow/example_dags/tutorial_taskflow_api.py
[2025-09-29T15:50:20.705+0000] {processor.py:830} INFO - Processing file /home/airflow/.local/lib/python3.12/site-packages/airflow/example_dags/tutorial_taskflow_api.py for tasks to queue
[2025-09-29T15:50:20.709+0000] {logging_mixin.py:188} INFO - [2025-09-29T15:50:20.709+0000] {dagbag.py:545} INFO - Filling up the DagBag from /home/airflow/.local/lib/python3.12/site-packages/airflow/example_dags/tutorial_taskflow_api.py
[2025-09-29T15:50:20.725+0000] {processor.py:840} INFO - DAG(s) 'tutorial_taskflow_api' retrieved from /home/airflow/.local/lib/python3.12/site-packages/airflow/example_dags/tutorial_taskflow_api.py
[2025-09-29T15:50:20.780+0000] {logging_mixin.py:188} INFO - [2025-09-29T15:50:20.779+0000] {dag.py:3089} INFO - Sync 1 DAGs
[2025-09-29T15:50:20.813+0000] {logging_mixin.py:188} INFO - [2025-09-29T15:50:20.813+0000] {dag.py:3947} INFO - Setting next_dagrun for tutorial_taskflow_api to None, run_after=None
[2025-09-29T15:50:20.864+0000] {processor.py:183} INFO - Processing /home/airflow/.local/lib/python3.12/site-packages/airflow/example_dags/tutorial_taskflow_api.py took 0.176 seconds
[2025-09-29T15:50:51.309+0000] {processor.py:161} INFO - Started process (PID=9221) to work on /home/airflow/.local/lib/python3.12/site-packages/airflow/example_dags/tutorial_taskflow_api.py
[2025-09-29T15:50:51.312+0000] {processor.py:830} INFO - Processing file /home/airflow/.local/lib/python3.12/site-packages/airflow/example_dags/tutorial_taskflow_api.py for tasks to queue
[2025-09-29T15:50:51.316+0000] {logging_mixin.py:188} INFO - [2025-09-29T15:50:51.315+0000] {dagbag.py:545} INFO - Filling up the DagBag from /home/airflow/.local/lib/python3.12/site-packages/airflow/example_dags/tutorial_taskflow_api.py
[2025-09-29T15:50:51.332+0000] {processor.py:840} INFO - DAG(s) 'tutorial_taskflow_api' retrieved from /home/airflow/.local/lib/python3.12/site-packages/airflow/example_dags/tutorial_taskflow_api.py
[2025-09-29T15:50:51.389+0000] {logging_mixin.py:188} INFO - [2025-09-29T15:50:51.388+0000] {dag.py:3089} INFO - Sync 1 DAGs
[2025-09-29T15:50:51.420+0000] {logging_mixin.py:188} INFO - [2025-09-29T15:50:51.419+0000] {dag.py:3947} INFO - Setting next_dagrun for tutorial_taskflow_api to None, run_after=None
[2025-09-29T15:50:51.467+0000] {processor.py:183} INFO - Processing /home/airflow/.local/lib/python3.12/site-packages/airflow/example_dags/tutorial_taskflow_api.py took 0.173 seconds
[2025-09-29T15:51:21.716+0000] {processor.py:161} INFO - Started process (PID=9483) to work on /home/airflow/.local/lib/python3.12/site-packages/airflow/example_dags/tutorial_taskflow_api.py
[2025-09-29T15:51:21.719+0000] {processor.py:830} INFO - Processing file /home/airflow/.local/lib/python3.12/site-packages/airflow/example_dags/tutorial_taskflow_api.py for tasks to queue
[2025-09-29T15:51:21.723+0000] {logging_mixin.py:188} INFO - [2025-09-29T15:51:21.722+0000] {dagbag.py:545} INFO - Filling up the DagBag from /home/airflow/.local/lib/python3.12/site-packages/airflow/example_dags/tutorial_taskflow_api.py
[2025-09-29T15:51:21.739+0000] {processor.py:840} INFO - DAG(s) 'tutorial_taskflow_api' retrieved from /home/airflow/.local/lib/python3.12/site-packages/airflow/example_dags/tutorial_taskflow_api.py
[2025-09-29T15:51:21.792+0000] {logging_mixin.py:188} INFO - [2025-09-29T15:51:21.791+0000] {dag.py:3089} INFO - Sync 1 DAGs
[2025-09-29T15:51:21.822+0000] {logging_mixin.py:188} INFO - [2025-09-29T15:51:21.821+0000] {dag.py:3947} INFO - Setting next_dagrun for tutorial_taskflow_api to None, run_after=None
[2025-09-29T15:51:21.868+0000] {processor.py:183} INFO - Processing /home/airflow/.local/lib/python3.12/site-packages/airflow/example_dags/tutorial_taskflow_api.py took 0.167 seconds
[2025-09-29T15:51:53.106+0000] {processor.py:161} INFO - Started process (PID=9745) to work on /home/airflow/.local/lib/python3.12/site-packages/airflow/example_dags/tutorial_taskflow_api.py
[2025-09-29T15:51:53.109+0000] {processor.py:830} INFO - Processing file /home/airflow/.local/lib/python3.12/site-packages/airflow/example_dags/tutorial_taskflow_api.py for tasks to queue
[2025-09-29T15:51:53.113+0000] {logging_mixin.py:188} INFO - [2025-09-29T15:51:53.112+0000] {dagbag.py:545} INFO - Filling up the DagBag from /home/airflow/.local/lib/python3.12/site-packages/airflow/example_dags/tutorial_taskflow_api.py
[2025-09-29T15:51:53.128+0000] {processor.py:840} INFO - DAG(s) 'tutorial_taskflow_api' retrieved from /home/airflow/.local/lib/python3.12/site-packages/airflow/example_dags/tutorial_taskflow_api.py
[2025-09-29T15:51:53.183+0000] {logging_mixin.py:188} INFO - [2025-09-29T15:51:53.183+0000] {dag.py:3089} INFO - Sync 1 DAGs
[2025-09-29T15:51:53.216+0000] {logging_mixin.py:188} INFO - [2025-09-29T15:51:53.216+0000] {dag.py:3947} INFO - Setting next_dagrun for tutorial_taskflow_api to None, run_after=None
[2025-09-29T15:51:53.268+0000] {processor.py:183} INFO - Processing /home/airflow/.local/lib/python3.12/site-packages/airflow/example_dags/tutorial_taskflow_api.py took 0.176 seconds
[2025-09-29T15:52:23.842+0000] {processor.py:161} INFO - Started process (PID=10002) to work on /home/airflow/.local/lib/python3.12/site-packages/airflow/example_dags/tutorial_taskflow_api.py
[2025-09-29T15:52:23.845+0000] {processor.py:830} INFO - Processing file /home/airflow/.local/lib/python3.12/site-packages/airflow/example_dags/tutorial_taskflow_api.py for tasks to queue
[2025-09-29T15:52:23.849+0000] {logging_mixin.py:188} INFO - [2025-09-29T15:52:23.848+0000] {dagbag.py:545} INFO - Filling up the DagBag from /home/airflow/.local/lib/python3.12/site-packages/airflow/example_dags/tutorial_taskflow_api.py
[2025-09-29T15:52:23.865+0000] {processor.py:840} INFO - DAG(s) 'tutorial_taskflow_api' retrieved from /home/airflow/.local/lib/python3.12/site-packages/airflow/example_dags/tutorial_taskflow_api.py
[2025-09-29T15:52:23.926+0000] {logging_mixin.py:188} INFO - [2025-09-29T15:52:23.925+0000] {dag.py:3089} INFO - Sync 1 DAGs
[2025-09-29T15:52:23.961+0000] {logging_mixin.py:188} INFO - [2025-09-29T15:52:23.960+0000] {dag.py:3947} INFO - Setting next_dagrun for tutorial_taskflow_api to None, run_after=None
[2025-09-29T15:52:24.013+0000] {processor.py:183} INFO - Processing /home/airflow/.local/lib/python3.12/site-packages/airflow/example_dags/tutorial_taskflow_api.py took 0.185 seconds
[2025-09-29T15:52:54.858+0000] {processor.py:161} INFO - Started process (PID=10264) to work on /home/airflow/.local/lib/python3.12/site-packages/airflow/example_dags/tutorial_taskflow_api.py
[2025-09-29T15:52:54.861+0000] {processor.py:830} INFO - Processing file /home/airflow/.local/lib/python3.12/site-packages/airflow/example_dags/tutorial_taskflow_api.py for tasks to queue
[2025-09-29T15:52:54.868+0000] {logging_mixin.py:188} INFO - [2025-09-29T15:52:54.867+0000] {dagbag.py:545} INFO - Filling up the DagBag from /home/airflow/.local/lib/python3.12/site-packages/airflow/example_dags/tutorial_taskflow_api.py
[2025-09-29T15:52:54.889+0000] {processor.py:840} INFO - DAG(s) 'tutorial_taskflow_api' retrieved from /home/airflow/.local/lib/python3.12/site-packages/airflow/example_dags/tutorial_taskflow_api.py
[2025-09-29T15:52:54.951+0000] {logging_mixin.py:188} INFO - [2025-09-29T15:52:54.951+0000] {dag.py:3089} INFO - Sync 1 DAGs
[2025-09-29T15:52:54.984+0000] {logging_mixin.py:188} INFO - [2025-09-29T15:52:54.983+0000] {dag.py:3947} INFO - Setting next_dagrun for tutorial_taskflow_api to None, run_after=None
[2025-09-29T15:52:55.036+0000] {processor.py:183} INFO - Processing /home/airflow/.local/lib/python3.12/site-packages/airflow/example_dags/tutorial_taskflow_api.py took 0.193 seconds
[2025-09-29T15:53:25.731+0000] {processor.py:161} INFO - Started process (PID=10526) to work on /home/airflow/.local/lib/python3.12/site-packages/airflow/example_dags/tutorial_taskflow_api.py
[2025-09-29T15:53:25.734+0000] {processor.py:830} INFO - Processing file /home/airflow/.local/lib/python3.12/site-packages/airflow/example_dags/tutorial_taskflow_api.py for tasks to queue
[2025-09-29T15:53:25.738+0000] {logging_mixin.py:188} INFO - [2025-09-29T15:53:25.737+0000] {dagbag.py:545} INFO - Filling up the DagBag from /home/airflow/.local/lib/python3.12/site-packages/airflow/example_dags/tutorial_taskflow_api.py
[2025-09-29T15:53:25.754+0000] {processor.py:840} INFO - DAG(s) 'tutorial_taskflow_api' retrieved from /home/airflow/.local/lib/python3.12/site-packages/airflow/example_dags/tutorial_taskflow_api.py
[2025-09-29T15:53:25.812+0000] {logging_mixin.py:188} INFO - [2025-09-29T15:53:25.811+0000] {dag.py:3089} INFO - Sync 1 DAGs
[2025-09-29T15:53:25.842+0000] {logging_mixin.py:188} INFO - [2025-09-29T15:53:25.842+0000] {dag.py:3947} INFO - Setting next_dagrun for tutorial_taskflow_api to None, run_after=None
[2025-09-29T15:53:25.892+0000] {processor.py:183} INFO - Processing /home/airflow/.local/lib/python3.12/site-packages/airflow/example_dags/tutorial_taskflow_api.py took 0.175 seconds
[2025-09-29T15:53:55.189+0000] {processor.py:161} INFO - Started process (PID=10788) to work on /home/airflow/.local/lib/python3.12/site-packages/airflow/example_dags/tutorial_taskflow_api.py
[2025-09-29T15:53:55.192+0000] {processor.py:830} INFO - Processing file /home/airflow/.local/lib/python3.12/site-packages/airflow/example_dags/tutorial_taskflow_api.py for tasks to queue
[2025-09-29T15:53:55.197+0000] {logging_mixin.py:188} INFO - [2025-09-29T15:53:55.196+0000] {dagbag.py:545} INFO - Filling up the DagBag from /home/airflow/.local/lib/python3.12/site-packages/airflow/example_dags/tutorial_taskflow_api.py
[2025-09-29T15:53:55.213+0000] {processor.py:840} INFO - DAG(s) 'tutorial_taskflow_api' retrieved from /home/airflow/.local/lib/python3.12/site-packages/airflow/example_dags/tutorial_taskflow_api.py
[2025-09-29T15:53:55.279+0000] {logging_mixin.py:188} INFO - [2025-09-29T15:53:55.278+0000] {dag.py:3089} INFO - Sync 1 DAGs
[2025-09-29T15:53:55.312+0000] {logging_mixin.py:188} INFO - [2025-09-29T15:53:55.312+0000] {dag.py:3947} INFO - Setting next_dagrun for tutorial_taskflow_api to None, run_after=None
[2025-09-29T15:53:55.677+0000] {processor.py:183} INFO - Processing /home/airflow/.local/lib/python3.12/site-packages/airflow/example_dags/tutorial_taskflow_api.py took 0.503 seconds
[2025-09-29T15:54:26.018+0000] {processor.py:161} INFO - Started process (PID=11050) to work on /home/airflow/.local/lib/python3.12/site-packages/airflow/example_dags/tutorial_taskflow_api.py
[2025-09-29T15:54:26.021+0000] {processor.py:830} INFO - Processing file /home/airflow/.local/lib/python3.12/site-packages/airflow/example_dags/tutorial_taskflow_api.py for tasks to queue
[2025-09-29T15:54:26.026+0000] {logging_mixin.py:188} INFO - [2025-09-29T15:54:26.025+0000] {dagbag.py:545} INFO - Filling up the DagBag from /home/airflow/.local/lib/python3.12/site-packages/airflow/example_dags/tutorial_taskflow_api.py
[2025-09-29T15:54:26.040+0000] {processor.py:840} INFO - DAG(s) 'tutorial_taskflow_api' retrieved from /home/airflow/.local/lib/python3.12/site-packages/airflow/example_dags/tutorial_taskflow_api.py
[2025-09-29T15:54:26.095+0000] {logging_mixin.py:188} INFO - [2025-09-29T15:54:26.094+0000] {dag.py:3089} INFO - Sync 1 DAGs
[2025-09-29T15:54:26.124+0000] {logging_mixin.py:188} INFO - [2025-09-29T15:54:26.124+0000] {dag.py:3947} INFO - Setting next_dagrun for tutorial_taskflow_api to None, run_after=None
[2025-09-29T15:54:26.173+0000] {processor.py:183} INFO - Processing /home/airflow/.local/lib/python3.12/site-packages/airflow/example_dags/tutorial_taskflow_api.py took 0.170 seconds
[2025-09-29T15:54:57.093+0000] {processor.py:161} INFO - Started process (PID=11312) to work on /home/airflow/.local/lib/python3.12/site-packages/airflow/example_dags/tutorial_taskflow_api.py
[2025-09-29T15:54:57.096+0000] {processor.py:830} INFO - Processing file /home/airflow/.local/lib/python3.12/site-packages/airflow/example_dags/tutorial_taskflow_api.py for tasks to queue
[2025-09-29T15:54:57.100+0000] {logging_mixin.py:188} INFO - [2025-09-29T15:54:57.099+0000] {dagbag.py:545} INFO - Filling up the DagBag from /home/airflow/.local/lib/python3.12/site-packages/airflow/example_dags/tutorial_taskflow_api.py
[2025-09-29T15:54:57.115+0000] {processor.py:840} INFO - DAG(s) 'tutorial_taskflow_api' retrieved from /home/airflow/.local/lib/python3.12/site-packages/airflow/example_dags/tutorial_taskflow_api.py
[2025-09-29T15:54:57.171+0000] {logging_mixin.py:188} INFO - [2025-09-29T15:54:57.170+0000] {dag.py:3089} INFO - Sync 1 DAGs
[2025-09-29T15:54:57.199+0000] {logging_mixin.py:188} INFO - [2025-09-29T15:54:57.199+0000] {dag.py:3947} INFO - Setting next_dagrun for tutorial_taskflow_api to None, run_after=None
[2025-09-29T15:54:57.249+0000] {processor.py:183} INFO - Processing /home/airflow/.local/lib/python3.12/site-packages/airflow/example_dags/tutorial_taskflow_api.py took 0.171 seconds
[2025-09-29T15:55:28.367+0000] {processor.py:161} INFO - Started process (PID=11574) to work on /home/airflow/.local/lib/python3.12/site-packages/airflow/example_dags/tutorial_taskflow_api.py
[2025-09-29T15:55:28.370+0000] {processor.py:830} INFO - Processing file /home/airflow/.local/lib/python3.12/site-packages/airflow/example_dags/tutorial_taskflow_api.py for tasks to queue
[2025-09-29T15:55:28.374+0000] {logging_mixin.py:188} INFO - [2025-09-29T15:55:28.374+0000] {dagbag.py:545} INFO - Filling up the DagBag from /home/airflow/.local/lib/python3.12/site-packages/airflow/example_dags/tutorial_taskflow_api.py
[2025-09-29T15:55:28.390+0000] {processor.py:840} INFO - DAG(s) 'tutorial_taskflow_api' retrieved from /home/airflow/.local/lib/python3.12/site-packages/airflow/example_dags/tutorial_taskflow_api.py
[2025-09-29T15:55:28.452+0000] {logging_mixin.py:188} INFO - [2025-09-29T15:55:28.451+0000] {dag.py:3089} INFO - Sync 1 DAGs
[2025-09-29T15:55:28.484+0000] {logging_mixin.py:188} INFO - [2025-09-29T15:55:28.483+0000] {dag.py:3947} INFO - Setting next_dagrun for tutorial_taskflow_api to None, run_after=None
[2025-09-29T15:55:28.535+0000] {processor.py:183} INFO - Processing /home/airflow/.local/lib/python3.12/site-packages/airflow/example_dags/tutorial_taskflow_api.py took 0.184 seconds
[2025-09-29T15:55:58.765+0000] {processor.py:161} INFO - Started process (PID=11836) to work on /home/airflow/.local/lib/python3.12/site-packages/airflow/example_dags/tutorial_taskflow_api.py
[2025-09-29T15:55:58.767+0000] {processor.py:830} INFO - Processing file /home/airflow/.local/lib/python3.12/site-packages/airflow/example_dags/tutorial_taskflow_api.py for tasks to queue
[2025-09-29T15:55:58.771+0000] {logging_mixin.py:188} INFO - [2025-09-29T15:55:58.770+0000] {dagbag.py:545} INFO - Filling up the DagBag from /home/airflow/.local/lib/python3.12/site-packages/airflow/example_dags/tutorial_taskflow_api.py
[2025-09-29T15:55:58.785+0000] {processor.py:840} INFO - DAG(s) 'tutorial_taskflow_api' retrieved from /home/airflow/.local/lib/python3.12/site-packages/airflow/example_dags/tutorial_taskflow_api.py
[2025-09-29T15:55:58.847+0000] {logging_mixin.py:188} INFO - [2025-09-29T15:55:58.847+0000] {dag.py:3089} INFO - Sync 1 DAGs
[2025-09-29T15:55:58.884+0000] {logging_mixin.py:188} INFO - [2025-09-29T15:55:58.883+0000] {dag.py:3947} INFO - Setting next_dagrun for tutorial_taskflow_api to None, run_after=None
[2025-09-29T15:55:58.938+0000] {processor.py:183} INFO - Processing /home/airflow/.local/lib/python3.12/site-packages/airflow/example_dags/tutorial_taskflow_api.py took 0.189 seconds
[2025-09-29T15:56:29.053+0000] {processor.py:161} INFO - Started process (PID=12093) to work on /home/airflow/.local/lib/python3.12/site-packages/airflow/example_dags/tutorial_taskflow_api.py
[2025-09-29T15:56:29.056+0000] {processor.py:830} INFO - Processing file /home/airflow/.local/lib/python3.12/site-packages/airflow/example_dags/tutorial_taskflow_api.py for tasks to queue
[2025-09-29T15:56:29.060+0000] {logging_mixin.py:188} INFO - [2025-09-29T15:56:29.060+0000] {dagbag.py:545} INFO - Filling up the DagBag from /home/airflow/.local/lib/python3.12/site-packages/airflow/example_dags/tutorial_taskflow_api.py
[2025-09-29T15:56:29.076+0000] {processor.py:840} INFO - DAG(s) 'tutorial_taskflow_api' retrieved from /home/airflow/.local/lib/python3.12/site-packages/airflow/example_dags/tutorial_taskflow_api.py
[2025-09-29T15:56:29.132+0000] {logging_mixin.py:188} INFO - [2025-09-29T15:56:29.132+0000] {dag.py:3089} INFO - Sync 1 DAGs
[2025-09-29T15:56:29.165+0000] {logging_mixin.py:188} INFO - [2025-09-29T15:56:29.164+0000] {dag.py:3947} INFO - Setting next_dagrun for tutorial_taskflow_api to None, run_after=None
[2025-09-29T15:56:29.213+0000] {processor.py:183} INFO - Processing /home/airflow/.local/lib/python3.12/site-packages/airflow/example_dags/tutorial_taskflow_api.py took 0.175 seconds
[2025-09-29T15:56:59.858+0000] {processor.py:161} INFO - Started process (PID=12357) to work on /home/airflow/.local/lib/python3.12/site-packages/airflow/example_dags/tutorial_taskflow_api.py
[2025-09-29T15:56:59.860+0000] {processor.py:830} INFO - Processing file /home/airflow/.local/lib/python3.12/site-packages/airflow/example_dags/tutorial_taskflow_api.py for tasks to queue
[2025-09-29T15:56:59.866+0000] {logging_mixin.py:188} INFO - [2025-09-29T15:56:59.865+0000] {dagbag.py:545} INFO - Filling up the DagBag from /home/airflow/.local/lib/python3.12/site-packages/airflow/example_dags/tutorial_taskflow_api.py
[2025-09-29T15:56:59.883+0000] {processor.py:840} INFO - DAG(s) 'tutorial_taskflow_api' retrieved from /home/airflow/.local/lib/python3.12/site-packages/airflow/example_dags/tutorial_taskflow_api.py
[2025-09-29T15:56:59.939+0000] {logging_mixin.py:188} INFO - [2025-09-29T15:56:59.938+0000] {dag.py:3089} INFO - Sync 1 DAGs
[2025-09-29T15:56:59.969+0000] {logging_mixin.py:188} INFO - [2025-09-29T15:56:59.969+0000] {dag.py:3947} INFO - Setting next_dagrun for tutorial_taskflow_api to None, run_after=None
[2025-09-29T15:57:00.029+0000] {processor.py:183} INFO - Processing /home/airflow/.local/lib/python3.12/site-packages/airflow/example_dags/tutorial_taskflow_api.py took 0.187 seconds
[2025-09-29T15:57:31.166+0000] {processor.py:161} INFO - Started process (PID=12622) to work on /home/airflow/.local/lib/python3.12/site-packages/airflow/example_dags/tutorial_taskflow_api.py
[2025-09-29T15:57:31.170+0000] {processor.py:830} INFO - Processing file /home/airflow/.local/lib/python3.12/site-packages/airflow/example_dags/tutorial_taskflow_api.py for tasks to queue
[2025-09-29T15:57:31.175+0000] {logging_mixin.py:188} INFO - [2025-09-29T15:57:31.174+0000] {dagbag.py:545} INFO - Filling up the DagBag from /home/airflow/.local/lib/python3.12/site-packages/airflow/example_dags/tutorial_taskflow_api.py
[2025-09-29T15:57:31.193+0000] {processor.py:840} INFO - DAG(s) 'tutorial_taskflow_api' retrieved from /home/airflow/.local/lib/python3.12/site-packages/airflow/example_dags/tutorial_taskflow_api.py
[2025-09-29T15:57:31.254+0000] {logging_mixin.py:188} INFO - [2025-09-29T15:57:31.254+0000] {dag.py:3089} INFO - Sync 1 DAGs
[2025-09-29T15:57:31.284+0000] {logging_mixin.py:188} INFO - [2025-09-29T15:57:31.284+0000] {dag.py:3947} INFO - Setting next_dagrun for tutorial_taskflow_api to None, run_after=None
[2025-09-29T15:57:31.339+0000] {processor.py:183} INFO - Processing /home/airflow/.local/lib/python3.12/site-packages/airflow/example_dags/tutorial_taskflow_api.py took 0.190 seconds
[2025-09-29T15:58:01.966+0000] {processor.py:161} INFO - Started process (PID=12878) to work on /home/airflow/.local/lib/python3.12/site-packages/airflow/example_dags/tutorial_taskflow_api.py
[2025-09-29T15:58:01.968+0000] {processor.py:830} INFO - Processing file /home/airflow/.local/lib/python3.12/site-packages/airflow/example_dags/tutorial_taskflow_api.py for tasks to queue
[2025-09-29T15:58:01.972+0000] {logging_mixin.py:188} INFO - [2025-09-29T15:58:01.971+0000] {dagbag.py:545} INFO - Filling up the DagBag from /home/airflow/.local/lib/python3.12/site-packages/airflow/example_dags/tutorial_taskflow_api.py
[2025-09-29T15:58:01.988+0000] {processor.py:840} INFO - DAG(s) 'tutorial_taskflow_api' retrieved from /home/airflow/.local/lib/python3.12/site-packages/airflow/example_dags/tutorial_taskflow_api.py
[2025-09-29T15:58:02.042+0000] {logging_mixin.py:188} INFO - [2025-09-29T15:58:02.041+0000] {dag.py:3089} INFO - Sync 1 DAGs
[2025-09-29T15:58:02.070+0000] {logging_mixin.py:188} INFO - [2025-09-29T15:58:02.069+0000] {dag.py:3947} INFO - Setting next_dagrun for tutorial_taskflow_api to None, run_after=None
[2025-09-29T15:58:02.114+0000] {processor.py:183} INFO - Processing /home/airflow/.local/lib/python3.12/site-packages/airflow/example_dags/tutorial_taskflow_api.py took 0.163 seconds
[2025-09-29T15:58:32.373+0000] {processor.py:161} INFO - Started process (PID=13140) to work on /home/airflow/.local/lib/python3.12/site-packages/airflow/example_dags/tutorial_taskflow_api.py
[2025-09-29T15:58:32.376+0000] {processor.py:830} INFO - Processing file /home/airflow/.local/lib/python3.12/site-packages/airflow/example_dags/tutorial_taskflow_api.py for tasks to queue
[2025-09-29T15:58:32.380+0000] {logging_mixin.py:188} INFO - [2025-09-29T15:58:32.379+0000] {dagbag.py:545} INFO - Filling up the DagBag from /home/airflow/.local/lib/python3.12/site-packages/airflow/example_dags/tutorial_taskflow_api.py
[2025-09-29T15:58:32.397+0000] {processor.py:840} INFO - DAG(s) 'tutorial_taskflow_api' retrieved from /home/airflow/.local/lib/python3.12/site-packages/airflow/example_dags/tutorial_taskflow_api.py
[2025-09-29T15:58:32.454+0000] {logging_mixin.py:188} INFO - [2025-09-29T15:58:32.454+0000] {dag.py:3089} INFO - Sync 1 DAGs
[2025-09-29T15:58:32.483+0000] {logging_mixin.py:188} INFO - [2025-09-29T15:58:32.483+0000] {dag.py:3947} INFO - Setting next_dagrun for tutorial_taskflow_api to None, run_after=None
[2025-09-29T15:58:32.530+0000] {processor.py:183} INFO - Processing /home/airflow/.local/lib/python3.12/site-packages/airflow/example_dags/tutorial_taskflow_api.py took 0.173 seconds
[2025-09-29T15:59:03.427+0000] {processor.py:161} INFO - Started process (PID=13402) to work on /home/airflow/.local/lib/python3.12/site-packages/airflow/example_dags/tutorial_taskflow_api.py
[2025-09-29T15:59:03.430+0000] {processor.py:830} INFO - Processing file /home/airflow/.local/lib/python3.12/site-packages/airflow/example_dags/tutorial_taskflow_api.py for tasks to queue
[2025-09-29T15:59:03.434+0000] {logging_mixin.py:188} INFO - [2025-09-29T15:59:03.433+0000] {dagbag.py:545} INFO - Filling up the DagBag from /home/airflow/.local/lib/python3.12/site-packages/airflow/example_dags/tutorial_taskflow_api.py
[2025-09-29T15:59:03.448+0000] {processor.py:840} INFO - DAG(s) 'tutorial_taskflow_api' retrieved from /home/airflow/.local/lib/python3.12/site-packages/airflow/example_dags/tutorial_taskflow_api.py
[2025-09-29T15:59:03.501+0000] {logging_mixin.py:188} INFO - [2025-09-29T15:59:03.501+0000] {dag.py:3089} INFO - Sync 1 DAGs
[2025-09-29T15:59:03.530+0000] {logging_mixin.py:188} INFO - [2025-09-29T15:59:03.529+0000] {dag.py:3947} INFO - Setting next_dagrun for tutorial_taskflow_api to None, run_after=None
[2025-09-29T15:59:03.573+0000] {processor.py:183} INFO - Processing /home/airflow/.local/lib/python3.12/site-packages/airflow/example_dags/tutorial_taskflow_api.py took 0.161 seconds
[2025-09-29T15:59:34.152+0000] {processor.py:161} INFO - Started process (PID=13664) to work on /home/airflow/.local/lib/python3.12/site-packages/airflow/example_dags/tutorial_taskflow_api.py
[2025-09-29T15:59:34.155+0000] {processor.py:830} INFO - Processing file /home/airflow/.local/lib/python3.12/site-packages/airflow/example_dags/tutorial_taskflow_api.py for tasks to queue
[2025-09-29T15:59:34.159+0000] {logging_mixin.py:188} INFO - [2025-09-29T15:59:34.158+0000] {dagbag.py:545} INFO - Filling up the DagBag from /home/airflow/.local/lib/python3.12/site-packages/airflow/example_dags/tutorial_taskflow_api.py
[2025-09-29T15:59:34.174+0000] {processor.py:840} INFO - DAG(s) 'tutorial_taskflow_api' retrieved from /home/airflow/.local/lib/python3.12/site-packages/airflow/example_dags/tutorial_taskflow_api.py
[2025-09-29T15:59:34.230+0000] {logging_mixin.py:188} INFO - [2025-09-29T15:59:34.229+0000] {dag.py:3089} INFO - Sync 1 DAGs
[2025-09-29T15:59:34.259+0000] {logging_mixin.py:188} INFO - [2025-09-29T15:59:34.258+0000] {dag.py:3947} INFO - Setting next_dagrun for tutorial_taskflow_api to None, run_after=None
[2025-09-29T15:59:34.308+0000] {processor.py:183} INFO - Processing /home/airflow/.local/lib/python3.12/site-packages/airflow/example_dags/tutorial_taskflow_api.py took 0.170 seconds
[2025-09-29T16:00:04.695+0000] {processor.py:161} INFO - Started process (PID=13926) to work on /home/airflow/.local/lib/python3.12/site-packages/airflow/example_dags/tutorial_taskflow_api.py
[2025-09-29T16:00:04.698+0000] {processor.py:830} INFO - Processing file /home/airflow/.local/lib/python3.12/site-packages/airflow/example_dags/tutorial_taskflow_api.py for tasks to queue
[2025-09-29T16:00:04.702+0000] {logging_mixin.py:188} INFO - [2025-09-29T16:00:04.701+0000] {dagbag.py:545} INFO - Filling up the DagBag from /home/airflow/.local/lib/python3.12/site-packages/airflow/example_dags/tutorial_taskflow_api.py
[2025-09-29T16:00:04.716+0000] {processor.py:840} INFO - DAG(s) 'tutorial_taskflow_api' retrieved from /home/airflow/.local/lib/python3.12/site-packages/airflow/example_dags/tutorial_taskflow_api.py
[2025-09-29T16:00:04.772+0000] {logging_mixin.py:188} INFO - [2025-09-29T16:00:04.771+0000] {dag.py:3089} INFO - Sync 1 DAGs
[2025-09-29T16:00:04.801+0000] {logging_mixin.py:188} INFO - [2025-09-29T16:00:04.801+0000] {dag.py:3947} INFO - Setting next_dagrun for tutorial_taskflow_api to None, run_after=None
[2025-09-29T16:00:04.849+0000] {processor.py:183} INFO - Processing /home/airflow/.local/lib/python3.12/site-packages/airflow/example_dags/tutorial_taskflow_api.py took 0.168 seconds
[2025-09-29T16:00:35.027+0000] {processor.py:161} INFO - Started process (PID=14188) to work on /home/airflow/.local/lib/python3.12/site-packages/airflow/example_dags/tutorial_taskflow_api.py
[2025-09-29T16:00:35.030+0000] {processor.py:830} INFO - Processing file /home/airflow/.local/lib/python3.12/site-packages/airflow/example_dags/tutorial_taskflow_api.py for tasks to queue
[2025-09-29T16:00:35.035+0000] {logging_mixin.py:188} INFO - [2025-09-29T16:00:35.034+0000] {dagbag.py:545} INFO - Filling up the DagBag from /home/airflow/.local/lib/python3.12/site-packages/airflow/example_dags/tutorial_taskflow_api.py
[2025-09-29T16:00:35.051+0000] {processor.py:840} INFO - DAG(s) 'tutorial_taskflow_api' retrieved from /home/airflow/.local/lib/python3.12/site-packages/airflow/example_dags/tutorial_taskflow_api.py
[2025-09-29T16:00:35.107+0000] {logging_mixin.py:188} INFO - [2025-09-29T16:00:35.106+0000] {dag.py:3089} INFO - Sync 1 DAGs
[2025-09-29T16:00:35.135+0000] {logging_mixin.py:188} INFO - [2025-09-29T16:00:35.134+0000] {dag.py:3947} INFO - Setting next_dagrun for tutorial_taskflow_api to None, run_after=None
[2025-09-29T16:00:35.181+0000] {processor.py:183} INFO - Processing /home/airflow/.local/lib/python3.12/site-packages/airflow/example_dags/tutorial_taskflow_api.py took 0.168 seconds
[2025-09-29T16:01:06.036+0000] {processor.py:161} INFO - Started process (PID=14450) to work on /home/airflow/.local/lib/python3.12/site-packages/airflow/example_dags/tutorial_taskflow_api.py
[2025-09-29T16:01:06.039+0000] {processor.py:830} INFO - Processing file /home/airflow/.local/lib/python3.12/site-packages/airflow/example_dags/tutorial_taskflow_api.py for tasks to queue
[2025-09-29T16:01:06.044+0000] {logging_mixin.py:188} INFO - [2025-09-29T16:01:06.043+0000] {dagbag.py:545} INFO - Filling up the DagBag from /home/airflow/.local/lib/python3.12/site-packages/airflow/example_dags/tutorial_taskflow_api.py
[2025-09-29T16:01:06.063+0000] {processor.py:840} INFO - DAG(s) 'tutorial_taskflow_api' retrieved from /home/airflow/.local/lib/python3.12/site-packages/airflow/example_dags/tutorial_taskflow_api.py
[2025-09-29T16:01:06.125+0000] {logging_mixin.py:188} INFO - [2025-09-29T16:01:06.124+0000] {dag.py:3089} INFO - Sync 1 DAGs
[2025-09-29T16:01:06.157+0000] {logging_mixin.py:188} INFO - [2025-09-29T16:01:06.156+0000] {dag.py:3947} INFO - Setting next_dagrun for tutorial_taskflow_api to None, run_after=None
[2025-09-29T16:01:06.210+0000] {processor.py:183} INFO - Processing /home/airflow/.local/lib/python3.12/site-packages/airflow/example_dags/tutorial_taskflow_api.py took 0.192 seconds
[2025-09-29T16:01:36.334+0000] {processor.py:161} INFO - Started process (PID=14709) to work on /home/airflow/.local/lib/python3.12/site-packages/airflow/example_dags/tutorial_taskflow_api.py
[2025-09-29T16:01:36.337+0000] {processor.py:830} INFO - Processing file /home/airflow/.local/lib/python3.12/site-packages/airflow/example_dags/tutorial_taskflow_api.py for tasks to queue
[2025-09-29T16:01:36.341+0000] {logging_mixin.py:188} INFO - [2025-09-29T16:01:36.341+0000] {dagbag.py:545} INFO - Filling up the DagBag from /home/airflow/.local/lib/python3.12/site-packages/airflow/example_dags/tutorial_taskflow_api.py
[2025-09-29T16:01:36.356+0000] {processor.py:840} INFO - DAG(s) 'tutorial_taskflow_api' retrieved from /home/airflow/.local/lib/python3.12/site-packages/airflow/example_dags/tutorial_taskflow_api.py
[2025-09-29T16:01:36.410+0000] {logging_mixin.py:188} INFO - [2025-09-29T16:01:36.410+0000] {dag.py:3089} INFO - Sync 1 DAGs
[2025-09-29T16:01:36.439+0000] {logging_mixin.py:188} INFO - [2025-09-29T16:01:36.438+0000] {dag.py:3947} INFO - Setting next_dagrun for tutorial_taskflow_api to None, run_after=None
[2025-09-29T16:01:36.484+0000] {processor.py:183} INFO - Processing /home/airflow/.local/lib/python3.12/site-packages/airflow/example_dags/tutorial_taskflow_api.py took 0.165 seconds
[2025-09-29T16:02:06.614+0000] {processor.py:161} INFO - Started process (PID=14971) to work on /home/airflow/.local/lib/python3.12/site-packages/airflow/example_dags/tutorial_taskflow_api.py
[2025-09-29T16:02:06.617+0000] {processor.py:830} INFO - Processing file /home/airflow/.local/lib/python3.12/site-packages/airflow/example_dags/tutorial_taskflow_api.py for tasks to queue
[2025-09-29T16:02:06.621+0000] {logging_mixin.py:188} INFO - [2025-09-29T16:02:06.620+0000] {dagbag.py:545} INFO - Filling up the DagBag from /home/airflow/.local/lib/python3.12/site-packages/airflow/example_dags/tutorial_taskflow_api.py
[2025-09-29T16:02:06.636+0000] {processor.py:840} INFO - DAG(s) 'tutorial_taskflow_api' retrieved from /home/airflow/.local/lib/python3.12/site-packages/airflow/example_dags/tutorial_taskflow_api.py
[2025-09-29T16:02:06.693+0000] {logging_mixin.py:188} INFO - [2025-09-29T16:02:06.692+0000] {dag.py:3089} INFO - Sync 1 DAGs
[2025-09-29T16:02:06.725+0000] {logging_mixin.py:188} INFO - [2025-09-29T16:02:06.724+0000] {dag.py:3947} INFO - Setting next_dagrun for tutorial_taskflow_api to None, run_after=None
[2025-09-29T16:02:06.777+0000] {processor.py:183} INFO - Processing /home/airflow/.local/lib/python3.12/site-packages/airflow/example_dags/tutorial_taskflow_api.py took 0.178 seconds
[2025-09-29T16:02:37.268+0000] {processor.py:161} INFO - Started process (PID=15233) to work on /home/airflow/.local/lib/python3.12/site-packages/airflow/example_dags/tutorial_taskflow_api.py
[2025-09-29T16:02:37.272+0000] {processor.py:830} INFO - Processing file /home/airflow/.local/lib/python3.12/site-packages/airflow/example_dags/tutorial_taskflow_api.py for tasks to queue
[2025-09-29T16:02:37.276+0000] {logging_mixin.py:188} INFO - [2025-09-29T16:02:37.276+0000] {dagbag.py:545} INFO - Filling up the DagBag from /home/airflow/.local/lib/python3.12/site-packages/airflow/example_dags/tutorial_taskflow_api.py
[2025-09-29T16:02:37.294+0000] {processor.py:840} INFO - DAG(s) 'tutorial_taskflow_api' retrieved from /home/airflow/.local/lib/python3.12/site-packages/airflow/example_dags/tutorial_taskflow_api.py
[2025-09-29T16:02:37.357+0000] {logging_mixin.py:188} INFO - [2025-09-29T16:02:37.357+0000] {dag.py:3089} INFO - Sync 1 DAGs
[2025-09-29T16:02:37.387+0000] {logging_mixin.py:188} INFO - [2025-09-29T16:02:37.387+0000] {dag.py:3947} INFO - Setting next_dagrun for tutorial_taskflow_api to None, run_after=None
[2025-09-29T16:02:37.444+0000] {processor.py:183} INFO - Processing /home/airflow/.local/lib/python3.12/site-packages/airflow/example_dags/tutorial_taskflow_api.py took 0.192 seconds
[2025-09-29T16:03:07.849+0000] {processor.py:161} INFO - Started process (PID=15495) to work on /home/airflow/.local/lib/python3.12/site-packages/airflow/example_dags/tutorial_taskflow_api.py
[2025-09-29T16:03:07.852+0000] {processor.py:830} INFO - Processing file /home/airflow/.local/lib/python3.12/site-packages/airflow/example_dags/tutorial_taskflow_api.py for tasks to queue
[2025-09-29T16:03:07.856+0000] {logging_mixin.py:188} INFO - [2025-09-29T16:03:07.856+0000] {dagbag.py:545} INFO - Filling up the DagBag from /home/airflow/.local/lib/python3.12/site-packages/airflow/example_dags/tutorial_taskflow_api.py
[2025-09-29T16:03:07.873+0000] {processor.py:840} INFO - DAG(s) 'tutorial_taskflow_api' retrieved from /home/airflow/.local/lib/python3.12/site-packages/airflow/example_dags/tutorial_taskflow_api.py
[2025-09-29T16:03:07.929+0000] {logging_mixin.py:188} INFO - [2025-09-29T16:03:07.928+0000] {dag.py:3089} INFO - Sync 1 DAGs
[2025-09-29T16:03:07.958+0000] {logging_mixin.py:188} INFO - [2025-09-29T16:03:07.957+0000] {dag.py:3947} INFO - Setting next_dagrun for tutorial_taskflow_api to None, run_after=None
[2025-09-29T16:03:08.010+0000] {processor.py:183} INFO - Processing /home/airflow/.local/lib/python3.12/site-packages/airflow/example_dags/tutorial_taskflow_api.py took 0.178 seconds
[2025-09-29T16:03:38.673+0000] {processor.py:161} INFO - Started process (PID=15757) to work on /home/airflow/.local/lib/python3.12/site-packages/airflow/example_dags/tutorial_taskflow_api.py
[2025-09-29T16:03:38.677+0000] {processor.py:830} INFO - Processing file /home/airflow/.local/lib/python3.12/site-packages/airflow/example_dags/tutorial_taskflow_api.py for tasks to queue
[2025-09-29T16:03:38.682+0000] {logging_mixin.py:188} INFO - [2025-09-29T16:03:38.681+0000] {dagbag.py:545} INFO - Filling up the DagBag from /home/airflow/.local/lib/python3.12/site-packages/airflow/example_dags/tutorial_taskflow_api.py
[2025-09-29T16:03:38.708+0000] {processor.py:840} INFO - DAG(s) 'tutorial_taskflow_api' retrieved from /home/airflow/.local/lib/python3.12/site-packages/airflow/example_dags/tutorial_taskflow_api.py
[2025-09-29T16:03:38.792+0000] {logging_mixin.py:188} INFO - [2025-09-29T16:03:38.792+0000] {dag.py:3089} INFO - Sync 1 DAGs
[2025-09-29T16:03:38.822+0000] {logging_mixin.py:188} INFO - [2025-09-29T16:03:38.822+0000] {dag.py:3947} INFO - Setting next_dagrun for tutorial_taskflow_api to None, run_after=None
[2025-09-29T16:03:38.873+0000] {processor.py:183} INFO - Processing /home/airflow/.local/lib/python3.12/site-packages/airflow/example_dags/tutorial_taskflow_api.py took 0.221 seconds
[2025-09-29T16:04:09.119+0000] {processor.py:161} INFO - Started process (PID=16019) to work on /home/airflow/.local/lib/python3.12/site-packages/airflow/example_dags/tutorial_taskflow_api.py
[2025-09-29T16:04:09.121+0000] {processor.py:830} INFO - Processing file /home/airflow/.local/lib/python3.12/site-packages/airflow/example_dags/tutorial_taskflow_api.py for tasks to queue
[2025-09-29T16:04:09.125+0000] {logging_mixin.py:188} INFO - [2025-09-29T16:04:09.124+0000] {dagbag.py:545} INFO - Filling up the DagBag from /home/airflow/.local/lib/python3.12/site-packages/airflow/example_dags/tutorial_taskflow_api.py
[2025-09-29T16:04:09.140+0000] {processor.py:840} INFO - DAG(s) 'tutorial_taskflow_api' retrieved from /home/airflow/.local/lib/python3.12/site-packages/airflow/example_dags/tutorial_taskflow_api.py
[2025-09-29T16:04:09.195+0000] {logging_mixin.py:188} INFO - [2025-09-29T16:04:09.195+0000] {dag.py:3089} INFO - Sync 1 DAGs
[2025-09-29T16:04:09.223+0000] {logging_mixin.py:188} INFO - [2025-09-29T16:04:09.223+0000] {dag.py:3947} INFO - Setting next_dagrun for tutorial_taskflow_api to None, run_after=None
[2025-09-29T16:04:09.269+0000] {processor.py:183} INFO - Processing /home/airflow/.local/lib/python3.12/site-packages/airflow/example_dags/tutorial_taskflow_api.py took 0.165 seconds
[2025-09-29T16:04:39.555+0000] {processor.py:161} INFO - Started process (PID=16279) to work on /home/airflow/.local/lib/python3.12/site-packages/airflow/example_dags/tutorial_taskflow_api.py
[2025-09-29T16:04:39.558+0000] {processor.py:830} INFO - Processing file /home/airflow/.local/lib/python3.12/site-packages/airflow/example_dags/tutorial_taskflow_api.py for tasks to queue
[2025-09-29T16:04:39.562+0000] {logging_mixin.py:188} INFO - [2025-09-29T16:04:39.561+0000] {dagbag.py:545} INFO - Filling up the DagBag from /home/airflow/.local/lib/python3.12/site-packages/airflow/example_dags/tutorial_taskflow_api.py
[2025-09-29T16:04:39.578+0000] {processor.py:840} INFO - DAG(s) 'tutorial_taskflow_api' retrieved from /home/airflow/.local/lib/python3.12/site-packages/airflow/example_dags/tutorial_taskflow_api.py
[2025-09-29T16:04:39.630+0000] {logging_mixin.py:188} INFO - [2025-09-29T16:04:39.629+0000] {dag.py:3089} INFO - Sync 1 DAGs
[2025-09-29T16:04:39.658+0000] {logging_mixin.py:188} INFO - [2025-09-29T16:04:39.657+0000] {dag.py:3947} INFO - Setting next_dagrun for tutorial_taskflow_api to None, run_after=None
[2025-09-29T16:04:39.705+0000] {processor.py:183} INFO - Processing /home/airflow/.local/lib/python3.12/site-packages/airflow/example_dags/tutorial_taskflow_api.py took 0.166 seconds
[2025-09-29T16:05:10.074+0000] {processor.py:161} INFO - Started process (PID=16536) to work on /home/airflow/.local/lib/python3.12/site-packages/airflow/example_dags/tutorial_taskflow_api.py
[2025-09-29T16:05:10.077+0000] {processor.py:830} INFO - Processing file /home/airflow/.local/lib/python3.12/site-packages/airflow/example_dags/tutorial_taskflow_api.py for tasks to queue
[2025-09-29T16:05:10.081+0000] {logging_mixin.py:188} INFO - [2025-09-29T16:05:10.080+0000] {dagbag.py:545} INFO - Filling up the DagBag from /home/airflow/.local/lib/python3.12/site-packages/airflow/example_dags/tutorial_taskflow_api.py
[2025-09-29T16:05:10.097+0000] {processor.py:840} INFO - DAG(s) 'tutorial_taskflow_api' retrieved from /home/airflow/.local/lib/python3.12/site-packages/airflow/example_dags/tutorial_taskflow_api.py
[2025-09-29T16:05:10.160+0000] {logging_mixin.py:188} INFO - [2025-09-29T16:05:10.159+0000] {dag.py:3089} INFO - Sync 1 DAGs
[2025-09-29T16:05:10.191+0000] {logging_mixin.py:188} INFO - [2025-09-29T16:05:10.191+0000] {dag.py:3947} INFO - Setting next_dagrun for tutorial_taskflow_api to None, run_after=None
[2025-09-29T16:05:10.241+0000] {processor.py:183} INFO - Processing /home/airflow/.local/lib/python3.12/site-packages/airflow/example_dags/tutorial_taskflow_api.py took 0.183 seconds
[2025-09-29T16:05:40.656+0000] {processor.py:161} INFO - Started process (PID=16798) to work on /home/airflow/.local/lib/python3.12/site-packages/airflow/example_dags/tutorial_taskflow_api.py
[2025-09-29T16:05:40.659+0000] {processor.py:830} INFO - Processing file /home/airflow/.local/lib/python3.12/site-packages/airflow/example_dags/tutorial_taskflow_api.py for tasks to queue
[2025-09-29T16:05:40.663+0000] {logging_mixin.py:188} INFO - [2025-09-29T16:05:40.662+0000] {dagbag.py:545} INFO - Filling up the DagBag from /home/airflow/.local/lib/python3.12/site-packages/airflow/example_dags/tutorial_taskflow_api.py
[2025-09-29T16:05:40.679+0000] {processor.py:840} INFO - DAG(s) 'tutorial_taskflow_api' retrieved from /home/airflow/.local/lib/python3.12/site-packages/airflow/example_dags/tutorial_taskflow_api.py
[2025-09-29T16:05:40.736+0000] {logging_mixin.py:188} INFO - [2025-09-29T16:05:40.735+0000] {dag.py:3089} INFO - Sync 1 DAGs
[2025-09-29T16:05:40.765+0000] {logging_mixin.py:188} INFO - [2025-09-29T16:05:40.764+0000] {dag.py:3947} INFO - Setting next_dagrun for tutorial_taskflow_api to None, run_after=None
[2025-09-29T16:05:40.811+0000] {processor.py:183} INFO - Processing /home/airflow/.local/lib/python3.12/site-packages/airflow/example_dags/tutorial_taskflow_api.py took 0.171 seconds
[2025-09-29T16:06:11.243+0000] {processor.py:161} INFO - Started process (PID=17062) to work on /home/airflow/.local/lib/python3.12/site-packages/airflow/example_dags/tutorial_taskflow_api.py
[2025-09-29T16:06:11.247+0000] {processor.py:830} INFO - Processing file /home/airflow/.local/lib/python3.12/site-packages/airflow/example_dags/tutorial_taskflow_api.py for tasks to queue
[2025-09-29T16:06:11.253+0000] {logging_mixin.py:188} INFO - [2025-09-29T16:06:11.252+0000] {dagbag.py:545} INFO - Filling up the DagBag from /home/airflow/.local/lib/python3.12/site-packages/airflow/example_dags/tutorial_taskflow_api.py
[2025-09-29T16:06:11.277+0000] {processor.py:840} INFO - DAG(s) 'tutorial_taskflow_api' retrieved from /home/airflow/.local/lib/python3.12/site-packages/airflow/example_dags/tutorial_taskflow_api.py
[2025-09-29T16:06:11.349+0000] {logging_mixin.py:188} INFO - [2025-09-29T16:06:11.348+0000] {dag.py:3089} INFO - Sync 1 DAGs
[2025-09-29T16:06:11.406+0000] {logging_mixin.py:188} INFO - [2025-09-29T16:06:11.405+0000] {dag.py:3947} INFO - Setting next_dagrun for tutorial_taskflow_api to None, run_after=None
[2025-09-29T16:06:11.476+0000] {processor.py:183} INFO - Processing /home/airflow/.local/lib/python3.12/site-packages/airflow/example_dags/tutorial_taskflow_api.py took 0.253 seconds
[2025-09-29T16:06:42.211+0000] {processor.py:161} INFO - Started process (PID=17324) to work on /home/airflow/.local/lib/python3.12/site-packages/airflow/example_dags/tutorial_taskflow_api.py
[2025-09-29T16:06:42.213+0000] {processor.py:830} INFO - Processing file /home/airflow/.local/lib/python3.12/site-packages/airflow/example_dags/tutorial_taskflow_api.py for tasks to queue
[2025-09-29T16:06:42.217+0000] {logging_mixin.py:188} INFO - [2025-09-29T16:06:42.216+0000] {dagbag.py:545} INFO - Filling up the DagBag from /home/airflow/.local/lib/python3.12/site-packages/airflow/example_dags/tutorial_taskflow_api.py
[2025-09-29T16:06:42.233+0000] {processor.py:840} INFO - DAG(s) 'tutorial_taskflow_api' retrieved from /home/airflow/.local/lib/python3.12/site-packages/airflow/example_dags/tutorial_taskflow_api.py
[2025-09-29T16:06:42.290+0000] {logging_mixin.py:188} INFO - [2025-09-29T16:06:42.289+0000] {dag.py:3089} INFO - Sync 1 DAGs
[2025-09-29T16:06:42.319+0000] {logging_mixin.py:188} INFO - [2025-09-29T16:06:42.319+0000] {dag.py:3947} INFO - Setting next_dagrun for tutorial_taskflow_api to None, run_after=None
[2025-09-29T16:06:42.365+0000] {processor.py:183} INFO - Processing /home/airflow/.local/lib/python3.12/site-packages/airflow/example_dags/tutorial_taskflow_api.py took 0.168 seconds
[2025-09-29T16:07:11.638+0000] {processor.py:161} INFO - Started process (PID=17589) to work on /home/airflow/.local/lib/python3.12/site-packages/airflow/example_dags/tutorial_taskflow_api.py
[2025-09-29T16:07:11.643+0000] {processor.py:830} INFO - Processing file /home/airflow/.local/lib/python3.12/site-packages/airflow/example_dags/tutorial_taskflow_api.py for tasks to queue
[2025-09-29T16:07:11.648+0000] {logging_mixin.py:188} INFO - [2025-09-29T16:07:11.647+0000] {dagbag.py:545} INFO - Filling up the DagBag from /home/airflow/.local/lib/python3.12/site-packages/airflow/example_dags/tutorial_taskflow_api.py
[2025-09-29T16:07:11.665+0000] {processor.py:840} INFO - DAG(s) 'tutorial_taskflow_api' retrieved from /home/airflow/.local/lib/python3.12/site-packages/airflow/example_dags/tutorial_taskflow_api.py
[2025-09-29T16:07:11.724+0000] {logging_mixin.py:188} INFO - [2025-09-29T16:07:11.723+0000] {dag.py:3089} INFO - Sync 1 DAGs
[2025-09-29T16:07:11.753+0000] {logging_mixin.py:188} INFO - [2025-09-29T16:07:11.753+0000] {dag.py:3947} INFO - Setting next_dagrun for tutorial_taskflow_api to None, run_after=None
[2025-09-29T16:07:11.803+0000] {processor.py:183} INFO - Processing /home/airflow/.local/lib/python3.12/site-packages/airflow/example_dags/tutorial_taskflow_api.py took 0.181 seconds
[2025-09-29T16:07:42.836+0000] {processor.py:161} INFO - Started process (PID=17825) to work on /home/airflow/.local/lib/python3.12/site-packages/airflow/example_dags/tutorial_taskflow_api.py
[2025-09-29T16:07:42.839+0000] {processor.py:830} INFO - Processing file /home/airflow/.local/lib/python3.12/site-packages/airflow/example_dags/tutorial_taskflow_api.py for tasks to queue
[2025-09-29T16:07:42.844+0000] {logging_mixin.py:188} INFO - [2025-09-29T16:07:42.843+0000] {dagbag.py:545} INFO - Filling up the DagBag from /home/airflow/.local/lib/python3.12/site-packages/airflow/example_dags/tutorial_taskflow_api.py
[2025-09-29T16:07:42.861+0000] {processor.py:840} INFO - DAG(s) 'tutorial_taskflow_api' retrieved from /home/airflow/.local/lib/python3.12/site-packages/airflow/example_dags/tutorial_taskflow_api.py
[2025-09-29T16:07:42.915+0000] {logging_mixin.py:188} INFO - [2025-09-29T16:07:42.914+0000] {dag.py:3089} INFO - Sync 1 DAGs
[2025-09-29T16:07:42.952+0000] {logging_mixin.py:188} INFO - [2025-09-29T16:07:42.951+0000] {dag.py:3947} INFO - Setting next_dagrun for tutorial_taskflow_api to None, run_after=None
[2025-09-29T16:07:43.003+0000] {processor.py:183} INFO - Processing /home/airflow/.local/lib/python3.12/site-packages/airflow/example_dags/tutorial_taskflow_api.py took 0.183 seconds
[2025-09-29T16:08:13.184+0000] {processor.py:161} INFO - Started process (PID=18087) to work on /home/airflow/.local/lib/python3.12/site-packages/airflow/example_dags/tutorial_taskflow_api.py
[2025-09-29T16:08:13.187+0000] {processor.py:830} INFO - Processing file /home/airflow/.local/lib/python3.12/site-packages/airflow/example_dags/tutorial_taskflow_api.py for tasks to queue
[2025-09-29T16:08:13.191+0000] {logging_mixin.py:188} INFO - [2025-09-29T16:08:13.190+0000] {dagbag.py:545} INFO - Filling up the DagBag from /home/airflow/.local/lib/python3.12/site-packages/airflow/example_dags/tutorial_taskflow_api.py
[2025-09-29T16:08:13.206+0000] {processor.py:840} INFO - DAG(s) 'tutorial_taskflow_api' retrieved from /home/airflow/.local/lib/python3.12/site-packages/airflow/example_dags/tutorial_taskflow_api.py
[2025-09-29T16:08:13.261+0000] {logging_mixin.py:188} INFO - [2025-09-29T16:08:13.261+0000] {dag.py:3089} INFO - Sync 1 DAGs
[2025-09-29T16:08:13.291+0000] {logging_mixin.py:188} INFO - [2025-09-29T16:08:13.290+0000] {dag.py:3947} INFO - Setting next_dagrun for tutorial_taskflow_api to None, run_after=None
[2025-09-29T16:08:13.343+0000] {processor.py:183} INFO - Processing /home/airflow/.local/lib/python3.12/site-packages/airflow/example_dags/tutorial_taskflow_api.py took 0.175 seconds
[2025-09-29T16:08:43.598+0000] {processor.py:161} INFO - Started process (PID=18349) to work on /home/airflow/.local/lib/python3.12/site-packages/airflow/example_dags/tutorial_taskflow_api.py
[2025-09-29T16:08:43.600+0000] {processor.py:830} INFO - Processing file /home/airflow/.local/lib/python3.12/site-packages/airflow/example_dags/tutorial_taskflow_api.py for tasks to queue
[2025-09-29T16:08:43.604+0000] {logging_mixin.py:188} INFO - [2025-09-29T16:08:43.604+0000] {dagbag.py:545} INFO - Filling up the DagBag from /home/airflow/.local/lib/python3.12/site-packages/airflow/example_dags/tutorial_taskflow_api.py
[2025-09-29T16:08:43.620+0000] {processor.py:840} INFO - DAG(s) 'tutorial_taskflow_api' retrieved from /home/airflow/.local/lib/python3.12/site-packages/airflow/example_dags/tutorial_taskflow_api.py
[2025-09-29T16:08:43.673+0000] {logging_mixin.py:188} INFO - [2025-09-29T16:08:43.673+0000] {dag.py:3089} INFO - Sync 1 DAGs
[2025-09-29T16:08:43.710+0000] {logging_mixin.py:188} INFO - [2025-09-29T16:08:43.709+0000] {dag.py:3947} INFO - Setting next_dagrun for tutorial_taskflow_api to None, run_after=None
[2025-09-29T16:08:43.761+0000] {processor.py:183} INFO - Processing /home/airflow/.local/lib/python3.12/site-packages/airflow/example_dags/tutorial_taskflow_api.py took 0.177 seconds
[2025-09-29T16:09:14.559+0000] {processor.py:161} INFO - Started process (PID=18617) to work on /home/airflow/.local/lib/python3.12/site-packages/airflow/example_dags/tutorial_taskflow_api.py
[2025-09-29T16:09:14.561+0000] {processor.py:830} INFO - Processing file /home/airflow/.local/lib/python3.12/site-packages/airflow/example_dags/tutorial_taskflow_api.py for tasks to queue
[2025-09-29T16:09:14.566+0000] {logging_mixin.py:188} INFO - [2025-09-29T16:09:14.565+0000] {dagbag.py:545} INFO - Filling up the DagBag from /home/airflow/.local/lib/python3.12/site-packages/airflow/example_dags/tutorial_taskflow_api.py
[2025-09-29T16:09:14.582+0000] {processor.py:840} INFO - DAG(s) 'tutorial_taskflow_api' retrieved from /home/airflow/.local/lib/python3.12/site-packages/airflow/example_dags/tutorial_taskflow_api.py
[2025-09-29T16:09:14.636+0000] {logging_mixin.py:188} INFO - [2025-09-29T16:09:14.635+0000] {dag.py:3089} INFO - Sync 1 DAGs
[2025-09-29T16:09:14.665+0000] {logging_mixin.py:188} INFO - [2025-09-29T16:09:14.664+0000] {dag.py:3947} INFO - Setting next_dagrun for tutorial_taskflow_api to None, run_after=None
[2025-09-29T16:09:14.711+0000] {processor.py:183} INFO - Processing /home/airflow/.local/lib/python3.12/site-packages/airflow/example_dags/tutorial_taskflow_api.py took 0.167 seconds
[2025-09-29T16:09:45.185+0000] {processor.py:161} INFO - Started process (PID=18879) to work on /home/airflow/.local/lib/python3.12/site-packages/airflow/example_dags/tutorial_taskflow_api.py
[2025-09-29T16:09:45.187+0000] {processor.py:830} INFO - Processing file /home/airflow/.local/lib/python3.12/site-packages/airflow/example_dags/tutorial_taskflow_api.py for tasks to queue
[2025-09-29T16:09:45.191+0000] {logging_mixin.py:188} INFO - [2025-09-29T16:09:45.191+0000] {dagbag.py:545} INFO - Filling up the DagBag from /home/airflow/.local/lib/python3.12/site-packages/airflow/example_dags/tutorial_taskflow_api.py
[2025-09-29T16:09:45.209+0000] {processor.py:840} INFO - DAG(s) 'tutorial_taskflow_api' retrieved from /home/airflow/.local/lib/python3.12/site-packages/airflow/example_dags/tutorial_taskflow_api.py
[2025-09-29T16:09:45.270+0000] {logging_mixin.py:188} INFO - [2025-09-29T16:09:45.269+0000] {dag.py:3089} INFO - Sync 1 DAGs
[2025-09-29T16:09:45.300+0000] {logging_mixin.py:188} INFO - [2025-09-29T16:09:45.299+0000] {dag.py:3947} INFO - Setting next_dagrun for tutorial_taskflow_api to None, run_after=None
[2025-09-29T16:09:45.349+0000] {processor.py:183} INFO - Processing /home/airflow/.local/lib/python3.12/site-packages/airflow/example_dags/tutorial_taskflow_api.py took 0.180 seconds
[2025-09-29T16:10:15.662+0000] {processor.py:161} INFO - Started process (PID=19138) to work on /home/airflow/.local/lib/python3.12/site-packages/airflow/example_dags/tutorial_taskflow_api.py
[2025-09-29T16:10:15.665+0000] {processor.py:830} INFO - Processing file /home/airflow/.local/lib/python3.12/site-packages/airflow/example_dags/tutorial_taskflow_api.py for tasks to queue
[2025-09-29T16:10:15.669+0000] {logging_mixin.py:188} INFO - [2025-09-29T16:10:15.669+0000] {dagbag.py:545} INFO - Filling up the DagBag from /home/airflow/.local/lib/python3.12/site-packages/airflow/example_dags/tutorial_taskflow_api.py
[2025-09-29T16:10:15.685+0000] {processor.py:840} INFO - DAG(s) 'tutorial_taskflow_api' retrieved from /home/airflow/.local/lib/python3.12/site-packages/airflow/example_dags/tutorial_taskflow_api.py
[2025-09-29T16:10:15.742+0000] {logging_mixin.py:188} INFO - [2025-09-29T16:10:15.741+0000] {dag.py:3089} INFO - Sync 1 DAGs
[2025-09-29T16:10:15.783+0000] {logging_mixin.py:188} INFO - [2025-09-29T16:10:15.783+0000] {dag.py:3947} INFO - Setting next_dagrun for tutorial_taskflow_api to None, run_after=None
[2025-09-29T16:10:15.850+0000] {processor.py:183} INFO - Processing /home/airflow/.local/lib/python3.12/site-packages/airflow/example_dags/tutorial_taskflow_api.py took 0.203 seconds
[2025-09-29T16:10:46.273+0000] {processor.py:161} INFO - Started process (PID=19401) to work on /home/airflow/.local/lib/python3.12/site-packages/airflow/example_dags/tutorial_taskflow_api.py
[2025-09-29T16:10:46.276+0000] {processor.py:830} INFO - Processing file /home/airflow/.local/lib/python3.12/site-packages/airflow/example_dags/tutorial_taskflow_api.py for tasks to queue
[2025-09-29T16:10:46.278+0000] {logging_mixin.py:188} INFO - [2025-09-29T16:10:46.277+0000] {dagbag.py:545} INFO - Filling up the DagBag from /home/airflow/.local/lib/python3.12/site-packages/airflow/example_dags/tutorial_taskflow_api.py
[2025-09-29T16:10:46.293+0000] {processor.py:840} INFO - DAG(s) 'tutorial_taskflow_api' retrieved from /home/airflow/.local/lib/python3.12/site-packages/airflow/example_dags/tutorial_taskflow_api.py
[2025-09-29T16:10:46.350+0000] {logging_mixin.py:188} INFO - [2025-09-29T16:10:46.349+0000] {dag.py:3089} INFO - Sync 1 DAGs
[2025-09-29T16:10:46.386+0000] {logging_mixin.py:188} INFO - [2025-09-29T16:10:46.386+0000] {dag.py:3947} INFO - Setting next_dagrun for tutorial_taskflow_api to None, run_after=None
[2025-09-29T16:10:46.433+0000] {processor.py:183} INFO - Processing /home/airflow/.local/lib/python3.12/site-packages/airflow/example_dags/tutorial_taskflow_api.py took 0.175 seconds
[2025-09-29T16:11:17.291+0000] {processor.py:161} INFO - Started process (PID=19662) to work on /home/airflow/.local/lib/python3.12/site-packages/airflow/example_dags/tutorial_taskflow_api.py
[2025-09-29T16:11:17.294+0000] {processor.py:830} INFO - Processing file /home/airflow/.local/lib/python3.12/site-packages/airflow/example_dags/tutorial_taskflow_api.py for tasks to queue
[2025-09-29T16:11:17.296+0000] {logging_mixin.py:188} INFO - [2025-09-29T16:11:17.295+0000] {dagbag.py:545} INFO - Filling up the DagBag from /home/airflow/.local/lib/python3.12/site-packages/airflow/example_dags/tutorial_taskflow_api.py
[2025-09-29T16:11:17.312+0000] {processor.py:840} INFO - DAG(s) 'tutorial_taskflow_api' retrieved from /home/airflow/.local/lib/python3.12/site-packages/airflow/example_dags/tutorial_taskflow_api.py
[2025-09-29T16:11:17.387+0000] {logging_mixin.py:188} INFO - [2025-09-29T16:11:17.386+0000] {dag.py:3089} INFO - Sync 1 DAGs
[2025-09-29T16:11:17.419+0000] {logging_mixin.py:188} INFO - [2025-09-29T16:11:17.419+0000] {dag.py:3947} INFO - Setting next_dagrun for tutorial_taskflow_api to None, run_after=None
[2025-09-29T16:11:17.478+0000] {processor.py:183} INFO - Processing /home/airflow/.local/lib/python3.12/site-packages/airflow/example_dags/tutorial_taskflow_api.py took 0.200 seconds
[2025-09-29T16:11:47.849+0000] {processor.py:161} INFO - Started process (PID=19922) to work on /home/airflow/.local/lib/python3.12/site-packages/airflow/example_dags/tutorial_taskflow_api.py
[2025-09-29T16:11:47.852+0000] {processor.py:830} INFO - Processing file /home/airflow/.local/lib/python3.12/site-packages/airflow/example_dags/tutorial_taskflow_api.py for tasks to queue
[2025-09-29T16:11:47.854+0000] {logging_mixin.py:188} INFO - [2025-09-29T16:11:47.854+0000] {dagbag.py:545} INFO - Filling up the DagBag from /home/airflow/.local/lib/python3.12/site-packages/airflow/example_dags/tutorial_taskflow_api.py
[2025-09-29T16:11:47.871+0000] {processor.py:840} INFO - DAG(s) 'tutorial_taskflow_api' retrieved from /home/airflow/.local/lib/python3.12/site-packages/airflow/example_dags/tutorial_taskflow_api.py
[2025-09-29T16:11:47.931+0000] {logging_mixin.py:188} INFO - [2025-09-29T16:11:47.931+0000] {dag.py:3089} INFO - Sync 1 DAGs
[2025-09-29T16:11:47.962+0000] {logging_mixin.py:188} INFO - [2025-09-29T16:11:47.961+0000] {dag.py:3947} INFO - Setting next_dagrun for tutorial_taskflow_api to None, run_after=None
[2025-09-29T16:11:48.012+0000] {processor.py:183} INFO - Processing /home/airflow/.local/lib/python3.12/site-packages/airflow/example_dags/tutorial_taskflow_api.py took 0.180 seconds
[2025-09-29T16:12:18.395+0000] {processor.py:161} INFO - Started process (PID=20184) to work on /home/airflow/.local/lib/python3.12/site-packages/airflow/example_dags/tutorial_taskflow_api.py
[2025-09-29T16:12:18.398+0000] {processor.py:830} INFO - Processing file /home/airflow/.local/lib/python3.12/site-packages/airflow/example_dags/tutorial_taskflow_api.py for tasks to queue
[2025-09-29T16:12:18.400+0000] {logging_mixin.py:188} INFO - [2025-09-29T16:12:18.399+0000] {dagbag.py:545} INFO - Filling up the DagBag from /home/airflow/.local/lib/python3.12/site-packages/airflow/example_dags/tutorial_taskflow_api.py
[2025-09-29T16:12:18.416+0000] {processor.py:840} INFO - DAG(s) 'tutorial_taskflow_api' retrieved from /home/airflow/.local/lib/python3.12/site-packages/airflow/example_dags/tutorial_taskflow_api.py
[2025-09-29T16:12:18.473+0000] {logging_mixin.py:188} INFO - [2025-09-29T16:12:18.472+0000] {dag.py:3089} INFO - Sync 1 DAGs
[2025-09-29T16:12:18.503+0000] {logging_mixin.py:188} INFO - [2025-09-29T16:12:18.502+0000] {dag.py:3947} INFO - Setting next_dagrun for tutorial_taskflow_api to None, run_after=None
[2025-09-29T16:12:18.554+0000] {processor.py:183} INFO - Processing /home/airflow/.local/lib/python3.12/site-packages/airflow/example_dags/tutorial_taskflow_api.py took 0.174 seconds
[2025-09-29T16:12:49.089+0000] {processor.py:161} INFO - Started process (PID=20445) to work on /home/airflow/.local/lib/python3.12/site-packages/airflow/example_dags/tutorial_taskflow_api.py
[2025-09-29T16:12:49.091+0000] {processor.py:830} INFO - Processing file /home/airflow/.local/lib/python3.12/site-packages/airflow/example_dags/tutorial_taskflow_api.py for tasks to queue
[2025-09-29T16:12:49.093+0000] {logging_mixin.py:188} INFO - [2025-09-29T16:12:49.093+0000] {dagbag.py:545} INFO - Filling up the DagBag from /home/airflow/.local/lib/python3.12/site-packages/airflow/example_dags/tutorial_taskflow_api.py
[2025-09-29T16:12:49.109+0000] {processor.py:840} INFO - DAG(s) 'tutorial_taskflow_api' retrieved from /home/airflow/.local/lib/python3.12/site-packages/airflow/example_dags/tutorial_taskflow_api.py
[2025-09-29T16:12:49.166+0000] {logging_mixin.py:188} INFO - [2025-09-29T16:12:49.165+0000] {dag.py:3089} INFO - Sync 1 DAGs
[2025-09-29T16:12:49.196+0000] {logging_mixin.py:188} INFO - [2025-09-29T16:12:49.196+0000] {dag.py:3947} INFO - Setting next_dagrun for tutorial_taskflow_api to None, run_after=None
[2025-09-29T16:12:49.242+0000] {processor.py:183} INFO - Processing /home/airflow/.local/lib/python3.12/site-packages/airflow/example_dags/tutorial_taskflow_api.py took 0.169 seconds
[2025-09-29T16:13:19.896+0000] {processor.py:161} INFO - Started process (PID=20706) to work on /home/airflow/.local/lib/python3.12/site-packages/airflow/example_dags/tutorial_taskflow_api.py
[2025-09-29T16:13:19.900+0000] {processor.py:830} INFO - Processing file /home/airflow/.local/lib/python3.12/site-packages/airflow/example_dags/tutorial_taskflow_api.py for tasks to queue
[2025-09-29T16:13:19.903+0000] {logging_mixin.py:188} INFO - [2025-09-29T16:13:19.901+0000] {dagbag.py:545} INFO - Filling up the DagBag from /home/airflow/.local/lib/python3.12/site-packages/airflow/example_dags/tutorial_taskflow_api.py
[2025-09-29T16:13:19.921+0000] {processor.py:840} INFO - DAG(s) 'tutorial_taskflow_api' retrieved from /home/airflow/.local/lib/python3.12/site-packages/airflow/example_dags/tutorial_taskflow_api.py
[2025-09-29T16:13:19.979+0000] {logging_mixin.py:188} INFO - [2025-09-29T16:13:19.978+0000] {dag.py:3089} INFO - Sync 1 DAGs
[2025-09-29T16:13:20.013+0000] {logging_mixin.py:188} INFO - [2025-09-29T16:13:20.013+0000] {dag.py:3947} INFO - Setting next_dagrun for tutorial_taskflow_api to None, run_after=None
[2025-09-29T16:13:20.084+0000] {processor.py:183} INFO - Processing /home/airflow/.local/lib/python3.12/site-packages/airflow/example_dags/tutorial_taskflow_api.py took 0.220 seconds
[2025-09-29T16:13:50.189+0000] {processor.py:161} INFO - Started process (PID=20967) to work on /home/airflow/.local/lib/python3.12/site-packages/airflow/example_dags/tutorial_taskflow_api.py
[2025-09-29T16:13:50.192+0000] {processor.py:830} INFO - Processing file /home/airflow/.local/lib/python3.12/site-packages/airflow/example_dags/tutorial_taskflow_api.py for tasks to queue
[2025-09-29T16:13:50.194+0000] {logging_mixin.py:188} INFO - [2025-09-29T16:13:50.193+0000] {dagbag.py:545} INFO - Filling up the DagBag from /home/airflow/.local/lib/python3.12/site-packages/airflow/example_dags/tutorial_taskflow_api.py
[2025-09-29T16:13:50.210+0000] {processor.py:840} INFO - DAG(s) 'tutorial_taskflow_api' retrieved from /home/airflow/.local/lib/python3.12/site-packages/airflow/example_dags/tutorial_taskflow_api.py
[2025-09-29T16:13:50.270+0000] {logging_mixin.py:188} INFO - [2025-09-29T16:13:50.270+0000] {dag.py:3089} INFO - Sync 1 DAGs
[2025-09-29T16:13:50.301+0000] {logging_mixin.py:188} INFO - [2025-09-29T16:13:50.300+0000] {dag.py:3947} INFO - Setting next_dagrun for tutorial_taskflow_api to None, run_after=None
[2025-09-29T16:13:50.352+0000] {processor.py:183} INFO - Processing /home/airflow/.local/lib/python3.12/site-packages/airflow/example_dags/tutorial_taskflow_api.py took 0.178 seconds
[2025-09-29T16:14:21.071+0000] {processor.py:161} INFO - Started process (PID=21228) to work on /home/airflow/.local/lib/python3.12/site-packages/airflow/example_dags/tutorial_taskflow_api.py
[2025-09-29T16:14:21.073+0000] {processor.py:830} INFO - Processing file /home/airflow/.local/lib/python3.12/site-packages/airflow/example_dags/tutorial_taskflow_api.py for tasks to queue
[2025-09-29T16:14:21.076+0000] {logging_mixin.py:188} INFO - [2025-09-29T16:14:21.075+0000] {dagbag.py:545} INFO - Filling up the DagBag from /home/airflow/.local/lib/python3.12/site-packages/airflow/example_dags/tutorial_taskflow_api.py
[2025-09-29T16:14:21.104+0000] {processor.py:840} INFO - DAG(s) 'tutorial_taskflow_api' retrieved from /home/airflow/.local/lib/python3.12/site-packages/airflow/example_dags/tutorial_taskflow_api.py
[2025-09-29T16:14:21.216+0000] {logging_mixin.py:188} INFO - [2025-09-29T16:14:21.215+0000] {dag.py:3089} INFO - Sync 1 DAGs
[2025-09-29T16:14:21.267+0000] {logging_mixin.py:188} INFO - [2025-09-29T16:14:21.266+0000] {dag.py:3947} INFO - Setting next_dagrun for tutorial_taskflow_api to None, run_after=None
[2025-09-29T16:14:21.344+0000] {processor.py:183} INFO - Processing /home/airflow/.local/lib/python3.12/site-packages/airflow/example_dags/tutorial_taskflow_api.py took 0.294 seconds
[2025-09-29T16:14:51.441+0000] {processor.py:161} INFO - Started process (PID=21489) to work on /home/airflow/.local/lib/python3.12/site-packages/airflow/example_dags/tutorial_taskflow_api.py
[2025-09-29T16:14:51.444+0000] {processor.py:830} INFO - Processing file /home/airflow/.local/lib/python3.12/site-packages/airflow/example_dags/tutorial_taskflow_api.py for tasks to queue
[2025-09-29T16:14:51.446+0000] {logging_mixin.py:188} INFO - [2025-09-29T16:14:51.445+0000] {dagbag.py:545} INFO - Filling up the DagBag from /home/airflow/.local/lib/python3.12/site-packages/airflow/example_dags/tutorial_taskflow_api.py
[2025-09-29T16:14:51.462+0000] {processor.py:840} INFO - DAG(s) 'tutorial_taskflow_api' retrieved from /home/airflow/.local/lib/python3.12/site-packages/airflow/example_dags/tutorial_taskflow_api.py
[2025-09-29T16:14:51.522+0000] {logging_mixin.py:188} INFO - [2025-09-29T16:14:51.521+0000] {dag.py:3089} INFO - Sync 1 DAGs
[2025-09-29T16:14:51.550+0000] {logging_mixin.py:188} INFO - [2025-09-29T16:14:51.550+0000] {dag.py:3947} INFO - Setting next_dagrun for tutorial_taskflow_api to None, run_after=None
[2025-09-29T16:14:51.596+0000] {processor.py:183} INFO - Processing /home/airflow/.local/lib/python3.12/site-packages/airflow/example_dags/tutorial_taskflow_api.py took 0.171 seconds
[2025-09-29T16:15:21.869+0000] {processor.py:161} INFO - Started process (PID=21750) to work on /home/airflow/.local/lib/python3.12/site-packages/airflow/example_dags/tutorial_taskflow_api.py
[2025-09-29T16:15:21.872+0000] {processor.py:830} INFO - Processing file /home/airflow/.local/lib/python3.12/site-packages/airflow/example_dags/tutorial_taskflow_api.py for tasks to queue
[2025-09-29T16:15:21.874+0000] {logging_mixin.py:188} INFO - [2025-09-29T16:15:21.874+0000] {dagbag.py:545} INFO - Filling up the DagBag from /home/airflow/.local/lib/python3.12/site-packages/airflow/example_dags/tutorial_taskflow_api.py
[2025-09-29T16:15:21.888+0000] {processor.py:840} INFO - DAG(s) 'tutorial_taskflow_api' retrieved from /home/airflow/.local/lib/python3.12/site-packages/airflow/example_dags/tutorial_taskflow_api.py
[2025-09-29T16:15:21.947+0000] {logging_mixin.py:188} INFO - [2025-09-29T16:15:21.947+0000] {dag.py:3089} INFO - Sync 1 DAGs
[2025-09-29T16:15:21.976+0000] {logging_mixin.py:188} INFO - [2025-09-29T16:15:21.975+0000] {dag.py:3947} INFO - Setting next_dagrun for tutorial_taskflow_api to None, run_after=None
[2025-09-29T16:15:22.020+0000] {processor.py:183} INFO - Processing /home/airflow/.local/lib/python3.12/site-packages/airflow/example_dags/tutorial_taskflow_api.py took 0.166 seconds
[2025-09-29T16:15:52.439+0000] {processor.py:161} INFO - Started process (PID=22011) to work on /home/airflow/.local/lib/python3.12/site-packages/airflow/example_dags/tutorial_taskflow_api.py
[2025-09-29T16:15:52.442+0000] {processor.py:830} INFO - Processing file /home/airflow/.local/lib/python3.12/site-packages/airflow/example_dags/tutorial_taskflow_api.py for tasks to queue
[2025-09-29T16:15:52.444+0000] {logging_mixin.py:188} INFO - [2025-09-29T16:15:52.443+0000] {dagbag.py:545} INFO - Filling up the DagBag from /home/airflow/.local/lib/python3.12/site-packages/airflow/example_dags/tutorial_taskflow_api.py
[2025-09-29T16:15:52.460+0000] {processor.py:840} INFO - DAG(s) 'tutorial_taskflow_api' retrieved from /home/airflow/.local/lib/python3.12/site-packages/airflow/example_dags/tutorial_taskflow_api.py
[2025-09-29T16:15:52.529+0000] {logging_mixin.py:188} INFO - [2025-09-29T16:15:52.528+0000] {dag.py:3089} INFO - Sync 1 DAGs
[2025-09-29T16:15:52.561+0000] {logging_mixin.py:188} INFO - [2025-09-29T16:15:52.560+0000] {dag.py:3947} INFO - Setting next_dagrun for tutorial_taskflow_api to None, run_after=None
[2025-09-29T16:15:52.619+0000] {processor.py:183} INFO - Processing /home/airflow/.local/lib/python3.12/site-packages/airflow/example_dags/tutorial_taskflow_api.py took 0.198 seconds
[2025-09-29T16:16:22.817+0000] {processor.py:161} INFO - Started process (PID=22272) to work on /home/airflow/.local/lib/python3.12/site-packages/airflow/example_dags/tutorial_taskflow_api.py
[2025-09-29T16:16:22.820+0000] {processor.py:830} INFO - Processing file /home/airflow/.local/lib/python3.12/site-packages/airflow/example_dags/tutorial_taskflow_api.py for tasks to queue
[2025-09-29T16:16:22.822+0000] {logging_mixin.py:188} INFO - [2025-09-29T16:16:22.821+0000] {dagbag.py:545} INFO - Filling up the DagBag from /home/airflow/.local/lib/python3.12/site-packages/airflow/example_dags/tutorial_taskflow_api.py
[2025-09-29T16:16:22.837+0000] {processor.py:840} INFO - DAG(s) 'tutorial_taskflow_api' retrieved from /home/airflow/.local/lib/python3.12/site-packages/airflow/example_dags/tutorial_taskflow_api.py
[2025-09-29T16:16:22.897+0000] {logging_mixin.py:188} INFO - [2025-09-29T16:16:22.897+0000] {dag.py:3089} INFO - Sync 1 DAGs
[2025-09-29T16:16:22.926+0000] {logging_mixin.py:188} INFO - [2025-09-29T16:16:22.926+0000] {dag.py:3947} INFO - Setting next_dagrun for tutorial_taskflow_api to None, run_after=None
[2025-09-29T16:16:22.974+0000] {processor.py:183} INFO - Processing /home/airflow/.local/lib/python3.12/site-packages/airflow/example_dags/tutorial_taskflow_api.py took 0.172 seconds
[2025-09-29T16:16:53.556+0000] {processor.py:161} INFO - Started process (PID=22533) to work on /home/airflow/.local/lib/python3.12/site-packages/airflow/example_dags/tutorial_taskflow_api.py
[2025-09-29T16:16:53.559+0000] {processor.py:830} INFO - Processing file /home/airflow/.local/lib/python3.12/site-packages/airflow/example_dags/tutorial_taskflow_api.py for tasks to queue
[2025-09-29T16:16:53.562+0000] {logging_mixin.py:188} INFO - [2025-09-29T16:16:53.561+0000] {dagbag.py:545} INFO - Filling up the DagBag from /home/airflow/.local/lib/python3.12/site-packages/airflow/example_dags/tutorial_taskflow_api.py
[2025-09-29T16:16:53.579+0000] {processor.py:840} INFO - DAG(s) 'tutorial_taskflow_api' retrieved from /home/airflow/.local/lib/python3.12/site-packages/airflow/example_dags/tutorial_taskflow_api.py
[2025-09-29T16:16:53.651+0000] {logging_mixin.py:188} INFO - [2025-09-29T16:16:53.650+0000] {dag.py:3089} INFO - Sync 1 DAGs
[2025-09-29T16:16:53.686+0000] {logging_mixin.py:188} INFO - [2025-09-29T16:16:53.686+0000] {dag.py:3947} INFO - Setting next_dagrun for tutorial_taskflow_api to None, run_after=None
[2025-09-29T16:16:53.737+0000] {processor.py:183} INFO - Processing /home/airflow/.local/lib/python3.12/site-packages/airflow/example_dags/tutorial_taskflow_api.py took 0.196 seconds
[2025-09-29T16:17:24.078+0000] {processor.py:161} INFO - Started process (PID=22794) to work on /home/airflow/.local/lib/python3.12/site-packages/airflow/example_dags/tutorial_taskflow_api.py
[2025-09-29T16:17:24.081+0000] {processor.py:830} INFO - Processing file /home/airflow/.local/lib/python3.12/site-packages/airflow/example_dags/tutorial_taskflow_api.py for tasks to queue
[2025-09-29T16:17:24.083+0000] {logging_mixin.py:188} INFO - [2025-09-29T16:17:24.082+0000] {dagbag.py:545} INFO - Filling up the DagBag from /home/airflow/.local/lib/python3.12/site-packages/airflow/example_dags/tutorial_taskflow_api.py
[2025-09-29T16:17:24.098+0000] {processor.py:840} INFO - DAG(s) 'tutorial_taskflow_api' retrieved from /home/airflow/.local/lib/python3.12/site-packages/airflow/example_dags/tutorial_taskflow_api.py
[2025-09-29T16:17:24.161+0000] {logging_mixin.py:188} INFO - [2025-09-29T16:17:24.161+0000] {dag.py:3089} INFO - Sync 1 DAGs
[2025-09-29T16:17:24.190+0000] {logging_mixin.py:188} INFO - [2025-09-29T16:17:24.190+0000] {dag.py:3947} INFO - Setting next_dagrun for tutorial_taskflow_api to None, run_after=None
[2025-09-29T16:17:24.244+0000] {processor.py:183} INFO - Processing /home/airflow/.local/lib/python3.12/site-packages/airflow/example_dags/tutorial_taskflow_api.py took 0.181 seconds
[2025-09-29T16:17:54.401+0000] {processor.py:161} INFO - Started process (PID=23055) to work on /home/airflow/.local/lib/python3.12/site-packages/airflow/example_dags/tutorial_taskflow_api.py
[2025-09-29T16:17:54.404+0000] {processor.py:830} INFO - Processing file /home/airflow/.local/lib/python3.12/site-packages/airflow/example_dags/tutorial_taskflow_api.py for tasks to queue
[2025-09-29T16:17:54.406+0000] {logging_mixin.py:188} INFO - [2025-09-29T16:17:54.405+0000] {dagbag.py:545} INFO - Filling up the DagBag from /home/airflow/.local/lib/python3.12/site-packages/airflow/example_dags/tutorial_taskflow_api.py
[2025-09-29T16:17:54.420+0000] {processor.py:840} INFO - DAG(s) 'tutorial_taskflow_api' retrieved from /home/airflow/.local/lib/python3.12/site-packages/airflow/example_dags/tutorial_taskflow_api.py
[2025-09-29T16:17:54.477+0000] {logging_mixin.py:188} INFO - [2025-09-29T16:17:54.476+0000] {dag.py:3089} INFO - Sync 1 DAGs
[2025-09-29T16:17:54.505+0000] {logging_mixin.py:188} INFO - [2025-09-29T16:17:54.504+0000] {dag.py:3947} INFO - Setting next_dagrun for tutorial_taskflow_api to None, run_after=None
[2025-09-29T16:17:54.556+0000] {processor.py:183} INFO - Processing /home/airflow/.local/lib/python3.12/site-packages/airflow/example_dags/tutorial_taskflow_api.py took 0.169 seconds
[2025-09-29T16:18:24.868+0000] {processor.py:161} INFO - Started process (PID=23316) to work on /home/airflow/.local/lib/python3.12/site-packages/airflow/example_dags/tutorial_taskflow_api.py
[2025-09-29T16:18:24.872+0000] {processor.py:830} INFO - Processing file /home/airflow/.local/lib/python3.12/site-packages/airflow/example_dags/tutorial_taskflow_api.py for tasks to queue
[2025-09-29T16:18:24.875+0000] {logging_mixin.py:188} INFO - [2025-09-29T16:18:24.874+0000] {dagbag.py:545} INFO - Filling up the DagBag from /home/airflow/.local/lib/python3.12/site-packages/airflow/example_dags/tutorial_taskflow_api.py
[2025-09-29T16:18:24.892+0000] {processor.py:840} INFO - DAG(s) 'tutorial_taskflow_api' retrieved from /home/airflow/.local/lib/python3.12/site-packages/airflow/example_dags/tutorial_taskflow_api.py
[2025-09-29T16:18:24.958+0000] {logging_mixin.py:188} INFO - [2025-09-29T16:18:24.957+0000] {dag.py:3089} INFO - Sync 1 DAGs
[2025-09-29T16:18:24.991+0000] {logging_mixin.py:188} INFO - [2025-09-29T16:18:24.990+0000] {dag.py:3947} INFO - Setting next_dagrun for tutorial_taskflow_api to None, run_after=None
[2025-09-29T16:18:25.045+0000] {processor.py:183} INFO - Processing /home/airflow/.local/lib/python3.12/site-packages/airflow/example_dags/tutorial_taskflow_api.py took 0.193 seconds
[2025-09-29T16:18:55.749+0000] {processor.py:161} INFO - Started process (PID=23575) to work on /home/airflow/.local/lib/python3.12/site-packages/airflow/example_dags/tutorial_taskflow_api.py
[2025-09-29T16:18:55.751+0000] {processor.py:830} INFO - Processing file /home/airflow/.local/lib/python3.12/site-packages/airflow/example_dags/tutorial_taskflow_api.py for tasks to queue
[2025-09-29T16:18:55.753+0000] {logging_mixin.py:188} INFO - [2025-09-29T16:18:55.752+0000] {dagbag.py:545} INFO - Filling up the DagBag from /home/airflow/.local/lib/python3.12/site-packages/airflow/example_dags/tutorial_taskflow_api.py
[2025-09-29T16:18:55.772+0000] {processor.py:840} INFO - DAG(s) 'tutorial_taskflow_api' retrieved from /home/airflow/.local/lib/python3.12/site-packages/airflow/example_dags/tutorial_taskflow_api.py
[2025-09-29T16:18:55.839+0000] {logging_mixin.py:188} INFO - [2025-09-29T16:18:55.839+0000] {dag.py:3089} INFO - Sync 1 DAGs
[2025-09-29T16:18:55.871+0000] {logging_mixin.py:188} INFO - [2025-09-29T16:18:55.871+0000] {dag.py:3947} INFO - Setting next_dagrun for tutorial_taskflow_api to None, run_after=None
[2025-09-29T16:18:55.917+0000] {processor.py:183} INFO - Processing /home/airflow/.local/lib/python3.12/site-packages/airflow/example_dags/tutorial_taskflow_api.py took 0.185 seconds
[2025-09-29T16:19:27.103+0000] {processor.py:161} INFO - Started process (PID=23838) to work on /home/airflow/.local/lib/python3.12/site-packages/airflow/example_dags/tutorial_taskflow_api.py
[2025-09-29T16:19:27.105+0000] {processor.py:830} INFO - Processing file /home/airflow/.local/lib/python3.12/site-packages/airflow/example_dags/tutorial_taskflow_api.py for tasks to queue
[2025-09-29T16:19:27.107+0000] {logging_mixin.py:188} INFO - [2025-09-29T16:19:27.106+0000] {dagbag.py:545} INFO - Filling up the DagBag from /home/airflow/.local/lib/python3.12/site-packages/airflow/example_dags/tutorial_taskflow_api.py
[2025-09-29T16:19:27.122+0000] {processor.py:840} INFO - DAG(s) 'tutorial_taskflow_api' retrieved from /home/airflow/.local/lib/python3.12/site-packages/airflow/example_dags/tutorial_taskflow_api.py
[2025-09-29T16:19:27.190+0000] {logging_mixin.py:188} INFO - [2025-09-29T16:19:27.190+0000] {dag.py:3089} INFO - Sync 1 DAGs
[2025-09-29T16:19:27.219+0000] {logging_mixin.py:188} INFO - [2025-09-29T16:19:27.218+0000] {dag.py:3947} INFO - Setting next_dagrun for tutorial_taskflow_api to None, run_after=None
[2025-09-29T16:19:27.270+0000] {processor.py:183} INFO - Processing /home/airflow/.local/lib/python3.12/site-packages/airflow/example_dags/tutorial_taskflow_api.py took 0.183 seconds
[2025-09-29T16:19:57.607+0000] {processor.py:161} INFO - Started process (PID=24091) to work on /home/airflow/.local/lib/python3.12/site-packages/airflow/example_dags/tutorial_taskflow_api.py
[2025-09-29T16:19:57.608+0000] {processor.py:830} INFO - Processing file /home/airflow/.local/lib/python3.12/site-packages/airflow/example_dags/tutorial_taskflow_api.py for tasks to queue
[2025-09-29T16:19:57.610+0000] {logging_mixin.py:188} INFO - [2025-09-29T16:19:57.609+0000] {dagbag.py:545} INFO - Filling up the DagBag from /home/airflow/.local/lib/python3.12/site-packages/airflow/example_dags/tutorial_taskflow_api.py
[2025-09-29T16:19:57.624+0000] {processor.py:840} INFO - DAG(s) 'tutorial_taskflow_api' retrieved from /home/airflow/.local/lib/python3.12/site-packages/airflow/example_dags/tutorial_taskflow_api.py
[2025-09-29T16:19:57.683+0000] {logging_mixin.py:188} INFO - [2025-09-29T16:19:57.682+0000] {dag.py:3089} INFO - Sync 1 DAGs
[2025-09-29T16:19:57.711+0000] {logging_mixin.py:188} INFO - [2025-09-29T16:19:57.710+0000] {dag.py:3947} INFO - Setting next_dagrun for tutorial_taskflow_api to None, run_after=None
[2025-09-29T16:19:57.758+0000] {processor.py:183} INFO - Processing /home/airflow/.local/lib/python3.12/site-packages/airflow/example_dags/tutorial_taskflow_api.py took 0.166 seconds
[2025-09-29T16:20:28.100+0000] {processor.py:161} INFO - Started process (PID=24352) to work on /home/airflow/.local/lib/python3.12/site-packages/airflow/example_dags/tutorial_taskflow_api.py
[2025-09-29T16:20:28.102+0000] {processor.py:830} INFO - Processing file /home/airflow/.local/lib/python3.12/site-packages/airflow/example_dags/tutorial_taskflow_api.py for tasks to queue
[2025-09-29T16:20:28.105+0000] {logging_mixin.py:188} INFO - [2025-09-29T16:20:28.104+0000] {dagbag.py:545} INFO - Filling up the DagBag from /home/airflow/.local/lib/python3.12/site-packages/airflow/example_dags/tutorial_taskflow_api.py
[2025-09-29T16:20:28.119+0000] {processor.py:840} INFO - DAG(s) 'tutorial_taskflow_api' retrieved from /home/airflow/.local/lib/python3.12/site-packages/airflow/example_dags/tutorial_taskflow_api.py
[2025-09-29T16:20:28.175+0000] {logging_mixin.py:188} INFO - [2025-09-29T16:20:28.174+0000] {dag.py:3089} INFO - Sync 1 DAGs
[2025-09-29T16:20:28.202+0000] {logging_mixin.py:188} INFO - [2025-09-29T16:20:28.202+0000] {dag.py:3947} INFO - Setting next_dagrun for tutorial_taskflow_api to None, run_after=None
[2025-09-29T16:20:28.248+0000] {processor.py:183} INFO - Processing /home/airflow/.local/lib/python3.12/site-packages/airflow/example_dags/tutorial_taskflow_api.py took 0.163 seconds
[2025-09-29T16:20:59.111+0000] {processor.py:161} INFO - Started process (PID=24625) to work on /home/airflow/.local/lib/python3.12/site-packages/airflow/example_dags/tutorial_taskflow_api.py
[2025-09-29T16:20:59.115+0000] {processor.py:830} INFO - Processing file /home/airflow/.local/lib/python3.12/site-packages/airflow/example_dags/tutorial_taskflow_api.py for tasks to queue
[2025-09-29T16:20:59.117+0000] {logging_mixin.py:188} INFO - [2025-09-29T16:20:59.116+0000] {dagbag.py:545} INFO - Filling up the DagBag from /home/airflow/.local/lib/python3.12/site-packages/airflow/example_dags/tutorial_taskflow_api.py
[2025-09-29T16:20:59.135+0000] {processor.py:840} INFO - DAG(s) 'tutorial_taskflow_api' retrieved from /home/airflow/.local/lib/python3.12/site-packages/airflow/example_dags/tutorial_taskflow_api.py
[2025-09-29T16:20:59.195+0000] {logging_mixin.py:188} INFO - [2025-09-29T16:20:59.194+0000] {dag.py:3089} INFO - Sync 1 DAGs
[2025-09-29T16:20:59.223+0000] {logging_mixin.py:188} INFO - [2025-09-29T16:20:59.222+0000] {dag.py:3947} INFO - Setting next_dagrun for tutorial_taskflow_api to None, run_after=None
[2025-09-29T16:20:59.271+0000] {processor.py:183} INFO - Processing /home/airflow/.local/lib/python3.12/site-packages/airflow/example_dags/tutorial_taskflow_api.py took 0.177 seconds
[2025-09-29T16:21:29.811+0000] {processor.py:161} INFO - Started process (PID=24886) to work on /home/airflow/.local/lib/python3.12/site-packages/airflow/example_dags/tutorial_taskflow_api.py
[2025-09-29T16:21:29.814+0000] {processor.py:830} INFO - Processing file /home/airflow/.local/lib/python3.12/site-packages/airflow/example_dags/tutorial_taskflow_api.py for tasks to queue
[2025-09-29T16:21:29.816+0000] {logging_mixin.py:188} INFO - [2025-09-29T16:21:29.815+0000] {dagbag.py:545} INFO - Filling up the DagBag from /home/airflow/.local/lib/python3.12/site-packages/airflow/example_dags/tutorial_taskflow_api.py
[2025-09-29T16:21:29.831+0000] {processor.py:840} INFO - DAG(s) 'tutorial_taskflow_api' retrieved from /home/airflow/.local/lib/python3.12/site-packages/airflow/example_dags/tutorial_taskflow_api.py
[2025-09-29T16:21:29.888+0000] {logging_mixin.py:188} INFO - [2025-09-29T16:21:29.887+0000] {dag.py:3089} INFO - Sync 1 DAGs
[2025-09-29T16:21:29.915+0000] {logging_mixin.py:188} INFO - [2025-09-29T16:21:29.914+0000] {dag.py:3947} INFO - Setting next_dagrun for tutorial_taskflow_api to None, run_after=None
[2025-09-29T16:21:29.961+0000] {processor.py:183} INFO - Processing /home/airflow/.local/lib/python3.12/site-packages/airflow/example_dags/tutorial_taskflow_api.py took 0.165 seconds
[2025-09-29T16:22:00.273+0000] {processor.py:161} INFO - Started process (PID=25147) to work on /home/airflow/.local/lib/python3.12/site-packages/airflow/example_dags/tutorial_taskflow_api.py
[2025-09-29T16:22:00.276+0000] {processor.py:830} INFO - Processing file /home/airflow/.local/lib/python3.12/site-packages/airflow/example_dags/tutorial_taskflow_api.py for tasks to queue
[2025-09-29T16:22:00.278+0000] {logging_mixin.py:188} INFO - [2025-09-29T16:22:00.277+0000] {dagbag.py:545} INFO - Filling up the DagBag from /home/airflow/.local/lib/python3.12/site-packages/airflow/example_dags/tutorial_taskflow_api.py
[2025-09-29T16:22:00.291+0000] {processor.py:840} INFO - DAG(s) 'tutorial_taskflow_api' retrieved from /home/airflow/.local/lib/python3.12/site-packages/airflow/example_dags/tutorial_taskflow_api.py
[2025-09-29T16:22:00.349+0000] {logging_mixin.py:188} INFO - [2025-09-29T16:22:00.349+0000] {dag.py:3089} INFO - Sync 1 DAGs
[2025-09-29T16:22:00.377+0000] {logging_mixin.py:188} INFO - [2025-09-29T16:22:00.376+0000] {dag.py:3947} INFO - Setting next_dagrun for tutorial_taskflow_api to None, run_after=None
[2025-09-29T16:22:00.426+0000] {processor.py:183} INFO - Processing /home/airflow/.local/lib/python3.12/site-packages/airflow/example_dags/tutorial_taskflow_api.py took 0.168 seconds
[2025-09-29T16:22:30.564+0000] {processor.py:161} INFO - Started process (PID=25408) to work on /home/airflow/.local/lib/python3.12/site-packages/airflow/example_dags/tutorial_taskflow_api.py
[2025-09-29T16:22:30.567+0000] {processor.py:830} INFO - Processing file /home/airflow/.local/lib/python3.12/site-packages/airflow/example_dags/tutorial_taskflow_api.py for tasks to queue
[2025-09-29T16:22:30.568+0000] {logging_mixin.py:188} INFO - [2025-09-29T16:22:30.568+0000] {dagbag.py:545} INFO - Filling up the DagBag from /home/airflow/.local/lib/python3.12/site-packages/airflow/example_dags/tutorial_taskflow_api.py
[2025-09-29T16:22:30.582+0000] {processor.py:840} INFO - DAG(s) 'tutorial_taskflow_api' retrieved from /home/airflow/.local/lib/python3.12/site-packages/airflow/example_dags/tutorial_taskflow_api.py
[2025-09-29T16:22:30.641+0000] {logging_mixin.py:188} INFO - [2025-09-29T16:22:30.640+0000] {dag.py:3089} INFO - Sync 1 DAGs
[2025-09-29T16:22:30.669+0000] {logging_mixin.py:188} INFO - [2025-09-29T16:22:30.668+0000] {dag.py:3947} INFO - Setting next_dagrun for tutorial_taskflow_api to None, run_after=None
[2025-09-29T16:22:30.713+0000] {processor.py:183} INFO - Processing /home/airflow/.local/lib/python3.12/site-packages/airflow/example_dags/tutorial_taskflow_api.py took 0.163 seconds
[2025-09-29T16:23:01.286+0000] {processor.py:161} INFO - Started process (PID=25669) to work on /home/airflow/.local/lib/python3.12/site-packages/airflow/example_dags/tutorial_taskflow_api.py
[2025-09-29T16:23:01.289+0000] {processor.py:830} INFO - Processing file /home/airflow/.local/lib/python3.12/site-packages/airflow/example_dags/tutorial_taskflow_api.py for tasks to queue
[2025-09-29T16:23:01.291+0000] {logging_mixin.py:188} INFO - [2025-09-29T16:23:01.290+0000] {dagbag.py:545} INFO - Filling up the DagBag from /home/airflow/.local/lib/python3.12/site-packages/airflow/example_dags/tutorial_taskflow_api.py
[2025-09-29T16:23:01.305+0000] {processor.py:840} INFO - DAG(s) 'tutorial_taskflow_api' retrieved from /home/airflow/.local/lib/python3.12/site-packages/airflow/example_dags/tutorial_taskflow_api.py
[2025-09-29T16:23:01.364+0000] {logging_mixin.py:188} INFO - [2025-09-29T16:23:01.364+0000] {dag.py:3089} INFO - Sync 1 DAGs
[2025-09-29T16:23:01.392+0000] {logging_mixin.py:188} INFO - [2025-09-29T16:23:01.391+0000] {dag.py:3947} INFO - Setting next_dagrun for tutorial_taskflow_api to None, run_after=None
[2025-09-29T16:23:01.440+0000] {processor.py:183} INFO - Processing /home/airflow/.local/lib/python3.12/site-packages/airflow/example_dags/tutorial_taskflow_api.py took 0.168 seconds
[2025-09-29T16:23:32.193+0000] {processor.py:161} INFO - Started process (PID=25930) to work on /home/airflow/.local/lib/python3.12/site-packages/airflow/example_dags/tutorial_taskflow_api.py
[2025-09-29T16:23:32.196+0000] {processor.py:830} INFO - Processing file /home/airflow/.local/lib/python3.12/site-packages/airflow/example_dags/tutorial_taskflow_api.py for tasks to queue
[2025-09-29T16:23:32.200+0000] {logging_mixin.py:188} INFO - [2025-09-29T16:23:32.199+0000] {dagbag.py:545} INFO - Filling up the DagBag from /home/airflow/.local/lib/python3.12/site-packages/airflow/example_dags/tutorial_taskflow_api.py
[2025-09-29T16:23:32.222+0000] {processor.py:840} INFO - DAG(s) 'tutorial_taskflow_api' retrieved from /home/airflow/.local/lib/python3.12/site-packages/airflow/example_dags/tutorial_taskflow_api.py
[2025-09-29T16:23:32.288+0000] {logging_mixin.py:188} INFO - [2025-09-29T16:23:32.287+0000] {dag.py:3089} INFO - Sync 1 DAGs
[2025-09-29T16:23:32.320+0000] {logging_mixin.py:188} INFO - [2025-09-29T16:23:32.320+0000] {dag.py:3947} INFO - Setting next_dagrun for tutorial_taskflow_api to None, run_after=None
[2025-09-29T16:23:32.393+0000] {processor.py:183} INFO - Processing /home/airflow/.local/lib/python3.12/site-packages/airflow/example_dags/tutorial_taskflow_api.py took 0.228 seconds
[2025-09-29T16:24:02.957+0000] {processor.py:161} INFO - Started process (PID=26191) to work on /home/airflow/.local/lib/python3.12/site-packages/airflow/example_dags/tutorial_taskflow_api.py
[2025-09-29T16:24:02.961+0000] {processor.py:830} INFO - Processing file /home/airflow/.local/lib/python3.12/site-packages/airflow/example_dags/tutorial_taskflow_api.py for tasks to queue
[2025-09-29T16:24:02.963+0000] {logging_mixin.py:188} INFO - [2025-09-29T16:24:02.962+0000] {dagbag.py:545} INFO - Filling up the DagBag from /home/airflow/.local/lib/python3.12/site-packages/airflow/example_dags/tutorial_taskflow_api.py
[2025-09-29T16:24:02.981+0000] {processor.py:840} INFO - DAG(s) 'tutorial_taskflow_api' retrieved from /home/airflow/.local/lib/python3.12/site-packages/airflow/example_dags/tutorial_taskflow_api.py
[2025-09-29T16:24:03.057+0000] {logging_mixin.py:188} INFO - [2025-09-29T16:24:03.056+0000] {dag.py:3089} INFO - Sync 1 DAGs
[2025-09-29T16:24:03.091+0000] {logging_mixin.py:188} INFO - [2025-09-29T16:24:03.091+0000] {dag.py:3947} INFO - Setting next_dagrun for tutorial_taskflow_api to None, run_after=None
[2025-09-29T16:24:03.146+0000] {processor.py:183} INFO - Processing /home/airflow/.local/lib/python3.12/site-packages/airflow/example_dags/tutorial_taskflow_api.py took 0.208 seconds
[2025-09-29T16:24:33.735+0000] {processor.py:161} INFO - Started process (PID=26452) to work on /home/airflow/.local/lib/python3.12/site-packages/airflow/example_dags/tutorial_taskflow_api.py
[2025-09-29T16:24:33.738+0000] {processor.py:830} INFO - Processing file /home/airflow/.local/lib/python3.12/site-packages/airflow/example_dags/tutorial_taskflow_api.py for tasks to queue
[2025-09-29T16:24:33.740+0000] {logging_mixin.py:188} INFO - [2025-09-29T16:24:33.739+0000] {dagbag.py:545} INFO - Filling up the DagBag from /home/airflow/.local/lib/python3.12/site-packages/airflow/example_dags/tutorial_taskflow_api.py
[2025-09-29T16:24:33.756+0000] {processor.py:840} INFO - DAG(s) 'tutorial_taskflow_api' retrieved from /home/airflow/.local/lib/python3.12/site-packages/airflow/example_dags/tutorial_taskflow_api.py
[2025-09-29T16:24:33.834+0000] {logging_mixin.py:188} INFO - [2025-09-29T16:24:33.834+0000] {dag.py:3089} INFO - Sync 1 DAGs
[2025-09-29T16:24:33.871+0000] {logging_mixin.py:188} INFO - [2025-09-29T16:24:33.871+0000] {dag.py:3947} INFO - Setting next_dagrun for tutorial_taskflow_api to None, run_after=None
[2025-09-29T16:24:33.931+0000] {processor.py:183} INFO - Processing /home/airflow/.local/lib/python3.12/site-packages/airflow/example_dags/tutorial_taskflow_api.py took 0.213 seconds
[2025-09-29T16:25:04.140+0000] {processor.py:161} INFO - Started process (PID=26713) to work on /home/airflow/.local/lib/python3.12/site-packages/airflow/example_dags/tutorial_taskflow_api.py
[2025-09-29T16:25:04.144+0000] {processor.py:830} INFO - Processing file /home/airflow/.local/lib/python3.12/site-packages/airflow/example_dags/tutorial_taskflow_api.py for tasks to queue
[2025-09-29T16:25:04.146+0000] {logging_mixin.py:188} INFO - [2025-09-29T16:25:04.145+0000] {dagbag.py:545} INFO - Filling up the DagBag from /home/airflow/.local/lib/python3.12/site-packages/airflow/example_dags/tutorial_taskflow_api.py
[2025-09-29T16:25:04.160+0000] {processor.py:840} INFO - DAG(s) 'tutorial_taskflow_api' retrieved from /home/airflow/.local/lib/python3.12/site-packages/airflow/example_dags/tutorial_taskflow_api.py
[2025-09-29T16:25:04.218+0000] {logging_mixin.py:188} INFO - [2025-09-29T16:25:04.217+0000] {dag.py:3089} INFO - Sync 1 DAGs
[2025-09-29T16:25:04.246+0000] {logging_mixin.py:188} INFO - [2025-09-29T16:25:04.245+0000] {dag.py:3947} INFO - Setting next_dagrun for tutorial_taskflow_api to None, run_after=None
[2025-09-29T16:25:04.295+0000] {processor.py:183} INFO - Processing /home/airflow/.local/lib/python3.12/site-packages/airflow/example_dags/tutorial_taskflow_api.py took 0.169 seconds
[2025-09-29T16:25:34.989+0000] {processor.py:161} INFO - Started process (PID=26974) to work on /home/airflow/.local/lib/python3.12/site-packages/airflow/example_dags/tutorial_taskflow_api.py
[2025-09-29T16:25:34.991+0000] {processor.py:830} INFO - Processing file /home/airflow/.local/lib/python3.12/site-packages/airflow/example_dags/tutorial_taskflow_api.py for tasks to queue
[2025-09-29T16:25:34.993+0000] {logging_mixin.py:188} INFO - [2025-09-29T16:25:34.992+0000] {dagbag.py:545} INFO - Filling up the DagBag from /home/airflow/.local/lib/python3.12/site-packages/airflow/example_dags/tutorial_taskflow_api.py
[2025-09-29T16:25:35.008+0000] {processor.py:840} INFO - DAG(s) 'tutorial_taskflow_api' retrieved from /home/airflow/.local/lib/python3.12/site-packages/airflow/example_dags/tutorial_taskflow_api.py
[2025-09-29T16:25:35.067+0000] {logging_mixin.py:188} INFO - [2025-09-29T16:25:35.066+0000] {dag.py:3089} INFO - Sync 1 DAGs
[2025-09-29T16:25:35.096+0000] {logging_mixin.py:188} INFO - [2025-09-29T16:25:35.095+0000] {dag.py:3947} INFO - Setting next_dagrun for tutorial_taskflow_api to None, run_after=None
[2025-09-29T16:25:35.144+0000] {processor.py:183} INFO - Processing /home/airflow/.local/lib/python3.12/site-packages/airflow/example_dags/tutorial_taskflow_api.py took 0.171 seconds
[2025-09-29T16:26:05.293+0000] {processor.py:161} INFO - Started process (PID=27235) to work on /home/airflow/.local/lib/python3.12/site-packages/airflow/example_dags/tutorial_taskflow_api.py
[2025-09-29T16:26:05.296+0000] {processor.py:830} INFO - Processing file /home/airflow/.local/lib/python3.12/site-packages/airflow/example_dags/tutorial_taskflow_api.py for tasks to queue
[2025-09-29T16:26:05.298+0000] {logging_mixin.py:188} INFO - [2025-09-29T16:26:05.297+0000] {dagbag.py:545} INFO - Filling up the DagBag from /home/airflow/.local/lib/python3.12/site-packages/airflow/example_dags/tutorial_taskflow_api.py
[2025-09-29T16:26:05.316+0000] {processor.py:840} INFO - DAG(s) 'tutorial_taskflow_api' retrieved from /home/airflow/.local/lib/python3.12/site-packages/airflow/example_dags/tutorial_taskflow_api.py
[2025-09-29T16:26:05.382+0000] {logging_mixin.py:188} INFO - [2025-09-29T16:26:05.381+0000] {dag.py:3089} INFO - Sync 1 DAGs
[2025-09-29T16:26:05.415+0000] {logging_mixin.py:188} INFO - [2025-09-29T16:26:05.414+0000] {dag.py:3947} INFO - Setting next_dagrun for tutorial_taskflow_api to None, run_after=None
[2025-09-29T16:26:05.471+0000] {processor.py:183} INFO - Processing /home/airflow/.local/lib/python3.12/site-packages/airflow/example_dags/tutorial_taskflow_api.py took 0.193 seconds
[2025-09-29T16:26:36.073+0000] {processor.py:161} INFO - Started process (PID=27494) to work on /home/airflow/.local/lib/python3.12/site-packages/airflow/example_dags/tutorial_taskflow_api.py
[2025-09-29T16:26:36.076+0000] {processor.py:830} INFO - Processing file /home/airflow/.local/lib/python3.12/site-packages/airflow/example_dags/tutorial_taskflow_api.py for tasks to queue
[2025-09-29T16:26:36.078+0000] {logging_mixin.py:188} INFO - [2025-09-29T16:26:36.077+0000] {dagbag.py:545} INFO - Filling up the DagBag from /home/airflow/.local/lib/python3.12/site-packages/airflow/example_dags/tutorial_taskflow_api.py
[2025-09-29T16:26:36.093+0000] {processor.py:840} INFO - DAG(s) 'tutorial_taskflow_api' retrieved from /home/airflow/.local/lib/python3.12/site-packages/airflow/example_dags/tutorial_taskflow_api.py
[2025-09-29T16:26:36.153+0000] {logging_mixin.py:188} INFO - [2025-09-29T16:26:36.153+0000] {dag.py:3089} INFO - Sync 1 DAGs
[2025-09-29T16:26:36.183+0000] {logging_mixin.py:188} INFO - [2025-09-29T16:26:36.182+0000] {dag.py:3947} INFO - Setting next_dagrun for tutorial_taskflow_api to None, run_after=None
[2025-09-29T16:26:36.230+0000] {processor.py:183} INFO - Processing /home/airflow/.local/lib/python3.12/site-packages/airflow/example_dags/tutorial_taskflow_api.py took 0.172 seconds
[2025-09-29T16:27:06.939+0000] {processor.py:161} INFO - Started process (PID=27752) to work on /home/airflow/.local/lib/python3.12/site-packages/airflow/example_dags/tutorial_taskflow_api.py
[2025-09-29T16:27:06.942+0000] {processor.py:830} INFO - Processing file /home/airflow/.local/lib/python3.12/site-packages/airflow/example_dags/tutorial_taskflow_api.py for tasks to queue
[2025-09-29T16:27:06.944+0000] {logging_mixin.py:188} INFO - [2025-09-29T16:27:06.943+0000] {dagbag.py:545} INFO - Filling up the DagBag from /home/airflow/.local/lib/python3.12/site-packages/airflow/example_dags/tutorial_taskflow_api.py
[2025-09-29T16:27:06.961+0000] {processor.py:840} INFO - DAG(s) 'tutorial_taskflow_api' retrieved from /home/airflow/.local/lib/python3.12/site-packages/airflow/example_dags/tutorial_taskflow_api.py
[2025-09-29T16:27:07.022+0000] {logging_mixin.py:188} INFO - [2025-09-29T16:27:07.022+0000] {dag.py:3089} INFO - Sync 1 DAGs
[2025-09-29T16:27:07.053+0000] {logging_mixin.py:188} INFO - [2025-09-29T16:27:07.052+0000] {dag.py:3947} INFO - Setting next_dagrun for tutorial_taskflow_api to None, run_after=None
[2025-09-29T16:27:07.107+0000] {processor.py:183} INFO - Processing /home/airflow/.local/lib/python3.12/site-packages/airflow/example_dags/tutorial_taskflow_api.py took 0.183 seconds
[2025-09-29T16:27:37.350+0000] {processor.py:161} INFO - Started process (PID=28018) to work on /home/airflow/.local/lib/python3.12/site-packages/airflow/example_dags/tutorial_taskflow_api.py
[2025-09-29T16:27:37.355+0000] {processor.py:830} INFO - Processing file /home/airflow/.local/lib/python3.12/site-packages/airflow/example_dags/tutorial_taskflow_api.py for tasks to queue
[2025-09-29T16:27:37.359+0000] {logging_mixin.py:188} INFO - [2025-09-29T16:27:37.357+0000] {dagbag.py:545} INFO - Filling up the DagBag from /home/airflow/.local/lib/python3.12/site-packages/airflow/example_dags/tutorial_taskflow_api.py
[2025-09-29T16:27:37.378+0000] {processor.py:840} INFO - DAG(s) 'tutorial_taskflow_api' retrieved from /home/airflow/.local/lib/python3.12/site-packages/airflow/example_dags/tutorial_taskflow_api.py
[2025-09-29T16:27:37.436+0000] {logging_mixin.py:188} INFO - [2025-09-29T16:27:37.436+0000] {dag.py:3089} INFO - Sync 1 DAGs
[2025-09-29T16:27:37.467+0000] {logging_mixin.py:188} INFO - [2025-09-29T16:27:37.466+0000] {dag.py:3947} INFO - Setting next_dagrun for tutorial_taskflow_api to None, run_after=None
[2025-09-29T16:27:37.522+0000] {processor.py:183} INFO - Processing /home/airflow/.local/lib/python3.12/site-packages/airflow/example_dags/tutorial_taskflow_api.py took 0.189 seconds
[2025-09-29T16:28:09.057+0000] {processor.py:161} INFO - Started process (PID=28279) to work on /home/airflow/.local/lib/python3.12/site-packages/airflow/example_dags/tutorial_taskflow_api.py
[2025-09-29T16:28:09.061+0000] {processor.py:830} INFO - Processing file /home/airflow/.local/lib/python3.12/site-packages/airflow/example_dags/tutorial_taskflow_api.py for tasks to queue
[2025-09-29T16:28:09.063+0000] {logging_mixin.py:188} INFO - [2025-09-29T16:28:09.062+0000] {dagbag.py:545} INFO - Filling up the DagBag from /home/airflow/.local/lib/python3.12/site-packages/airflow/example_dags/tutorial_taskflow_api.py
[2025-09-29T16:28:09.085+0000] {processor.py:840} INFO - DAG(s) 'tutorial_taskflow_api' retrieved from /home/airflow/.local/lib/python3.12/site-packages/airflow/example_dags/tutorial_taskflow_api.py
[2025-09-29T16:28:09.154+0000] {logging_mixin.py:188} INFO - [2025-09-29T16:28:09.153+0000] {dag.py:3089} INFO - Sync 1 DAGs
[2025-09-29T16:28:09.196+0000] {logging_mixin.py:188} INFO - [2025-09-29T16:28:09.195+0000] {dag.py:3947} INFO - Setting next_dagrun for tutorial_taskflow_api to None, run_after=None
[2025-09-29T16:28:09.259+0000] {processor.py:183} INFO - Processing /home/airflow/.local/lib/python3.12/site-packages/airflow/example_dags/tutorial_taskflow_api.py took 0.221 seconds
[2025-09-29T16:28:39.391+0000] {processor.py:161} INFO - Started process (PID=28538) to work on /home/airflow/.local/lib/python3.12/site-packages/airflow/example_dags/tutorial_taskflow_api.py
[2025-09-29T16:28:39.394+0000] {processor.py:830} INFO - Processing file /home/airflow/.local/lib/python3.12/site-packages/airflow/example_dags/tutorial_taskflow_api.py for tasks to queue
[2025-09-29T16:28:39.397+0000] {logging_mixin.py:188} INFO - [2025-09-29T16:28:39.395+0000] {dagbag.py:545} INFO - Filling up the DagBag from /home/airflow/.local/lib/python3.12/site-packages/airflow/example_dags/tutorial_taskflow_api.py
[2025-09-29T16:28:39.420+0000] {processor.py:840} INFO - DAG(s) 'tutorial_taskflow_api' retrieved from /home/airflow/.local/lib/python3.12/site-packages/airflow/example_dags/tutorial_taskflow_api.py
[2025-09-29T16:28:39.489+0000] {logging_mixin.py:188} INFO - [2025-09-29T16:28:39.488+0000] {dag.py:3089} INFO - Sync 1 DAGs
[2025-09-29T16:28:39.533+0000] {logging_mixin.py:188} INFO - [2025-09-29T16:28:39.532+0000] {dag.py:3947} INFO - Setting next_dagrun for tutorial_taskflow_api to None, run_after=None
[2025-09-29T16:28:39.586+0000] {processor.py:183} INFO - Processing /home/airflow/.local/lib/python3.12/site-packages/airflow/example_dags/tutorial_taskflow_api.py took 0.215 seconds
[2025-09-29T16:29:09.765+0000] {processor.py:161} INFO - Started process (PID=28794) to work on /home/airflow/.local/lib/python3.12/site-packages/airflow/example_dags/tutorial_taskflow_api.py
[2025-09-29T16:29:09.767+0000] {processor.py:830} INFO - Processing file /home/airflow/.local/lib/python3.12/site-packages/airflow/example_dags/tutorial_taskflow_api.py for tasks to queue
[2025-09-29T16:29:09.770+0000] {logging_mixin.py:188} INFO - [2025-09-29T16:29:09.769+0000] {dagbag.py:545} INFO - Filling up the DagBag from /home/airflow/.local/lib/python3.12/site-packages/airflow/example_dags/tutorial_taskflow_api.py
[2025-09-29T16:29:09.787+0000] {processor.py:840} INFO - DAG(s) 'tutorial_taskflow_api' retrieved from /home/airflow/.local/lib/python3.12/site-packages/airflow/example_dags/tutorial_taskflow_api.py
[2025-09-29T16:29:09.886+0000] {logging_mixin.py:188} INFO - [2025-09-29T16:29:09.886+0000] {dag.py:3089} INFO - Sync 1 DAGs
[2025-09-29T16:29:09.930+0000] {logging_mixin.py:188} INFO - [2025-09-29T16:29:09.930+0000] {dag.py:3947} INFO - Setting next_dagrun for tutorial_taskflow_api to None, run_after=None
[2025-09-29T16:29:09.981+0000] {processor.py:183} INFO - Processing /home/airflow/.local/lib/python3.12/site-packages/airflow/example_dags/tutorial_taskflow_api.py took 0.233 seconds
[2025-09-29T16:29:41.041+0000] {processor.py:161} INFO - Started process (PID=29055) to work on /home/airflow/.local/lib/python3.12/site-packages/airflow/example_dags/tutorial_taskflow_api.py
[2025-09-29T16:29:41.043+0000] {processor.py:830} INFO - Processing file /home/airflow/.local/lib/python3.12/site-packages/airflow/example_dags/tutorial_taskflow_api.py for tasks to queue
[2025-09-29T16:29:41.045+0000] {logging_mixin.py:188} INFO - [2025-09-29T16:29:41.044+0000] {dagbag.py:545} INFO - Filling up the DagBag from /home/airflow/.local/lib/python3.12/site-packages/airflow/example_dags/tutorial_taskflow_api.py
[2025-09-29T16:29:41.061+0000] {processor.py:840} INFO - DAG(s) 'tutorial_taskflow_api' retrieved from /home/airflow/.local/lib/python3.12/site-packages/airflow/example_dags/tutorial_taskflow_api.py
[2025-09-29T16:29:41.115+0000] {logging_mixin.py:188} INFO - [2025-09-29T16:29:41.115+0000] {dag.py:3089} INFO - Sync 1 DAGs
[2025-09-29T16:29:41.143+0000] {logging_mixin.py:188} INFO - [2025-09-29T16:29:41.143+0000] {dag.py:3947} INFO - Setting next_dagrun for tutorial_taskflow_api to None, run_after=None
[2025-09-29T16:29:41.192+0000] {processor.py:183} INFO - Processing /home/airflow/.local/lib/python3.12/site-packages/airflow/example_dags/tutorial_taskflow_api.py took 0.169 seconds
[2025-09-29T16:30:11.549+0000] {processor.py:161} INFO - Started process (PID=29316) to work on /home/airflow/.local/lib/python3.12/site-packages/airflow/example_dags/tutorial_taskflow_api.py
[2025-09-29T16:30:11.552+0000] {processor.py:830} INFO - Processing file /home/airflow/.local/lib/python3.12/site-packages/airflow/example_dags/tutorial_taskflow_api.py for tasks to queue
[2025-09-29T16:30:11.554+0000] {logging_mixin.py:188} INFO - [2025-09-29T16:30:11.553+0000] {dagbag.py:545} INFO - Filling up the DagBag from /home/airflow/.local/lib/python3.12/site-packages/airflow/example_dags/tutorial_taskflow_api.py
[2025-09-29T16:30:11.571+0000] {processor.py:840} INFO - DAG(s) 'tutorial_taskflow_api' retrieved from /home/airflow/.local/lib/python3.12/site-packages/airflow/example_dags/tutorial_taskflow_api.py
[2025-09-29T16:30:11.639+0000] {logging_mixin.py:188} INFO - [2025-09-29T16:30:11.638+0000] {dag.py:3089} INFO - Sync 1 DAGs
[2025-09-29T16:30:11.682+0000] {logging_mixin.py:188} INFO - [2025-09-29T16:30:11.681+0000] {dag.py:3947} INFO - Setting next_dagrun for tutorial_taskflow_api to None, run_after=None
[2025-09-29T16:30:11.751+0000] {processor.py:183} INFO - Processing /home/airflow/.local/lib/python3.12/site-packages/airflow/example_dags/tutorial_taskflow_api.py took 0.221 seconds
[2025-09-29T16:30:41.977+0000] {processor.py:161} INFO - Started process (PID=29577) to work on /home/airflow/.local/lib/python3.12/site-packages/airflow/example_dags/tutorial_taskflow_api.py
[2025-09-29T16:30:41.979+0000] {processor.py:830} INFO - Processing file /home/airflow/.local/lib/python3.12/site-packages/airflow/example_dags/tutorial_taskflow_api.py for tasks to queue
[2025-09-29T16:30:41.981+0000] {logging_mixin.py:188} INFO - [2025-09-29T16:30:41.980+0000] {dagbag.py:545} INFO - Filling up the DagBag from /home/airflow/.local/lib/python3.12/site-packages/airflow/example_dags/tutorial_taskflow_api.py
[2025-09-29T16:30:41.999+0000] {processor.py:840} INFO - DAG(s) 'tutorial_taskflow_api' retrieved from /home/airflow/.local/lib/python3.12/site-packages/airflow/example_dags/tutorial_taskflow_api.py
[2025-09-29T16:30:42.061+0000] {logging_mixin.py:188} INFO - [2025-09-29T16:30:42.061+0000] {dag.py:3089} INFO - Sync 1 DAGs
[2025-09-29T16:30:42.093+0000] {logging_mixin.py:188} INFO - [2025-09-29T16:30:42.092+0000] {dag.py:3947} INFO - Setting next_dagrun for tutorial_taskflow_api to None, run_after=None
[2025-09-29T16:30:42.145+0000] {processor.py:183} INFO - Processing /home/airflow/.local/lib/python3.12/site-packages/airflow/example_dags/tutorial_taskflow_api.py took 0.185 seconds
[2025-09-29T16:31:12.970+0000] {processor.py:161} INFO - Started process (PID=29838) to work on /home/airflow/.local/lib/python3.12/site-packages/airflow/example_dags/tutorial_taskflow_api.py
[2025-09-29T16:31:12.974+0000] {processor.py:830} INFO - Processing file /home/airflow/.local/lib/python3.12/site-packages/airflow/example_dags/tutorial_taskflow_api.py for tasks to queue
[2025-09-29T16:31:12.976+0000] {logging_mixin.py:188} INFO - [2025-09-29T16:31:12.975+0000] {dagbag.py:545} INFO - Filling up the DagBag from /home/airflow/.local/lib/python3.12/site-packages/airflow/example_dags/tutorial_taskflow_api.py
[2025-09-29T16:31:13.004+0000] {processor.py:840} INFO - DAG(s) 'tutorial_taskflow_api' retrieved from /home/airflow/.local/lib/python3.12/site-packages/airflow/example_dags/tutorial_taskflow_api.py
[2025-09-29T16:31:13.076+0000] {logging_mixin.py:188} INFO - [2025-09-29T16:31:13.076+0000] {dag.py:3089} INFO - Sync 1 DAGs
[2025-09-29T16:31:13.119+0000] {logging_mixin.py:188} INFO - [2025-09-29T16:31:13.118+0000] {dag.py:3947} INFO - Setting next_dagrun for tutorial_taskflow_api to None, run_after=None
[2025-09-29T16:31:13.182+0000] {processor.py:183} INFO - Processing /home/airflow/.local/lib/python3.12/site-packages/airflow/example_dags/tutorial_taskflow_api.py took 0.232 seconds
[2025-09-29T16:31:43.322+0000] {processor.py:161} INFO - Started process (PID=30099) to work on /home/airflow/.local/lib/python3.12/site-packages/airflow/example_dags/tutorial_taskflow_api.py
[2025-09-29T16:31:43.325+0000] {processor.py:830} INFO - Processing file /home/airflow/.local/lib/python3.12/site-packages/airflow/example_dags/tutorial_taskflow_api.py for tasks to queue
[2025-09-29T16:31:43.327+0000] {logging_mixin.py:188} INFO - [2025-09-29T16:31:43.326+0000] {dagbag.py:545} INFO - Filling up the DagBag from /home/airflow/.local/lib/python3.12/site-packages/airflow/example_dags/tutorial_taskflow_api.py
[2025-09-29T16:31:43.345+0000] {processor.py:840} INFO - DAG(s) 'tutorial_taskflow_api' retrieved from /home/airflow/.local/lib/python3.12/site-packages/airflow/example_dags/tutorial_taskflow_api.py
[2025-09-29T16:31:43.405+0000] {logging_mixin.py:188} INFO - [2025-09-29T16:31:43.404+0000] {dag.py:3089} INFO - Sync 1 DAGs
[2025-09-29T16:31:43.436+0000] {logging_mixin.py:188} INFO - [2025-09-29T16:31:43.435+0000] {dag.py:3947} INFO - Setting next_dagrun for tutorial_taskflow_api to None, run_after=None
[2025-09-29T16:31:43.486+0000] {processor.py:183} INFO - Processing /home/airflow/.local/lib/python3.12/site-packages/airflow/example_dags/tutorial_taskflow_api.py took 0.180 seconds
[2025-09-29T16:32:13.891+0000] {processor.py:161} INFO - Started process (PID=30360) to work on /home/airflow/.local/lib/python3.12/site-packages/airflow/example_dags/tutorial_taskflow_api.py
[2025-09-29T16:32:13.929+0000] {processor.py:830} INFO - Processing file /home/airflow/.local/lib/python3.12/site-packages/airflow/example_dags/tutorial_taskflow_api.py for tasks to queue
[2025-09-29T16:32:13.931+0000] {logging_mixin.py:188} INFO - [2025-09-29T16:32:13.930+0000] {dagbag.py:545} INFO - Filling up the DagBag from /home/airflow/.local/lib/python3.12/site-packages/airflow/example_dags/tutorial_taskflow_api.py
[2025-09-29T16:32:13.947+0000] {processor.py:840} INFO - DAG(s) 'tutorial_taskflow_api' retrieved from /home/airflow/.local/lib/python3.12/site-packages/airflow/example_dags/tutorial_taskflow_api.py
[2025-09-29T16:32:14.007+0000] {logging_mixin.py:188} INFO - [2025-09-29T16:32:14.006+0000] {dag.py:3089} INFO - Sync 1 DAGs
[2025-09-29T16:32:14.040+0000] {logging_mixin.py:188} INFO - [2025-09-29T16:32:14.040+0000] {dag.py:3947} INFO - Setting next_dagrun for tutorial_taskflow_api to None, run_after=None
[2025-09-29T16:32:14.181+0000] {processor.py:183} INFO - Processing /home/airflow/.local/lib/python3.12/site-packages/airflow/example_dags/tutorial_taskflow_api.py took 0.304 seconds
[2025-09-29T16:32:44.412+0000] {processor.py:161} INFO - Started process (PID=30621) to work on /home/airflow/.local/lib/python3.12/site-packages/airflow/example_dags/tutorial_taskflow_api.py
[2025-09-29T16:32:44.414+0000] {processor.py:830} INFO - Processing file /home/airflow/.local/lib/python3.12/site-packages/airflow/example_dags/tutorial_taskflow_api.py for tasks to queue
[2025-09-29T16:32:44.416+0000] {logging_mixin.py:188} INFO - [2025-09-29T16:32:44.415+0000] {dagbag.py:545} INFO - Filling up the DagBag from /home/airflow/.local/lib/python3.12/site-packages/airflow/example_dags/tutorial_taskflow_api.py
[2025-09-29T16:32:44.434+0000] {processor.py:840} INFO - DAG(s) 'tutorial_taskflow_api' retrieved from /home/airflow/.local/lib/python3.12/site-packages/airflow/example_dags/tutorial_taskflow_api.py
[2025-09-29T16:32:44.495+0000] {logging_mixin.py:188} INFO - [2025-09-29T16:32:44.495+0000] {dag.py:3089} INFO - Sync 1 DAGs
[2025-09-29T16:32:44.528+0000] {logging_mixin.py:188} INFO - [2025-09-29T16:32:44.528+0000] {dag.py:3947} INFO - Setting next_dagrun for tutorial_taskflow_api to None, run_after=None
[2025-09-29T16:32:44.589+0000] {processor.py:183} INFO - Processing /home/airflow/.local/lib/python3.12/site-packages/airflow/example_dags/tutorial_taskflow_api.py took 0.194 seconds
[2025-09-29T16:33:14.841+0000] {processor.py:161} INFO - Started process (PID=30882) to work on /home/airflow/.local/lib/python3.12/site-packages/airflow/example_dags/tutorial_taskflow_api.py
[2025-09-29T16:33:14.845+0000] {processor.py:830} INFO - Processing file /home/airflow/.local/lib/python3.12/site-packages/airflow/example_dags/tutorial_taskflow_api.py for tasks to queue
[2025-09-29T16:33:14.848+0000] {logging_mixin.py:188} INFO - [2025-09-29T16:33:14.847+0000] {dagbag.py:545} INFO - Filling up the DagBag from /home/airflow/.local/lib/python3.12/site-packages/airflow/example_dags/tutorial_taskflow_api.py
[2025-09-29T16:33:14.871+0000] {processor.py:840} INFO - DAG(s) 'tutorial_taskflow_api' retrieved from /home/airflow/.local/lib/python3.12/site-packages/airflow/example_dags/tutorial_taskflow_api.py
[2025-09-29T16:33:14.945+0000] {logging_mixin.py:188} INFO - [2025-09-29T16:33:14.945+0000] {dag.py:3089} INFO - Sync 1 DAGs
[2025-09-29T16:33:14.986+0000] {logging_mixin.py:188} INFO - [2025-09-29T16:33:14.986+0000] {dag.py:3947} INFO - Setting next_dagrun for tutorial_taskflow_api to None, run_after=None
[2025-09-29T16:33:15.057+0000] {processor.py:183} INFO - Processing /home/airflow/.local/lib/python3.12/site-packages/airflow/example_dags/tutorial_taskflow_api.py took 0.236 seconds
[2025-09-29T16:33:45.177+0000] {processor.py:161} INFO - Started process (PID=31138) to work on /home/airflow/.local/lib/python3.12/site-packages/airflow/example_dags/tutorial_taskflow_api.py
[2025-09-29T16:33:45.180+0000] {processor.py:830} INFO - Processing file /home/airflow/.local/lib/python3.12/site-packages/airflow/example_dags/tutorial_taskflow_api.py for tasks to queue
[2025-09-29T16:33:45.183+0000] {logging_mixin.py:188} INFO - [2025-09-29T16:33:45.182+0000] {dagbag.py:545} INFO - Filling up the DagBag from /home/airflow/.local/lib/python3.12/site-packages/airflow/example_dags/tutorial_taskflow_api.py
[2025-09-29T16:33:45.211+0000] {processor.py:840} INFO - DAG(s) 'tutorial_taskflow_api' retrieved from /home/airflow/.local/lib/python3.12/site-packages/airflow/example_dags/tutorial_taskflow_api.py
[2025-09-29T16:33:45.297+0000] {logging_mixin.py:188} INFO - [2025-09-29T16:33:45.296+0000] {dag.py:3089} INFO - Sync 1 DAGs
[2025-09-29T16:33:45.332+0000] {logging_mixin.py:188} INFO - [2025-09-29T16:33:45.331+0000] {dag.py:3947} INFO - Setting next_dagrun for tutorial_taskflow_api to None, run_after=None
[2025-09-29T16:33:45.382+0000] {processor.py:183} INFO - Processing /home/airflow/.local/lib/python3.12/site-packages/airflow/example_dags/tutorial_taskflow_api.py took 0.230 seconds
[2025-09-29T16:34:15.875+0000] {processor.py:161} INFO - Started process (PID=31398) to work on /home/airflow/.local/lib/python3.12/site-packages/airflow/example_dags/tutorial_taskflow_api.py
[2025-09-29T16:34:15.878+0000] {processor.py:830} INFO - Processing file /home/airflow/.local/lib/python3.12/site-packages/airflow/example_dags/tutorial_taskflow_api.py for tasks to queue
[2025-09-29T16:34:15.880+0000] {logging_mixin.py:188} INFO - [2025-09-29T16:34:15.879+0000] {dagbag.py:545} INFO - Filling up the DagBag from /home/airflow/.local/lib/python3.12/site-packages/airflow/example_dags/tutorial_taskflow_api.py
[2025-09-29T16:34:15.895+0000] {processor.py:840} INFO - DAG(s) 'tutorial_taskflow_api' retrieved from /home/airflow/.local/lib/python3.12/site-packages/airflow/example_dags/tutorial_taskflow_api.py
[2025-09-29T16:34:15.960+0000] {logging_mixin.py:188} INFO - [2025-09-29T16:34:15.959+0000] {dag.py:3089} INFO - Sync 1 DAGs
[2025-09-29T16:34:15.989+0000] {logging_mixin.py:188} INFO - [2025-09-29T16:34:15.989+0000] {dag.py:3947} INFO - Setting next_dagrun for tutorial_taskflow_api to None, run_after=None
[2025-09-29T16:34:16.040+0000] {processor.py:183} INFO - Processing /home/airflow/.local/lib/python3.12/site-packages/airflow/example_dags/tutorial_taskflow_api.py took 0.180 seconds
[2025-09-29T16:34:46.376+0000] {processor.py:161} INFO - Started process (PID=31659) to work on /home/airflow/.local/lib/python3.12/site-packages/airflow/example_dags/tutorial_taskflow_api.py
[2025-09-29T16:34:46.379+0000] {processor.py:830} INFO - Processing file /home/airflow/.local/lib/python3.12/site-packages/airflow/example_dags/tutorial_taskflow_api.py for tasks to queue
[2025-09-29T16:34:46.381+0000] {logging_mixin.py:188} INFO - [2025-09-29T16:34:46.380+0000] {dagbag.py:545} INFO - Filling up the DagBag from /home/airflow/.local/lib/python3.12/site-packages/airflow/example_dags/tutorial_taskflow_api.py
[2025-09-29T16:34:46.408+0000] {processor.py:840} INFO - DAG(s) 'tutorial_taskflow_api' retrieved from /home/airflow/.local/lib/python3.12/site-packages/airflow/example_dags/tutorial_taskflow_api.py
[2025-09-29T16:34:46.484+0000] {logging_mixin.py:188} INFO - [2025-09-29T16:34:46.483+0000] {dag.py:3089} INFO - Sync 1 DAGs
[2025-09-29T16:34:46.520+0000] {logging_mixin.py:188} INFO - [2025-09-29T16:34:46.519+0000] {dag.py:3947} INFO - Setting next_dagrun for tutorial_taskflow_api to None, run_after=None
[2025-09-29T16:34:46.569+0000] {processor.py:183} INFO - Processing /home/airflow/.local/lib/python3.12/site-packages/airflow/example_dags/tutorial_taskflow_api.py took 0.208 seconds
[2025-09-29T16:47:33.355+0000] {processor.py:161} INFO - Started process (PID=306) to work on /home/airflow/.local/lib/python3.12/site-packages/airflow/example_dags/tutorial_taskflow_api.py
[2025-09-29T16:47:33.360+0000] {processor.py:830} INFO - Processing file /home/airflow/.local/lib/python3.12/site-packages/airflow/example_dags/tutorial_taskflow_api.py for tasks to queue
[2025-09-29T16:47:33.365+0000] {logging_mixin.py:188} INFO - [2025-09-29T16:47:33.364+0000] {dagbag.py:545} INFO - Filling up the DagBag from /home/airflow/.local/lib/python3.12/site-packages/airflow/example_dags/tutorial_taskflow_api.py
[2025-09-29T16:47:33.393+0000] {processor.py:840} INFO - DAG(s) 'tutorial_taskflow_api' retrieved from /home/airflow/.local/lib/python3.12/site-packages/airflow/example_dags/tutorial_taskflow_api.py
[2025-09-29T16:47:33.444+0000] {logging_mixin.py:188} INFO - [2025-09-29T16:47:33.443+0000] {dag.py:3089} INFO - Sync 1 DAGs
[2025-09-29T16:47:33.484+0000] {logging_mixin.py:188} INFO - [2025-09-29T16:47:33.483+0000] {dag.py:3947} INFO - Setting next_dagrun for tutorial_taskflow_api to None, run_after=None
[2025-09-29T16:47:33.559+0000] {processor.py:183} INFO - Processing /home/airflow/.local/lib/python3.12/site-packages/airflow/example_dags/tutorial_taskflow_api.py took 0.224 seconds
[2025-09-29T16:48:09.595+0000] {processor.py:161} INFO - Started process (PID=581) to work on /home/airflow/.local/lib/python3.12/site-packages/airflow/example_dags/tutorial_taskflow_api.py
[2025-09-29T16:48:09.598+0000] {processor.py:830} INFO - Processing file /home/airflow/.local/lib/python3.12/site-packages/airflow/example_dags/tutorial_taskflow_api.py for tasks to queue
[2025-09-29T16:48:09.603+0000] {logging_mixin.py:188} INFO - [2025-09-29T16:48:09.602+0000] {dagbag.py:545} INFO - Filling up the DagBag from /home/airflow/.local/lib/python3.12/site-packages/airflow/example_dags/tutorial_taskflow_api.py
[2025-09-29T16:48:09.621+0000] {processor.py:840} INFO - DAG(s) 'tutorial_taskflow_api' retrieved from /home/airflow/.local/lib/python3.12/site-packages/airflow/example_dags/tutorial_taskflow_api.py
[2025-09-29T16:48:10.094+0000] {logging_mixin.py:188} INFO - [2025-09-29T16:48:10.094+0000] {dag.py:3089} INFO - Sync 1 DAGs
[2025-09-29T16:48:10.126+0000] {logging_mixin.py:188} INFO - [2025-09-29T16:48:10.125+0000] {dag.py:3947} INFO - Setting next_dagrun for tutorial_taskflow_api to None, run_after=None
[2025-09-29T16:48:10.186+0000] {processor.py:183} INFO - Processing /home/airflow/.local/lib/python3.12/site-packages/airflow/example_dags/tutorial_taskflow_api.py took 0.611 seconds
[2025-09-29T16:48:40.684+0000] {processor.py:161} INFO - Started process (PID=851) to work on /home/airflow/.local/lib/python3.12/site-packages/airflow/example_dags/tutorial_taskflow_api.py
[2025-09-29T16:48:40.686+0000] {processor.py:830} INFO - Processing file /home/airflow/.local/lib/python3.12/site-packages/airflow/example_dags/tutorial_taskflow_api.py for tasks to queue
[2025-09-29T16:48:40.690+0000] {logging_mixin.py:188} INFO - [2025-09-29T16:48:40.690+0000] {dagbag.py:545} INFO - Filling up the DagBag from /home/airflow/.local/lib/python3.12/site-packages/airflow/example_dags/tutorial_taskflow_api.py
[2025-09-29T16:48:40.705+0000] {processor.py:840} INFO - DAG(s) 'tutorial_taskflow_api' retrieved from /home/airflow/.local/lib/python3.12/site-packages/airflow/example_dags/tutorial_taskflow_api.py
[2025-09-29T16:48:40.765+0000] {logging_mixin.py:188} INFO - [2025-09-29T16:48:40.764+0000] {dag.py:3089} INFO - Sync 1 DAGs
[2025-09-29T16:48:40.796+0000] {logging_mixin.py:188} INFO - [2025-09-29T16:48:40.795+0000] {dag.py:3947} INFO - Setting next_dagrun for tutorial_taskflow_api to None, run_after=None
[2025-09-29T16:48:40.844+0000] {processor.py:183} INFO - Processing /home/airflow/.local/lib/python3.12/site-packages/airflow/example_dags/tutorial_taskflow_api.py took 0.175 seconds
[2025-09-29T16:55:36.130+0000] {processor.py:161} INFO - Started process (PID=325) to work on /home/airflow/.local/lib/python3.12/site-packages/airflow/example_dags/tutorial_taskflow_api.py
[2025-09-29T16:55:36.134+0000] {processor.py:830} INFO - Processing file /home/airflow/.local/lib/python3.12/site-packages/airflow/example_dags/tutorial_taskflow_api.py for tasks to queue
[2025-09-29T16:55:36.139+0000] {logging_mixin.py:188} INFO - [2025-09-29T16:55:36.138+0000] {dagbag.py:545} INFO - Filling up the DagBag from /home/airflow/.local/lib/python3.12/site-packages/airflow/example_dags/tutorial_taskflow_api.py
[2025-09-29T16:55:36.160+0000] {processor.py:840} INFO - DAG(s) 'tutorial_taskflow_api' retrieved from /home/airflow/.local/lib/python3.12/site-packages/airflow/example_dags/tutorial_taskflow_api.py
[2025-09-29T16:55:36.197+0000] {logging_mixin.py:188} INFO - [2025-09-29T16:55:36.197+0000] {dag.py:3089} INFO - Sync 1 DAGs
[2025-09-29T16:55:36.229+0000] {logging_mixin.py:188} INFO - [2025-09-29T16:55:36.228+0000] {dag.py:3947} INFO - Setting next_dagrun for tutorial_taskflow_api to None, run_after=None
[2025-09-29T16:55:36.284+0000] {processor.py:183} INFO - Processing /home/airflow/.local/lib/python3.12/site-packages/airflow/example_dags/tutorial_taskflow_api.py took 0.170 seconds
[2025-09-29T16:56:14.360+0000] {processor.py:161} INFO - Started process (PID=600) to work on /home/airflow/.local/lib/python3.12/site-packages/airflow/example_dags/tutorial_taskflow_api.py
[2025-09-29T16:56:14.364+0000] {processor.py:830} INFO - Processing file /home/airflow/.local/lib/python3.12/site-packages/airflow/example_dags/tutorial_taskflow_api.py for tasks to queue
[2025-09-29T16:56:14.370+0000] {logging_mixin.py:188} INFO - [2025-09-29T16:56:14.369+0000] {dagbag.py:545} INFO - Filling up the DagBag from /home/airflow/.local/lib/python3.12/site-packages/airflow/example_dags/tutorial_taskflow_api.py
[2025-09-29T16:56:14.406+0000] {processor.py:840} INFO - DAG(s) 'tutorial_taskflow_api' retrieved from /home/airflow/.local/lib/python3.12/site-packages/airflow/example_dags/tutorial_taskflow_api.py
[2025-09-29T16:56:14.837+0000] {logging_mixin.py:188} INFO - [2025-09-29T16:56:14.836+0000] {dag.py:3089} INFO - Sync 1 DAGs
[2025-09-29T16:56:14.883+0000] {logging_mixin.py:188} INFO - [2025-09-29T16:56:14.882+0000] {dag.py:3947} INFO - Setting next_dagrun for tutorial_taskflow_api to None, run_after=None
[2025-09-29T16:56:14.981+0000] {processor.py:183} INFO - Processing /home/airflow/.local/lib/python3.12/site-packages/airflow/example_dags/tutorial_taskflow_api.py took 0.640 seconds
[2025-09-29T16:56:45.888+0000] {processor.py:161} INFO - Started process (PID=878) to work on /home/airflow/.local/lib/python3.12/site-packages/airflow/example_dags/tutorial_taskflow_api.py
[2025-09-29T16:56:45.892+0000] {processor.py:830} INFO - Processing file /home/airflow/.local/lib/python3.12/site-packages/airflow/example_dags/tutorial_taskflow_api.py for tasks to queue
[2025-09-29T16:56:45.898+0000] {logging_mixin.py:188} INFO - [2025-09-29T16:56:45.897+0000] {dagbag.py:545} INFO - Filling up the DagBag from /home/airflow/.local/lib/python3.12/site-packages/airflow/example_dags/tutorial_taskflow_api.py
[2025-09-29T16:56:45.917+0000] {processor.py:840} INFO - DAG(s) 'tutorial_taskflow_api' retrieved from /home/airflow/.local/lib/python3.12/site-packages/airflow/example_dags/tutorial_taskflow_api.py
[2025-09-29T16:56:45.976+0000] {logging_mixin.py:188} INFO - [2025-09-29T16:56:45.975+0000] {dag.py:3089} INFO - Sync 1 DAGs
[2025-09-29T16:56:46.015+0000] {logging_mixin.py:188} INFO - [2025-09-29T16:56:46.014+0000] {dag.py:3947} INFO - Setting next_dagrun for tutorial_taskflow_api to None, run_after=None
[2025-09-29T16:56:46.076+0000] {processor.py:183} INFO - Processing /home/airflow/.local/lib/python3.12/site-packages/airflow/example_dags/tutorial_taskflow_api.py took 0.207 seconds
[2025-09-29T16:57:19.168+0000] {processor.py:161} INFO - Started process (PID=1141) to work on /home/airflow/.local/lib/python3.12/site-packages/airflow/example_dags/tutorial_taskflow_api.py
[2025-09-29T16:57:19.171+0000] {processor.py:830} INFO - Processing file /home/airflow/.local/lib/python3.12/site-packages/airflow/example_dags/tutorial_taskflow_api.py for tasks to queue
[2025-09-29T16:57:19.177+0000] {logging_mixin.py:188} INFO - [2025-09-29T16:57:19.176+0000] {dagbag.py:545} INFO - Filling up the DagBag from /home/airflow/.local/lib/python3.12/site-packages/airflow/example_dags/tutorial_taskflow_api.py
[2025-09-29T16:57:19.198+0000] {processor.py:840} INFO - DAG(s) 'tutorial_taskflow_api' retrieved from /home/airflow/.local/lib/python3.12/site-packages/airflow/example_dags/tutorial_taskflow_api.py
[2025-09-29T16:57:19.292+0000] {logging_mixin.py:188} INFO - [2025-09-29T16:57:19.292+0000] {dag.py:3089} INFO - Sync 1 DAGs
[2025-09-29T16:57:19.352+0000] {logging_mixin.py:188} INFO - [2025-09-29T16:57:19.352+0000] {dag.py:3947} INFO - Setting next_dagrun for tutorial_taskflow_api to None, run_after=None
[2025-09-29T16:57:19.433+0000] {processor.py:183} INFO - Processing /home/airflow/.local/lib/python3.12/site-packages/airflow/example_dags/tutorial_taskflow_api.py took 0.284 seconds
[2025-09-29T16:57:50.105+0000] {processor.py:161} INFO - Started process (PID=1400) to work on /home/airflow/.local/lib/python3.12/site-packages/airflow/example_dags/tutorial_taskflow_api.py
[2025-09-29T16:57:50.108+0000] {processor.py:830} INFO - Processing file /home/airflow/.local/lib/python3.12/site-packages/airflow/example_dags/tutorial_taskflow_api.py for tasks to queue
[2025-09-29T16:57:50.112+0000] {logging_mixin.py:188} INFO - [2025-09-29T16:57:50.111+0000] {dagbag.py:545} INFO - Filling up the DagBag from /home/airflow/.local/lib/python3.12/site-packages/airflow/example_dags/tutorial_taskflow_api.py
[2025-09-29T16:57:50.132+0000] {processor.py:840} INFO - DAG(s) 'tutorial_taskflow_api' retrieved from /home/airflow/.local/lib/python3.12/site-packages/airflow/example_dags/tutorial_taskflow_api.py
[2025-09-29T16:57:50.201+0000] {logging_mixin.py:188} INFO - [2025-09-29T16:57:50.200+0000] {dag.py:3089} INFO - Sync 1 DAGs
[2025-09-29T16:57:50.245+0000] {logging_mixin.py:188} INFO - [2025-09-29T16:57:50.244+0000] {dag.py:3947} INFO - Setting next_dagrun for tutorial_taskflow_api to None, run_after=None
[2025-09-29T16:57:50.310+0000] {processor.py:183} INFO - Processing /home/airflow/.local/lib/python3.12/site-packages/airflow/example_dags/tutorial_taskflow_api.py took 0.222 seconds
[2025-09-29T16:58:21.379+0000] {processor.py:161} INFO - Started process (PID=1662) to work on /home/airflow/.local/lib/python3.12/site-packages/airflow/example_dags/tutorial_taskflow_api.py
[2025-09-29T16:58:21.382+0000] {processor.py:830} INFO - Processing file /home/airflow/.local/lib/python3.12/site-packages/airflow/example_dags/tutorial_taskflow_api.py for tasks to queue
[2025-09-29T16:58:21.387+0000] {logging_mixin.py:188} INFO - [2025-09-29T16:58:21.386+0000] {dagbag.py:545} INFO - Filling up the DagBag from /home/airflow/.local/lib/python3.12/site-packages/airflow/example_dags/tutorial_taskflow_api.py
[2025-09-29T16:58:21.406+0000] {processor.py:840} INFO - DAG(s) 'tutorial_taskflow_api' retrieved from /home/airflow/.local/lib/python3.12/site-packages/airflow/example_dags/tutorial_taskflow_api.py
[2025-09-29T16:58:21.471+0000] {logging_mixin.py:188} INFO - [2025-09-29T16:58:21.470+0000] {dag.py:3089} INFO - Sync 1 DAGs
[2025-09-29T16:58:21.510+0000] {logging_mixin.py:188} INFO - [2025-09-29T16:58:21.510+0000] {dag.py:3947} INFO - Setting next_dagrun for tutorial_taskflow_api to None, run_after=None
[2025-09-29T16:58:21.573+0000] {processor.py:183} INFO - Processing /home/airflow/.local/lib/python3.12/site-packages/airflow/example_dags/tutorial_taskflow_api.py took 0.209 seconds
[2025-09-29T16:58:51.948+0000] {processor.py:161} INFO - Started process (PID=1924) to work on /home/airflow/.local/lib/python3.12/site-packages/airflow/example_dags/tutorial_taskflow_api.py
[2025-09-29T16:58:51.950+0000] {processor.py:830} INFO - Processing file /home/airflow/.local/lib/python3.12/site-packages/airflow/example_dags/tutorial_taskflow_api.py for tasks to queue
[2025-09-29T16:58:51.955+0000] {logging_mixin.py:188} INFO - [2025-09-29T16:58:51.954+0000] {dagbag.py:545} INFO - Filling up the DagBag from /home/airflow/.local/lib/python3.12/site-packages/airflow/example_dags/tutorial_taskflow_api.py
[2025-09-29T16:58:51.970+0000] {processor.py:840} INFO - DAG(s) 'tutorial_taskflow_api' retrieved from /home/airflow/.local/lib/python3.12/site-packages/airflow/example_dags/tutorial_taskflow_api.py
[2025-09-29T16:58:51.292+0000] {logging_mixin.py:188} INFO - [2025-09-29T16:58:51.292+0000] {dag.py:3089} INFO - Sync 1 DAGs
[2025-09-29T16:58:51.323+0000] {logging_mixin.py:188} INFO - [2025-09-29T16:58:51.322+0000] {dag.py:3947} INFO - Setting next_dagrun for tutorial_taskflow_api to None, run_after=None
[2025-09-29T16:58:51.371+0000] {processor.py:183} INFO - Processing /home/airflow/.local/lib/python3.12/site-packages/airflow/example_dags/tutorial_taskflow_api.py took 0.172 seconds
[2025-09-29T16:59:20.853+0000] {processor.py:161} INFO - Started process (PID=2178) to work on /home/airflow/.local/lib/python3.12/site-packages/airflow/example_dags/tutorial_taskflow_api.py
[2025-09-29T16:59:20.856+0000] {processor.py:830} INFO - Processing file /home/airflow/.local/lib/python3.12/site-packages/airflow/example_dags/tutorial_taskflow_api.py for tasks to queue
[2025-09-29T16:59:20.860+0000] {logging_mixin.py:188} INFO - [2025-09-29T16:59:20.859+0000] {dagbag.py:545} INFO - Filling up the DagBag from /home/airflow/.local/lib/python3.12/site-packages/airflow/example_dags/tutorial_taskflow_api.py
[2025-09-29T16:59:20.878+0000] {processor.py:840} INFO - DAG(s) 'tutorial_taskflow_api' retrieved from /home/airflow/.local/lib/python3.12/site-packages/airflow/example_dags/tutorial_taskflow_api.py
[2025-09-29T16:59:20.938+0000] {logging_mixin.py:188} INFO - [2025-09-29T16:59:20.938+0000] {dag.py:3089} INFO - Sync 1 DAGs
[2025-09-29T16:59:20.972+0000] {logging_mixin.py:188} INFO - [2025-09-29T16:59:20.971+0000] {dag.py:3947} INFO - Setting next_dagrun for tutorial_taskflow_api to None, run_after=None
[2025-09-29T16:59:21.024+0000] {processor.py:183} INFO - Processing /home/airflow/.local/lib/python3.12/site-packages/airflow/example_dags/tutorial_taskflow_api.py took 0.186 seconds
[2025-09-29T16:59:51.771+0000] {processor.py:161} INFO - Started process (PID=2440) to work on /home/airflow/.local/lib/python3.12/site-packages/airflow/example_dags/tutorial_taskflow_api.py
[2025-09-29T16:59:51.774+0000] {processor.py:830} INFO - Processing file /home/airflow/.local/lib/python3.12/site-packages/airflow/example_dags/tutorial_taskflow_api.py for tasks to queue
[2025-09-29T16:59:51.778+0000] {logging_mixin.py:188} INFO - [2025-09-29T16:59:51.777+0000] {dagbag.py:545} INFO - Filling up the DagBag from /home/airflow/.local/lib/python3.12/site-packages/airflow/example_dags/tutorial_taskflow_api.py
[2025-09-29T16:59:51.794+0000] {processor.py:840} INFO - DAG(s) 'tutorial_taskflow_api' retrieved from /home/airflow/.local/lib/python3.12/site-packages/airflow/example_dags/tutorial_taskflow_api.py
[2025-09-29T16:59:51.849+0000] {logging_mixin.py:188} INFO - [2025-09-29T16:59:51.849+0000] {dag.py:3089} INFO - Sync 1 DAGs
[2025-09-29T16:59:51.881+0000] {logging_mixin.py:188} INFO - [2025-09-29T16:59:51.880+0000] {dag.py:3947} INFO - Setting next_dagrun for tutorial_taskflow_api to None, run_after=None
[2025-09-29T16:59:51.932+0000] {processor.py:183} INFO - Processing /home/airflow/.local/lib/python3.12/site-packages/airflow/example_dags/tutorial_taskflow_api.py took 0.175 seconds
[2025-09-29T17:00:22.517+0000] {processor.py:161} INFO - Started process (PID=2702) to work on /home/airflow/.local/lib/python3.12/site-packages/airflow/example_dags/tutorial_taskflow_api.py
[2025-09-29T17:00:22.519+0000] {processor.py:830} INFO - Processing file /home/airflow/.local/lib/python3.12/site-packages/airflow/example_dags/tutorial_taskflow_api.py for tasks to queue
[2025-09-29T17:00:22.523+0000] {logging_mixin.py:188} INFO - [2025-09-29T17:00:22.523+0000] {dagbag.py:545} INFO - Filling up the DagBag from /home/airflow/.local/lib/python3.12/site-packages/airflow/example_dags/tutorial_taskflow_api.py
[2025-09-29T17:00:22.539+0000] {processor.py:840} INFO - DAG(s) 'tutorial_taskflow_api' retrieved from /home/airflow/.local/lib/python3.12/site-packages/airflow/example_dags/tutorial_taskflow_api.py
[2025-09-29T17:00:22.595+0000] {logging_mixin.py:188} INFO - [2025-09-29T17:00:22.595+0000] {dag.py:3089} INFO - Sync 1 DAGs
[2025-09-29T17:00:22.627+0000] {logging_mixin.py:188} INFO - [2025-09-29T17:00:22.626+0000] {dag.py:3947} INFO - Setting next_dagrun for tutorial_taskflow_api to None, run_after=None
[2025-09-29T17:00:22.678+0000] {processor.py:183} INFO - Processing /home/airflow/.local/lib/python3.12/site-packages/airflow/example_dags/tutorial_taskflow_api.py took 0.175 seconds
[2025-09-29T17:00:53.223+0000] {processor.py:161} INFO - Started process (PID=2964) to work on /home/airflow/.local/lib/python3.12/site-packages/airflow/example_dags/tutorial_taskflow_api.py
[2025-09-29T17:00:53.226+0000] {processor.py:830} INFO - Processing file /home/airflow/.local/lib/python3.12/site-packages/airflow/example_dags/tutorial_taskflow_api.py for tasks to queue
[2025-09-29T17:00:53.230+0000] {logging_mixin.py:188} INFO - [2025-09-29T17:00:53.230+0000] {dagbag.py:545} INFO - Filling up the DagBag from /home/airflow/.local/lib/python3.12/site-packages/airflow/example_dags/tutorial_taskflow_api.py
[2025-09-29T17:00:53.247+0000] {processor.py:840} INFO - DAG(s) 'tutorial_taskflow_api' retrieved from /home/airflow/.local/lib/python3.12/site-packages/airflow/example_dags/tutorial_taskflow_api.py
[2025-09-29T17:00:53.303+0000] {logging_mixin.py:188} INFO - [2025-09-29T17:00:53.302+0000] {dag.py:3089} INFO - Sync 1 DAGs
[2025-09-29T17:00:53.333+0000] {logging_mixin.py:188} INFO - [2025-09-29T17:00:53.333+0000] {dag.py:3947} INFO - Setting next_dagrun for tutorial_taskflow_api to None, run_after=None
[2025-09-29T17:00:53.380+0000] {processor.py:183} INFO - Processing /home/airflow/.local/lib/python3.12/site-packages/airflow/example_dags/tutorial_taskflow_api.py took 0.172 seconds
[2025-09-29T17:01:23.626+0000] {processor.py:161} INFO - Started process (PID=3226) to work on /home/airflow/.local/lib/python3.12/site-packages/airflow/example_dags/tutorial_taskflow_api.py
[2025-09-29T17:01:23.629+0000] {processor.py:830} INFO - Processing file /home/airflow/.local/lib/python3.12/site-packages/airflow/example_dags/tutorial_taskflow_api.py for tasks to queue
[2025-09-29T17:01:23.636+0000] {logging_mixin.py:188} INFO - [2025-09-29T17:01:23.634+0000] {dagbag.py:545} INFO - Filling up the DagBag from /home/airflow/.local/lib/python3.12/site-packages/airflow/example_dags/tutorial_taskflow_api.py
[2025-09-29T17:01:23.657+0000] {processor.py:840} INFO - DAG(s) 'tutorial_taskflow_api' retrieved from /home/airflow/.local/lib/python3.12/site-packages/airflow/example_dags/tutorial_taskflow_api.py
[2025-09-29T17:01:23.727+0000] {logging_mixin.py:188} INFO - [2025-09-29T17:01:23.726+0000] {dag.py:3089} INFO - Sync 1 DAGs
[2025-09-29T17:01:23.762+0000] {logging_mixin.py:188} INFO - [2025-09-29T17:01:23.761+0000] {dag.py:3947} INFO - Setting next_dagrun for tutorial_taskflow_api to None, run_after=None
[2025-09-29T17:01:23.814+0000] {processor.py:183} INFO - Processing /home/airflow/.local/lib/python3.12/site-packages/airflow/example_dags/tutorial_taskflow_api.py took 0.208 seconds
[2025-09-29T17:01:54.123+0000] {processor.py:161} INFO - Started process (PID=3488) to work on /home/airflow/.local/lib/python3.12/site-packages/airflow/example_dags/tutorial_taskflow_api.py
[2025-09-29T17:01:54.132+0000] {processor.py:830} INFO - Processing file /home/airflow/.local/lib/python3.12/site-packages/airflow/example_dags/tutorial_taskflow_api.py for tasks to queue
[2025-09-29T17:01:54.137+0000] {logging_mixin.py:188} INFO - [2025-09-29T17:01:54.136+0000] {dagbag.py:545} INFO - Filling up the DagBag from /home/airflow/.local/lib/python3.12/site-packages/airflow/example_dags/tutorial_taskflow_api.py
[2025-09-29T17:01:54.153+0000] {processor.py:840} INFO - DAG(s) 'tutorial_taskflow_api' retrieved from /home/airflow/.local/lib/python3.12/site-packages/airflow/example_dags/tutorial_taskflow_api.py
[2025-09-29T17:01:54.212+0000] {logging_mixin.py:188} INFO - [2025-09-29T17:01:54.212+0000] {dag.py:3089} INFO - Sync 1 DAGs
[2025-09-29T17:01:54.243+0000] {logging_mixin.py:188} INFO - [2025-09-29T17:01:54.242+0000] {dag.py:3947} INFO - Setting next_dagrun for tutorial_taskflow_api to None, run_after=None
[2025-09-29T17:01:54.293+0000] {processor.py:183} INFO - Processing /home/airflow/.local/lib/python3.12/site-packages/airflow/example_dags/tutorial_taskflow_api.py took 0.185 seconds
[2025-09-29T17:02:24.452+0000] {processor.py:161} INFO - Started process (PID=3750) to work on /home/airflow/.local/lib/python3.12/site-packages/airflow/example_dags/tutorial_taskflow_api.py
[2025-09-29T17:02:24.455+0000] {processor.py:830} INFO - Processing file /home/airflow/.local/lib/python3.12/site-packages/airflow/example_dags/tutorial_taskflow_api.py for tasks to queue
[2025-09-29T17:02:24.460+0000] {logging_mixin.py:188} INFO - [2025-09-29T17:02:24.459+0000] {dagbag.py:545} INFO - Filling up the DagBag from /home/airflow/.local/lib/python3.12/site-packages/airflow/example_dags/tutorial_taskflow_api.py
[2025-09-29T17:02:24.476+0000] {processor.py:840} INFO - DAG(s) 'tutorial_taskflow_api' retrieved from /home/airflow/.local/lib/python3.12/site-packages/airflow/example_dags/tutorial_taskflow_api.py
[2025-09-29T17:02:24.538+0000] {logging_mixin.py:188} INFO - [2025-09-29T17:02:24.537+0000] {dag.py:3089} INFO - Sync 1 DAGs
[2025-09-29T17:02:24.570+0000] {logging_mixin.py:188} INFO - [2025-09-29T17:02:24.569+0000] {dag.py:3947} INFO - Setting next_dagrun for tutorial_taskflow_api to None, run_after=None
[2025-09-29T17:02:24.622+0000] {processor.py:183} INFO - Processing /home/airflow/.local/lib/python3.12/site-packages/airflow/example_dags/tutorial_taskflow_api.py took 0.185 seconds
[2025-09-29T17:02:55.085+0000] {processor.py:161} INFO - Started process (PID=4012) to work on /home/airflow/.local/lib/python3.12/site-packages/airflow/example_dags/tutorial_taskflow_api.py
[2025-09-29T17:02:55.089+0000] {processor.py:830} INFO - Processing file /home/airflow/.local/lib/python3.12/site-packages/airflow/example_dags/tutorial_taskflow_api.py for tasks to queue
[2025-09-29T17:02:55.093+0000] {logging_mixin.py:188} INFO - [2025-09-29T17:02:55.093+0000] {dagbag.py:545} INFO - Filling up the DagBag from /home/airflow/.local/lib/python3.12/site-packages/airflow/example_dags/tutorial_taskflow_api.py
[2025-09-29T17:02:55.111+0000] {processor.py:840} INFO - DAG(s) 'tutorial_taskflow_api' retrieved from /home/airflow/.local/lib/python3.12/site-packages/airflow/example_dags/tutorial_taskflow_api.py
[2025-09-29T17:02:55.172+0000] {logging_mixin.py:188} INFO - [2025-09-29T17:02:55.171+0000] {dag.py:3089} INFO - Sync 1 DAGs
[2025-09-29T17:02:55.204+0000] {logging_mixin.py:188} INFO - [2025-09-29T17:02:55.204+0000] {dag.py:3947} INFO - Setting next_dagrun for tutorial_taskflow_api to None, run_after=None
[2025-09-29T17:02:55.255+0000] {processor.py:183} INFO - Processing /home/airflow/.local/lib/python3.12/site-packages/airflow/example_dags/tutorial_taskflow_api.py took 0.189 seconds
[2025-09-29T17:03:25.751+0000] {processor.py:161} INFO - Started process (PID=4274) to work on /home/airflow/.local/lib/python3.12/site-packages/airflow/example_dags/tutorial_taskflow_api.py
[2025-09-29T17:03:25.754+0000] {processor.py:830} INFO - Processing file /home/airflow/.local/lib/python3.12/site-packages/airflow/example_dags/tutorial_taskflow_api.py for tasks to queue
[2025-09-29T17:03:25.758+0000] {logging_mixin.py:188} INFO - [2025-09-29T17:03:25.757+0000] {dagbag.py:545} INFO - Filling up the DagBag from /home/airflow/.local/lib/python3.12/site-packages/airflow/example_dags/tutorial_taskflow_api.py
[2025-09-29T17:03:25.775+0000] {processor.py:840} INFO - DAG(s) 'tutorial_taskflow_api' retrieved from /home/airflow/.local/lib/python3.12/site-packages/airflow/example_dags/tutorial_taskflow_api.py
[2025-09-29T17:03:25.838+0000] {logging_mixin.py:188} INFO - [2025-09-29T17:03:25.837+0000] {dag.py:3089} INFO - Sync 1 DAGs
[2025-09-29T17:03:25.873+0000] {logging_mixin.py:188} INFO - [2025-09-29T17:03:25.872+0000] {dag.py:3947} INFO - Setting next_dagrun for tutorial_taskflow_api to None, run_after=None
[2025-09-29T17:03:25.930+0000] {processor.py:183} INFO - Processing /home/airflow/.local/lib/python3.12/site-packages/airflow/example_dags/tutorial_taskflow_api.py took 0.196 seconds
[2025-09-29T17:03:56.288+0000] {processor.py:161} INFO - Started process (PID=4536) to work on /home/airflow/.local/lib/python3.12/site-packages/airflow/example_dags/tutorial_taskflow_api.py
[2025-09-29T17:03:56.291+0000] {processor.py:830} INFO - Processing file /home/airflow/.local/lib/python3.12/site-packages/airflow/example_dags/tutorial_taskflow_api.py for tasks to queue
[2025-09-29T17:03:56.296+0000] {logging_mixin.py:188} INFO - [2025-09-29T17:03:56.295+0000] {dagbag.py:545} INFO - Filling up the DagBag from /home/airflow/.local/lib/python3.12/site-packages/airflow/example_dags/tutorial_taskflow_api.py
[2025-09-29T17:03:56.312+0000] {processor.py:840} INFO - DAG(s) 'tutorial_taskflow_api' retrieved from /home/airflow/.local/lib/python3.12/site-packages/airflow/example_dags/tutorial_taskflow_api.py
[2025-09-29T17:03:56.379+0000] {logging_mixin.py:188} INFO - [2025-09-29T17:03:56.379+0000] {dag.py:3089} INFO - Sync 1 DAGs
[2025-09-29T17:03:56.415+0000] {logging_mixin.py:188} INFO - [2025-09-29T17:03:56.415+0000] {dag.py:3947} INFO - Setting next_dagrun for tutorial_taskflow_api to None, run_after=None
[2025-09-29T17:03:56.466+0000] {processor.py:183} INFO - Processing /home/airflow/.local/lib/python3.12/site-packages/airflow/example_dags/tutorial_taskflow_api.py took 0.193 seconds
[2025-09-29T17:04:26.829+0000] {processor.py:161} INFO - Started process (PID=4798) to work on /home/airflow/.local/lib/python3.12/site-packages/airflow/example_dags/tutorial_taskflow_api.py
[2025-09-29T17:04:26.832+0000] {processor.py:830} INFO - Processing file /home/airflow/.local/lib/python3.12/site-packages/airflow/example_dags/tutorial_taskflow_api.py for tasks to queue
[2025-09-29T17:04:26.836+0000] {logging_mixin.py:188} INFO - [2025-09-29T17:04:26.835+0000] {dagbag.py:545} INFO - Filling up the DagBag from /home/airflow/.local/lib/python3.12/site-packages/airflow/example_dags/tutorial_taskflow_api.py
[2025-09-29T17:04:26.852+0000] {processor.py:840} INFO - DAG(s) 'tutorial_taskflow_api' retrieved from /home/airflow/.local/lib/python3.12/site-packages/airflow/example_dags/tutorial_taskflow_api.py
[2025-09-29T17:04:26.911+0000] {logging_mixin.py:188} INFO - [2025-09-29T17:04:26.910+0000] {dag.py:3089} INFO - Sync 1 DAGs
[2025-09-29T17:04:26.942+0000] {logging_mixin.py:188} INFO - [2025-09-29T17:04:26.941+0000] {dag.py:3947} INFO - Setting next_dagrun for tutorial_taskflow_api to None, run_after=None
[2025-09-29T17:04:26.989+0000] {processor.py:183} INFO - Processing /home/airflow/.local/lib/python3.12/site-packages/airflow/example_dags/tutorial_taskflow_api.py took 0.176 seconds
[2025-09-29T17:04:57.991+0000] {processor.py:161} INFO - Started process (PID=5058) to work on /home/airflow/.local/lib/python3.12/site-packages/airflow/example_dags/tutorial_taskflow_api.py
[2025-09-29T17:04:57.994+0000] {processor.py:830} INFO - Processing file /home/airflow/.local/lib/python3.12/site-packages/airflow/example_dags/tutorial_taskflow_api.py for tasks to queue
[2025-09-29T17:04:57.998+0000] {logging_mixin.py:188} INFO - [2025-09-29T17:04:57.997+0000] {dagbag.py:545} INFO - Filling up the DagBag from /home/airflow/.local/lib/python3.12/site-packages/airflow/example_dags/tutorial_taskflow_api.py
[2025-09-29T17:04:58.016+0000] {processor.py:840} INFO - DAG(s) 'tutorial_taskflow_api' retrieved from /home/airflow/.local/lib/python3.12/site-packages/airflow/example_dags/tutorial_taskflow_api.py
[2025-09-29T17:04:58.070+0000] {logging_mixin.py:188} INFO - [2025-09-29T17:04:58.070+0000] {dag.py:3089} INFO - Sync 1 DAGs
[2025-09-29T17:04:58.100+0000] {logging_mixin.py:188} INFO - [2025-09-29T17:04:58.100+0000] {dag.py:3947} INFO - Setting next_dagrun for tutorial_taskflow_api to None, run_after=None
[2025-09-29T17:04:58.145+0000] {processor.py:183} INFO - Processing /home/airflow/.local/lib/python3.12/site-packages/airflow/example_dags/tutorial_taskflow_api.py took 0.169 seconds
[2025-09-29T17:05:30.110+0000] {processor.py:161} INFO - Started process (PID=5329) to work on /home/airflow/.local/lib/python3.12/site-packages/airflow/example_dags/tutorial_taskflow_api.py
[2025-09-29T17:05:30.122+0000] {processor.py:830} INFO - Processing file /home/airflow/.local/lib/python3.12/site-packages/airflow/example_dags/tutorial_taskflow_api.py for tasks to queue
[2025-09-29T17:05:30.131+0000] {logging_mixin.py:188} INFO - [2025-09-29T17:05:30.130+0000] {dagbag.py:545} INFO - Filling up the DagBag from /home/airflow/.local/lib/python3.12/site-packages/airflow/example_dags/tutorial_taskflow_api.py
[2025-09-29T17:05:30.238+0000] {processor.py:840} INFO - DAG(s) 'tutorial_taskflow_api' retrieved from /home/airflow/.local/lib/python3.12/site-packages/airflow/example_dags/tutorial_taskflow_api.py
[2025-09-29T17:05:30.419+0000] {logging_mixin.py:188} INFO - [2025-09-29T17:05:30.418+0000] {dag.py:3089} INFO - Sync 1 DAGs
[2025-09-29T17:05:30.465+0000] {logging_mixin.py:188} INFO - [2025-09-29T17:05:30.464+0000] {dag.py:3947} INFO - Setting next_dagrun for tutorial_taskflow_api to None, run_after=None
[2025-09-29T17:05:30.550+0000] {processor.py:183} INFO - Processing /home/airflow/.local/lib/python3.12/site-packages/airflow/example_dags/tutorial_taskflow_api.py took 0.474 seconds
[2025-09-29T17:06:00.697+0000] {processor.py:161} INFO - Started process (PID=5591) to work on /home/airflow/.local/lib/python3.12/site-packages/airflow/example_dags/tutorial_taskflow_api.py
[2025-09-29T17:06:00.700+0000] {processor.py:830} INFO - Processing file /home/airflow/.local/lib/python3.12/site-packages/airflow/example_dags/tutorial_taskflow_api.py for tasks to queue
[2025-09-29T17:06:00.705+0000] {logging_mixin.py:188} INFO - [2025-09-29T17:06:00.704+0000] {dagbag.py:545} INFO - Filling up the DagBag from /home/airflow/.local/lib/python3.12/site-packages/airflow/example_dags/tutorial_taskflow_api.py
[2025-09-29T17:06:00.721+0000] {processor.py:840} INFO - DAG(s) 'tutorial_taskflow_api' retrieved from /home/airflow/.local/lib/python3.12/site-packages/airflow/example_dags/tutorial_taskflow_api.py
[2025-09-29T17:06:00.778+0000] {logging_mixin.py:188} INFO - [2025-09-29T17:06:00.778+0000] {dag.py:3089} INFO - Sync 1 DAGs
[2025-09-29T17:06:00.811+0000] {logging_mixin.py:188} INFO - [2025-09-29T17:06:00.811+0000] {dag.py:3947} INFO - Setting next_dagrun for tutorial_taskflow_api to None, run_after=None
[2025-09-29T17:06:00.866+0000] {processor.py:183} INFO - Processing /home/airflow/.local/lib/python3.12/site-packages/airflow/example_dags/tutorial_taskflow_api.py took 0.187 seconds
[2025-09-29T17:06:31.929+0000] {processor.py:161} INFO - Started process (PID=5853) to work on /home/airflow/.local/lib/python3.12/site-packages/airflow/example_dags/tutorial_taskflow_api.py
[2025-09-29T17:06:31.932+0000] {processor.py:830} INFO - Processing file /home/airflow/.local/lib/python3.12/site-packages/airflow/example_dags/tutorial_taskflow_api.py for tasks to queue
[2025-09-29T17:06:31.938+0000] {logging_mixin.py:188} INFO - [2025-09-29T17:06:31.937+0000] {dagbag.py:545} INFO - Filling up the DagBag from /home/airflow/.local/lib/python3.12/site-packages/airflow/example_dags/tutorial_taskflow_api.py
[2025-09-29T17:06:31.956+0000] {processor.py:840} INFO - DAG(s) 'tutorial_taskflow_api' retrieved from /home/airflow/.local/lib/python3.12/site-packages/airflow/example_dags/tutorial_taskflow_api.py
[2025-09-29T17:06:32.015+0000] {logging_mixin.py:188} INFO - [2025-09-29T17:06:32.015+0000] {dag.py:3089} INFO - Sync 1 DAGs
[2025-09-29T17:06:32.050+0000] {logging_mixin.py:188} INFO - [2025-09-29T17:06:32.050+0000] {dag.py:3947} INFO - Setting next_dagrun for tutorial_taskflow_api to None, run_after=None
[2025-09-29T17:06:32.103+0000] {processor.py:183} INFO - Processing /home/airflow/.local/lib/python3.12/site-packages/airflow/example_dags/tutorial_taskflow_api.py took 0.189 seconds
[2025-09-29T17:07:02.722+0000] {processor.py:161} INFO - Started process (PID=6115) to work on /home/airflow/.local/lib/python3.12/site-packages/airflow/example_dags/tutorial_taskflow_api.py
[2025-09-29T17:07:02.726+0000] {processor.py:830} INFO - Processing file /home/airflow/.local/lib/python3.12/site-packages/airflow/example_dags/tutorial_taskflow_api.py for tasks to queue
[2025-09-29T17:07:02.731+0000] {logging_mixin.py:188} INFO - [2025-09-29T17:07:02.730+0000] {dagbag.py:545} INFO - Filling up the DagBag from /home/airflow/.local/lib/python3.12/site-packages/airflow/example_dags/tutorial_taskflow_api.py
[2025-09-29T17:07:02.751+0000] {processor.py:840} INFO - DAG(s) 'tutorial_taskflow_api' retrieved from /home/airflow/.local/lib/python3.12/site-packages/airflow/example_dags/tutorial_taskflow_api.py
[2025-09-29T17:07:02.834+0000] {logging_mixin.py:188} INFO - [2025-09-29T17:07:02.833+0000] {dag.py:3089} INFO - Sync 1 DAGs
[2025-09-29T17:07:02.875+0000] {logging_mixin.py:188} INFO - [2025-09-29T17:07:02.874+0000] {dag.py:3947} INFO - Setting next_dagrun for tutorial_taskflow_api to None, run_after=None
[2025-09-29T17:07:02.937+0000] {processor.py:183} INFO - Processing /home/airflow/.local/lib/python3.12/site-packages/airflow/example_dags/tutorial_taskflow_api.py took 0.237 seconds
[2025-09-29T17:07:33.148+0000] {processor.py:161} INFO - Started process (PID=6377) to work on /home/airflow/.local/lib/python3.12/site-packages/airflow/example_dags/tutorial_taskflow_api.py
[2025-09-29T17:07:33.150+0000] {processor.py:830} INFO - Processing file /home/airflow/.local/lib/python3.12/site-packages/airflow/example_dags/tutorial_taskflow_api.py for tasks to queue
[2025-09-29T17:07:33.155+0000] {logging_mixin.py:188} INFO - [2025-09-29T17:07:33.154+0000] {dagbag.py:545} INFO - Filling up the DagBag from /home/airflow/.local/lib/python3.12/site-packages/airflow/example_dags/tutorial_taskflow_api.py
[2025-09-29T17:07:33.174+0000] {processor.py:840} INFO - DAG(s) 'tutorial_taskflow_api' retrieved from /home/airflow/.local/lib/python3.12/site-packages/airflow/example_dags/tutorial_taskflow_api.py
[2025-09-29T17:07:33.238+0000] {logging_mixin.py:188} INFO - [2025-09-29T17:07:33.237+0000] {dag.py:3089} INFO - Sync 1 DAGs
[2025-09-29T17:07:33.272+0000] {logging_mixin.py:188} INFO - [2025-09-29T17:07:33.271+0000] {dag.py:3947} INFO - Setting next_dagrun for tutorial_taskflow_api to None, run_after=None
[2025-09-29T17:07:33.330+0000] {processor.py:183} INFO - Processing /home/airflow/.local/lib/python3.12/site-packages/airflow/example_dags/tutorial_taskflow_api.py took 0.198 seconds
[2025-09-29T17:08:04.117+0000] {processor.py:161} INFO - Started process (PID=6634) to work on /home/airflow/.local/lib/python3.12/site-packages/airflow/example_dags/tutorial_taskflow_api.py
[2025-09-29T17:08:04.121+0000] {processor.py:830} INFO - Processing file /home/airflow/.local/lib/python3.12/site-packages/airflow/example_dags/tutorial_taskflow_api.py for tasks to queue
[2025-09-29T17:08:04.128+0000] {logging_mixin.py:188} INFO - [2025-09-29T17:08:04.126+0000] {dagbag.py:545} INFO - Filling up the DagBag from /home/airflow/.local/lib/python3.12/site-packages/airflow/example_dags/tutorial_taskflow_api.py
[2025-09-29T17:08:04.156+0000] {processor.py:840} INFO - DAG(s) 'tutorial_taskflow_api' retrieved from /home/airflow/.local/lib/python3.12/site-packages/airflow/example_dags/tutorial_taskflow_api.py
[2025-09-29T17:08:04.237+0000] {logging_mixin.py:188} INFO - [2025-09-29T17:08:04.236+0000] {dag.py:3089} INFO - Sync 1 DAGs
[2025-09-29T17:08:04.288+0000] {logging_mixin.py:188} INFO - [2025-09-29T17:08:04.287+0000] {dag.py:3947} INFO - Setting next_dagrun for tutorial_taskflow_api to None, run_after=None
[2025-09-29T17:08:04.346+0000] {processor.py:183} INFO - Processing /home/airflow/.local/lib/python3.12/site-packages/airflow/example_dags/tutorial_taskflow_api.py took 0.250 seconds
[2025-09-29T17:08:35.031+0000] {processor.py:161} INFO - Started process (PID=6896) to work on /home/airflow/.local/lib/python3.12/site-packages/airflow/example_dags/tutorial_taskflow_api.py
[2025-09-29T17:08:35.034+0000] {processor.py:830} INFO - Processing file /home/airflow/.local/lib/python3.12/site-packages/airflow/example_dags/tutorial_taskflow_api.py for tasks to queue
[2025-09-29T17:08:35.040+0000] {logging_mixin.py:188} INFO - [2025-09-29T17:08:35.039+0000] {dagbag.py:545} INFO - Filling up the DagBag from /home/airflow/.local/lib/python3.12/site-packages/airflow/example_dags/tutorial_taskflow_api.py
[2025-09-29T17:08:35.061+0000] {processor.py:840} INFO - DAG(s) 'tutorial_taskflow_api' retrieved from /home/airflow/.local/lib/python3.12/site-packages/airflow/example_dags/tutorial_taskflow_api.py
[2025-09-29T17:08:35.137+0000] {logging_mixin.py:188} INFO - [2025-09-29T17:08:35.136+0000] {dag.py:3089} INFO - Sync 1 DAGs
[2025-09-29T17:08:35.178+0000] {logging_mixin.py:188} INFO - [2025-09-29T17:08:35.178+0000] {dag.py:3947} INFO - Setting next_dagrun for tutorial_taskflow_api to None, run_after=None
[2025-09-29T17:08:35.248+0000] {processor.py:183} INFO - Processing /home/airflow/.local/lib/python3.12/site-packages/airflow/example_dags/tutorial_taskflow_api.py took 0.232 seconds
[2025-09-29T17:09:08.923+0000] {processor.py:161} INFO - Started process (PID=7158) to work on /home/airflow/.local/lib/python3.12/site-packages/airflow/example_dags/tutorial_taskflow_api.py
[2025-09-29T17:09:08.928+0000] {processor.py:830} INFO - Processing file /home/airflow/.local/lib/python3.12/site-packages/airflow/example_dags/tutorial_taskflow_api.py for tasks to queue
[2025-09-29T17:09:08.946+0000] {logging_mixin.py:188} INFO - [2025-09-29T17:09:08.944+0000] {dagbag.py:545} INFO - Filling up the DagBag from /home/airflow/.local/lib/python3.12/site-packages/airflow/example_dags/tutorial_taskflow_api.py
[2025-09-29T17:09:09.353+0000] {processor.py:840} INFO - DAG(s) 'tutorial_taskflow_api' retrieved from /home/airflow/.local/lib/python3.12/site-packages/airflow/example_dags/tutorial_taskflow_api.py
[2025-09-29T17:09:09.525+0000] {logging_mixin.py:188} INFO - [2025-09-29T17:09:09.523+0000] {dag.py:3089} INFO - Sync 1 DAGs
[2025-09-29T17:09:09.722+0000] {logging_mixin.py:188} INFO - [2025-09-29T17:09:09.720+0000] {dag.py:3947} INFO - Setting next_dagrun for tutorial_taskflow_api to None, run_after=None
[2025-09-29T17:09:10.021+0000] {processor.py:183} INFO - Processing /home/airflow/.local/lib/python3.12/site-packages/airflow/example_dags/tutorial_taskflow_api.py took 1.135 seconds
[2025-09-29T17:09:40.789+0000] {processor.py:161} INFO - Started process (PID=7425) to work on /home/airflow/.local/lib/python3.12/site-packages/airflow/example_dags/tutorial_taskflow_api.py
[2025-09-29T17:09:40.792+0000] {processor.py:830} INFO - Processing file /home/airflow/.local/lib/python3.12/site-packages/airflow/example_dags/tutorial_taskflow_api.py for tasks to queue
[2025-09-29T17:09:40.798+0000] {logging_mixin.py:188} INFO - [2025-09-29T17:09:40.797+0000] {dagbag.py:545} INFO - Filling up the DagBag from /home/airflow/.local/lib/python3.12/site-packages/airflow/example_dags/tutorial_taskflow_api.py
[2025-09-29T17:09:40.819+0000] {processor.py:840} INFO - DAG(s) 'tutorial_taskflow_api' retrieved from /home/airflow/.local/lib/python3.12/site-packages/airflow/example_dags/tutorial_taskflow_api.py
[2025-09-29T17:09:40.900+0000] {logging_mixin.py:188} INFO - [2025-09-29T17:09:40.900+0000] {dag.py:3089} INFO - Sync 1 DAGs
[2025-09-29T17:09:40.953+0000] {logging_mixin.py:188} INFO - [2025-09-29T17:09:40.952+0000] {dag.py:3947} INFO - Setting next_dagrun for tutorial_taskflow_api to None, run_after=None
[2025-09-29T17:09:41.036+0000] {processor.py:183} INFO - Processing /home/airflow/.local/lib/python3.12/site-packages/airflow/example_dags/tutorial_taskflow_api.py took 0.264 seconds
[2025-09-29T17:10:11.414+0000] {processor.py:161} INFO - Started process (PID=7687) to work on /home/airflow/.local/lib/python3.12/site-packages/airflow/example_dags/tutorial_taskflow_api.py
[2025-09-29T17:10:11.417+0000] {processor.py:830} INFO - Processing file /home/airflow/.local/lib/python3.12/site-packages/airflow/example_dags/tutorial_taskflow_api.py for tasks to queue
[2025-09-29T17:10:11.423+0000] {logging_mixin.py:188} INFO - [2025-09-29T17:10:11.422+0000] {dagbag.py:545} INFO - Filling up the DagBag from /home/airflow/.local/lib/python3.12/site-packages/airflow/example_dags/tutorial_taskflow_api.py
[2025-09-29T17:10:11.443+0000] {processor.py:840} INFO - DAG(s) 'tutorial_taskflow_api' retrieved from /home/airflow/.local/lib/python3.12/site-packages/airflow/example_dags/tutorial_taskflow_api.py
[2025-09-29T17:10:11.505+0000] {logging_mixin.py:188} INFO - [2025-09-29T17:10:11.504+0000] {dag.py:3089} INFO - Sync 1 DAGs
[2025-09-29T17:10:11.539+0000] {logging_mixin.py:188} INFO - [2025-09-29T17:10:11.538+0000] {dag.py:3947} INFO - Setting next_dagrun for tutorial_taskflow_api to None, run_after=None
[2025-09-29T17:10:11.596+0000] {processor.py:183} INFO - Processing /home/airflow/.local/lib/python3.12/site-packages/airflow/example_dags/tutorial_taskflow_api.py took 0.199 seconds
[2025-09-29T17:10:42.172+0000] {processor.py:161} INFO - Started process (PID=7952) to work on /home/airflow/.local/lib/python3.12/site-packages/airflow/example_dags/tutorial_taskflow_api.py
[2025-09-29T17:10:42.175+0000] {processor.py:830} INFO - Processing file /home/airflow/.local/lib/python3.12/site-packages/airflow/example_dags/tutorial_taskflow_api.py for tasks to queue
[2025-09-29T17:10:42.185+0000] {logging_mixin.py:188} INFO - [2025-09-29T17:10:42.183+0000] {dagbag.py:545} INFO - Filling up the DagBag from /home/airflow/.local/lib/python3.12/site-packages/airflow/example_dags/tutorial_taskflow_api.py
[2025-09-29T17:10:42.214+0000] {processor.py:840} INFO - DAG(s) 'tutorial_taskflow_api' retrieved from /home/airflow/.local/lib/python3.12/site-packages/airflow/example_dags/tutorial_taskflow_api.py
[2025-09-29T17:10:42.303+0000] {logging_mixin.py:188} INFO - [2025-09-29T17:10:42.302+0000] {dag.py:3089} INFO - Sync 1 DAGs
[2025-09-29T17:10:42.352+0000] {logging_mixin.py:188} INFO - [2025-09-29T17:10:42.352+0000] {dag.py:3947} INFO - Setting next_dagrun for tutorial_taskflow_api to None, run_after=None
[2025-09-29T17:10:42.438+0000] {processor.py:183} INFO - Processing /home/airflow/.local/lib/python3.12/site-packages/airflow/example_dags/tutorial_taskflow_api.py took 0.289 seconds
[2025-09-29T17:11:12.836+0000] {processor.py:161} INFO - Started process (PID=8214) to work on /home/airflow/.local/lib/python3.12/site-packages/airflow/example_dags/tutorial_taskflow_api.py
[2025-09-29T17:11:12.839+0000] {processor.py:830} INFO - Processing file /home/airflow/.local/lib/python3.12/site-packages/airflow/example_dags/tutorial_taskflow_api.py for tasks to queue
[2025-09-29T17:11:12.845+0000] {logging_mixin.py:188} INFO - [2025-09-29T17:11:12.844+0000] {dagbag.py:545} INFO - Filling up the DagBag from /home/airflow/.local/lib/python3.12/site-packages/airflow/example_dags/tutorial_taskflow_api.py
[2025-09-29T17:11:12.864+0000] {processor.py:840} INFO - DAG(s) 'tutorial_taskflow_api' retrieved from /home/airflow/.local/lib/python3.12/site-packages/airflow/example_dags/tutorial_taskflow_api.py
[2025-09-29T17:11:12.927+0000] {logging_mixin.py:188} INFO - [2025-09-29T17:11:12.926+0000] {dag.py:3089} INFO - Sync 1 DAGs
[2025-09-29T17:11:12.958+0000] {logging_mixin.py:188} INFO - [2025-09-29T17:11:12.958+0000] {dag.py:3947} INFO - Setting next_dagrun for tutorial_taskflow_api to None, run_after=None
[2025-09-29T17:11:13.015+0000] {processor.py:183} INFO - Processing /home/airflow/.local/lib/python3.12/site-packages/airflow/example_dags/tutorial_taskflow_api.py took 0.196 seconds
[2025-09-29T17:11:43.264+0000] {processor.py:161} INFO - Started process (PID=8476) to work on /home/airflow/.local/lib/python3.12/site-packages/airflow/example_dags/tutorial_taskflow_api.py
[2025-09-29T17:11:43.267+0000] {processor.py:830} INFO - Processing file /home/airflow/.local/lib/python3.12/site-packages/airflow/example_dags/tutorial_taskflow_api.py for tasks to queue
[2025-09-29T17:11:43.273+0000] {logging_mixin.py:188} INFO - [2025-09-29T17:11:43.272+0000] {dagbag.py:545} INFO - Filling up the DagBag from /home/airflow/.local/lib/python3.12/site-packages/airflow/example_dags/tutorial_taskflow_api.py
[2025-09-29T17:11:43.292+0000] {processor.py:840} INFO - DAG(s) 'tutorial_taskflow_api' retrieved from /home/airflow/.local/lib/python3.12/site-packages/airflow/example_dags/tutorial_taskflow_api.py
[2025-09-29T17:11:43.354+0000] {logging_mixin.py:188} INFO - [2025-09-29T17:11:43.353+0000] {dag.py:3089} INFO - Sync 1 DAGs
[2025-09-29T17:11:43.390+0000] {logging_mixin.py:188} INFO - [2025-09-29T17:11:43.390+0000] {dag.py:3947} INFO - Setting next_dagrun for tutorial_taskflow_api to None, run_after=None
[2025-09-29T17:11:43.442+0000] {processor.py:183} INFO - Processing /home/airflow/.local/lib/python3.12/site-packages/airflow/example_dags/tutorial_taskflow_api.py took 0.195 seconds
[2025-09-29T17:12:15.369+0000] {processor.py:161} INFO - Started process (PID=8738) to work on /home/airflow/.local/lib/python3.12/site-packages/airflow/example_dags/tutorial_taskflow_api.py
[2025-09-29T17:12:15.372+0000] {processor.py:830} INFO - Processing file /home/airflow/.local/lib/python3.12/site-packages/airflow/example_dags/tutorial_taskflow_api.py for tasks to queue
[2025-09-29T17:12:15.378+0000] {logging_mixin.py:188} INFO - [2025-09-29T17:12:15.377+0000] {dagbag.py:545} INFO - Filling up the DagBag from /home/airflow/.local/lib/python3.12/site-packages/airflow/example_dags/tutorial_taskflow_api.py
[2025-09-29T17:12:15.402+0000] {processor.py:840} INFO - DAG(s) 'tutorial_taskflow_api' retrieved from /home/airflow/.local/lib/python3.12/site-packages/airflow/example_dags/tutorial_taskflow_api.py
[2025-09-29T17:12:15.511+0000] {logging_mixin.py:188} INFO - [2025-09-29T17:12:15.510+0000] {dag.py:3089} INFO - Sync 1 DAGs
[2025-09-29T17:12:15.591+0000] {logging_mixin.py:188} INFO - [2025-09-29T17:12:15.590+0000] {dag.py:3947} INFO - Setting next_dagrun for tutorial_taskflow_api to None, run_after=None
[2025-09-29T17:12:15.683+0000] {processor.py:183} INFO - Processing /home/airflow/.local/lib/python3.12/site-packages/airflow/example_dags/tutorial_taskflow_api.py took 0.332 seconds
[2025-09-29T17:12:48.643+0000] {processor.py:161} INFO - Started process (PID=8975) to work on /home/airflow/.local/lib/python3.12/site-packages/airflow/example_dags/tutorial_taskflow_api.py
[2025-09-29T17:12:48.646+0000] {processor.py:830} INFO - Processing file /home/airflow/.local/lib/python3.12/site-packages/airflow/example_dags/tutorial_taskflow_api.py for tasks to queue
[2025-09-29T17:12:48.652+0000] {logging_mixin.py:188} INFO - [2025-09-29T17:12:48.651+0000] {dagbag.py:545} INFO - Filling up the DagBag from /home/airflow/.local/lib/python3.12/site-packages/airflow/example_dags/tutorial_taskflow_api.py
[2025-09-29T17:12:48.672+0000] {processor.py:840} INFO - DAG(s) 'tutorial_taskflow_api' retrieved from /home/airflow/.local/lib/python3.12/site-packages/airflow/example_dags/tutorial_taskflow_api.py
[2025-09-29T17:12:48.731+0000] {logging_mixin.py:188} INFO - [2025-09-29T17:12:48.730+0000] {dag.py:3089} INFO - Sync 1 DAGs
[2025-09-29T17:12:48.763+0000] {logging_mixin.py:188} INFO - [2025-09-29T17:12:48.762+0000] {dag.py:3947} INFO - Setting next_dagrun for tutorial_taskflow_api to None, run_after=None
[2025-09-29T17:12:48.818+0000] {processor.py:183} INFO - Processing /home/airflow/.local/lib/python3.12/site-packages/airflow/example_dags/tutorial_taskflow_api.py took 0.192 seconds
[2025-09-29T17:13:19.839+0000] {processor.py:161} INFO - Started process (PID=9239) to work on /home/airflow/.local/lib/python3.12/site-packages/airflow/example_dags/tutorial_taskflow_api.py
[2025-09-29T17:13:19.842+0000] {processor.py:830} INFO - Processing file /home/airflow/.local/lib/python3.12/site-packages/airflow/example_dags/tutorial_taskflow_api.py for tasks to queue
[2025-09-29T17:13:19.848+0000] {logging_mixin.py:188} INFO - [2025-09-29T17:13:19.847+0000] {dagbag.py:545} INFO - Filling up the DagBag from /home/airflow/.local/lib/python3.12/site-packages/airflow/example_dags/tutorial_taskflow_api.py
[2025-09-29T17:13:19.867+0000] {processor.py:840} INFO - DAG(s) 'tutorial_taskflow_api' retrieved from /home/airflow/.local/lib/python3.12/site-packages/airflow/example_dags/tutorial_taskflow_api.py
[2025-09-29T17:13:19.931+0000] {logging_mixin.py:188} INFO - [2025-09-29T17:13:19.930+0000] {dag.py:3089} INFO - Sync 1 DAGs
[2025-09-29T17:13:19.966+0000] {logging_mixin.py:188} INFO - [2025-09-29T17:13:19.966+0000] {dag.py:3947} INFO - Setting next_dagrun for tutorial_taskflow_api to None, run_after=None
[2025-09-29T17:13:20.019+0000] {processor.py:183} INFO - Processing /home/airflow/.local/lib/python3.12/site-packages/airflow/example_dags/tutorial_taskflow_api.py took 0.197 seconds
[2025-09-29T17:13:50.413+0000] {processor.py:161} INFO - Started process (PID=9499) to work on /home/airflow/.local/lib/python3.12/site-packages/airflow/example_dags/tutorial_taskflow_api.py
[2025-09-29T17:13:50.416+0000] {processor.py:830} INFO - Processing file /home/airflow/.local/lib/python3.12/site-packages/airflow/example_dags/tutorial_taskflow_api.py for tasks to queue
[2025-09-29T17:13:50.423+0000] {logging_mixin.py:188} INFO - [2025-09-29T17:13:50.421+0000] {dagbag.py:545} INFO - Filling up the DagBag from /home/airflow/.local/lib/python3.12/site-packages/airflow/example_dags/tutorial_taskflow_api.py
[2025-09-29T17:13:50.447+0000] {processor.py:840} INFO - DAG(s) 'tutorial_taskflow_api' retrieved from /home/airflow/.local/lib/python3.12/site-packages/airflow/example_dags/tutorial_taskflow_api.py
[2025-09-29T17:13:50.526+0000] {logging_mixin.py:188} INFO - [2025-09-29T17:13:50.526+0000] {dag.py:3089} INFO - Sync 1 DAGs
[2025-09-29T17:13:50.565+0000] {logging_mixin.py:188} INFO - [2025-09-29T17:13:50.564+0000] {dag.py:3947} INFO - Setting next_dagrun for tutorial_taskflow_api to None, run_after=None
[2025-09-29T17:13:50.634+0000] {processor.py:183} INFO - Processing /home/airflow/.local/lib/python3.12/site-packages/airflow/example_dags/tutorial_taskflow_api.py took 0.240 seconds
[2025-09-29T17:14:22.353+0000] {processor.py:161} INFO - Started process (PID=9756) to work on /home/airflow/.local/lib/python3.12/site-packages/airflow/example_dags/tutorial_taskflow_api.py
[2025-09-29T17:14:22.356+0000] {processor.py:830} INFO - Processing file /home/airflow/.local/lib/python3.12/site-packages/airflow/example_dags/tutorial_taskflow_api.py for tasks to queue
[2025-09-29T17:14:22.362+0000] {logging_mixin.py:188} INFO - [2025-09-29T17:14:22.361+0000] {dagbag.py:545} INFO - Filling up the DagBag from /home/airflow/.local/lib/python3.12/site-packages/airflow/example_dags/tutorial_taskflow_api.py
[2025-09-29T17:14:22.384+0000] {processor.py:840} INFO - DAG(s) 'tutorial_taskflow_api' retrieved from /home/airflow/.local/lib/python3.12/site-packages/airflow/example_dags/tutorial_taskflow_api.py
[2025-09-29T17:14:22.457+0000] {logging_mixin.py:188} INFO - [2025-09-29T17:14:22.457+0000] {dag.py:3089} INFO - Sync 1 DAGs
[2025-09-29T17:14:22.499+0000] {logging_mixin.py:188} INFO - [2025-09-29T17:14:22.498+0000] {dag.py:3947} INFO - Setting next_dagrun for tutorial_taskflow_api to None, run_after=None
[2025-09-29T17:14:22.568+0000] {processor.py:183} INFO - Processing /home/airflow/.local/lib/python3.12/site-packages/airflow/example_dags/tutorial_taskflow_api.py took 0.235 seconds
[2025-09-29T17:14:52.792+0000] {processor.py:161} INFO - Started process (PID=10018) to work on /home/airflow/.local/lib/python3.12/site-packages/airflow/example_dags/tutorial_taskflow_api.py
[2025-09-29T17:14:52.795+0000] {processor.py:830} INFO - Processing file /home/airflow/.local/lib/python3.12/site-packages/airflow/example_dags/tutorial_taskflow_api.py for tasks to queue
[2025-09-29T17:14:52.802+0000] {logging_mixin.py:188} INFO - [2025-09-29T17:14:52.801+0000] {dagbag.py:545} INFO - Filling up the DagBag from /home/airflow/.local/lib/python3.12/site-packages/airflow/example_dags/tutorial_taskflow_api.py
[2025-09-29T17:14:52.824+0000] {processor.py:840} INFO - DAG(s) 'tutorial_taskflow_api' retrieved from /home/airflow/.local/lib/python3.12/site-packages/airflow/example_dags/tutorial_taskflow_api.py
[2025-09-29T17:14:52.891+0000] {logging_mixin.py:188} INFO - [2025-09-29T17:14:52.890+0000] {dag.py:3089} INFO - Sync 1 DAGs
[2025-09-29T17:14:52.930+0000] {logging_mixin.py:188} INFO - [2025-09-29T17:14:52.929+0000] {dag.py:3947} INFO - Setting next_dagrun for tutorial_taskflow_api to None, run_after=None
[2025-09-29T17:14:53.001+0000] {processor.py:183} INFO - Processing /home/airflow/.local/lib/python3.12/site-packages/airflow/example_dags/tutorial_taskflow_api.py took 0.226 seconds
[2025-09-29T17:15:26.596+0000] {processor.py:161} INFO - Started process (PID=10265) to work on /home/airflow/.local/lib/python3.12/site-packages/airflow/example_dags/tutorial_taskflow_api.py
[2025-09-29T17:15:26.601+0000] {processor.py:830} INFO - Processing file /home/airflow/.local/lib/python3.12/site-packages/airflow/example_dags/tutorial_taskflow_api.py for tasks to queue
[2025-09-29T17:15:26.608+0000] {logging_mixin.py:188} INFO - [2025-09-29T17:15:26.606+0000] {dagbag.py:545} INFO - Filling up the DagBag from /home/airflow/.local/lib/python3.12/site-packages/airflow/example_dags/tutorial_taskflow_api.py
[2025-09-29T17:15:26.633+0000] {processor.py:840} INFO - DAG(s) 'tutorial_taskflow_api' retrieved from /home/airflow/.local/lib/python3.12/site-packages/airflow/example_dags/tutorial_taskflow_api.py
[2025-09-29T17:15:26.700+0000] {logging_mixin.py:188} INFO - [2025-09-29T17:15:26.699+0000] {dag.py:3089} INFO - Sync 1 DAGs
[2025-09-29T17:15:26.735+0000] {logging_mixin.py:188} INFO - [2025-09-29T17:15:26.735+0000] {dag.py:3947} INFO - Setting next_dagrun for tutorial_taskflow_api to None, run_after=None
[2025-09-29T17:15:26.787+0000] {processor.py:183} INFO - Processing /home/airflow/.local/lib/python3.12/site-packages/airflow/example_dags/tutorial_taskflow_api.py took 0.211 seconds
[2025-09-29T17:15:57.584+0000] {processor.py:161} INFO - Started process (PID=10532) to work on /home/airflow/.local/lib/python3.12/site-packages/airflow/example_dags/tutorial_taskflow_api.py
[2025-09-29T17:15:57.587+0000] {processor.py:830} INFO - Processing file /home/airflow/.local/lib/python3.12/site-packages/airflow/example_dags/tutorial_taskflow_api.py for tasks to queue
[2025-09-29T17:15:57.593+0000] {logging_mixin.py:188} INFO - [2025-09-29T17:15:57.592+0000] {dagbag.py:545} INFO - Filling up the DagBag from /home/airflow/.local/lib/python3.12/site-packages/airflow/example_dags/tutorial_taskflow_api.py
[2025-09-29T17:15:57.613+0000] {processor.py:840} INFO - DAG(s) 'tutorial_taskflow_api' retrieved from /home/airflow/.local/lib/python3.12/site-packages/airflow/example_dags/tutorial_taskflow_api.py
[2025-09-29T17:15:57.673+0000] {logging_mixin.py:188} INFO - [2025-09-29T17:15:57.672+0000] {dag.py:3089} INFO - Sync 1 DAGs
[2025-09-29T17:15:57.706+0000] {logging_mixin.py:188} INFO - [2025-09-29T17:15:57.706+0000] {dag.py:3947} INFO - Setting next_dagrun for tutorial_taskflow_api to None, run_after=None
[2025-09-29T17:15:57.757+0000] {processor.py:183} INFO - Processing /home/airflow/.local/lib/python3.12/site-packages/airflow/example_dags/tutorial_taskflow_api.py took 0.190 seconds
[2025-09-29T17:16:30.435+0000] {processor.py:161} INFO - Started process (PID=10784) to work on /home/airflow/.local/lib/python3.12/site-packages/airflow/example_dags/tutorial_taskflow_api.py
[2025-09-29T17:16:30.438+0000] {processor.py:830} INFO - Processing file /home/airflow/.local/lib/python3.12/site-packages/airflow/example_dags/tutorial_taskflow_api.py for tasks to queue
[2025-09-29T17:16:30.444+0000] {logging_mixin.py:188} INFO - [2025-09-29T17:16:30.443+0000] {dagbag.py:545} INFO - Filling up the DagBag from /home/airflow/.local/lib/python3.12/site-packages/airflow/example_dags/tutorial_taskflow_api.py
[2025-09-29T17:16:30.464+0000] {processor.py:840} INFO - DAG(s) 'tutorial_taskflow_api' retrieved from /home/airflow/.local/lib/python3.12/site-packages/airflow/example_dags/tutorial_taskflow_api.py
[2025-09-29T17:16:30.527+0000] {logging_mixin.py:188} INFO - [2025-09-29T17:16:30.526+0000] {dag.py:3089} INFO - Sync 1 DAGs
[2025-09-29T17:16:30.968+0000] {logging_mixin.py:188} INFO - [2025-09-29T17:16:30.968+0000] {dag.py:3947} INFO - Setting next_dagrun for tutorial_taskflow_api to None, run_after=None
[2025-09-29T17:16:31.013+0000] {processor.py:183} INFO - Processing /home/airflow/.local/lib/python3.12/site-packages/airflow/example_dags/tutorial_taskflow_api.py took 0.597 seconds
